# JOJO v0.4.2, +Y forward +Z up
mtllib palette.mtl
o 04_jonathan_hair
v 0.0 0.0 1.807629
v 0.002487 0.043992 1.809045
v 0.0 0.044058 1.809045
v 0.004969 0.043806 1.809046
v 0.007443 0.043511 1.809046
v 0.009907 0.043114 1.809048
v 0.012362 0.042621 1.80905
v 0.014807 0.042031 1.809053
v 0.017241 0.041344 1.809056
v 0.019663 0.040557 1.80906
v 0.022075 0.039673 1.809065
v 0.024479 0.038696 1.80907
v 0.026883 0.037634 1.809076
v 0.029297 0.036491 1.809084
v 0.031732 0.03527 1.809092
v 0.034196 0.033966 1.809102
v 0.036689 0.032567 1.809112
v 0.039205 0.031055 1.809123
v 0.041733 0.029412 1.809134
v 0.04426 0.027624 1.809146
v 0.046777 0.025679 1.809157
v 0.049285 0.023575 1.809167
v 0.051791 0.021308 1.809177
v 0.054306 0.018875 1.809187
v 0.056834 0.016264 1.809195
v 0.059356 0.013457 1.809202
v 0.061826 0.010434 1.809207
v 0.064164 0.007181 1.809209
v 0.066268 0.003697 1.809209
v 0.068029 0.0 1.809207
v 0.069363 -0.003869 1.809204
v 0.070227 -0.00786 1.8092
v 0.070639 -0.011922 1.809195
v 0.07068 -0.016024 1.809191
v 0.070475 -0.020167 1.809186
v 0.070159 -0.024385 1.80918
v 0.069847 -0.028738 1.809171
v 0.069597 -0.033291 1.809158
v 0.069389 -0.038092 1.809138
v 0.06913 -0.043146 1.809112
v 0.068676 -0.048401 1.809078
v 0.067864 -0.053757 1.80904
v 0.066556 -0.059079 1.808998
v 0.064665 -0.064231 1.808957
v 0.062173 -0.069105 1.80892
v 0.059126 -0.073644 1.808887
v 0.055606 -0.077844 1.808859
v 0.051709 -0.081742 1.808834
v 0.047509 -0.085385 1.808809
v 0.043049 -0.088793 1.808784
v 0.038337 -0.091933 1.808759
v 0.033365 -0.094712 1.808737
v 0.028131 -0.09699 1.808721
v 0.022661 -0.09862 1.808715
v 0.017018 -0.09949 1.808722
v 0.011294 -0.099568 1.808741
v 0.005593 -0.09893 1.80877
v 0.0 -0.097746 1.808804
v -0.005442 -0.096257 1.808837
v -0.010743 -0.09471 1.808862
v -0.01596 -0.093303 1.808878
v -0.02117 -0.092131 1.808881
v -0.026441 -0.091162 1.808872
v -0.031793 -0.090249 1.808855
v -0.037182 -0.089164 1.808834
v -0.0425 -0.087661 1.808815
v -0.047591 -0.085532 1.808805
v -0.052291 -0.082662 1.808807
v -0.056461 -0.07904 1.808825
v -0.060024 -0.074762 1.808855
v -0.062973 -0.069994 1.808895
v -0.065365 -0.064926 1.808938
v -0.067294 -0.059734 1.80898
v -0.068861 -0.054547 1.809019
v -0.070139 -0.049432 1.809052
v -0.071155 -0.044409 1.809081
v -0.071894 -0.039468 1.809106
v -0.072311 -0.034589 1.809128
v -0.072361 -0.029772 1.809148
v -0.072021 -0.025032 1.809166
v -0.071314 -0.020407 1.809181
v -0.070303 -0.015938 1.809193
v -0.069083 -0.011659 1.809202
v -0.067755 -0.007583 1.809207
v -0.0664 -0.003704 1.809209
v -0.065058 -0.0 1.80921
v -0.063721 0.003554 1.809209
v -0.062339 0.006977 1.809207
v -0.06084 0.010268 1.809205
v -0.059151 0.01341 1.809201
v -0.057224 0.016375 1.809197
v -0.055044 0.019131 1.809191
v -0.052637 0.021657 1.809183
v -0.050059 0.023946 1.809174
v -0.04738 0.02601 1.809163
v -0.044669 0.027879 1.80915
v -0.041979 0.029586 1.809138
v -0.039344 0.031165 1.809125
v -0.036773 0.032642 1.809114
v -0.034261 0.034031 1.809103
v -0.031792 0.035336 1.809093
v -0.02935 0.036557 1.809085
v -0.026922 0.037688 1.809077
v -0.024499 0.038728 1.809071
v -0.022077 0.039677 1.809065
v -0.019653 0.040536 1.80906
v -0.017226 0.041308 1.809055
v -0.014794 0.041994 1.809052
v -0.012353 0.042591 1.809049
v -0.009903 0.043097 1.809048
v -0.007441 0.043503 1.809046
v -0.004969 0.043804 1.809046
v -0.002487 0.043992 1.809045
v 0.004972 0.087946 1.809008
v 0.0 0.088077 1.809008
v 0.009934 0.087574 1.809008
v 0.014879 0.086983 1.809006
v 0.019805 0.08619 1.809003
v 0.024713 0.085204 1.808998
v 0.0296 0.084024 1.808992
v 0.034466 0.082649 1.808984
v 0.039308 0.081076 1.808974
v 0.044129 0.079309 1.808962
v 0.048934 0.077356 1.808947
v 0.05374 0.075231 1.808929
v 0.058565 0.072946 1.808907
v 0.063432 0.070504 1.808879
v 0.068355 0.067897 1.808846
v 0.073337 0.065098 1.808805
v 0.078366 0.062075 1.808758
v 0.083417 0.05879 1.808703
v 0.088465 0.055213 1.808641
v 0.093494 0.051326 1.80857
v 0.098503 0.047118 1.80849
v 0.103508 0.042587 1.808398
v 0.108531 0.037722 1.808292
v 0.113578 0.032502 1.808169
v 0.118613 0.026891 1.808027
v 0.123542 0.02085 1.807868
v 0.128208 0.014349 1.807696
v 0.132404 0.007386 1.80752
v 0.135917 0.0 1.807348
v 0.138575 -0.00773 1.807193
v 0.140295 -0.015701 1.807058
v 0.141115 -0.023815 1.806945
v 0.141193 -0.03201 1.806845
v 0.140778 -0.040285 1.806744
v 0.140143 -0.048709 1.806622
v 0.139515 -0.057401 1.80646
v 0.139006 -0.066493 1.806245
v 0.13858 -0.076077 1.805966
v 0.138052 -0.086162 1.805627
v 0.137132 -0.096647 1.805239
v 0.135498 -0.107331 1.804827
v 0.132873 -0.117945 1.804417
v 0.129086 -0.128219 1.804036
v 0.124102 -0.137939 1.803702
v 0.118012 -0.146989 1.803419
v 0.110981 -0.155364 1.803179
v 0.103198 -0.163136 1.802967
v 0.094812 -0.170399 1.802765
v 0.085907 -0.177191 1.802565
v 0.076501 -0.183449 1.80237
v 0.066576 -0.188987 1.802198
v 0.056132 -0.193529 1.802074
v 0.045217 -0.196779 1.802027
v 0.033957 -0.198516 1.802078
v 0.022537 -0.19868 1.802228
v 0.011162 -0.197415 1.802457
v 0.0 -0.195066 1.802728
v -0.010861 -0.192105 1.802993
v -0.021442 -0.189027 1.803206
v -0.031855 -0.186224 1.803334
v -0.042254 -0.183885 1.803361
v -0.052773 -0.181949 1.80329
v -0.063453 -0.180121 1.803147
v -0.074207 -0.177948 1.802973
v -0.084817 -0.174942 1.802818
v -0.094975 -0.170691 1.802732
v -0.104354 -0.164963 1.802752
v -0.112679 -0.157741 1.802893
v -0.119797 -0.149212 1.803145
v -0.125692 -0.139706 1.80348
v -0.130477 -0.129602 1.803859
v -0.134342 -0.119249 1.804246
v -0.137482 -0.108902 1.804616
v -0.140043 -0.098699 1.804956
v -0.142083 -0.088678 1.805266
v -0.143569 -0.078815 1.805553
v -0.144412 -0.069078 1.805828
v -0.144521 -0.059461 1.806099
v -0.143854 -0.049999 1.806369
v -0.142451 -0.040764 1.806636
v -0.140441 -0.03184 1.806891
v -0.138013 -0.023292 1.807126
v -0.135368 -0.01515 1.807332
v -0.132667 -0.0074 1.807506
v -0.129992 -0.0 1.807649
v -0.127325 0.007102 1.807767
v -0.124568 0.013941 1.807866
v -0.121575 0.020518 1.807956
v -0.118204 0.026798 1.808045
v -0.114356 0.032724 1.808137
v -0.110004 0.038234 1.808233
v -0.105198 0.043282 1.808333
v -0.100049 0.047858 1.808433
v -0.094698 0.051986 1.808527
v -0.089281 0.055723 1.808612
v -0.083908 0.059137 1.808686
v -0.078643 0.062295 1.808749
v -0.073506 0.065248 1.8088
v -0.068485 0.068025 1.808842
v -0.063551 0.070636 1.808875
v -0.058671 0.073077 1.808903
v -0.053818 0.07534 1.808926
v -0.048975 0.07742 1.808946
v -0.044133 0.079316 1.808962
v -0.039288 0.081034 1.808975
v -0.034436 0.082578 1.808985
v -0.029574 0.08395 1.808993
v -0.024696 0.085145 1.808999
v -0.019797 0.086155 1.809003
v -0.014876 0.086967 1.809006
v -0.009933 0.087569 1.809008
v -0.004972 0.087946 1.809008
v 0.007453 0.131821 1.807504
v 0.0 0.132018 1.807505
v 0.01489 0.131263 1.807501
v 0.022302 0.130378 1.807493
v 0.029686 0.129189 1.807479
v 0.037041 0.12771 1.807459
v 0.044367 0.125941 1.807432
v 0.051659 0.123879 1.807397
v 0.058917 0.121521 1.807355
v 0.066141 0.11887 1.807305
v 0.073343 0.115941 1.807244
v 0.080544 0.112755 1.807171
v 0.087775 0.109328 1.807081
v 0.095067 0.105667 1.806973
v 0.102443 0.101756 1.806842
v 0.109906 0.097559 1.806689
v 0.117437 0.093025 1.806512
v 0.125002 0.088099 1.806312
v 0.132562 0.082735 1.80609
v 0.140091 0.076906 1.805844
v 0.147589 0.070598 1.80557
v 0.155079 0.063805 1.805262
v 0.162595 0.056512 1.804912
v 0.170143 0.048688 1.804514
v 0.177672 0.04028 1.804064
v 0.18504 0.031229 1.803568
v 0.19201 0.021489 1.80304
v 0.198277 0.01106 1.802505
v 0.203521 0.0 1.801993
v 0.207486 -0.011574 1.801532
v 0.210048 -0.023508 1.801138
v 0.211264 -0.035654 1.800809
v 0.211372 -0.04792 1.800519
v 0.210741 -0.060306 1.800225
v 0.209779 -0.072912 1.799873
v 0.208823 -0.085917 1.799412
v 0.208042 -0.099515 1.798798
v 0.20738 -0.113846 1.798012
v 0.206559 -0.128919 1.797063
v 0.20515 -0.144585 1.795989
v 0.202671 -0.16054 1.794854
v 0.198712 -0.176388 1.793735
v 0.19302 -0.191725 1.792701
v 0.185545 -0.206231 1.791799
v 0.176419 -0.219738 1.791039
v 0.165894 -0.232236 1.790396
v 0.154247 -0.243836 1.789828
v 0.141703 -0.254671 1.78929
v 0.128384 -0.264803 1.788758
v 0.114318 -0.274135 1.788239
v 0.099481 -0.282394 1.78778
v 0.08387 -0.289167 1.787452
v 0.067561 -0.294018 1.787328
v 0.050738 -0.296619 1.787463
v 0.033676 -0.29688 1.78786
v 0.01668 -0.295015 1.788469
v 0.0 -0.291534 1.78919
v -0.016234 -0.287137 1.789897
v -0.032052 -0.28256 1.790468
v -0.047619 -0.278383 1.790811
v -0.063166 -0.27489 1.790883
v -0.078888 -0.271988 1.790694
v -0.094848 -0.26924 1.79031
v -0.110915 -0.265975 1.789844
v -0.126766 -0.261466 1.789429
v -0.141944 -0.255105 1.789201
v -0.155962 -0.246546 1.789254
v -0.168414 -0.235765 1.789631
v -0.179069 -0.223039 1.790305
v -0.187905 -0.208855 1.791202
v -0.195088 -0.193778 1.792223
v -0.200895 -0.178326 1.793272
v -0.205622 -0.162877 1.794279
v -0.209481 -0.147637 1.79521
v -0.212559 -0.132663 1.796063
v -0.214807 -0.117923 1.796858
v -0.216094 -0.103367 1.797624
v -0.216282 -0.088986 1.798386
v -0.215309 -0.074834 1.799152
v -0.213234 -0.06102 1.799915
v -0.21025 -0.047666 1.800652
v -0.206637 -0.034873 1.801336
v -0.202697 -0.022685 1.801945
v -0.198671 -0.011082 1.802465
v -0.194678 -0.0 1.802897
v -0.190695 0.010637 1.803255
v -0.186576 0.020881 1.803562
v -0.182102 0.030733 1.803842
v -0.177061 0.040142 1.804119
v -0.171305 0.049021 1.80441
v -0.164795 0.057277 1.804721
v -0.157605 0.064844 1.805047
v -0.1499 0.071703 1.805376
v -0.14189 0.077894 1.805695
v -0.133782 0.083497 1.80599
v -0.125737 0.088617 1.806252
v -0.117852 0.093353 1.806478
v -0.110158 0.097782 1.806668
v -0.102637 0.101948 1.806826
v -0.095245 0.105864 1.806957
v -0.087933 0.109525 1.807067
v -0.080661 0.112918 1.80716
v -0.073404 0.116037 1.807238
v -0.066147 0.118882 1.807304
v -0.058886 0.121458 1.807359
v -0.051615 0.123773 1.807403
v -0.044327 0.12583 1.807438
v -0.037016 0.127622 1.807464
v -0.029674 0.129136 1.807482
v -0.022298 0.130354 1.807494
v -0.014889 0.131257 1.807501
v -0.007453 0.131821 1.807504
v 0.009927 0.17558 1.804515
v 0.0 0.175841 1.804517
v 0.019832 0.174836 1.804508
v 0.029705 0.173657 1.804491
v 0.03954 0.172073 1.80446
v 0.049336 0.170101 1.804415
v 0.059093 0.167744 1.804355
v 0.068805 0.164996 1.804279
v 0.078471 0.161853 1.804186
v 0.088092 0.15832 1.804075
v 0.097682 0.154417 1.803942
v 0.107271 0.150169 1.803781
v 0.116898 0.145602 1.803586
v 0.126606 0.140721 1.80335
v 0.136423 0.135507 1.803068
v 0.146355 0.129913 1.802738
v 0.156376 0.123869 1.80236
v 0.16644 0.117303 1.801934
v 0.176495 0.110155 1.801463
v 0.186507 0.102387 1.800945
v 0.196475 0.093982 1.800371
v 0.206431 0.084932 1.799729
v 0.216415 0.075219 1.799005
v 0.22644 0.064798 1.798184
v 0.236434 0.053602 1.797261
v 0.24621 0.041552 1.796249
v 0.255452 0.028589 1.795178
v 0.263756 0.014713 1.794098
v 0.270701 0.0 1.793068
v 0.275945 -0.015393 1.792143
v 0.279328 -0.031261 1.791355
v 0.280924 -0.047411 1.790696
v 0.28105 -0.063717 1.790118
v 0.280192 -0.08018 1.789533
v 0.278891 -0.096933 1.788834
v 0.277593 -0.114211 1.787918
v 0.276518 -0.132271 1.786703
v 0.275592 -0.151292 1.785151
v 0.274446 -0.171289 1.783282
v 0.272512 -0.19206 1.781172
v 0.269156 -0.213205 1.77895
v 0.263838 -0.234198 1.776763
v 0.256227 -0.254507 1.774747
v 0.246258 -0.273714 1.772991
v 0.234111 -0.291596 1.771513
v 0.220116 -0.308142 1.770265
v 0.20464 -0.323496 1.769163
v 0.187977 -0.337836 1.76812
v 0.170291 -0.351239 1.767088
v 0.151618 -0.363581 1.766084
v 0.131929 -0.3745 1.765196
v 0.111219 -0.383458 1.76456
v 0.089589 -0.389881 1.764322
v 0.067283 -0.393341 1.764581
v 0.044661 -0.393717 1.76535
v 0.022123 -0.391291 1.766529
v 0.0 -0.386728 1.767925
v -0.021538 -0.38095 1.769296
v -0.042529 -0.374919 1.770404
v -0.063188 -0.369402 1.771071
v -0.083819 -0.364772 1.77121
v -0.104678 -0.360908 1.770843
v -0.125846 -0.357234 1.770099
v -0.147151 -0.35287 1.769193
v -0.168167 -0.346859 1.76839
v -0.188294 -0.338406 1.767946
v -0.206891 -0.327055 1.768051
v -0.223426 -0.312776 1.76878
v -0.237593 -0.295933 1.770088
v -0.249362 -0.277163 1.771831
v -0.258946 -0.257208 1.773816
v -0.266712 -0.236748 1.775859
v -0.273042 -0.216282 1.777825
v -0.278221 -0.196083 1.779645
v -0.282358 -0.176227 1.781316
v -0.285392 -0.156672 1.782878
v -0.287148 -0.137355 1.784386
v -0.287445 -0.118265 1.785889
v -0.286199 -0.099473 1.787404
v -0.283489 -0.081124 1.788917
v -0.279566 -0.063381 1.790383
v -0.274804 -0.046378 1.79175
v -0.269602 -0.030173 1.79297
v -0.264278 -0.014742 1.794017
v -0.258992 -0.0 1.79489
v -0.253716 0.014153 1.795615
v -0.248252 0.027784 1.796237
v -0.242317 0.040895 1.796808
v -0.235624 0.053419 1.797375
v -0.227981 0.065239 1.797972
v -0.219333 0.076233 1.79861
v -0.209781 0.086311 1.799283
v -0.199542 0.095449 1.799967
v -0.188896 0.103698 1.800632
v -0.178115 0.111166 1.801252
v -0.167416 0.117991 1.801807
v -0.156927 0.124305 1.802287
v -0.146689 0.13021 1.802693
v -0.13668 0.135763 1.803033
v -0.126842 0.140983 1.803317
v -0.117108 0.145863 1.803555
v -0.107426 0.150386 1.803757
v -0.097762 0.154544 1.803929
v -0.0881 0.158335 1.804074
v -0.07843 0.161769 1.804194
v -0.068747 0.164855 1.804292
v -0.059041 0.167596 1.804369
v -0.049302 0.169984 1.804426
v -0.039524 0.172002 1.804467
v -0.029699 0.173626 1.804493
v -0.019832 0.174828 1.804509
v -0.009927 0.175579 1.804515
v 0.012392 0.219183 1.800022
v 0.0 0.219509 1.800025
v 0.024758 0.218254 1.800009
v 0.037081 0.216781 1.799979
v 0.049359 0.214803 1.799926
v 0.061587 0.21234 1.799847
v 0.073766 0.209396 1.799741
v 0.085889 0.205962 1.799607
v 0.097952 0.202035 1.799445
v 0.109959 0.197621 1.799251
v 0.121928 0.192744 1.799018
v 0.133893 0.187437 1.798738
v 0.145904 0.18173 1.798398
v 0.158014 0.175631 1.797987
v 0.170259 0.169116 1.797498
v 0.182644 0.162125 1.796925
v 0.195138 0.154573 1.79627
v 0.207682 0.146369 1.795537
v 0.220211 0.137439 1.794726
v 0.232684 0.127737 1.793836
v 0.245097 0.11724 1.792853
v 0.25749 0.10594 1.791757
v 0.269913 0.093813 1.790521
v 0.28238 0.080806 1.789125
v 0.294801 0.066835 1.78756
v 0.306943 0.051802 1.785847
v 0.318414 0.035636 1.784039
v 0.328712 0.018336 1.782218
v 0.337316 0.0 1.780485
v 0.343804 -0.019178 1.778931
v 0.347979 -0.038945 1.777608
v 0.349934 -0.059057 1.776504
v 0.350062 -0.079363 1.775535
v 0.348964 -0.09986 1.774555
v 0.34731 -0.120713 1.773387
v 0.345648 -0.142211 1.771855
v 0.344251 -0.16467 1.769825
v 0.343023 -0.188309 1.767236
v 0.341508 -0.213144 1.764121
v 0.339003 -0.238921 1.760611
v 0.334727 -0.265145 1.756916
v 0.328016 -0.291166 1.753285
v 0.318467 -0.31633 1.749942
v 0.306006 -0.340122 1.747031
v 0.290854 -0.362271 1.744582
v 0.273422 -0.382765 1.742516
v 0.25416 -0.401779 1.740692
v 0.233433 -0.419531 1.738965
v 0.211442 -0.436116 1.737258
v 0.188232 -0.451381 1.735598
v 0.163769 -0.464883 1.734129
v 0.138049 -0.475963 1.733078
v 0.111198 -0.483921 1.732684
v 0.083514 -0.488232 1.733113
v 0.055441 -0.488748 1.734384
v 0.027467 -0.485811 1.736333
v 0.0 -0.480234 1.738643
v -0.026751 -0.473144 1.740912
v -0.052829 -0.465722 1.742746
v -0.078499 -0.45891 1.74385
v -0.104131 -0.453166 1.74408
v -0.130038 -0.448344 1.743472
v -0.156319 -0.443736 1.74224
v -0.182761 -0.438263 1.74074
v -0.208841 -0.430752 1.739412
v -0.233822 -0.420229 1.738678
v -0.256919 -0.406139 1.73885
v -0.277479 -0.388445 1.740057
v -0.295125 -0.367591 1.742223
v -0.309814 -0.344355 1.745109
v -0.321807 -0.319647 1.748398
v -0.331548 -0.294301 1.751786
v -0.339508 -0.268931 1.755048
v -0.346032 -0.243875 1.758072
v -0.351259 -0.219229 1.76085
v -0.355109 -0.194945 1.763448
v -0.357368 -0.170944 1.765961
v -0.357813 -0.147216 1.768467
v -0.356338 -0.123851 1.770996
v -0.353039 -0.101026 1.773524
v -0.348227 -0.078947 1.77598
v -0.342363 -0.057779 1.778272
v -0.335941 -0.037597 1.780321
v -0.329358 -0.018372 1.782081
v -0.322813 -0.0 1.783552
v -0.31627 0.017642 1.784776
v -0.309489 0.034637 1.785827
v -0.302115 0.050987 1.786792
v -0.293797 0.066607 1.787753
v -0.284292 0.081354 1.788765
v -0.273536 0.095072 1.78985
v -0.26165 0.107652 1.790995
v -0.248906 0.119062 1.792162
v -0.235651 0.129366 1.7933
v -0.222225 0.138696 1.794363
v -0.208895 0.147224 1.795317
v -0.195822 0.155115 1.796145
v -0.18306 0.162494 1.796847
v -0.170579 0.169434 1.797436
v -0.158308 0.175958 1.797929
v -0.146165 0.182055 1.798343
v -0.134086 0.187708 1.798695
v -0.122028 0.192902 1.798995
v -0.10997 0.19764 1.799248
v -0.097902 0.201931 1.79946
v -0.085816 0.205787 1.799631
v -0.073701 0.209211 1.799765
v -0.061545 0.212194 1.799866
v -0.049338 0.214714 1.799937
v -0.037075 0.216742 1.799984
v -0.024756 0.218244 1.800011
v -0.012392 0.219182 1.800022
v 0.014846 0.262592 1.794003
v 0.0 0.262983 1.794007
v 0.029661 0.261479 1.793983
v 0.044425 0.259712 1.793936
v 0.059133 0.257341 1.793853
v 0.073783 0.254388 1.793731
v 0.088372 0.250857 1.793567
v 0.102894 0.24674 1.79336
v 0.117343 0.24203 1.793108
v 0.131724 0.236737 1.792808
v 0.146057 0.230888 1.792448
v 0.160384 0.224523 1.792014
v 0.174765 0.217678 1.791489
v 0.189261 0.210362 1.790855
v 0.203915 0.202547 1.7901
v 0.218733 0.19416 1.789218
v 0.233678 0.185101 1.78821
v 0.248678 0.175262 1.787083
v 0.263656 0.164554 1.785839
v 0.278561 0.152922 1.784474
v 0.293388 0.14034 1.78297
v 0.308184 0.126797 1.781294
v 0.323009 0.112267 1.779407
v 0.337875 0.096687 1.777278
v 0.352676 0.079956 1.774895
v 0.367132 0.06196 1.772289
v 0.380778 0.042615 1.769541
v 0.393016 0.021923 1.766777
v 0.403227 0.0 1.76415
v 0.410916 -0.022922 1.761795
v 0.415847 -0.04654 1.759791
v 0.418135 -0.070567 1.75812
v 0.418244 -0.094821 1.756653
v 0.41689 -0.119298 1.755172
v 0.414863 -0.144193 1.753405
v 0.412813 -0.169845 1.75109
v 0.411058 -0.196626 1.748023
v 0.409482 -0.224794 1.744115
v 0.407544 -0.254358 1.739415
v 0.40441 -0.285019 1.734123
v 0.399161 -0.316184 1.728556
v 0.391016 -0.347088 1.723088
v 0.379506 -0.376959 1.718057
v 0.364552 -0.405196 1.713678
v 0.346417 -0.431478 1.709995
v 0.325589 -0.455795 1.70689
v 0.302598 -0.47835 1.704148
v 0.277874 -0.499401 1.701555
v 0.251654 -0.519058 1.69899
v 0.223994 -0.537139 1.696498
v 0.194855 -0.553127 1.694293
v 0.164237 -0.566252 1.692715
v 0.132287 -0.575697 1.692123
v 0.099357 -0.58085 1.692767
v 0.065966 -0.581536 1.694674
v 0.032688 -0.578152 1.697602
v 0.0 -0.571643 1.701071
v -0.03185 -0.563328 1.704479
v -0.06291 -0.554591 1.707236
v -0.093488 -0.546539 1.708896
v -0.124018 -0.53971 1.709242
v -0.154863 -0.533935 1.708328
v -0.186139 -0.528384 1.706475
v -0.217593 -0.52179 1.704222
v -0.248611 -0.51278 1.702225
v -0.278329 -0.500218 1.701123
v -0.305827 -0.483455 1.701382
v -0.330341 -0.462447 1.703196
v -0.351422 -0.437712 1.706449
v -0.369019 -0.410161 1.710787
v -0.383428 -0.380855 1.715734
v -0.395168 -0.350773 1.720832
v -0.404786 -0.32064 1.725743
v -0.41269 -0.290854 1.730297
v -0.419041 -0.261534 1.734483
v -0.423746 -0.232624 1.7384
v -0.426551 -0.204038 1.74219
v -0.427192 -0.175761 1.745972
v -0.425542 -0.147904 1.749792
v -0.421713 -0.120678 1.753613
v -0.416072 -0.094328 1.757327
v -0.409165 -0.069053 1.760797
v -0.401577 -0.044943 1.763901
v -0.393782 -0.021966 1.76657
v -0.386018 -0.0 1.768802
v -0.378244 0.021099 1.770661
v -0.370177 0.041429 1.772258
v -0.361395 0.060991 1.773726
v -0.351482 0.079685 1.775188
v -0.340149 0.097338 1.776729
v -0.327319 0.113765 1.778383
v -0.313137 0.128835 1.780131
v -0.297925 0.14251 1.781913
v -0.282096 0.154863 1.783654
v -0.266056 0.166052 1.785282
v -0.250125 0.176282 1.786745
v -0.234494 0.185748 1.788017
v -0.21923 0.194601 1.789098
v -0.204298 0.202926 1.790005
v -0.189612 0.210752 1.790764
v -0.175077 0.218066 1.791404
v -0.160615 0.224846 1.791948
v -0.146176 0.231077 1.792411
v -0.131737 0.23676 1.792804
v -0.117283 0.241906 1.793131
v -0.102806 0.246531 1.793396
v -0.088294 0.250637 1.793604
v -0.073732 0.254213 1.79376
v -0.059109 0.257235 1.79387
v -0.044417 0.259666 1.793943
v -0.029659 0.261467 1.793985
v -0.014846 0.262591 1.794003
v 0.017288 0.305768 1.786433
v 0.0 0.306223 1.786438
v 0.034537 0.304471 1.786404
v 0.051729 0.302413 1.786336
v 0.068855 0.299649 1.786218
v 0.085912 0.296207 1.786043
v 0.102898 0.292091 1.785807
v 0.119804 0.287292 1.78551
v 0.136625 0.281802 1.78515
v 0.153365 0.275631 1.784719
v 0.170047 0.268812 1.784203
v 0.18672 0.261391 1.783581
v 0.203453 0.253409 1.782829
v 0.220315 0.244878 1.781922
v 0.237357 0.235764 1.780842
v 0.254585 0.225984 1.779581
v 0.271954 0.21542 1.778142
v 0.289381 0.203949 1.776533
v 0.306777 0.191467 1.774759
v 0.324079 0.17791 1.772814
v 0.341284 0.163251 1.770672
v 0.358442 0.147475 1.768287
v 0.375622 0.130554 1.765605
v 0.392837 0.112415 1.762579
v 0.409962 0.092943 1.759195
v 0.426671 0.072008 1.755498
v 0.442426 0.049515 1.751602
v 0.456539 0.025467 1.747686
v 0.468298 0.0 1.743965
v 0.477133 -0.026615 1.740632
v 0.482779 -0.054031 1.737796
v 0.485368 -0.081914 1.735432
v 0.485436 -0.110054 1.733358
v 0.483806 -0.138447 1.731263
v 0.481384 -0.167313 1.728766
v 0.478914 -0.197041 1.725493
v 0.476759 -0.228054 1.721161
v 0.474781 -0.260641 1.715642
v 0.472355 -0.294809 1.709008
v 0.468525 -0.330205 1.701541
v 0.462239 -0.366149 1.693693
v 0.452611 -0.401763 1.685988
v 0.439115 -0.436168 1.678903
v 0.421667 -0.468678 1.672739
v 0.400576 -0.498936 1.667557
v 0.3764 -0.526926 1.66319
v 0.349747 -0.552884 1.659335
v 0.321106 -0.577099 1.655689
v 0.290749 -0.599695 1.652085
v 0.258742 -0.620466 1.648583
v 0.225045 -0.638825 1.645486
v 0.18966 -0.653904 1.64327
v 0.152757 -0.664781 1.64244
v 0.114738 -0.670765 1.643344
v 0.076189 -0.671656 1.646023
v 0.037762 -0.667897 1.650134
v 0.0 -0.660556 1.655009
v -0.036813 -0.651119 1.6598
v -0.072729 -0.641158 1.663676
v -0.108095 -0.63193 1.666011
v -0.143398 -0.624052 1.666497
v -0.179052 -0.61733 1.665212
v -0.215181 -0.610824 1.662606
v -0.251498 -0.603096 1.659438
v -0.287305 -0.592591 1.656631
v -0.321621 -0.578024 1.655082
v -0.353404 -0.558664 1.655447
v -0.381784 -0.534463 1.657995
v -0.406252 -0.506004 1.66257
v -0.426737 -0.474314 1.668671
v -0.443572 -0.440595 1.675633
v -0.457336 -0.405957 1.68281
v -0.468649 -0.371227 1.689728
v -0.477973 -0.336863 1.696147
v -0.485489 -0.303006 1.70205
v -0.491094 -0.269596 1.707575
v -0.494496 -0.236538 1.712925
v -0.49539 -0.20382 1.718264
v -0.493629 -0.171569 1.72366
v -0.48934 -0.14003 1.72906
v -0.482942 -0.109489 1.73431
v -0.475061 -0.080174 1.739219
v -0.466372 -0.052195 1.743613
v -0.457421 -0.025516 1.747393
v -0.448487 -0.0 1.750555
v -0.439524 0.024517 1.753189
v -0.430208 0.048147 1.755454
v -0.420055 0.070891 1.757537
v -0.408584 0.092631 1.759611
v -0.395463 0.113166 1.7618
v -0.380601 0.132284 1.764149
v -0.364165 0.14983 1.766633
v -0.346528 0.165759 1.769168
v -0.328168 0.180155 1.771647
v -0.309553 0.1932 1.773966
v -0.291056 0.205129 1.776052
v -0.272899 0.216169 1.777867
v -0.25516 0.226494 1.77941
v -0.2378 0.236204 1.780706
v -0.220721 0.24533 1.781792
v -0.203813 0.253859 1.782708
v -0.186987 0.261765 1.783487
v -0.170185 0.269031 1.78415
v -0.15338 0.275657 1.784713
v -0.136556 0.281658 1.785181
v -0.119703 0.287049 1.785562
v -0.102808 0.291836 1.78586
v -0.085854 0.296005 1.786084
v -0.068827 0.299526 1.786243
v -0.05172 0.302359 1.786347
v -0.034536 0.304457 1.786407
v -0.017287 0.305766 1.786433
v 0.019713 0.348672 1.777286
v 0.0 0.349192 1.777293
v 0.039384 0.347193 1.777247
v 0.058987 0.344844 1.777155
v 0.078515 0.34169 1.776994
v 0.097965 0.337761 1.776755
v 0.117331 0.333061 1.776434
v 0.136605 0.327581 1.776031
v 0.155781 0.321312 1.775541
v 0.174862 0.314266 1.774955
v 0.193875 0.306479 1.774254
v 0.212874 0.298005 1.773409
v 0.231937 0.288888 1.772387
v 0.251144 0.279144 1.771155
v 0.270549 0.268733 1.769689
v 0.290158 0.257561 1.767979
v 0.309921 0.245495 1.766028
v 0.329743 0.232395 1.763846
v 0.349519 0.218144 1.761443
v 0.36918 0.202669 1.758809
v 0.388719 0.185941 1.755909
v 0.408193 0.167944 1.752682
v 0.427676 0.148646 1.749055
v 0.44718 0.127966 1.744965
v 0.466563 0.105775 1.740393
v 0.485453 0.081928 1.7354
v 0.503243 0.056321 1.730141
v 0.519156 0.028959 1.724858
v 0.532391 0.0 1.719839
v 0.542313 -0.030251 1.715346
v 0.548624 -0.0614 1.711524
v 0.551478 -0.093071 1.708338
v 0.551478 -0.125027 1.705544
v 0.549549 -0.15726 1.702722
v 0.546706 -0.190017 1.699359
v 0.543781 -0.22373 1.694953
v 0.541178 -0.258868 1.689123
v 0.538735 -0.29575 1.681698
v 0.535748 -0.334373 1.672778
v 0.531142 -0.374336 1.662745
v 0.523747 -0.414871 1.652207
v 0.512581 -0.454996 1.641869
v 0.497068 -0.493732 1.632369
v 0.477127 -0.530322 1.624109
v 0.453111 -0.56437 1.61717
v 0.425645 -0.595864 1.611325
v 0.395407 -0.625063 1.606167
v 0.362942 -0.652286 1.601291
v 0.328554 -0.67767 1.596474
v 0.292319 -0.700984 1.591795
v 0.254199 -0.721583 1.587658
v 0.214199 -0.738512 1.5847
v 0.172513 -0.750756 1.583591
v 0.129715 -0.758332 1.585867
v 0.086246 -0.760344 1.590655
v 0.042728 -0.755746 1.5954
v 0.0 -0.746752 1.60062
v -0.04162 -0.736145 1.606789
v -0.082247 -0.725063 1.611976
v -0.122259 -0.714735 1.6151
v -0.162193 -0.705846 1.615751
v -0.202503 -0.698186 1.614031
v -0.243324 -0.690712 1.610544
v -0.284333 -0.681834 1.606305
v -0.324756 -0.669837 1.602552
v -0.363509 -0.653306 1.60048
v -0.399441 -0.63144 1.600968
v -0.431589 -0.604185 1.604376
v -0.459383 -0.572182 1.610495
v -0.482737 -0.536558 1.618662
v -0.502007 -0.498638 1.627986
v -0.517824 -0.45965 1.637606
v -0.530872 -0.420515 1.646886
v -0.541661 -0.38175 1.655501
v -0.550392 -0.343513 1.663428
v -0.556948 -0.305748 1.670853
v -0.561004 -0.268352 1.678044
v -0.562217 -0.231315 1.685225
v -0.56042 -0.194783 1.692486
v -0.555752 -0.159035 1.699755
v -0.54868 -0.124392 1.706827
v -0.539906 -0.091118 1.713441
v -0.530189 -0.059337 1.719365
v -0.520148 -0.029015 1.724463
v -0.5101 -0.0 1.728728
v -0.499997 0.027891 1.732283
v -0.489476 0.054781 1.735341
v -0.477994 0.080669 1.738153
v -0.465008 0.105423 1.740955
v -0.450145 0.128814 1.743912
v -0.433299 0.1506 1.747087
v -0.414661 0.170605 1.750445
v -0.39465 0.188778 1.753875
v -0.373807 0.205209 1.757229
v -0.352662 0.220105 1.760369
v -0.331639 0.233731 1.763194
v -0.310992 0.246344 1.765654
v -0.29081 0.258139 1.767747
v -0.271051 0.269231 1.769505
v -0.251604 0.279656 1.77098
v -0.232347 0.289398 1.772224
v -0.213177 0.298429 1.773281
v -0.194032 0.306728 1.774182
v -0.174879 0.314296 1.774947
v -0.155702 0.321149 1.775584
v -0.13649 0.327306 1.776101
v -0.117228 0.332771 1.776507
v -0.097898 0.337531 1.776811
v -0.078483 0.341551 1.777027
v -0.058977 0.344784 1.777169
v -0.039382 0.347177 1.777251
v -0.019713 0.348671 1.777286
v 0.022122 0.391268 1.766535
v 0.0 0.391851 1.766544
v 0.044195 0.389607 1.766484
v 0.066193 0.386969 1.766363
v 0.088106 0.383425 1.766153
v 0.109929 0.37901 1.765841
v 0.131657 0.37373 1.765422
v 0.153282 0.367571 1.764894
v 0.174793 0.360525 1.764253
v 0.196195 0.352606 1.763487
v 0.217518 0.343855 1.762571
v 0.238822 0.334329 1.761467
v 0.260192 0.32408 1.760132
v 0.281716 0.313125 1.758522
v 0.303455 0.301419 1.756608
v 0.325415 0.288857 1.754375
v 0.347538 0.275292 1.751828
v 0.369716 0.260567 1.748981
v 0.391832 0.244552 1.745846
v 0.413806 0.227168 1.742411
v 0.435631 0.208381 1.738631
v 0.457365 0.188175 1.734427
v 0.479091 0.166516 1.729701
v 0.500818 0.143315 1.724375
v 0.522385 0.118431 1.718424
v 0.543375 0.091704 1.711928
v 0.563114 0.063022 1.705087
v 0.580742 0.032395 1.698219
v 0.595375 0.0 1.691697
v 0.606313 -0.033821 1.685859
v 0.613234 -0.068631 1.680896
v 0.616312 -0.104013 1.676759
v 0.616214 -0.139703 1.673132
v 0.613959 -0.175691 1.66947
v 0.610666 -0.212247 1.665106
v 0.607247 -0.249842 1.659391
v 0.604141 -0.288986 1.651832
v 0.601162 -0.330021 1.64221
v 0.59753 -0.372933 1.63066
v 0.592062 -0.417271 1.617679
v 0.583476 -0.462184 1.604057
v 0.570709 -0.506594 1.590708
v 0.553147 -0.549434 1.578453
v 0.530714 -0.589883 1.567809
v 0.503808 -0.627516 1.558873
v 0.473117 -0.662321 1.551352
v 0.439382 -0.69458 1.544719
v 0.403198 -0.724636 1.538453
v 0.3649 -0.752636 1.532265
v 0.324573 -0.778331 1.526258
v 0.282183 -0.801021 1.52095
v 0.23781 -0.819921 1.517449
v 0.193224 -0.840993 1.525054
v 0.146712 -0.85792 1.537616
v 0.097814 -0.862568 1.54607
v 0.04822 -0.853076 1.54704
v 0.0 -0.835907 1.545296
v -0.046277 -0.818512 1.546103
v -0.091423 -0.805959 1.552189
v -0.135923 -0.794615 1.556209
v -0.180327 -0.78476 1.557047
v -0.225122 -0.776171 1.554833
v -0.27045 -0.767715 1.550347
v -0.315958 -0.75767 1.544897
v -0.360802 -0.744186 1.540073
v -0.403811 -0.725737 1.53741
v -0.443738 -0.701466 1.538037
v -0.479541 -0.671314 1.542417
v -0.510595 -0.635969 1.550285
v -0.536794 -0.596641 1.560794
v -0.558508 -0.554759 1.572804
v -0.576412 -0.511656 1.585208
v -0.591239 -0.468333 1.597185
v -0.603543 -0.425363 1.608314
v -0.613542 -0.382927 1.618562
v -0.621108 -0.34097 1.628168
v -0.625884 -0.299387 1.637478
v -0.627491 -0.258171 1.64678
v -0.625741 -0.217487 1.656192
v -0.620785 -0.177645 1.66562
v -0.613132 -0.139004 1.674798
v -0.603555 -0.10186 1.683385
v -0.592896 -0.066355 1.69108
v -0.581839 -0.032456 1.697705
v -0.57074 -0.0 1.703251
v -0.559552 0.031213 1.707873
v -0.547876 0.061317 1.71185
v -0.535112 0.090309 1.715509
v -0.520661 0.11804 1.719156
v -0.504107 0.144256 1.723004
v -0.485334 0.168686 1.727139
v -0.46455 0.191132 1.731512
v -0.442223 0.211534 1.73598
v -0.418952 0.229993 1.740351
v -0.395329 0.246735 1.744445
v -0.371827 0.262055 1.74813
v -0.348731 0.276237 1.75134
v -0.326141 0.289502 1.754072
v -0.304015 0.301974 1.756367
v -0.282229 0.313695 1.758293
v -0.260648 0.324649 1.759918
v -0.239159 0.334802 1.761299
v -0.217693 0.344131 1.762477
v -0.196214 0.352639 1.763476
v -0.174705 0.360343 1.764309
v -0.153153 0.367263 1.764986
v -0.131543 0.373406 1.765516
v -0.109854 0.378754 1.765914
v -0.08807 0.38327 1.766197
v -0.066181 0.386901 1.766382
v -0.044193 0.389589 1.766489
v -0.022122 0.391267 1.766536
v 0.02451 0.433517 1.754154
v 0.0 0.434163 1.754165
v 0.048967 0.431675 1.754089
v 0.07334 0.42875 1.753936
v 0.097617 0.424818 1.753669
v 0.121794 0.41992 1.753272
v 0.145865 0.414059 1.75274
v 0.169818 0.407224 1.75207
v 0.193643 0.399405 1.751258
v 0.217344 0.390616 1.750286
v 0.240953 0.380902 1.749124
v 0.264537 0.370327 1.747724
v 0.288187 0.35895 1.74603
v 0.312 0.346785 1.74399
v 0.336042 0.333787 1.741563
v 0.360317 0.319838 1.738732
v 0.384761 0.304777 1.735505
v 0.409252 0.288431 1.731899
v 0.433662 0.270659 1.727928
v 0.4579 0.251374 1.723578
v 0.481955 0.230539 1.718793
v 0.50589 0.20814 1.713472
v 0.529792 0.184138 1.707494
v 0.553667 0.158438 1.700758
v 0.577334 0.130888 1.693235
v 0.600334 0.101316 1.685026
v 0.621928 0.069604 1.676385
v 0.641175 0.035766 1.667714
v 0.657116 0.0 1.659483
v 0.668994 -0.037318 1.652119
v 0.676464 -0.075708 1.645861
v 0.67972 -0.114714 1.640647
v 0.67949 -0.154048 1.636077
v 0.676881 -0.193697 1.631464
v 0.673106 -0.233949 1.625968
v 0.669149 -0.275311 1.618774
v 0.665479 -0.318327 1.609264
v 0.661886 -0.363357 1.597167
v 0.657517 -0.410372 1.58266
v 0.651089 -0.458872 1.566375
v 0.641223 -0.507927 1.549307
v 0.626788 -0.556372 1.532604
v 0.60714 -0.603065 1.517291
v 0.582218 -0.64713 1.504007
v 0.552463 -0.688117 1.492867
v 0.518619 -0.72602 1.483499
v 0.481486 -0.761138 1.475245
v 0.441701 -0.793835 1.467451
v 0.399626 -0.824262 1.459762
v 0.355359 -0.852154 1.452302
v 0.30906 -0.877322 1.446313
v 0.264687 -0.912792 1.457692
v 0.218287 -0.950479 1.479492
v 0.1669 -0.976464 1.499258
v 0.111183 -0.980944 1.507872
v 0.054484 -0.964295 1.504403
v 0.0 -0.933536 1.492623
v -0.050999 -0.902097 1.482349
v -0.10022 -0.883508 1.484541
v -0.14903 -0.871242 1.489548
v -0.197724 -0.860472 1.490592
v -0.246815 -0.850962 1.487834
v -0.296446 -0.841509 1.482248
v -0.346237 -0.830281 1.475465
v -0.395288 -0.815314 1.469465
v -0.44235 -0.795001 1.466155
v -0.486103 -0.768436 1.466934
v -0.525435 -0.735561 1.47238
v -0.559673 -0.697098 1.482171
v -0.588688 -0.654322 1.49526
v -0.612857 -0.608744 1.510239
v -0.632882 -0.561782 1.52573
v -0.649539 -0.514513 1.540706
v -0.663413 -0.467558 1.554638
v -0.67474 -0.421122 1.567482
v -0.683379 -0.375155 1.579533
v -0.688946 -0.329552 1.591222
v -0.691029 -0.284312 1.602911
v -0.68942 -0.23962 1.614749
v -0.684277 -0.195814 1.626615
v -0.676147 -0.15329 1.638175
v -0.66587 -0.112377 1.649
v -0.65436 -0.073234 1.658705
v -0.64237 -0.035833 1.667065
v -0.630292 -0.0 1.674066
v -0.618081 0.034478 1.679904
v -0.605305 0.067744 1.684927
v -0.591313 0.099794 1.689551
v -0.575451 0.130461 1.69416
v -0.557263 0.159467 1.699025
v -0.536624 0.186513 1.704253
v -0.51376 0.211378 1.709785
v -0.489181 0.233996 1.715438
v -0.463544 0.254472 1.720971
v -0.437501 0.273055 1.726154
v -0.411571 0.290065 1.730821
v -0.386071 0.305815 1.734887
v -0.361115 0.320547 1.738348
v -0.336657 0.334398 1.741258
v -0.312565 0.347413 1.743699
v -0.288689 0.359575 1.745759
v -0.264909 0.370848 1.747511
v -0.241146 0.381206 1.749005
v -0.217365 0.390652 1.750272
v -0.193546 0.399204 1.751329
v -0.169676 0.406886 1.752188
v -0.145739 0.413703 1.75286
v -0.121712 0.419637 1.753365
v -0.097578 0.424647 1.753724
v -0.073327 0.428675 1.75396
v -0.048965 0.431656 1.754095
v -0.02451 0.433515 1.754154
v 0.026877 0.475381 1.740115
v 0.0 0.47609 1.74013
v 0.053695 0.47336 1.740035
v 0.080421 0.470149 1.739845
v 0.107042 0.465832 1.739514
v 0.13355 0.460452 1.739023
v 0.15994 0.454014 1.738364
v 0.186198 0.446506 1.737534
v 0.212314 0.437915 1.736527
v 0.238289 0.428259 1.735323
v 0.264159 0.417585 1.733884
v 0.289994 0.405966 1.73215
v 0.315896 0.393462 1.730053
v 0.341966 0.380092 1.727527
v 0.368275 0.365803 1.724522
v 0.394826 0.35047 1.721018
v 0.421547 0.333917 1.717024
v 0.448306 0.315955 1.712563
v 0.474958 0.296433 1.707651
v 0.501404 0.275256 1.702272
v 0.527629 0.252387 1.696356
v 0.553699 0.22781 1.68978
v 0.579702 0.201485 1.682394
v 0.605643 0.173312 1.674074
v 0.631318 0.143127 1.664787
v 0.656229 0.11075 1.654658
v 0.679573 0.076056 1.644002
v 0.700336 0.039066 1.633314
v 0.717487 0.0 1.623176
v 0.730221 -0.040733 1.614111
v 0.738172 -0.082614 1.606411
v 0.741556 -0.12515 1.599999
v 0.741156 -0.168029 1.59438
v 0.738162 -0.211234 1.58871
v 0.733869 -0.255069 1.58196
v 0.729328 -0.30007 1.573127
v 0.725028 -0.346812 1.561459
v 0.720735 -0.395663 1.546632
v 0.715528 -0.446579 1.528873
v 0.708034 -0.499005 1.508965
v 0.696792 -0.551944 1.488135
v 0.680615 -0.604152 1.467786
v 0.658844 -0.654422 1.44916
v 0.631632 -0.702056 1.433324
v 0.598956 -0.746028 1.419641
v 0.561962 -0.786696 1.408167
v 0.521539 -0.824454 1.398176
v 0.478283 -0.85958 1.388752
v 0.432578 -0.892229 1.379461
v 0.384541 -0.922135 1.370469
v 0.33954 -0.964046 1.377246
v 0.295163 -1.018301 1.40119
v 0.2453 -1.068622 1.429482
v 0.187799 -1.099278 1.450563
v 0.12493 -1.102749 1.45887
v 0.060946 -1.079103 1.452918
v 0.0 -1.035585 1.435244
v -0.05591 -0.989121 1.416513
v -0.108619 -0.957548 1.409583
v -0.161527 -0.944302 1.415494
v -0.214314 -0.932671 1.416759
v -0.267492 -0.922254 1.413417
v -0.321204 -0.911788 1.406652
v -0.375043 -0.899358 1.398443
v -0.428063 -0.882916 1.391187
v -0.478958 -0.860794 1.387186
v -0.52635 -0.832059 1.388127
v -0.569073 -0.79665 1.394712
v -0.606412 -0.755313 1.406559
v -0.638213 -0.709367 1.422418
v -0.664845 -0.660383 1.440592
v -0.687029 -0.609846 1.45942
v -0.705566 -0.558894 1.477651
v -0.721071 -0.508194 1.494637
v -0.733789 -0.457976 1.510317
v -0.743572 -0.408199 1.525047
v -0.750008 -0.358761 1.53935
v -0.752656 -0.309668 1.55367
v -0.75129 -0.261123 1.568187
v -0.74607 -0.213496 1.582754
v -0.737578 -0.167217 1.596959
v -0.726711 -0.122644 1.610273
v -0.714454 -0.079959 1.622218
v -0.70162 -0.039138 1.632515
v -0.688641 -0.0 1.641143
v -0.675474 0.037679 1.648341
v -0.66166 0.074051 1.654536
v -0.646498 0.109107 1.660241
v -0.629285 0.142666 1.665928
v -0.60953 0.174424 1.671934
v -0.587093 0.204054 1.67839
v -0.562219 0.231316 1.685224
v -0.535458 0.256132 1.692209
v -0.507524 0.278616 1.699048
v -0.479123 0.299033 1.705457
v -0.450823 0.317729 1.711229
v -0.422971 0.335045 1.71626
v -0.395694 0.35124 1.720543
v -0.368944 0.366468 1.724145
v -0.34258 0.380774 1.727167
v -0.316442 0.394143 1.729717
v -0.290399 0.406533 1.731886
v -0.264369 0.417917 1.733737
v -0.238311 0.428298 1.735307
v -0.212208 0.437697 1.736616
v -0.186045 0.446137 1.737679
v -0.159803 0.453626 1.738513
v -0.133461 0.460144 1.739138
v -0.106999 0.465646 1.739583
v -0.080407 0.470068 1.739875
v -0.053693 0.473339 1.740043
v -0.026877 0.47538 1.740116
v 0.02922 0.516824 1.724395
v 0.0 0.517595 1.724413
v 0.058376 0.514625 1.724298
v 0.087431 0.51113 1.724067
v 0.11637 0.50643 1.723665
v 0.145186 0.50057 1.723069
v 0.17387 0.493558 1.722268
v 0.202409 0.485378 1.72126
v 0.230788 0.47602 1.720036
v 0.259011 0.4655 1.718574
v 0.287113 0.453871 1.716825
v 0.31517 0.44121 1.71472
v 0.34329 0.427583 1.712173
v 0.371582 0.41301 1.709105
v 0.400119 0.397434 1.705457
v 0.428905 0.38072 1.701205
v 0.457857 0.362678 1.696357
v 0.486831 0.343107 1.690944
v 0.515669 0.321842 1.684986
v 0.544263 0.298785 1.678463
v 0.572592 0.273895 1.671291
v 0.600723 0.247158 1.663321
v 0.628748 0.218532 1.654374
v 0.656664 0.187912 1.6443
v 0.684249 0.155127 1.633062
v 0.710962 0.119987 1.620811
v 0.735941 0.082364 1.607933
v 0.758106 0.042289 1.595026
v 0.776362 0.0 1.582792
v 0.789858 -0.04406 1.571861
v 0.798218 -0.089334 1.562582
v 0.801675 -0.135296 1.554859
v 0.801067 -0.181611 1.548095
v 0.797654 -0.228258 1.541273
v 0.792806 -0.275553 1.533155
v 0.787627 -0.324056 1.52254
v 0.782627 -0.374364 1.50853
v 0.777543 -0.426849 1.490748
v 0.77139 -0.481443 1.469481
v 0.762717 -0.537544 1.445685
v 0.752906 -0.596424 1.424518
v 0.745651 -0.662046 1.41401
v 0.731818 -0.727226 1.405287
v 0.704425 -0.783357 1.390398
v 0.66302 -0.826162 1.367409
v 0.611655 -0.856426 1.338687
v 0.560028 -0.885312 1.315138
v 0.512784 -0.921586 1.30298
v 0.46361 -0.956235 1.292023
v 0.413602 -0.991874 1.284802
v 0.369745 -1.050036 1.300336
v 0.323747 -1.117259 1.328449
v 0.26963 -1.174992 1.357067
v 0.206466 -1.208933 1.377961
v 0.137182 -1.211267 1.386243
v 0.066865 -1.18426 1.381962
v 0.0 -1.134432 1.365937
v -0.060854 -1.076807 1.344888
v -0.11701 -1.031581 1.331055
v -0.173364 -1.013497 1.334575
v -0.23003 -1.001064 1.336072
v -0.287069 -0.989752 1.332119
v -0.34462 -0.978257 1.324119
v -0.402252 -0.964606 1.31442
v -0.458986 -0.946697 1.305853
v -0.513476 -0.92283 1.301132
v -0.564304 -0.892057 1.302243
v -0.610268 -0.85432 1.310014
v -0.650617 -0.810373 1.324009
v -0.685167 -0.761556 1.34277
v -0.714271 -0.709477 1.364308
v -0.738652 -0.65567 1.386661
v -0.759126 -0.60132 1.408346
v -0.776325 -0.547135 1.428586
v -0.790503 -0.493372 1.447299
v -0.801503 -0.440002 1.464904
v -0.808892 -0.386928 1.482024
v -0.812203 -0.334167 1.499186
v -0.811188 -0.281942 1.516606
v -0.80601 -0.230649 1.53411
v -0.79728 -0.180753 1.5512
v -0.785943 -0.132641 1.567235
v -0.77305 -0.086517 1.581637
v -0.759472 -0.042365 1.594061
v -0.745677 -0.0 1.604479
v -0.731628 0.040812 1.613175
v -0.716841 0.080227 1.620664
v -0.700574 0.118234 1.627562
v -0.682076 0.154635 1.634443
v -0.660822 0.189102 1.64171
v -0.636661 0.221282 1.649526
v -0.609855 0.250915 1.657802
v -0.580991 0.277913 1.666265
v -0.550833 0.302392 1.674554
v -0.520145 0.324635 1.682325
v -0.489537 0.345014 1.689326
v -0.459389 0.363892 1.69543
v -0.429839 0.381549 1.700628
v -0.40084 0.39815 1.704999
v -0.372244 0.413745 1.708668
v -0.343879 0.428317 1.711765
v -0.315607 0.441821 1.714399
v -0.287339 0.454229 1.716647
v -0.259035 0.465542 1.718554
v -0.230674 0.475784 1.720144
v -0.202243 0.484981 1.721436
v -0.173723 0.493139 1.722449
v -0.14509 0.500238 1.723209
v -0.116324 0.506228 1.723749
v -0.087416 0.511042 1.724103
v -0.058374 0.514602 1.724307
v -0.02922 0.516822 1.724396
v 0.031538 0.557809 1.706973
v 0.0 0.558642 1.706994
v 0.063005 0.555434 1.706856
v 0.094364 0.551657 1.706581
v 0.125595 0.546575 1.7061
v 0.156692 0.540239 1.705387
v 0.187643 0.532655 1.70443
v 0.218434 0.523807 1.703225
v 0.249049 0.513684 1.701763
v 0.279489 0.502304 1.700016
v 0.309793 0.489724 1.697926
v 0.34004 0.476025 1.695411
v 0.370343 0.461278 1.692368
v 0.400818 0.445506 1.688704
v 0.431542 0.428646 1.684347
v 0.462515 0.410555 1.679269
v 0.493647 0.391028 1.673482
v 0.524781 0.369853 1.667022
v 0.555746 0.346855 1.659913
v 0.586421 0.321928 1.652133
v 0.616782 0.295033 1.643582
v 0.646897 0.266155 1.634084
v 0.676856 0.235253 1.623427
v 0.706651 0.202216 1.611434
v 0.736036 0.166868 1.598064
v 0.764434 0.129011 1.583501
v 0.791002 0.088526 1.568307
v 0.814973 0.045461 1.553659
v 0.83454 0.0 1.539526
v 0.848414 -0.047327 1.526207
v 0.856536 -0.095861 1.514542
v 0.85994 -0.145129 1.505327
v 0.85908 -0.194763 1.497333
v 0.855212 -0.244729 1.489275
v 0.849767 -0.295351 1.479692
v 0.843897 -0.347208 1.46717
v 0.83812 -0.400909 1.450662
v 0.832147 -0.456825 1.42974
v 0.825009 -0.514909 1.404847
v 0.824942 -0.581494 1.388134
v 0.834285 -0.661216 1.38565
v 0.837652 -0.744233 1.383842
v 0.824081 -0.819486 1.373443
v 0.789673 -0.87873 1.350961
v 0.735961 -0.917545 1.316364
v 0.672508 -0.942039 1.277517
v 0.608041 -0.961481 1.241961
v 0.547117 -0.98334 1.213946
v 0.492584 -1.015996 1.19822
v 0.4391 -1.053016 1.188801
v 0.392909 -1.115834 1.202103
v 0.34475 -1.189786 1.228549
v 0.287664 -1.253661 1.256221
v 0.220545 -1.291467 1.277303
v 0.146583 -1.294366 1.287002
v 0.071455 -1.265643 1.285705
v 0.0 -1.211754 1.273302
v -0.065085 -1.151759 1.257644
v -0.124845 -1.100694 1.244938
v -0.18449 -1.078544 1.247438
v -0.244807 -1.065372 1.249173
v -0.305466 -1.053179 1.244591
v -0.366596 -1.040639 1.235326
v -0.427749 -1.025747 1.224101
v -0.487923 -1.006382 1.214195
v -0.545753 -0.980838 1.20874
v -0.5998 -0.94817 1.210023
v -0.648844 -0.908322 1.219006
v -0.692103 -0.862045 1.235198
v -0.729362 -0.810679 1.256938
v -0.760946 -0.755839 1.281942
v -0.787563 -0.699086 1.307945
v -0.810032 -0.641643 1.333223
v -0.828991 -0.584253 1.356862
v -0.844699 -0.527198 1.378757
v -0.856996 -0.470466 1.399391
v -0.865428 -0.413971 1.419487
v -0.869503 -0.357743 1.439664
v -0.868958 -0.302021 1.460177
v -0.863951 -0.247229 1.480818
v -0.855113 -0.193864 1.501002
v -0.843437 -0.142344 1.519966
v -0.830027 -0.092894 1.537019
v -0.81581 -0.045507 1.551746
v -0.801291 -0.0 1.564106
v -0.786439 0.043869 1.574431
v -0.770752 0.08626 1.583327
v -0.753448 0.127157 1.591525
v -0.733736 0.166346 1.599706
v -0.711058 0.203477 1.608352
v -0.685255 0.238172 1.617654
v -0.656599 0.270147 1.62751
v -0.625715 0.299306 1.637592
v -0.593416 0.325768 1.647472
v -0.560515 0.349831 1.656739
v -0.527667 0.371887 1.665091
v -0.495282 0.392323 1.672375
v -0.463512 0.41144 1.678581
v -0.432312 0.429411 1.6838
v -0.401526 0.446292 1.688182
v -0.370973 0.462063 1.691881
v -0.340506 0.476678 1.695028
v -0.310035 0.490107 1.697713
v -0.279515 0.50235 1.699991
v -0.248927 0.513432 1.701892
v -0.218257 0.523382 1.703436
v -0.187485 0.532207 1.704646
v -0.156589 0.539883 1.705554
v -0.125546 0.54636 1.7062
v -0.094347 0.551563 1.706624
v -0.063002 0.555409 1.706867
v -0.031537 0.557807 1.706974
v 0.033827 0.5983 1.68783
v 0.0 0.599193 1.687855
v 0.067578 0.595749 1.687693
v 0.101212 0.591692 1.687368
v 0.134708 0.586232 1.686802
v 0.168057 0.579422 1.685961
v 0.201247 0.57127 1.684833
v 0.23426 0.561758 1.683413
v 0.267079 0.550873 1.68169
v 0.299706 0.538637 1.679631
v 0.332177 0.525109 1.677169
v 0.364578 0.510377 1.674205
v 0.397027 0.494515 1.670622
v 0.429645 0.477547 1.666305
v 0.462511 0.459407 1.661175
v 0.495621 0.439942 1.655197
v 0.528878 0.418936 1.648386
v 0.562112 0.396163 1.640785
v 0.595138 0.37144 1.632424
v 0.627825 0.344658 1.623277
v 0.660142 0.315774 1.613228
v 0.692155 0.284776 1.602072
v 0.724107 0.251676 1.589787
v 0.75803 0.216929 1.578992
v 0.79364 0.179949 1.569166
v 0.829336 0.139993 1.558917
v 0.862918 0.096603 1.547197
v 0.891821 0.049765 1.533406
v 0.91378 0.0 1.517655
v 0.927391 -0.051749 1.500628
v 0.932154 -0.104353 1.482905
v 0.929414 -0.156884 1.465524
v 0.921852 -0.209016 1.449413
v 0.912704 -0.261189 1.435007
v 0.904648 -0.314426 1.421804
v 0.897993 -0.369465 1.40724
v 0.89136 -0.426375 1.38811
v 0.884393 -0.485507 1.363904
v 0.881296 -0.550083 1.340458
v 0.897345 -0.63274 1.33593
v 0.915909 -0.726234 1.336934
v 0.920265 -0.818006 1.330889
v 0.901292 -0.89663 1.312033
v 0.859408 -0.95667 1.281839
v 0.801923 -1.000167 1.246305
v 0.735577 -1.030848 1.209441
v 0.663708 -1.049967 1.171248
v 0.591409 -1.063293 1.13464
v 0.522803 -1.078421 1.103757
v 0.462084 -1.108113 1.086498
v 0.412845 -1.172407 1.095457
v 0.362497 -1.251008 1.118604
v 0.30272 -1.319265 1.143914
v 0.232078 -1.35899 1.163775
v 0.154063 -1.360386 1.173584
v 0.074867 -1.325979 1.172781
v 0.0 -1.267459 1.163597
v -0.068031 -1.203735 1.15195
v -0.131208 -1.156727 1.147104
v -0.194862 -1.139176 1.154796
v -0.258585 -1.125332 1.156772
v -0.322606 -1.112274 1.151556
v -0.38704 -1.098673 1.141016
v -0.451425 -1.082523 1.128256
v -0.514749 -1.061714 1.117005
v -0.575647 -1.034564 1.110812
v -0.632684 -1.000153 1.112269
v -0.684634 -0.958426 1.122467
v -0.730697 -0.910116 1.140871
v -0.770637 -0.856556 1.165634
v -0.805494 -0.800099 1.194931
v -0.833709 -0.740049 1.22397
v -0.858104 -0.679722 1.252795
v -0.878892 -0.619422 1.279923
v -0.896207 -0.559345 1.305099
v -0.909882 -0.499499 1.328868
v -0.91974 -0.439953 1.352343
v -0.925972 -0.380985 1.376944
v -0.927621 -0.322425 1.402342
v -0.924154 -0.264475 1.427631
v -0.916244 -0.207739 1.452149
v -0.904758 -0.152706 1.474808
v -0.891203 -0.09975 1.49514
v -0.876836 -0.048916 1.51295
v -0.862185 -0.0 1.528178
v -0.847169 0.047262 1.541139
v -0.830992 0.093014 1.552207
v -0.81242 0.137126 1.561692
v -0.79027 0.179182 1.569861
v -0.763982 0.218637 1.577169
v -0.734084 0.255149 1.584649
v -0.702383 0.288984 1.594354
v -0.669569 0.320283 1.606192
v -0.635215 0.348714 1.617799
v -0.600181 0.374588 1.628692
v -0.565167 0.398316 1.638514
v -0.53061 0.420308 1.647084
v -0.496678 0.44088 1.654387
v -0.463327 0.460218 1.660531
v -0.430396 0.478381 1.665691
v -0.397696 0.495348 1.670047
v -0.365074 0.511071 1.673754
v -0.332435 0.525516 1.676918
v -0.299733 0.538685 1.679603
v -0.266949 0.550605 1.681842
v -0.234071 0.561305 1.683661
v -0.201079 0.570793 1.685088
v -0.167947 0.579044 1.686158
v -0.134655 0.586003 1.686919
v -0.101195 0.591592 1.687418
v -0.067575 0.595723 1.687706
v -0.033827 0.598297 1.687831
v 0.036086 0.638259 1.666955
v 0.0 0.639213 1.666983
v 0.072092 0.635536 1.666795
v 0.10797 0.631202 1.666416
v 0.1437 0.625366 1.665757
v 0.17927 0.618085 1.664778
v 0.214668 0.609367 1.663465
v 0.249871 0.599194 1.661811
v 0.284862 0.587553 1.659806
v 0.319641 0.574465 1.657409
v 0.354245 0.559994 1.654543
v 0.388763 0.544232 1.651094
v 0.423317 0.52726 1.646924
v 0.458033 0.509099 1.641902
v 0.492992 0.489683 1.635935
v 0.528187 0.468849 1.628983
v 0.563511 0.446369 1.621066
v 0.598781 0.422006 1.612234
v 0.633798 0.395569 1.602523
v 0.66842 0.366943 1.591904
v 0.70426 0.336888 1.582725
v 0.744264 0.306259 1.578451
v 0.786549 0.273456 1.575158
v 0.830012 0.237622 1.570798
v 0.873648 0.198182 1.564294
v 0.915652 0.154642 1.554615
v 0.95434 0.106895 1.54195
v 0.986656 0.055087 1.525778
v 1.010544 0.0 1.50699
v 1.02464 -0.057207 1.486675
v 1.028022 -0.115145 1.465157
v 1.02183 -0.172568 1.443135
v 1.00881 -0.228832 1.421195
v 0.992214 -0.284043 1.39924
v 0.975373 -0.339093 1.376883
v 0.960525 -0.395252 1.353189
v 0.948164 -0.453586 1.326778
v 0.937241 -0.514541 1.296476
v 0.936486 -0.584586 1.271797
v 0.958531 -0.675999 1.266672
v 0.976268 -0.77421 1.26009
v 0.974361 -0.866158 1.242832
v 0.949809 -0.944926 1.215791
v 0.909615 -1.012654 1.186613
v 0.856964 -1.069049 1.157366
v 0.792468 -1.110943 1.125947
v 0.719199 -1.138229 1.091567
v 0.640713 -1.152438 1.054239
v 0.561784 -1.159228 1.016932
v 0.486708 -1.167264 0.984895
v 0.430355 -1.222077 0.983753
v 0.377958 -1.304315 1.003003
v 0.315974 -1.376992 1.025848
v 0.242366 -1.419205 1.044822
v 0.160863 -1.420391 1.055694
v 0.077988 -1.381174 1.05654
v 0.0 -1.317596 1.050652
v -0.07074 -1.251535 1.043879
v -0.137305 -1.21044 1.04684
v -0.204435 -1.195145 1.057389
v -0.271308 -1.180699 1.059604
v -0.338419 -1.166794 1.053758
v -0.405867 -1.152117 1.041949
v -0.47318 -1.13469 1.027665
v -0.539348 -1.112452 1.01508
v -0.603029 -1.083775 1.008157
v -0.662812 -1.047779 1.009785
v -0.718194 -1.00542 1.021868
v -0.7764 -0.967212 1.051087
v -0.829476 -0.922267 1.087936
v -0.867448 -0.861924 1.12091
v -0.887669 -0.788079 1.144656
v -0.903713 -0.715856 1.168094
v -0.925863 -0.652526 1.198284
v -0.948956 -0.592301 1.230353
v -0.973954 -0.534777 1.265958
v -0.992962 -0.47512 1.299667
v -1.004741 -0.413541 1.331728
v -1.009837 -0.351138 1.363257
v -1.008616 -0.288764 1.394181
v -1.001153 -0.227085 1.423091
v -0.989863 -0.167141 1.450129
v -0.97578 -0.109262 1.474085
v -0.961039 -0.053637 1.495439
v -0.946119 -0.0 1.514025
v -0.930722 0.051947 1.529989
v -0.913778 0.102327 1.543575
v -0.89391 0.150951 1.555166
v -0.869142 0.197155 1.564302
v -0.838414 0.24004 1.570832
v -0.801779 0.278778 1.574867
v -0.760296 0.312885 1.57671
v -0.716873 0.342939 1.578549
v -0.676175 0.3712 1.585547
v -0.639096 0.398875 1.598189
v -0.601993 0.42427 1.609595
v -0.565333 0.447812 1.619552
v -0.5293 0.469837 1.628041
v -0.493852 0.490538 1.635186
v -0.458825 0.509979 1.641187
v -0.424022 0.528139 1.646255
v -0.389286 0.544965 1.650569
v -0.354517 0.560423 1.654251
v -0.319669 0.574516 1.657376
v -0.284725 0.58727 1.659983
v -0.249672 0.598716 1.662101
v -0.21449 0.608863 1.663761
v -0.179155 0.617686 1.665008
v -0.143645 0.625124 1.665893
v -0.107952 0.631096 1.666475
v -0.072088 0.635509 1.66681
v -0.036086 0.638257 1.666956
v 0.038313 0.677654 1.644339
v 0.0 0.678666 1.644372
v 0.076541 0.674759 1.644155
v 0.114632 0.67015 1.643719
v 0.152564 0.663942 1.64296
v 0.190323 0.656193 1.641832
v 0.227894 0.646913 1.640319
v 0.265254 0.636082 1.638415
v 0.302382 0.623688 1.636105
v 0.339276 0.609753 1.633344
v 0.375975 0.594345 1.630045
v 0.412569 0.577559 1.626073
v 0.449185 0.55948 1.621273
v 0.485953 0.540132 1.615494
v 0.522953 0.519444 1.608629
v 0.560176 0.497244 1.600634
v 0.597504 0.473296 1.591532
v 0.634742 0.447351 1.581382
v 0.671694 0.419221 1.570255
v 0.714636 0.392363 1.56757
v 0.764547 0.365848 1.572983
v 0.815465 0.335709 1.576768
v 0.865879 0.301191 1.576553
v 0.915247 0.262163 1.571718
v 0.96348 0.218677 1.562783
v 1.008912 0.170482 1.549327
v 1.049503 0.117613 1.531607
v 1.08343 0.060519 1.510871
v 1.108564 0.0 1.488236
v 1.123607 -0.062763 1.465054
v 1.127429 -0.126342 1.441564
v 1.121578 -0.189512 1.418679
v 1.107112 -0.251262 1.39514
v 1.087323 -0.311431 1.370401
v 1.065861 -0.370733 1.343806
v 1.045738 -0.430512 1.314675
v 1.028585 -0.492263 1.28243
v 1.008394 -0.553782 1.241837
v 0.986199 -0.615647 1.195572
v 1.000217 -0.705356 1.177496
v 1.008292 -0.79947 1.156721
v 0.996976 -0.886025 1.127077
v 0.973772 -0.968546 1.098027
v 0.940538 -1.046962 1.072734
v 0.895403 -1.117026 1.049431
v 0.837202 -1.173845 1.024969
v 0.767044 -1.2143 0.996773
v 0.687822 -1.237646 0.963682
v 0.603828 -1.246506 0.926995
v 0.519347 -1.245965 0.890133
v 0.445364 -1.264622 0.868104
v 0.390991 -1.349214 0.882916
v 0.327489 -1.427133 0.903493
v 0.251548 -1.472953 0.921985
v 0.166982 -1.474395 0.93419
v 0.080949 -1.433567 0.938631
v 0.0 -1.365697 0.936806
v -0.073337 -1.297401 0.93492
v -0.143114 -1.261646 0.944212
v -0.213172 -1.246222 0.955933
v -0.282923 -1.231248 0.958383
v -0.35284 -1.216515 0.951915
v -0.422999 -1.200747 0.938857
v -0.49292 -1.182027 0.923074
v -0.561614 -1.158377 0.909178
v -0.627778 -1.128256 0.901538
v -0.69006 -1.090854 0.903342
v -0.764306 -1.070283 0.930039
v -0.843485 -1.051357 0.974317
v -0.906818 -1.008871 1.018301
v -0.944683 -0.939177 1.052379
v -0.954889 -0.848078 1.071532
v -0.953129 -0.75508 1.084473
v -0.986137 -0.695162 1.125118
v -1.022338 -0.638335 1.16902
v -1.055973 -0.580062 1.212669
v -1.084152 -0.519016 1.255395
v -1.099502 -0.45278 1.2928
v -1.106623 -0.384996 1.329145
v -1.105694 -0.316723 1.364095
v -1.098645 -0.249329 1.397674
v -1.086573 -0.183566 1.428529
v -1.072027 -0.120102 1.456559
v -1.056281 -0.058983 1.481175
v -1.040709 -0.0 1.502988
v -1.024371 0.057204 1.521603
v -1.006593 0.11278 1.53788
v -0.985348 0.16648 1.551812
v -0.958471 0.217534 1.563053
v -0.924822 0.264921 1.571546
v -0.884103 0.307566 1.576975
v -0.835967 0.344197 1.577573
v -0.781956 0.374221 1.572751
v -0.726172 0.398721 1.565115
v -0.67752 0.42286 1.565735
v -0.638099 0.449717 1.578351
v -0.599411 0.474806 1.589792
v -0.561341 0.498278 1.59955
v -0.523855 0.520339 1.607768
v -0.486783 0.541054 1.614672
v -0.449925 0.560402 1.620504
v -0.413118 0.578327 1.625469
v -0.37626 0.594795 1.629708
v -0.339306 0.609807 1.633306
v -0.302238 0.623391 1.636309
v -0.265045 0.63558 1.638748
v -0.227708 0.646383 1.640661
v -0.190202 0.655773 1.642097
v -0.152506 0.663687 1.643117
v -0.114613 0.670039 1.643787
v -0.076537 0.67473 1.644173
v -0.038313 0.677651 1.644341
v 0.040507 0.716447 1.619984
v 0.0 0.717518 1.620022
v 0.080922 0.713383 1.619774
v 0.121193 0.708502 1.619277
v 0.161292 0.701924 1.61841
v 0.201205 0.693711 1.617124
v 0.240914 0.683873 1.615398
v 0.280395 0.672389 1.613225
v 0.319622 0.659247 1.61059
v 0.358593 0.64447 1.607441
v 0.397346 0.628129 1.603678
v 0.435974 0.610324 1.59915
v 0.474607 0.591144 1.593678
v 0.513376 0.570613 1.587092
v 0.552364 0.548657 1.579271
v 0.591554 0.525097 1.570166
v 0.630821 0.499687 1.559805
v 0.669955 0.472168 1.548257
v 0.71673 0.447396 1.547158
v 0.774781 0.425539 1.559564
v 0.836465 0.400453 1.572995
v 0.895098 0.368682 1.57847
v 0.949337 0.330386 1.57486
v 1.000913 0.286835 1.564777
v 1.049767 0.238362 1.549037
v 1.095094 0.185116 1.52846
v 1.134924 0.127229 1.503663
v 1.168598 0.065297 1.477179
v 1.194153 0.0 1.450403
v 1.210295 -0.067626 1.424749
v 1.216866 -0.136412 1.401284
v 1.213471 -0.205117 1.379154
v 1.200972 -0.272678 1.356781
v 1.18198 -0.338697 1.332656
v 1.160655 -0.403902 1.306004
v 1.139323 -0.469277 1.275137
v 1.117114 -0.534888 1.237296
v 1.092807 -0.60042 1.191439
v 1.067403 -0.666654 1.140205
v 1.038229 -0.732119 1.085036
v 1.015237 -0.804628 1.037005
v 1.000727 -0.888959 1.001235
v 0.980399 -0.974757 0.97083
v 0.952887 -1.060395 0.946674
v 0.91549 -1.141888 0.926949
v 0.865808 -1.213923 0.90825
v 0.802378 -1.270388 0.886465
v 0.727147 -1.308743 0.859619
v 0.642664 -1.327148 0.826978
v 0.553473 -1.328354 0.791086
v 0.46443 -1.318916 0.756902
v 0.401637 -1.385852 0.759669
v 0.336955 -1.468311 0.777395
v 0.259451 -1.519199 0.795681
v 0.17253 -1.523378 0.810129
v 0.083692 -1.48214 0.818678
v 0.0 -1.410882 0.821571
v -0.075793 -1.340801 0.824748
v -0.148338 -1.307698 0.83827
v -0.221037 -1.292198 0.851091
v -0.293384 -1.276771 0.853772
v -0.36581 -1.261232 0.846695
v -0.438363 -1.244361 0.832415
v -0.510562 -1.224332 0.815165
v -0.58145 -1.19929 0.799989
v -0.649787 -1.167811 0.791649
v -0.718689 -1.136205 0.796925
v -0.80803 -1.131818 0.831537
v -0.899739 -1.121883 0.881356
v -0.973069 -1.083032 0.931305
v -1.012839 -1.007336 0.968786
v -1.019101 -0.905412 0.989948
v -1.023914 -0.811496 1.012557
v -1.070136 -0.754777 1.063806
v -1.111748 -0.694536 1.112514
v -1.146955 -0.630357 1.158368
v -1.175281 -0.562903 1.202652
v -1.194088 -0.491962 1.245028
v -1.200968 -0.418006 1.284392
v -1.200421 -0.344009 1.32347
v -1.193061 -0.270874 1.361071
v -1.180449 -0.199511 1.395978
v -1.165553 -0.130636 1.428114
v -1.148676 -0.06417 1.455876
v -1.132304 -0.0 1.48069
v -1.114625 0.06227 1.501507
v -1.095705 0.122816 1.52003
v -1.072958 0.181358 1.536052
v -1.045032 0.237283 1.550394
v -1.0104 0.289567 1.562914
v -0.967961 0.3369 1.572592
v -0.917199 0.377834 1.577493
v -0.856339 0.410019 1.57261
v -0.788979 0.433377 1.558438
v -0.724762 0.452429 1.544644
v -0.673485 0.474656 1.544873
v -0.632805 0.501258 1.557825
v -0.592768 0.526174 1.568932
v -0.553303 0.54959 1.57829
v -0.514242 0.571575 1.586155
v -0.475379 0.592105 1.592802
v -0.436547 0.611126 1.598461
v -0.397644 0.628599 1.603295
v -0.358624 0.644526 1.607398
v -0.319471 0.658936 1.610822
v -0.280176 0.671864 1.613605
v -0.240719 0.683319 1.615787
v -0.201078 0.693272 1.617425
v -0.161231 0.701658 1.618589
v -0.121173 0.708386 1.619354
v -0.080919 0.713353 1.619794
v -0.040507 0.716444 1.619986
v 0.042664 0.754605 1.593897
v 0.0 0.755734 1.593939
v 0.085232 0.751374 1.593659
v 0.127645 0.746224 1.593096
v 0.169876 0.739279 1.592116
v 0.211906 0.730606 1.590661
v 0.253716 0.720213 1.588708
v 0.295278 0.708081 1.586251
v 0.336566 0.694195 1.583271
v 0.377573 0.678582 1.579711
v 0.418338 0.661313 1.575457
v 0.458955 0.642496 1.570339
v 0.499556 0.622219 1.564156
v 0.540275 0.600511 1.556717
v 0.581192 0.577292 1.547885
v 0.622287 0.552377 1.537608
v 0.663423 0.525511 1.52592
v 0.709457 0.500057 1.52019
v 0.771025 0.481437 1.533708
v 0.84022 0.461669 1.552915
v 0.909876 0.435789 1.567836
v 0.972056 0.400546 1.569471
v 1.025811 0.357127 1.558022
v 1.075594 0.308326 1.539293
v 1.121844 0.254787 1.514704
v 1.163817 0.196766 1.485262
v 1.200725 0.134623 1.452808
v 1.232491 0.068874 1.420304
v 1.257614 0.0 1.389516
v 1.27485 -0.07124 1.361854
v 1.285015 -0.144071 1.339005
v 1.285848 -0.21739 1.31869
v 1.278452 -0.290339 1.299381
v 1.264552 -0.362469 1.278623
v 1.246078 -0.433783 1.253577
v 1.225803 -0.505095 1.222501
v 1.203162 -0.576329 1.182775
v 1.18071 -0.649023 1.135971
v 1.156257 -0.722526 1.082511
v 1.127013 -0.795179 1.024201
v 1.090808 -0.86492 0.964168
v 1.039104 -0.923087 0.901571
v 0.977558 -0.971482 0.842965
v 0.951784 -1.058723 0.816384
v 0.919768 -1.146848 0.79686
v 0.877985 -1.230749 0.780897
v 0.823402 -1.303614 0.76407
v 0.75483 -1.358702 0.742617
v 0.674053 -1.392294 0.715247
v 0.584634 -1.403613 0.683281
v 0.490987 -1.394845 0.650271
v 0.409801 -1.413896 0.634189
v 0.344293 -1.500192 0.648594
v 0.265911 -1.556977 0.666463
v 0.177427 -1.566625 0.683655
v 0.086194 -1.526484 0.696713
v 0.0 -1.454689 0.705475
v -0.078095 -1.381531 0.713281
v -0.152946 -1.348321 0.729562
v -0.227996 -1.332884 0.743456
v -0.302647 -1.317084 0.746362
v -0.377275 -1.300761 0.738691
v -0.451895 -1.282775 0.723219
v -0.52603 -1.261426 0.704542
v -0.59877 -1.235014 0.688118
v -0.66896 -1.202269 0.679097
v -0.752024 -1.189163 0.691678
v -0.850439 -1.19155 0.72776
v -0.942415 -1.175328 0.774395
v -1.013743 -1.128432 0.822478
v -1.057234 -1.051621 0.86473
v -1.066101 -0.947301 0.892726
v -1.113796 -0.883281 0.945464
v -1.16073 -0.819135 0.998347
v -1.200372 -0.750266 1.047113
v -1.232568 -0.677688 1.092575
v -1.257067 -0.602279 1.136233
v -1.272954 -0.524606 1.179077
v -1.280168 -0.445695 1.221792
v -1.279532 -0.366776 1.264402
v -1.271787 -0.288821 1.305675
v -1.26007 -0.213023 1.345349
v -1.244657 -0.139538 1.381067
v -1.227421 -0.068586 1.412288
v -1.209805 -0.0 1.43939
v -1.190611 0.066531 1.461967
v -1.170271 0.131204 1.482125
v -1.146005 0.193749 1.499821
v -1.117932 0.253896 1.517513
v -1.083586 0.310624 1.534555
v -1.042468 0.362947 1.550849
v -0.992801 0.409131 1.563457
v -0.929653 0.445306 1.563994
v -0.855377 0.470038 1.550478
v -0.780492 0.487375 1.531611
v -0.714084 0.503327 1.517701
v -0.665477 0.527138 1.523688
v -0.623544 0.553494 1.536216
v -0.582166 0.578259 1.546777
v -0.541173 0.601509 1.555658
v -0.500358 0.623218 1.563166
v -0.45955 0.643329 1.569561
v -0.418648 0.661803 1.575024
v -0.377605 0.67864 1.579662
v -0.336409 0.693873 1.583534
v -0.295051 0.707535 1.586681
v -0.253513 0.719637 1.589149
v -0.211774 0.730149 1.591002
v -0.169812 0.739003 1.592319
v -0.127625 0.746103 1.593184
v -0.085228 0.751343 1.593682
v -0.042664 0.754602 1.593899
v 0.044784 0.792094 1.566092
v 0.0 0.79328 1.56614
v 0.089465 0.788698 1.565825
v 0.133984 0.783282 1.565193
v 0.178308 0.775975 1.564093
v 0.222417 0.766845 1.56246
v 0.266289 0.755902 1.560269
v 0.309892 0.743125 1.557512
v 0.353198 0.728502 1.554168
v 0.396199 0.712057 1.550175
v 0.438932 0.693867 1.545404
v 0.48149 0.674042 1.539666
v 0.524009 0.652676 1.532735
v 0.566622 0.629795 1.524399
v 0.609408 0.605318 1.514506
v 0.652341 0.579055 1.503002
v 0.695843 0.551198 1.490741
v 0.754705 0.532058 1.497719
v 0.827382 0.516789 1.518391
v 0.90413 0.496955 1.538632
v 0.975904 0.467552 1.547981
v 1.03716 0.427474 1.541636
v 1.086785 0.378413 1.520097
v 1.131371 0.32434 1.491171
v 1.172167 0.266218 1.457001
v 1.209039 0.204401 1.419096
v 1.241768 0.139211 1.379667
v 1.270366 0.070981 1.341572
v 1.294324 0.0 1.30723
v 1.312911 -0.073358 1.278281
v 1.326106 -0.148664 1.255643
v 1.332314 -0.225237 1.237562
v 1.332019 -0.302513 1.221968
v 1.324377 -0.379653 1.204561
v 1.310929 -0.456429 1.182
v 1.294963 -0.533705 1.152503
v 1.276645 -0.611696 1.113774
v 1.257196 -0.691295 1.066287
v 1.234739 -0.771864 1.010866
v 1.208131 -0.852796 0.950627
v 1.169809 -0.928002 0.886195
v 1.111341 -0.987721 0.818059
v 1.038405 -1.032373 0.752803
v 0.953717 -1.060526 0.692994
v 0.913864 -1.139012 0.665983
v 0.877039 -1.229018 0.649331
v 0.830333 -1.314324 0.634309
v 0.769982 -1.385905 0.616403
v 0.695727 -1.437206 0.593466
v 0.609275 -1.463104 0.56566
v 0.514798 -1.462954 0.535995
v 0.416422 -1.436635 0.508209
v 0.349478 -1.52266 0.518094
v 0.27085 -1.585833 0.535095
v 0.181508 -1.602667 0.554803
v 0.088516 -1.567673 0.57317
v 0.0 -1.49538 0.58773
v -0.080219 -1.419148 0.600377
v -0.156919 -1.383346 0.61861
v -0.234023 -1.368114 0.633547
v -0.310675 -1.352022 0.636671
v -0.387188 -1.33494 0.628424
v -0.46354 -1.31583 0.611793
v -0.539259 -1.29315 0.591728
v -0.6135 -1.265395 0.574094
v -0.689062 -1.238491 0.566572
v -0.787255 -1.245228 0.584077
v -0.890095 -1.247442 0.618219
v -0.97763 -1.219414 0.660346
v -1.04006 -1.157713 0.704406
v -1.075613 -1.069763 0.745494
v -1.121434 -0.996733 0.796975
v -1.185739 -0.940702 0.859957
v -1.233846 -0.871041 0.915077
v -1.266848 -0.792015 0.962071
v -1.294976 -0.712133 1.007198
v -1.314877 -0.630053 1.050391
v -1.32828 -0.54745 1.094242
v -1.334716 -0.464713 1.139307
v -1.333784 -0.382344 1.184878
v -1.327741 -0.301544 1.230648
v -1.316582 -0.222588 1.274121
v -1.301371 -0.145903 1.313333
v -1.284407 -0.071774 1.347862
v -1.26572 -0.0 1.376921
v -1.245091 0.069577 1.400895
v -1.223216 0.137142 1.422128
v -1.198088 0.202558 1.441516
v -1.169522 0.265618 1.461401
v -1.137053 0.325967 1.483282
v -1.099204 0.382739 1.506583
v -1.053887 0.434382 1.528568
v -0.993125 0.475829 1.538396
v -0.918555 0.504915 1.532919
v -0.837134 0.522907 1.515056
v -0.759931 0.535756 1.495206
v -0.698135 0.553016 1.488492
v -0.653638 0.580206 1.501444
v -0.610414 0.606317 1.513266
v -0.56755 0.630826 1.523212
v -0.524837 0.653708 1.531625
v -0.482106 0.674904 1.538793
v -0.439252 0.694374 1.544918
v -0.396232 0.712117 1.55012
v -0.353036 0.728167 1.554463
v -0.309657 0.74256 1.557994
v -0.266078 0.755305 1.560763
v -0.22228 0.766371 1.562843
v -0.178242 0.775688 1.564321
v -0.133963 0.783157 1.565291
v -0.089462 0.788666 1.56585
v -0.044783 0.792091 1.566094
v 0.046863 0.828881 1.536592
v 0.0 0.830123 1.536645
v 0.09362 0.825323 1.536295
v 0.140204 0.819643 1.535591
v 0.186581 0.811977 1.534365
v 0.232728 0.802394 1.532545
v 0.27862 0.790906 1.530104
v 0.324223 0.77749 1.527033
v 0.369504 0.762134 1.523309
v 0.414453 0.744864 1.518862
v 0.459106 0.72576 1.513551
v 0.503557 0.704934 1.507163
v 0.54794 0.682483 1.499452
v 0.59239 0.658436 1.49018
v 0.636982 0.632707 1.479183
v 0.681684 0.605101 1.466401
v 0.731601 0.579573 1.458912
v 0.800954 0.564783 1.473392
v 0.879965 0.549762 1.494205
v 0.958222 0.526786 1.508547
v 1.027796 0.49247 1.508829
v 1.084045 0.446811 1.492076
v 1.126508 0.39222 1.459723
v 1.164418 0.333767 1.421502
v 1.198844 0.27222 1.379121
v 1.229987 0.207888 1.334211
v 1.25802 0.14099 1.289108
v 1.283159 0.071672 1.246612
v 1.305517 0.0 1.209387
v 1.324769 -0.073996 1.179181
v 1.340206 -0.150199 1.156355
v 1.351923 -0.228495 1.140195
v 1.357784 -0.308307 1.127005
v 1.356835 -0.38891 1.112448
v 1.35044 -0.470162 1.092891
v 1.339142 -0.551914 1.064643
v 1.324202 -0.634514 1.025905
v 1.306337 -0.718375 0.976745
v 1.285143 -0.803467 0.91894
v 1.256517 -0.887063 0.854352
v 1.209057 -0.959206 0.782805
v 1.143991 -1.016783 0.710342
v 1.067739 -1.061588 0.64351
v 0.984145 -1.094485 0.585199
v 0.905861 -1.128586 0.539611
v 0.86843 -1.216479 0.519028
v 0.826409 -1.307711 0.502595
v 0.773815 -1.392562 0.485585
v 0.706821 -1.460076 0.464792
v 0.625652 -1.502591 0.440038
v 0.532366 -1.513185 0.413275
v 0.43119 -1.48793 0.38802
v 0.352544 -1.535867 0.386846
v 0.274277 -1.605823 0.402421
v 0.184697 -1.630832 0.424012
v 0.090515 -1.603161 0.447448
v 0.0 -1.53289 0.468282
v -0.082181 -1.453924 0.486105
v -0.16024 -1.412628 0.505869
v -0.239091 -1.397745 0.521817
v -0.317435 -1.381441 0.525154
v -0.395509 -1.363629 0.516346
v -0.473247 -1.343387 0.498593
v -0.550193 -1.319369 0.477184
v -0.625575 -1.290302 0.458379
v -0.714328 -1.284191 0.455
v -0.821661 -1.30004 0.471985
v -0.922607 -1.293263 0.501741
v -1.00206 -1.249945 0.539692
v -1.054466 -1.173632 0.581439
v -1.081054 -1.074931 0.622507
v -1.145089 -1.017708 0.683716
v -1.209932 -0.959825 0.747484
v -1.261402 -0.890437 0.805501
v -1.295108 -0.809619 0.854885
v -1.319106 -0.725305 0.900008
v -1.337894 -0.640979 0.944752
v -1.351747 -0.557027 0.991021
v -1.359437 -0.473238 1.039106
v -1.361037 -0.390093 1.088646
v -1.356358 -0.307992 1.137846
v -1.346526 -0.227613 1.184795
v -1.332635 -0.149385 1.227456
v -1.316284 -0.073544 1.264782
v -1.29696 -0.0 1.295558
v -1.275248 0.07125 1.320708
v -1.251977 0.14034 1.34265
v -1.22609 0.207251 1.363182
v -1.197797 0.271988 1.385088
v -1.167092 0.334522 1.410439
v -1.133384 0.394592 1.439801
v -1.094852 0.451249 1.471311
v -1.040485 0.498547 1.492378
v -0.969862 0.533195 1.497784
v -0.88861 0.555178 1.488107
v -0.806162 0.568466 1.470003
v -0.7342 0.581636 1.456676
v -0.683015 0.606283 1.464671
v -0.638016 0.633734 1.477805
v -0.593344 0.659497 1.488861
v -0.548793 0.683546 1.498217
v -0.504191 0.705821 1.506192
v -0.459436 0.726281 1.513009
v -0.414488 0.744926 1.518801
v -0.369337 0.761789 1.523638
v -0.32398 0.776907 1.52757
v -0.278403 0.79029 1.530655
v -0.232586 0.801906 1.532972
v -0.186513 0.811681 1.534618
v -0.140182 0.819514 1.5357
v -0.093616 0.825289 1.536323
v -0.046863 0.828878 1.536595
v 0.048902 0.864933 1.505429
v 0.0 0.86623 1.505488
v 0.097691 0.861215 1.505099
v 0.146299 0.855275 1.504321
v 0.194687 0.847254 1.502963
v 0.24283 0.837223 1.50095
v 0.290699 0.825194 1.498248
v 0.338257 0.811144 1.49485
v 0.385468 0.795061 1.49073
v 0.432319 0.776972 1.485812
v 0.478843 0.75696 1.479938
v 0.525134 0.73514 1.472877
v 0.571326 0.711612 1.464355
v 0.617553 0.686404 1.454113
v 0.663885 0.659429 1.441972
v 0.710283 0.630487 1.42787
v 0.767849 0.608351 1.425916
v 0.842307 0.594018 1.440272
v 0.921778 0.575931 1.454783
v 0.997266 0.548253 1.459964
v 1.06168 0.508664 1.450109
v 1.109992 0.457424 1.422427
v 1.144627 0.398423 1.381022
v 1.175942 0.336958 1.335681
v 1.204673 0.273437 1.287508
v 1.231084 0.207983 1.237958
v 1.255429 0.140634 1.18922
v 1.277947 0.071347 1.143916
v 1.298753 0.0 1.104553
v 1.317706 -0.073567 1.072891
v 1.33417 -0.149454 1.049284
v 1.348629 -0.227843 1.03317
v 1.358681 -0.308395 1.020801
v 1.364078 -0.390865 1.008231
v 1.360878 -0.473667 0.988962
v 1.351855 -0.557019 0.960374
v 1.338249 -0.641105 0.920514
v 1.318261 -0.724771 0.868208
v 1.29178 -0.807413 0.805594
v 1.253846 -0.884892 0.734741
v 1.196271 -0.948673 0.657933
v 1.130679 -1.004537 0.585091
v 1.053344 -1.046828 0.518357
v 0.978416 -1.087766 0.46388
v 0.908046 -1.131083 0.421289
v 0.858663 -1.202362 0.393397
v 0.816449 -1.291498 0.373122
v 0.768515 -1.382656 0.354155
v 0.707787 -1.46185 0.332948
v 0.634305 -1.523385 0.309776
v 0.545456 -1.550615 0.285532
v 0.444347 -1.533683 0.263591
v 0.35359 -1.540257 0.255722
v 0.276214 -1.617067 0.269195
v 0.18703 -1.651433 0.291922
v 0.092144 -1.63209 0.319717
v 0.0 -1.566901 0.347002
v -0.083953 -1.485393 0.370297
v -0.162898 -1.436057 0.391748
v -0.243181 -1.421654 0.40867
v -0.3229 -1.405223 0.412213
v -0.402203 -1.386708 0.402864
v -0.480978 -1.365331 0.384026
v -0.558785 -1.339972 0.361322
v -0.637852 -1.315705 0.342458
v -0.74102 -1.332565 0.340758
v -0.851029 -1.346854 0.353986
v -0.945366 -1.325315 0.379256
v -1.014483 -1.265382 0.414516
v -1.057044 -1.176284 0.456035
v -1.077462 -1.071055 0.499463
v -1.122093 -0.996757 0.554773
v -1.185515 -0.939962 0.617999
v -1.236997 -0.872751 0.676576
v -1.2761 -0.797353 0.729478
v -1.302114 -0.715623 0.777097
v -1.324502 -0.634275 0.825002
v -1.342117 -0.55282 0.874547
v -1.354768 -0.471424 0.92663
v -1.362629 -0.39041 0.981054
v -1.359749 -0.308653 1.033125
v -1.351919 -0.228446 1.083103
v -1.340397 -0.150205 1.129007
v -1.324758 -0.073992 1.168497
v -1.305408 -0.0 1.200858
v -1.283226 0.07167 1.227149
v -1.259024 0.141078 1.249728
v -1.232658 0.208283 1.271099
v -1.204849 0.273487 1.294468
v -1.176085 0.336979 1.322398
v -1.146284 0.398957 1.356114
v -1.114226 0.45912 1.394742
v -1.068743 0.512013 1.42691
v -1.00494 0.552454 1.443762
v -0.928345 0.580031 1.445273
v -0.846807 0.597195 1.435295
v -0.770462 0.610425 1.423284
v -0.711644 0.631696 1.425962
v -0.664943 0.66048 1.440451
v -0.61853 0.68749 1.452657
v -0.572201 0.712701 1.462991
v -0.525784 0.73605 1.471803
v -0.479182 0.757495 1.479339
v -0.432354 0.777036 1.485743
v -0.385296 0.794706 1.491094
v -0.338007 0.810545 1.495444
v -0.290476 0.824561 1.498858
v -0.242684 0.836721 1.501422
v -0.194617 0.84695 1.503244
v -0.146276 0.855142 1.504442
v -0.097687 0.86118 1.505131
v -0.048902 0.86493 1.505432
v 0.050897 0.900219 1.472641
v 0.0 0.90157 1.472706
v 0.101676 0.896342 1.472278
v 0.152264 0.890147 1.471422
v 0.202619 0.881775 1.469929
v 0.252713 0.8713 1.467714
v 0.302514 0.858734 1.464743
v 0.351982 0.844056 1.461006
v 0.401075 0.827252 1.456476
v 0.449778 0.808351 1.45107
v 0.498123 0.787438 1.444616
v 0.5462 0.764631 1.436859
v 0.594144 0.740032 1.4275
v 0.642084 0.71367 1.41626
v 0.690088 0.685457 1.402942
v 0.738707 0.655726 1.388237
v 0.80012 0.633944 1.386445
v 0.873652 0.616114 1.394119
v 0.949441 0.593157 1.39929
v 1.019544 0.560399 1.39459
v 1.077208 0.515968 1.375212
v 1.116626 0.459991 1.338043
v 1.144927 0.398356 1.290791
v 1.171726 0.335591 1.241521
v 1.197692 0.271717 1.190917
v 1.235227 0.208605 1.147843
v 1.311013 0.146881 1.128467
v 1.356232 0.075744 1.092668
v 1.381956 0.0 1.052218
v 1.394595 -0.077886 1.013933
v 1.393008 -0.156073 0.97865
v 1.377915 -0.232769 0.946155
v 1.352397 -0.306842 0.915337
v 1.350218 -0.386711 0.897706
v 1.345714 -0.468167 0.876483
v 1.335877 -0.550176 0.846173
v 1.319347 -0.631742 0.803611
v 1.294048 -0.711086 0.747727
v 1.259057 -0.786489 0.680555
v 1.211343 -0.854303 0.605468
v 1.15418 -0.914652 0.529113
v 1.09067 -0.968319 0.457385
v 1.028547 -1.021647 0.395708
v 0.974566 -1.083221 0.346729
v 0.91566 -1.140495 0.306385
v 0.854595 -1.196397 0.273392
v 0.803632 -1.270778 0.247591
v 0.752662 -1.353603 0.224168
v 0.698587 -1.442451 0.2011
v 0.633812 -1.522033 0.177309
v 0.552607 -1.571048 0.15411
v 0.45446 -1.568888 0.13495
v 0.352914 -1.537141 0.125514
v 0.27655 -1.61892 0.13606
v 0.188349 -1.663057 0.158936
v 0.093352 -1.653579 0.190292
v 0.0 -1.595652 0.223655
v -0.085535 -1.513541 0.252906
v -0.165048 -1.455033 0.276814
v -0.246275 -1.439744 0.294479
v -0.327047 -1.42327 0.298219
v -0.407243 -1.404083 0.288351
v -0.486699 -1.381571 0.268474
v -0.564998 -1.354871 0.24453
v -0.654652 -1.350642 0.226636
v -0.765803 -1.377535 0.222115
v -0.872475 -1.381046 0.230606
v -0.957902 -1.342929 0.252923
v -1.015659 -1.266684 0.287528
v -1.049677 -1.167789 0.330835
v -1.068499 -1.061826 0.378614
v -1.087177 -0.965128 0.429151
v -1.141563 -0.904457 0.489569
v -1.188919 -0.83819 0.547006
v -1.229893 -0.767912 0.601089
v -1.263376 -0.693867 0.652391
v -1.297491 -0.620992 0.705675
v -1.322707 -0.544554 0.759334
v -1.338119 -0.465406 0.813752
v -1.344435 -0.385001 0.868632
v -1.346297 -0.305453 0.924273
v -1.341254 -0.226538 0.977022
v -1.331419 -0.149129 1.025131
v -1.316939 -0.073522 1.066532
v -1.298261 -0.0 1.100492
v -1.276521 0.071262 1.128164
v -1.252161 0.140241 1.151628
v -1.225854 0.207031 1.1739
v -1.198391 0.271886 1.198206
v -1.170483 0.335209 1.227265
v -1.14269 0.397518 1.26284
v -1.115383 0.459403 1.305584
v -1.078852 0.516689 1.346615
v -1.022999 0.562252 1.373616
v -0.953237 0.595504 1.386218
v -0.876879 0.618381 1.387175
v -0.802345 0.635706 1.382983
v -0.74013 0.65699 1.38619
v -0.691167 0.686528 1.401274
v -0.643082 0.714779 1.414662
v -0.595037 0.741145 1.426003
v -0.546865 0.765562 1.435679
v -0.498469 0.787985 1.443958
v -0.449815 0.808416 1.450995
v -0.4009 0.826889 1.456876
v -0.351726 0.843442 1.461659
v -0.302286 0.858086 1.465413
v -0.252564 0.870786 1.468233
v -0.202548 0.881463 1.470238
v -0.152241 0.890011 1.471555
v -0.101672 0.896307 1.472313
v -0.050897 0.900216 1.472644
v 0.052847 0.934706 1.438275
v 0.0 0.93611 1.438346
v 0.10557 0.930675 1.437878
v 0.158093 0.924227 1.436941
v 0.210371 0.915508 1.435308
v 0.26237 0.904594 1.432886
v 0.314056 0.891497 1.429637
v 0.365385 0.876196 1.425552
v 0.416311 0.858678 1.420601
v 0.466816 0.838972 1.414693
v 0.516928 0.817165 1.407641
v 0.566736 0.793378 1.39917
v 0.61637 0.767717 1.388954
v 0.66596 0.740208 1.37669
v 0.715564 0.710762 1.362168
v 0.765975 0.679933 1.346322
v 0.825875 0.654316 1.338674
v 0.894028 0.630384 1.336186
v 0.963484 0.601776 1.331145
v 1.027141 0.564385 1.317468
v 1.078088 0.516178 1.29045
v 1.11047 0.457232 1.247121
v 1.136798 0.395327 1.198478
v 1.163807 0.333155 1.149272
v 1.22952 0.27892 1.123123
v 1.324047 0.223715 1.110206
v 1.395264 0.156384 1.081028
v 1.43537 0.080192 1.037295
v 1.460025 0.0 0.992396
v 1.473611 -0.082327 0.951563
v 1.474332 -0.165246 0.915291
v 1.46303 -0.247253 0.883291
v 1.439912 -0.326853 0.852959
v 1.408482 -0.403488 0.821569
v 1.373571 -0.477837 0.786354
v 1.339382 -0.551475 0.744831
v 1.308597 -0.626353 0.695382
v 1.277081 -0.701457 0.636002
v 1.235471 -0.771375 0.565648
v 1.189919 -0.838806 0.490621
v 1.140185 -0.903229 0.415732
v 1.090563 -0.968046 0.34654
v 1.040421 -1.033439 0.285962
v 0.984533 -1.094299 0.234506
v 0.923787 -1.150618 0.192107
v 0.859 -1.202523 0.156964
v 0.791884 -1.251841 0.126491
v 0.733345 -1.318315 0.099069
v 0.681026 -1.405652 0.07248
v 0.624616 -1.499611 0.045896
v 0.552449 -1.570536 0.021263
v 0.459216 -1.585461 0.00323
v 0.353242 -1.538547 -0.002511
v 0.275369 -1.611875 0.003808
v 0.188603 -1.665272 0.025768
v 0.094103 -1.666961 0.059652
v 0.0 -1.618155 0.098398
v -0.086912 -1.538076 0.133847
v -0.166869 -1.471151 0.161312
v -0.248361 -1.45194 0.179602
v -0.329859 -1.435509 0.18353
v -0.410607 -1.415683 0.173168
v -0.490386 -1.392038 0.152305
v -0.570158 -1.367288 0.127393
v -0.672595 -1.388044 0.108174
v -0.785443 -1.413214 0.098851
v -0.885011 -1.401036 0.10361
v -0.959249 -1.344736 0.12489
v -1.006915 -1.255528 0.16111
v -1.035531 -1.151718 0.207954
v -1.058577 -1.051685 0.261187
v -1.094762 -0.971786 0.319387
v -1.155242 -0.915263 0.3828
v -1.219079 -0.859554 0.44619
v -1.279858 -0.799341 0.507835
v -1.334415 -0.733221 0.567941
v -1.377231 -0.659487 0.626621
v -1.405205 -0.578804 0.684339
v -1.422982 -0.495163 0.74321
v -1.430499 -0.409842 0.802565
v -1.429739 -0.324527 0.861184
v -1.422071 -0.240284 0.916828
v -1.409816 -0.157969 0.967642
v -1.396116 -0.077971 1.01302
v -1.381495 -0.0 1.052496
v -1.366512 0.076322 1.087129
v -1.342524 0.150436 1.114051
v -1.29262 0.218369 1.125413
v -1.223169 0.277469 1.126109
v -1.163303 0.332988 1.135602
v -1.134662 0.394524 1.170822
v -1.107093 0.455754 1.213259
v -1.076239 0.515205 1.258954
v -1.027388 0.564453 1.293403
v -0.965219 0.602819 1.31574
v -0.896064 0.6318 1.327652
v -0.827686 0.655745 1.334459
v -0.767359 0.681161 1.344015
v -0.716659 0.71185 1.36035
v -0.666974 0.741335 1.374947
v -0.617279 0.768849 1.38732
v -0.567413 0.794326 1.397882
v -0.517281 0.817723 1.406923
v -0.466853 0.839038 1.414611
v -0.416132 0.858308 1.421038
v -0.365124 0.87557 1.426266
v -0.313823 0.890836 1.43037
v -0.262218 0.904069 1.433454
v -0.210297 0.91519 1.435646
v -0.15807 0.924088 1.437087
v -0.105566 0.930638 1.437916
v -0.052846 0.934703 1.438278
v 0.05475 0.968364 1.402383
v 0.0 0.96982 1.40246
v 0.109371 0.964181 1.401952
v 0.163782 0.957485 1.400932
v 0.217934 0.948424 1.399156
v 0.271791 0.937075 1.396521
v 0.325314 0.923453 1.392988
v 0.378453 0.907535 1.388546
v 0.431162 0.889309 1.383163
v 0.483416 0.868805 1.376742
v 0.53524 0.846113 1.369081
v 0.58672 0.821355 1.35988
v 0.637984 0.794637 1.348789
v 0.689155 0.765989 1.335482
v 0.740286 0.735318 1.319735
v 0.79149 0.702574 1.30168
v 0.846491 0.670571 1.285367
v 0.907057 0.639415 1.272024
v 0.969838 0.605542 1.258
v 1.027493 0.564349 1.237104
v 1.07249 0.513256 1.204267
v 1.103581 0.454176 1.159937
v 1.13462 0.394402 1.11447
v 1.203719 0.3446 1.090704
v 1.3033 0.295769 1.079309
v 1.394092 0.235619 1.056863
v 1.454692 0.163074 1.016328
v 1.486006 0.083029 0.964441
v 1.509097 0.0 0.915836
v 1.523483 -0.085123 0.872951
v 1.52951 -0.171458 0.837061
v 1.524528 -0.257703 0.806339
v 1.508363 -0.342492 0.77797
v 1.483044 -0.425004 0.748381
v 1.451497 -0.50516 0.713694
v 1.417816 -0.584039 0.670985
v 1.384804 -0.663144 0.618435
v 1.345961 -0.73962 0.553656
v 1.302385 -0.813541 0.479342
v 1.25297 -0.883688 0.399525
v 1.193861 -0.946177 0.318814
v 1.121397 -0.995658 0.242181
v 1.050409 -1.043383 0.175883
v 0.990634 -1.10108 0.121806
v 0.928169 -1.156076 0.077467
v 0.862013 -1.20674 0.040757
v 0.792721 -1.253141 0.008832
v 0.720915 -1.29565 -0.01712
v 0.66002 -1.361733 -0.041789
v 0.606492 -1.455571 -0.067156
v 0.54057 -1.536388 -0.090322
v 0.453472 -1.565433 -0.10571
v 0.352379 -1.534787 -0.108771
v 0.272109 -1.592603 -0.104575
v 0.18774 -1.657585 -0.088124
v 0.094341 -1.671232 -0.059009
v 0.0 -1.631676 -0.023276
v -0.087988 -1.557324 0.013073
v -0.168399 -1.484744 0.045107
v -0.249431 -1.458193 0.064401
v -0.331325 -1.441889 0.068504
v -0.412283 -1.421461 0.057679
v -0.492025 -1.39669 0.035892
v -0.578631 -1.387837 0.009766
v -0.688228 -1.420696 -0.011311
v -0.79771 -1.435539 -0.022845
v -0.88781 -1.405499 -0.020399
v -0.950556 -1.332369 -0.001759
v -0.990563 -1.234833 0.037163
v -1.018844 -1.132844 0.088542
v -1.057365 -1.050366 0.14763
v -1.133814 -1.006802 0.214441
v -1.216029 -0.963934 0.283894
v -1.288405 -0.908934 0.351322
v -1.350172 -0.843674 0.415466
v -1.401815 -0.770578 0.477098
v -1.443324 -0.691391 0.537926
v -1.472096 -0.606566 0.598901
v -1.491021 -0.51901 0.66152
v -1.500459 -0.430026 0.725271
v -1.501346 -0.34089 0.788451
v -1.495226 -0.252727 0.848715
v -1.485141 -0.166465 0.904305
v -1.47191 -0.082231 0.953397
v -1.456715 -0.0 0.995675
v -1.440367 0.080472 1.032283
v -1.417442 0.158883 1.062541
v -1.370548 0.231621 1.079536
v -1.297871 0.29453 1.083505
v -1.2136 0.347445 1.082962
v -1.140624 0.396468 1.092112
v -1.104181 0.454357 1.129064
v -1.0712 0.512554 1.173362
v -1.027535 0.564303 1.212834
v -0.971205 0.606351 1.242077
v -0.908762 0.640594 1.262928
v -0.84819 0.671911 1.280797
v -0.792875 0.703803 1.299175
v -0.741394 0.736418 1.317764
v -0.690182 0.767131 1.333591
v -0.638905 0.795785 1.347016
v -0.587407 0.822316 1.358482
v -0.535598 0.846679 1.3683
v -0.483454 0.868873 1.376653
v -0.43098 0.888933 1.383638
v -0.378188 0.906899 1.389322
v -0.325077 0.922781 1.393785
v -0.271636 0.936541 1.397139
v -0.21786 0.9481 1.399524
v -0.163758 0.957343 1.401091
v -0.109367 0.964144 1.401993
v -0.054749 0.968361 1.402387
v 0.056604 1.001164 1.365026
v 0.0 1.002671 1.365109
v 0.113075 0.996832 1.364559
v 0.169326 0.989891 1.363455
v 0.225303 0.980492 1.361533
v 0.280968 0.968715 1.358682
v 0.336276 0.954573 1.354858
v 0.391176 0.938045 1.350052
v 0.445614 0.919117 1.34423
v 0.499562 0.897823 1.337287
v 0.553041 0.874253 1.329005
v 0.606134 0.848532 1.319063
v 0.658963 0.820768 1.307084
v 0.711646 0.790988 1.292719
v 0.764228 0.759099 1.275731
v 0.816631 0.724889 1.256056
v 0.868636 0.688065 1.233799
v 0.92173 0.64963 1.21075
v 0.977759 0.610308 1.188514
v 1.029941 0.565489 1.161469
v 1.073341 0.513469 1.126427
v 1.112795 0.457844 1.087167
v 1.168829 0.406304 1.055905
v 1.25719 0.359985 1.038731
v 1.354758 0.307495 1.019576
v 1.434233 0.242412 0.985474
v 1.478612 0.16574 0.933385
v 1.503581 0.084 0.876408
v 1.523882 0.0 0.824709
v 1.540157 -0.086043 0.780837
v 1.550444 -0.173791 0.744992
v 1.554453 -0.262761 0.716168
v 1.548715 -0.351684 0.69037
v 1.532726 -0.439316 0.66305
v 1.508128 -0.524998 0.629655
v 1.479256 -0.609536 0.586943
v 1.446521 -0.692933 0.532171
v 1.409599 -0.774893 0.464893
v 1.368343 -0.855133 0.387338
v 1.320546 -0.931839 0.303478
v 1.252736 -0.993343 0.217316
v 1.163923 -1.033836 0.135919
v 1.086284 -1.079442 0.066506
v 1.009502 -1.122303 0.009059
v 0.930912 -1.159528 -0.030589
v 0.861437 -1.205934 -0.062116
v 0.791249 -1.250814 -0.089543
v 0.718531 -1.291358 -0.115103
v 0.644194 -1.328722 -0.140109
v 0.582882 -1.398284 -0.167148
v 0.519433 -1.475693 -0.192932
v 0.439337 -1.516169 -0.209883
v 0.344995 -1.502362 -0.212219
v 0.266837 -1.561496 -0.209923
v 0.185699 -1.63947 -0.196446
v 0.09408 -1.666645 -0.167457
v 0.0 -1.634978 -0.128757
v -0.088196 -1.561086 -0.089729
v -0.168637 -1.486883 -0.059108
v -0.24948 -1.458478 -0.041783
v -0.331439 -1.442384 -0.038252
v -0.412263 -1.421391 -0.047565
v -0.491716 -1.395815 -0.066307
v -0.587893 -1.410384 -0.09086
v -0.699154 -1.443587 -0.114921
v -0.801913 -1.443251 -0.128996
v -0.881352 -1.395203 -0.126176
v -0.934975 -1.310298 -0.104978
v -0.970125 -1.209045 -0.068675
v -1.021432 -1.135744 -0.022865
v -1.098552 -1.091787 0.036152
v -1.172746 -1.04176 0.105376
v -1.267775 -1.005389 0.177795
v -1.347924 -0.951347 0.248511
v -1.403353 -0.877203 0.314224
v -1.448962 -0.796695 0.377225
v -1.484684 -0.711327 0.43934
v -1.511395 -0.622841 0.502558
v -1.53045 -0.532795 0.568116
v -1.541619 -0.441869 0.635467
v -1.545266 -0.350901 0.702767
v -1.542256 -0.260707 0.767384
v -1.53376 -0.171935 0.826678
v -1.520911 -0.084979 0.878751
v -1.505956 -0.0 0.923603
v -1.487236 0.083098 0.961262
v -1.46517 0.164248 0.994013
v -1.421546 0.240271 1.015712
v -1.351336 0.306717 1.025353
v -1.26434 0.362038 1.028442
v -1.181843 0.410839 1.03667
v -1.124702 0.462741 1.063115
v -1.079176 0.516223 1.100352
v -1.033209 0.567238 1.13948
v -0.980841 0.612202 1.173748
v -0.924798 0.651784 1.20259
v -0.870946 0.689895 1.229562
v -0.81806 0.726157 1.253399
v -0.765345 0.760208 1.273606
v -0.712682 0.792139 1.290678
v -0.659893 0.821927 1.305169
v -0.606828 0.849504 1.317552
v -0.553404 0.874826 1.328161
v -0.4996 0.897892 1.337191
v -0.44543 0.918737 1.344744
v -0.390907 0.9374 1.350892
v -0.336036 0.953891 1.355721
v -0.280811 0.968173 1.35935
v -0.225228 0.980164 1.361931
v -0.169301 0.989747 1.363627
v -0.113071 0.996794 1.364603
v -0.056604 1.001161 1.365029
v 0.058408 1.033077 1.326267
v 0.0 1.034633 1.326357
v 0.116678 1.028598 1.325764
v 0.174718 1.021416 1.324575
v 0.232471 1.011685 1.322504
v 0.289892 0.999484 1.319433
v 0.346935 0.984828 1.315315
v 0.403541 0.967696 1.31014
v 0.459654 0.948075 1.303873
v 0.51524 0.925999 1.2964
v 0.570315 0.90156 1.28749
v 0.624958 0.874885 1.276798
v 0.679286 0.846081 1.263921
v 0.73341 0.815178 1.248488
v 0.787365 0.782081 1.230251
v 0.841062 0.746574 1.209145
v 0.894267 0.708368 1.185289
v 0.946647 0.667174 1.158903
v 0.997844 0.622779 1.130168
v 1.04757 0.575086 1.09907
v 1.095658 0.5241 1.065311
v 1.142186 0.469934 1.028411
v 1.203337 0.418318 0.99681
v 1.290049 0.369399 0.973687
v 1.378185 0.312786 0.944519
v 1.442557 0.243769 0.899439
v 1.471788 0.164922 0.83893
v 1.491775 0.083311 0.778922
v 1.50954 0.0 0.725256
v 1.525656 -0.085204 0.680209
v 1.54072 -0.17265 0.644679
v 1.551291 -0.262165 0.616595
v 1.556009 -0.353289 0.592667
v 1.551289 -0.444616 0.567436
v 1.536559 -0.534916 0.535567
v 1.513673 -0.623782 0.492853
v 1.485226 -0.711587 0.436937
v 1.451718 -0.798219 0.367462
v 1.412657 -0.883065 0.286604
v 1.361026 -0.96067 0.198147
v 1.279648 -1.014888 0.107712
v 1.202433 -1.068449 0.024726
v 1.132385 -1.125851 -0.039364
v 1.050134 -1.168103 -0.089112
v 0.958379 -1.194257 -0.128165
v 0.864814 -1.210805 -0.158691
v 0.786406 -1.243159 -0.186046
v 0.71325 -1.281867 -0.21241
v 0.638042 -1.316016 -0.238075
v 0.563334 -1.350953 -0.263362
v 0.493822 -1.402208 -0.288513
v 0.419555 -1.447262 -0.307259
v 0.332742 -1.448546 -0.310307
v 0.260006 -1.521251 -0.311935
v 0.182496 -1.611057 -0.302582
v 0.093329 -1.653365 -0.27516
v 0.0 -1.631477 -0.234313
v -0.088105 -1.559576 -0.19062
v -0.168115 -1.482309 -0.155543
v -0.248507 -1.452792 -0.136711
v -0.3302 -1.436993 -0.13306
v -0.410547 -1.415475 -0.142689
v -0.491703 -1.395875 -0.162637
v -0.593757 -1.424748 -0.191682
v -0.70349 -1.452778 -0.21975
v -0.79902 -1.438112 -0.234928
v -0.86859 -1.374881 -0.230113
v -0.914161 -1.280872 -0.205253
v -0.973987 -1.213999 -0.168499
v -1.06399 -1.183734 -0.122757
v -1.14419 -1.137744 -0.06695
v -1.214619 -1.079412 -0.006622
v -1.276554 -1.012391 0.064644
v -1.36163 -0.961071 0.13664
v -1.420111 -0.887724 0.204766
v -1.459584 -0.802518 0.269219
v -1.492096 -0.714829 0.333027
v -1.518514 -0.625718 0.398412
v -1.537636 -0.535238 0.466241
v -1.550139 -0.444258 0.536209
v -1.55645 -0.3534 0.606547
v -1.556619 -0.263107 0.674418
v -1.550946 -0.173844 0.736853
v -1.539963 -0.086035 0.79164
v -1.524001 -0.0 0.837872
v -1.503582 0.084 0.876389
v -1.479569 0.165836 0.909669
v -1.44302 0.243875 0.93667
v -1.376957 0.312512 0.951659
v -1.293537 0.37039 0.960823
v -1.212552 0.421517 0.974118
v -1.154311 0.474923 1.003093
v -1.107179 0.529611 1.041921
v -1.056836 0.580173 1.080615
v -1.004316 0.626818 1.117436
v -0.950649 0.669994 1.151068
v -0.896577 0.710198 1.18075
v -0.842494 0.747845 1.206296
v -0.788486 0.783194 1.22797
v -0.734451 0.816336 1.246297
v -0.680223 0.847248 1.261863
v -0.625658 0.875864 1.275173
v -0.570681 0.902138 1.286582
v -0.515278 0.926068 1.296296
v -0.459468 0.947691 1.304426
v -0.403269 0.967044 1.311044
v -0.346692 0.984139 1.316244
v -0.289733 0.998937 1.320153
v -0.232394 1.011353 1.322932
v -0.174693 1.021271 1.32476
v -0.116674 1.02856 1.325812
v -0.058408 1.033074 1.326271
v 0.060161 1.064074 1.286175
v 0.0 1.065678 1.286272
v 0.120178 1.059451 1.285635
v 0.179955 1.052033 1.28436
v 0.239431 1.041974 1.282139
v 0.298556 1.029355 1.278846
v 0.357279 1.014192 1.274431
v 0.415537 0.996462 1.268883
v 0.473268 0.976156 1.262166
v 0.530434 0.953306 1.254159
v 0.587045 0.928007 1.244615
v 0.643175 0.900386 1.233168
v 0.698934 0.870553 1.219388
v 0.754424 0.838535 1.202882
v 0.809672 0.804238 1.18339
v 0.864575 0.767446 1.160849
v 0.918886 0.727869 1.135395
v 0.972255 0.685222 1.107267
v 1.024313 0.639299 1.076667
v 1.074755 0.59001 1.043588
v 1.123397 0.537369 1.007718
v 1.170145 0.481437 0.968462
v 1.225794 0.426096 0.930736
v 1.302857 0.373004 0.898705
v 1.378306 0.312728 0.859931
v 1.424687 0.24065 0.80505
v 1.444632 0.161802 0.740449
v 1.461323 0.081571 0.678981
v 1.477165 0.0 0.624207
v 1.492952 -0.083338 0.578317
v 1.540501 -0.172592 0.549886
v 1.549732 -0.261851 0.51992
v 1.537239 -0.348916 0.490658
v 1.539421 -0.441102 0.465759
v 1.534208 -0.534006 0.434693
v 1.517689 -0.625369 0.391821
v 1.49227 -0.714914 0.334591
v 1.458926 -0.802147 0.262771
v 1.417469 -0.88604 0.178818
v 1.35045 -0.953069 0.086838
v 1.295925 -1.027937 -0.00352
v 1.235613 -1.098316 -0.075092
v 1.165776 -1.159518 -0.138416
v 1.086936 -1.209647 -0.190969
v 0.996245 -1.242176 -0.231781
v 0.893023 -1.250976 -0.261503
v 0.788125 -1.246088 -0.284114
v 0.704867 -1.266801 -0.308673
v 0.62969 -1.29879 -0.33497
v 0.553045 -1.326208 -0.360115
v 0.475426 -1.34957 -0.382022
v 0.400483 -1.380927 -0.399704
v 0.320924 -1.396735 -0.404958
v 0.251907 -1.473578 -0.410129
v 0.178175 -1.572751 -0.405711
v 0.092076 -1.631179 -0.381482
v 0.0 -1.620439 -0.339495
v -0.087685 -1.552241 -0.291387
v -0.166982 -1.472359 -0.251492
v -0.246517 -1.44116 -0.230925
v -0.327614 -1.425737 -0.227169
v -0.407142 -1.403737 -0.237074
v -0.489617 -1.390045 -0.258812
v -0.594148 -1.42589 -0.292801
v -0.701892 -1.449642 -0.324536
v -0.788954 -1.419984 -0.339196
v -0.847489 -1.341271 -0.330569
v -0.903613 -1.266083 -0.305569
v -1.007381 -1.256301 -0.275305
v -1.094046 -1.2177 -0.226817
v -1.170104 -1.163899 -0.16766
v -1.239282 -1.10163 -0.104165
v -1.302529 -1.033243 -0.040814
v -1.359521 -0.959538 0.023765
v -1.409996 -0.881281 0.09325
v -1.453598 -0.799129 0.160086
v -1.490882 -0.714173 0.226538
v -1.518455 -0.625622 0.294287
v -1.535487 -0.534409 0.364012
v -1.538615 -0.440847 0.434247
v -1.539669 -0.349483 0.505092
v -1.54282 -0.260696 0.575157
v -1.539507 -0.172511 0.639632
v -1.529624 -0.085431 0.696031
v -1.513636 -0.0 0.743404
v -1.492658 0.083362 0.782741
v -1.46664 0.164328 0.816135
v -1.434223 0.242307 0.845981
v -1.37904 0.312905 0.868044
v -1.30383 0.373267 0.884296
v -1.232008 0.428239 0.905542
v -1.182032 0.486328 0.94164
v -1.134718 0.542784 0.98289
v -1.083897 0.595028 1.023973
v -1.030721 0.643298 1.063119
v -0.97623 0.688023 1.098921
v -0.921186 0.729691 1.130554
v -0.866004 0.768714 1.157808
v -0.810793 0.805351 1.180953
v -0.755467 0.839695 1.200539
v -0.699873 0.871723 1.217186
v -0.643877 0.901369 1.231429
v -0.587413 0.928588 1.243643
v -0.530472 0.953376 1.254048
v -0.473081 0.975769 1.262758
v -0.415264 0.995807 1.269852
v -0.357035 1.013498 1.275427
v -0.298396 1.028804 1.279618
v -0.239354 1.04164 1.282599
v -0.17993 1.051887 1.284558
v -0.120174 1.059413 1.285687
v -0.060161 1.06407 1.286179
v 0.06186 1.094127 1.244822
v 0.0 1.095778 1.244925
v 0.123571 1.089365 1.244246
v 0.185033 1.081715 1.242884
v 0.246177 1.071333 1.240511
v 0.306952 1.058302 1.236994
v 0.367299 1.042637 1.23228
v 0.427153 1.024317 1.226357
v 0.486444 1.003333 1.219188
v 0.54513 0.979719 1.210644
v 0.603216 0.953569 1.200464
v 0.660766 0.925013 1.188258
v 0.717886 0.894159 1.173573
v 0.774668 0.861036 1.155993
v 0.831126 0.825548 1.135245
v 0.887145 0.78748 1.111272
v 0.942463 0.746545 1.084223
v 0.996716 0.702462 1.054362
v 1.049521 0.655032 1.021909
v 1.100557 0.604174 0.986863
v 1.149621 0.549913 0.948903
v 1.196596 0.49232 0.907407
v 1.243097 0.432067 0.862479
v 1.306447 0.373944 0.820957
v 1.36619 0.309865 0.772929
v 1.396442 0.235762 0.710881
v 1.41529 0.158437 0.645816
v 1.432276 0.079911 0.584139
v 1.490064 0.0 0.539266
v 1.562226 -0.08724 0.504225
v 1.60245 -0.179591 0.469894
v 1.603982 -0.271091 0.435965
v 1.591002 -0.36122 0.40517
v 1.571763 -0.450423 0.374346
v 1.547407 -0.538591 0.338113
v 1.519327 -0.625984 0.291648
v 1.489386 -0.713451 0.231862
v 1.454156 -0.799438 0.157606
v 1.41194 -0.882505 0.071047
v 1.361048 -0.960629 -0.018775
v 1.30179 -1.032669 -0.097356
v 1.236137 -1.098849 -0.171447
v 1.166866 -1.160717 -0.237245
v 1.094542 -1.218357 -0.292816
v 1.011973 -1.262211 -0.336569
v 0.909195 -1.274137 -0.366504
v 0.799423 -1.264438 -0.387041
v 0.69492 -1.248962 -0.404124
v 0.618544 -1.275799 -0.430311
v 0.542461 -1.300827 -0.455893
v 0.465716 -1.322008 -0.478153
v 0.388835 -1.340617 -0.493871
v 0.312079 -1.358132 -0.499719
v 0.242831 -1.420208 -0.504286
v 0.172665 -1.523907 -0.504775
v 0.090309 -1.599861 -0.485702
v 0.0 -1.601776 -0.443832
v -0.086912 -1.538686 -0.391706
v -0.165219 -1.456863 -0.346684
v -0.243519 -1.423629 -0.32409
v -0.32369 -1.408662 -0.320245
v -0.402063 -1.386225 -0.330383
v -0.485765 -1.379214 -0.354644
v -0.591591 -1.419943 -0.394006
v -0.69521 -1.435953 -0.428354
v -0.773396 -1.391928 -0.440973
v -0.821046 -1.299174 -0.426944
v -0.904726 -1.267909 -0.409393
v -1.003662 -1.251815 -0.378303
v -1.086459 -1.209317 -0.327738
v -1.158401 -1.152237 -0.265977
v -1.227714 -1.0913 -0.200526
v -1.292914 -1.025564 -0.135374
v -1.35196 -0.954148 -0.072846
v -1.405016 -0.878119 -0.013515
v -1.452378 -0.798421 0.052539
v -1.494161 -0.715722 0.12149
v -1.530882 -0.630754 0.192554
v -1.560964 -0.543329 0.266805
v -1.580455 -0.452928 0.343194
v -1.585399 -0.35994 0.418619
v -1.57611 -0.266347 0.489377
v -1.541621 -0.172719 0.548873
v -1.500102 -0.083745 0.59819
v -1.485151 -0.0 0.646615
v -1.463982 0.081722 0.686579
v -1.437978 0.161039 0.720615
v -1.409169 0.237963 0.752442
v -1.367689 0.310217 0.781336
v -1.306917 0.374061 0.806132
v -1.251054 0.434825 0.837276
v -1.208145 0.497072 0.879083
v -1.160678 0.555202 0.922653
v -1.109527 0.609098 0.966101
v -1.055833 0.658971 1.007551
v -1.000646 0.705231 1.045507
v -0.944744 0.748351 1.079082
v -0.888565 0.788741 1.108039
v -0.832242 0.826657 1.132652
v -0.775709 0.862193 1.153498
v -0.718824 0.895328 1.171227
v -0.661469 0.925996 1.186405
v -0.603583 0.95415 1.199428
v -0.545169 0.979788 1.210526
v -0.486257 1.002945 1.21982
v -0.426879 1.02366 1.227392
v -0.367054 1.041941 1.233343
v -0.306791 1.057749 1.237819
v -0.2461 1.070997 1.241002
v -0.185007 1.081568 1.243095
v -0.123567 1.089326 1.244301
v -0.06186 1.094124 1.244827
v 0.063504 1.12321 1.202282
v 0.0 1.124907 1.202392
v 0.126855 1.118311 1.201669
v 0.189945 1.110434 1.20022
v 0.252703 1.099735 1.197695
v 0.315072 1.086298 1.193953
v 0.376988 1.070138 1.188939
v 0.438378 1.051236 1.18264
v 0.499171 1.029582 1.175017
v 0.559315 1.005212 1.165936
v 0.61881 0.978222 1.155119
v 0.677715 0.94874 1.142155
v 0.736124 0.916876 1.126565
v 0.79412 0.882657 1.107912
v 0.851705 0.845988 1.085913
v 0.908747 0.806656 1.060513
v 0.964972 0.764375 1.031879
v 1.020002 0.718873 1.000297
v 1.073437 0.669958 0.966007
v 1.124943 0.617561 0.929015
v 1.174296 0.561716 0.888988
v 1.221352 0.502505 0.845282
v 1.26594 0.439999 0.797145
v 1.311414 0.375291 0.745502
v 1.354704 0.307154 0.689212
v 1.383057 0.233421 0.625613
v 1.408705 0.157658 0.561665
v 1.461725 0.081562 0.507416
v 1.534035 0.0 0.461475
v 1.590469 -0.088824 0.41845
v 1.614587 -0.180945 0.378074
v 1.60997 -0.272083 0.341697
v 1.597604 -0.362698 0.310031
v 1.581808 -0.453291 0.278696
v 1.559673 -0.542863 0.241543
v 1.530947 -0.630782 0.193394
v 1.495938 -0.716586 0.130999
v 1.452656 -0.798576 0.053777
v 1.39991 -0.87489 -0.029189
v 1.338304 -0.944409 -0.108616
v 1.270074 -1.007272 -0.188056
v 1.196913 -1.06367 -0.262257
v 1.125096 -1.118821 -0.32827
v 1.056627 -1.175844 -0.385163
v 0.978397 -1.220066 -0.429846
v 0.887264 -1.243299 -0.461877
v 0.784773 -1.24128 -0.482744
v 0.682474 -1.226641 -0.498345
v 0.604651 -1.247144 -0.523699
v 0.529422 -1.26956 -0.549572
v 0.453864 -1.288362 -0.57205
v 0.378541 -1.305125 -0.587904
v 0.303697 -1.321653 -0.593798
v 0.233033 -1.362642 -0.594396
v 0.165616 -1.461399 -0.597767
v 0.08729 -1.546187 -0.58353
v 0.0 -1.569539 -0.545372
v -0.085759 -1.518383 -0.491141
v -0.162878 -1.436284 -0.440936
v -0.239523 -1.40027 -0.415862
v -0.318446 -1.385838 -0.411947
v -0.39533 -1.363011 -0.422269
v -0.479406 -1.361249 -0.449421
v -0.584936 -1.404113 -0.494116
v -0.684323 -1.413549 -0.530624
v -0.752776 -1.354724 -0.539387
v -0.790467 -1.250522 -0.518784
v -0.864147 -1.210645 -0.498573
v -0.949895 -1.18421 -0.465287
v -1.030286 -1.146259 -0.415276
v -1.104194 -1.097837 -0.354306
v -1.176412 -1.04527 -0.289392
v -1.246522 -0.988403 -0.224632
v -1.309092 -0.923576 -0.161861
v -1.362318 -0.851131 -0.101841
v -1.410986 -0.77539 -0.043958
v -1.45628 -0.697339 0.016455
v -1.499159 -0.617496 0.088693
v -1.539339 -0.535673 0.164819
v -1.574389 -0.451127 0.244492
v -1.599819 -0.363212 0.325198
v -1.612118 -0.27247 0.402927
v -1.601606 -0.179496 0.471746
v -1.548068 -0.086442 0.522932
v -1.472543 -0.0 0.558239
v -1.434705 0.080051 0.594581
v -1.411794 0.158035 0.630232
v -1.385715 0.233899 0.663558
v -1.355125 0.307257 0.697218
v -1.313861 0.375983 0.731211
v -1.275121 0.44319 0.771457
v -1.232492 0.507089 0.815475
v -1.185023 0.566847 0.861334
v -1.133691 0.622364 0.907117
v -1.079622 0.673819 0.950847
v -1.023867 0.721597 0.990937
v -0.967223 0.766158 1.02644
v -0.910153 0.807903 1.057089
v -0.852811 0.847088 1.083165
v -0.795154 0.883806 1.105266
v -0.737058 0.918039 1.124075
v -0.678415 0.949719 1.140187
v -0.619177 0.978801 1.154018
v -0.559354 1.005282 1.16581
v -0.498983 1.029195 1.175689
v -0.438104 1.050578 1.18374
v -0.376742 1.069442 1.19007
v -0.314911 1.085744 1.194831
v -0.252626 1.099399 1.198218
v -0.18992 1.110287 1.200445
v -0.12685 1.118273 1.201727
v -0.063504 1.123207 1.202287
v 0.065092 1.151298 1.158629
v 0.0 1.153039 1.158746
v 0.130026 1.146265 1.157979
v 0.194689 1.138166 1.156443
v 0.259004 1.127155 1.153766
v 0.322909 1.113318 1.1498
v 0.386334 1.09667 1.144485
v 0.449203 1.077193 1.13781
v 0.511435 1.054878 1.129735
v 0.572975 1.029762 1.120117
v 0.633815 1.001941 1.108664
v 0.694005 0.971544 1.094943
v 0.75363 0.93868 1.078451
v 0.812761 0.903376 1.05873
v 0.871385 0.865537 1.035487
v 0.929358 0.824951 1.008671
v 0.986389 0.781339 0.978464
v 1.042084 0.734436 0.945178
v 1.096031 0.68406 0.909069
v 1.14788 0.630153 0.870154
v 1.197387 0.572761 0.828088
v 1.244379 0.511979 0.782202
v 1.288652 0.447893 0.731719
v 1.329823 0.380544 0.67612
v 1.367228 0.309966 0.615569
v 1.399927 0.236261 0.551238
v 1.431858 0.160256 0.486545
v 1.483348 0.082771 0.428294
v 1.534736 0.0 0.374272
v 1.572436 -0.087794 0.325084
v 1.581471 -0.17717 0.280941
v 1.570879 -0.265372 0.243273
v 1.560377 -0.354114 0.211323
v 1.54814 -0.443494 0.179685
v 1.528716 -0.531925 0.142028
v 1.50127 -0.618377 0.093103
v 1.462754 -0.700479 0.029592
v 1.413456 -0.776764 -0.039987
v 1.354147 -0.845968 -0.114248
v 1.286938 -0.90778 -0.193491
v 1.232113 -0.976902 -0.275099
v 1.17046 -1.040027 -0.352354
v 1.099022 -1.092778 -0.419746
v 1.021264 -1.136262 -0.474935
v 0.938206 -1.16963 -0.517577
v 0.848028 -1.187972 -0.548083
v 0.753625 -1.19176 -0.569558
v 0.663919 -1.193267 -0.588883
v 0.588074 -1.212953 -0.61474
v 0.513987 -1.232546 -0.640743
v 0.439922 -1.248787 -0.663297
v 0.366484 -1.263557 -0.679182
v 0.293894 -1.278992 -0.685083
v 0.223198 -1.304942 -0.681628
v 0.157198 -1.386743 -0.683424
v 0.083293 -1.475062 -0.673562
v 0.0 -1.512858 -0.639422
v -0.083553 -1.479285 -0.585949
v -0.159568 -1.407126 -0.533109
v -0.234547 -1.37118 -0.50589
v -0.311902 -1.357359 -0.501926
v -0.386971 -1.33419 -0.512377
v -0.470174 -1.335091 -0.542283
v -0.572977 -1.375466 -0.591285
v -0.665059 -1.373707 -0.627706
v -0.724563 -1.303759 -0.631814
v -0.756977 -1.197275 -0.606002
v -0.851477 -1.193048 -0.597239
v -0.940088 -1.172164 -0.565013
v -1.022364 -1.137616 -0.514152
v -1.100232 -1.094075 -0.451985
v -1.173679 -1.042986 -0.384811
v -1.24063 -0.983801 -0.317131
v -1.300839 -0.91777 -0.251919
v -1.353128 -0.845374 -0.189804
v -1.397164 -0.76773 -0.12985
v -1.430665 -0.68493 -0.070191
v -1.439189 -0.59248 -0.009284
v -1.483931 -0.516134 0.064527
v -1.528139 -0.437685 0.144644
v -1.568649 -0.356019 0.227111
v -1.60044 -0.270444 0.308395
v -1.615321 -0.18103 0.383503
v -1.587884 -0.088681 0.443816
v -1.524643 -0.0 0.486855
v -1.455733 0.081225 0.518892
v -1.412072 0.158036 0.550694
v -1.390673 0.234699 0.586479
v -1.365136 0.309492 0.622927
v -1.334117 0.381773 0.662029
v -1.297364 0.450921 0.704799
v -1.255035 0.516364 0.750936
v -1.20772 0.577704 0.79905
v -1.156359 0.634808 0.847135
v -1.102057 0.687821 0.893117
v -1.045866 0.737101 0.935318
v -0.988599 0.78309 0.972729
v -0.930743 0.82618 1.005057
v -0.872478 0.866623 1.032585
v -0.813785 0.904514 1.055934
v -0.754556 0.939833 1.075819
v -0.6947 0.972517 1.092861
v -0.63418 1.002517 1.107498
v -0.573013 1.029832 1.119983
v -0.511248 1.054492 1.130446
v -0.44893 1.076538 1.138976
v -0.38609 1.095976 1.145683
v -0.322748 1.112766 1.15073
v -0.258927 1.12682 1.15432
v -0.194664 1.138019 1.156681
v -0.130021 1.146227 1.158041
v -0.065092 1.151295 1.158635
v 0.066623 1.178365 1.113939
v 0.0 1.180149 1.114061
v 0.133081 1.173202 1.113251
v 0.199259 1.164885 1.111628
v 0.265074 1.153569 1.1088
v 0.330455 1.139338 1.104609
v 0.395331 1.122209 1.098995
v 0.459617 1.102165 1.091945
v 0.523226 1.079198 1.083418
v 0.586097 1.053346 1.073266
v 0.648215 1.024705 1.06118
v 0.70962 0.993404 1.046707
v 0.770386 0.95955 1.029319
v 0.830571 0.923172 1.008537
v 0.890148 0.884174 0.984059
v 0.948955 0.842347 0.955838
v 1.006687 0.797418 0.924075
v 1.062937 0.749132 0.889102
v 1.117276 0.69732 0.851198
v 1.16934 0.641934 0.810385
v 1.218863 0.583034 0.766309
v 1.265645 0.520729 0.718276
v 1.309442 0.455119 0.665484
v 1.349837 0.386271 0.607402
v 1.386139 0.314254 0.544217
v 1.417415 0.239212 0.477162
v 1.445762 0.16181 0.4092
v 1.47575 0.082331 0.344086
v 1.504039 0.0 0.284121
v 1.525424 -0.085128 0.231222
v 1.519592 -0.170138 0.185072
v 1.508641 -0.25471 0.147413
v 1.49872 -0.339927 0.115267
v 1.487019 -0.425747 0.083242
v 1.469176 -0.510934 0.045274
v 1.441722 -0.593536 -0.003019
v 1.418214 -0.67889 -0.056032
v 1.390484 -0.764009 -0.122421
v 1.352461 -0.844961 -0.200106
v 1.300244 -0.917385 -0.284043
v 1.235581 -0.979836 -0.367916
v 1.163066 -1.033579 -0.446038
v 1.087626 -1.081565 -0.514728
v 1.011346 -1.125402 -0.572249
v 0.932698 -1.163039 -0.617996
v 0.849008 -1.189772 -0.652295
v 0.757896 -1.199054 -0.67573
v 0.662137 -1.190516 -0.690959
v 0.571084 -1.177971 -0.704919
v 0.496226 -1.189955 -0.729003
v 0.423956 -1.203465 -0.751481
v 0.352721 -1.216104 -0.767288
v 0.282717 -1.23035 -0.773155
v 0.213476 -1.247997 -0.766766
v 0.147804 -1.303449 -0.761391
v 0.07825 -1.385268 -0.752837
v 0.0 -1.433352 -0.723158
v -0.080339 -1.422201 -0.674043
v -0.155105 -1.367745 -0.621907
v -0.228611 -1.336477 -0.593824
v -0.304085 -1.32334 -0.589831
v -0.37702 -1.299882 -0.600354
v -0.455991 -1.294763 -0.63045
v -0.549429 -1.318725 -0.678487
v -0.63022 -1.301377 -0.711348
v -0.684109 -1.230568 -0.712783
v -0.757868 -1.199183 -0.712925
v -0.843747 -1.182524 -0.700002
v -0.922637 -1.15053 -0.662383
v -1.000181 -1.112964 -0.608374
v -1.077468 -1.071437 -0.544554
v -1.153269 -1.024846 -0.4764
v -1.225479 -0.971808 -0.408061
v -1.292873 -0.912207 -0.342109
v -1.353736 -0.845849 -0.278947
v -1.408603 -0.774154 -0.217647
v -1.455518 -0.697013 -0.156066
v -1.478482 -0.608879 -0.091783
v -1.459656 -0.50758 -0.025307
v -1.46605 -0.419662 0.049076
v -1.508107 -0.342087 0.130735
v -1.548429 -0.261526 0.212038
v -1.581455 -0.17717 0.289314
v -1.577958 -0.088109 0.355098
v -1.536362 -0.0 0.405424
v -1.480344 0.082604 0.443753
v -1.433961 0.160492 0.477529
v -1.409075 0.237805 0.513885
v -1.384224 0.31382 0.551891
v -1.353822 0.387412 0.592693
v -1.31762 0.457961 0.637355
v -1.275743 0.524884 0.685573
v -1.228738 0.587758 0.735907
v -1.177499 0.646413 0.786261
v -1.123109 0.70096 0.834464
v -1.066616 0.751725 0.878749
v -1.008847 0.799129 0.918047
v -0.950313 0.843552 0.952037
v -0.891223 0.885241 0.981004
v -0.83158 0.924293 1.005591
v -0.771301 0.960689 1.026544
v -0.710307 0.994366 1.044511
v -0.648576 1.025276 1.05995
v -0.586136 1.053415 1.073125
v -0.523041 1.078816 1.08417
v -0.459345 1.101515 1.093177
v -0.395088 1.121519 1.100261
v -0.330296 1.138789 1.105592
v -0.264997 1.153235 1.109385
v -0.199234 1.164739 1.11188
v -0.133077 1.173164 1.113317
v -0.066622 1.178362 1.113944
v 0.068094 1.204387 1.068283
v 0.0 1.206213 1.068413
v 0.136019 1.199098 1.067559
v 0.203652 1.190568 1.065849
v 0.270906 1.178952 1.06287
v 0.337705 1.164334 1.058457
v 0.40397 1.146732 1.052544
v 0.46961 1.12613 1.045122
v 0.534533 1.10252 1.036146
v 0.59867 1.075942 1.025462
v 0.661997 1.046492 1.012748
v 0.724545 1.014297 0.997527
v 0.786376 0.979466 0.97925
v 0.847533 0.942025 0.957417
v 0.907973 0.901879 0.931716
v 0.967517 0.858824 0.902105
v 1.025846 0.812594 0.868802
v 1.082535 0.762945 0.832164
v 1.137146 0.709721 0.792489
v 1.189296 0.652889 0.749805
v 1.238696 0.592521 0.703748
v 1.285118 0.528741 0.653603
v 1.328279 0.461666 0.598541
v 1.367723 0.39139 0.538023
v 1.402736 0.318016 0.472256
v 1.432392 0.24174 0.402537
v 1.45574 0.162922 0.331333
v 1.472069 0.082115 0.261973
v 1.482465 0.0 0.198106
v 1.486318 -0.082912 0.142386
v 1.479687 -0.165603 0.09582
v 1.469148 -0.247945 0.057829
v 1.454629 -0.329788 0.025051
v 1.446858 -0.414094 -0.006111
v 1.446386 -0.502906 -0.038497
v 1.440402 -0.592997 -0.08101
v 1.413423 -0.676595 -0.135989
v 1.369234 -0.75224 -0.203379
v 1.313338 -0.820304 -0.28077
v 1.246804 -0.879348 -0.363215
v 1.173042 -0.929817 -0.444966
v 1.09683 -0.974237 -0.521157
v 1.022038 -1.015843 -0.588741
v 0.949688 -1.056308 -0.646317
v 0.878262 -1.094739 -0.693745
v 0.806507 -1.129938 -0.732698
v 0.730379 -1.155482 -0.763548
v 0.645275 -1.160363 -0.784173
v 0.557042 -1.149222 -0.798056
v 0.476441 -1.142518 -0.81422
v 0.406039 -1.152605 -0.836201
v 0.337315 -1.162989 -0.851817
v 0.270217 -1.175952 -0.857607
v 0.204162 -1.193547 -0.851301
v 0.138324 -1.219469 -0.833988
v 0.072076 -1.275275 -0.817557
v 0.0 -1.320201 -0.78854
v -0.075145 -1.329685 -0.746175
v -0.148779 -1.311786 -0.703868
v -0.221739 -1.296303 -0.679312
v -0.295026 -1.28392 -0.675314
v -0.365518 -1.260228 -0.685848
v -0.436143 -1.238207 -0.711218
v -0.5112 -1.226372 -0.74803
v -0.578299 -1.193405 -0.774422
v -0.644397 -1.158796 -0.789401
v -0.721472 -1.141415 -0.795701
v -0.789599 -1.106202 -0.773671
v -0.857951 -1.069323 -0.732352
v -0.931045 -1.035473 -0.678521
v -1.006486 -1.000305 -0.616044
v -1.080631 -0.959762 -0.549059
v -1.152507 -0.913434 -0.482051
v -1.220232 -0.860482 -0.417278
v -1.283087 -0.801281 -0.355266
v -1.34157 -0.736945 -0.295004
v -1.395605 -0.668025 -0.234396
v -1.441189 -0.593362 -0.171119
v -1.458071 -0.507036 -0.103506
v -1.45364 -0.416062 -0.034404
v -1.457396 -0.330424 0.040112
v -1.483512 -0.250408 0.119908
v -1.508116 -0.168838 0.195213
v -1.518167 -0.084721 0.262288
v -1.499916 -0.0 0.317265
v -1.471396 0.082087 0.362315
v -1.445646 0.161795 0.402038
v -1.425059 0.240502 0.44071
v -1.401015 0.317626 0.48024
v -1.371363 0.392431 0.522706
v -1.335856 0.464299 0.569224
v -1.294586 0.532636 0.619488
v -1.248046 0.596993 0.672003
v -1.197085 0.657165 0.724591
v -1.142754 0.713221 0.774982
v -1.086093 0.765452 0.821323
v -1.027944 0.814256 0.862486
v -0.968842 0.859999 0.898119
v -0.909025 0.902924 0.928509
v -0.848523 0.943125 0.954323
v -0.787275 0.980586 0.976334
v -0.725222 1.015245 0.995219
v -0.662353 1.047054 1.011454
v -0.598708 1.07601 1.025314
v -0.53435 1.102142 1.036937
v -0.469341 1.125486 1.046418
v -0.40373 1.146049 1.053877
v -0.337548 1.163791 1.059491
v -0.27083 1.178622 1.063487
v -0.203628 1.190423 1.066115
v -0.136014 1.19906 1.067628
v -0.068094 1.204384 1.068289
v 0.069505 1.229342 1.021735
v 0.0 1.231208 1.021871
v 0.138836 1.22393 1.020975
v 0.207864 1.215192 1.019178
v 0.276497 1.203282 1.01605
v 0.344652 1.188284 1.011415
v 0.412243 1.170217 1.005207
v 0.479174 1.149064 0.997414
v 0.545345 1.124821 0.987993
v 0.610681 1.097528 0.976781
v 0.675148 1.06728 0.963444
v 0.738766 1.034205 0.947483
v 0.801584 0.998408 0.928324
v 0.863629 0.959915 0.90545
v 0.924841 0.918634 0.87854
v 0.985024 0.874364 0.847556
v 1.043842 0.826849 0.812732
v 1.100857 0.775857 0.774451
v 1.155616 0.721248 0.733028
v 1.20772 0.663003 0.688501
v 1.25686 0.601209 0.640496
v 1.302771 0.536004 0.588274
v 1.345134 0.467524 0.530984
v 1.383453 0.395891 0.468077
v 1.416989 0.321248 0.399785
v 1.444829 0.243839 0.32747
v 1.466088 0.16408 0.2537
v 1.480176 0.082567 0.181929
v 1.486989 0.0 0.115794
v 1.486914 -0.082943 0.058185
v 1.480613 -0.165705 0.010332
v 1.468742 -0.247875 -0.023599
v 1.453609 -0.329556 -0.051572
v 1.438744 -0.411748 -0.079644
v 1.420629 -0.49385 -0.112845
v 1.393743 -0.57357 -0.155479
v 1.353685 -0.647684 -0.209925
v 1.303311 -0.715642 -0.276496
v 1.24391 -0.776507 -0.352761
v 1.176635 -0.829398 -0.434036
v 1.104035 -0.874646 -0.514751
v 1.029385 -0.913852 -0.589901
v 0.955302 -0.949016 -0.655991
v 0.881926 -0.980391 -0.710841
v 0.811433 -1.01085 -0.755994
v 0.743067 -1.040455 -0.793758
v 0.673557 -1.06502 -0.825317
v 0.601126 -1.080569 -0.851683
v 0.526895 -1.086874 -0.874324
v 0.454164 -1.089093 -0.89537
v 0.386253 -1.09644 -0.917071
v 0.320339 -1.104458 -0.932377
v 0.256454 -1.116055 -0.938045
v 0.193898 -1.133543 -0.931872
v 0.131272 -1.157252 -0.913325
v 0.067222 -1.18902 -0.886099
v 0.0 -1.22287 -0.852958
v -0.070302 -1.243542 -0.815056
v -0.141866 -1.250665 -0.78148
v -0.213959 -1.250823 -0.762012
v -0.284764 -1.239261 -0.758033
v -0.352514 -1.215389 -0.768514
v -0.416278 -1.18167 -0.789475
v -0.477674 -1.145517 -0.816195
v -0.537735 -1.109242 -0.840518
v -0.599381 -1.077429 -0.856127
v -0.660409 -1.044186 -0.853466
v -0.723768 -1.013364 -0.831989
v -0.791862 -0.986404 -0.794038
v -0.86542 -0.961991 -0.743423
v -0.942019 -0.935783 -0.683824
v -1.016479 -0.90236 -0.618589
v -1.087804 -0.861742 -0.55261
v -1.154611 -0.813808 -0.488512
v -1.21634 -0.759215 -0.426978
v -1.273192 -0.699016 -0.367034
v -1.325595 -0.634166 -0.306754
v -1.373575 -0.565222 -0.244186
v -1.410975 -0.490477 -0.17778
v -1.436462 -0.411093 -0.10848
v -1.453959 -0.329635 -0.038791
v -1.468703 -0.247868 0.034208
v -1.479115 -0.16554 0.1097
v -1.484833 -0.08283 0.17699
v -1.480066 -0.0 0.234559
v -1.469569 0.081975 0.283483
v -1.456448 0.163001 0.326616
v -1.438597 0.242787 0.367054
v -1.415483 0.320906 0.408071
v -1.386713 0.396824 0.452166
v -1.352045 0.469926 0.500502
v -1.311534 0.539609 0.552772
v -1.265618 0.605399 0.607431
v -1.21509 0.667049 0.662216
v -1.160965 0.724587 0.714761
v -1.104274 0.778266 0.76313
v -1.045868 0.828454 0.80613
v -0.986309 0.875504 0.843385
v -0.925865 0.919651 0.875183
v -0.864595 0.960989 0.90221
v -0.802464 0.999504 0.925268
v -0.73943 1.035134 0.945062
v -0.675497 1.067833 0.962087
v -0.610718 1.097595 0.976626
v -0.545165 1.124449 0.988823
v -0.478909 1.14843 0.998775
v -0.412006 1.169543 1.006606
v -0.344496 1.187748 1.012501
v -0.276422 1.202956 1.016697
v -0.20784 1.215049 1.019457
v -0.138831 1.223892 1.021047
v -0.069505 1.229338 1.021742
v 0.070854 1.253206 0.974364
v 0.0 1.255111 0.974507
v 0.141529 1.247675 0.973568
v 0.211892 1.238735 0.971686
v 0.281841 1.226538 0.968409
v 0.351289 1.211167 0.963554
v 0.420143 1.192642 0.957052
v 0.4883 1.170948 0.948892
v 0.555653 1.146082 0.93903
v 0.622119 1.118084 0.927296
v 0.687654 1.087051 0.913341
v 0.752268 1.053107 0.896648
v 0.815994 1.016357 0.876617
v 0.878842 0.976824 0.852714
v 0.940734 0.93442 0.824608
v 1.001456 0.88895 0.792268
v 1.060655 0.840167 0.755945
v 1.11788 0.787855 0.716043
v 1.172663 0.731888 0.672899
v 1.22459 0.672265 0.626558
v 1.273328 0.609087 0.576636
v 1.31858 0.542508 0.522375
v 1.359983 0.472685 0.462899
v 1.397002 0.399768 0.397656
v 1.428875 0.323943 0.3269
v 1.454707 0.245506 0.252061
v 1.473682 0.16493 0.17581
v 1.485343 0.082855 0.101723
v 1.489761 0.0 0.033544
v 1.487487 -0.082975 -0.021106
v 1.479298 -0.165558 -0.061834
v 1.465862 -0.247388 -0.095089
v 1.447499 -0.328165 -0.123746
v 1.424115 -0.407527 -0.152217
v 1.395231 -0.484936 -0.185547
v 1.360056 -0.559573 -0.228245
v 1.317604 -0.630266 -0.283114
v 1.266967 -0.695529 -0.350401
v 1.207795 -0.753815 -0.427568
v 1.140792 -0.804003 -0.509823
v 1.0679 -0.845906 -0.59131
v 0.991931 -0.880495 -0.666587
v 0.91574 -0.909594 -0.73189
v 0.841362 -0.935166 -0.78577
v 0.76957 -0.958533 -0.82903
v 0.700007 -0.979946 -0.864087
v 0.63176 -0.998692 -0.893996
v 0.564025 -1.013676 -0.921406
v 0.49657 -1.024218 -0.947677
v 0.42984 -1.030762 -0.972439
v 0.36469 -1.03523 -0.993719
v 0.301871 -1.040783 -1.008594
v 0.241491 -1.050939 -1.014095
v 0.182731 -1.068261 -1.008103
v 0.124001 -1.093152 -0.990075
v 0.06351 -1.123306 -0.961562
v 0.0 -1.154185 -0.92642
v -0.066732 -1.180304 -0.890441
v -0.135751 -1.196742 -0.860245
v -0.205304 -1.200224 -0.841588
v -0.27334 -1.189543 -0.837654
v -0.338059 -1.165552 -0.848014
v -0.398429 -1.131004 -0.868679
v -0.454646 -1.090246 -0.893208
v -0.508336 -1.048486 -0.914399
v -0.562281 -1.010544 -0.925888
v -0.619595 -0.979461 -0.923196
v -0.682612 -0.955595 -0.904162
v -0.752013 -0.936666 -0.868961
v -0.826585 -0.918741 -0.819881
v -0.903717 -0.897652 -0.760809
v -0.980349 -0.870213 -0.696335
v -1.053879 -0.8348 -0.630614
v -1.122674 -0.791234 -0.566363
v -1.186076 -0.740259 -0.504375
v -1.244066 -0.682957 -0.443719
v -1.296803 -0.620316 -0.382485
v -1.344221 -0.553058 -0.318792
v -1.385846 -0.481674 -0.251686
v -1.420881 -0.406601 -0.181658
v -1.448523 -0.328397 -0.110645
v -1.46834 -0.247807 -0.041519
v -1.480478 -0.16569 0.027205
v -1.485588 -0.082869 0.096273
v -1.484522 -0.0 0.155759
v -1.477996 0.082445 0.206559
v -1.466378 0.164112 0.251177
v -1.449666 0.244655 0.293015
v -1.427602 0.323654 0.335481
v -1.399847 0.400582 0.381163
v -1.366162 0.474832 0.431277
v -1.326564 0.545793 0.485512
v -1.281429 0.612962 0.542275
v -1.23149 0.676053 0.599219
v -1.177721 0.735045 0.653884
v -1.121137 0.79015 0.704248
v -1.062599 0.841707 0.749061
v -1.002695 0.890049 0.787917
v -0.941726 0.935405 0.821104
v -0.879781 0.977868 0.849329
v -0.816851 1.017424 0.873423
v -0.752916 1.054014 0.894116
v -0.687996 1.087591 0.911922
v -0.622155 1.11815 0.927133
v -0.555476 1.145717 0.939899
v -0.48804 1.170325 0.950317
v -0.41991 1.19198 0.958518
v -0.351136 1.21064 0.964691
v -0.281767 1.226217 0.969087
v -0.211868 1.238595 0.971978
v -0.141525 1.247639 0.973644
v -0.070854 1.253203 0.974371
v 0.06554 1.159216 0.901287
v 0.0 1.160978 0.901419
v 0.130914 1.1541 0.90055
v 0.196 1.14583 0.898809
v 0.260703 1.134548 0.895778
v 0.324942 1.12033 0.891287
v 0.388632 1.103194 0.885273
v 0.451677 1.083127 0.877725
v 0.513979 1.060126 0.868602
v 0.57546 1.034228 0.857749
v 0.63608 1.005522 0.84484
v 0.695848 0.974124 0.829399
v 0.754794 0.94013 0.810871
v 0.812929 0.903563 0.788761
v 0.870179 0.864339 0.762763
v 0.926347 0.822279 0.732848
v 0.981106 0.777155 0.699249
v 1.034039 0.728765 0.66234
v 1.084713 0.676996 0.622432
v 1.132746 0.621845 0.579566
v 1.177828 0.563405 0.533389
v 1.219686 0.50182 0.483197
v 1.257985 0.437234 0.428182
v 1.292227 0.369786 0.367832
v 1.32171 0.299647 0.302382
v 1.345604 0.227093 0.233156
v 1.363156 0.15256 0.162624
v 1.373943 0.076641 0.094093
v 1.378029 0.0 0.031028
v 1.375926 -0.076752 -0.019523
v 1.368351 -0.153141 -0.057196
v 1.355922 -0.228834 -0.087957
v 1.338937 -0.303553 -0.114465
v 1.317307 -0.376962 -0.140801
v 1.290589 -0.448566 -0.171631
v 1.258052 -0.517605 -0.211127
v 1.218784 -0.582996 -0.261881
v 1.171945 -0.643364 -0.324121
v 1.117211 -0.697279 -0.395501
v 1.055233 -0.743702 -0.471587
v 0.987808 -0.782464 -0.546961
v 0.917537 -0.814458 -0.616593
v 0.847059 -0.841374 -0.676998
v 0.77826 -0.865028 -0.726837
v 0.711852 -0.886643 -0.766853
v 0.647506 -0.90645 -0.79928
v 0.584378 -0.92379 -0.826946
v 0.521723 -0.937651 -0.852301
v 0.459327 -0.947401 -0.876602
v 0.397602 -0.953455 -0.899506
v 0.337338 -0.957588 -0.91919
v 0.27923 -0.962725 -0.932949
v 0.223379 -0.972118 -0.938038
v 0.169026 -0.988142 -0.932496
v 0.114701 -1.011165 -0.915819
v 0.058747 -1.039058 -0.889445
v 0.0 -1.067621 -0.856939
v -0.061727 -1.091781 -0.823658
v -0.12557 -1.106986 -0.795727
v -0.189906 -1.110207 -0.778469
v -0.25284 -1.100328 -0.77483
v -0.312704 -1.078135 -0.784413
v -0.368547 -1.046178 -0.803528
v -0.420548 -1.008478 -0.826218
v -0.470211 -0.969849 -0.845819
v -0.52011 -0.934753 -0.856446
v -0.573125 -0.906001 -0.853956
v -0.631416 -0.883925 -0.83635
v -0.695612 -0.866416 -0.803789
v -0.764591 -0.849835 -0.75839
v -0.835938 -0.830328 -0.703748
v -0.906822 -0.804947 -0.64411
v -0.974838 -0.77219 -0.583318
v -1.038474 -0.731891 -0.523885
v -1.09712 -0.68474 -0.466547
v -1.150761 -0.631735 -0.41044
v -1.199543 -0.573792 -0.353799
v -1.243404 -0.511578 -0.294883
v -1.281908 -0.445548 -0.232809
v -1.314315 -0.376106 -0.168034
v -1.339884 -0.303767 -0.102347
v -1.358214 -0.229221 -0.038405
v -1.369442 -0.153264 0.025165
v -1.374168 -0.076654 0.089053
v -1.373182 -0.0 0.144077
v -1.367146 0.076262 0.191067
v -1.356399 0.151804 0.232339
v -1.340941 0.226306 0.271039
v -1.320532 0.29938 0.31032
v -1.294859 0.370539 0.352576
v -1.2637 0.43922 0.398932
v -1.227072 0.504859 0.449099
v -1.185322 0.56699 0.501604
v -1.139129 0.625349 0.554277
v -1.089392 0.679916 0.604843
v -1.037051 0.730889 0.651429
v -0.982904 0.778579 0.692881
v -0.927493 0.823296 0.728823
v -0.871096 0.86525 0.759521
v -0.813798 0.904528 0.785629
v -0.755587 0.941117 0.807917
v -0.696447 0.974963 0.827058
v -0.636397 1.006022 0.843528
v -0.575493 1.034288 0.857598
v -0.513815 1.059788 0.869406
v -0.451437 1.082551 0.879044
v -0.388417 1.102582 0.886629
v -0.324801 1.119842 0.89234
v -0.260635 1.134251 0.896405
v -0.195978 1.1457 0.89908
v -0.130911 1.154066 0.90062
v -0.06554 1.159213 0.901293
v -0.527786 0.23188 1.44337
v -0.62683 0.188708 1.410188
v -0.741523 0.199886 1.365475
v -0.828056 0.261145 1.32631
v -0.853377 0.349087 1.307653
v -0.807814 0.43012 1.31663
v -0.70877 0.473292 1.349812
v -0.594077 0.462114 1.394525
v -0.507544 0.400855 1.43369
v -0.482223 0.312913 1.452347
v -0.529674 0.422325 1.549604
v -0.49892 0.321288 1.563607
v -0.628241 0.492554 1.510453
v -0.756973 0.505149 1.461108
v -0.866699 0.455299 1.420418
v -0.915507 0.362045 1.403925
v -0.884753 0.261007 1.417928
v -0.786186 0.190778 1.457079
v -0.657454 0.178184 1.506424
v -0.547728 0.228034 1.547114
v -0.55018 0.425135 1.660775
v -0.509257 0.312712 1.657432
v -0.664016 0.503261 1.630307
v -0.807285 0.517249 1.577668
v -0.925262 0.461755 1.522964
v -0.972884 0.357977 1.487089
v -0.931962 0.245554 1.483747
v -0.818125 0.167427 1.514214
v -0.674856 0.15344 1.566853
v -0.556879 0.208933 1.621558
v -0.567739 0.408325 1.76371
v -0.51419 0.289836 1.73653
v -0.698543 0.490767 1.746417
v -0.85664 0.505672 1.691258
v -0.981642 0.447346 1.619301
v -1.025803 0.338068 1.55803
v -0.972255 0.219579 1.53085
v -0.841451 0.137137 1.548143
v -0.683354 0.122232 1.603302
v -0.558351 0.180558 1.675259
v -0.581995 0.372479 1.857565
v -0.514501 0.255031 1.803122
v -0.730704 0.454377 1.855881
v -0.903825 0.469442 1.798711
v -1.035233 0.411921 1.707894
v -1.074733 0.303785 1.618117
v -1.007238 0.186337 1.563673
v -0.85853 0.104439 1.565358
v -0.685408 0.089373 1.622527
v -0.554001 0.146894 1.713345
v -0.592267 0.320681 1.940651
v -0.511103 0.210222 1.859784
v -0.75872 0.397889 1.954071
v -0.946882 0.412356 1.894918
v -1.084882 0.358556 1.785788
v -1.120008 0.257038 1.668364
v -1.038844 0.146579 1.587498
v -0.872391 0.06937 1.574078
v -0.684229 0.054903 1.63323
v -0.546229 0.108704 1.74236
v -0.624086 0.246556 1.98681
v -0.541841 0.159274 1.897734
v -0.786296 0.307857 2.008137
v -0.966514 0.319762 1.953568
v -1.095901 0.277723 1.843948
v -1.125036 0.197798 1.721146
v -1.042791 0.110516 1.63207
v -0.88058 0.049215 1.610743
v -0.700363 0.03731 1.665312
v -0.570976 0.079349 1.774932
v -0.651393 0.169473 2.021187
v -0.570624 0.100349 1.93065
v -0.807599 0.218189 2.045767
v -0.979577 0.22789 1.995003
v -1.101637 0.19487 1.888285
v -1.127157 0.131741 1.766375
v -1.046388 0.062617 1.675839
v -0.890182 0.013901 1.651258
v -0.718204 0.0042 1.702022
v -0.596143 0.03722 1.80874
v -0.67556 0.091429 2.04758
v -0.597935 0.035156 1.959943
v -0.824604 0.131142 2.072387
v -0.988137 0.139127 2.024887
v -1.103695 0.112333 1.923225
v -1.127138 0.060994 1.806232
v -1.049512 0.004721 1.718595
v -0.900468 -0.034993 1.693788
v -0.736936 -0.042977 1.741287
v -0.621378 -0.016183 1.842949
v -0.697738 0.01365 2.069168
v -0.624278 -0.034368 1.987086
v -0.838906 0.047495 2.092348
v -0.993862 0.054239 2.047772
v -1.103417 0.031307 1.952466
v -1.125726 -0.012544 1.842834
v -1.052266 -0.060562 1.760752
v -0.911097 -0.094407 1.737572
v -0.756141 -0.101151 1.782148
v -0.646586 -0.078219 1.877454
v -0.71885 -0.062791 2.088516
v -0.650201 -0.106205 2.013672
v -0.851692 -0.032301 2.108896
v -0.997987 -0.026383 2.067027
v -1.101855 -0.047297 1.978901
v -1.123621 -0.087054 1.87818
v -1.054973 -0.130469 1.803335
v -0.92213 -0.160958 1.782956
v -0.775835 -0.166876 1.824825
v -0.671968 -0.145963 1.912951
v -0.763138 -0.140143 2.09174
v -0.708149 -0.177071 2.032288
v -0.86998 -0.11444 2.107664
v -0.987865 -0.109778 2.073976
v -1.071764 -0.127939 2.003545
v -1.089631 -0.161985 1.923273
v -1.034642 -0.198912 1.863821
v -0.9278 -0.224616 1.847898
v -0.809915 -0.229277 1.881585
v -0.726016 -0.211117 1.952016
v -0.80799 -0.214834 2.097271
v -0.766856 -0.246133 2.053763
v -0.888685 -0.193236 2.108331
v -0.978118 -0.189589 2.082717
v -1.04213 -0.205286 2.030215
v -1.05627 -0.234331 1.970877
v -1.015137 -0.26563 1.927369
v -0.934442 -0.287228 1.916309
v -0.845008 -0.290875 1.941923
v -0.780996 -0.275178 1.994425
v -0.854238 -0.286399 2.107459
v -0.826908 -0.311181 2.079787
v -0.908808 -0.269419 2.113696
v -0.969776 -0.266726 2.096114
v -1.013853 -0.27935 2.06143
v -1.024204 -0.302468 2.022891
v -0.996874 -0.32725 1.995219
v -0.942304 -0.34423 1.988983
v -0.881336 -0.346922 2.006565
v -0.837259 -0.334299 2.041249
v -0.902844 -0.35438 2.125046
v -0.888876 -0.369994 2.112013
v -0.931575 -0.343735 2.127228
v -0.964094 -0.342124 2.117723
v -0.98798 -0.350162 2.100163
v -0.99411 -0.364779 2.081255
v -0.980142 -0.380392 2.068222
v -0.951412 -0.391038 2.066041
v -0.918893 -0.392649 2.075545
v -0.895006 -0.384611 2.093105
v -0.955039 -0.418139 2.153555
v -0.953295 -0.420352 2.151978
v -0.958679 -0.416637 2.153773
v -0.962823 -0.41642 2.152551
v -0.965889 -0.41757 2.150354
v -0.966705 -0.419648 2.148022
v -0.964961 -0.421861 2.146445
v -0.961321 -0.423363 2.146227
v -0.957177 -0.42358 2.147449
v -0.954111 -0.42243 2.149646
v -0.31408 0.284274 1.41648
v -0.413918 0.237664 1.391294
v -0.533726 0.245038 1.361795
v -0.627742 0.303582 1.33925
v -0.660054 0.390933 1.332269
v -0.61832 0.473726 1.34352
v -0.518482 0.520336 1.368706
v -0.398674 0.512962 1.398205
v -0.304658 0.454418 1.42075
v -0.272346 0.367067 1.427731
v -0.308374 0.463526 1.54049
v -0.268882 0.364098 1.538401
v -0.418369 0.530195 1.522664
v -0.556853 0.53864 1.491732
v -0.67093 0.485635 1.459509
v -0.717027 0.391426 1.438304
v -0.677536 0.291998 1.436215
v -0.567541 0.225329 1.454041
v -0.429056 0.216884 1.484973
v -0.314979 0.269889 1.517196
v -0.307908 0.44857 1.660272
v -0.258915 0.34121 1.635362
v -0.435809 0.520349 1.658246
v -0.593762 0.529127 1.630058
v -0.721436 0.471554 1.586476
v -0.770063 0.369619 1.544146
v -0.721069 0.262258 1.519237
v -0.593169 0.19048 1.521262
v -0.435216 0.181701 1.54945
v -0.307542 0.239275 1.593032
v -0.302706 0.412723 1.774247
v -0.244622 0.302099 1.725221
v -0.448184 0.48587 1.789077
v -0.625489 0.4936 1.764046
v -0.766896 0.432962 1.708715
v -0.818393 0.327117 1.644219
v -0.760308 0.216493 1.595193
v -0.61483 0.143346 1.580363
v -0.437525 0.135616 1.605394
v -0.296118 0.196254 1.660725
v -0.293384 0.359387 1.881895
v -0.226894 0.248727 1.80988
v -0.455874 0.431319 1.912609
v -0.652298 0.437046 1.89029
v -0.807628 0.374381 1.823462
v -0.862535 0.267261 1.737652
v -0.796045 0.1566 1.665636
v -0.633555 0.084669 1.634923
v -0.437131 0.078941 1.657242
v -0.2818 0.141606 1.72407
v -0.28069 0.291992 1.983335
v -0.206429 0.182747 1.890533
v -0.459657 0.361601 2.028037
v -0.674971 0.364985 2.007564
v -0.84439 0.300852 1.929736
v -0.903201 0.193698 1.824282
v -0.82894 0.084453 1.73148
v -0.649973 0.014844 1.686778
v -0.434659 0.01146 1.707251
v -0.26524 0.075593 1.785079
v -0.301313 0.199256 2.059953
v -0.229781 0.106192 1.964002
v -0.472614 0.257442 2.108619
v -0.678254 0.258525 2.091412
v -0.839685 0.202091 2.014904
v -0.895246 0.109696 1.908318
v -0.823715 0.016632 1.812367
v -0.652413 -0.041554 1.763701
v -0.446773 -0.042637 1.780908
v -0.285342 0.013797 1.857416
v -0.320029 0.100242 2.130155
v -0.251669 0.020228 2.035141
v -0.483303 0.149533 2.17948
v -0.679124 0.149274 2.164275
v -0.832697 0.099565 2.090349
v -0.885361 0.019391 1.985938
v -0.817001 -0.060622 1.890924
v -0.653728 -0.109913 1.841599
v -0.457906 -0.109655 1.856803
v -0.304334 -0.059945 1.93073
v -0.337644 -0.002659 2.195124
v -0.272688 -0.072419 2.103846
v -0.492699 0.040032 2.242833
v -0.678626 0.039346 2.228751
v -0.824408 -0.004455 2.158256
v -0.874361 -0.07464 2.058275
v -0.809405 -0.144401 1.966998
v -0.654351 -0.187091 1.919288
v -0.468424 -0.186405 1.93337
v -0.322642 -0.142604 2.003865
v -0.354916 -0.107085 2.255834
v -0.293496 -0.168972 2.170246
v -0.50164 -0.06901 2.300325
v -0.677626 -0.069289 2.286725
v -0.815652 -0.107817 2.220228
v -0.862997 -0.169876 2.126234
v -0.801577 -0.231763 2.040646
v -0.654852 -0.269838 1.996155
v -0.478867 -0.269559 2.009755
v -0.340841 -0.231031 2.076252
v -0.372577 -0.210667 2.313119
v -0.314793 -0.266675 2.234646
v -0.510883 -0.175497 2.353194
v -0.676882 -0.174599 2.339564
v -0.807169 -0.208316 2.277435
v -0.851977 -0.26377 2.190539
v -0.794193 -0.319778 2.112067
v -0.655887 -0.354948 2.071992
v -0.489888 -0.355845 2.085622
v -0.359602 -0.322128 2.14775
v -0.42003 -0.316111 2.356838
v -0.373567 -0.362177 2.294219
v -0.531281 -0.286151 2.388059
v -0.664825 -0.283739 2.375955
v -0.769654 -0.309797 2.32515
v -0.805725 -0.354371 2.255049
v -0.759261 -0.400436 2.19243
v -0.64801 -0.430397 2.161209
v -0.514466 -0.432809 2.173313
v -0.409638 -0.406751 2.224118
v -0.46926 -0.41522 2.398123
v -0.434231 -0.452089 2.35189
v -0.553361 -0.39008 2.420199
v -0.654411 -0.386273 2.409686
v -0.733812 -0.405251 2.3706
v -0.761235 -0.439767 2.31787
v -0.726206 -0.476636 2.271637
v -0.642104 -0.501776 2.249561
v -0.541055 -0.505583 2.260074
v -0.461654 -0.486605 2.29916
v -0.520961 -0.505445 2.437562
v -0.497453 -0.532895 2.407679
v -0.577849 -0.485669 2.450748
v -0.646388 -0.481119 2.442199
v -0.700398 -0.493535 2.41518
v -0.71925 -0.518173 2.380013
v -0.695741 -0.545623 2.350129
v -0.638853 -0.5654 2.336944
v -0.570314 -0.569949 2.345493
v -0.516304 -0.557533 2.372511
v -0.575824 -0.584166 2.475696
v -0.563757 -0.600713 2.461253
v -0.605608 -0.571544 2.481106
v -0.641731 -0.567668 2.475417
v -0.670395 -0.574019 2.460801
v -0.680653 -0.588171 2.442842
v -0.668586 -0.604717 2.428399
v -0.638803 -0.617339 2.422989
v -0.60268 -0.621215 2.428678
v -0.574015 -0.614865 2.443294
v -0.634557 -0.648595 2.513018
v -0.633169 -0.6509 2.511234
v -0.638025 -0.646826 2.513649
v -0.642247 -0.64627 2.512886
v -0.64561 -0.647138 2.511021
v -0.646831 -0.6491 2.508766
v -0.645443 -0.651405 2.506982
v -0.641975 -0.653174 2.506351
v -0.637753 -0.65373 2.507114
v -0.63439 -0.652862 2.508979
v -0.05461 0.350149 1.388997
v -0.154996 0.300039 1.375347
v -0.277995 0.303007 1.363475
v -0.376627 0.35792 1.357915
v -0.413217 0.443802 1.36079
v -0.37379 0.527851 1.371003
v -0.273404 0.577961 1.384653
v -0.150405 0.574993 1.396525
v -0.051773 0.52008 1.402085
v -0.015183 0.434198 1.39921
v -0.033562 0.523072 1.518135
v 0.010158 0.425343 1.508672
v -0.150455 0.585487 1.517293
v -0.295873 0.588749 1.506467
v -0.414269 0.531611 1.489793
v -0.460421 0.435899 1.473639
v -0.416701 0.33817 1.464176
v -0.299807 0.275755 1.465018
v -0.15439 0.272493 1.475844
v -0.035994 0.329631 1.492519
v -0.010419 0.513126 1.633653
v 0.040541 0.405378 1.609706
v -0.145734 0.581492 1.644915
v -0.313717 0.584361 1.639191
v -0.450205 0.520639 1.618667
v -0.503064 0.414665 1.591183
v -0.452104 0.306917 1.567236
v -0.316789 0.238552 1.555974
v -0.148806 0.235682 1.561698
v -0.012318 0.299404 1.582221
v 0.016777 0.491997 1.74752
v 0.074591 0.375732 1.708181
v -0.136594 0.564951 1.77161
v -0.32694 0.566728 1.771251
v -0.481555 0.49665 1.746579
v -0.541381 0.381484 1.707019
v -0.483567 0.265219 1.66768
v -0.330196 0.192265 1.64359
v -0.13985 0.190488 1.643949
v 0.014765 0.260566 1.668621
v 0.047224 0.460986 1.859659
v 0.111578 0.337407 1.804698
v -0.123913 0.537508 1.896552
v -0.336464 0.537743 1.901284
v -0.509241 0.461601 1.872049
v -0.576251 0.338166 1.820013
v -0.511896 0.214586 1.765052
v -0.34076 0.138065 1.72816
v -0.128209 0.13783 1.723427
v 0.044569 0.213972 1.752662
v 0.08013 0.421347 1.969999
v 0.150816 0.291289 1.899652
v -0.108591 0.500838 2.019125
v -0.343262 0.499401 2.028267
v -0.534246 0.417583 1.993933
v -0.608594 0.286637 1.929237
v -0.537908 0.156579 1.85889
v -0.349187 0.077088 1.809764
v -0.114516 0.078525 1.800622
v 0.076468 0.160343 1.834956
v 0.071159 0.355097 2.06949
v 0.138207 0.23762 1.995904
v -0.108575 0.426145 2.121728
v -0.332344 0.423626 2.132665
v -0.514674 0.348502 2.098123
v -0.585922 0.229468 2.031296
v -0.518874 0.111991 1.95771
v -0.33914 0.040943 1.905472
v -0.115371 0.043462 1.894535
v 0.066959 0.118586 1.929077
v 0.062967 0.28352 2.165614
v 0.126486 0.177578 2.091431
v -0.107889 0.347223 2.218385
v -0.320822 0.344354 2.229586
v -0.494498 0.276009 2.19494
v -0.562579 0.168294 2.12768
v -0.49906 0.062352 2.053497
v -0.328204 -0.001351 2.000726
v -0.115271 0.001518 1.989525
v 0.058405 0.069862 2.024171
v 0.054732 0.207981 2.258176
v 0.114859 0.112501 2.185516
v -0.107376 0.265479 2.309395
v -0.309547 0.263034 2.31961
v -0.474557 0.201579 2.284919
v -0.539379 0.104588 2.218573
v -0.479252 0.009108 2.145913
v -0.317144 -0.048391 2.094694
v -0.114973 -0.045945 2.084479
v 0.050037 0.01551 2.11917
v 0.045623 0.129835 2.346991
v 0.102489 0.043778 2.277564
v -0.107851 0.182257 2.394955
v -0.299312 0.18102 2.403135
v -0.455629 0.126596 2.368407
v -0.517093 0.039774 2.304036
v -0.460228 -0.046283 2.234609
v -0.306754 -0.098705 2.186645
v -0.115293 -0.097468 2.178465
v 0.041024 -0.043044 2.213193
v 0.034794 0.050422 2.431893
v 0.088497 -0.027195 2.367094
v -0.110113 0.098862 2.475174
v -0.290872 0.099624 2.480403
v -0.438441 0.052416 2.445585
v -0.496453 -0.024731 2.384018
v -0.442749 -0.102348 2.319218
v -0.297843 -0.150788 2.275937
v -0.117083 -0.15155 2.270708
v 0.030485 -0.104342 2.305526
v -0.010907 -0.035884 2.506544
v 0.032329 -0.098202 2.454063
v -0.12755 0.004516 2.539735
v -0.273048 0.007566 2.540959
v -0.391824 -0.027898 2.509749
v -0.43851 -0.088331 2.458026
v -0.395274 -0.150649 2.405545
v -0.278631 -0.191049 2.372354
v -0.133133 -0.194099 2.37113
v -0.014357 -0.158635 2.40234
v -0.060048 -0.119133 2.575016
v -0.027304 -0.166793 2.535602
v -0.14833 -0.086597 2.598
v -0.258427 -0.081613 2.595774
v -0.348287 -0.106084 2.569189
v -0.383586 -0.150663 2.528398
v -0.350841 -0.198323 2.488984
v -0.26256 -0.230859 2.466
v -0.152463 -0.235843 2.468226
v -0.062603 -0.211372 2.494811
v -0.113381 -0.197303 2.636448
v -0.091196 -0.230512 2.61032
v -0.173176 -0.173122 2.64986
v -0.247742 -0.167208 2.645433
v -0.308596 -0.181817 2.624857
v -0.332494 -0.211371 2.595991
v -0.310309 -0.244581 2.569863
v -0.250514 -0.268761 2.556451
v -0.175948 -0.274676 2.560878
v -0.115094 -0.260066 2.581455
v -0.171473 -0.26809 2.689654
v -0.15988 -0.286497 2.676401
v -0.202784 -0.25366 2.695111
v -0.241853 -0.248718 2.690688
v -0.273758 -0.255152 2.678074
v -0.286311 -0.270505 2.662088
v -0.274718 -0.288912 2.648835
v -0.243407 -0.303342 2.643378
v -0.204337 -0.308284 2.647801
v -0.172433 -0.30185 2.660415
v -0.234395 -0.328628 2.732722
v -0.233154 -0.331064 2.731003
v -0.237777 -0.326717 2.733401
v -0.242007 -0.32606 2.732781
v -0.245471 -0.326907 2.731099
v -0.246846 -0.328936 2.728997
v -0.245605 -0.331372 2.727278
v -0.242223 -0.333283 2.726599
v -0.237993 -0.33394 2.727219
v -0.234529 -0.333093 2.728901
v 0.199737 0.398652 1.359036
v 0.100004 0.345675 1.354412
v -0.023489 0.344388 1.359561
v -0.123571 0.395282 1.372518
v -0.162016 0.478917 1.388332
v -0.124137 0.563348 1.400964
v -0.024404 0.616325 1.405588
v 0.099089 0.617612 1.400439
v 0.199171 0.566718 1.387482
v 0.237616 0.483083 1.371668
v 0.234964 0.559414 1.503942
v 0.28025 0.465158 1.478421
v 0.116236 0.616449 1.525114
v -0.030583 0.614476 1.53385
v -0.149414 0.554249 1.526814
v -0.194866 0.458773 1.506693
v -0.14958 0.364517 1.481172
v -0.030852 0.307483 1.46
v 0.115967 0.309456 1.451264
v 0.234798 0.369682 1.4583
v 0.275628 0.534247 1.624286
v 0.326808 0.43235 1.581186
v 0.139016 0.595054 1.660321
v -0.030846 0.591544 1.675526
v -0.169077 0.52506 1.664095
v -0.222877 0.420994 1.630393
v -0.171697 0.319097 1.587293
v -0.035085 0.25829 1.551259
v 0.134777 0.261799 1.536053
v 0.273008 0.328284 1.547484
v 0.319906 0.494257 1.744784
v 0.376698 0.3861 1.684613
v 0.165641 0.557714 1.795122
v -0.027174 0.552232 1.816399
v -0.184889 0.479907 1.800488
v -0.247264 0.368364 1.753467
v -0.190473 0.260207 1.693296
v -0.036208 0.19675 1.642958
v 0.156607 0.202232 1.621681
v 0.314323 0.274557 1.637592
v 0.366876 0.441594 1.864912
v 0.429173 0.327946 1.788489
v 0.195018 0.507178 1.92863
v -0.020757 0.499646 1.955306
v -0.19803 0.421877 1.934749
v -0.269089 0.303574 1.874812
v -0.206792 0.189926 1.798389
v -0.034934 0.124343 1.734671
v 0.180841 0.131874 1.707995
v 0.358114 0.209644 1.728552
v 0.415633 0.378316 1.984187
v 0.483452 0.259489 1.892418
v 0.22612 0.445981 2.06021
v -0.012697 0.436637 2.091449
v -0.2096 0.353854 2.065971
v -0.289378 0.229252 1.993508
v -0.221558 0.110425 1.901739
v -0.032046 0.04276 1.825716
v 0.206771 0.052104 1.794477
v 0.403674 0.134887 1.819955
v 0.419431 0.287202 2.09509
v 0.483316 0.180125 2.003328
v 0.239186 0.347669 2.170514
v 0.01143 0.33843 2.200793
v -0.176843 0.263013 2.17436
v -0.253719 0.150227 2.101312
v -0.189834 0.04315 2.00955
v -0.00959 -0.017317 1.934126
v 0.218166 -0.008078 1.903847
v 0.40644 0.067339 1.93028
v 0.422981 0.190581 2.202731
v 0.483297 0.093927 2.113215
v 0.251682 0.245108 2.275568
v 0.034829 0.23668 2.303904
v -0.144746 0.168517 2.276916
v -0.218452 0.066655 2.204913
v -0.158137 -0.029999 2.115397
v 0.013163 -0.084526 2.04256
v 0.230015 -0.076098 2.014223
v 0.40959 -0.007935 2.041211
v 0.425393 0.090457 2.306696
v 0.482434 0.003041 2.221114
v 0.26278 0.1402 2.375411
v 0.056709 0.133271 2.401012
v -0.114108 0.072316 2.37372
v -0.184425 -0.019383 2.303959
v -0.127384 -0.106799 2.218376
v 0.035229 -0.156542 2.149661
v 0.2413 -0.149613 2.124061
v 0.412117 -0.088658 2.151353
v 0.425765 -0.011184 2.406542
v 0.47976 -0.090415 2.326208
v 0.271647 0.03485 2.469893
v 0.076275 0.030103 2.492063
v -0.085726 -0.023612 2.464584
v -0.152477 -0.105777 2.397952
v -0.098482 -0.185008 2.317618
v 0.055636 -0.231042 2.254267
v 0.251008 -0.226295 2.232097
v 0.413009 -0.17258 2.259576
v 0.423177 -0.112381 2.501825
v 0.474289 -0.184375 2.427808
v 0.277435 -0.06903 2.558734
v 0.09273 -0.070881 2.576798
v -0.060387 -0.117228 2.549118
v -0.123429 -0.190366 2.486266
v -0.072318 -0.26236 2.41225
v 0.073424 -0.305711 2.35534
v 0.25813 -0.303859 2.337276
v 0.411246 -0.257513 2.364956
v 0.383231 -0.218051 2.587708
v 0.424397 -0.276421 2.528441
v 0.265762 -0.181006 2.631331
v 0.116858 -0.179436 2.642646
v -0.006605 -0.21394 2.617333
v -0.057467 -0.27134 2.565059
v -0.016302 -0.32971 2.505791
v 0.101168 -0.366755 2.462168
v 0.250072 -0.368325 2.450853
v 0.373534 -0.33382 2.476167
v 0.338288 -0.317556 2.666263
v 0.369488 -0.362743 2.622187
v 0.249241 -0.286866 2.696701
v 0.13636 -0.282397 2.701876
v 0.042762 -0.305855 2.679811
v 0.004198 -0.348281 2.638933
v 0.035398 -0.393468 2.594857
v 0.124446 -0.424158 2.564419
v 0.237327 -0.428627 2.559244
v 0.330925 -0.405169 2.581309
v 0.287438 -0.408169 2.736289
v 0.308577 -0.440162 2.707394
v 0.227042 -0.384572 2.754306
v 0.150458 -0.378385 2.754563
v 0.086938 -0.391971 2.736963
v 0.060745 -0.420141 2.708227
v 0.081884 -0.452135 2.679332
v 0.14228 -0.475732 2.661315
v 0.218864 -0.481918 2.661057
v 0.282384 -0.468332 2.678658
v 0.229938 -0.486686 2.796062
v 0.240924 -0.504812 2.781678
v 0.198355 -0.471998 2.803487
v 0.158238 -0.466358 2.801117
v 0.124912 -0.471919 2.789857
v 0.111105 -0.486559 2.774008
v 0.122091 -0.504685 2.759624
v 0.153675 -0.519373 2.752199
v 0.193791 -0.525014 2.754569
v 0.227117 -0.519452 2.765829
v 0.165741 -0.548811 2.842518
v 0.166856 -0.551229 2.840692
v 0.162432 -0.546847 2.843382
v 0.158195 -0.546087 2.842954
v 0.154647 -0.546822 2.841398
v 0.153144 -0.548771 2.839308
v 0.154259 -0.551189 2.837482
v 0.157568 -0.553153 2.836618
v 0.161805 -0.553913 2.837046
v 0.165353 -0.553178 2.838602
v 0.464466 0.340581 1.345571
v 0.368473 0.283267 1.362159
v 0.247243 0.277416 1.385562
v 0.147081 0.325264 1.40684
v 0.106246 0.408533 1.417866
v 0.140334 0.495419 1.414429
v 0.236327 0.552733 1.397841
v 0.357557 0.558584 1.374438
v 0.457719 0.510736 1.35316
v 0.498554 0.427467 1.342134
v 0.506179 0.520069 1.460899
v 0.552588 0.425152 1.442071
v 0.390148 0.574445 1.490992
v 0.248815 0.567509 1.520855
v 0.136164 0.501911 1.539082
v 0.095225 0.402707 1.538711
v 0.141634 0.30779 1.519883
v 0.257665 0.253414 1.489791
v 0.398998 0.26035 1.459927
v 0.511649 0.325948 1.4417
v 0.559434 0.516515 1.568096
v 0.609351 0.411422 1.533963
v 0.429274 0.576266 1.613472
v 0.268588 0.567853 1.652757
v 0.138751 0.494489 1.670947
v 0.089358 0.384197 1.661094
v 0.139274 0.279104 1.626961
v 0.269434 0.219352 1.581586
v 0.430121 0.227765 1.542301
v 0.559957 0.301129 1.52411
v 0.616069 0.501529 1.673185
v 0.668882 0.387708 1.622892
v 0.47222 0.565484 1.73424
v 0.292281 0.555143 1.782735
v 0.144982 0.474457 1.800148
v 0.086587 0.354244 1.779828
v 0.1394 0.240423 1.729535
v 0.283249 0.176468 1.66848
v 0.463188 0.186809 1.619985
v 0.610487 0.267495 1.602572
v 0.675131 0.47625 1.776268
v 0.730503 0.354906 1.709595
v 0.517739 0.543553 1.852705
v 0.318446 0.531106 1.90971
v 0.153374 0.443665 1.925509
v 0.085575 0.314628 1.894067
v 0.140947 0.193283 1.827394
v 0.298338 0.125981 1.750957
v 0.497632 0.138427 1.693952
v 0.662704 0.225869 1.678154
v 0.735671 0.441771 1.877479
v 0.79351 0.313782 1.794654
v 0.564612 0.511986 1.968482
v 0.345673 0.497609 2.032903
v 0.162481 0.40413 2.046135
v 0.085008 0.267255 2.003124
v 0.142848 0.139266 1.920299
v 0.313906 0.069051 1.829295
v 0.532845 0.083428 1.764875
v 0.716038 0.176907 1.751643
v 0.755381 0.377553 1.978173
v 0.808313 0.261807 1.892948
v 0.593592 0.440594 2.068863
v 0.384742 0.426849 2.130378
v 0.208606 0.341569 2.13922
v 0.132462 0.217329 2.092012
v 0.185393 0.101583 2.006787
v 0.347183 0.038542 1.916097
v 0.556032 0.052287 1.854582
v 0.732168 0.137567 1.84574
v 0.773847 0.307634 2.074998
v 0.822742 0.203181 1.989939
v 0.620509 0.364576 2.162941
v 0.4213 0.35226 2.220179
v 0.25231 0.275388 2.224847
v 0.178087 0.163323 2.175163
v 0.226982 0.058871 2.090105
v 0.380319 0.001928 2.002161
v 0.579529 0.014245 1.944924
v 0.748519 0.091117 1.940255
v 0.790027 0.233318 2.168023
v 0.83563 0.139131 2.085217
v 0.644466 0.285332 2.251222
v 0.454546 0.275306 2.303033
v 0.29281 0.207068 2.303667
v 0.221035 0.106684 2.252881
v 0.266637 0.012497 2.170074
v 0.412198 -0.039517 2.086876
v 0.602118 -0.02949 2.035065
v 0.763855 0.038747 2.034431
v 0.802866 0.155887 2.257339
v 0.845779 0.070923 2.178492
v 0.664563 0.204177 2.334117
v 0.483697 0.197348 2.379498
v 0.329354 0.138007 2.376149
v 0.260487 0.048821 2.325348
v 0.3034 -0.036143 2.246501
v 0.441703 -0.084433 2.169723
v 0.622568 -0.077604 2.124342
v 0.776912 -0.018263 2.127691
v 0.811269 0.076594 2.343057
v 0.851953 -0.000174 2.269594
v 0.679883 0.122379 2.411957
v 0.50798 0.119694 2.449977
v 0.36122 0.069564 2.442594
v 0.295662 -0.008863 2.392628
v 0.336346 -0.085631 2.319165
v 0.467732 -0.131416 2.250265
v 0.639635 -0.128731 2.212246
v 0.786394 -0.078601 2.219629
v 0.782124 -0.010467 2.424553
v 0.814914 -0.072329 2.365388
v 0.675699 0.029065 2.476849
v 0.536292 0.031168 2.502301
v 0.41715 -0.004963 2.491186
v 0.363781 -0.065525 2.44775
v 0.396572 -0.127387 2.388585
v 0.502996 -0.166919 2.336288
v 0.642404 -0.169021 2.310837
v 0.761546 -0.132891 2.321952
v 0.745738 -0.094142 2.499506
v 0.770693 -0.141702 2.455311
v 0.664637 -0.061049 2.535578
v 0.558368 -0.055063 2.549749
v 0.467521 -0.07847 2.536606
v 0.426798 -0.12233 2.501169
v 0.451753 -0.16989 2.456974
v 0.532854 -0.202983 2.420902
v 0.639123 -0.208969 2.406731
v 0.72997 -0.185562 2.419874
v 0.701142 -0.17208 2.566924
v 0.718143 -0.20545 2.537799
v 0.645887 -0.14649 2.588084
v 0.573484 -0.138455 2.593196
v 0.511588 -0.151044 2.580309
v 0.483842 -0.179448 2.554343
v 0.500843 -0.212818 2.525218
v 0.556098 -0.238408 2.504058
v 0.628501 -0.246443 2.498946
v 0.690397 -0.233854 2.511833
v 0.647744 -0.241526 2.62532
v 0.656632 -0.260167 2.610648
v 0.61874 -0.225698 2.634143
v 0.580698 -0.218728 2.633748
v 0.54815 -0.223279 2.624285
v 0.533528 -0.237612 2.609369
v 0.542416 -0.256253 2.594698
v 0.571421 -0.272081 2.585875
v 0.609462 -0.279051 2.58627
v 0.64201 -0.2745 2.595733
v 0.585892 -0.299077 2.672267
v 0.586816 -0.301543 2.670399
v 0.582717 -0.296964 2.67327
v 0.578505 -0.29601 2.673023
v 0.574863 -0.296581 2.671622
v 0.573184 -0.298457 2.669601
v 0.574108 -0.300923 2.667733
v 0.577283 -0.303036 2.66673
v 0.581495 -0.30399 2.666977
v 0.585137 -0.303419 2.668378
v 0.695112 0.29051 1.327218
v 0.60497 0.230004 1.358653
v 0.488294 0.220107 1.398242
v 0.389649 0.264599 1.430863
v 0.346714 0.346486 1.444056
v 0.375888 0.43449 1.432782
v 0.46603 0.494996 1.401347
v 0.582706 0.504893 1.361758
v 0.681351 0.460401 1.329137
v 0.724286 0.378514 1.315944
v 0.739968 0.475844 1.4345
v 0.785251 0.382397 1.409327
v 0.630391 0.526654 1.479707
v 0.498374 0.515419 1.527681
v 0.394344 0.446432 1.560098
v 0.358036 0.346042 1.564575
v 0.403319 0.252595 1.539402
v 0.512896 0.201785 1.494195
v 0.644912 0.213019 1.446221
v 0.748943 0.282007 1.413805
v 0.805833 0.466557 1.537791
v 0.84733 0.365461 1.487498
v 0.690046 0.520912 1.60589
v 0.544196 0.507765 1.665785
v 0.423992 0.432136 1.694596
v 0.375349 0.322914 1.68132
v 0.416846 0.221818 1.631027
v 0.532633 0.167462 1.562927
v 0.678483 0.18061 1.503033
v 0.798687 0.256239 1.474221
v 0.875417 0.43521 1.633763
v 0.911625 0.331256 1.55779
v 0.754439 0.489473 1.72483
v 0.594901 0.47332 1.796207
v 0.457742 0.39292 1.82063
v 0.395351 0.278984 1.78877
v 0.431559 0.17503 1.712797
v 0.552537 0.120767 1.62173
v 0.712075 0.13692 1.550353
v 0.849234 0.21732 1.52593
v 0.947033 0.384916 1.722319
v 0.977833 0.281394 1.622304
v 0.820725 0.436802 1.834616
v 0.647154 0.417234 1.9163
v 0.492618 0.333687 1.936171
v 0.416145 0.218071 1.886638
v 0.446944 0.11455 1.786623
v 0.573252 0.062663 1.674326
v 0.746823 0.082231 1.592643
v 0.901359 0.165778 1.572772
v 1.01921 0.318902 1.803972
v 1.045341 0.217281 1.682316
v 0.886713 0.36775 1.935145
v 0.69846 0.345167 2.025732
v 0.526356 0.259778 2.041131
v 0.436141 0.1442 1.975462
v 0.462272 0.042579 1.853806
v 0.594769 -0.006268 1.722633
v 0.783022 0.016315 1.632046
v 0.955125 0.101703 1.616646
v 1.053559 0.22174 1.879774
v 1.074171 0.135825 1.757508
v 0.929849 0.261483 2.008788
v 0.750293 0.239873 2.095271
v 0.583477 0.165165 2.106189
v 0.493117 0.065895 2.037372
v 0.513729 -0.02002 1.915106
v 0.637439 -0.059763 1.786092
v 0.816995 -0.038153 1.699609
v 0.983811 0.036555 1.688691
v 1.084792 0.117425 1.94866
v 1.102104 0.044084 1.829425
v 0.968095 0.150804 2.07262
v 0.796587 0.131473 2.153957
v 0.635778 0.066815 2.161603
v 0.547092 -0.018473 2.092637
v 0.564404 -0.091813 1.973402
v 0.681101 -0.125192 1.849442
v 0.852609 -0.105861 1.768105
v 1.013418 -0.041203 1.760459
v 1.1121 0.008445 2.01222
v 1.127705 -0.055159 1.89846
v 1.001158 0.037997 2.12917
v 0.837253 0.022208 2.204637
v 0.682993 -0.032891 2.209797
v 0.597299 -0.106253 2.142678
v 0.612904 -0.169857 2.028918
v 0.723846 -0.199409 1.911968
v 0.887751 -0.18362 1.836501
v 1.042011 -0.128521 1.831341
v 1.134599 -0.102805 2.071884
v 1.149608 -0.159146 1.965299
v 1.02855 -0.074788 2.180409
v 0.87197 -0.085797 2.249419
v 0.724666 -0.131628 2.252556
v 0.642904 -0.194774 2.188621
v 0.657913 -0.251115 2.082036
v 0.763962 -0.279132 1.973511
v 0.920542 -0.268123 1.904501
v 1.067846 -0.222292 1.901364
v 1.151318 -0.213987 2.129001
v 1.166476 -0.265226 2.030871
v 1.049622 -0.185381 2.227936
v 0.900233 -0.190334 2.289888
v 0.760212 -0.226955 2.291192
v 0.683043 -0.281255 2.231351
v 0.698201 -0.332495 2.133221
v 0.799897 -0.361101 2.034286
v 0.949286 -0.356148 1.972334
v 1.089307 -0.319527 1.97103
v 1.131377 -0.327568 2.187156
v 1.143925 -0.370308 2.108914
v 1.04837 -0.299825 2.264165
v 0.926609 -0.297677 2.310527
v 0.812603 -0.321944 2.308532
v 0.749898 -0.363357 2.258944
v 0.762446 -0.406097 2.180702
v 0.845453 -0.43384 2.103693
v 0.967214 -0.435988 2.057331
v 1.08122 -0.411721 2.059325
v 1.102797 -0.433051 2.243472
v 1.112677 -0.468027 2.185608
v 1.038989 -0.406466 2.298604
v 0.945626 -0.398427 2.329946
v 0.858368 -0.412005 2.325526
v 0.810547 -0.442013 2.287032
v 0.820427 -0.476989 2.229168
v 0.884235 -0.503574 2.174036
v 0.977598 -0.511613 2.142694
v 1.064856 -0.498035 2.147114
v 1.064466 -0.526755 2.298416
v 1.071302 -0.553566 2.260883
v 1.020692 -0.503127 2.332426
v 0.9567 -0.491706 2.349922
v 0.896933 -0.496856 2.34422
v 0.86422 -0.516609 2.3175
v 0.871055 -0.54342 2.279966
v 0.914829 -0.567048 2.245956
v 0.978821 -0.578469 2.22846
v 1.038588 -0.573319 2.234162
v 1.015532 -0.604269 2.351724
v 1.018885 -0.620927 2.333483
v 0.992594 -0.587631 2.366803
v 0.958831 -0.577367 2.372962
v 0.927142 -0.577398 2.367848
v 0.909629 -0.587712 2.353414
v 0.912982 -0.604369 2.335174
v 0.93592 -0.621008 2.320095
v 0.969682 -0.631272 2.313936
v 1.001372 -0.631241 2.31905
v 0.956216 -0.660136 2.401433
v 0.956505 -0.662463 2.399214
v 0.953552 -0.657756 2.403105
v 0.949532 -0.656234 2.40359
v 0.945691 -0.65615 2.402704
v 0.943495 -0.657537 2.400786
v 0.943784 -0.659864 2.398567
v 0.946448 -0.662244 2.396895
v 0.950468 -0.663766 2.39641
v 0.954309 -0.66385 2.397296
v 0.863395 0.254764 1.316563
v 0.7807 0.192175 1.361494
v 0.669319 0.179175 1.413493
v 0.571796 0.22073 1.452699
v 0.525382 0.300966 1.464136
v 0.547805 0.389236 1.443437
v 0.6305 0.451825 1.398506
v 0.741881 0.464825 1.346507
v 0.839404 0.42327 1.307301
v 0.885818 0.343034 1.295864
v 0.899671 0.449359 1.404078
v 0.947212 0.356596 1.383569
v 0.795888 0.498193 1.454878
v 0.675503 0.484444 1.516567
v 0.584499 0.413363 1.565581
v 0.557637 0.312102 1.583198
v 0.605177 0.219339 1.56269
v 0.70896 0.170505 1.511889
v 0.829345 0.184254 1.4502
v 0.920349 0.255335 1.401186
v 0.965347 0.456964 1.487034
v 1.005675 0.353008 1.445208
v 0.862824 0.512227 1.560856
v 0.737266 0.497689 1.638478
v 0.636632 0.418903 1.69025
v 0.599361 0.305963 1.696398
v 0.639689 0.202008 1.654572
v 0.742212 0.146744 1.58075
v 0.86777 0.161282 1.503128
v 0.968404 0.240068 1.451356
v 1.035226 0.4479 1.558081
v 1.063556 0.337343 1.491842
v 0.937947 0.505533 1.657199
v 0.808875 0.488229 1.751337
v 0.697312 0.402597 1.804537
v 0.645871 0.281345 1.796478
v 0.674201 0.170788 1.730239
v 0.77148 0.113155 1.631121
v 0.900552 0.130459 1.536983
v 1.012115 0.216091 1.483783
v 1.108331 0.423382 1.618908
v 1.121622 0.311374 1.52805
v 1.01846 0.47904 1.742787
v 0.886338 0.45709 1.852368
v 0.762431 0.365916 1.905797
v 0.694066 0.240343 1.882664
v 0.707357 0.128335 1.791806
v 0.797227 0.072677 1.667927
v 0.929349 0.094626 1.558346
v 1.053257 0.185801 1.504917
v 1.183389 0.38476 1.671013
v 1.180995 0.275292 1.557493
v 1.100738 0.435484 1.817108
v 0.964613 0.408087 1.939976
v 0.827009 0.313035 1.992684
v 0.740486 0.186634 1.9551
v 0.738093 0.077166 1.84158
v 0.820744 0.026442 1.695484
v 0.956868 0.053839 1.572617
v 1.094472 0.148891 1.519909
v 1.231043 0.313393 1.72182
v 1.217834 0.223105 1.605291
v 1.160675 0.351427 1.867784
v 1.033609 0.322681 1.987428
v 0.898379 0.238133 2.035054
v 0.806639 0.130079 1.992469
v 0.793431 0.039791 1.87594
v 0.863798 0.001757 1.729976
v 0.990865 0.030503 1.610332
v 1.126094 0.115051 1.562706
v 1.275386 0.233986 1.765298
v 1.256133 0.159775 1.650199
v 1.212813 0.262626 1.907024
v 1.092315 0.234756 2.021244
v 0.959919 0.16102 2.064328
v 0.866195 0.069584 2.019822
v 0.846943 -0.004627 1.904723
v 0.909516 -0.033267 1.762997
v 1.030013 -0.005397 1.648777
v 1.162409 0.068339 1.605692
v 1.315271 0.148427 1.803609
v 1.293716 0.086812 1.692814
v 1.257028 0.171362 1.938461
v 1.141233 0.146855 2.04586
v 1.012116 0.084269 2.084784
v 0.918996 0.007508 2.040365
v 0.897441 -0.054107 1.92957
v 0.955684 -0.077041 1.794718
v 1.071479 -0.052535 1.687319
v 1.200595 0.010052 1.648395
v 1.349559 0.058464 1.838996
v 1.328436 0.00608 1.734363
v 1.293175 0.079338 1.96522
v 1.180821 0.060727 2.06482
v 1.055412 0.009742 2.099754
v 0.964851 -0.054144 2.056677
v 0.943727 -0.106528 1.952044
v 1.000111 -0.127402 1.82582
v 1.112465 -0.108791 1.72622
v 1.237874 -0.057806 1.691286
v 1.37704 -0.03426 1.87379
v 1.35824 -0.080521 1.776643
v 1.320906 -0.01195 1.990002
v 1.211279 -0.022112 2.080891
v 1.090033 -0.060864 2.111739
v 1.003479 -0.113405 2.070765
v 0.984679 -0.159666 1.973618
v 1.040812 -0.181976 1.857405
v 1.150439 -0.171814 1.766517
v 1.271686 -0.133062 1.735668
v 1.370994 -0.132691 1.918595
v 1.356301 -0.17092 1.840673
v 1.323366 -0.108598 2.009674
v 1.231609 -0.107842 2.079123
v 1.130772 -0.130714 2.100413
v 1.059371 -0.168477 2.065413
v 1.044679 -0.206706 1.987491
v 1.092307 -0.230799 1.896411
v 1.184063 -0.231554 1.826963
v 1.2849 -0.208683 1.805673
v 1.353619 -0.22497 1.965316
v 1.343165 -0.256551 1.907354
v 1.315481 -0.199247 2.030964
v 1.24332 -0.189206 2.079223
v 1.164699 -0.198682 2.091661
v 1.109647 -0.224057 2.063526
v 1.099194 -0.255638 2.005564
v 1.137332 -0.281361 1.939916
v 1.209493 -0.291402 1.891657
v 1.288114 -0.281926 1.879219
v 1.323648 -0.306864 2.014926
v 1.316873 -0.331512 1.977129
v 1.296715 -0.282209 2.055729
v 1.246363 -0.266964 2.083953
v 1.191824 -0.266953 2.088818
v 1.153931 -0.282179 2.068465
v 1.147157 -0.306827 2.030668
v 1.174089 -0.331482 1.989865
v 1.224441 -0.346727 1.961641
v 1.27898 -0.346739 1.956776
v 1.280729 -0.373649 2.067188
v 1.276954 -0.389078 2.048629
v 1.266524 -0.355828 2.085682
v 1.239764 -0.342424 2.097046
v 1.210671 -0.338555 2.09694
v 1.190358 -0.3457 2.085403
v 1.186583 -0.361129 2.066844
v 1.200788 -0.37895 2.048351
v 1.227548 -0.392354 2.036987
v 1.256641 -0.396223 2.037093
v 1.226241 -0.421286 2.120331
v 1.225739 -0.423484 2.11802
v 1.224358 -0.418597 2.122516
v 1.220811 -0.416444 2.12374
v 1.216954 -0.415649 2.123535
v 1.214261 -0.416516 2.12198
v 1.213759 -0.418714 2.119669
v 1.215642 -0.421403 2.117484
v 1.219189 -0.423556 2.11626
v 1.223046 -0.424351 2.116465
v -0.108782 0.621337 1.71961
v -0.136447 0.597442 1.639714
v -0.136822 0.597442 1.540829
v -0.109763 0.621337 1.460726
v -0.065606 0.66 1.430001
v -0.021218 0.698663 1.46039
v 0.006447 0.722558 1.540286
v 0.006822 0.722558 1.639171
v -0.020237 0.698663 1.719274
v -0.064394 0.66 1.749999
v -0.130415 0.834938 1.734707
v -0.181272 0.793918 1.768946
v -0.096888 0.857594 1.645354
v -0.093496 0.853232 1.535019
v -0.121537 0.823518 1.445845
v -0.170298 0.779802 1.411894
v -0.221155 0.738782 1.446133
v -0.254682 0.716127 1.535485
v -0.258073 0.720489 1.645821
v -0.230033 0.750203 1.734995
v -0.231345 0.967125 1.731855
v -0.291606 0.927015 1.768829
v -0.18601 0.982147 1.634639
v -0.172916 0.966345 1.514315
v -0.197065 0.925752 1.416842
v -0.249234 0.875876 1.379452
v -0.309495 0.835766 1.416426
v -0.35483 0.820743 1.513642
v -0.367924 0.836546 1.633966
v -0.343775 0.877138 1.731439
v -0.319533 1.091631 1.711007
v -0.390355 1.054209 1.749349
v -0.260162 1.095633 1.608485
v -0.23492 1.064685 1.480941
v -0.253449 1.01061 1.377094
v -0.308671 0.954062 1.336608
v -0.379493 0.91664 1.37495
v -0.438864 0.912639 1.477472
v -0.464106 0.943586 1.605016
v -0.445577 0.997661 1.708863
v -0.395053 1.208857 1.672446
v -0.47739 1.175957 1.710083
v -0.319828 1.198386 1.568463
v -0.280448 1.148545 1.437853
v -0.291955 1.078371 1.330503
v -0.349954 1.014668 1.287417
v -0.432291 0.981768 1.325054
v -0.507516 0.992239 1.429037
v -0.546896 1.04208 1.559647
v -0.535389 1.112254 1.666997
v -0.457392 1.318575 1.61656
v -0.551734 1.291826 1.650731
v -0.365386 1.290619 1.516199
v -0.310857 1.218637 1.387982
v -0.314635 1.130123 1.280884
v -0.375276 1.058886 1.235812
v -0.469617 1.032138 1.269983
v -0.561624 1.060094 1.370344
v -0.616152 1.132076 1.498561
v -0.612374 1.22059 1.605659
v -0.505436 1.406001 1.53138
v -0.602955 1.388246 1.556764
v -0.405695 1.362126 1.447548
v -0.341829 1.273378 1.337288
v -0.338235 1.173656 1.242716
v -0.396283 1.101051 1.199955
v -0.493802 1.083296 1.225339
v -0.593544 1.127171 1.309171
v -0.657409 1.215919 1.41943
v -0.661004 1.315641 1.514003
v -0.536458 1.472981 1.430018
v -0.631198 1.463825 1.444514
v -0.436433 1.417428 1.368086
v -0.36933 1.318385 1.282375
v -0.36078 1.213682 1.205623
v -0.414048 1.143314 1.167147
v -0.508789 1.134157 1.181642
v -0.608813 1.189711 1.243574
v -0.675916 1.288754 1.329285
v -0.684467 1.393456 1.406037
v -0.550756 1.525428 1.3235
v -0.640883 1.522973 1.327261
v -0.453894 1.461832 1.28307
v -0.387296 1.356474 1.221414
v -0.3764 1.249598 1.162083
v -0.425367 1.182027 1.127739
v -0.515494 1.179572 1.1315
v -0.612356 1.243168 1.17193
v -0.678954 1.348526 1.233586
v -0.68985 1.455402 1.292917
v -0.54966 1.563869 1.215272
v -0.633606 1.56623 1.209172
v -0.458865 1.495792 1.194601
v -0.395904 1.388001 1.155055
v -0.384824 1.28167 1.111739
v -0.429858 1.217413 1.081199
v -0.513805 1.219774 1.075099
v -0.604599 1.287851 1.09577
v -0.667561 1.395641 1.135316
v -0.67864 1.501973 1.178632
v -0.534771 1.589329 1.108119
v -0.611357 1.594849 1.093492
v -0.452181 1.519862 1.104635
v -0.395134 1.412983 1.08437
v -0.38542 1.309515 1.055066
v -0.426749 1.248979 1.027914
v -0.503334 1.254499 1.013287
v -0.585924 1.323966 1.016771
v -0.642971 1.430845 1.037036
v -0.652686 1.534313 1.066341
v -0.506867 1.59714 1.003244
v -0.573037 1.604043 0.9823
v -0.436429 1.531422 1.013731
v -0.388629 1.43199 1.009756
v -0.381724 1.336824 0.992838
v -0.418352 1.282275 0.969438
v -0.484522 1.289178 0.948494
v -0.55496 1.354897 0.938007
v -0.60276 1.454328 0.941982
v -0.609665 1.549494 0.9589
v -0.467303 1.582248 0.903648
v -0.518494 1.588499 0.880415
v -0.414188 1.527751 0.922624
v -0.379437 1.445823 0.930093
v -0.376324 1.367759 0.923203
v -0.406037 1.323376 0.904585
v -0.457228 1.329627 0.881352
v -0.510343 1.384124 0.862376
v -0.545094 1.466052 0.854907
v -0.548207 1.544116 0.861797
v -0.41945 1.557635 0.813416
v -0.456274 1.562425 0.790996
v -0.382596 1.515792 0.835454
v -0.35979 1.452878 0.84869
v -0.359744 1.392926 0.848069
v -0.382473 1.358834 0.833829
v -0.419298 1.363625 0.811408
v -0.456151 1.405468 0.789371
v -0.478957 1.468381 0.776134
v -0.479004 1.528334 0.776755
v -0.364591 1.524556 0.733547
v -0.388139 1.527511 0.71488
v -0.342203 1.496032 0.753694
v -0.329526 1.452835 0.767626
v -0.331403 1.411465 0.770021
v -0.347115 1.387723 0.759964
v -0.370663 1.390679 0.741297
v -0.393051 1.419203 0.721149
v -0.405727 1.4624 0.707218
v -0.403851 1.50377 0.704823
v -0.303892 1.48408 0.665117
v -0.315757 1.485238 0.652982
v -0.293456 1.468866 0.678867
v -0.288435 1.445407 0.688981
v -0.290747 1.422664 0.691594
v -0.299509 1.409323 0.685709
v -0.311374 1.410481 0.673574
v -0.32181 1.425694 0.659824
v -0.326831 1.449153 0.649711
v -0.324519 1.471897 0.647097
v -0.238651 1.437224 0.609434
v -0.2412 1.437122 0.606559
v -0.236618 1.434567 0.612525
v -0.235876 1.430166 0.614652
v -0.23671 1.425701 0.615002
v -0.2388 1.422878 0.613441
v -0.241349 1.422776 0.610566
v -0.243382 1.425433 0.607475
v -0.244124 1.429834 0.605348
v -0.24329 1.434299 0.604998
v 0.109763 0.621337 1.460726
v 0.136822 0.597442 1.540829
v 0.136447 0.597442 1.639714
v 0.108782 0.621337 1.71961
v 0.064394 0.66 1.749999
v 0.020237 0.698663 1.719274
v -0.006822 0.722558 1.639171
v -0.006447 0.722558 1.540286
v 0.021218 0.698663 1.46039
v 0.065606 0.66 1.430001
v 0.121537 0.823518 1.445845
v 0.170298 0.779802 1.411894
v 0.093496 0.853232 1.535019
v 0.096888 0.857594 1.645354
v 0.130415 0.834938 1.734707
v 0.181272 0.793918 1.768946
v 0.230033 0.750203 1.734995
v 0.258073 0.720489 1.645821
v 0.254682 0.716127 1.535485
v 0.221155 0.738782 1.446133
v 0.197065 0.925752 1.416842
v 0.249234 0.875876 1.379452
v 0.172916 0.966345 1.514315
v 0.18601 0.982147 1.634639
v 0.231345 0.967125 1.731855
v 0.291606 0.927015 1.768829
v 0.343775 0.877138 1.731439
v 0.367924 0.836546 1.633966
v 0.35483 0.820743 1.513642
v 0.309495 0.835766 1.416426
v 0.253449 1.01061 1.377094
v 0.308671 0.954062 1.336608
v 0.23492 1.064685 1.480941
v 0.260162 1.095633 1.608485
v 0.319533 1.091631 1.711007
v 0.390355 1.054209 1.749349
v 0.445577 0.997661 1.708863
v 0.464106 0.943586 1.605016
v 0.438864 0.912639 1.477472
v 0.379493 0.91664 1.37495
v 0.291955 1.078371 1.330503
v 0.349954 1.014668 1.287417
v 0.280448 1.148545 1.437853
v 0.319828 1.198386 1.568463
v 0.395053 1.208857 1.672446
v 0.47739 1.175957 1.710083
v 0.535389 1.112254 1.666997
v 0.546896 1.04208 1.559647
v 0.507516 0.992239 1.429037
v 0.432291 0.981768 1.325054
v 0.314635 1.130123 1.280884
v 0.375276 1.058886 1.235812
v 0.310857 1.218637 1.387982
v 0.365386 1.290619 1.516199
v 0.457392 1.318575 1.61656
v 0.551734 1.291826 1.650731
v 0.612374 1.22059 1.605659
v 0.616152 1.132076 1.498561
v 0.561624 1.060094 1.370344
v 0.469617 1.032138 1.269983
v 0.338235 1.173656 1.242716
v 0.396283 1.101051 1.199955
v 0.341829 1.273378 1.337288
v 0.405695 1.362126 1.447548
v 0.505436 1.406001 1.53138
v 0.602955 1.388246 1.556764
v 0.661004 1.315641 1.514003
v 0.657409 1.215919 1.41943
v 0.593544 1.127171 1.309171
v 0.493802 1.083296 1.225339
v 0.36078 1.213682 1.205623
v 0.414048 1.143314 1.167147
v 0.36933 1.318385 1.282375
v 0.436433 1.417428 1.368086
v 0.536458 1.472981 1.430018
v 0.631198 1.463825 1.444514
v 0.684467 1.393456 1.406037
v 0.675916 1.288754 1.329285
v 0.608813 1.189711 1.243574
v 0.508789 1.134157 1.181642
v 0.3764 1.249598 1.162083
v 0.425367 1.182027 1.127739
v 0.387296 1.356474 1.221414
v 0.453894 1.461832 1.28307
v 0.550756 1.525428 1.3235
v 0.640883 1.522973 1.327261
v 0.68985 1.455402 1.292917
v 0.678954 1.348526 1.233586
v 0.612356 1.243168 1.17193
v 0.515494 1.179572 1.1315
v 0.384824 1.28167 1.111739
v 0.429858 1.217413 1.081199
v 0.395904 1.388001 1.155055
v 0.458865 1.495792 1.194601
v 0.54966 1.563869 1.215272
v 0.633606 1.56623 1.209172
v 0.67864 1.501973 1.178632
v 0.667561 1.395641 1.135316
v 0.604599 1.287851 1.09577
v 0.513805 1.219774 1.075099
v 0.38542 1.309515 1.055066
v 0.426749 1.248979 1.027914
v 0.395134 1.412983 1.08437
v 0.452181 1.519862 1.104635
v 0.534771 1.589329 1.108119
v 0.611357 1.594849 1.093492
v 0.652686 1.534313 1.066341
v 0.642971 1.430845 1.037036
v 0.585924 1.323966 1.016771
v 0.503334 1.254499 1.013287
v 0.381724 1.336824 0.992838
v 0.418352 1.282275 0.969438
v 0.388629 1.43199 1.009756
v 0.436429 1.531422 1.013731
v 0.506867 1.59714 1.003244
v 0.573037 1.604043 0.9823
v 0.609665 1.549494 0.9589
v 0.60276 1.454328 0.941982
v 0.55496 1.354897 0.938007
v 0.484522 1.289178 0.948494
v 0.376324 1.367759 0.923203
v 0.406037 1.323376 0.904585
v 0.379437 1.445823 0.930093
v 0.414188 1.527751 0.922624
v 0.467303 1.582248 0.903648
v 0.518494 1.588499 0.880415
v 0.548207 1.544116 0.861797
v 0.545094 1.466052 0.854907
v 0.510343 1.384124 0.862376
v 0.457228 1.329627 0.881352
v 0.359744 1.392926 0.848069
v 0.382473 1.358834 0.833829
v 0.35979 1.452878 0.84869
v 0.382596 1.515792 0.835454
v 0.41945 1.557635 0.813416
v 0.456274 1.562425 0.790996
v 0.479004 1.528334 0.776755
v 0.478957 1.468381 0.776134
v 0.456151 1.405468 0.789371
v 0.419298 1.363625 0.811408
v 0.331403 1.411465 0.770021
v 0.347115 1.387723 0.759964
v 0.329526 1.452835 0.767626
v 0.342203 1.496032 0.753694
v 0.364591 1.524556 0.733547
v 0.388139 1.527511 0.71488
v 0.403851 1.50377 0.704823
v 0.405727 1.4624 0.707218
v 0.393051 1.419203 0.721149
v 0.370663 1.390679 0.741297
v 0.290747 1.422664 0.691594
v 0.299509 1.409323 0.685709
v 0.288435 1.445407 0.688981
v 0.293456 1.468866 0.678867
v 0.303892 1.48408 0.665117
v 0.315757 1.485238 0.652982
v 0.324519 1.471897 0.647097
v 0.326831 1.449153 0.649711
v 0.32181 1.425694 0.659824
v 0.311374 1.410481 0.673574
v 0.23671 1.425701 0.615002
v 0.2388 1.422878 0.613441
v 0.235876 1.430166 0.614652
v 0.236618 1.434567 0.612525
v 0.238651 1.437224 0.609434
v 0.2412 1.437122 0.606559
v 0.24329 1.434299 0.604998
v 0.244124 1.429834 0.605348
v 0.243382 1.425433 0.607475
v 0.241349 1.422776 0.610566
vn 2e-06 -0.00249 0.999997
vn -0.00051 -0.010141 0.999948
vn 1.6e-05 -0.010163 0.999948
vn -0.001006 -0.010076 0.999949
vn -0.001473 -0.009961 0.999949
vn -0.001912 -0.009794 0.99995
vn -0.002324 -0.009573 0.999951
vn -0.002704 -0.009301 0.999953
vn -0.003044 -0.008981 0.999955
vn -0.003331 -0.00862 0.999957
vn -0.003549 -0.008224 0.99996
vn -0.00368 -0.007801 0.999963
vn -0.00371 -0.007354 0.999966
vn -0.00363 -0.006884 0.99997
vn -0.00344 -0.006392 0.999974
vn -0.003144 -0.005877 0.999978
vn -0.002749 -0.005343 0.999982
vn -0.002259 -0.004802 0.999986
vn -0.001674 -0.004277 0.999989
vn -0.000988 -0.003798 0.999992
vn -0.000188 -0.003396 0.999994
vn 0.000738 -0.003102 0.999995
vn 0.001799 -0.002931 0.999994
vn 0.002991 -0.002881 0.999991
vn 0.004297 -0.002929 0.999986
vn 0.005684 -0.003036 0.999979
vn 0.007104 -0.003159 0.99997
vn 0.008501 -0.003267 0.999959
vn 0.009814 -0.003353 0.999946
vn 0.010989 -0.003445 0.999934
vn 0.011986 -0.003606 0.999922
vn 0.012786 -0.003925 0.999911
vn 0.013392 -0.004502 0.9999
vn 0.013834 -0.005424 0.99989
vn 0.014167 -0.006745 0.999877
vn 0.01446 -0.008467 0.99986
vn 0.014787 -0.010535 0.999835
vn 0.015215 -0.012846 0.999802
vn 0.015781 -0.015271 0.999759
vn 0.016486 -0.017683 0.999708
vn 0.017282 -0.019983 0.999651
vn 0.018076 -0.022114 0.999592
vn 0.018749 -0.024069 0.999534
vn 0.019175 -0.025877 0.999481
vn 0.019246 -0.027593 0.999434
vn 0.018899 -0.029276 0.999393
vn 0.018132 -0.030966 0.999356
vn 0.017005 -0.032669 0.999322
vn 0.015628 -0.034351 0.999288
vn 0.014141 -0.03594 0.999254
vn 0.012672 -0.037339 0.999222
vn 0.011308 -0.038451 0.999197
vn 0.010067 -0.039191 0.999181
vn 0.008897 -0.039507 0.99918
vn 0.007685 -0.039392 0.999194
vn 0.006292 -0.038883 0.999224
vn 0.004584 -0.038064 0.999265
vn 0.002472 -0.037049 0.99931
vn -5.6e-05 -0.03597 0.999353
vn -0.002927 -0.034955 0.999385
vn -0.005984 -0.034112 0.9994
vn -0.009022 -0.033507 0.999398
vn -0.011824 -0.033155 0.99938
vn -0.014217 -0.033011 0.999354
vn -0.016097 -0.032973 0.999327
vn -0.017441 -0.032898 0.999307
vn -0.018297 -0.032632 0.9993
vn -0.018765 -0.032036 0.999311
vn -0.018964 -0.031013 0.999339
vn -0.019011 -0.029531 0.999383
vn -0.018993 -0.027627 0.999438
vn -0.018957 -0.025398 0.999498
vn -0.018903 -0.022984 0.999557
vn -0.018797 -0.02054 0.999612
vn -0.018581 -0.018209 0.999662
vn -0.018202 -0.016088 0.999705
vn -0.017619 -0.014221 0.999744
vn -0.01682 -0.012593 0.999779
vn -0.015823 -0.011146 0.999813
vn -0.014666 -0.009806 0.999844
vn -0.013407 -0.008506 0.999874
vn -0.012108 -0.007206 0.999901
vn -0.010827 -0.00591 0.999924
vn -0.009613 -0.004658 0.999943
vn -0.008495 -0.003519 0.999958
vn -0.007483 -0.002568 0.999969
vn -0.006568 -0.001871 0.999977
vn -0.005728 -0.001459 0.999983
vn -0.004927 -0.001328 0.999987
vn -0.00413 -0.001442 0.99999
vn -0.003304 -0.001742 0.999993
vn -0.002432 -0.002161 0.999995
vn -0.001514 -0.00264 0.999995
vn -0.000568 -0.003134 0.999995
vn 0.000374 -0.003619 0.999993
vn 0.00127 -0.004088 0.999991
vn 0.002076 -0.004547 0.999988
vn 0.002759 -0.005009 0.999984
vn 0.003295 -0.005483 0.99998
vn 0.003677 -0.005973 0.999975
vn 0.003912 -0.006476 0.999971
vn 0.004018 -0.00698 0.999968
vn 0.004014 -0.007474 0.999964
vn 0.003922 -0.007943 0.999961
vn 0.003755 -0.008378 0.999958
vn 0.003524 -0.00877 0.999955
vn 0.003235 -0.009114 0.999953
vn 0.002891 -0.009409 0.999952
vn 0.002499 -0.009653 0.99995
vn 0.002064 -0.009847 0.999949
vn 0.001594 -0.009993 0.999949
vn 0.001094 -0.010091 0.999948
vn 0.000566 -0.010147 0.999948
vn 0.001401 0.02026 0.999794
vn 0.000245 0.020294 0.999794
vn 0.002573 0.02019 0.999793
vn 0.003757 0.020099 0.999791
vn 0.004956 0.019996 0.999788
vn 0.006175 0.019886 0.999783
vn 0.007419 0.019767 0.999777
vn 0.008698 0.019633 0.999769
vn 0.010022 0.01948 0.99976
vn 0.011408 0.019302 0.999749
vn 0.012871 0.019101 0.999735
vn 0.01443 0.01888 0.999718
vn 0.016102 0.018642 0.999697
vn 0.017902 0.018388 0.999671
vn 0.019835 0.01811 0.999639
vn 0.021904 0.017788 0.999602
vn 0.024102 0.017391 0.999558
vn 0.026422 0.016882 0.999508
vn 0.02886 0.016225 0.999452
vn 0.031417 0.015385 0.999388
vn 0.034103 0.014339 0.999315
vn 0.036932 0.013076 0.999232
vn 0.039911 0.011591 0.999136
vn 0.04303 0.009887 0.999025
vn 0.046247 0.007963 0.998898
vn 0.049482 0.005817 0.998758
vn 0.052615 0.003442 0.998609
vn 0.055504 0.000828 0.998458
vn 0.058004 -0.002033 0.998314
vn 0.060007 -0.005147 0.998185
vn 0.061463 -0.008514 0.998073
vn 0.0624 -0.012138 0.997977
vn 0.062929 -0.016031 0.997889
vn 0.063218 -0.020217 0.997795
vn 0.063455 -0.024729 0.997678
vn 0.063804 -0.029594 0.997524
vn 0.064356 -0.034819 0.997319
vn 0.065104 -0.040381 0.997061
vn 0.065937 -0.046218 0.996753
vn 0.066654 -0.052235 0.996408
vn 0.067011 -0.058308 0.996047
vn 0.066778 -0.064304 0.995694
vn 0.065786 -0.070104 0.995368
vn 0.063957 -0.075625 0.995083
vn 0.061316 -0.080832 0.99484
vn 0.057963 -0.085735 0.99463
vn 0.054048 -0.090367 0.994441
vn 0.049722 -0.094749 0.994259
vn 0.045108 -0.098851 0.994079
vn 0.04028 -0.10258 0.993909
vn 0.035262 -0.105778 0.993764
vn 0.030041 -0.108249 0.99367
vn 0.024593 -0.109812 0.993648
vn 0.018912 -0.110354 0.993712
vn 0.013019 -0.109876 0.99386
vn 0.006963 -0.108518 0.99407
vn 0.000801 -0.106546 0.994307
vn -0.005414 -0.104304 0.994531
vn -0.011643 -0.102139 0.994702
vn -0.017853 -0.100322 0.994795
vn -0.024008 -0.098985 0.994799
vn -0.030061 -0.098085 0.994724
vn -0.035949 -0.097417 0.994594
vn -0.041592 -0.096654 0.994449
vn -0.046888 -0.095428 0.994331
vn -0.05172 -0.093417 0.994283
vn -0.055977 -0.090416 0.99433
vn -0.059575 -0.086374 0.99448
vn -0.062485 -0.081397 0.994721
vn -0.064735 -0.075708 0.995026
vn -0.066403 -0.069588 0.995363
vn -0.067588 -0.063316 0.995702
vn -0.068377 -0.057117 0.996023
vn -0.068821 -0.05114 0.996317
vn -0.068929 -0.045447 0.996586
vn -0.068669 -0.040033 0.996836
vn -0.067999 -0.034858 0.997076
vn -0.066889 -0.029874 0.997313
vn -0.065346 -0.025057 0.997548
vn -0.063428 -0.02041 0.997778
vn -0.061243 -0.015961 0.997995
vn -0.058924 -0.011751 0.998193
vn -0.056605 -0.00782 0.998366
vn -0.054385 -0.004197 0.998511
vn -0.052308 -0.000894 0.998631
vn -0.050358 0.002089 0.998729
vn -0.048465 0.004764 0.998814
vn -0.046529 0.007149 0.998891
vn -0.044453 0.009256 0.998969
vn -0.042169 0.011096 0.999049
vn -0.039655 0.012674 0.999133
vn -0.036942 0.013998 0.999219
vn -0.034102 0.015086 0.999304
vn -0.031229 0.015963 0.999385
vn -0.028421 0.016664 0.999457
vn -0.025755 0.017224 0.99952
vn -0.023283 0.017677 0.999573
vn -0.021021 0.018051 0.999616
vn -0.018963 0.018365 0.999652
vn -0.017083 0.018631 0.99968
vn -0.015348 0.018858 0.999704
vn -0.01373 0.019052 0.999724
vn -0.012205 0.01922 0.999741
vn -0.010758 0.019369 0.999755
vn -0.009379 0.019507 0.999766
vn -0.008058 0.01964 0.999775
vn -0.006789 0.019771 0.999781
vn -0.005561 0.0199 0.999787
vn -0.004365 0.020022 0.99979
vn -0.003191 0.020132 0.999792
vn -0.002034 0.020221 0.999793
vn -0.00089 0.020279 0.999794
vn 0.003297 0.052907 0.998594
vn 0.000323 0.052992 0.998595
vn 0.006278 0.052698 0.998591
vn 0.009263 0.052388 0.998584
vn 0.012255 0.051995 0.998572
vn 0.015258 0.051524 0.998555
vn 0.018281 0.050975 0.998533
vn 0.021332 0.050343 0.998504
vn 0.024421 0.049619 0.99847
vn 0.027565 0.048804 0.998428
vn 0.030781 0.047901 0.998378
vn 0.034094 0.04692 0.998317
vn 0.03753 0.045869 0.998242
vn 0.041111 0.04475 0.998152
vn 0.044852 0.043548 0.998044
vn 0.048759 0.042232 0.997917
vn 0.052821 0.040757 0.997772
vn 0.057026 0.039072 0.997608
vn 0.061357 0.037126 0.997425
vn 0.06581 0.034883 0.997222
vn 0.070394 0.032316 0.996996
vn 0.075129 0.029414 0.99674
vn 0.080033 0.026168 0.996449
vn 0.085097 0.022567 0.996117
vn 0.090267 0.018589 0.995744
vn 0.095426 0.014207 0.995335
vn 0.100392 0.00939 0.994904
vn 0.104939 0.004123 0.99447
vn 0.108838 -0.00159 0.994058
vn 0.11191 -0.007713 0.993688
vn 0.114074 -0.014192 0.993371
vn 0.115376 -0.020973 0.9931
vn 0.115996 -0.028028 0.992854
vn 0.116204 -0.035371 0.992595
vn 0.116304 -0.043066 0.99228
vn 0.116547 -0.051198 0.991865
vn 0.117069 -0.059845 0.991319
vn 0.117838 -0.06904 0.99063
vn 0.118654 -0.078747 0.989808
vn 0.119189 -0.088844 0.988889
vn 0.119056 -0.099134 0.987926
vn 0.117908 -0.109373 0.986983
vn 0.115511 -0.119317 0.986114
vn 0.111786 -0.128777 0.985353
vn 0.106809 -0.137652 0.984705
vn 0.100763 -0.14594 0.984149
vn 0.093876 -0.153699 0.983648
vn 0.086355 -0.16099 0.983171
vn 0.078343 -0.167809 0.982702
vn 0.069903 -0.174041 0.982254
vn 0.061033 -0.179455 0.981871
vn 0.051708 -0.183743 0.981613
vn 0.041926 -0.186598 0.981541
vn 0.03175 -0.18781 0.981692
vn 0.021308 -0.187354 0.982061
vn 0.010764 -0.185432 0.982598
vn 0.000271 -0.182461 0.983213
vn -0.010076 -0.178987 0.9838
vn -0.020256 -0.17557 0.984259
vn -0.030307 -0.172648 0.984517
vn -0.040288 -0.170425 0.984547
vn -0.050237 -0.168827 0.984365
vn -0.060139 -0.167508 0.984035
vn -0.069896 -0.165939 0.983656
vn -0.079326 -0.163537 0.983343
vn -0.088177 -0.159805 0.983202
vn -0.096178 -0.154448 0.983309
vn -0.1031 -0.147427 0.983685
vn -0.108821 -0.138947 0.984303
vn -0.113345 -0.129387 0.985095
vn -0.116792 -0.119196 0.985978
vn -0.119347 -0.108797 0.986874
vn -0.121195 -0.098513 0.987728
vn -0.122464 -0.088532 0.988516
vn -0.123197 -0.078919 0.989239
vn -0.12336 -0.069649 0.989915
vn -0.122879 -0.060663 0.990566
vn -0.121684 -0.051917 0.99121
vn -0.119763 -0.043409 0.991853
vn -0.117187 -0.035184 0.992486
vn -0.114112 -0.027315 0.993092
vn -0.11075 -0.01987 0.99365
vn -0.107315 -0.012894 0.994141
vn -0.103973 -0.0064 0.99456
vn -0.100799 -0.000367 0.994907
vn -0.097768 0.005238 0.995195
vn -0.09477 0.010453 0.995444
vn -0.091646 0.015299 0.995674
vn -0.088241 0.019774 0.995903
vn -0.084448 0.023857 0.996142
vn -0.080239 0.027518 0.996396
vn -0.075667 0.030739 0.996659
vn -0.070849 0.033523 0.996924
vn -0.065939 0.035906 0.997177
vn -0.061084 0.037946 0.997411
vn -0.056404 0.039712 0.997618
vn -0.051971 0.041271 0.997795
vn -0.047807 0.042674 0.997945
vn -0.043897 0.043958 0.998068
vn -0.040201 0.04514 0.998171
vn -0.036675 0.046227 0.998258
vn -0.033277 0.047221 0.99833
vn -0.02998 0.048126 0.998391
vn -0.026764 0.048949 0.998443
vn -0.023617 0.049698 0.998485
vn -0.020529 0.05038 0.998519
vn -0.01749 0.051 0.998545
vn -0.014487 0.051555 0.998565
vn -0.011509 0.052039 0.998579
vn -0.008543 0.052439 0.998588
vn -0.005583 0.052743 0.998592
vn -0.002629 0.052934 0.998595
vn 0.005209 0.086473 0.996241
vn 0.000365 0.086608 0.996242
vn 0.010056 0.086122 0.996234
vn 0.014898 0.08559 0.996219
vn 0.01974 0.084898 0.996194
vn 0.024588 0.084057 0.996158
vn 0.029448 0.083066 0.996109
vn 0.03433 0.081919 0.996048
vn 0.039244 0.080609 0.995973
vn 0.044206 0.079134 0.995883
vn 0.049238 0.077505 0.995775
vn 0.05437 0.075737 0.995644
vn 0.059635 0.073841 0.995485
vn 0.065067 0.071821 0.995293
vn 0.070687 0.069656 0.995063
vn 0.076502 0.067306 0.994795
vn 0.0825 0.064712 0.994488
vn 0.088658 0.061804 0.994143
vn 0.094953 0.058523 0.99376
vn 0.101374 0.054822 0.993337
vn 0.107931 0.050674 0.992866
vn 0.114649 0.046064 0.992337
vn 0.121555 0.04098 0.991738
vn 0.128644 0.035398 0.991059
vn 0.135848 0.02928 0.990297
vn 0.14301 0.022575 0.989464
vn 0.149883 0.015237 0.988586
vn 0.156157 0.007243 0.987706
vn 0.161515 -0.001388 0.986869
vn 0.165707 -0.010586 0.986118
vn 0.168616 -0.020249 0.985474
vn 0.170308 -0.030273 0.984926
vn 0.171029 -0.040596 0.984429
vn 0.171156 -0.051232 0.983911
vn 0.171103 -0.062272 0.983283
vn 0.171219 -0.073857 0.982461
vn 0.171683 -0.086126 0.98138
vn 0.172446 -0.099159 0.980015
vn 0.173224 -0.112931 0.978386
vn 0.173559 -0.127288 0.976563
vn 0.172922 -0.141954 0.974652
vn 0.170844 -0.156573 0.972778
vn 0.16702 -0.170781 0.97105
vn 0.161362 -0.184289 0.969536
vn 0.15399 -0.196938 0.968247
vn 0.145165 -0.208716 0.967143
vn 0.135196 -0.219707 0.966153
vn 0.124351 -0.230012 0.965211
vn 0.112804 -0.239643 0.964285
vn 0.100614 -0.248462 0.963402
vn 0.087766 -0.256161 0.962641
vn 0.074224 -0.262316 0.962123
vn 0.060012 -0.266496 0.961966
vn 0.045249 -0.268399 0.962245
vn 0.030157 -0.267971 0.962955
vn 0.015004 -0.26548 0.964
vn 2.5e-05 -0.261487 0.965207
vn -0.014647 -0.256747 0.966368
vn -0.029007 -0.252034 0.967284
vn -0.043152 -0.247952 0.967811
vn -0.057216 -0.244789 0.967887
vn -0.071303 -0.242438 0.967543
vn -0.085426 -0.240422 0.966902
vn -0.099466 -0.238009 0.966156
vn -0.113156 -0.2344 0.965532
vn -0.126116 -0.22892 0.965241
vn -0.137924 -0.221177 0.965431
vn -0.148222 -0.211134 0.966154
vn -0.156801 -0.199086 0.967356
vn -0.16365 -0.185561 0.968909
vn -0.168934 -0.171176 0.970649
vn -0.17292 -0.1565 0.972423
vn -0.175887 -0.141961 0.974121
vn -0.178031 -0.127803 0.97569
vn -0.179429 -0.114099 0.977132
vn -0.18004 -0.100813 0.97848
vn -0.179753 -0.087869 0.979779
vn -0.178464 -0.075224 0.981067
vn -0.176142 -0.062894 0.982353
vn -0.172876 -0.050962 0.983624
vn -0.168875 -0.039535 0.984844
vn -0.164429 -0.028712 0.985971
vn -0.159836 -0.018543 0.986969
vn -0.155327 -0.009029 0.987822
vn -0.151012 -0.000125 0.988532
vn -0.146858 0.008231 0.989123
vn -0.142712 0.016094 0.989633
vn -0.138356 0.023491 0.990104
vn -0.133576 0.030404 0.990572
vn -0.128227 0.036787 0.991062
vn -0.12227 0.04258 0.991583
vn -0.11578 0.047742 0.992127
vn -0.108922 0.052269 0.992675
vn -0.101903 0.056208 0.993205
vn -0.094928 0.059641 0.993696
vn -0.088157 0.062668 0.994133
vn -0.081686 0.065386 0.994511
vn -0.075544 0.067872 0.99483
vn -0.069709 0.070173 0.995096
vn -0.064128 0.072313 0.995318
vn -0.058744 0.074297 0.995504
vn -0.053503 0.076125 0.995662
vn -0.048371 0.077797 0.995795
vn -0.043325 0.07932 0.995907
vn -0.038351 0.080704 0.996
vn -0.033436 0.081958 0.996075
vn -0.028567 0.083086 0.996133
vn -0.02373 0.084085 0.996176
vn -0.01891 0.084944 0.996206
vn -0.014095 0.085647 0.996226
vn -0.009278 0.086175 0.996237
vn -0.004458 0.086504 0.996242
vn 0.007145 0.12071 0.992662
vn 0.000391 0.120896 0.992665
vn 0.013896 0.120217 0.99265
vn 0.020636 0.119457 0.992625
vn 0.027369 0.118462 0.992581
vn 0.034101 0.117244 0.992517
vn 0.04084 0.115804 0.992432
vn 0.047594 0.114133 0.992325
vn 0.054375 0.112225 0.992194
vn 0.061197 0.11008 0.992037
vn 0.068088 0.107711 0.991848
vn 0.075083 0.105138 0.991619
vn 0.082226 0.10238 0.991341
vn 0.089557 0.099439 0.991005
vn 0.097106 0.096291 0.990605
vn 0.104881 0.092885 0.990138
vn 0.112867 0.089146 0.989603
vn 0.121034 0.08499 0.989003
vn 0.129348 0.080344 0.988339
vn 0.137794 0.075152 0.987606
vn 0.146381 0.069385 0.986792
vn 0.155143 0.063024 0.98588
vn 0.164114 0.056052 0.984848
vn 0.173293 0.048436 0.983679
vn 0.182594 0.04012 0.98237
vn 0.19182 0.031033 0.980939
vn 0.200659 0.021113 0.979434
vn 0.208712 0.01033 0.977923
vn 0.215573 -0.001281 0.976487
vn 0.220917 -0.013618 0.975197
vn 0.224596 -0.026531 0.974091
vn 0.22669 -0.039871 0.97315
vn 0.227516 -0.053545 0.972301
vn 0.227554 -0.067566 0.971419
vn 0.227337 -0.082054 0.970353
vn 0.227306 -0.097205 0.96896
vn 0.227688 -0.113213 0.96713
vn 0.228414 -0.130199 0.964819
vn 0.229117 -0.148141 0.96206
vn 0.229207 -0.166848 0.958971
vn 0.228014 -0.18596 0.955734
vn 0.224946 -0.205011 0.95256
vn 0.219629 -0.223521 0.949632
vn 0.211967 -0.241105 0.947068
vn 0.202127 -0.257552 0.944887
vn 0.190444 -0.27284 0.943022
vn 0.177308 -0.287081 0.941354
vn 0.16305 -0.300411 0.93977
vn 0.147875 -0.31286 0.938217
vn 0.13185 -0.324263 0.936733
vn 0.114947 -0.33424 0.935452
vn 0.097127 -0.342259 0.934572
vn 0.078432 -0.347773 0.934293
vn 0.059039 -0.350391 0.934741
vn 0.039252 -0.350037 0.935913
vn 0.019433 -0.347028 0.937653
vn -0.000107 -0.342067 0.939676
vn -0.019201 -0.3361 0.941631
vn -0.037855 -0.330109 0.943184
vn -0.056218 -0.324865 0.944088
vn -0.074489 -0.320737 0.944235
vn -0.092829 -0.317593 0.943672
vn -0.111271 -0.314828 0.942604
vn -0.129668 -0.31152 0.941351
vn -0.147676 -0.306659 0.940293
vn -0.164793 -0.299401 0.939788
vn -0.180459 -0.28926 0.940087
vn -0.19419 -0.276197 0.941279
vn -0.205699 -0.260587 0.943283
vn -0.214955 -0.243092 0.945886
vn -0.22216 -0.224487 0.948815
vn -0.227662 -0.205488 0.951811
vn -0.231824 -0.186628 0.954687
vn -0.234911 -0.168211 0.957351
vn -0.237029 -0.150328 0.959801
vn -0.238127 -0.132935 0.962093
vn -0.238063 -0.115944 0.964304
vn -0.236695 -0.099308 0.966495
vn -0.233976 -0.083067 0.968687
vn -0.23001 -0.067333 0.970856
vn -0.225064 -0.052255 0.972942
vn -0.219507 -0.037955 0.974872
vn -0.213725 -0.024495 0.976587
vn -0.208017 -0.011865 0.978053
vn -0.202527 3e-06 0.979277
vn -0.197215 0.011194 0.980296
vn -0.191886 0.021782 0.981176
vn -0.186261 0.031795 0.981986
vn -0.180067 0.041203 0.982791
vn -0.173119 0.049934 0.983634
vn -0.165366 0.0579 0.984531
vn -0.156906 0.06504 0.98547
vn -0.14795 0.071346 0.986418
vn -0.138764 0.076873 0.987337
vn -0.129608 0.08173 0.988191
vn -0.120686 0.086049 0.988954
vn -0.112118 0.089956 0.989615
vn -0.103942 0.093551 0.990174
vn -0.096129 0.096895 0.990642
vn -0.088613 0.100015 0.991032
vn -0.081323 0.102917 0.99136
vn -0.074194 0.105597 0.991637
vn -0.067183 0.108053 0.991872
vn -0.060264 0.110292 0.992071
vn -0.053419 0.112324 0.992235
vn -0.046635 0.114162 0.992367
vn -0.039896 0.115809 0.99247
vn -0.033184 0.11726 0.992547
vn -0.026483 0.118503 0.992601
vn -0.019779 0.119515 0.992635
vn -0.013064 0.120272 0.992655
vn -0.00634 0.120744 0.992663
vn 0.009106 0.155534 0.987789
vn 0.00041 0.155771 0.987793
vn 0.017795 0.154895 0.987771
vn 0.026468 0.153906 0.987731
vn 0.035126 0.152603 0.987663
vn 0.043777 0.151003 0.987563
vn 0.052429 0.149107 0.98743
vn 0.06109 0.146905 0.987262
vn 0.069771 0.14439 0.987058
vn 0.07849 0.141564 0.986813
vn 0.087277 0.138443 0.986517
vn 0.096173 0.135055 0.98616
vn 0.105231 0.13142 0.985726
vn 0.114502 0.127543 0.985202
vn 0.124022 0.123396 0.984577
vn 0.1338 0.118915 0.983848
vn 0.143819 0.114012 0.983014
vn 0.154039 0.108587 0.98208
vn 0.164418 0.102551 0.981045
vn 0.174934 0.095841 0.979904
vn 0.185597 0.088422 0.978639
vn 0.196448 0.080275 0.977223
vn 0.20753 0.071375 0.975621
vn 0.218841 0.06168 0.973809
vn 0.23028 0.051118 0.971781
vn 0.241607 0.039599 0.969566
vn 0.252439 0.027045 0.967235
vn 0.262292 0.013424 0.964895
vn 0.270666 -0.001218 0.962672
vn 0.277167 -0.016744 0.960676
vn 0.28161 -0.032959 0.958963
vn 0.284098 -0.049667 0.957508
vn 0.285013 -0.066747 0.956197
vn 0.284941 -0.08421 0.954839
vn 0.284528 -0.102206 0.953204
vn 0.284307 -0.12098 0.95107
vn 0.284549 -0.140776 0.948269
vn 0.285162 -0.161746 0.944733
vn 0.285694 -0.183869 0.940516
vn 0.285427 -0.206905 0.9358
vn 0.28355 -0.230412 0.930865
vn 0.279363 -0.253815 0.926031
vn 0.272432 -0.276528 0.921582
vn 0.262662 -0.298081 0.917691
vn 0.250267 -0.318216 0.914388
vn 0.235658 -0.336908 0.911569
vn 0.219301 -0.354294 0.909056
vn 0.201586 -0.370541 0.906677
vn 0.182751 -0.385692 0.904347
vn 0.16287 -0.399561 0.902122
vn 0.14191 -0.411706 0.9002
vn 0.119834 -0.421506 0.898873
vn 0.096702 -0.42832 0.898438
vn 0.072739 -0.431683 0.899088
vn 0.048322 -0.431491 0.900822
vn 0.02389 -0.428103 0.903414
vn -0.000179 -0.422328 0.906443
vn -0.023686 -0.415278 0.909386
vn -0.046647 -0.408117 0.911737
vn -0.069248 -0.40177 0.913119
vn -0.091745 -0.396683 0.91336
vn -0.11434 -0.392705 0.912529
vn -0.137083 -0.389122 0.910929
vn -0.159802 -0.384839 0.909045
vn -0.182081 -0.378668 0.907446
vn -0.203315 -0.369616 0.906668
vn -0.222823 -0.357118 0.907093
vn -0.240013 -0.341128 0.908859
vn -0.254521 -0.322085 0.911855
vn -0.266287 -0.300763 0.915769
vn -0.275541 -0.27807 0.920193
vn -0.282693 -0.25485 0.924736
vn -0.28818 -0.231738 0.929112
vn -0.292328 -0.209102 0.933178
vn -0.29527 -0.187055 0.936924
vn -0.296947 -0.165552 0.940433
vn -0.297186 -0.144496 0.943823
vn -0.295807 -0.123845 0.947185
vn -0.292747 -0.103656 0.950555
vn -0.288126 -0.084077 0.953894
vn -0.282265 -0.065293 0.957112
vn -0.275614 -0.047455 0.960096
vn -0.268648 -0.030638 0.962751
vn -0.261738 -0.014824 0.965025
vn -0.255062 7.3e-05 0.966925
vn -0.248577 0.014164 0.968509
vn -0.242046 0.027535 0.969874
vn -0.235132 0.040218 0.971131
vn -0.227499 0.052169 0.97238
vn -0.218921 0.063292 0.973688
vn -0.209338 0.073471 0.975079
vn -0.198869 0.082625 0.976537
vn -0.187772 0.090741 0.978012
vn -0.176372 0.097886 0.979444
vn -0.164986 0.104194 0.980777
vn -0.153864 0.109829 0.981969
vn -0.143151 0.114948 0.983003
vn -0.132894 0.119672 0.983879
vn -0.123058 0.124078 0.984612
vn -0.113566 0.128196 0.985225
vn -0.10433 0.132031 0.98574
vn -0.095274 0.135577 0.986175
vn -0.086348 0.138829 0.986545
vn -0.077519 0.141794 0.986856
vn -0.068768 0.144486 0.987114
vn -0.060079 0.146916 0.987323
vn -0.051434 0.149091 0.987485
vn -0.042813 0.151003 0.987606
vn -0.034197 0.152635 0.987691
vn -0.02557 0.153962 0.987746
vn -0.016925 0.154952 0.987777
vn -0.008263 0.155569 0.98779
vn 0.011093 0.190888 0.981549
vn 0.000425 0.191176 0.981556
vn 0.02175 0.190102 0.981523
vn 0.032384 0.18888 0.981466
vn 0.042998 0.187265 0.981368
vn 0.053599 0.185278 0.981223
vn 0.064194 0.18292 0.98103
vn 0.074793 0.18018 0.980786
vn 0.085406 0.177049 0.980489
vn 0.096053 0.173533 0.980133
vn 0.106766 0.169651 0.979704
vn 0.117596 0.165434 0.979185
vn 0.128603 0.160909 0.978555
vn 0.139847 0.156082 0.977794
vn 0.151371 0.150919 0.976888
vn 0.163187 0.145347 0.97583
vn 0.175272 0.13926 0.974621
vn 0.187578 0.132543 0.973266
vn 0.200054 0.125093 0.971766
vn 0.21267 0.116839 0.970113
vn 0.225438 0.107738 0.968282
vn 0.238403 0.097769 0.966233
vn 0.251615 0.086905 0.963918
vn 0.265072 0.075092 0.9613
vn 0.278653 0.062243 0.958373
vn 0.292074 0.048251 0.955178
vn 0.304882 0.033023 0.951817
vn 0.316504 0.016526 0.948447
vn 0.326354 -0.001178 0.945247
vn 0.333968 -0.01992 0.942374
vn 0.339135 -0.039458 0.93991
vn 0.341975 -0.059553 0.93782
vn 0.342937 -0.080055 0.935941
vn 0.342708 -0.100973 0.934
vn 0.342038 -0.122484 0.931669
vn 0.341548 -0.144873 0.928632
vn 0.34154 -0.168427 0.924653
vn 0.341898 -0.193319 0.919638
vn 0.342083 -0.219513 0.91367
vn 0.341256 -0.246721 0.907013
vn 0.338483 -0.274416 0.900069
vn 0.332974 -0.301927 0.893291
vn 0.324255 -0.328576 0.887072
vn 0.312247 -0.353827 0.881651
vn 0.297216 -0.377388 0.877064
vn 0.279643 -0.399234 0.873162
vn 0.260059 -0.419523 0.869695
vn 0.238906 -0.438446 0.866423
vn 0.216452 -0.456055 0.863228
vn 0.192781 -0.472149 0.86018
vn 0.167864 -0.486245 0.857547
vn 0.141665 -0.497661 0.855724
vn 0.119673 -0.502611 0.85619
vn 0.09224 -0.500964 0.860539
vn 0.054217 -0.49933 0.864714
vn 0.022489 -0.500649 0.865358
vn -0.001254 -0.49915 0.866515
vn -0.028004 -0.49215 0.87006
vn -0.055165 -0.484021 0.873316
vn -0.081912 -0.476696 0.875244
vn -0.108537 -0.470689 0.875598
vn -0.13527 -0.465841 0.874468
vn -0.162169 -0.461352 0.87227
vn -0.18904 -0.455996 0.869673
vn -0.215416 -0.448448 0.867462
vn -0.240611 -0.437612 0.866373
vn -0.263855 -0.422864 0.86693
vn -0.284466 -0.404153 0.869333
vn -0.302011 -0.381956 0.873441
vn -0.316398 -0.35712 0.878839
vn -0.327861 -0.330649 0.884974
vn -0.336846 -0.303487 0.891308
vn -0.343847 -0.276357 0.897439
vn -0.349236 -0.249686 0.903156
vn -0.353169 -0.223618 0.908442
vn -0.355581 -0.198114 0.913407
vn -0.356269 -0.173077 0.918214
vn -0.355019 -0.148472 0.922994
vn -0.351749 -0.124375 0.927795
vn -0.346593 -0.100971 0.932565
vn -0.339919 -0.078482 0.937174
vn -0.332258 -0.057094 0.941459
vn -0.32417 -0.036892 0.945279
vn -0.3161 -0.017857 0.948558
vn -0.308267 0.000111 0.9513
vn -0.300626 0.017143 0.953588
vn -0.292903 0.03334 0.955561
vn -0.284701 0.048733 0.957377
vn -0.275628 0.063268 0.95918
vn -0.265414 0.07682 0.961069
vn -0.25399 0.089249 0.96308
vn -0.241495 0.100451 0.965189
vn -0.228234 0.110409 0.967326
vn -0.214593 0.119202 0.969402
vn -0.200946 0.126988 0.971337
vn -0.187589 0.133963 0.97307
vn -0.174696 0.140316 0.974573
vn -0.162323 0.14619 0.975848
vn -0.15043 0.151675 0.976916
vn -0.138927 0.156807 0.977809
vn -0.127712 0.16159 0.978559
vn -0.116696 0.166015 0.979194
vn -0.105822 0.170075 0.979733
vn -0.095052 0.173778 0.980187
vn -0.084364 0.177138 0.980564
vn -0.073739 0.18017 0.980868
vn -0.063158 0.182879 0.981105
vn -0.052597 0.185258 0.981281
vn -0.042035 0.187286 0.981406
vn -0.031455 0.188932 0.981486
vn -0.020849 0.190159 0.981532
vn -0.01022 0.190924 0.981552
vn 0.013103 0.226707 0.973875
vn 0.000437 0.227047 0.973884
vn 0.025755 0.225773 0.97384
vn 0.038377 0.224315 0.973761
vn 0.050973 0.222384 0.973626
vn 0.063549 0.220004 0.973427
vn 0.076114 0.217177 0.97316
vn 0.088676 0.213892 0.972824
vn 0.101247 0.210138 0.972415
vn 0.113847 0.205922 0.971923
vn 0.126514 0.201266 0.971332
vn 0.139302 0.196208 0.970617
vn 0.152283 0.19078 0.969749
vn 0.165525 0.184987 0.968701
vn 0.179077 0.178791 0.967453
vn 0.192953 0.172108 0.965996
vn 0.207124 0.164817 0.964331
vn 0.221534 0.156785 0.962466
vn 0.23612 0.147895 0.960403
vn 0.250846 0.138067 0.95813
vn 0.26572 0.127254 0.955615
vn 0.280794 0.115431 0.952801
vn 0.296122 0.102568 0.949627
vn 0.311697 0.088601 0.946042
vn 0.327376 0.073431 0.942037
vn 0.342829 0.056935 0.937671
vn 0.357532 0.03901 0.933086
vn 0.370829 0.019621 0.928494
vn 0.382055 -0.001149 0.924139
vn 0.390685 -0.023099 0.920235
vn 0.396486 -0.045943 0.916891
vn 0.399599 -0.069398 0.914059
vn 0.400538 -0.093289 0.911519
vn 0.400076 -0.117621 0.908903
vn 0.399059 -0.14259 0.905771
vn 0.398175 -0.168513 0.901698
vn 0.397754 -0.195706 0.896376
vn 0.397647 -0.224349 0.889688
vn 0.397231 -0.254381 0.881758
vn 0.395562 -0.285458 0.872951
vn 0.39161 -0.316979 0.863809
vn 0.384522 -0.348193 0.85493
vn 0.373817 -0.378355 0.846823
vn 0.359445 -0.406885 0.839788
vn 0.341725 -0.433474 0.833861
vn 0.321198 -0.4581 0.82884
vn 0.298448 -0.480936 0.824396
vn 0.273955 -0.502186 0.820218
vn 0.248011 -0.52191 0.81615
vn 0.220715 -0.539898 0.812278
vn 0.193251 -0.554705 0.809294
vn 0.201025 -0.539426 0.817685
vn 0.182574 -0.497605 0.847972
vn 0.134949 -0.464134 0.875425
vn 0.052968 -0.46647 0.88295
vn -0.018609 -0.499213 0.86628
vn -0.042717 -0.53997 0.8406
vn -0.0365 -0.561796 0.82647
vn -0.063183 -0.555731 0.828958
vn -0.093869 -0.547606 0.831455
vn -0.124406 -0.540752 0.831932
vn -0.15504 -0.53501 0.830498
vn -0.185828 -0.529527 0.827689
vn -0.216558 -0.523 0.824363
vn -0.246731 -0.514024 0.821525
vn -0.275616 -0.501448 0.820114
vn -0.302387 -0.48462 0.820796
vn -0.326301 -0.463486 0.823837
vn -0.346872 -0.438535 0.829076
vn -0.363964 -0.410644 0.836003
vn -0.377795 -0.380864 0.843928
vn -0.38882 -0.350202 0.852161
vn -0.397558 -0.319445 0.860176
vn -0.404413 -0.28907 0.867692
vn -0.409556 -0.259257 0.874671
vn -0.412917 -0.229984 0.881253
vn -0.414265 -0.20116 0.887648
vn -0.413356 -0.172761 0.89403
vn -0.410087 -0.144888 0.900464
vn -0.404598 -0.11776 0.906881
vn -0.397299 -0.091639 0.913102
vn -0.388789 -0.066741 0.918906
vn -0.379713 -0.043175 0.924096
vn -0.370587 -0.020923 0.928562
vn -0.361675 0.000127 0.932304
vn -0.352936 0.020117 0.935431
vn -0.344065 0.039161 0.938129
vn -0.334612 0.05729 0.940613
vn -0.324129 0.074434 0.94308
vn -0.312306 0.090445 0.945666
vn -0.299062 0.105154 0.948422
vn -0.284558 0.118437 0.951315
vn -0.269142 0.130269 0.95425
vn -0.25326 0.140741 0.957106
vn -0.237345 0.150035 0.959769
vn -0.22174 0.158378 0.962158
vn -0.206649 0.165989 0.964232
vn -0.192138 0.173035 0.965993
vn -0.178165 0.179619 0.967468
vn -0.164627 0.185783 0.968701
vn -0.151408 0.19153 0.969738
vn -0.138408 0.196847 0.970616
vn -0.12556 0.201728 0.97136
vn -0.112822 0.206179 0.971988
vn -0.100171 0.210217 0.972509
vn -0.087585 0.213859 0.97293
vn -0.075041 0.217111 0.973258
vn -0.062515 0.219964 0.973503
vn -0.049981 0.222393 0.973675
vn -0.037422 0.224363 0.973787
vn -0.024829 0.22583 0.97385
vn -0.012206 0.226744 0.973878
vn 0.015132 0.262903 0.964703
vn 0.000446 0.263297 0.964715
vn 0.029799 0.261819 0.964657
vn 0.044431 0.260123 0.964553
vn 0.05903 0.257872 0.964374
vn 0.073602 0.255095 0.964111
vn 0.088157 0.251793 0.963758
vn 0.102703 0.247954 0.963312
vn 0.117252 0.243568 0.96277
vn 0.131824 0.23864 0.962119
vn 0.146461 0.2332 0.961336
vn 0.161225 0.227288 0.960389
vn 0.176195 0.22094 0.95924
vn 0.191449 0.214164 0.957852
vn 0.20704 0.206916 0.956201
vn 0.222982 0.1991 0.954274
vn 0.239242 0.19058 0.952073
vn 0.255752 0.181206 0.949608
vn 0.272438 0.170849 0.946883
vn 0.289254 0.159417 0.943885
vn 0.306207 0.146861 0.940569
vn 0.323348 0.133153 0.936865
vn 0.340733 0.11826 0.932693
vn 0.358347 0.10211 0.927988
vn 0.376021 0.084594 0.922742
vn 0.393378 0.065577 0.917035
vn 0.409828 0.04495 0.911055
vn 0.424637 0.022682 0.905079
vn 0.437072 -0.001125 0.899426
vn 0.446561 -0.026234 0.894368
vn 0.452859 -0.052318 0.890046
vn 0.456132 -0.079056 0.886394
vn 0.456946 -0.106247 0.883126
vn 0.456153 -0.13389 0.879772
vn 0.45467 -0.162193 0.875768
vn 0.453238 -0.191493 0.870578
vn 0.452198 -0.222119 0.863817
vn 0.451363 -0.25424 0.855355
vn 0.450042 -0.287763 0.845372
vn 0.447205 -0.322287 0.834349
vn 0.441761 -0.357149 0.822977
vn 0.432836 -0.391545 0.812001
vn 0.419963 -0.42469 0.802041
vn 0.403138 -0.455988 0.793445
vn 0.382732 -0.485126 0.786237
vn 0.359329 -0.512088 0.780159
vn 0.333549 -0.537053 0.774802
vn 0.305896 -0.560231 0.769785
vn 0.276679 -0.581681 0.764916
vn 0.24819 -0.599224 0.761139
vn 0.277007 -0.563486 0.7783
vn 0.32628 -0.465985 0.822435
vn 0.344141 -0.369976 0.862951
vn 0.234156 -0.33752 0.91173
vn 0.033519 -0.358779 0.93282
vn -0.153059 -0.411912 0.898277
vn -0.215235 -0.496359 0.841012
vn -0.127788 -0.589217 0.797805
vn -0.075607 -0.620054 0.780908
vn -0.104831 -0.612791 0.783261
vn -0.138972 -0.605187 0.783859
vn -0.173175 -0.598548 0.782145
vn -0.207487 -0.592009 0.778765
vn -0.241689 -0.58424 0.774758
vn -0.275271 -0.573818 0.771335
vn -0.307487 -0.559587 0.769619
vn -0.337491 -0.540897 0.770409
vn -0.364512 -0.51769 0.774034
vn -0.388021 -0.490447 0.780321
vn -0.407843 -0.460036 0.788689
vn -0.424159 -0.427511 0.798326
vn -0.437405 -0.393896 0.808408
vn -0.4481 -0.360012 0.818289
vn -0.456654 -0.32638 0.827613
vn -0.463245 -0.293211 0.83632
vn -0.467796 -0.260507 0.844573
vn -0.470056 -0.228193 0.852629
vn -0.469753 -0.19626 0.860706
vn -0.466759 -0.164833 0.868888
vn -0.461214 -0.134165 0.877087
vn -0.453554 -0.104555 0.885074
vn -0.444436 -0.076256 0.892559
vn -0.434576 -0.049399 0.899279
vn -0.424563 -0.023976 0.905081
vn -0.414706 0.000127 0.909955
vn -0.404975 0.023063 0.914037
vn -0.395042 0.04495 0.917563
vn -0.384412 0.065817 0.920812
vn -0.372587 0.085579 0.924043
vn -0.359221 0.104065 0.927432
vn -0.34422 0.121076 0.931049
vn -0.327763 0.136467 0.934852
vn -0.310241 0.150205 0.938717
vn -0.292154 0.16239 0.942484
vn -0.273996 0.173225 0.946002
vn -0.256158 0.182968 0.949161
vn -0.238874 0.191865 0.951907
vn -0.222224 0.200109 0.95424
vn -0.206163 0.207814 0.956196
vn -0.190579 0.215029 0.957832
vn -0.175342 0.221757 0.959208
vn -0.160342 0.227982 0.960372
vn -0.145503 0.233698 0.961361
vn -0.13078 0.238909 0.962195
vn -0.116147 0.243636 0.962887
vn -0.101579 0.247897 0.963446
vn -0.087053 0.2517 0.963882
vn -0.07254 0.255033 0.964208
vn -0.058013 0.257868 0.964437
vn -0.043454 0.260166 0.964586
vn -0.028853 0.261875 0.96467
vn -0.014216 0.262941 0.964707
vn 0.017174 0.299362 0.953985
vn 0.000454 0.299808 0.954
vn 0.033871 0.298125 0.953926
vn 0.050527 0.296188 0.953792
vn 0.067143 0.293613 0.953563
vn 0.083725 0.290433 0.953225
vn 0.100284 0.286649 0.952772
vn 0.116826 0.282249 0.952201
vn 0.133363 0.277221 0.951506
vn 0.149917 0.271572 0.95067
vn 0.166533 0.265334 0.949666
vn 0.18328 0.258552 0.948451
vn 0.200242 0.251269 0.946978
vn 0.217506 0.243489 0.945201
vn 0.23513 0.235166 0.943086
vn 0.253127 0.226192 0.940619
vn 0.271456 0.216416 0.937804
vn 0.290037 0.205672 0.934654
vn 0.308783 0.193817 0.931176
vn 0.327638 0.180751 0.927352
vn 0.346603 0.166422 0.92313
vn 0.365728 0.1508 0.918424
vn 0.385064 0.13385 0.913132
vn 0.404584 0.115497 0.907178
vn 0.424091 0.095623 0.900557
vn 0.44316 0.074087 0.893376
vn 0.461138 0.050777 0.885874
vn 0.477231 0.025674 0.878403
vn 0.490648 -0.0011 0.871357
vn 0.500791 -0.029274 0.865073
vn 0.507412 -0.058484 0.859717
vn 0.510701 -0.088374 0.855205
vn 0.511273 -0.118719 0.851179
vn 0.510033 -0.149512 0.847061
vn 0.507952 -0.180964 0.842162
vn 0.5058 -0.213417 0.835835
vn 0.503917 -0.247195 0.827625
vn 0.50208 -0.282445 0.817398
vn 0.499541 -0.319034 0.805404
vn 0.495221 -0.35651 0.792248
vn 0.488002 -0.39417 0.778771
vn 0.477026 -0.431179 0.765853
vn 0.462327 -0.465524 0.754679
vn 0.440618 -0.500296 0.745359
vn 0.41866 -0.531627 0.736272
vn 0.393423 -0.560328 0.72887
vn 0.364819 -0.587006 0.722724
vn 0.334254 -0.611719 0.716989
vn 0.30209 -0.634481 0.71146
vn 0.324847 -0.605083 0.726876
vn 0.440845 -0.476339 0.760761
vn 0.522111 -0.32583 0.788185
vn 0.476565 -0.264842 0.838298
vn 0.289971 -0.292191 0.91134
vn -0.012874 -0.346814 0.937846
vn -0.298304 -0.384031 0.873805
vn -0.425719 -0.435832 0.792978
vn -0.335074 -0.556767 0.760089
vn -0.131283 -0.664451 0.73571
vn -0.114622 -0.671175 0.732384
vn -0.151996 -0.662926 0.733094
vn -0.189377 -0.655418 0.731139
vn -0.226801 -0.647801 0.727265
vn -0.264046 -0.63877 0.722671
vn -0.300606 -0.626932 0.718744
vn -0.335751 -0.611166 0.716762
vn -0.368642 -0.590848 0.717637
vn -0.398504 -0.565921 0.721753
vn -0.42479 -0.536843 0.728939
vn -0.447285 -0.504446 0.73856
vn -0.466124 -0.469745 0.749712
vn -0.481705 -0.43375 0.76146
vn -0.49452 -0.397288 0.773054
vn -0.504966 -0.3609 0.784067
vn -0.513218 -0.32483 0.794413
vn -0.51919 -0.289105 0.804276
vn -0.522616 -0.253671 0.813956
vn -0.523198 -0.21854 0.823713
vn -0.520786 -0.183858 0.833653
vn -0.515506 -0.149908 0.843671
vn -0.507804 -0.117024 0.853487
vn -0.498378 -0.085492 0.862734
vn -0.488001 -0.055473 0.871078
vn -0.477326 -0.026972 0.878312
vn -0.466708 0.000117 0.884411
vn -0.456135 0.025949 0.889532
vn -0.445268 0.050644 0.893964
vn -0.433575 0.074226 0.898055
vn -0.420516 0.096595 0.902128
vn -0.405714 0.117553 0.906409
vn -0.389063 0.136877 0.910986
vn -0.370754 0.154398 0.915807
vn -0.351218 0.170073 0.920718
vn -0.331006 0.184005 0.925515
vn -0.310668 0.196417 0.930003
vn -0.290643 0.207595 0.93404
vn -0.271199 0.217811 0.937555
vn -0.25243 0.22728 0.940544
vn -0.234294 0.236133 0.943052
vn -0.216669 0.244422 0.945152
vn -0.199415 0.25215 0.946918
vn -0.182411 0.259302 0.948414
vn -0.165575 0.265866 0.949684
vn -0.148859 0.271852 0.950756
vn -0.132233 0.277279 0.951646
vn -0.115673 0.282169 0.952366
vn -0.099152 0.28653 0.952927
vn -0.082639 0.29035 0.953346
vn -0.066106 0.293597 0.953641
vn -0.049532 0.296226 0.953833
vn -0.032908 0.298181 0.953942
vn -0.016242 0.2994 0.95399
vn 0.01922 0.335936 0.941689
vn 0.00046 0.336435 0.941707
vn 0.037954 0.334546 0.941615
vn 0.056641 0.332366 0.941448
vn 0.075279 0.329464 0.941163
vn 0.093877 0.325875 0.94074
vn 0.112443 0.321603 0.940175
vn 0.130984 0.316633 0.939461
vn 0.14951 0.310953 0.938592
vn 0.168046 0.30457 0.937549
vn 0.186638 0.29752 0.936295
vn 0.20536 0.289854 0.934779
vn 0.224303 0.281615 0.932942
vn 0.24356 0.27281 0.930727
vn 0.263193 0.263388 0.928093
vn 0.28321 0.253228 0.925023
vn 0.303562 0.242166 0.921523
vn 0.324158 0.230021 0.917612
vn 0.344894 0.216637 0.9133
vn 0.365703 0.201908 0.908567
vn 0.386576 0.185778 0.903352
vn 0.407558 0.168219 0.897552
vn 0.428691 0.149194 0.891047
vn 0.449932 0.128629 0.883751
vn 0.471053 0.1064 0.875664
vn 0.491583 0.082367 0.866927
vn 0.510818 0.056422 0.857835
vn 0.527913 0.02856 0.848818
vn 0.542046 -0.001072 0.840348
vn 0.552605 -0.032175 0.832822
vn 0.559352 -0.064349 0.826429
vn 0.562504 -0.097212 0.82106
vn 0.56271 -0.13052 0.816286
vn 0.56091 -0.164252 0.811419
vn 0.558101 -0.198617 0.805652
vn 0.555066 -0.233948 0.798229
vn 0.55213 -0.27055 0.788641
vn 0.54904 -0.308539 0.776761
vn 0.545015 -0.347738 0.762914
vn 0.54003 -0.373378 0.754291
vn 0.510424 -0.373543 0.774553
vn 0.406508 -0.39675 0.823007
vn 0.308282 -0.428186 0.849482
vn 0.263541 -0.475896 0.839088
vn 0.27212 -0.547356 0.791424
vn 0.33439 -0.606266 0.721544
vn 0.385028 -0.63095 0.67354
vn 0.358942 -0.656499 0.663452
vn 0.335219 -0.668919 0.663458
vn 0.484098 -0.563411 0.66949
vn 0.61942 -0.382352 0.685657
vn 0.652944 -0.281633 0.703098
vn 0.556212 -0.308891 0.771502
vn 0.309329 -0.402675 0.861492
vn -0.061646 -0.470572 0.880205
vn -0.392824 -0.459696 0.796473
vn -0.554656 -0.440553 0.705882
vn -0.524699 -0.507543 0.683441
vn -0.259117 -0.671231 0.694483
vn -0.124458 -0.721959 0.68065
vn -0.163403 -0.713612 0.681218
vn -0.20356 -0.705288 0.679067
vn -0.243678 -0.696621 0.674789
vn -0.283537 -0.686361 0.669713
vn -0.322652 -0.673184 0.665371
vn -0.360322 -0.656031 0.663168
vn -0.395738 -0.634314 0.664106
vn -0.428142 -0.607984 0.668618
vn -0.456979 -0.57747 0.676534
vn -0.482006 -0.54355 0.687185
vn -0.503313 -0.507184 0.6996
vn -0.521247 -0.469335 0.71276
vn -0.536256 -0.430814 0.725829
vn -0.548713 -0.392169 0.738321
vn -0.558775 -0.353665 0.750128
vn -0.566348 -0.315354 0.761447
vn -0.571154 -0.277208 0.772618
vn -0.572877 -0.239256 0.783944
vn -0.57134 -0.201666 0.795551
vn -0.566648 -0.164744 0.807323
vn -0.559242 -0.128854 0.818929
vn -0.549836 -0.094312 0.829931
vn -0.539246 -0.061307 0.839914
vn -0.528173 -0.029869 0.848612
vn -0.517016 9.8e-05 0.855975
vn -0.505789 0.028742 0.862178
vn -0.494147 0.056179 0.867561
vn -0.481539 0.082424 0.87254
vn -0.467391 0.107362 0.877507
vn -0.451299 0.130773 0.882739
vn -0.433146 0.152405 0.888345
vn -0.413133 0.172067 0.894268
vn -0.391719 0.189702 0.900316
vn -0.369504 0.205414 0.90624
vn -0.347089 0.219442 0.911797
vn -0.32496 0.232092 0.916807
vn -0.303418 0.243664 0.921176
vn -0.282579 0.254393 0.924897
vn -0.262401 0.264421 0.928023
vn -0.24276 0.273809 0.930643
vn -0.223505 0.28256 0.932848
vn -0.20451 0.290656 0.934717
vn -0.185685 0.298086 0.936304
vn -0.166979 0.30486 0.937645
vn -0.148361 0.311 0.938759
vn -0.129807 0.31653 0.939659
vn -0.111287 0.321458 0.940362
vn -0.09277 0.325771 0.940886
vn -0.074225 0.329435 0.941256
vn -0.055631 0.332398 0.941497
vn -0.036979 0.334601 0.941634
vn -0.018276 0.335974 0.941694
vn 0.021262 0.372452 0.927808
vn 0.000464 0.373005 0.927829
vn 0.042029 0.37091 0.927717
vn 0.062742 0.368484 0.927515
vn 0.083399 0.365251 0.927166
vn 0.104007 0.361249 0.926651
vn 0.124574 0.356481 0.92596
vn 0.145106 0.350933 0.925089
vn 0.165612 0.344591 0.924029
vn 0.186116 0.337463 0.922756
vn 0.206667 0.329587 0.921228
vn 0.227342 0.321019 0.919381
vn 0.24824 0.311805 0.917145
vn 0.269454 0.301953 0.91445
vn 0.291049 0.291404 0.911249
vn 0.313029 0.280029 0.907522
vn 0.335335 0.26765 0.903279
vn 0.35786 0.254072 0.898546
vn 0.380484 0.239129 0.893336
vn 0.403127 0.22271 0.887631
vn 0.425767 0.204757 0.881361
vn 0.44844 0.185246 0.874406
vn 0.471177 0.164141 0.866632
vn 0.493911 0.141368 0.857943
vn 0.516384 0.116808 0.848353
vn 0.537757 0.09062 0.838216
vn 0.555514 0.063343 0.829091
vn 0.569322 0.028684 0.821614
vn 0.583018 -0.007018 0.812429
vn 0.597129 -0.039931 0.80115
vn 0.607582 -0.070352 0.791135
vn 0.610899 -0.105462 0.784653
vn 0.610625 -0.141503 0.779175
vn 0.608165 -0.177931 0.773612
vn 0.604522 -0.214941 0.767042
vn 0.600469 -0.25285 0.75862
vn 0.596313 -0.291932 0.747788
vn 0.591758 -0.331934 0.734604
vn 0.584185 -0.332037 0.740594
vn 0.518519 -0.29647 0.802025
vn 0.419429 -0.236846 0.876347
vn 0.31705 -0.218157 0.922977
vn 0.168015 -0.299821 0.939084
vn 0.026777 -0.42527 0.90467
vn -0.051297 -0.546589 0.835829
vn -0.010689 -0.64059 0.767809
vn 0.182451 -0.693182 0.697288
vn 0.349685 -0.698473 0.624385
vn 0.383138 -0.700316 0.602298
vn 0.600782 -0.558691 0.571774
vn 0.753662 -0.383026 0.534121
vn 0.746695 -0.362716 0.557569
vn 0.619644 -0.459921 0.636014
vn 0.320669 -0.6045 0.729213
vn -0.097501 -0.669016 0.736825
vn -0.442562 -0.611804 0.655618
vn -0.611446 -0.532388 0.585402
vn -0.624121 -0.524417 0.579189
vn -0.401315 -0.663088 0.631871
vn -0.161134 -0.756132 0.634271
vn -0.173259 -0.757497 0.629428
vn -0.215808 -0.748431 0.627119
vn -0.258232 -0.73878 0.622512
vn -0.300314 -0.727372 0.617042
vn -0.341599 -0.71297 0.612359
vn -0.381424 -0.694586 0.609973
vn -0.41902 -0.671678 0.610959
vn -0.453656 -0.644206 0.615788
vn -0.484783 -0.612571 0.624294
vn -0.512139 -0.577494 0.635779
vn -0.535773 -0.539869 0.649221
vn -0.555982 -0.500604 0.663536
vn -0.573165 -0.460472 0.677826
vn -0.587656 -0.420014 0.691555
vn -0.599592 -0.379509 0.704601
vn -0.60887 -0.339031 0.717172
vn -0.615203 -0.298574 0.729643
vn -0.618259 -0.258186 0.742358
vn -0.61784 -0.218051 0.755465
vn -0.614022 -0.178493 0.768842
vn -0.607226 -0.139895 0.782116
vn -0.598163 -0.102602 0.794779
vn -0.587665 -0.066827 0.80634
vn -0.576471 -0.032628 0.816466
vn -0.565017 7.3e-05 0.825079
vn -0.553342 0.031411 0.832362
vn -0.54111 0.061491 0.838701
vn -0.527758 0.090319 0.844579
vn -0.512692 0.117764 0.850458
vn -0.495487 0.143583 0.856666
vn -0.476016 0.167501 0.863338
vn -0.454482 0.189302 0.870409
vn -0.431369 0.208913 0.877654
vn -0.407313 0.226435 0.884773
vn -0.382963 0.242115 0.891471
vn -0.358847 0.256277 0.897525
vn -0.335304 0.269243 0.902818
vn -0.312467 0.281265 0.907334
vn -0.290307 0.2925 0.911134
vn -0.268694 0.303013 0.914323
vn -0.247475 0.31281 0.917009
vn -0.226515 0.321871 0.919288
vn -0.205722 0.330186 0.921225
vn -0.185044 0.337764 0.922862
vn -0.164448 0.34463 0.924222
vn -0.14391 0.35081 0.925323
vn -0.1234 0.356313 0.926182
vn -0.102884 0.361126 0.926824
vn -0.082332 0.36521 0.927277
vn -0.061722 0.368511 0.927572
vn -0.041044 0.370964 0.92774
vn -0.020308 0.372491 0.927814
vn 0.023288 0.408717 0.912364
vn 0.000467 0.409322 0.91239
vn 0.046074 0.407021 0.912256
vn 0.068799 0.404348 0.912014
vn 0.09146 0.400782 0.911597
vn 0.114062 0.396362 0.910981
vn 0.136611 0.391093 0.910156
vn 0.159113 0.384958 0.909115
vn 0.181576 0.377944 0.907848
vn 0.204022 0.370059 0.906328
vn 0.226501 0.361344 0.904504
vn 0.249093 0.351858 0.902302
vn 0.271899 0.341649 0.899637
vn 0.295017 0.330726 0.896429
vn 0.318509 0.319023 0.892623
vn 0.342372 0.306404 0.888199
vn 0.366535 0.292677 0.883172
vn 0.390876 0.277636 0.877573
vn 0.415259 0.261109 0.871426
vn 0.439585 0.242979 0.864712
vn 0.463822 0.223191 0.857354
vn 0.487051 0.202198 0.849645
vn 0.497713 0.183973 0.847606
vn 0.490361 0.139396 0.860299
vn 0.468939 0.072659 0.880237
vn 0.441752 0.002598 0.897133
vn 0.420588 -0.049817 0.905883
vn 0.413871 -0.086739 0.906194
vn 0.423814 -0.118147 0.898011
vn 0.453532 -0.140286 0.88013
vn 0.504334 -0.148466 0.85065
vn 0.56208 -0.158247 0.811803
vn 0.609431 -0.178163 0.772562
vn 0.638534 -0.200555 0.743002
vn 0.64664 -0.229997 0.727295
vn 0.641713 -0.270002 0.717847
vn 0.636232 -0.311228 0.705936
vn 0.628885 -0.333048 0.702554
vn 0.648999 -0.211813 0.730709
vn 0.603576 -0.067275 0.794462
vn 0.493248 -0.041652 0.868891
vn 0.357418 -0.145998 0.922463
vn 0.202987 -0.329605 0.92204
vn 0.024026 -0.508154 0.860931
vn -0.119343 -0.610985 0.782594
vn -0.181184 -0.656013 0.732679
vn -0.12585 -0.692938 0.709929
vn 0.09096 -0.742035 0.664162
vn 0.327849 -0.74829 0.576694
vn 0.622309 -0.602446 0.499789
vn 0.799111 -0.428911 0.421257
vn 0.790256 -0.442269 0.424139
vn 0.654063 -0.577797 0.488212
vn 0.329038 -0.757038 0.564471
vn -0.125639 -0.820384 0.55784
vn -0.469784 -0.740384 0.480765
vn -0.631406 -0.648307 0.425471
vn -0.645072 -0.624195 0.440753
vn -0.456014 -0.712538 0.533236
vn -0.201576 -0.788867 0.580565
vn -0.181719 -0.795237 0.578426
vn -0.226318 -0.78551 0.575981
vn -0.270706 -0.774966 0.571091
vn -0.314676 -0.76252 0.56528
vn -0.357799 -0.747023 0.5603
vn -0.399457 -0.727563 0.557751
vn -0.438924 -0.703643 0.558777
vn -0.475499 -0.675233 0.56388
vn -0.508546 -0.642754 0.572929
vn -0.533568 -0.60904 0.586835
vn -0.562309 -0.565606 0.60324
vn -0.586011 -0.527363 0.615206
vn -0.605444 -0.486417 0.629949
vn -0.621908 -0.444513 0.644701
vn -0.635698 -0.402376 0.658773
vn -0.645412 -0.361363 0.672948
vn -0.647002 -0.324127 0.690166
vn -0.640595 -0.286642 0.712373
vn -0.63004 -0.248573 0.735704
vn -0.617677 -0.21177 0.757383
vn -0.604981 -0.174273 0.776934
vn -0.592446 -0.137637 0.793765
vn -0.578498 -0.10268 0.809195
vn -0.562452 -0.069054 0.823941
vn -0.544854 -0.03699 0.837715
vn -0.526888 -0.005589 0.849917
vn -0.511261 0.026731 0.859009
vn -0.501438 0.062104 0.862962
vn -0.499501 0.102478 0.860231
vn -0.503399 0.146351 0.85157
vn -0.505645 0.182002 0.843326
vn -0.494401 0.205938 0.844486
vn -0.469797 0.227529 0.852948
vn -0.444097 0.246881 0.861294
vn -0.417986 0.264245 0.869173
vn -0.392033 0.279957 0.876319
vn -0.366612 0.294353 0.882582
vn -0.34188 0.307704 0.887939
vn -0.317818 0.320177 0.892457
vn -0.2943 0.331843 0.896252
vn -0.27117 0.342709 0.899454
vn -0.24829 0.352757 0.902172
vn -0.225568 0.361974 0.904486
vn -0.202949 0.370371 0.906442
vn -0.180402 0.377976 0.908069
vn -0.157903 0.384817 0.909386
vn -0.135423 0.390904 0.910415
vn -0.112927 0.396222 0.911184
vn -0.090384 0.400731 0.911727
vn -0.067772 0.404372 0.91208
vn -0.045083 0.407074 0.912282
vn -0.022329 0.408756 0.912371
vn 0.025286 0.444521 0.895411
vn 0.000467 0.445179 0.895441
vn 0.050066 0.442672 0.895285
vn 0.074777 0.439752 0.895001
vn 0.099414 0.43585 0.894512
vn 0.123981 0.431009 0.89379
vn 0.148482 0.425233 0.892821
vn 0.172921 0.418505 0.891601
vn 0.197304 0.41081 0.890116
vn 0.221651 0.402157 0.888336
vn 0.246013 0.39259 0.8862
vn 0.27047 0.38217 0.883624
vn 0.295124 0.370949 0.88051
vn 0.320074 0.358931 0.876767
vn 0.345376 0.34605 0.872333
vn 0.371021 0.332159 0.867187
vn 0.396924 0.317057 0.861351
vn 0.422946 0.30053 0.854868
vn 0.448933 0.282398 0.847768
vn 0.463562 0.266459 0.84505
vn 0.44736 0.233991 0.863202
vn 0.405356 0.144895 0.902603
vn 0.347863 0.070869 0.934863
vn 0.290841 0.022629 0.956504
vn 0.244192 -0.037023 0.96902
vn 0.20787 -0.102856 0.972734
vn 0.182096 -0.167903 0.968839
vn 0.171807 -0.215636 0.961241
vn 0.175764 -0.250312 0.952077
vn 0.192198 -0.279144 0.940818
vn 0.22646 -0.300132 0.926626
vn 0.285932 -0.310399 0.906584
vn 0.367671 -0.3144 0.875197
vn 0.463287 -0.307252 0.831241
vn 0.550416 -0.299725 0.779235
vn 0.604339 -0.314715 0.731935
vn 0.629605 -0.347494 0.694871
vn 0.674946 -0.30223 0.67313
vn 0.753009 -0.054742 0.655729
vn 0.737129 0.086492 0.670194
vn 0.705977 0.028423 0.707664
vn 0.636882 -0.186281 0.748118
vn 0.473407 -0.451275 0.756464
vn 0.242462 -0.634983 0.733491
vn 0.030207 -0.703136 0.710413
vn -0.11825 -0.706466 0.697799
vn -0.193735 -0.701828 0.685496
vn -0.172063 -0.723405 0.66864
vn 0.028838 -0.781507 0.62323
vn 0.536879 -0.68055 0.49861
vn 0.801854 -0.470986 0.3677
vn 0.79898 -0.480492 0.361604
vn 0.658845 -0.626635 0.416236
vn 0.318899 -0.81726 0.479989
vn -0.16134 -0.871194 0.46367
vn -0.493034 -0.781148 0.383048
vn -0.638174 -0.694153 0.332995
vn -0.617055 -0.701981 0.355621
vn -0.404642 -0.792871 0.455655
vn -0.184927 -0.834781 0.518597
vn -0.188978 -0.827664 0.528451
vn -0.235335 -0.817358 0.525874
vn -0.281401 -0.806022 0.520713
vn -0.326974 -0.792656 0.514572
vn -0.371661 -0.776196 0.509301
vn -0.414883 -0.755801 0.506593
vn -0.452075 -0.732236 0.509371
vn -0.439756 -0.718776 0.538494
vn -0.418227 -0.673855 0.609102
vn -0.425485 -0.617329 0.661716
vn -0.50481 -0.55306 0.662791
vn -0.597021 -0.513948 0.615973
vn -0.633127 -0.506552 0.585283
vn -0.633927 -0.480454 0.606054
vn -0.599183 -0.461377 0.654302
vn -0.552694 -0.424443 0.717201
vn -0.509666 -0.396957 0.763325
vn -0.471922 -0.378466 0.796275
vn -0.439349 -0.355992 0.824768
vn -0.413758 -0.327534 0.849427
vn -0.393574 -0.299071 0.869285
vn -0.376123 -0.265631 0.887678
vn -0.359757 -0.235391 0.902865
vn -0.340216 -0.205152 0.917696
vn -0.318163 -0.174683 0.931804
vn -0.295384 -0.144111 0.944447
vn -0.274208 -0.112632 0.955052
vn -0.258643 -0.074994 0.963057
vn -0.257001 -0.028979 0.965976
vn -0.277325 0.027162 0.960392
vn -0.329663 0.092859 0.939521
vn -0.406657 0.168543 0.897899
vn -0.467004 0.235526 0.852311
vn -0.479541 0.266579 0.836048
vn -0.451868 0.285651 0.845115
vn -0.424253 0.302942 0.853367
vn -0.397103 0.318803 0.860624
vn -0.370599 0.333515 0.866847
vn -0.344738 0.347255 0.872107
vn -0.319401 0.3601 0.876534
vn -0.294432 0.372058 0.880274
vn -0.269695 0.383111 0.883454
vn -0.245096 0.393248 0.886162
vn -0.220583 0.40248 0.888455
vn -0.196126 0.410837 0.890364
vn -0.171703 0.418348 0.89191
vn -0.147285 0.425026 0.893118
vn -0.122839 0.430854 0.894022
vn -0.098333 0.43579 0.894661
vn -0.073746 0.439772 0.895077
vn -0.049072 0.442724 0.895314
vn -0.024325 0.44456 0.895419
vn 0.027245 0.479651 0.877036
vn 0.000466 0.480361 0.877071
vn 0.053981 0.477649 0.876891
vn 0.080639 0.474483 0.876563
vn 0.107213 0.470245 0.876
vn 0.133704 0.464979 0.875167
vn 0.160115 0.458692 0.874051
vn 0.186445 0.451365 0.872644
vn 0.212698 0.442982 0.870934
vn 0.238893 0.433554 0.868885
vn 0.265078 0.423125 0.866429
vn 0.291333 0.411759 0.86347
vn 0.317759 0.399508 0.859897
vn 0.344452 0.386378 0.855608
vn 0.371462 0.372297 0.850536
vn 0.398771 0.357111 0.844662
vn 0.42628 0.340613 0.838015
vn 0.453705 0.322608 0.830708
vn 0.437374 0.313654 0.842808
vn 0.360386 0.246007 0.899779
vn 0.254739 0.158794 0.953883
vn 0.168927 0.083466 0.982088
vn 0.114674 -0.013918 0.993306
vn 0.085535 -0.083463 0.992833
vn 0.080829 -0.13778 0.987159
vn 0.093017 -0.179109 0.979422
vn 0.112491 -0.214687 0.970183
vn 0.130729 -0.251552 0.958974
vn 0.144249 -0.282838 0.948259
vn 0.150874 -0.315243 0.936941
vn 0.152348 -0.34516 0.926096
vn 0.154268 -0.371134 0.915675
vn 0.168555 -0.39137 0.904665
vn 0.202343 -0.407978 0.890287
vn 0.260114 -0.420734 0.869093
vn 0.330593 -0.43325 0.838452
vn 0.391143 -0.467133 0.792965
vn 0.549409 -0.417241 0.72392
vn 0.82411 -0.025123 0.565872
vn 0.875639 0.122028 0.467296
vn 0.899768 0.000319 0.436369
vn 0.878751 -0.226265 0.420239
vn 0.765416 -0.465849 0.443986
vn 0.570194 -0.642256 0.512236
vn 0.320085 -0.738848 0.593
vn 0.083193 -0.763703 0.640185
vn -0.099467 -0.752681 0.650829
vn -0.202914 -0.739266 0.642116
vn -0.207714 -0.753929 0.623254
vn 0.189306 -0.791712 0.580823
vn 0.7714 -0.536244 0.342615
vn 0.804311 -0.506609 0.310535
vn 0.664138 -0.653698 0.362766
vn 0.315928 -0.847992 0.425557
vn -0.176676 -0.891675 0.416775
vn -0.510098 -0.785508 0.350396
vn -0.636751 -0.706262 0.309421
vn -0.575056 -0.742811 0.342845
vn -0.330209 -0.836811 0.436703
vn -0.156265 -0.866401 0.474269
vn -0.195231 -0.855614 0.479385
vn -0.2431 -0.844803 0.476667
vn -0.290603 -0.832771 0.471214
vn -0.337549 -0.818595 0.464719
vn -0.38357 -0.801293 0.459134
vn -0.428092 -0.780097 0.456273
vn -0.378381 -0.78304 0.493635
vn -0.239197 -0.768207 0.593837
vn -0.139865 -0.712786 0.687295
vn -0.19376 -0.611422 0.767215
vn -0.391163 -0.461242 0.796396
vn -0.609203 -0.351424 0.710896
vn -0.61177 -0.48988 0.621091
vn -0.505437 -0.558947 0.657353
vn -0.398566 -0.578575 0.711615
vn -0.310204 -0.560103 0.768152
vn -0.262051 -0.496867 0.827317
vn -0.231087 -0.461315 0.856614
vn -0.209937 -0.436836 0.8747
vn -0.194959 -0.412144 0.890016
vn -0.183157 -0.385532 0.904333
vn -0.172847 -0.358508 0.917385
vn -0.161684 -0.328817 0.93045
vn -0.149779 -0.302039 0.941456
vn -0.135267 -0.270282 0.953232
vn -0.119674 -0.239098 0.963592
vn -0.102596 -0.208468 0.972633
vn -0.084958 -0.174488 0.980987
vn -0.067952 -0.135591 0.988432
vn -0.055362 -0.092611 0.994162
vn -0.054859 -0.032429 0.997967
vn -0.092869 0.060455 0.993841
vn -0.207309 0.188777 0.959889
vn -0.384503 0.284035 0.87834
vn -0.481462 0.304966 0.8217
vn -0.455264 0.325062 0.828897
vn -0.426551 0.342414 0.837142
vn -0.398417 0.358513 0.844235
vn -0.370878 0.373544 0.850244
vn -0.343824 0.38759 0.855312
vn -0.317106 0.40066 0.859602
vn -0.290588 0.412736 0.863254
vn -0.264181 0.423808 0.866369
vn -0.237834 0.433888 0.869009
vn -0.211523 0.443007 0.871208
vn -0.185225 0.451197 0.872991
vn -0.158914 0.458471 0.874386
vn -0.13256 0.464813 0.875429
vn -0.106132 0.470178 0.876167
vn -0.079609 0.4745 0.876648
vn -0.052988 0.477701 0.876923
vn -0.026286 0.47969 0.877044
vn 0.029153 0.513898 0.857356
vn 0.000463 0.514659 0.857395
vn 0.057794 0.511746 0.857191
vn 0.086351 0.508335 0.856819
vn 0.114811 0.50376 0.85618
vn 0.143173 0.49807 0.855235
vn 0.171438 0.49127 0.853969
vn 0.199602 0.48334 0.852374
vn 0.227664 0.474265 0.850436
vn 0.255641 0.464056 0.848115
vn 0.283577 0.452758 0.845337
vn 0.31155 0.440436 0.841993
vn 0.339659 0.427145 0.837961
vn 0.367994 0.412889 0.833129
vn 0.396598 0.397591 0.827425
vn 0.42544 0.381096 0.820833
vn 0.454407 0.363189 0.813393
vn 0.429467 0.353058 0.831209
vn 0.297129 0.338252 0.892916
vn 0.127717 0.279065 0.951741
vn 0.033349 0.142716 0.989202
vn 0.015428 0.019233 0.999696
vn 0.038508 -0.055576 0.997712
vn 0.078418 -0.100913 0.9918
vn 0.127369 -0.130781 0.983196
vn 0.179659 -0.16212 0.970278
vn 0.229565 -0.185519 0.955449
vn 0.266867 -0.21577 0.939269
vn 0.286599 -0.250407 0.924747
vn 0.28607 -0.289019 0.913582
vn 0.266582 -0.329344 0.905796
vn 0.235964 -0.367523 0.899582
vn 0.203771 -0.403781 0.891873
vn 0.18029 -0.432435 0.883456
vn 0.167883 -0.457892 0.873012
vn 0.17228 -0.485997 0.856812
vn 0.174091 -0.538483 0.824456
vn 0.181785 -0.594704 0.783123
vn 0.556589 -0.405246 0.725247
vn 0.93306 -0.014943 0.35941
vn 0.980595 -0.05663 0.187687
vn 0.964965 -0.218441 0.145348
vn 0.915791 -0.365767 0.165957
vn 0.82079 -0.513213 0.250831
vn 0.646875 -0.663626 0.375704
vn 0.386623 -0.776364 0.497777
vn 0.116149 -0.811937 0.572073
vn -0.097213 -0.796761 0.596424
vn -0.220392 -0.77565 0.591434
vn -0.164662 -0.801111 0.575419
vn 0.591173 -0.693653 0.411533
vn 0.809588 -0.527215 0.258091
vn 0.678282 -0.668743 0.304495
vn 0.326813 -0.868416 0.37289
vn -0.172015 -0.910515 0.375997
vn -0.513384 -0.794494 0.324371
vn -0.634192 -0.715113 0.293962
vn -0.539092 -0.774234 0.331574
vn -0.274829 -0.870702 0.407856
vn -0.151358 -0.890221 0.429649
vn -0.200645 -0.879811 0.430899
vn -0.249819 -0.868557 0.428018
vn -0.298559 -0.855909 0.422234
vn -0.346679 -0.841018 0.415335
vn -0.393845 -0.822974 0.40939
vn -0.41846 -0.806539 0.417595
vn -0.217431 -0.866643 0.449059
vn 0.000877 -0.845835 0.533443
vn 0.028859 -0.765801 0.64243
vn -0.146032 -0.630602 0.762244
vn -0.447154 -0.392929 0.80353
vn -0.633695 -0.20272 0.746549
vn -0.491615 -0.453763 0.743246
vn -0.241224 -0.643295 0.726625
vn -0.174332 -0.635458 0.752198
vn -0.158914 -0.614582 0.77268
vn -0.175632 -0.555803 0.81255
vn -0.192412 -0.490828 0.849745
vn -0.199161 -0.459453 0.865585
vn -0.20089 -0.431673 0.879376
vn -0.199342 -0.401738 0.893795
vn -0.194211 -0.37426 0.906759
vn -0.187256 -0.341237 0.921137
vn -0.180355 -0.313184 0.93241
vn -0.172087 -0.27859 0.944867
vn -0.163716 -0.244955 0.955612
vn -0.151222 -0.21068 0.965788
vn -0.133686 -0.174879 0.975472
vn -0.106752 -0.137812 0.984689
vn -0.071575 -0.102387 0.992166
vn -0.027871 -0.056649 0.998005
vn 0.02008 0.027857 0.99941
vn 0.035921 0.156513 0.987022
vn -0.067207 0.288742 0.955045
vn -0.329992 0.350263 0.876596
vn -0.481116 0.348262 0.804513
vn -0.45476 0.365028 0.812372
vn -0.42515 0.382532 0.820315
vn -0.396066 0.398873 0.827063
vn -0.367411 0.414135 0.832767
vn -0.339044 0.428331 0.837605
vn -0.310837 0.441443 0.841729
vn -0.282702 0.453461 0.845253
vn -0.254596 0.464399 0.848242
vn -0.226496 0.474289 0.850735
vn -0.198385 0.483164 0.852758
vn -0.170241 0.491038 0.854341
vn -0.142033 0.497895 0.855527
vn -0.113733 0.503688 0.856366
vn -0.085325 0.508349 0.856914
vn -0.056807 0.511797 0.857226
vn -0.0282 0.513936 0.857365
vn 0.030999 0.547068 0.836514
vn 0.000459 0.547879 0.836557
vn 0.061486 0.544769 0.836329
vn 0.091879 0.541115 0.835914
vn 0.122164 0.536207 0.835199
vn 0.152335 0.530094 0.834143
vn 0.182388 0.52278 0.832728
vn 0.212316 0.514247 0.830946
vn 0.242116 0.504479 0.828783
vn 0.271798 0.493487 0.826194
vn 0.301403 0.481318 0.823098
vn 0.331005 0.468037 0.819376
vn 0.360697 0.453701 0.814895
vn 0.390563 0.43831 0.809533
vn 0.420638 0.421789 0.803217
vn 0.450876 0.403978 0.795935
vn 0.44729 0.388091 0.805802
vn 0.302132 0.427481 0.852042
vn 0.088872 0.405088 0.909948
vn -0.036006 0.329509 0.943466
vn -0.029168 0.190399 0.981273
vn 0.047929 0.052387 0.997476
vn 0.136499 -0.016271 0.990507
vn 0.224612 -0.047079 0.97331
vn 0.313863 -0.061104 0.9475
vn 0.399957 -0.074942 0.913465
vn 0.472375 -0.088596 0.876934
vn 0.522726 -0.111266 0.845208
vn 0.546321 -0.15238 0.823598
vn 0.542534 -0.197475 0.816493
vn 0.506091 -0.258106 0.822954
vn 0.450656 -0.318409 0.833981
vn 0.38244 -0.376175 0.843939
vn 0.317562 -0.421808 0.849254
vn 0.265425 -0.459229 0.847737
vn 0.217022 -0.508597 0.833205
vn 0.178189 -0.561509 0.808057
vn 0.131175 -0.61177 0.780084
vn 0.092707 -0.643631 0.7597
vn 0.351186 -0.584723 0.731278
vn 0.757592 -0.450847 0.472008
vn 0.923813 -0.350296 0.154472
vn 0.960962 -0.276267 0.015131
vn 0.925098 -0.375445 0.056876
vn 0.84554 -0.514543 0.142507
vn 0.679087 -0.68131 0.273234
vn 0.412222 -0.812798 0.411622
vn 0.116458 -0.856281 0.50321
vn -0.116625 -0.835557 0.536883
vn -0.249432 -0.80711 0.535123
vn 0.166561 -0.846808 0.505146
vn 0.776039 -0.584794 0.236176
vn 0.69694 -0.674981 0.24223
vn 0.35895 -0.879519 0.312411
vn -0.152365 -0.929355 0.336279
vn -0.505338 -0.808704 0.301051
vn -0.631012 -0.724036 0.278561
vn -0.51903 -0.795651 0.312327
vn -0.242556 -0.898006 0.367087
vn -0.154623 -0.911392 0.381387
vn -0.205346 -0.900814 0.382581
vn -0.255649 -0.889165 0.379511
vn -0.30545 -0.875964 0.373346
vn -0.354573 -0.860427 0.365982
vn -0.402713 -0.84172 0.359624
vn -0.341597 -0.857686 0.384299
vn -0.087321 -0.893909 0.439661
vn 0.098094 -0.887013 0.451204
vn 0.007703 -0.865082 0.501571
vn -0.30184 -0.736964 0.604795
vn -0.663174 -0.388152 0.639952
vn -0.661667 -0.299071 0.687571
vn -0.338505 -0.487284 0.804965
vn -0.101314 -0.661915 0.742701
vn -0.134919 -0.636978 0.758984
vn -0.196105 -0.608306 0.769094
vn -0.265469 -0.570557 0.777169
vn -0.323895 -0.502385 0.801687
vn -0.350218 -0.450834 0.821033
vn -0.362374 -0.413662 0.835206
vn -0.364458 -0.379066 0.850576
vn -0.359697 -0.343493 0.867543
vn -0.354216 -0.30691 0.883367
vn -0.34914 -0.270852 0.897073
vn -0.346305 -0.231734 0.90905
vn -0.343783 -0.190772 0.919467
vn -0.336996 -0.149307 0.929592
vn -0.32216 -0.110228 0.940246
vn -0.288379 -0.07399 0.954653
vn -0.234773 -0.043505 0.971076
vn -0.159451 -0.008316 0.987171
vn -0.054663 0.079344 0.995347
vn 0.049841 0.218729 0.974512
vn 0.087271 0.342146 0.935585
vn -0.039076 0.41602 0.908515
vn -0.358149 0.403076 0.842175
vn -0.481125 0.386781 0.786714
vn -0.450646 0.405437 0.795323
vn -0.420156 0.423095 0.802782
vn -0.390025 0.439582 0.809104
vn -0.360121 0.454912 0.814474
vn -0.330323 0.469067 0.819062
vn -0.300554 0.482038 0.822987
vn -0.270772 0.493839 0.82632
vn -0.240961 0.504504 0.829104
vn -0.21111 0.514067 0.831365
vn -0.181199 0.522542 0.833136
vn -0.151202 0.529913 0.834464
vn -0.121095 0.536132 0.835403
vn -0.090863 0.541128 0.836017
vn -0.060508 0.544819 0.836368
vn -0.030055 0.547107 0.836523
vn 0.032773 0.578994 0.814673
vn 0.000452 0.579853 0.814721
vn 0.065037 0.576549 0.81447
vn 0.097197 0.572658 0.814012
vn 0.129235 0.567421 0.813223
vn 0.161142 0.560887 0.812059
vn 0.192909 0.553063 0.810498
vn 0.224525 0.54393 0.808535
vn 0.25598 0.533471 0.806153
vn 0.287282 0.5217 0.803305
vn 0.318466 0.508662 0.799902
vn 0.3496 0.494425 0.795817
vn 0.38077 0.479044 0.790905
vn 0.412053 0.462521 0.78504
vn 0.44347 0.444778 0.778143
vn 0.471186 0.425826 0.772435
vn 0.371465 0.477199 0.796426
vn 0.136512 0.510309 0.849087
vn -0.03874 0.49083 0.870394
vn -0.051617 0.421963 0.905142
vn 0.051685 0.305319 0.950847
vn 0.210518 0.151547 0.965772
vn 0.35793 0.080862 0.930241
vn 0.483914 0.074797 0.871913
vn 0.594579 0.077193 0.800323
vn 0.686008 0.077481 0.723457
vn 0.753494 0.072687 0.653424
vn 0.797332 0.056036 0.600934
vn 0.817976 0.011041 0.575146
vn 0.816243 -0.043178 0.576093
vn 0.789051 -0.115596 0.603354
vn 0.733635 -0.202166 0.648774
vn 0.654972 -0.287367 0.698879
vn 0.565508 -0.365397 0.739382
vn 0.48214 -0.429043 0.763847
vn 0.39916 -0.495916 0.771193
vn 0.323017 -0.554808 0.766713
vn 0.248924 -0.601571 0.759045
vn 0.179196 -0.636518 0.750156
vn 0.11282 -0.668585 0.735028
vn 0.091506 -0.712184 0.696003
vn 0.186039 -0.777991 0.6001
vn 0.651145 -0.691347 0.313128
vn 0.943296 -0.331673 -0.013664
vn 0.91936 -0.393269 -0.010804
vn 0.843816 -0.5323 0.068048
vn 0.675249 -0.710541 0.197914
vn 0.396128 -0.852602 0.340813
vn 0.08143 -0.894982 0.438607
vn -0.159244 -0.86519 0.475487
vn -0.166979 -0.870764 0.462481
vn 0.634417 -0.732918 0.245656
vn 0.715886 -0.674701 0.179684
vn 0.405683 -0.880207 0.246287
vn -0.10958 -0.949823 0.292964
vn -0.487988 -0.827341 0.278165
vn -0.626063 -0.734397 0.262119
vn -0.51773 -0.805203 0.289143
vn -0.233346 -0.916982 0.323564
vn -0.15767 -0.929734 0.332769
vn -0.209419 -0.919 0.33404
vn -0.260695 -0.906994 0.330757
vn -0.311397 -0.893281 0.324163
vn -0.361362 -0.877147 0.316276
vn -0.393781 -0.861554 0.320409
vn -0.208077 -0.910721 0.356779
vn 0.026097 -0.90575 0.423007
vn 0.08618 -0.90044 0.426358
vn -0.123453 -0.896531 0.425432
vn -0.522187 -0.755181 0.396261
vn -0.770043 -0.477791 0.422788
vn -0.611217 -0.52353 0.593574
vn -0.26867 -0.648221 0.712478
vn -0.197671 -0.663845 0.721274
vn -0.302445 -0.628838 0.716303
vn -0.404465 -0.579392 0.707611
vn -0.495378 -0.52595 0.691359
vn -0.567648 -0.461648 0.681657
vn -0.610114 -0.394365 0.687195
vn -0.624925 -0.344573 0.700527
vn -0.627024 -0.300233 0.718819
vn -0.622732 -0.256932 0.739047
vn -0.617131 -0.212736 0.757557
vn -0.611753 -0.167212 0.773175
vn -0.612081 -0.119173 0.781764
vn -0.61414 -0.069488 0.786132
vn -0.611414 -0.020862 0.791036
vn -0.600217 0.024834 0.799451
vn -0.570004 0.056595 0.81969
vn -0.50898 0.081399 0.856921
vn -0.412389 0.103109 0.905154
vn -0.255705 0.192825 0.94733
vn -0.066402 0.336107 0.93948
vn 0.069586 0.443755 0.893443
vn 0.085696 0.503001 0.860027
vn -0.120629 0.512818 0.84998
vn -0.438455 0.437337 0.785171
vn -0.47479 0.427125 0.769506
vn -0.443036 0.446097 0.777635
vn -0.411556 0.463808 0.784541
vn -0.380231 0.48027 0.790421
vn -0.348951 0.495469 0.795452
vn -0.317644 0.509394 0.799763
vn -0.286279 0.522059 0.80343
vn -0.254844 0.533499 0.806495
vn -0.223334 0.543748 0.808987
vn -0.191734 0.552822 0.810941
vn -0.160023 0.560703 0.812407
vn -0.128179 0.567343 0.813445
vn -0.096194 0.57267 0.814123
vn -0.064072 0.576599 0.814511
vn -0.031842 0.579032 0.814683
vn 0.034469 0.609534 0.79201
vn 0.000444 0.61044 0.792062
vn 0.068431 0.60695 0.791789
vn 0.102281 0.602826 0.79129
vn 0.135994 0.597264 0.790431
vn 0.169557 0.590316 0.789162
vn 0.202956 0.581988 0.787464
vn 0.236175 0.572261 0.785327
vn 0.269199 0.56112 0.782737
vn 0.30203 0.548576 0.779642
vn 0.334697 0.534678 0.775949
vn 0.367262 0.519494 0.771521
vn 0.399803 0.503078 0.766205
vn 0.432384 0.485433 0.759868
vn 0.465019 0.466481 0.752432
vn 0.461781 0.455066 0.761363
vn 0.261559 0.56918 0.779501
vn 0.025091 0.609451 0.792426
vn -0.045193 0.603557 0.796038
vn 0.044954 0.552218 0.832487
vn 0.236908 0.4528 0.859562
vn 0.47044 0.302169 0.829084
vn 0.644005 0.227479 0.730418
vn 0.75442 0.230217 0.614695
vn 0.830916 0.239918 0.502015
vn 0.882105 0.240466 0.405051
vn 0.915036 0.231204 0.330536
vn 0.936528 0.211723 0.279444
vn 0.951347 0.17147 0.256002
vn 0.958498 0.114907 0.260918
vn 0.955518 0.048829 0.290863
vn 0.936328 -0.039616 0.348884
vn 0.895447 -0.138464 0.423087
vn 0.831956 -0.242283 0.499148
vn 0.756057 -0.335726 0.561842
vn 0.678649 -0.418017 0.603902
vn 0.596594 -0.495781 0.631092
vn 0.523877 -0.556553 0.644827
vn 0.455905 -0.612653 0.645606
vn 0.374095 -0.687349 0.622578
vn 0.274784 -0.776641 0.566853
vn 0.159799 -0.848876 0.503858
vn 0.071663 -0.888458 0.453329
vn 0.568846 -0.786927 0.239082
vn 0.921005 -0.384007 -0.06548
vn 0.905048 -0.421572 -0.056258
vn 0.824341 -0.565773 0.019066
vn 0.641179 -0.753469 0.145513
vn 0.337618 -0.897197 0.284696
vn 0.006283 -0.927769 0.373103
vn -0.24954 -0.886253 0.390237
vn 0.306099 -0.901675 0.305428
vn 0.727757 -0.674687 0.123156
vn 0.457838 -0.870826 0.179018
vn -0.043443 -0.969668 0.240535
vn -0.460062 -0.851512 0.251534
vn -0.620612 -0.74548 0.243107
vn -0.532414 -0.805379 0.260576
vn -0.243127 -0.929312 0.277973
vn -0.16028 -0.945447 0.283621
vn -0.212912 -0.934589 0.284978
vn -0.265012 -0.922251 0.281463
vn -0.316465 -0.90805 0.274401
vn -0.367117 -0.891347 0.265945
vn -0.319882 -0.901771 0.290662
vn -0.077703 -0.930147 0.358872
vn 0.094747 -0.916203 0.389352
vn 0.001754 -0.920289 0.391234
vn -0.331547 -0.873212 0.357181
vn -0.736948 -0.628506 0.248771
vn -0.790129 -0.584115 0.185756
vn -0.600372 -0.705514 0.376567
vn -0.415235 -0.776517 0.473922
vn -0.537851 -0.658793 0.52603
vn -0.659483 -0.556769 0.505065
vn -0.744642 -0.481705 0.462027
vn -0.805292 -0.404278 0.433663
vn -0.843611 -0.33476 0.419829
vn -0.865628 -0.267473 0.423256
vn -0.874839 -0.209353 0.436839
vn -0.8751 -0.158519 0.457244
vn -0.870936 -0.107756 0.479436
vn -0.864897 -0.059187 0.498448
vn -0.858374 -0.01037 0.512919
vn -0.855306 0.045152 0.516153
vn -0.853347 0.097059 0.512229
vn -0.849525 0.145267 0.507154
vn -0.837578 0.193733 0.510814
vn -0.819098 0.222551 0.528725
vn -0.780579 0.242276 0.576193
vn -0.706088 0.254388 0.660853
vn -0.541232 0.346417 0.7662
vn -0.287946 0.493314 0.82081
vn -0.053607 0.58111 0.812058
vn 0.068165 0.612109 0.78783
vn 0.02178 0.614505 0.788612
vn -0.300702 0.53349 0.790548
vn -0.489745 0.451363 0.745936
vn -0.464629 0.467803 0.751851
vn -0.431927 0.486725 0.759301
vn -0.399298 0.504312 0.765657
vn -0.366645 0.520546 0.771105
vn -0.333905 0.535417 0.775781
vn -0.301053 0.548941 0.779763
vn -0.268086 0.561151 0.783096
vn -0.235004 0.572082 0.785809
vn -0.201799 0.581748 0.787938
vn -0.168455 0.590132 0.789536
vn -0.134955 0.597186 0.790668
vn -0.101294 0.602837 0.791408
vn -0.067483 0.606999 0.791832
vn -0.033554 0.609572 0.79202
vn 0.03608 0.638586 0.768704
vn 0.000435 0.639537 0.76876
vn 0.071658 0.635866 0.768466
vn 0.107113 0.631516 0.767928
vn 0.142417 0.625638 0.767003
vn 0.177551 0.618284 0.765637
vn 0.212495 0.609461 0.763808
vn 0.247229 0.59915 0.76151
vn 0.281731 0.587338 0.758724
vn 0.315997 0.574036 0.7554
vn 0.35005 0.559293 0.751436
vn 0.383943 0.543177 0.74669
vn 0.417746 0.525744 0.741001
vn 0.451512 0.506995 0.734229
vn 0.485243 0.486856 0.726299
vn 0.420945 0.534061 0.733201
vn 0.185465 0.643944 0.742253
vn 0.011091 0.716891 0.697097
vn 0.046329 0.72871 0.683253
vn 0.218456 0.698692 0.681254
vn 0.476515 0.595552 0.646723
vn 0.717351 0.437788 0.541986
vn 0.842443 0.355206 0.405115
vn 0.890726 0.352079 0.287484
vn 0.916172 0.350192 0.194921
vn 0.931484 0.341804 0.124529
vn 0.942499 0.325923 0.073959
vn 0.952425 0.302091 0.040348
vn 0.963525 0.266618 0.023111
vn 0.975871 0.217133 0.023005
vn 0.985736 0.163851 0.038443
vn 0.992802 0.093019 0.075439
vn 0.991382 0.007935 0.130765
vn 0.976371 -0.093257 0.194944
vn 0.949715 -0.18723 0.250969
vn 0.915848 -0.272832 0.294592
vn 0.879495 -0.353323 0.318829
vn 0.855149 -0.412252 0.314274
vn 0.829232 -0.480086 0.286169
vn 0.764437 -0.602589 0.22918
vn 0.664334 -0.731418 0.15391
vn 0.511483 -0.852373 0.108837
vn 0.388629 -0.916008 0.099481
vn 0.300604 -0.941316 0.153498
vn 0.771452 -0.636178 0.011768
vn 0.917137 -0.384337 -0.105566
vn 0.884464 -0.458486 -0.08668
vn 0.78595 -0.61812 -0.014506
vn 0.575074 -0.811105 0.106765
vn 0.21576 -0.945544 0.24371
vn -0.155783 -0.938751 0.307373
vn -0.011171 -0.949018 0.315025
vn 0.658114 -0.744449 0.112609
vn 0.511885 -0.851443 0.1141
vn 0.033555 -0.982272 0.184435
vn -0.416701 -0.882783 0.216922
vn -0.612963 -0.758755 0.22038
vn -0.557889 -0.797406 0.230007
vn -0.270202 -0.934538 0.231579
vn -0.162468 -0.958621 0.233772
vn -0.215844 -0.947672 0.235221
vn -0.268625 -0.935022 0.231462
vn -0.320676 -0.920344 0.223906
vn -0.360079 -0.905575 0.224225
vn -0.182228 -0.947707 0.261999
vn 0.034727 -0.93691 0.347841
vn 0.082069 -0.931068 0.355496
vn -0.156556 -0.931523 0.328261
vn -0.572156 -0.785448 0.236028
vn -0.881009 -0.460942 0.106559
vn -0.879879 -0.47516 -0.00603
vn -0.717173 -0.696219 -0.030676
vn -0.73485 -0.67823 0.00014
vn -0.858879 -0.51173 0.021443
vn -0.932201 -0.35847 0.050014
vn -0.957064 -0.285757 0.048706
vn -0.972208 -0.227553 0.055065
vn -0.981607 -0.175815 0.07441
vn -0.986391 -0.125795 0.105873
vn -0.987984 -0.062727 0.141258
vn -0.986859 -0.007369 0.161415
vn -0.982332 0.042721 0.182206
vn -0.975218 0.088377 0.20283
vn -0.967359 0.135474 0.214157
vn -0.958105 0.188423 0.21571
vn -0.949056 0.234327 0.210676
vn -0.939619 0.275814 0.202591
vn -0.92722 0.316367 0.200438
vn -0.91473 0.343742 0.212392
vn -0.899936 0.359473 0.246769
vn -0.873165 0.369648 0.317716
vn -0.771743 0.460093 0.439008
vn -0.532921 0.628757 0.566268
vn -0.254634 0.72839 0.636089
vn -0.046439 0.74318 0.667478
vn 0.021564 0.715852 0.697919
vn -0.166828 0.637535 0.752142
vn -0.461931 0.498954 0.733256
vn -0.484894 0.488172 0.725649
vn -0.451092 0.508284 0.733596
vn -0.417275 0.526975 0.740391
vn -0.383358 0.544229 0.746225
vn -0.349288 0.560034 0.751239
vn -0.315049 0.574404 0.755516
vn -0.280646 0.587373 0.759099
vn -0.246084 0.598975 0.762018
vn -0.211363 0.609224 0.764311
vn -0.176471 0.618102 0.766033
vn -0.1414 0.625561 0.767255
vn -0.106147 0.631527 0.768054
vn -0.070729 0.635915 0.768511
vn -0.035184 0.638623 0.768715
vn 0.037602 0.666081 0.744931
vn 0.000423 0.667075 0.74499
vn 0.074709 0.663231 0.744677
vn 0.111684 0.658663 0.744104
vn 0.148491 0.652478 0.743117
vn 0.185107 0.644729 0.74166
vn 0.221508 0.635422 0.739711
vn 0.257664 0.624542 0.737263
vn 0.293552 0.612074 0.734297
vn 0.329158 0.598032 0.730761
vn 0.3645 0.582465 0.72655
vn 0.39962 0.565441 0.721513
vn 0.43458 0.547014 0.715482
vn 0.469423 0.52719 0.708317
vn 0.500785 0.505788 0.70242
vn 0.394349 0.606944 0.690005
vn 0.17797 0.738993 0.649781
vn 0.0897 0.821167 0.563595
vn 0.195177 0.841042 0.504534
vn 0.404781 0.799777 0.443293
vn 0.658616 0.664684 0.352734
vn 0.835748 0.500162 0.226634
vn 0.89956 0.419392 0.122074
vn 0.909152 0.413519 0.049446
vn 0.909238 0.415593 0.023857
vn 0.908965 0.395255 0.132497
vn 0.917818 0.131946 0.374434
vn 0.892591 0.029453 0.449905
vn 0.900678 0.028972 0.43352
vn 0.932374 0.050382 0.357966
vn 0.97158 0.068211 0.226669
vn 0.996039 0.06086 0.064829
vn 0.996027 0.078134 -0.042733
vn 0.999067 0.007184 -0.04259
vn 0.997025 -0.071313 -0.029258
vn 0.990966 -0.131761 -0.025027
vn 0.981568 -0.187743 -0.035726
vn 0.969928 -0.232702 -0.071343
vn 0.950445 -0.280895 -0.133235
vn 0.903518 -0.377913 -0.202081
vn 0.825996 -0.504668 -0.25108
vn 0.726097 -0.64014 -0.251004
vn 0.62514 -0.759357 -0.180492
vn 0.539451 -0.840368 -0.052679
vn 0.63695 -0.770615 0.021143
vn 0.878891 -0.469591 -0.083877
vn 0.893537 -0.423781 -0.148328
vn 0.852299 -0.504034 -0.13977
vn 0.738769 -0.671284 -0.059986
vn 0.463374 -0.88227 0.082972
vn -0.001713 -0.976414 0.215898
vn -0.168349 -0.957697 0.2334
vn 0.516211 -0.85421 0.062067
vn 0.565275 -0.823451 0.048917
vn 0.11692 -0.985509 0.122886
vn -0.36105 -0.915922 0.1753
vn -0.599243 -0.776888 0.193269
vn -0.588975 -0.78319 0.199304
vn -0.313733 -0.93077 0.187719
vn -0.164274 -0.969256 0.183187
vn -0.218215 -0.95826 0.184716
vn -0.271532 -0.945312 0.180708
vn -0.324027 -0.93016 0.172652
vn -0.297087 -0.934768 0.1948
vn -0.056683 -0.962873 0.263938
vn 0.105712 -0.944939 0.309701
vn -0.005356 -0.953688 0.300751
vn -0.375244 -0.898093 0.229392
vn -0.768719 -0.632826 0.092751
vn -0.946567 -0.322388 -0.008823
vn -0.963229 -0.252646 -0.091434
vn -0.835131 -0.479598 -0.269334
vn -0.832343 -0.452389 -0.320234
vn -0.89147 -0.328047 -0.312516
vn -0.937023 -0.218157 -0.272754
vn -0.959315 -0.17178 -0.224067
vn -0.974612 -0.144616 -0.170931
vn -0.986454 -0.099852 -0.130146
vn -0.993577 -0.04372 -0.104368
vn -0.996798 0.02316 -0.076535
vn -0.994762 0.092279 -0.043977
vn -0.990259 0.137033 -0.024665
vn -0.983654 0.179916 -0.007443
vn -0.974215 0.2256 0.003254
vn -0.962611 0.270791 0.007185
vn -0.950675 0.310115 0.006741
vn -0.938471 0.34535 0.002258
vn -0.925636 0.378415 -0.000376
vn -0.915497 0.402314 0.003075
vn -0.908574 0.41733 0.018144
vn -0.903767 0.424372 0.055804
vn -0.857955 0.49533 0.136236
vn -0.690265 0.674141 0.262809
vn -0.442848 0.812627 0.378843
vn -0.21613 0.853462 0.474227
vn -0.079667 0.823082 0.562308
vn -0.139555 0.735453 0.663048
vn -0.414352 0.573357 0.706805
vn -0.503823 0.507197 0.699223
vn -0.469035 0.528467 0.707622
vn -0.434141 0.548235 0.714815
vn -0.399066 0.566484 0.721001
vn -0.363768 0.583202 0.726325
vn -0.328242 0.598402 0.730871
vn -0.292497 0.612114 0.734685
vn -0.256549 0.624373 0.737795
vn -0.220403 0.635191 0.74024
vn -0.184053 0.644551 0.742077
vn -0.147498 0.652402 0.743381
vn -0.11074 0.658674 0.744235
vn -0.073804 0.663279 0.744724
vn -0.036729 0.666118 0.744942
vn 0.039035 0.691987 0.720854
vn 0.000411 0.693022 0.720916
vn 0.077582 0.689012 0.720585
vn 0.115987 0.684234 0.719979
vn 0.154209 0.677754 0.718937
vn 0.192218 0.669622 0.717397
vn 0.229984 0.659847 0.715338
vn 0.267473 0.648415 0.712753
vn 0.304653 0.635312 0.709623
vn 0.341507 0.620553 0.705895
vn 0.378041 0.604187 0.701458
vn 0.414292 0.586282 0.696157
vn 0.45031 0.566895 0.689819
vn 0.486126 0.546031 0.682298
vn 0.51337 0.530815 0.674304
vn 0.417188 0.642755 0.642511
vn 0.245464 0.808939 0.534195
vn 0.218895 0.889993 0.399998
vn 0.341436 0.89207 0.296029
vn 0.532461 0.821492 0.20405
vn 0.741706 0.661795 0.109086
vn 0.860865 0.508538 0.01735
vn 0.89622 0.442374 -0.033087
vn 0.881411 0.472173 0.01292
vn 0.873718 0.396731 0.281464
vn 0.757846 0.355285 0.547213
vn 0.681295 0.162101 0.713836
vn 0.592431 -0.176165 0.786124
vn 0.554392 -0.272565 0.786358
vn 0.561412 -0.30444 0.769502
vn 0.599491 -0.33395 0.727385
vn 0.668723 -0.37245 0.643499
vn 0.842892 -0.278554 0.460371
vn 0.97005 -0.140011 0.198493
vn 0.989122 -0.144876 0.025481
vn 0.985257 -0.150021 -0.082235
vn 0.974525 -0.171196 -0.144891
vn 0.955897 -0.220237 -0.194313
vn 0.931384 -0.269495 -0.244738
vn 0.892868 -0.35557 -0.276328
vn 0.83252 -0.488454 -0.261386
vn 0.772981 -0.601786 -0.200882
vn 0.725912 -0.679203 -0.108328
vn 0.684946 -0.728565 -0.006396
vn 0.623583 -0.778181 0.074689
vn 0.747985 -0.663591 -0.012904
vn 0.850424 -0.499242 -0.165938
vn 0.862776 -0.453092 -0.224335
vn 0.829696 -0.523925 -0.192632
vn 0.677942 -0.730028 -0.08634
vn 0.227754 -0.970995 0.072784
vn -0.230157 -0.962388 0.144348
vn 0.321967 -0.946207 0.032071
vn 0.610455 -0.791949 -0.012703
vn 0.204782 -0.977312 0.054089
vn -0.294544 -0.947478 0.124617
vn -0.577215 -0.800826 0.159689
vn -0.616181 -0.769225 0.169157
vn -0.372104 -0.915693 0.151806
vn -0.171267 -0.976063 0.134048
vn -0.220016 -0.966317 0.13351
vn -0.27372 -0.953084 0.129257
vn -0.320913 -0.938726 0.125735
vn -0.162684 -0.973527 0.160561
vn 0.046661 -0.96459 0.259594
vn 0.10036 -0.958159 0.268067
vn -0.158663 -0.962749 0.218951
vn -0.59838 -0.795278 0.097339
vn -0.883625 -0.467266 -0.029488
vn -0.967679 -0.237237 -0.085533
vn -0.980392 -0.186621 -0.063283
vn -0.89647 -0.432854 -0.094755
vn -0.794918 -0.593549 -0.125716
vn -0.8338 -0.548659 -0.061239
vn -0.85377 -0.518535 0.046872
vn -0.844136 -0.508538 0.169774
vn -0.828442 -0.494977 0.262073
vn -0.838131 -0.437402 0.325908
vn -0.855827 -0.368359 0.363141
vn -0.879928 -0.302203 0.366606
vn -0.900358 -0.224566 0.372727
vn -0.910081 -0.152334 0.385418
vn -0.913292 -0.086113 0.398099
vn -0.904048 -0.021623 0.426885
vn -0.880431 0.02807 0.473342
vn -0.851142 0.086981 0.517678
vn -0.851103 0.212205 0.480201
vn -0.884337 0.370224 0.284398
vn -0.891722 0.450639 0.041907
vn -0.895252 0.439439 -0.073604
vn -0.891759 0.446953 -0.070706
vn -0.869538 0.492122 -0.041471
vn -0.75433 0.655146 0.042071
vn -0.55851 0.816238 0.14772
vn -0.368085 0.89204 0.262254
vn -0.230506 0.890146 0.393074
vn -0.220881 0.806962 0.547745
vn -0.403145 0.633084 0.660816
vn -0.515607 0.527363 0.675306
vn -0.48577 0.547288 0.681545
vn -0.4499 0.568099 0.689097
vn -0.413767 0.587313 0.695601
vn -0.377341 0.604917 0.701206
vn -0.340623 0.620921 0.705998
vn -0.303633 0.635356 0.710021
vn -0.266391 0.648252 0.713305
vn -0.22891 0.659623 0.71589
vn -0.191193 0.669449 0.717833
vn -0.153242 0.67768 0.719212
vn -0.11507 0.684246 0.720116
vn -0.076702 0.68906 0.720634
vn -0.038187 0.692023 0.720865
vn 0.040378 0.716304 0.696619
vn 0.000398 0.717377 0.696685
vn 0.080277 0.713211 0.696338
vn 0.120023 0.708232 0.695702
vn 0.159571 0.701467 0.694608
vn 0.198884 0.692968 0.692994
vn 0.237927 0.682743 0.690835
vn 0.276659 0.670778 0.688126
vn 0.315042 0.657063 0.684848
vn 0.353052 0.641614 0.680945
vn 0.390688 0.624479 0.676305
vn 0.427978 0.605729 0.670766
vn 0.464961 0.585419 0.66415
vn 0.501659 0.563557 0.65631
vn 0.531793 0.549808 0.644133
vn 0.486799 0.638296 0.596326
vn 0.370078 0.818939 0.438613
vn 0.355162 0.895961 0.266671
vn 0.451339 0.880391 0.14562
vn 0.605798 0.79383 0.053323
vn 0.772512 0.634707 -0.019313
vn 0.865426 0.497798 -0.056879
vn 0.878515 0.477101 0.024224
vn 0.791926 0.542926 0.279437
vn 0.621175 0.549803 0.558443
vn 0.553479 0.280742 0.78412
vn 0.613371 0.066229 0.787013
vn 0.697485 -0.106225 0.708683
vn 0.717831 -0.183614 0.671568
vn 0.705738 -0.242587 0.665647
vn 0.661804 -0.31718 0.679273
vn 0.596699 -0.391986 0.700213
vn 0.522485 -0.459734 0.718091
vn 0.551016 -0.474931 0.686164
vn 0.61478 -0.522188 0.591071
vn 0.686592 -0.544476 0.481807
vn 0.732074 -0.566184 0.378818
vn 0.719219 -0.625232 0.303
vn 0.678524 -0.689174 0.254255
vn 0.637857 -0.737829 0.220788
vn 0.621851 -0.762921 0.176782
vn 0.662769 -0.73938 0.118552
vn 0.681661 -0.723985 0.105753
vn 0.660065 -0.743729 0.105748
vn 0.618737 -0.780758 0.087072
vn 0.592297 -0.803687 0.057203
vn 0.698657 -0.710772 -0.081745
vn 0.82157 -0.517318 -0.239593
vn 0.857486 -0.432058 -0.279364
vn 0.795179 -0.553973 -0.246585
vn 0.476067 -0.865017 -0.158447
vn -0.153504 -0.98804 -0.014612
vn 0.122284 -0.992446 -0.009901
vn 0.624661 -0.777582 -0.071868
vn 0.293109 -0.955903 -0.01834
vn -0.218997 -0.973539 0.065292
vn -0.546924 -0.82902 0.116618
vn -0.633396 -0.76171 0.136407
vn -0.440251 -0.889729 0.120672
vn -0.192695 -0.977422 0.086686
vn -0.221233 -0.971791 0.081717
vn -0.275175 -0.958287 0.077225
vn -0.279395 -0.955528 0.094364
vn -0.038696 -0.987149 0.155048
vn 0.12774 -0.966717 0.221679
vn 0.028512 -0.978061 0.206357
vn -0.360081 -0.926591 0.108491
vn -0.765799 -0.642063 -0.036142
vn -0.932742 -0.340847 -0.117538
vn -0.966367 -0.226546 -0.121705
vn -0.922044 -0.387081 -0.00165
vn -0.647701 -0.709435 0.277822
vn -0.377262 -0.843822 0.381626
vn -0.362518 -0.816556 0.44924
vn -0.373188 -0.771864 0.514739
vn -0.392255 -0.713664 0.580362
vn -0.423861 -0.652416 0.628247
vn -0.463417 -0.593346 0.658168
vn -0.486104 -0.548279 0.680509
vn -0.499136 -0.506601 0.703007
vn -0.514899 -0.46665 0.719108
vn -0.533552 -0.415803 0.736499
vn -0.546049 -0.364892 0.754112
vn -0.550746 -0.313452 0.773581
vn -0.540417 -0.26747 0.797752
vn -0.512784 -0.196365 0.835759
vn -0.468619 -0.000702 0.8834
vn -0.448516 0.285084 0.84709
vn -0.558368 0.513182 0.65182
vn -0.798135 0.546304 0.254035
vn -0.893237 0.448605 -0.029688
vn -0.873965 0.480506 -0.072794
vn -0.788049 0.613568 -0.050127
vn -0.626835 0.77873 0.025646
vn -0.477676 0.869835 0.12334
vn -0.379797 0.888269 0.258327
vn -0.365172 0.81734 0.44565
vn -0.455196 0.653103 0.605188
vn -0.529032 0.549286 0.646846
vn -0.50133 0.564787 0.655503
vn -0.464578 0.586598 0.663377
vn -0.427482 0.60674 0.670168
vn -0.39002 0.625198 0.676027
vn -0.352203 0.641979 0.681041
vn -0.314058 0.657111 0.685254
vn -0.275613 0.670623 0.688696
vn -0.236887 0.682526 0.691406
vn -0.197891 0.6928 0.693445
vn -0.158634 0.701397 0.694894
vn -0.119134 0.708244 0.695843
vn -0.079424 0.713257 0.696388
vn -0.039557 0.716339 0.696631
vn 0.041633 0.739059 0.672353
vn 0.000384 0.740169 0.672421
vn 0.082796 0.735854 0.672059
vn 0.123797 0.730685 0.671397
vn 0.164585 0.723649 0.670257
vn 0.205116 0.714798 0.668574
vn 0.245348 0.704141 0.666325
vn 0.285237 0.691667 0.663503
vn 0.324737 0.677367 0.660091
vn 0.363817 0.661257 0.656031
vn 0.40247 0.643388 0.651206
vn 0.440713 0.623829 0.645453
vn 0.478577 0.602637 0.638586
vn 0.516072 0.579824 0.630456
vn 0.552068 0.557283 0.620207
vn 0.563865 0.584031 0.583921
vn 0.520247 0.732921 0.438373
vn 0.488823 0.838154 0.241971
vn 0.54381 0.8321 0.108992
vn 0.666899 0.744612 0.028258
vn 0.800067 0.599908 -0.00175
vn 0.875166 0.47812 0.074067
vn 0.77205 0.58339 0.252181
vn 0.58147 0.644151 0.496952
vn 0.52044 0.570421 0.635423
vn 0.659587 0.431333 0.615546
vn 0.8392 0.214002 0.499946
vn 0.913221 0.068903 0.401598
vn 0.932373 0.016243 0.361132
vn 0.928032 -0.054123 0.368547
vn 0.897829 -0.148797 0.414443
vn 0.832895 -0.263924 0.486446
vn 0.742636 -0.373012 0.556196
vn 0.643697 -0.46464 0.608082
vn 0.554703 -0.535559 0.636774
vn 0.484182 -0.593434 0.642965
vn 0.417434 -0.65805 0.626673
vn 0.347921 -0.723568 0.596155
vn 0.267942 -0.776562 0.570227
vn 0.19435 -0.820924 0.536947
vn 0.154482 -0.867998 0.471926
vn 0.248197 -0.885996 0.391675
vn 0.440572 -0.853289 0.278915
vn 0.580126 -0.802782 0.137822
vn 0.611784 -0.789643 0.046733
vn 0.576663 -0.816753 0.019368
vn 0.537673 -0.843147 -0.003314
vn 0.657633 -0.739385 -0.144321
vn 0.816814 -0.482395 -0.316402
vn 0.810756 -0.450112 -0.374264
vn 0.60408 -0.691406 -0.396289
vn 0.029735 -0.950924 -0.307992
vn 0.114986 -0.974647 -0.19194
vn 0.608697 -0.775531 -0.16745
vn 0.380539 -0.918173 -0.110217
vn -0.143478 -0.989626 -0.007435
vn -0.521364 -0.851714 0.052566
vn -0.646018 -0.759848 0.072743
vn -0.50431 -0.860729 0.069412
vn -0.233045 -0.971602 0.04099
vn -0.221445 -0.974691 0.03066
vn -0.274903 -0.961105 0.026547
vn -0.16962 -0.983834 0.057441
vn 0.048808 -0.984678 0.167413
vn 0.147353 -0.971237 0.187043
vn -0.090552 -0.988152 0.123921
vn -0.548897 -0.835591 -0.022363
vn -0.856963 -0.494315 -0.145833
vn -0.934647 -0.320265 -0.154486
vn -0.909656 -0.415116 -0.014293
vn -0.656137 -0.727165 0.20178
vn -0.273424 -0.900171 0.339014
vn -0.178344 -0.871237 0.457317
vn -0.252396 -0.815312 0.521117
vn -0.362748 -0.766424 0.530101
vn -0.478494 -0.707445 0.520158
vn -0.585481 -0.629686 0.510596
vn -0.656368 -0.55025 0.516145
vn -0.690527 -0.491404 0.530749
vn -0.70711 -0.437658 0.555384
vn -0.711208 -0.38894 0.585584
vn -0.709326 -0.342874 0.615869
vn -0.706082 -0.295048 0.643735
vn -0.705412 -0.244419 0.665322
vn -0.7103 -0.187628 0.678431
vn -0.717971 -0.116051 0.68633
vn -0.687992 0.088183 0.720341
vn -0.560227 0.383837 0.73404
vn -0.427649 0.562646 0.707493
vn -0.458429 0.6119 0.644531
vn -0.755455 0.519555 0.399187
vn -0.882199 0.456372 0.115969
vn -0.828348 0.559886 0.019168
vn -0.697547 0.715553 0.037577
vn -0.576005 0.808582 0.120055
vn -0.51809 0.817519 0.251488
vn -0.51646 0.741141 0.428928
vn -0.538728 0.62077 0.569576
vn -0.54958 0.563145 0.617114
vn -0.515768 0.581023 0.629599
vn -0.478218 0.603789 0.637767
vn -0.440244 0.624817 0.644817
vn -0.401833 0.644091 0.650905
vn -0.363003 0.661617 0.656119
vn -0.32379 0.677417 0.660504
vn -0.284228 0.69152 0.664089
vn -0.244344 0.703933 0.666914
vn -0.204156 0.714637 0.66904
vn -0.163679 0.723582 0.670551
vn -0.122938 0.730697 0.671541
vn -0.081972 0.735899 0.67211
vn -0.040841 0.739093 0.672364
vn 0.042803 0.760305 0.648154
vn 0.000369 0.761448 0.648225
vn 0.085147 0.756994 0.64785
vn 0.127319 0.751645 0.647163
vn 0.169262 0.744351 0.645981
vn 0.210928 0.735166 0.644237
vn 0.252268 0.724098 0.641906
vn 0.29323 0.711139 0.638981
vn 0.333766 0.696281 0.635447
vn 0.373836 0.679543 0.631244
vn 0.413425 0.660976 0.626252
vn 0.452544 0.640648 0.620301
vn 0.491211 0.61862 0.613205
vn 0.52943 0.594904 0.604808
vn 0.56715 0.569449 0.595037
vn 0.603967 0.54403 0.582456
vn 0.626029 0.573073 0.528843
vn 0.628476 0.668591 0.397497
vn 0.653436 0.712667 0.255202
vn 0.738022 0.647995 0.188217
vn 0.82702 0.524166 0.203192
vn 0.809211 0.513223 0.285973
vn 0.646153 0.63964 0.41635
vn 0.521673 0.722375 0.453908
vn 0.600033 0.697546 0.391651
vn 0.802373 0.532911 0.268707
vn 0.928835 0.352022 0.115522
vn 0.968442 0.246412 0.037442
vn 0.977715 0.209826 0.006772
vn 0.988897 0.147759 0.01582
vn 0.996239 0.061294 0.061243
vn 0.988468 -0.051257 0.142491
vn 0.94763 -0.19217 0.255085
vn 0.871047 -0.330521 0.363363
vn 0.779361 -0.444424 0.441683
vn 0.689658 -0.536372 0.486495
vn 0.604207 -0.61864 0.502214
vn 0.5088 -0.696786 0.50558
vn 0.414268 -0.761836 0.497983
vn 0.293273 -0.842292 0.452256
vn 0.193869 -0.896243 0.398953
vn 0.15662 -0.902915 0.400269
vn 0.180312 -0.889735 0.419357
vn 0.250412 -0.896226 0.366158
vn 0.384748 -0.90093 0.200734
vn 0.529358 -0.848355 0.00862
vn 0.528894 -0.846567 -0.059971
vn 0.48677 -0.869662 -0.082118
vn 0.650368 -0.717792 -0.248588
vn 0.758091 -0.489761 -0.430618
vn 0.635705 -0.566246 -0.524638
vn 0.191533 -0.833311 -0.518562
vn 0.228845 -0.887467 -0.400039
vn 0.623733 -0.732521 -0.272708
vn 0.476955 -0.856824 -0.195876
vn -0.060789 -0.994222 -0.088468
vn -0.509089 -0.860667 -0.008941
vn -0.661995 -0.749497 0.004106
vn -0.540077 -0.841552 -0.010295
vn -0.262411 -0.964666 -0.023682
vn -0.221381 -0.974832 -0.026305
vn -0.262654 -0.964689 -0.019706
vn -0.042309 -0.998875 0.0214
vn 0.153976 -0.980284 0.123834
vn 0.105986 -0.98693 0.121391
vn -0.265262 -0.964113 0.011082
vn -0.706082 -0.691341 -0.153286
vn -0.872267 -0.451455 -0.187989
vn -0.84751 -0.530163 -0.025584
vn -0.582997 -0.771173 0.255748
vn -0.326829 -0.859108 0.393849
vn -0.241397 -0.909339 0.338866
vn -0.269528 -0.925053 0.267641
vn -0.440719 -0.828293 0.345974
vn -0.615639 -0.703576 0.354921
vn -0.738494 -0.601238 0.305186
vn -0.824674 -0.499553 0.265254
vn -0.879115 -0.407321 0.247482
vn -0.909112 -0.334856 0.247765
vn -0.924805 -0.272443 0.26554
vn -0.929222 -0.219551 0.297227
vn -0.926351 -0.171532 0.335337
vn -0.922066 -0.1215 0.367467
vn -0.920696 -0.065519 0.384741
vn -0.921893 -0.001664 0.387442
vn -0.924165 0.067719 0.375943
vn -0.893624 0.225829 0.387862
vn -0.750072 0.505848 0.426041
vn -0.57131 0.693602 0.438773
vn -0.487491 0.738845 0.465253
vn -0.591088 0.622599 0.512821
vn -0.787707 0.425454 0.445541
vn -0.829998 0.459982 0.315468
vn -0.772411 0.583374 0.251109
vn -0.68736 0.666077 0.289618
vn -0.64031 0.66286 0.388098
vn -0.621546 0.608435 0.493445
vn -0.595736 0.569881 0.565981
vn -0.566566 0.571642 0.593488
vn -0.529149 0.596069 0.603907
vn -0.490876 0.619739 0.612343
vn -0.4521 0.64161 0.619631
vn -0.412819 0.661661 0.625928
vn -0.373057 0.679895 0.631325
vn -0.332857 0.696333 0.635866
vn -0.29226 0.710999 0.639581
vn -0.251301 0.723899 0.64251
vn -0.210003 0.735011 0.644715
vn -0.16839 0.744287 0.646283
vn -0.126491 0.751657 0.647311
vn -0.084354 0.757038 0.647902
vn -0.042041 0.760338 0.648166
vn 0.043892 0.78011 0.624101
vn 0.000354 0.781285 0.624174
vn 0.087336 0.7767 0.623786
vn 0.130599 0.77118 0.623077
vn 0.173619 0.763644 0.621856
vn 0.21634 0.754141 0.620055
vn 0.25871 0.742684 0.617648
vn 0.300669 0.729265 0.61463
vn 0.342164 0.713879 0.610983
vn 0.383149 0.696546 0.606647
vn 0.423602 0.677318 0.6015
vn 0.463525 0.656264 0.595367
vn 0.502928 0.633445 0.588057
vn 0.541804 0.608879 0.57941
vn 0.580097 0.582518 0.56935
vn 0.617685 0.554258 0.55791
vn 0.654378 0.523958 0.545213
vn 0.687898 0.507722 0.518666
vn 0.720693 0.519507 0.459036
vn 0.763598 0.501699 0.406469
vn 0.805162 0.429137 0.409335
vn 0.77631 0.46771 0.4226
vn 0.631839 0.690411 0.352295
vn 0.562817 0.792845 0.233737
vn 0.669408 0.734943 0.108406
vn 0.824554 0.56446 -0.038669
vn 0.900065 0.409778 -0.148207
vn 0.916364 0.3494 -0.195441
vn 0.925642 0.313387 -0.212074
vn 0.938068 0.303318 -0.167412
vn 0.986314 0.153872 -0.059231
vn 0.996218 0.05969 -0.063136
vn 0.997957 0.010746 -0.062974
vn 0.992399 -0.119013 0.031308
vn 0.955967 -0.261898 0.132429
vn 0.903207 -0.379123 0.201201
vn 0.845196 -0.478294 0.23849
vn 0.78484 -0.565499 0.253451
vn 0.703102 -0.673407 0.228408
vn 0.582828 -0.785022 0.209886
vn 0.383177 -0.883682 0.268851
vn 0.291878 -0.888933 0.352995
vn 0.240104 -0.874335 0.421768
vn 0.12896 -0.887455 0.442485
vn 0.064026 -0.913085 0.402712
vn 0.177256 -0.955791 0.234614
vn 0.424444 -0.904635 -0.038505
vn 0.476278 -0.867466 -0.143743
vn 0.452829 -0.874187 -0.175337
vn 0.579492 -0.73502 -0.352043
vn 0.59291 -0.608503 -0.527429
vn 0.313401 -0.747393 -0.585819
vn 0.363824 -0.792151 -0.49003
vn 0.67962 -0.649938 -0.340143
vn 0.566628 -0.780231 -0.264901
vn 0.040528 -0.984369 -0.171389
vn -0.488652 -0.869751 -0.068943
vn -0.677303 -0.734624 -0.039841
vn -0.567553 -0.820833 -0.064164
vn -0.27613 -0.95699 -0.089012
vn -0.220989 -0.970974 -0.091501
vn -0.217892 -0.972309 -0.084491
vn 0.06211 -0.997705 -0.026962
vn 0.225458 -0.973403 0.040687
vn 0.042907 -0.999012 0.011586
vn -0.427497 -0.894406 -0.131473
vn -0.769514 -0.597472 -0.225555
vn -0.762907 -0.634475 -0.12415
vn -0.521539 -0.828399 0.204332
vn -0.284795 -0.885779 0.366453
vn -0.287975 -0.867104 0.40645
vn -0.395366 -0.837474 0.377257
vn -0.475383 -0.857605 0.196278
vn -0.651084 -0.757966 0.0397
vn -0.833249 -0.55156 0.038438
vn -0.900526 -0.432542 0.044275
vn -0.935726 -0.350442 0.040081
vn -0.963511 -0.265564 0.033511
vn -0.986876 -0.161161 0.010121
vn -0.997197 -0.070301 -0.025607
vn -0.999519 -0.014638 -0.027322
vn -0.999513 0.031152 0.001896
vn -0.996523 0.078637 0.027531
vn -0.99037 0.131433 0.043509
vn -0.981338 0.187522 0.042555
vn -0.968352 0.2479 0.028973
vn -0.940966 0.337977 0.01886
vn -0.830421 0.551978 0.075638
vn -0.656406 0.738938 0.151994
vn -0.565034 0.793268 0.226853
vn -0.636485 0.68765 0.34932
vn -0.764463 0.46045 0.451201
vn -0.79477 0.386856 0.467635
vn -0.770906 0.441048 0.459544
vn -0.729974 0.498747 0.467321
vn -0.686406 0.521264 0.50708
vn -0.653204 0.530882 0.539897
vn -0.617734 0.555491 0.556629
vn -0.579913 0.583657 0.568371
vn -0.541543 0.610006 0.578466
vn -0.502614 0.634529 0.587156
vn -0.463106 0.657196 0.594665
vn -0.423026 0.677983 0.601156
vn -0.382405 0.696889 0.606722
vn -0.341293 0.713932 0.611408
vn -0.299738 0.729132 0.615243
vn -0.257781 0.742493 0.618267
vn -0.215451 0.753993 0.620545
vn -0.17278 0.763582 0.622165
vn -0.129804 0.771192 0.623228
vn -0.086575 0.776743 0.623839
vn -0.043161 0.780142 0.624112
vn 0.044905 0.798556 0.600243
vn 0.000338 0.799761 0.600319
vn 0.089374 0.795053 0.59992
vn 0.133653 0.789373 0.599189
vn 0.177674 0.781607 0.597932
vn 0.221377 0.771805 0.596078
vn 0.264703 0.759981 0.593601
vn 0.307588 0.746127 0.590494
vn 0.349971 0.730243 0.586742
vn 0.391802 0.712348 0.582281
vn 0.433052 0.692497 0.576986
vn 0.473715 0.67076 0.57068
vn 0.513793 0.647197 0.563163
vn 0.55327 0.62183 0.554274
vn 0.592084 0.59462 0.543933
vn 0.630108 0.565471 0.532171
vn 0.667154 0.534252 0.519114
vn 0.702995 0.500845 0.504928
vn 0.737404 0.465178 0.48974
vn 0.770191 0.427247 0.473568
vn 0.801217 0.387114 0.456282
vn 0.806309 0.42631 0.410032
vn 0.697644 0.670134 0.253404
vn 0.62256 0.778534 0.079396
vn 0.711852 0.699143 -0.066832
vn 0.813855 0.546429 -0.197626
vn 0.871078 0.419675 -0.255138
vn 0.886695 0.410435 -0.212873
vn 0.954254 0.298998 -0.000378
vn 0.948163 0.259952 0.182788
vn 0.954728 0.147928 0.258092
vn 0.951054 -0.110311 0.288665
vn 0.976113 -0.119228 0.181625
vn 0.994376 -0.08543 0.062588
vn 0.985953 -0.16578 0.020324
vn 0.96773 -0.251772 0.01051
vn 0.943106 -0.332243 0.012863
vn 0.912251 -0.409494 0.010574
vn 0.817923 -0.574527 0.030335
vn 0.76264 -0.646492 0.020686
vn 0.691016 -0.719294 0.071506
vn 0.561473 -0.807822 0.179362
vn 0.461599 -0.854247 0.239139
vn 0.289374 -0.910715 0.294722
vn 0.077154 -0.943016 0.323679
vn -0.05103 -0.956644 0.286755
vn 0.056172 -0.991886 0.114044
vn 0.38761 -0.906891 -0.165247
vn 0.420517 -0.878588 -0.226381
vn 0.383945 -0.885431 -0.261912
vn 0.426463 -0.819317 -0.383209
vn 0.348924 -0.798413 -0.490702
vn 0.450143 -0.765971 -0.458977
vn 0.723794 -0.583302 -0.36862
vn 0.641545 -0.696242 -0.321974
vn 0.156092 -0.954779 -0.253046
vn -0.459625 -0.877914 -0.134207
vn -0.690245 -0.718454 -0.085944
vn -0.598548 -0.793131 -0.112621
vn -0.291535 -0.944678 -0.150299
vn -0.219235 -0.963296 -0.15491
vn -0.170199 -0.974573 -0.145736
vn 0.142662 -0.986406 -0.081551
vn 0.263041 -0.963902 -0.041256
vn -0.029305 -0.994503 -0.100519
vn -0.578319 -0.776634 -0.249775
vn -0.722316 -0.623434 -0.299315
vn -0.541776 -0.831339 -0.123917
vn -0.322346 -0.941157 0.101573
vn -0.40283 -0.900909 0.161529
vn -0.547334 -0.829034 0.114581
vn -0.639377 -0.762224 0.101051
vn -0.700634 -0.705081 0.109422
vn -0.76866 -0.639631 0.005933
vn -0.870316 -0.488777 -0.060388
vn -0.910841 -0.410988 -0.038178
vn -0.92879 -0.370196 0.017427
vn -0.942409 -0.32359 0.084584
vn -0.953508 -0.258916 0.154225
vn -0.96432 -0.190454 0.183887
vn -0.982218 -0.122834 0.141987
vn -0.998642 0.030498 0.042232
vn -0.973938 0.201949 -0.103252
vn -0.947147 0.257128 -0.191827
vn -0.934226 0.302026 -0.189741
vn -0.917282 0.347509 -0.194504
vn -0.895415 0.398537 -0.198496
vn -0.835186 0.527525 -0.155508
vn -0.707207 0.705771 -0.041781
vn -0.639876 0.763357 0.088571
vn -0.717592 0.646905 0.258021
vn -0.803689 0.44067 0.399868
vn -0.805773 0.390897 0.444893
vn -0.773996 0.430183 0.46462
vn -0.740011 0.467621 0.48344
vn -0.704444 0.502734 0.501016
vn -0.66773 0.535694 0.516884
vn -0.630168 0.566655 0.53084
vn -0.591917 0.595718 0.542913
vn -0.553028 0.622919 0.553292
vn -0.513499 0.648244 0.562226
vn -0.47332 0.67166 0.569948
vn -0.432505 0.693141 0.576624
vn -0.391093 0.712681 0.58235
vn -0.349139 0.730295 0.587172
vn -0.306696 0.746 0.591119
vn -0.263812 0.759797 0.594232
vn -0.220525 0.771662 0.596579
vn -0.17687 0.781548 0.598248
vn -0.132891 0.789385 0.599343
vn -0.088644 0.795094 0.599973
vn -0.044205 0.798586 0.600255
vn 0.045847 0.815731 0.576612
vn 0.000322 0.816963 0.57669
vn 0.09127 0.81214 0.576279
vn 0.136494 0.80631 0.575529
vn 0.181447 0.798329 0.574237
vn 0.226064 0.788246 0.572332
vn 0.270278 0.776075 0.569787
vn 0.314022 0.761813 0.566596
vn 0.357229 0.745459 0.562741
vn 0.399843 0.727037 0.558159
vn 0.441831 0.7066 0.552722
vn 0.483176 0.68422 0.546245
vn 0.523874 0.659959 0.538526
vn 0.563901 0.633843 0.529395
vn 0.60319 0.605837 0.518771
vn 0.641611 0.575856 0.506681
vn 0.678975 0.54378 0.493251
vn 0.715058 0.5095 0.478646
vn 0.749635 0.472954 0.462991
vn 0.782519 0.434145 0.446299
vn 0.813566 0.393139 0.428429
vn 0.839605 0.362766 0.404308
vn 0.806012 0.525058 0.273237
vn 0.721806 0.69056 0.046075
vn 0.777888 0.619718 -0.104115
vn 0.860627 0.475589 -0.182034
vn 0.912752 0.387327 -0.129851
vn 0.900017 0.435002 0.027259
vn 0.859677 0.472885 0.193226
vn 0.881607 0.275178 0.383466
vn 0.916957 0.060047 0.394442
vn 0.926974 -0.165761 0.336516
vn 0.905701 -0.268902 0.327716
vn 0.921233 -0.280446 0.269593
vn 0.931821 -0.319994 0.171212
vn 0.934123 -0.347011 0.083657
vn 0.929994 -0.367338 0.01321
vn 0.918807 -0.391396 -0.051011
vn 0.90186 -0.414869 -0.120551
vn 0.832181 -0.539422 -0.128446
vn 0.814084 -0.551595 -0.181688
vn 0.792932 -0.549387 -0.263503
vn 0.749237 -0.598152 -0.284356
vn 0.622325 -0.745964 -0.237169
vn 0.332444 -0.934097 -0.130167
vn 0.022972 -0.999338 -0.028227
vn -0.108235 -0.994065 -0.010943
vn 0.162783 -0.972953 -0.1639
vn 0.400282 -0.87078 -0.285512
vn 0.362571 -0.879673 -0.307761
vn 0.311679 -0.893848 -0.322323
vn 0.285541 -0.884769 -0.368306
vn 0.420203 -0.814757 -0.3995
vn 0.71587 -0.571909 -0.400563
vn 0.681964 -0.614519 -0.396601
vn 0.273768 -0.885234 -0.376049
vn -0.419216 -0.880665 -0.220652
vn -0.700178 -0.701533 -0.132675
vn -0.630198 -0.760203 -0.157931
vn -0.310483 -0.926895 -0.210871
vn -0.21659 -0.951668 -0.217755
vn -0.118378 -0.970683 -0.209194
vn 0.215469 -0.96647 -0.139671
vn 0.279447 -0.954131 -0.107438
vn -0.120309 -0.97294 -0.197267
vn -0.698281 -0.633165 -0.333926
vn -0.663002 -0.583737 -0.4687
vn -0.444946 -0.788451 -0.424698
vn -0.434887 -0.79791 -0.417389
vn -0.677077 -0.596187 -0.431427
vn -0.76362 -0.490872 -0.419438
vn -0.796563 -0.458797 -0.39369
vn -0.830229 -0.433088 -0.350932
vn -0.863789 -0.394455 -0.313487
vn -0.893105 -0.356693 -0.274104
vn -0.919102 -0.32348 -0.224971
vn -0.938874 -0.297312 -0.173552
vn -0.952879 -0.287188 -0.097697
vn -0.956322 -0.291218 0.025297
vn -0.934407 -0.295447 0.198983
vn -0.890888 -0.286791 0.352235
vn -0.883166 -0.164852 0.439138
vn -0.918482 0.119409 0.377004
vn -0.942823 0.330077 0.046188
vn -0.908564 0.34924 -0.229223
vn -0.883905 0.378932 -0.274085
vn -0.87092 0.412688 -0.266809
vn -0.845711 0.478783 -0.23567
vn -0.779844 0.614585 -0.118867
vn -0.750224 0.65774 0.067388
vn -0.804631 0.526802 0.273951
vn -0.841709 0.385405 0.378139
vn -0.818028 0.396177 0.416983
vn -0.786172 0.436952 0.437043
vn -0.752148 0.475288 0.456481
vn -0.716463 0.511304 0.474604
vn -0.679542 0.545158 0.490943
vn -0.64168 0.576992 0.505299
vn -0.603039 0.606893 0.517711
vn -0.563677 0.634892 0.528375
vn -0.523599 0.66097 0.537553
vn -0.482803 0.685089 0.545485
vn -0.441312 0.707222 0.552342
vn -0.399169 0.727359 0.558224
vn -0.356434 0.74551 0.563177
vn -0.313169 0.76169 0.567233
vn -0.269426 0.775898 0.570432
vn -0.225248 0.788108 0.572843
vn -0.180678 0.798272 0.574559
vn -0.135765 0.806321 0.575685
vn -0.090573 0.81218 0.576334
vn -0.045179 0.81576 0.576624
vn 0.046723 0.831726 0.553216
vn 0.000306 0.832985 0.553296
vn 0.093034 0.828054 0.552875
vn 0.139139 0.822083 0.552104
vn 0.18496 0.8139 0.550779
vn 0.230426 0.803552 0.548824
vn 0.275466 0.791057 0.546212
vn 0.320008 0.776411 0.542937
vn 0.36398 0.759617 0.538982
vn 0.407321 0.740699 0.534279
vn 0.44999 0.719713 0.528698
vn 0.491967 0.69673 0.52205
vn 0.533236 0.671815 0.514124
vn 0.57377 0.644996 0.504746
vn 0.613494 0.616246 0.493829
vn 0.652276 0.585486 0.481396
vn 0.689927 0.552609 0.467572
vn 0.726226 0.517515 0.452521
vn 0.760949 0.480148 0.436365
vn 0.793907 0.44052 0.419112
vn 0.824956 0.398699 0.400608
vn 0.853981 0.354798 0.380573
vn 0.874423 0.346221 0.339877
vn 0.868206 0.457573 0.191949
vn 0.889827 0.453427 0.051102
vn 0.944977 0.324873 0.038425
vn 0.916154 0.392338 0.082051
vn 0.867397 0.464608 0.178219
vn 0.851527 0.495863 0.170359
vn 0.921892 0.383929 0.052101
vn 0.983507 0.156354 -0.090926
vn 0.98736 -0.021291 -0.157055
vn 0.983599 -0.093997 -0.153942
vn 0.979395 -0.157715 -0.12614
vn 0.968664 -0.226226 -0.102523
vn 0.953314 -0.2835 -0.104019
vn 0.937675 -0.313854 -0.1492
vn 0.917871 -0.324041 -0.229152
vn 0.889907 -0.31611 -0.328847
vn 0.867779 -0.296894 -0.398513
vn 0.826338 -0.394092 -0.402314
vn 0.782142 -0.46319 -0.416783
vn 0.754974 -0.458216 -0.469098
vn 0.683499 -0.504569 -0.527484
vn 0.502428 -0.662009 -0.556156
vn 0.214852 -0.847511 -0.48535
vn 0.001743 -0.934845 -0.355051
vn 0.097439 -0.948514 -0.301375
vn 0.367723 -0.863022 -0.346371
vn 0.353987 -0.858491 -0.371061
vn 0.30392 -0.871104 -0.38576
vn 0.253941 -0.882455 -0.395964
vn 0.319147 -0.850223 -0.418648
vn 0.643911 -0.612653 -0.458295
vn 0.680705 -0.557037 -0.475764
vn 0.350356 -0.776047 -0.524406
vn -0.351839 -0.848484 -0.395328
vn -0.699598 -0.679024 -0.222463
vn -0.658873 -0.722448 -0.209656
vn -0.334219 -0.903277 -0.26905
vn -0.213066 -0.936139 -0.279727
vn -0.074129 -0.959244 -0.272683
vn 0.274693 -0.938897 -0.207402
vn 0.298167 -0.93261 -0.20331
vn -0.200984 -0.921105 -0.333423
vn -0.771603 -0.488421 -0.40752
vn -0.705147 -0.543002 -0.455978
vn -0.426947 -0.805916 -0.410142
vn -0.4736 -0.755075 -0.453394
vn -0.649358 -0.609891 -0.454276
vn -0.733734 -0.540984 -0.41106
vn -0.767453 -0.514423 -0.382603
vn -0.805634 -0.468574 -0.362482
vn -0.851745 -0.399458 -0.339063
vn -0.883302 -0.328199 -0.334757
vn -0.90409 -0.249163 -0.347186
vn -0.915912 -0.114933 -0.384573
vn -0.903082 -0.074 -0.423045
vn -0.928474 -0.076632 -0.363405
vn -0.961161 -0.093454 -0.259683
vn -0.987994 -0.125527 -0.090066
vn -0.981643 -0.128076 0.141327
vn -0.911982 0.048104 0.4074
vn -0.81154 0.300176 0.501296
vn -0.867453 0.414746 0.274793
vn -0.92141 0.384788 -0.054242
vn -0.92416 0.353761 -0.144156
vn -0.916402 0.386271 -0.104891
vn -0.891363 0.452985 -0.016636
vn -0.870075 0.470322 0.147539
vn -0.869488 0.389502 0.303775
vn -0.858201 0.358135 0.367737
vn -0.829219 0.401604 0.38873
vn -0.79741 0.443202 0.409523
vn -0.763368 0.482377 0.429631
vn -0.727587 0.519237 0.448342
vn -0.690484 0.553926 0.465185
vn -0.652353 0.586575 0.479965
vn -0.613357 0.61726 0.49273
vn -0.573562 0.646006 0.50369
vn -0.532979 0.672788 0.513118
vn -0.491616 0.697567 0.521262
vn -0.449499 0.720311 0.528302
vn -0.406679 0.741008 0.53434
vn -0.363222 0.759665 0.539424
vn -0.319194 0.776292 0.543586
vn -0.274651 0.790886 0.54687
vn -0.229646 0.803419 0.549345
vn -0.184224 0.813844 0.551107
vn -0.138443 0.822094 0.552264
vn -0.092369 0.828092 0.55293
vn -0.046087 0.831754 0.553228
vn 0.047539 0.846633 0.53005
vn 0.000291 0.847915 0.530131
vn 0.094678 0.842885 0.529699
vn 0.141603 0.836782 0.528908
vn 0.188232 0.828409 0.527548
vn 0.234489 0.817814 0.525543
vn 0.280298 0.805013 0.522864
vn 0.325582 0.790007 0.519504
vn 0.370265 0.7728 0.515446
vn 0.414281 0.753418 0.51062
vn 0.457583 0.731917 0.504892
vn 0.500144 0.708369 0.498066
vn 0.541942 0.682841 0.489926
vn 0.582942 0.655363 0.480289
vn 0.623065 0.625916 0.469062
vn 0.662176 0.594428 0.456265
vn 0.700087 0.560801 0.442019
vn 0.736575 0.524944 0.426487
vn 0.771419 0.486809 0.409791
vn 0.80443 0.446412 0.39193
vn 0.835456 0.403826 0.372743
vn 0.864375 0.359168 0.35193
vn 0.891042 0.312569 0.329156
vn 0.913783 0.288393 0.28606
vn 0.936012 0.268578 0.227481
vn 0.954377 0.211951 0.210335
vn 0.935142 0.308649 0.173913
vn 0.869979 0.49167 0.037383
vn 0.839736 0.525978 -0.134873
vn 0.874681 0.38705 -0.291763
vn 0.891143 0.200098 -0.407216
vn 0.890819 0.079364 -0.447373
vn 0.892533 0.044675 -0.448764
vn 0.899415 0.008542 -0.437011
vn 0.903945 -0.033696 -0.42632
vn 0.90948 -0.065178 -0.410606
vn 0.916979 -0.150231 -0.369568
vn 0.90397 -0.290261 -0.313985
vn 0.855084 -0.448597 -0.259985
vn 0.840298 -0.474266 -0.262624
vn 0.836676 -0.466872 -0.286362
vn 0.76097 -0.588554 -0.273
vn 0.672319 -0.689592 -0.269165
vn 0.590289 -0.747037 -0.305769
vn 0.432979 -0.841228 -0.323828
vn 0.215223 -0.931898 -0.291967
vn 0.053561 -0.965597 -0.254468
vn 0.09225 -0.954887 -0.282276
vn 0.344295 -0.848647 -0.401572
vn 0.343809 -0.83343 -0.432653
vn 0.294776 -0.84436 -0.447396
vn 0.246073 -0.854418 -0.457622
vn 0.233329 -0.84945 -0.473277
vn 0.50498 -0.683185 -0.527497
vn 0.632703 -0.530322 -0.564309
vn 0.365934 -0.667703 -0.648279
vn -0.26862 -0.768932 -0.580162
vn -0.668698 -0.649742 -0.361494
vn -0.661305 -0.69013 -0.293931
vn -0.351218 -0.875588 -0.331651
vn -0.20868 -0.916777 -0.340547
vn -0.052259 -0.936759 -0.34605
vn 0.309502 -0.896634 -0.316632
vn 0.314003 -0.874751 -0.369071
vn -0.21991 -0.802973 -0.553962
vn -0.725202 -0.503239 -0.469928
vn -0.679814 -0.667324 -0.304191
vn -0.279022 -0.927071 -0.25037
vn -0.420002 -0.878279 -0.228524
vn -0.5581 -0.797453 -0.229331
vn -0.637315 -0.745477 -0.195177
vn -0.688221 -0.709519 -0.15144
vn -0.740417 -0.661362 -0.119926
vn -0.795442 -0.600029 -0.085072
vn -0.839597 -0.542258 -0.032139
vn -0.875998 -0.48181 0.022059
vn -0.947003 -0.317441 0.049167
vn -0.978547 -0.107354 -0.175841
vn -0.89703 -0.000174 -0.441969
vn -0.872737 0.045158 -0.486097
vn -0.902405 0.041439 -0.428892
vn -0.948468 0.031857 -0.315267
vn -0.982391 0.151821 -0.108893
vn -0.912734 0.379975 0.15012
vn -0.808823 0.482148 0.336658
vn -0.848721 0.419089 0.322548
vn -0.942389 0.282104 0.179779
vn -0.960804 0.234784 0.147419
vn -0.942908 0.272854 0.190986
vn -0.913974 0.308162 0.263982
vn -0.893377 0.32098 0.314403
vn -0.868461 0.36181 0.338924
vn -0.839517 0.4066 0.360399
vn -0.807783 0.448972 0.381983
vn -0.773746 0.488934 0.402815
vn -0.737893 0.526586 0.422163
vn -0.700633 0.562059 0.439549
vn -0.66226 0.59547 0.454783
vn -0.622941 0.62689 0.467924
vn -0.582748 0.656335 0.479197
vn -0.541701 0.683777 0.488886
vn -0.499813 0.709174 0.497252
vn -0.457117 0.732491 0.50448
vn -0.413671 0.753714 0.510677
vn -0.369543 0.772845 0.515895
vn -0.324805 0.789892 0.520166
vn -0.27952 0.804847 0.523535
vn -0.233744 0.817685 0.526075
vn -0.18753 0.828355 0.527883
vn -0.14094 0.836791 0.529071
vn -0.094045 0.842921 0.529755
vn -0.046935 0.846659 0.530062
vn 0.048299 0.860538 0.507091
vn 0.000275 0.861843 0.507175
vn 0.09621 0.856719 0.506731
vn 0.1439 0.850493 0.505919
vn 0.191283 0.841942 0.504524
vn 0.238277 0.831115 0.502467
vn 0.284803 0.818028 0.499717
vn 0.330778 0.802684 0.49627
vn 0.376123 0.785089 0.492104
vn 0.420766 0.765272 0.48715
vn 0.464656 0.743287 0.481268
vn 0.507759 0.71921 0.474255
vn 0.550047 0.693107 0.465888
vn 0.591477 0.665012 0.455976
vn 0.631966 0.634911 0.444418
vn 0.671376 0.602739 0.431229
vn 0.709518 0.568408 0.416529
vn 0.746169 0.531834 0.40048
vn 0.78111 0.492976 0.3832
vn 0.814145 0.451854 0.364686
vn 0.84512 0.408546 0.344765
vn 0.873897 0.363173 0.323123
vn 0.900321 0.315873 0.29941
vn 0.924163 0.266789 0.273398
vn 0.945095 0.216069 0.245174
vn 0.960747 0.183265 0.208279
vn 0.965281 0.22624 0.130571
vn 0.922456 0.381845 -0.057168
vn 0.866649 0.432169 -0.2493
vn 0.866961 0.323154 -0.379407
vn 0.87759 0.161088 -0.451537
vn 0.873939 0.083261 -0.478851
vn 0.872777 0.074766 -0.48236
vn 0.88873 0.054019 -0.455237
vn 0.919076 -0.019824 -0.393581
vn 0.934905 -0.084557 -0.344678
vn 0.933629 -0.091647 -0.346319
vn 0.925953 -0.140108 -0.350685
vn 0.90486 -0.255701 -0.340362
vn 0.854681 -0.402263 -0.328185
vn 0.822382 -0.413457 -0.390821
vn 0.776813 -0.41301 -0.475378
vn 0.720773 -0.458908 -0.51951
vn 0.645995 -0.560693 -0.517989
vn 0.525904 -0.713906 -0.462345
vn 0.312547 -0.891825 -0.327053
vn 0.055503 -0.983411 -0.172692
vn -0.069648 -0.988003 -0.137836
vn 0.099822 -0.943958 -0.314609
vn 0.306018 -0.821023 -0.481949
vn 0.284294 -0.813742 -0.506952
vn 0.23708 -0.822416 -0.517131
vn 0.190354 -0.832233 -0.520725
vn 0.302232 -0.760658 -0.574505
vn 0.490601 -0.551979 -0.674262
vn 0.285715 -0.549444 -0.785162
vn -0.220185 -0.604419 -0.765635
vn -0.586318 -0.589657 -0.55546
vn -0.61606 -0.671895 -0.411129
vn -0.346747 -0.849828 -0.396938
vn -0.203453 -0.893668 -0.399956
vn -0.089251 -0.900004 -0.426646
vn 0.26274 -0.837819 -0.478567
vn 0.303035 -0.744434 -0.594969
vn -0.111528 -0.648268 -0.7532
vn -0.410006 -0.582493 -0.701852
vn -0.497971 -0.712851 -0.49383
vn -0.390068 -0.769575 -0.50557
vn -0.579547 -0.556811 -0.595052
vn -0.670627 -0.418868 -0.612216
vn -0.719175 -0.347595 -0.601635
vn -0.750556 -0.314452 -0.581194
vn -0.779684 -0.303029 -0.547966
vn -0.810619 -0.300988 -0.502298
vn -0.845343 -0.301623 -0.44093
vn -0.884268 -0.303186 -0.355173
vn -0.943386 -0.261645 -0.203873
vn -0.993453 -0.097929 0.058831
vn -0.998868 0.007984 -0.046885
vn -0.923442 0.081589 -0.374965
vn -0.850553 0.111903 -0.513846
vn -0.836693 0.157562 -0.524519
vn -0.845787 0.250661 -0.47097
vn -0.848406 0.424367 -0.316417
vn -0.839857 0.531075 -0.112249
vn -0.863843 0.493106 0.103063
vn -0.923475 0.306635 0.230582
vn -0.952962 0.182318 0.242125
vn -0.943723 0.216617 0.249926
vn -0.92529 0.268118 0.268236
vn -0.90327 0.317918 0.288151
vn -0.877745 0.36569 0.309571
vn -0.848971 0.411189 0.331922
vn -0.817345 0.454292 0.354353
vn -0.783343 0.494999 0.375964
vn -0.747443 0.533398 0.395999
vn -0.710053 0.569608 0.413971
vn -0.671465 0.603736 0.429694
vn -0.631854 0.635846 0.443239
vn -0.591296 0.665946 0.454846
vn -0.54982 0.694007 0.464814
vn -0.507447 0.719984 0.473414
vn -0.464216 0.743839 0.480841
vn -0.420187 0.765555 0.487205
vn -0.375436 0.785131 0.492562
vn -0.330038 0.802571 0.496945
vn -0.284061 0.817867 0.500403
vn -0.237567 0.830989 0.50301
vn -0.190614 0.841889 0.504866
vn -0.143269 0.850501 0.506085
vn -0.095608 0.856753 0.506788
vn -0.047726 0.860563 0.507103
vn 0.049008 0.873523 0.484309
vn 0.00026 0.874849 0.484395
vn 0.09764 0.869638 0.483939
vn 0.146045 0.863296 0.483106
vn 0.194131 0.854578 0.481673
vn 0.241813 0.843533 0.479561
vn 0.289007 0.830178 0.476738
vn 0.335627 0.814517 0.473198
vn 0.381588 0.796558 0.468919
vn 0.426816 0.776332 0.463829
vn 0.471253 0.753894 0.457782
vn 0.514859 0.729319 0.450571
vn 0.5576 0.702675 0.441961
vn 0.599427 0.674 0.431754
vn 0.640251 0.643283 0.41984
vn 0.67993 0.610468 0.406231
vn 0.718274 0.575472 0.391042
vn 0.755061 0.53822 0.374436
vn 0.790067 0.498678 0.356531
vn 0.823096 0.456869 0.337318
vn 0.853982 0.412878 0.316618
vn 0.882577 0.366826 0.294104
vn 0.908706 0.318861 0.269408
vn 0.932124 0.269137 0.242301
vn 0.952491 0.217816 0.212877
vn 0.969399 0.165072 0.181706
vn 0.982163 0.129302 0.136517
vn 0.988632 0.142414 0.048227
vn 0.983688 0.164477 -0.072836
vn 0.974173 0.131838 -0.18332
vn 0.97513 0.014096 -0.221186
vn 0.971187 -0.047191 -0.233598
vn 0.962506 -0.029979 -0.269599
vn 0.947238 0.03457 -0.31866
vn 0.934847 0.053345 -0.351021
vn 0.931362 -0.027351 -0.363065
vn 0.909499 -0.088215 -0.406239
vn 0.869118 -0.072982 -0.489191
vn 0.823128 -0.032989 -0.566896
vn 0.780608 -0.019722 -0.624709
vn 0.743861 -0.031512 -0.667591
vn 0.710236 -0.060392 -0.701368
vn 0.673491 -0.101839 -0.732146
vn 0.630384 -0.155367 -0.760576
vn 0.578589 -0.236308 -0.780636
vn 0.500802 -0.369842 -0.782569
vn 0.334914 -0.596405 -0.729474
vn 0.096361 -0.812201 -0.575364
vn 0.005867 -0.889305 -0.457278
vn 0.190727 -0.836208 -0.514178
vn 0.269489 -0.781115 -0.563236
vn 0.227007 -0.786601 -0.574218
vn 0.182197 -0.795601 -0.577774
vn 0.153019 -0.801437 -0.578172
vn 0.261226 -0.686085 -0.679006
vn 0.170348 -0.557203 -0.812716
vn -0.180482 -0.525998 -0.831115
vn -0.430765 -0.548822 -0.716405
vn -0.462497 -0.67896 -0.570184
vn -0.287556 -0.831114 -0.475985
vn -0.19741 -0.866909 -0.457711
vn -0.181598 -0.857474 -0.481415
vn 0.045049 -0.811117 -0.583146
vn 0.164991 -0.682684 -0.711843
vn 0.003446 -0.576201 -0.817301
vn -0.199021 -0.543212 -0.815667
vn -0.305605 -0.511623 -0.803024
vn -0.488696 -0.337173 -0.804668
vn -0.589552 -0.189632 -0.785155
vn -0.637917 -0.123777 -0.760093
vn -0.673518 -0.084905 -0.734278
vn -0.693161 -0.060601 -0.718231
vn -0.704025 -0.04641 -0.708657
vn -0.71303 -0.033988 -0.700309
vn -0.723476 -0.018936 -0.69009
vn -0.736666 0.002183 -0.676253
vn -0.761035 0.039484 -0.647509
vn -0.832187 0.120517 -0.54124
vn -0.941522 0.169316 -0.291321
vn -0.98908 0.065992 -0.131781
vn -0.966258 0.013441 -0.257224
vn -0.90968 0.100277 -0.403021
vn -0.855059 0.218627 -0.470188
vn -0.833678 0.34995 -0.427218
vn -0.857768 0.424049 -0.290545
vn -0.918531 0.384727 -0.091026
vn -0.958176 0.265275 0.107367
vn -0.963425 0.18683 0.192111
vn -0.951255 0.218351 0.217799
vn -0.933147 0.270404 0.236893
vn -0.911427 0.320802 0.257656
vn -0.886168 0.369213 0.279977
vn -0.857611 0.415385 0.303248
vn -0.826135 0.459184 0.326575
vn -0.792204 0.5006 0.349015
vn -0.756289 0.539707 0.369787
vn -0.718797 0.576615 0.388389
vn -0.680023 0.611421 0.404638
vn -0.640149 0.64418 0.418619
vn -0.599258 0.674897 0.430585
vn -0.557388 0.70354 0.440851
vn -0.514565 0.730062 0.449702
vn -0.470836 0.754423 0.45734
vn -0.426266 0.776602 0.463882
vn -0.380935 0.796596 0.469386
vn -0.334922 0.814406 0.473889
vn -0.2883 0.830021 0.47744
vn -0.241136 0.84341 0.480117
vn -0.193494 0.854526 0.482023
vn -0.145444 0.863302 0.483275
vn -0.097069 0.869669 0.483997
vn -0.048465 0.873547 0.484321
vn 0.04967 0.885662 0.461666
vn 0.000245 0.887008 0.461755
vn 0.098976 0.881714 0.461285
vn 0.148049 0.875264 0.460429
vn 0.196792 0.86639 0.458957
vn 0.245117 0.85514 0.456786
vn 0.292936 0.841533 0.453885
vn 0.340157 0.825574 0.450246
vn 0.386693 0.807273 0.445846
vn 0.432466 0.786661 0.440611
vn 0.477411 0.763797 0.434388
vn 0.521484 0.738753 0.426964
vn 0.564644 0.7116 0.418093
vn 0.606835 0.682377 0.407569
vn 0.647963 0.651079 0.395273
vn 0.687882 0.617654 0.381212
vn 0.726398 0.582027 0.365499
vn 0.763289 0.544131 0.348298
vn 0.798327 0.503938 0.329728
vn 0.831311 0.461475 0.309778
vn 0.862066 0.416831 0.28826
vn 0.890428 0.370134 0.264837
vn 0.916205 0.321536 0.23913
vn 0.93913 0.271207 0.210905
vn 0.958853 0.219326 0.180269
vn 0.974967 0.166089 0.14783
vn 0.987097 0.111707 0.114717
vn 0.994998 0.056412 0.082445
vn 0.998838 0.007633 0.047588
vn 0.999091 -0.041049 0.011514
vn 0.993949 -0.109645 -0.006598
vn 0.987381 -0.156238 -0.025866
vn 0.982682 -0.172895 -0.066652
vn 0.976238 -0.13907 -0.166189
vn 0.943144 -0.090615 -0.319796
vn 0.886435 -0.05743 -0.459277
vn 0.840854 -0.051526 -0.538804
vn 0.816769 -0.048435 -0.574929
vn 0.800367 -0.060376 -0.596462
vn 0.781243 -0.098347 -0.616431
vn 0.755418 -0.151147 -0.637572
vn 0.721702 -0.201169 -0.662327
vn 0.677348 -0.245917 -0.693343
vn 0.626756 -0.27425 -0.729359
vn 0.576795 -0.288146 -0.764381
vn 0.519087 -0.317099 -0.793724
vn 0.43823 -0.391112 -0.809312
vn 0.322774 -0.532657 -0.782364
vn 0.212756 -0.687907 -0.693916
vn 0.209041 -0.754994 -0.621519
vn 0.256643 -0.742162 -0.619136
vn 0.215906 -0.74714 -0.628622
vn 0.173213 -0.755266 -0.632116
vn 0.130974 -0.767243 -0.627841
vn 0.10877 -0.768394 -0.630667
vn 0.084656 -0.705399 -0.703737
vn -0.090296 -0.652313 -0.752552
vn -0.233623 -0.665693 -0.708712
vn -0.245659 -0.748431 -0.616038
vn -0.191642 -0.821748 -0.536659
vn -0.190577 -0.836612 -0.513577
vn -0.235334 -0.820847 -0.520411
vn -0.203559 -0.793361 -0.573709
vn -0.096582 -0.727663 -0.679101
vn -0.126543 -0.650381 -0.748994
vn -0.226664 -0.585284 -0.778502
vn -0.32976 -0.479183 -0.813414
vn -0.48845 -0.352118 -0.798392
vn -0.578098 -0.307603 -0.755767
vn -0.628355 -0.295924 -0.719443
vn -0.674659 -0.27926 -0.683264
vn -0.715067 -0.261449 -0.648323
vn -0.742275 -0.245957 -0.623325
vn -0.765163 -0.222532 -0.604156
vn -0.78499 -0.190584 -0.589464
vn -0.801303 -0.146752 -0.57998
vn -0.814036 -0.087095 -0.574247
vn -0.834409 -0.007551 -0.551094
vn -0.891298 0.051934 -0.450433
vn -0.965907 0.005176 -0.258839
vn -0.991069 -0.1069 -0.079716
vn -0.99092 -0.116124 -0.067775
vn -0.99054 -0.005227 -0.137123
vn -0.977878 0.11302 -0.176015
vn -0.976632 0.183342 -0.112138
vn -0.984858 0.173217 0.00714
vn -0.981554 0.155253 0.11157
vn -0.971619 0.171577 0.162845
vn -0.957762 0.219851 0.185357
vn -0.940036 0.272412 0.205243
vn -0.918675 0.323368 0.226869
vn -0.893741 0.372384 0.250114
vn -0.865455 0.419197 0.274338
vn -0.834179 0.463663 0.2986
vn -0.800362 0.505757 0.321916
vn -0.764469 0.545542 0.343469
vn -0.726907 0.583115 0.362745
vn -0.687978 0.618564 0.379559
vn -0.64787 0.651938 0.394006
vn -0.606677 0.683239 0.406359
vn -0.564444 0.712431 0.416946
vn -0.521207 0.739467 0.426066
vn -0.477017 0.764303 0.43393
vn -0.431944 0.786919 0.440662
vn -0.386072 0.807307 0.446323
vn -0.339486 0.825464 0.450953
vn -0.292262 0.841379 0.454604
vn -0.244473 0.85502 0.457356
vn -0.196187 0.866338 0.459315
vn -0.147479 0.875269 0.460602
vn -0.098435 0.881743 0.461345
vn -0.049157 0.885684 0.461678
vn 0.042252 0.865859 -0.498501
vn 0.000824 0.866932 -0.498426
vn 0.078229 0.863202 -0.498761
vn 0.109543 0.859502 -0.499256
vn 0.137869 0.854977 -0.500007
vn 0.164796 0.849588 -0.501042
vn 0.191342 0.843205 -0.502388
vn 0.217521 0.835839 -0.504041
vn 0.242267 0.827852 -0.505933
vn 0.263847 0.820003 -0.507917
vn 0.280658 0.813226 -0.509798
vn 0.29208 0.808187 -0.511393
vn 0.299014 0.804847 -0.512651
vn 0.303796 0.80233 -0.513784
vn 0.309422 0.799202 -0.5153
vn 0.318414 0.794006 -0.517848
vn 0.331835 0.785813 -0.521905
vn 0.34889 0.77462 -0.527485
vn 0.367251 0.761523 -0.53405
vn 0.383994 0.748485 -0.540665
vn 0.396854 0.73755 -0.546376
vn 0.405297 0.729707 -0.550692
vn 0.410921 0.724004 -0.554041
vn 0.416937 0.717497 -0.557998
vn 0.426965 0.705972 -0.56507
vn 0.443758 0.684756 -0.57809
vn 0.468283 0.649185 -0.599391
vn 0.499169 0.595034 -0.629893
vn 0.539309 0.50114 -0.676761
vn 0.56041 0.379859 -0.735967
vn 0.541168 0.284431 -0.791351
vn 0.524017 0.213996 -0.824386
vn 0.51633 0.177804 -0.837728
vn 0.502856 0.197518 -0.8415
vn 0.488785 0.254708 -0.834394
vn 0.485559 0.325436 -0.811372
vn 0.497143 0.386412 -0.776875
vn 0.516433 0.431316 -0.739772
vn 0.534819 0.451982 -0.71392
vn 0.547818 0.448066 -0.706493
vn 0.551367 0.423626 -0.718704
vn 0.540972 0.38434 -0.748085
vn 0.513765 0.336255 -0.789289
vn 0.470827 0.28073 -0.836369
vn 0.42444 0.235754 -0.874226
vn 0.384633 0.208582 -0.899195
vn 0.355734 0.188585 -0.915363
vn 0.338593 0.163712 -0.926582
vn 0.325688 0.126259 -0.937009
vn 0.305476 0.081246 -0.948727
vn 0.268742 0.053275 -0.961738
vn 0.15199 0.014151 -0.988281
vn -0.017879 -0.027715 -0.999456
vn -0.202283 -0.059136 -0.97754
vn -0.349463 -0.072619 -0.934132
vn -0.425446 -0.062846 -0.902799
vn -0.44549 -0.04234 -0.894285
vn -0.421335 -0.040256 -0.906011
vn -0.319386 -0.06739 -0.945225
vn -0.135999 -0.109568 -0.984632
vn 0.048903 -0.152022 -0.987167
vn 0.188863 -0.189514 -0.963543
vn 0.257446 -0.212878 -0.942552
vn 0.264463 -0.208282 -0.941636
vn 0.192492 -0.160653 -0.968059
vn 0.05226 -0.062491 -0.996676
vn -0.162399 0.077745 -0.983658
vn -0.341897 0.19866 -0.918499
vn -0.448534 0.279319 -0.848998
vn -0.497346 0.327276 -0.803453
vn -0.513447 0.354227 -0.781598
vn -0.515825 0.363699 -0.77566
vn -0.50855 0.35711 -0.783486
vn -0.499282 0.346618 -0.794087
vn -0.492452 0.341801 -0.800414
vn -0.489255 0.350148 -0.798765
vn -0.487672 0.374013 -0.788854
vn -0.484366 0.40939 -0.773168
vn -0.485953 0.448898 -0.749893
vn -0.495436 0.475762 -0.72677
vn -0.509743 0.48362 -0.711529
vn -0.534464 0.483961 -0.692914
vn -0.563006 0.492782 -0.663468
vn -0.571882 0.48197 -0.66382
vn -0.578497 0.465174 -0.670041
vn -0.589886 0.450548 -0.670105
vn -0.591275 0.454048 -0.66651
vn -0.576985 0.486957 -0.655714
vn -0.548738 0.540423 -0.637832
vn -0.508483 0.603153 -0.614534
vn -0.461416 0.6636 -0.588838
vn -0.414457 0.713948 -0.564361
vn -0.373808 0.751157 -0.544088
vn -0.343451 0.775621 -0.529578
vn -0.324752 0.789449 -0.52087
vn -0.316581 0.795413 -0.516812
vn -0.315728 0.796535 -0.515604
vn -0.317766 0.795828 -0.515445
vn -0.318371 0.79583 -0.515067
vn -0.314603 0.798054 -0.51394
vn -0.305521 0.802743 -0.512114
vn -0.291901 0.809188 -0.509911
vn -0.275362 0.816356 -0.50768
vn -0.257398 0.823445 -0.505653
vn -0.238726 0.830104 -0.503922
vn -0.219152 0.836355 -0.502477
vn -0.19787 0.842361 -0.501274
vn -0.173956 0.848207 -0.500285
vn -0.146754 0.853791 -0.499505
vn -0.115959 0.858843 -0.498941
vn -0.081382 0.863007 -0.498593
vn -0.042436 0.865886 -0.498439
vn 0.022719 0.612843 -0.789878
vn -0.005295 0.613269 -0.789857
vn 0.044641 0.611416 -0.790049
vn 0.060507 0.609632 -0.790372
vn 0.072257 0.607779 -0.790812
vn 0.081838 0.605841 -0.791366
vn 0.090743 0.603644 -0.792073
vn 0.099428 0.601116 -0.792952
vn 0.107064 0.598559 -0.793892
vn 0.111841 0.596766 -0.794583
vn 0.111785 0.596849 -0.794528
vn 0.105785 0.599755 -0.79316
vn 0.094375 0.605687 -0.790086
vn 0.079823 0.613805 -0.785412
vn 0.065377 0.62245 -0.779924
vn 0.053993 0.629787 -0.774889
vn 0.047197 0.634535 -0.771452
vn 0.044617 0.636498 -0.769987
vn 0.044279 0.636783 -0.769771
vn 0.043506 0.637597 -0.769141
vn 0.040104 0.641455 -0.766112
vn 0.033406 0.649907 -0.759279
vn 0.024613 0.662416 -0.748732
vn 0.016159 0.676191 -0.73655
vn 0.010444 0.687076 -0.726511
vn 0.008732 0.690679 -0.723109
vn 0.010708 0.682923 -0.730412
vn 0.014618 0.660056 -0.751074
vn 0.017836 0.610056 -0.792157
vn 0.016697 0.517009 -0.855817
vn 0.009185 0.420853 -0.907082
vn 0.000826 0.363039 -0.931774
vn -0.004251 0.33636 -0.941724
vn 0.001997 0.356018 -0.934477
vn 0.025633 0.420721 -0.906828
vn 0.066418 0.510998 -0.857012
vn 0.116863 0.599859 -0.791525
vn 0.166926 0.668968 -0.724305
vn 0.209191 0.714101 -0.668056
vn 0.239611 0.739144 -0.629487
vn 0.255674 0.749566 -0.610558
vn 0.255091 0.749682 -0.61066
vn 0.236299 0.74236 -0.626948
vn 0.201259 0.729934 -0.653216
vn 0.159339 0.715881 -0.679798
vn 0.127008 0.705515 -0.697221
vn 0.118793 0.702914 -0.701285
vn 0.136036 0.706754 -0.694257
vn 0.164136 0.711635 -0.683106
vn 0.178512 0.71357 -0.67746
vn 0.151262 0.711742 -0.685961
vn 0.055364 0.703082 -0.70895
vn -0.119237 0.675103 -0.728024
vn -0.328398 0.617948 -0.71435
vn -0.491293 0.553424 -0.672572
vn -0.57269 0.514168 -0.638481
vn -0.580136 0.509857 -0.635207
vn -0.519159 0.533246 -0.667925
vn -0.379588 0.567994 -0.730271
vn -0.150752 0.584714 -0.797109
vn 0.131959 0.55027 -0.824493
vn 0.376681 0.47107 -0.797624
vn 0.524601 0.3946 -0.754377
vn 0.577158 0.359889 -0.733054
vn 0.542136 0.38744 -0.74564
vn 0.409594 0.48184 -0.774637
vn 0.190499 0.60683 -0.771665
vn -0.028422 0.697649 -0.715876
vn -0.169829 0.740058 -0.650747
vn -0.234097 0.756056 -0.61121
vn -0.247357 0.759236 -0.601976
vn -0.230179 0.752791 -0.616704
vn -0.19664 0.736857 -0.646819
vn -0.158055 0.713135 -0.682977
vn -0.124181 0.686875 -0.716088
vn -0.10152 0.665411 -0.739542
vn -0.091236 0.653857 -0.751097
vn -0.089612 0.651861 -0.753025
vn -0.091088 0.654332 -0.750701
vn -0.091382 0.654606 -0.750427
vn -0.088806 0.646898 -0.757388
vn -0.085461 0.635022 -0.767752
vn -0.084987 0.633036 -0.769443
vn -0.085125 0.618684 -0.781015
vn -0.086097 0.565009 -0.82058
vn -0.090399 0.515022 -0.852397
vn -0.094959 0.483416 -0.870225
vn -0.095259 0.480011 -0.872075
vn -0.087641 0.504043 -0.85922
vn -0.071378 0.545285 -0.835206
vn -0.049152 0.590339 -0.805658
vn -0.025698 0.628829 -0.777119
vn -0.00586 0.655689 -0.755008
vn 0.006635 0.670029 -0.742306
vn 0.009612 0.673176 -0.73942
vn 0.00264 0.667445 -0.744655
vn -0.012756 0.65571 -0.754905
vn -0.033203 0.641244 -0.766618
vn -0.05433 0.627272 -0.776903
vn -0.072252 0.616184 -0.784281
vn -0.084863 0.60892 -0.788679
vn -0.092173 0.605032 -0.790848
vn -0.095634 0.603347 -0.791724
vn -0.09702 0.602735 -0.792021
vn -0.097479 0.60255 -0.792105
vn -0.097118 0.602665 -0.792063
vn -0.095174 0.603239 -0.791862
vn -0.09054 0.604436 -0.791492
vn -0.0823 0.606234 -0.791017
vn -0.06997 0.608401 -0.790539
vn -0.05333 0.61058 -0.790157
vn -0.031923 0.612368 -0.789928
vn 0.464412 -0.210449 -0.860251
vn 0.301895 -0.936779 -0.176931
vn 0.036753 -0.799661 -0.599326
vn -0.064728 -0.466463 -0.882169
vn -0.051721 -0.109675 -0.992621
vn 0.042439 0.202068 -0.978452
vn 0.203445 0.434999 -0.877147
vn 0.431209 0.560914 -0.706706
vn 0.740308 0.506338 -0.442228
vn 0.998382 0.034927 -0.044879
vn 0.767318 0.634957 0.089732
vn 0.987194 -0.06814 0.144236
vn 0.347149 0.936313 -0.05296
vn -0.075127 0.972238 -0.221606
vn -0.516587 0.745415 -0.421301
vn -0.81575 0.101153 -0.569491
vn -0.629296 -0.602582 -0.490797
vn -0.222824 -0.920662 -0.320516
vn 0.206704 -0.966691 -0.150941
vn 0.674078 -0.738272 0.02395
vn 0.731486 0.655388 0.188132
vn 0.994763 -0.008616 0.101847
vn 0.293524 0.950448 0.102434
vn -0.134062 0.988935 -0.063525
vn -0.557641 0.771098 -0.307318
vn -0.804024 0.159219 -0.572883
vn -0.569433 -0.515064 -0.640668
vn -0.130604 -0.82135 -0.555271
vn 0.307614 -0.862597 -0.401622
vn 0.748222 -0.64291 -0.1638
vn 0.687761 0.659063 0.304337
vn 0.994622 0.066231 0.079621
vn 0.229625 0.932685 0.278157
vn -0.203786 0.972031 0.116734
vn -0.609197 0.774082 -0.172267
vn -0.801357 0.222008 -0.555463
vn -0.512984 -0.380283 -0.769566
vn -0.039079 -0.632163 -0.773849
vn 0.400195 -0.65719 -0.638706
vn 0.809025 -0.484209 -0.333197
vn 0.64458 0.637967 0.421326
vn 0.986636 0.140651 0.082261
vn 0.167848 0.877691 0.448872
vn -0.272049 0.916231 0.294127
vn -0.663785 0.74721 -0.032676
vn -0.81147 0.273842 -0.516263
vn -0.474194 -0.231596 -0.849413
vn 0.029123 -0.403867 -0.914354
vn 0.463063 -0.401843 -0.789997
vn 0.846732 -0.294468 -0.443096
vn 0.58154 0.463627 0.668477
vn 0.958455 -0.009405 0.285088
vn 0.083136 0.696091 0.713124
vn -0.371956 0.741561 0.558333
vn -0.778147 0.590965 0.212715
vn -0.934571 0.13982 -0.327151
vn -0.587924 -0.383339 -0.712318
vn -0.067884 -0.631474 -0.77242
vn 0.423547 -0.643927 -0.637155
vn 0.842198 -0.45967 -0.28179
vn 0.500446 0.233189 0.833772
vn 0.875102 -0.215085 0.433514
vn 0.009662 0.448331 0.893815
vn -0.435806 0.490384 0.754716
vn -0.836632 0.355991 0.416315
vn -0.986638 -0.05352 -0.153886
vn -0.622434 -0.533467 -0.572702
vn -0.120511 -0.782582 -0.610772
vn 0.334164 -0.823242 -0.45892
vn 0.748775 -0.650113 -0.12919
vn 0.488262 0.163364 0.857271
vn 0.891723 -0.221625 0.394604
vn -0.011614 0.341859 0.93968
vn -0.451988 0.376641 0.808609
vn -0.84734 0.265936 0.459666
vn -0.982068 -0.084665 -0.168445
vn -0.582836 -0.487155 -0.650371
vn -0.071887 -0.684308 -0.725641
vn 0.375319 -0.717362 -0.586965
vn 0.776439 -0.584784 -0.234883
vn 0.479678 0.118116 0.869458
vn 0.904501 -0.220168 0.365244
vn -0.024578 0.267419 0.963267
vn -0.457954 0.295756 0.838335
vn -0.849914 0.202809 0.486328
vn -0.977892 -0.105006 -0.180833
vn -0.553983 -0.451741 -0.699309
vn -0.042269 -0.612212 -0.789563
vn 0.395129 -0.639029 -0.659936
vn 0.789643 -0.532703 -0.304453
vn 0.471696 0.095921 0.876528
vn 0.913052 -0.216279 0.345772
vn -0.032861 0.224978 0.97381
vn -0.457225 0.248292 0.853988
vn -0.846969 0.166776 0.504807
vn -0.974973 -0.118018 -0.188412
vn -0.532398 -0.433352 -0.727158
vn -0.024424 -0.570664 -0.820821
vn 0.401602 -0.592661 -0.698189
vn 0.792187 -0.50114 -0.34828
vn 0.432384 -0.039762 0.900812
vn 0.846614 -0.371107 0.381477
vn -0.048031 0.112474 0.992493
vn -0.453281 0.128336 0.882081
vn -0.827237 0.017265 0.561588
vn -0.955425 -0.277319 -0.10128
vn -0.527379 -0.54045 -0.65558
vn -0.034585 -0.636327 -0.770644
vn 0.37037 -0.659345 -0.654286
vn 0.732571 -0.60905 -0.303972
vn 0.38805 -0.173832 0.905096
vn 0.754721 -0.50773 0.41546
vn -0.057272 0.010478 0.998304
vn -0.443584 0.032375 0.895648
vn -0.792517 -0.105021 0.60074
vn -0.909498 -0.415699 0.00289
vn -0.529851 -0.65364 -0.540383
vn -0.059283 -0.722322 -0.689011
vn 0.332698 -0.738447 -0.586522
vn 0.665168 -0.708215 -0.236609
vn 0.391997 -0.14272 0.908829
vn 0.749579 -0.503217 0.430004
vn -0.050691 0.05181 0.99737
vn -0.43618 0.074241 0.896792
vn -0.786282 -0.070269 0.613859
vn -0.914011 -0.403826 0.038831
vn -0.54715 -0.673405 -0.497144
vn -0.078039 -0.755986 -0.649919
vn 0.315128 -0.772003 -0.552001
vn 0.650486 -0.730116 -0.209283
vn 0.401891 -0.087576 0.91149
vn 0.738787 -0.498257 0.453799
vn -0.036312 0.130993 0.990718
vn -0.4224 0.157784 0.892571
vn -0.777113 0.002019 0.629358
vn -0.923719 -0.371278 0.094317
vn -0.57821 -0.697815 -0.422763
vn -0.112586 -0.807869 -0.578508
vn 0.281461 -0.826736 -0.487122
vn 0.620664 -0.767951 -0.158198
vn 0.437007 -0.023697 0.899146
vn 0.726613 -0.507526 0.463089
vn 0.003511 0.242634 0.970112
vn -0.387851 0.284847 0.876604
vn -0.754175 0.123068 0.645038
vn -0.939526 -0.294839 0.174241
vn -0.635861 -0.705336 -0.313338
vn -0.175802 -0.862042 -0.47537
vn 0.219994 -0.890884 -0.397401
vn 0.566035 -0.818495 -0.098341
vn 0.552154 -0.083599 0.829541
vn 0.658832 -0.644136 0.388626
vn 0.128182 0.288817 0.948765
vn -0.278761 0.390701 0.877294
vn -0.663914 0.273834 0.695868
vn -0.939419 -0.124516 0.319354
vn -0.757337 -0.632963 -0.160621
vn -0.308656 -0.874656 -0.373775
vn 0.095408 -0.934686 -0.34243
vn 0.451942 -0.884327 -0.117108
vn 0.358968 -0.096389 -0.928359
vn 0.329093 -0.887975 -0.321245
vn 0.009357 -0.731402 -0.681882
vn -0.143659 -0.386714 -0.910941
vn -0.169781 -0.023636 -0.985198
vn -0.097343 0.298658 -0.949383
vn 0.062679 0.539912 -0.839385
vn 0.30566 0.662011 -0.684334
vn 0.643056 0.593779 -0.483638
vn 0.971453 0.113279 -0.208437
vn 0.720058 0.692431 0.045345
vn 0.99908 0.009715 -0.04177
vn 0.268426 0.963082 0.020492
vn -0.165175 0.982948 -0.080805
vn -0.608519 0.748913 -0.262361
vn -0.879732 0.093004 -0.466285
vn -0.636168 -0.600625 -0.484293
vn -0.203311 -0.896906 -0.392714
vn 0.238659 -0.924604 -0.296901
vn 0.711836 -0.676666 -0.188182
vn 0.691303 0.706407 0.151953
vn 0.993126 0.07949 -0.085914
vn 0.232459 0.953275 0.192947
vn -0.201556 0.973318 0.109671
vn -0.641429 0.761086 -0.096529
vn -0.899186 0.142891 -0.413577
vn -0.622438 -0.524253 -0.581144
vn -0.16662 -0.798458 -0.578535
vn 0.279783 -0.808438 -0.517832
vn 0.737491 -0.562607 -0.373605
vn 0.669416 0.699432 0.250355
vn 0.986482 0.13296 -0.095786
vn 0.204164 0.916652 0.343609
vn -0.231671 0.932576 0.276823
vn -0.670077 0.740589 0.050252
vn -0.91656 0.172261 -0.360894
vn -0.618638 -0.447274 -0.645936
vn -0.152911 -0.697869 -0.699712
vn 0.293684 -0.699545 -0.65145
vn 0.745344 -0.463214 -0.479474
vn 0.654635 0.678615 0.333069
vn 0.981152 0.170444 -0.091047
vn 0.185153 0.866158 0.464207
vn -0.2522 0.876452 0.410156
vn -0.690823 0.702922 0.169303
vn -0.931386 0.186088 -0.312875
vn -0.619416 -0.381139 -0.686336
vn -0.147878 -0.608713 -0.779487
vn 0.298404 -0.606022 -0.737355
vn 0.747326 -0.381211 -0.544227
vn 0.653254 0.540933 0.529764
vn 0.997088 0.037533 0.066384
vn 0.171063 0.726558 0.665471
vn -0.273536 0.737981 0.616897
vn -0.727197 0.570213 0.382155
vn -0.988538 0.064822 -0.136345
vn -0.658265 -0.479536 -0.580286
vn -0.170445 -0.692112 -0.701376
vn 0.28371 -0.694437 -0.661261
vn 0.747088 -0.491026 -0.448056
vn 0.632492 0.379196 0.6754
vn 0.974512 -0.111725 0.194533
vn 0.157746 0.561205 0.812505
vn -0.276981 0.57003 0.773529
vn -0.726577 0.405162 0.554914
vn -0.996739 -0.077858 0.02119
vn -0.663272 -0.575137 -0.478839
vn -0.1792 -0.760756 -0.623809
vn 0.263333 -0.767733 -0.584159
vn 0.718828 -0.596919 -0.356334
vn 0.627723 0.347495 0.696571
vn 0.978724 -0.111316 0.172358
vn 0.153568 0.508812 0.84707
vn -0.273918 0.513092 0.813453
vn -0.721026 0.360349 0.591836
vn -0.995308 -0.094568 0.020445
vn -0.649636 -0.554095 -0.52053
vn -0.16874 -0.715924 -0.67748
vn 0.263968 -0.718717 -0.643247
vn 0.714978 -0.563505 -0.413847
vn 0.620985 0.323963 0.71374
vn 0.980876 -0.113074 0.15842
vn 0.149127 0.46981 0.87008
vn -0.26959 0.471628 0.839576
vn -0.713575 0.330036 0.617969
vn -0.994333 -0.104721 0.01833
vn -0.637225 -0.538247 -0.551575
vn -0.160663 -0.682769 -0.712751
vn 0.261401 -0.683413 -0.681627
vn 0.707795 -0.541406 -0.453768
vn 0.611945 0.307638 0.728617
vn 0.981312 -0.118643 0.151492
vn 0.143868 0.443087 0.884859
vn -0.26452 0.444466 0.85585
vn -0.704513 0.313308 0.636789
vn -0.99386 -0.109495 0.015936
vn -0.625128 -0.528836 -0.574062
vn -0.153967 -0.661848 -0.733656
vn 0.256399 -0.662265 -0.704034
vn 0.697628 -0.53183 -0.480074
vn 0.59094 0.202981 0.780761
vn 0.944415 -0.248367 0.215391
vn 0.13672 0.361556 0.922272
vn -0.25698 0.361119 0.896412
vn -0.681484 0.210683 0.700851
vn -0.969817 -0.220595 0.103885
vn -0.613587 -0.601098 -0.512047
vn -0.155454 -0.706384 -0.690547
vn 0.238851 -0.711385 -0.66097
vn 0.661176 -0.617781 -0.425668
vn 0.563994 0.076636 0.822215
vn 0.878369 -0.385569 0.282495
vn 0.131276 0.272793 0.953074
vn -0.251071 0.281259 0.926206
vn -0.654992 0.110837 0.747463
vn -0.922666 -0.328329 0.202207
vn -0.606143 -0.680776 -0.411259
vn -0.166408 -0.766278 -0.620586
vn 0.21754 -0.771244 -0.598213
vn 0.617414 -0.704495 -0.349981
vn 0.557611 0.05991 0.827938
vn 0.85806 -0.417891 0.298498
vn 0.129762 0.271257 0.95372
vn -0.250618 0.287412 0.924437
vn -0.651427 0.121101 0.748984
vn -0.921627 -0.318077 0.222328
vn -0.618743 -0.686488 -0.381958
vn -0.181386 -0.784255 -0.593332
vn 0.201214 -0.796073 -0.570771
vn 0.596482 -0.734783 -0.32296
vn 0.549601 0.044773 0.834226
vn 0.824479 -0.46296 0.325427
vn 0.130344 0.283391 0.950105
vn -0.247215 0.313352 0.916894
vn -0.644583 0.153875 0.74889
vn -0.922098 -0.28973 0.2565
vn -0.642602 -0.69231 -0.328283
vn -0.209237 -0.814324 -0.541384
vn 0.171355 -0.837598 -0.518717
vn 0.559704 -0.782257 -0.273505
vn 0.552571 0.017452 0.833283
vn 0.769817 -0.535525 0.347268
vn 0.147317 0.309416 0.939446
vn -0.22836 0.367994 0.90135
vn -0.623869 0.22604 0.748126
vn -0.92383 -0.217678 0.314888
vn -0.692523 -0.680741 -0.238756
vn -0.265714 -0.848333 -0.457959
vn 0.112559 -0.891476 -0.438864
vn 0.490178 -0.846988 -0.205761
vn 0.621712 -0.122235 0.773649
vn 0.64437 -0.704683 0.297003
vn 0.244312 0.285972 0.92657
vn -0.137497 0.415814 0.898996
vn -0.531114 0.333526 0.778896
vn -0.892303 -0.046274 0.449059
vn -0.803931 -0.58863 -0.084906
vn -0.389394 -0.846972 -0.361954
vn -0.003829 -0.926046 -0.377391
vn 0.361365 -0.911924 -0.194448
vn 0.228405 -0.032479 -0.973024
vn 0.312135 -0.857783 -0.408386
vn -0.06279 -0.716121 -0.695146
vn -0.264054 -0.360464 -0.894618
vn -0.306577 0.016531 -0.951702
vn -0.235914 0.335861 -0.911889
vn -0.074819 0.571333 -0.817301
vn 0.17438 0.695957 -0.696589
vn 0.530276 0.63818 -0.558153
vn 0.910288 0.170812 -0.377093
vn 0.68178 0.726249 -0.087965
vn 0.970732 0.053347 -0.234164
vn 0.227822 0.973387 -0.0248
vn -0.206923 0.976682 -0.057224
vn -0.658759 0.729059 -0.185767
vn -0.930086 0.049263 -0.364024
vn -0.655582 -0.639506 -0.401552
vn -0.211278 -0.910154 -0.356344
vn 0.226625 -0.91679 -0.328842
vn 0.691304 -0.649772 -0.316062
vn 0.663874 0.746986 -0.035833
vn 0.957326 0.09569 -0.27271
vn 0.215746 0.973929 0.070115
vn -0.209617 0.976188 0.055835
vn -0.661003 0.746566 -0.075589
vn -0.945595 0.079085 -0.315588
vn -0.658369 -0.610366 -0.440459
vn -0.209898 -0.869874 -0.446387
vn 0.220346 -0.868934 -0.443171
vn 0.677096 -0.601644 -0.423751
vn 0.651768 0.758249 0.016033
vn 0.948641 0.12785 -0.289371
vn 0.207868 0.966103 0.153089
vn -0.210604 0.965653 0.152182
vn -0.661501 0.749763 0.016486
vn -0.955478 0.099303 -0.277849
vn -0.661452 -0.580271 -0.475148
vn -0.213443 -0.829238 -0.516533
vn 0.209566 -0.824838 -0.525094
vn 0.662375 -0.562024 -0.495367
vn 0.643904 0.762356 0.064818
vn 0.942449 0.154275 -0.296628
vn 0.203823 0.952781 0.225088
vn -0.208995 0.949578 0.233715
vn -0.659519 0.7458 0.0939
vn -0.962243 0.114683 -0.246853
vn -0.664246 -0.550922 -0.505235
vn -0.217516 -0.789399 -0.574052
vn 0.199552 -0.782252 -0.590136
vn 0.649678 -0.524748 -0.550052
vn 0.671331 0.687027 0.278045
vn 0.993518 0.054032 -0.100012
vn 0.21732 0.879746 0.42287
vn -0.197705 0.878345 0.435227
vn -0.660716 0.678824 0.320394
vn -0.998969 0.034478 -0.02953
vn -0.682963 -0.634364 -0.362138
vn -0.222743 -0.855641 -0.467187
vn 0.197127 -0.851951 -0.485098
vn 0.663582 -0.621584 -0.416284
vn 0.67392 0.571761 0.46789
vn 0.993069 -0.068517 0.095493
vn 0.226773 0.771649 0.59425
vn -0.177152 0.771397 0.611199
vn -0.631294 0.571207 0.524586
vn -0.98032 -0.068797 0.185041
vn -0.670532 -0.710643 -0.21301
vn -0.217644 -0.909448 -0.354309
vn 0.19149 -0.908159 -0.372262
vn 0.651771 -0.707814 -0.272386
vn 0.670492 0.552879 0.494738
vn 0.993731 -0.07469 0.083192
vn 0.227069 0.740916 0.632046
vn -0.168872 0.739076 0.652111
vn -0.61981 0.547937 0.561783
vn -0.978594 -0.080949 0.189209
vn -0.662856 -0.706262 -0.248626
vn -0.214805 -0.890958 -0.400066
vn 0.185273 -0.887955 -0.420963
vn 0.641373 -0.69839 -0.317637
vn 0.664694 0.534946 0.52155
vn 0.993441 -0.083279 0.07836
vn 0.225537 0.712799 0.664116
vn -0.161486 0.710686 0.684725
vn -0.608401 0.529971 0.590744
vn -0.977986 -0.08872 0.188872
vn -0.655087 -0.701146 -0.281524
vn -0.212171 -0.873905 -0.437348
vn 0.178166 -0.870606 -0.458587
vn 0.629463 -0.692779 -0.351901
vn 0.656158 0.517702 0.549037
vn 0.992145 -0.095435 0.08087
vn 0.221898 0.687295 0.691655
vn -0.155119 0.686346 0.710541
vn -0.596963 0.517636 0.612934
vn -0.978481 -0.091981 0.1847
vn -0.646815 -0.695885 -0.312048
vn -0.209468 -0.859024 -0.46712
vn 0.170257 -0.856946 -0.486473
vn 0.615887 -0.6921 -0.376405
vn 0.639726 0.415747 0.646456
vn 0.955051 -0.217912 0.200978
vn 0.218526 0.607283 0.763841
vn -0.144335 0.605315 0.78279
vn -0.565225 0.420385 0.709786
vn -0.932894 -0.186129 0.308327
vn -0.625589 -0.744763 -0.232307
vn -0.20682 -0.884716 -0.417736
vn 0.15721 -0.88775 -0.432648
vn 0.58322 -0.758572 -0.290555
vn 0.6126 0.281145 0.7387
vn 0.881368 -0.347274 0.320299
vn 0.213473 0.509822 0.833373
vn -0.13872 0.516342 0.845073
vn -0.534579 0.313313 0.784895
vn -0.861312 -0.275316 0.427017
vn -0.604973 -0.787195 -0.11971
vn -0.211712 -0.914224 -0.345503
vn 0.140905 -0.920006 -0.365698
vn 0.543041 -0.817345 -0.192495
vn 0.600075 0.237313 0.763932
vn 0.854054 -0.391379 0.342657
vn 0.205822 0.479671 0.852967
vn -0.145337 0.495125 0.856579
vn -0.539126 0.301679 0.786341
vn -0.865921 -0.265951 0.423616
vn -0.620558 -0.774534 -0.122495
vn -0.227677 -0.909476 -0.347876
vn 0.12414 -0.923708 -0.362427
vn 0.519938 -0.835206 -0.179152
vn 0.582576 0.183251 0.791848
vn 0.811408 -0.450903 0.371893
vn 0.196326 0.449354 0.871514
vn -0.153158 0.480382 0.863583
vn -0.544402 0.303029 0.782176
vn -0.874741 -0.23856 0.421802
vn -0.646518 -0.753847 -0.117174
vn -0.253474 -0.905486 -0.340361
vn 0.097181 -0.932764 -0.347142
vn 0.482946 -0.862198 -0.152896
vn 0.570077 0.09969 0.815521
vn 0.74402 -0.543587 0.388519
vn 0.196872 0.413844 0.888805
vn -0.151011 0.475956 0.866408
vn -0.538769 0.330575 0.774886
vn -0.885684 -0.168299 0.432711
vn -0.697064 -0.710546 -0.096054
vn -0.301957 -0.897181 -0.322318
vn 0.048455 -0.945321 -0.322522
vn 0.418127 -0.900091 -0.122496
vn 0.619283 -0.094798 0.779424
vn 0.610312 -0.720668 0.328872
vn 0.272806 0.332107 0.902929
vn -0.079643 0.466772 0.880784
vn -0.45644 0.391837 0.798828
vn -0.845269 0.006599 0.534301
vn -0.810866 -0.58512 0.011473
vn -0.417627 -0.862004 -0.287291
vn -0.050407 -0.946311 -0.319302
vn 0.305787 -0.939979 -0.151442
vn 0.095161 0.062077 -0.993524
vn 0.27923 -0.804416 -0.524353
vn -0.13567 -0.655045 -0.74331
vn -0.372948 -0.29056 -0.881184
vn -0.435926 0.087927 -0.895677
vn -0.373055 0.408865 -0.832862
vn -0.2068 0.648049 -0.732984
vn 0.057755 0.774154 -0.630357
vn 0.433714 0.714553 -0.548914
vn 0.843497 0.245702 -0.477643
vn 0.638747 0.764463 -0.087169
vn 0.930002 0.1251 -0.345609
vn 0.192036 0.979507 0.060726
vn -0.239716 0.96733 0.082523
vn -0.696344 0.717452 -0.01916
vn -0.969475 0.046082 -0.240822
vn -0.679423 -0.62534 -0.383842
vn -0.226157 -0.879568 -0.418585
vn 0.209728 -0.86983 -0.446554
vn 0.663917 -0.583768 -0.467364
vn 0.632677 0.774406 -0.004033
vn 0.920994 0.16441 -0.353185
vn 0.195974 0.96449 0.177068
vn -0.223046 0.951689 0.211041
vn -0.680684 0.725093 0.104447
vn -0.979719 0.072692 -0.186726
vn -0.684098 -0.591203 -0.427188
vn -0.233476 -0.827014 -0.511407
vn 0.18975 -0.809789 -0.55519
vn 0.638919 -0.530875 -0.556736
vn 0.631091 0.772907 0.065875
vn 0.919006 0.187161 -0.346986
vn 0.200781 0.942124 0.268494
vn -0.209143 0.92732 0.310381
vn -0.667093 0.718046 0.198485
vn -0.985014 0.088164 -0.14824
vn -0.688514 -0.560007 -0.460805
vn -0.242651 -0.781974 -0.574141
vn 0.1712 -0.763402 -0.622823
vn 0.61964 -0.49564 -0.608594
vn 0.632084 0.764966 0.123684
vn 0.919097 0.202051 -0.338283
vn 0.206594 0.917316 0.340368
vn -0.196276 0.900981 0.386923
vn -0.654204 0.706139 0.270896
vn -0.987911 0.098715 -0.119526
vn -0.691626 -0.532134 -0.488351
vn -0.250024 -0.74193 -0.622116
vn 0.156486 -0.722658 -0.673259
vn 0.604464 -0.465697 -0.646336
vn 0.67514 0.672305 0.30363
vn 0.980333 0.087378 -0.176955
vn 0.237089 0.829625 0.505481
vn -0.165306 0.815056 0.5553
vn -0.629816 0.62191 0.46536
vn -0.997609 0.003423 0.069024
vn -0.691395 -0.618034 -0.374174
vn -0.243929 -0.804556 -0.541468
vn 0.161713 -0.787994 -0.594066
vn 0.623815 -0.563061 -0.542049
vn 0.695448 0.554075 0.457551
vn 0.998933 -0.041223 -0.020814
vn 0.260552 0.721566 0.641447
vn -0.131821 0.708634 0.693153
vn -0.585798 0.512659 0.627711
vn -0.964557 -0.104133 0.242458
vn -0.669823 -0.695347 -0.260443
vn -0.232024 -0.857745 -0.458736
vn 0.164144 -0.843613 -0.511247
vn 0.624012 -0.650708 -0.432653
vn 0.693129 0.535462 0.482548
vn 0.998476 -0.04848 -0.026359
vn 0.262409 0.693745 0.670715
vn -0.122328 0.681154 0.721848
vn -0.573602 0.495576 0.652216
vn -0.964843 -0.108615 0.239333
vn -0.666617 -0.684979 -0.293983
vn -0.233874 -0.83671 -0.495196
vn 0.153755 -0.823022 -0.546804
vn 0.609926 -0.641886 -0.464728
vn 0.68852 0.518294 0.507259
vn 0.997938 -0.058863 -0.025598
vn 0.262129 0.669457 0.695065
vn -0.114174 0.658538 0.743836
vn -0.561756 0.484389 0.670669
vn -0.966009 -0.109244 0.234291
vn -0.662352 -0.675805 -0.323383
vn -0.234504 -0.819332 -0.523166
vn 0.144064 -0.807375 -0.572182
vn 0.59578 -0.638573 -0.487105
vn 0.68142 0.502027 0.532575
vn 0.997127 -0.073421 -0.018626
vn 0.259722 0.648181 0.715825
vn -0.107159 0.640283 0.760628
vn -0.549873 0.478843 0.684361
vn -0.967966 -0.106124 0.227549
vn -0.656819 -0.668122 -0.349573
vn -0.234004 -0.805782 -0.544019
vn 0.134726 -0.796881 -0.588922
vn 0.581012 -0.641367 -0.501073
vn 0.674916 0.409389 0.613913
vn 0.9773 -0.194168 0.084756
vn 0.261492 0.578852 0.772368
vn -0.09298 0.572118 0.814884
vn -0.516385 0.397469 0.758528
vn -0.925736 -0.189362 0.327344
vn -0.636801 -0.716062 -0.285902
vn -0.229678 -0.833942 -0.501785
vn 0.126204 -0.831565 -0.540899
vn 0.55858 -0.711558 -0.426231
vn 0.661259 0.284376 0.694166
vn 0.923802 -0.328344 0.196928
vn 0.262865 0.493365 0.829152
vn -0.083875 0.496485 0.863983
vn -0.485931 0.305685 0.818796
vn -0.859856 -0.273082 0.431363
vn -0.617309 -0.764398 -0.186079
vn -0.23131 -0.869815 -0.435795
vn 0.115732 -0.870995 -0.477465
vn 0.53049 -0.779318 -0.333533
vn 0.650995 0.239665 0.720254
vn 0.896354 -0.37955 0.22911
vn 0.257256 0.466342 0.846371
vn -0.088932 0.479734 0.872896
vn -0.4888 0.298194 0.81985
vn -0.861331 -0.261304 0.435694
vn -0.632082 -0.754818 -0.175278
vn -0.246617 -0.871039 -0.424819
vn 0.09998 -0.881856 -0.460797
vn 0.508381 -0.804873 -0.30615
vn 0.634451 0.181775 0.751285
vn 0.850629 -0.449843 0.272161
vn 0.24905 0.437261 0.864162
vn -0.095848 0.467502 0.878781
vn -0.4923 0.300973 0.816735
vn -0.864694 -0.233209 0.444879
vn -0.656935 -0.738594 -0.15138
vn -0.27227 -0.875037 -0.400225
vn 0.07337 -0.90045 -0.428727
vn 0.471069 -0.842387 -0.261682
vn 0.617942 0.089492 0.781114
vn 0.770235 -0.557602 0.309546
vn 0.248112 0.400862 0.881901
vn -0.095214 0.464731 0.880318
vn -0.486787 0.329354 0.809051
vn -0.869298 -0.161523 0.467152
vn -0.707045 -0.699138 -0.106265
vn -0.3227 -0.875869 -0.358773
vn 0.021993 -0.924725 -0.380001
vn 0.400503 -0.89332 -0.203905
vn 0.652616 -0.120586 0.748032
vn 0.611304 -0.742498 0.273869
vn 0.318903 0.313445 0.894457
vn -0.027582 0.455069 0.890029
vn -0.405626 0.390653 0.826352
vn -0.819481 0.015788 0.572889
vn -0.817542 -0.57545 0.021963
vn -0.438026 -0.846855 -0.301612
vn -0.078797 -0.933423 -0.350017
vn 0.279032 -0.939497 -0.198712
vn -0.049965 -0.06241 -0.996799
vn 0.253224 -0.854117 -0.454271
vn -0.199659 -0.750267 -0.630266
vn -0.476698 -0.417738 -0.773469
vn -0.562656 -0.047196 -0.825343
vn -0.508221 0.27752 -0.815288
vn -0.345423 0.5273 -0.776297
vn -0.081589 0.675032 -0.733264
vn 0.307105 0.649523 -0.695562
vn 0.763741 0.213854 -0.609069
vn 0.580732 0.763274 -0.28313
vn 0.871624 0.10517 -0.478761
vn 0.139429 0.984146 -0.109622
vn -0.289988 0.956817 -0.020225
vn -0.739906 0.67268 -0.006477
vn -0.996391 -0.028661 -0.079901
vn -0.693005 -0.698199 -0.179617
vn -0.231826 -0.937621 -0.259081
vn 0.200292 -0.913758 -0.353453
vn 0.633432 -0.616026 -0.468269
vn 0.582053 0.781672 -0.224061
vn 0.851271 0.141928 -0.505168
vn 0.156742 0.987551 -0.013238
vn -0.262058 0.961051 0.087788
vn -0.714954 0.693032 0.092448
vn -0.999135 0.002818 -0.041489
vn -0.709433 -0.667279 -0.226813
vn -0.258102 -0.899246 -0.353185
vn 0.163034 -0.870385 -0.464596
vn 0.593523 -0.573062 -0.565094
vn 0.58845 0.791224 -0.166409
vn 0.841069 0.17053 -0.513345
vn 0.174675 0.981998 0.071893
vn -0.236547 0.954666 0.180714
vn -0.692483 0.699926 0.174845
vn -0.999548 0.026603 -0.013974
vn -0.724862 -0.634088 -0.269273
vn -0.283103 -0.858822 -0.42694
vn 0.13066 -0.828467 -0.544582
vn 0.562901 -0.535841 -0.629298
vn 0.59823 0.793473 -0.1119
vn 0.836416 0.193795 -0.512691
vn 0.193369 0.97013 0.146482
vn -0.212226 0.942083 0.259692
vn -0.671235 0.700183 0.243285
vn -0.998871 0.047081 0.006331
vn -0.738391 -0.600104 -0.30766
vn -0.304654 -0.81746 -0.488821
vn 0.10389 -0.786451 -0.608852
vn 0.539087 -0.499999 -0.67778
vn 0.683701 0.724079 0.090903
vn 0.936758 0.104829 -0.333909
vn 0.262497 0.902838 0.340557
vn -0.146248 0.877791 0.456173
vn -0.613664 0.641501 0.460318
vn -0.975756 -0.023963 0.217547
vn -0.717047 -0.676768 -0.166817
vn -0.278932 -0.880429 -0.38346
vn 0.133564 -0.852095 -0.506059
vn 0.592631 -0.58714 -0.551411
vn 0.739129 0.612851 0.279467
vn 0.989618 -0.010238 -0.143356
vn 0.320594 0.797031 0.511821
vn -0.076383 0.774376 0.628098
vn -0.529982 0.541484 0.652621
vn -0.901993 -0.11672 0.415674
vn -0.665126 -0.746244 -0.026964
vn -0.243119 -0.930727 -0.273202
vn 0.159202 -0.906024 -0.392141
vn 0.621405 -0.669475 -0.407012
vn 0.744238 0.588159 0.316511
vn 0.98921 -0.0231 -0.144671
vn 0.331465 0.762582 0.555518
vn -0.057908 0.740926 0.669085
vn -0.511548 0.520334 0.683792
vn -0.903105 -0.124642 0.410933
vn -0.670308 -0.738584 -0.071976
vn -0.254977 -0.910965 -0.324236
vn 0.138809 -0.88726 -0.439888
vn 0.600354 -0.664945 -0.444322
vn 0.746512 0.563011 0.354596
vn 0.989655 -0.039489 -0.137927
vn 0.338361 0.729633 0.594262
vn -0.04319 0.71062 0.702249
vn -0.496044 0.504291 0.706846
vn -0.907051 -0.127354 0.401298
vn -0.674814 -0.728967 -0.115034
vn -0.264768 -0.891633 -0.367272
vn 0.120526 -0.87069 -0.476837
vn 0.580763 -0.664229 -0.470653
vn 0.745505 0.537088 0.394663
vn 0.990561 -0.060825 -0.122838
vn 0.341158 0.698298 0.629278
vn -0.032036 0.683747 0.729015
vn -0.482966 0.493897 0.723056
vn -0.913579 -0.124426 0.387158
vn -0.6783 -0.717891 -0.156654
vn -0.272556 -0.873538 -0.403293
vn 0.103924 -0.857302 -0.504215
vn 0.561941 -0.668667 -0.486937
vn 0.750171 0.426121 0.505633
vn 0.981237 -0.192384 0.01272
vn 0.352068 0.610773 0.709228
vn -0.007853 0.597058 0.80216
vn -0.433152 0.393253 0.811006
vn -0.843193 -0.215385 0.49258
vn -0.642865 -0.761122 -0.086128
vn -0.263494 -0.896207 -0.356908
vn 0.098377 -0.888882 -0.447448
vn 0.545411 -0.741446 -0.390878
vn 0.738055 0.280097 0.613857
vn 0.929686 -0.333907 0.155528
vn 0.356928 0.503867 0.786588
vn 0.005558 0.501011 0.865423
vn -0.392511 0.282242 0.875371
vn -0.75315 -0.300001 0.585462
vn -0.604593 -0.79637 0.016164
vn -0.260091 -0.922123 -0.28643
vn 0.089283 -0.921865 -0.377087
vn 0.519029 -0.807303 -0.280839
vn 0.721602 0.221394 0.655954
vn 0.897296 -0.394137 0.198785
vn 0.344999 0.464303 0.81572
vn -0.008121 0.476073 0.879368
vn -0.409618 0.273839 0.870187
vn -0.77522 -0.28045 0.566022
vn -0.63422 -0.773153 0.000514
vn -0.286713 -0.91152 -0.294835
vn 0.064372 -0.925716 -0.372702
vn 0.489531 -0.833352 -0.256678
vn 0.695257 0.151025 0.702716
vn 0.84521 -0.471163 0.252241
vn 0.327272 0.424499 0.844212
vn -0.026624 0.459853 0.887596
vn -0.431511 0.283661 0.85635
vn -0.805662 -0.237132 0.542842
vn -0.675303 -0.737442 -0.012059
vn -0.323349 -0.898936 -0.295565
vn 0.028734 -0.93389 -0.356405
vn 0.444301 -0.868986 -0.217852
vn 0.66574 0.05052 0.744472
vn 0.759418 -0.579652 0.295445
vn 0.315691 0.379376 0.86972
vn -0.036624 0.456889 0.888769
vn -0.442915 0.326708 0.834918
vn -0.838662 -0.143958 0.525284
vn -0.738941 -0.673584 -0.015851
vn -0.381661 -0.877935 -0.289074
vn -0.029635 -0.942989 -0.331501
vn 0.367263 -0.913762 -0.173658
vn 0.682763 -0.157189 0.713531
vn 0.596333 -0.758409 0.263064
vn 0.378408 0.282494 0.881479
vn 0.030328 0.442101 0.896452
vn -0.361334 0.395342 0.844478
vn -0.795742 0.046163 0.603874
vn -0.846116 -0.527926 0.07336
vn -0.498693 -0.82605 -0.262579
vn -0.135482 -0.935002 -0.327743
vn 0.240465 -0.951926 -0.189775
vn -0.181097 -0.104681 -0.977878
vn 0.231029 -0.857013 -0.460603
vn -0.253309 -0.76476 -0.592433
vn -0.553999 -0.45766 -0.695437
vn -0.668771 -0.103996 -0.736159
vn -0.63398 0.230187 -0.738298
vn -0.472962 0.49792 -0.726899
vn -0.201525 0.659501 -0.724186
vn 0.201754 0.647205 -0.735133
vn 0.695872 0.226146 -0.681631
vn 0.537445 0.779508 -0.321746
vn 0.82181 0.135265 -0.553472
vn 0.104441 0.989488 -0.100024
vn -0.317859 0.946917 0.048106
vn -0.751715 0.645931 0.133033
vn -0.994136 -0.047542 0.097129
vn -0.707587 -0.703205 -0.06945
vn -0.255602 -0.936669 -0.239413
vn 0.172758 -0.901437 -0.396946
vn 0.597479 -0.588105 -0.545116
vn 0.574511 0.790876 -0.210838
vn 0.788401 0.198922 -0.582111
vn 0.172757 0.98239 0.071167
vn -0.2434 0.941189 0.234348
vn -0.692399 0.659325 0.293043
vn -0.988703 0.002154 0.14987
vn -0.76216 -0.626425 -0.163416
vn -0.341535 -0.839265 -0.423069
vn 0.073114 -0.787887 -0.611464
vn 0.508494 -0.478598 -0.715806
vn 0.616258 0.779713 -0.110788
vn 0.776682 0.245537 -0.580066
vn 0.239299 0.945982 0.218755
vn -0.172322 0.90225 0.395285
vn -0.636227 0.639874 0.431017
vn -0.979694 0.033194 0.197733
vn -0.806631 -0.546188 -0.225889
vn -0.410006 -0.737051 -0.537263
vn 0.001235 -0.680014 -0.733198
vn 0.451404 -0.382992 -0.805948
vn 0.657375 0.753042 -0.02804
vn 0.77706 0.275275 -0.566041
vn 0.298682 0.893707 0.334779
vn -0.110268 0.846885 0.520218
vn -0.587358 0.604527 0.538107
vn -0.97003 0.051877 0.237382
vn -0.839515 -0.473732 -0.266069
vn -0.460168 -0.644042 -0.61111
vn -0.048925 -0.586103 -0.808758
vn 0.415129 -0.304347 -0.857345
vn 0.774576 0.618166 0.133799
vn 0.881009 0.1529 -0.447711
vn 0.410422 0.755652 0.510435
vn -0.004408 0.711506 0.702666
vn -0.495502 0.477491 0.72559
vn -0.915235 -0.06062 0.398335
vn -0.808618 -0.564031 -0.167349
vn -0.430581 -0.72263 -0.540745
vn -0.011935 -0.667507 -0.744508
vn 0.47515 -0.401382 -0.783023
vn 0.849458 0.457298 0.263248
vn 0.941794 0.009236 -0.336064
vn 0.493748 0.589537 0.639264
vn 0.091574 0.545933 0.832809
vn -0.391958 0.321976 0.861801
vn -0.833209 -0.188601 0.519801
vn -0.755475 -0.648853 -0.090813
vn -0.393184 -0.785875 -0.477292
vn 0.016647 -0.738044 -0.674547
vn 0.508211 -0.503472 -0.698739
vn 0.862491 0.412734 0.292848
vn 0.938365 -0.003595 -0.345627
vn 0.51389 0.528664 0.675597
vn 0.118751 0.486653 0.865487
vn -0.368904 0.282406 0.885526
vn -0.838733 -0.194011 0.50881
vn -0.774499 -0.616507 -0.141668
vn -0.421021 -0.734277 -0.532521
vn -0.020148 -0.689075 -0.72441
vn 0.474083 -0.478249 -0.739272
vn 0.870625 0.372579 0.321242
vn 0.937823 -0.022141 -0.346406
vn 0.525651 0.478805 0.703162
vn 0.13735 0.441771 0.886552
vn -0.352216 0.257945 0.899671
vn -0.847022 -0.189986 0.496446
vn -0.788961 -0.586357 -0.183647
vn -0.440097 -0.692615 -0.571488
vn -0.047361 -0.653224 -0.755682
vn 0.447544 -0.465362 -0.763638
vn 0.874453 0.335495 0.350392
vn 0.939498 -0.048713 -0.339073
vn 0.53058 0.438759 0.725242
vn 0.149463 0.410096 0.899712
vn -0.33981 0.247819 0.907257
vn -0.857363 -0.177142 0.48327
vn -0.7994 -0.559325 -0.219353
vn -0.452271 -0.661388 -0.598345
vn -0.067571 -0.631046 -0.772797
vn 0.426188 -0.466381 -0.775147
vn 0.885426 0.209472 0.4149
vn 0.9442 -0.200325 -0.261451
vn 0.542825 0.341936 0.767086
vn 0.17349 0.318882 0.931781
vn -0.293472 0.1466 0.94466
vn -0.79995 -0.274357 0.533673
vn -0.76632 -0.616528 -0.180684
vn -0.440075 -0.697716 -0.565266
vn -0.068139 -0.681427 -0.728708
vn 0.418758 -0.565764 -0.710319
vn 0.878299 0.056379 0.474776
vn 0.915332 -0.367746 -0.164102
vn 0.547234 0.234111 0.803571
vn 0.184866 0.228403 0.955854
vn -0.258769 0.04666 0.964812
vn -0.724441 -0.368139 0.582803
vn -0.724349 -0.6814 -0.104942
vn -0.428855 -0.750011 -0.503554
vn -0.068251 -0.744103 -0.664569
vn 0.406898 -0.670411 -0.620471
vn 0.86258 0.000264 0.50592
vn 0.889009 -0.442818 -0.116516
vn 0.534134 0.208318 0.819332
vn 0.169378 0.225669 0.959367
vn -0.276496 0.06594 0.95875
vn -0.742356 -0.329398 0.583441
vn -0.748066 -0.657702 -0.088458
vn -0.450936 -0.752045 -0.480714
vn -0.088445 -0.769574 -0.632403
vn 0.383451 -0.722593 -0.575174
vn 0.835009 -0.063085 0.546607
vn 0.840671 -0.539633 -0.045468
vn 0.514778 0.192407 0.835454
vn 0.149367 0.245442 0.957835
vn -0.297982 0.117552 0.947306
vn -0.76549 -0.258724 0.589141
vn -0.781439 -0.621602 -0.054436
vn -0.484118 -0.759312 -0.434829
vn -0.121726 -0.810535 -0.572901
vn 0.341543 -0.796202 -0.499411
vn 0.795941 -0.148253 0.586941
vn 0.745496 -0.665423 0.038045
vn 0.501398 0.184307 0.845359
vn 0.141293 0.298267 0.943967
vn -0.306153 0.225163 0.924971
vn -0.7893 -0.12413 0.60133
vn -0.83515 -0.550023 0.000479
vn -0.543245 -0.75789 -0.36123
vn -0.186609 -0.856735 -0.480814
vn 0.255741 -0.883739 -0.391922
vn 0.768963 -0.336254 0.543717
vn 0.539919 -0.838902 0.068774
vn 0.554884 0.109022 0.824753
vn 0.217777 0.319581 0.922193
vn -0.205767 0.338622 0.918148
vn -0.720432 0.086083 0.688163
vn -0.908458 -0.398075 0.127438
vn -0.651071 -0.708537 -0.272178
vn -0.302491 -0.864236 -0.40199
vn 0.101998 -0.939233 -0.327776
vn -0.268398 -0.193005 -0.943775
vn 0.24773 -0.881502 -0.401976
vn -0.258627 -0.833779 -0.487776
vn -0.598374 -0.558929 -0.574062
vn -0.747507 -0.203241 -0.632397
vn -0.726421 0.14038 -0.67276
vn -0.574536 0.407602 -0.709766
vn -0.316398 0.574262 -0.75506
vn 0.091522 0.591186 -0.801326
vn 0.647587 0.208842 -0.732814
vn 0.466043 0.761209 -0.45096
vn 0.777454 0.112105 -0.618868
vn 0.024897 0.976121 -0.215796
vn -0.385244 0.922814 -0.001025
vn -0.774639 0.600712 0.197686
vn -0.953213 -0.095412 0.286846
vn -0.656176 -0.742305 0.135704
vn -0.21842 -0.970769 -0.099503
vn 0.194102 -0.927473 -0.319559
vn 0.596089 -0.607801 -0.524649
vn 0.48598 0.776368 -0.401343
vn 0.692894 0.165263 -0.701845
vn 0.095602 0.991488 -0.088385
vn -0.30576 0.938205 0.162115
vn -0.705385 0.616143 0.350427
vn -0.932131 -0.05238 0.358314
vn -0.727515 -0.680218 0.089585
vn -0.34653 -0.904645 -0.248063
vn 0.039675 -0.844422 -0.534207
vn 0.449019 -0.517623 -0.728319
vn 0.519436 0.782336 -0.343709
vn 0.625944 0.22761 -0.745914
vn 0.181925 0.982565 0.03833
vn -0.207988 0.923369 0.322694
vn -0.621236 0.60412 0.499104
vn -0.902699 -0.024324 0.429585
vn -0.794586 -0.604596 0.055641
vn -0.476517 -0.800345 -0.36384
vn -0.113972 -0.714856 -0.689922
vn 0.311873 -0.394765 -0.864231
vn 0.563405 0.774919 -0.286488
vn 0.584682 0.286241 -0.759087
vn 0.274738 0.949801 0.149653
vn -0.104212 0.881125 0.461259
vn -0.533419 0.569303 0.625587
vn -0.870053 -0.008847 0.492878
vn -0.850158 -0.525208 0.037249
vn -0.586094 -0.680407 -0.439931
vn -0.234608 -0.5736 -0.78482
vn 0.211943 -0.268433 -0.939693
vn 0.740487 0.65503 -0.150382
vn 0.721898 0.190899 -0.665147
vn 0.470735 0.821607 0.321512
vn 0.084557 0.753544 0.651936
vn -0.371117 0.449829 0.812359
vn -0.753146 -0.106579 0.649163
vn -0.77462 -0.612455 0.157679
vn -0.509836 -0.790976 -0.338267
vn -0.132884 -0.697054 -0.704597
vn 0.329052 -0.362828 -0.871826
vn 0.869046 0.493327 -0.037258
vn 0.819896 0.05844 -0.569521
vn 0.62992 0.635508 0.446465
vn 0.266022 0.564875 0.78112
vn -0.191394 0.283501 0.939678
vn -0.61413 -0.233584 0.753845
vn -0.672111 -0.703592 0.230708
vn -0.410649 -0.875087 -0.256107
vn -0.035695 -0.798429 -0.60103
vn 0.415504 -0.479361 -0.773026
vn 0.897988 0.439651 -0.018015
vn 0.802957 0.050168 -0.593922
vn 0.681356 0.551654 0.481074
vn 0.32975 0.476765 0.814837
vn -0.137726 0.216964 0.966415
vn -0.609164 -0.260518 0.749033
vn -0.712155 -0.679597 0.17602
vn -0.479587 -0.813323 -0.329396
vn -0.120925 -0.730827 -0.671765
vn 0.343975 -0.440556 -0.829212
vn 0.922841 0.385148 0.005161
vn 0.797223 0.031555 -0.60286
vn 0.716983 0.476679 0.508638
vn 0.372614 0.404102 0.83538
vn -0.103901 0.169392 0.980057
vn -0.617746 -0.270262 0.738477
vn -0.75103 -0.647655 0.128439
vn -0.532954 -0.755383 -0.381256
vn -0.183081 -0.675637 -0.71414
vn 0.293408 -0.416395 -0.860539
vn 0.944117 0.327821 0.034304
vn 0.801155 -0.002402 -0.598452
vn 0.739286 0.410614 0.533715
vn 0.398628 0.347825 0.848595
vn -0.085296 0.142343 0.986135
vn -0.636498 -0.262154 0.725359
vn -0.787419 -0.610315 0.086522
vn -0.572889 -0.705107 -0.417878
vn -0.227113 -0.63673 -0.736882
vn 0.259302 -0.411829 -0.87359
vn 0.9819 0.160692 0.100255
vn 0.833127 -0.182515 -0.522099
vn 0.770762 0.270514 0.576843
vn 0.438273 0.21416 0.872956
vn -0.020963 0.002125 0.999778
vn -0.553475 -0.381865 0.740165
vn -0.732409 -0.672096 0.10892
vn -0.551361 -0.738933 -0.38727
vn -0.219305 -0.691782 -0.688
vn 0.26952 -0.531335 -0.803145
vn 0.984519 -0.035778 0.171589
vn 0.82742 -0.380605 -0.412935
vn 0.77781 0.118407 0.617244
vn 0.447382 0.085095 0.890286
vn 0.011899 -0.126584 0.991884
vn -0.466308 -0.482546 0.741422
vn -0.663365 -0.730285 0.163189
vn -0.527606 -0.784926 -0.324842
vn -0.211437 -0.758073 -0.616944
vn 0.272868 -0.656242 -0.703483
vn 0.965553 -0.12679 0.227226
vn 0.802676 -0.486393 -0.345157
vn 0.753987 0.068335 0.653325
vn 0.411081 0.075804 0.908441
vn -0.039644 -0.093028 0.994874
vn -0.527589 -0.412813 0.742452
vn -0.723707 -0.667697 0.174437
vn -0.576411 -0.75874 -0.30342
vn -0.248792 -0.775534 -0.580216
vn 0.242228 -0.723241 -0.646721
vn 0.926515 -0.223286 0.302843
vn 0.750937 -0.614038 -0.243004
vn 0.717315 0.036403 0.695797
vn 0.365688 0.109025 0.92433
vn -0.101632 0.005108 0.994809
vn -0.607279 -0.279619 0.743657
vn -0.799449 -0.569788 0.190325
vn -0.635974 -0.724896 -0.264695
vn -0.299551 -0.803444 -0.514536
vn 0.190348 -0.811172 -0.552962
vn 0.86426 -0.328174 0.381257
vn 0.646584 -0.752883 -0.122869
vn 0.683818 0.020108 0.729375
vn 0.341335 0.187144 0.921123
vn -0.134257 0.179559 0.974543
vn -0.676286 -0.061001 0.734109
vn -0.885371 -0.41837 0.202694
vn -0.713906 -0.666467 -0.214848
vn -0.380231 -0.821798 -0.424349
vn 0.091524 -0.898261 -0.429827
vn 0.786928 -0.501189 0.359937
vn 0.423699 -0.90444 -0.049668
vn 0.705854 -0.068896 0.704999
vn 0.415557 0.199095 0.88751
vn -0.019011 0.30449 0.952326
vn -0.591923 0.174028 0.786983
vn -0.93362 -0.21404 0.2873
vn -0.814804 -0.560404 -0.148466
vn -0.50543 -0.787413 -0.352875
vn -0.080251 -0.929875 -0.359016
vn 0.428958 -0.861973 0.270179
vn -0.622808 -0.731791 0.276754
vn -0.503485 -0.856478 -0.113789
vn -0.131995 -0.880548 -0.455207
vn 0.424981 -0.665618 -0.613469
vn 0.826506 -0.292051 -0.481242
vn 0.976649 0.010701 -0.214576
vn 0.975271 0.193402 0.106966
vn 0.820677 0.231377 0.52245
vn 0.272654 -0.040327 0.961267
vn 0.615471 0.44769 0.648667
vn 0.045688 -0.033259 0.998402
vn 0.787675 0.582329 0.201149
vn 0.802706 0.564616 -0.192021
vn 0.663326 0.387315 -0.640301
vn 0.108968 -0.136435 -0.984638
vn -0.499138 -0.590231 -0.63442
vn -0.695364 -0.694577 -0.184476
vn -0.707943 -0.674004 0.211035
vn -0.538607 -0.521405 0.661846
vn 0.579699 0.480741 0.657904
vn -0.032787 0.045972 0.998405
vn 0.792307 0.570473 0.216356
vn 0.840622 0.514382 -0.169604
vn 0.736876 0.294572 -0.608474
vn 0.195496 -0.25082 -0.948088
vn -0.459008 -0.646011 -0.609903
vn -0.696288 -0.696381 -0.17389
vn -0.740314 -0.637746 0.21264
vn -0.602772 -0.451425 0.657937
vn 0.540786 0.520132 0.661069
vn -0.116111 0.141278 0.983137
vn 0.79578 0.557581 0.2363
vn 0.878575 0.458728 -0.132941
vn 0.811578 0.193234 -0.551364
vn 0.284258 -0.373083 -0.883179
vn -0.42029 -0.703496 -0.573105
vn -0.70059 -0.694817 -0.16249
vn -0.77744 -0.593637 0.207803
vn -0.672807 -0.368057 0.641767
vn 0.498194 0.565841 0.656983
vn -0.203774 0.249108 0.946795
vn 0.796147 0.545606 0.261658
vn 0.913288 0.399468 -0.079561
vn 0.882163 0.082693 -0.463628
vn 0.367221 -0.505874 -0.780539
vn -0.386758 -0.762172 -0.519146
vn -0.709031 -0.688872 -0.150766
vn -0.818201 -0.541661 0.192746
vn -0.746622 -0.27322 0.606553
vn 0.430107 0.666464 0.608962
vn -0.325528 0.41534 0.849426
vn 0.770374 0.584777 0.254086
vn 0.913922 0.401666 -0.058408
vn 0.905101 0.059609 -0.420998
vn 0.388046 -0.536884 -0.749117
vn -0.404489 -0.749022 -0.524743
vn -0.750131 -0.634002 -0.188001
vn -0.884224 -0.449352 0.127399
vn -0.848715 -0.134538 0.511451
vn 0.360617 0.782849 0.507053
vn -0.437771 0.596233 0.672951
vn 0.735494 0.644734 0.208246
vn 0.89544 0.438389 -0.077469
vn 0.893791 0.099245 -0.437365
vn 0.369091 -0.479692 -0.796033
vn -0.436588 -0.678067 -0.591283
vn -0.790176 -0.548186 -0.274068
vn -0.941229 -0.337582 0.011237
vn -0.936267 0.01921 0.350763
vn 0.337865 0.842132 0.42031
vn -0.486368 0.713313 0.50461
vn 0.733635 0.652802 0.188757
vn 0.908453 0.414358 -0.054963
vn 0.921203 0.051588 -0.385647
vn 0.403057 -0.526326 -0.748683
vn -0.419433 -0.679869 -0.601543
vn -0.790588 -0.513877 -0.333018
vn -0.957868 -0.272296 -0.091338
vn -0.972849 0.119397 0.198264
vn 0.342116 0.869548 0.356151
vn -0.497961 0.791356 0.354671
vn 0.746498 0.63536 0.197631
vn 0.931713 0.363109 0.00796
vn 0.96158 -0.036747 -0.272054
vn 0.453036 -0.632664 -0.628088
vn -0.39109 -0.725267 -0.5666
vn -0.776842 -0.51107 -0.367863
vn -0.954658 -0.23778 -0.179131
vn -0.981314 0.183176 0.058895
vn 0.356464 0.885642 0.297609
vn -0.487418 0.848869 0.204561
vn 0.757756 0.616368 0.214233
vn 0.944557 0.318279 0.080688
vn 0.983237 -0.110643 -0.144927
vn 0.483522 -0.722915 -0.493559
vn -0.369844 -0.765454 -0.526589
vn -0.759197 -0.512064 -0.40176
vn -0.939329 -0.214451 -0.267717
vn -0.970112 0.228307 -0.082213
vn 0.380308 0.896623 0.226791
vn -0.453232 0.890747 0.033926
vn 0.767524 0.601868 0.220597
vn 0.947758 0.287638 0.137913
vn 0.986859 -0.154911 -0.045951
vn 0.502161 -0.769083 -0.395406
vn -0.34434 -0.786398 -0.512843
vn -0.731546 -0.510608 -0.451797
vn -0.907989 -0.197831 -0.36935
vn -0.935705 0.259258 -0.239251
vn 0.417713 0.90075 0.119013
vn -0.380875 0.906487 -0.182251
vn 0.781228 0.592382 0.196892
vn 0.949811 0.269885 0.158183
vn 0.98523 -0.171149 -0.005397
vn 0.532444 -0.762463 -0.367633
vn -0.288273 -0.78528 -0.547937
vn -0.677862 -0.506718 -0.532672
vn -0.848133 -0.187468 -0.495506
vn -0.861995 0.274748 -0.426002
vn 0.456928 0.888785 0.035743
vn -0.290353 0.886987 -0.359096
vn 0.792214 0.578662 0.19377
vn 0.946753 0.249803 0.203117
vn 0.97822 -0.195083 0.070912
vn 0.556652 -0.776023 -0.296524
vn -0.23115 -0.800775 -0.552565
vn -0.616884 -0.517372 -0.59311
vn -0.776513 -0.192891 -0.59985
vn -0.76906 0.267932 -0.58031
vn 0.487628 0.872991 0.01027
vn -0.21078 0.858858 -0.466834
vn 0.791065 0.564479 0.235754
vn 0.927554 0.23057 0.294077
vn 0.951717 -0.224348 0.20953
vn 0.552578 -0.819905 -0.149714
vn -0.203109 -0.84096 -0.501531
vn -0.570236 -0.54451 -0.615094
vn -0.712412 -0.213868 -0.668379
vn -0.684852 0.245141 -0.686209
vn 0.512061 0.858863 -0.012178
vn -0.129899 0.815473 -0.56403
vn 0.780272 0.559325 0.279878
vn 0.895148 0.224524 0.385095
vn 0.908764 -0.234297 0.34533
vn 0.539075 -0.842257 -0.001168
vn -0.17233 -0.878605 -0.445372
vn -0.517445 -0.577452 -0.631506
vn -0.639511 -0.244549 -0.72885
vn -0.590797 0.20792 -0.779569
vn 0.517742 0.853786 -0.054696
vn -0.065888 0.744874 -0.663943
vn 0.756402 0.573597 0.314394
vn 0.849246 0.239496 0.470556
vn 0.851842 -0.216437 0.476991
vn 0.529328 -0.832755 0.162265
vn -0.12608 -0.921393 -0.367612
vn -0.455769 -0.624816 -0.63394
vn -0.559514 -0.290792 -0.776134
vn -0.492793 0.148735 -0.85734
vn 0.441996 0.86874 -0.223452
vn -0.022342 0.549342 -0.835299
vn 0.71766 0.646162 0.25969
vn 0.816094 0.312764 0.485972
vn 0.830653 -0.120393 0.543618
vn 0.617844 -0.715518 0.326041
vn 0.028801 -0.974254 -0.223606
vn -0.363925 -0.720326 -0.5905
vn -0.494248 -0.380253 -0.781746
vn -0.445697 0.03593 -0.894463
vn -0.44857 -0.857801 -0.250922
vn 0.620219 -0.737549 -0.267115
vn 0.50476 -0.85446 0.122947
vn 0.154717 -0.868567 0.470801
vn -0.404615 -0.644022 0.649247
vn -0.826212 -0.253805 0.502948
vn -0.97595 0.034541 0.21524
vn -0.975777 0.189536 -0.10925
vn -0.828205 0.212523 -0.518566
vn -0.282165 -0.054068 -0.957841
vn -0.66263 0.390678 -0.638977
vn -0.113932 -0.13865 -0.983766
vn -0.798818 0.571097 -0.189047
vn -0.780767 0.589436 0.207288
vn -0.601858 0.449704 0.65995
vn -0.022371 -0.046324 0.998676
vn 0.544119 -0.53102 0.649579
vn 0.703525 -0.680945 0.203387
vn 0.687726 -0.700994 -0.188789
vn 0.490479 -0.595645 -0.636111
vn -0.737778 0.298211 -0.605602
vn -0.20359 -0.250955 -0.946347
vn -0.837243 0.52063 -0.167238
vn -0.785371 0.578706 0.219755
vn -0.567077 0.486976 0.664287
vn 0.050611 0.039751 0.997927
vn 0.604908 -0.460079 0.649934
vn 0.734461 -0.645922 0.208209
vn 0.688017 -0.703975 -0.176214
vn 0.44948 -0.651499 -0.611161
vn -0.812053 0.195348 -0.549918
vn -0.289813 -0.375817 -0.88021
vn -0.875302 0.465106 -0.132369
vn -0.788495 0.567386 0.237377
vn -0.527201 0.529264 0.664785
vn 0.13437 0.136961 0.981421
vn 0.673923 -0.377821 0.634885
vn 0.770407 -0.603524 0.205502
vn 0.691538 -0.703903 -0.162161
vn 0.41137 -0.710285 -0.571201
vn -0.882853 0.083489 -0.46217
vn -0.371408 -0.509537 -0.776162
vn -0.910546 0.405588 -0.080028
vn -0.788924 0.556568 0.260443
vn -0.483918 0.577497 0.65751
vn 0.222641 0.24637 0.943256
vn 0.747077 -0.284238 0.600903
vn 0.810373 -0.553241 0.192923
vn 0.699467 -0.699237 -0.147696
vn 0.378285 -0.76941 -0.514693
vn -0.904165 0.053421 -0.423829
vn -0.380682 -0.546791 -0.745722
vn -0.913079 0.402918 -0.062806
vn -0.766758 0.592493 0.247051
vn -0.423243 0.678256 0.600695
vn 0.332787 0.420823 0.843896
vn 0.846969 -0.139843 0.512921
vn 0.87846 -0.458494 0.134503
vn 0.744663 -0.643132 -0.178487
vn 0.404226 -0.756043 -0.514782
vn -0.891281 0.084014 -0.445601
vn -0.346898 -0.497343 -0.795181
vn -0.897122 0.433238 -0.08647
vn -0.73709 0.64726 0.1943
vn -0.366068 0.79184 0.48886
vn 0.426168 0.611764 0.666428
vn 0.932111 0.023996 0.361376
vn 0.939464 -0.341608 0.026678
vn 0.791596 -0.554208 -0.257351
vn 0.447921 -0.683904 -0.575883
vn -0.918856 0.035319 -0.393009
vn -0.380063 -0.54365 -0.74833
vn -0.911086 0.407193 -0.064161
vn -0.737963 0.652244 0.173172
vn -0.349481 0.847444 0.399628
vn 0.46684 0.730879 0.497872
vn 0.968941 0.129018 0.21097
vn 0.959195 -0.273033 -0.07347
vn 0.79577 -0.51766 -0.314289
vn 0.434059 -0.684467 -0.585745
vn -0.959674 -0.050853 -0.276477
vn -0.434117 -0.646902 -0.626945
vn -0.93457 0.355778 0.000507
vn -0.752229 0.63284 0.183479
vn -0.35616 0.871546 0.336984
vn 0.476469 0.807346 0.348096
vn 0.978404 0.194483 0.070019
vn 0.958044 -0.236199 -0.162362
vn 0.783904 -0.512814 -0.350024
vn 0.40545 -0.728435 -0.552262
vn -0.981226 -0.123833 -0.147857
vn -0.465708 -0.735611 -0.491928
vn -0.947671 0.310433 0.074509
vn -0.764748 0.611886 0.201879
vn -0.372609 0.884461 0.280876
vn 0.463962 0.863255 0.198821
vn 0.967722 0.24119 -0.07309
vn 0.944346 -0.210426 -0.252847
vn 0.768055 -0.511393 -0.385446
vn 0.385038 -0.766862 -0.513486
vn -0.983862 -0.172153 -0.048778
vn -0.477543 -0.784149 -0.396312
vn -0.951708 0.276936 0.132511
vn -0.776812 0.593958 0.209232
vn -0.401565 0.890869 0.212362
vn 0.422131 0.905986 0.03155
vn 0.932929 0.276784 -0.230291
vn 0.915078 -0.189823 -0.355809
vn 0.743348 -0.505932 -0.43757
vn 0.36443 -0.784165 -0.502271
vn -0.979456 -0.201155 -0.014209
vn -0.486893 -0.787173 -0.378542
vn -0.956023 0.251221 0.151352
vn -0.79555 0.576359 0.186843
vn -0.451353 0.885385 0.111235
vn 0.328401 0.928381 -0.173961
vn 0.856059 0.306241 -0.416389
vn 0.858641 -0.170444 -0.483409
vn 0.696256 -0.494518 -0.520269
vn 0.322917 -0.777014 -0.540345
vn -0.969222 -0.240543 0.052418
vn -0.487791 -0.8116 -0.321506
vn -0.955695 0.220912 0.194539
vn -0.811358 0.553034 0.189344
vn -0.501952 0.863829 0.042929
vn 0.215852 0.916815 -0.335944
vn 0.755601 0.315379 -0.57411
vn 0.7885 -0.164937 -0.592507
vn 0.642958 -0.496292 -0.583352
vn 0.284226 -0.786152 -0.548798
vn -0.939322 -0.286029 0.189372
vn -0.464219 -0.864844 -0.191167
vn -0.93799 0.191307 0.289095
vn -0.813646 0.530063 0.238776
vn -0.541105 0.840297 0.033252
vn 0.11844 0.896733 -0.42643
vn 0.663961 0.306712 -0.681971
vn 0.724305 -0.175692 -0.666719
vn 0.600688 -0.513744 -0.612569
vn 0.268981 -0.816979 -0.510092
vn -0.889517 -0.325064 0.32108
vn -0.418243 -0.905335 -0.073769
vn -0.907213 0.16695 0.386124
vn -0.807771 0.509888 0.295838
vn -0.579352 0.814149 0.038889
vn 0.006548 0.870728 -0.491721
vn 0.556076 0.295831 -0.7767
vn 0.650401 -0.188553 -0.735817
vn 0.554503 -0.530705 -0.640999
vn 0.258978 -0.840187 -0.476462
vn -0.813879 -0.380019 0.439529
vn -0.334244 -0.942413 0.011794
vn -0.863512 0.136286 0.485564
vn -0.794114 0.487893 0.362412
vn -0.617648 0.783631 0.066587
vn -0.130608 0.848645 -0.512584
vn 0.422816 0.305342 -0.853225
vn 0.566475 -0.189868 -0.801908
vn 0.507062 -0.539875 -0.671881
vn 0.260228 -0.851601 -0.455035
vn -0.695052 -0.552145 0.460477
vn -0.237488 -0.963184 -0.126002
vn -0.827937 0.026965 0.560173
vn -0.796956 0.42046 0.433676
vn -0.679563 0.721111 0.13488
vn -0.337664 0.840831 -0.423068
vn 0.210683 0.422775 -0.881405
vn 0.466192 -0.106541 -0.878245
vn 0.476239 -0.489182 -0.730683
vn 0.305883 -0.811331 -0.498175
usemtl color_26
f 1//1 2//2 3//3
f 1//1 4//4 2//2
f 1//1 5//5 4//4
f 1//1 6//6 5//5
f 1//1 7//7 6//6
f 1//1 8//8 7//7
f 1//1 9//9 8//8
f 1//1 10//10 9//9
f 1//1 11//11 10//10
f 1//1 12//12 11//11
f 1//1 13//13 12//12
f 1//1 14//14 13//13
f 1//1 15//15 14//14
f 1//1 16//16 15//15
f 1//1 17//17 16//16
f 1//1 18//18 17//17
f 1//1 19//19 18//18
f 1//1 20//20 19//19
f 1//1 21//21 20//20
f 1//1 22//22 21//21
f 1//1 23//23 22//22
f 1//1 24//24 23//23
f 1//1 25//25 24//24
f 1//1 26//26 25//25
f 1//1 27//27 26//26
f 1//1 28//28 27//27
f 1//1 29//29 28//28
f 1//1 30//30 29//29
f 1//1 31//31 30//30
f 1//1 32//32 31//31
f 1//1 33//33 32//32
f 1//1 34//34 33//33
f 1//1 35//35 34//34
f 1//1 36//36 35//35
f 1//1 37//37 36//36
f 1//1 38//38 37//37
f 1//1 39//39 38//38
f 1//1 40//40 39//39
f 1//1 41//41 40//40
f 1//1 42//42 41//41
f 1//1 43//43 42//42
f 1//1 44//44 43//43
f 1//1 45//45 44//44
f 1//1 46//46 45//45
f 1//1 47//47 46//46
f 1//1 48//48 47//47
f 1//1 49//49 48//48
f 1//1 50//50 49//49
f 1//1 51//51 50//50
f 1//1 52//52 51//51
f 1//1 53//53 52//52
f 1//1 54//54 53//53
f 1//1 55//55 54//54
f 1//1 56//56 55//55
f 1//1 57//57 56//56
f 1//1 58//58 57//57
f 1//1 59//59 58//58
f 1//1 60//60 59//59
f 1//1 61//61 60//60
f 1//1 62//62 61//61
f 1//1 63//63 62//62
f 1//1 64//64 63//63
f 1//1 65//65 64//64
f 1//1 66//66 65//65
f 1//1 67//67 66//66
f 1//1 68//68 67//67
f 1//1 69//69 68//68
f 1//1 70//70 69//69
f 1//1 71//71 70//70
f 1//1 72//72 71//71
f 1//1 73//73 72//72
f 1//1 74//74 73//73
f 1//1 75//75 74//74
f 1//1 76//76 75//75
f 1//1 77//77 76//76
f 1//1 78//78 77//77
f 1//1 79//79 78//78
f 1//1 80//80 79//79
f 1//1 81//81 80//80
f 1//1 82//82 81//81
f 1//1 83//83 82//82
f 1//1 84//84 83//83
f 1//1 85//85 84//84
f 1//1 86//86 85//85
f 1//1 87//87 86//86
f 1//1 88//88 87//87
f 1//1 89//89 88//88
f 1//1 90//90 89//89
f 1//1 91//91 90//90
f 1//1 92//92 91//91
f 1//1 93//93 92//92
f 1//1 94//94 93//93
f 1//1 95//95 94//94
f 1//1 96//96 95//95
f 1//1 97//97 96//96
f 1//1 98//98 97//97
f 1//1 99//99 98//98
f 1//1 100//100 99//99
f 1//1 101//101 100//100
f 1//1 102//102 101//101
f 1//1 103//103 102//102
f 1//1 104//104 103//103
f 1//1 105//105 104//104
f 1//1 106//106 105//105
f 1//1 107//107 106//106
f 1//1 108//108 107//107
f 1//1 109//109 108//108
f 1//1 110//110 109//109
f 1//1 111//111 110//110
f 1//1 112//112 111//111
f 1//1 113//113 112//112
f 1//1 3//3 113//113
f 3//3 2//2 114//114
f 3//3 114//114 115//115
f 2//2 4//4 116//116
f 2//2 116//116 114//114
f 4//4 5//5 117//117
f 4//4 117//117 116//116
f 5//5 6//6 118//118
f 5//5 118//118 117//117
f 6//6 7//7 119//119
f 6//6 119//119 118//118
f 7//7 8//8 120//120
f 7//7 120//120 119//119
f 8//8 9//9 121//121
f 8//8 121//121 120//120
f 9//9 10//10 122//122
f 9//9 122//122 121//121
f 10//10 11//11 123//123
f 10//10 123//123 122//122
f 11//11 12//12 124//124
f 11//11 124//124 123//123
f 12//12 13//13 125//125
f 12//12 125//125 124//124
f 13//13 14//14 126//126
f 13//13 126//126 125//125
f 14//14 15//15 127//127
f 14//14 127//127 126//126
f 15//15 16//16 128//128
f 15//15 128//128 127//127
f 16//16 17//17 129//129
f 16//16 129//129 128//128
f 17//17 18//18 130//130
f 17//17 130//130 129//129
f 18//18 19//19 131//131
f 18//18 131//131 130//130
f 19//19 20//20 132//132
f 19//19 132//132 131//131
f 20//20 21//21 133//133
f 20//20 133//133 132//132
f 21//21 22//22 134//134
f 21//21 134//134 133//133
f 22//22 23//23 135//135
f 22//22 135//135 134//134
f 23//23 24//24 136//136
f 23//23 136//136 135//135
f 24//24 25//25 137//137
f 24//24 137//137 136//136
f 25//25 26//26 138//138
f 25//25 138//138 137//137
f 26//26 27//27 139//139
f 26//26 139//139 138//138
f 27//27 28//28 140//140
f 27//27 140//140 139//139
f 28//28 29//29 141//141
f 28//28 141//141 140//140
f 29//29 30//30 142//142
f 29//29 142//142 141//141
f 30//30 31//31 143//143
f 30//30 143//143 142//142
f 31//31 32//32 144//144
f 31//31 144//144 143//143
f 32//32 33//33 145//145
f 32//32 145//145 144//144
f 33//33 34//34 146//146
f 33//33 146//146 145//145
f 34//34 35//35 147//147
f 34//34 147//147 146//146
f 35//35 36//36 148//148
f 35//35 148//148 147//147
f 36//36 37//37 149//149
f 36//36 149//149 148//148
f 37//37 38//38 150//150
f 37//37 150//150 149//149
f 38//38 39//39 151//151
f 38//38 151//151 150//150
f 39//39 40//40 152//152
f 39//39 152//152 151//151
f 40//40 41//41 153//153
f 40//40 153//153 152//152
f 41//41 42//42 154//154
f 41//41 154//154 153//153
f 42//42 43//43 155//155
f 42//42 155//155 154//154
f 43//43 44//44 156//156
f 43//43 156//156 155//155
f 44//44 45//45 157//157
f 44//44 157//157 156//156
f 45//45 46//46 158//158
f 45//45 158//158 157//157
f 46//46 47//47 159//159
f 46//46 159//159 158//158
f 47//47 48//48 160//160
f 47//47 160//160 159//159
f 48//48 49//49 161//161
f 48//48 161//161 160//160
f 49//49 50//50 162//162
f 49//49 162//162 161//161
f 50//50 51//51 163//163
f 50//50 163//163 162//162
f 51//51 52//52 164//164
f 51//51 164//164 163//163
f 52//52 53//53 165//165
f 52//52 165//165 164//164
f 53//53 54//54 166//166
f 53//53 166//166 165//165
f 54//54 55//55 167//167
f 54//54 167//167 166//166
f 55//55 56//56 168//168
f 55//55 168//168 167//167
f 56//56 57//57 169//169
f 56//56 169//169 168//168
f 57//57 58//58 170//170
f 57//57 170//170 169//169
f 58//58 59//59 171//171
f 58//58 171//171 170//170
f 59//59 60//60 172//172
f 59//59 172//172 171//171
f 60//60 61//61 173//173
f 60//60 173//173 172//172
f 61//61 62//62 174//174
f 61//61 174//174 173//173
f 62//62 63//63 175//175
f 62//62 175//175 174//174
f 63//63 64//64 176//176
f 63//63 176//176 175//175
f 64//64 65//65 177//177
f 64//64 177//177 176//176
f 65//65 66//66 178//178
f 65//65 178//178 177//177
f 66//66 67//67 179//179
f 66//66 179//179 178//178
f 67//67 68//68 180//180
f 67//67 180//180 179//179
f 68//68 69//69 181//181
f 68//68 181//181 180//180
f 69//69 70//70 182//182
f 69//69 182//182 181//181
f 70//70 71//71 183//183
f 70//70 183//183 182//182
f 71//71 72//72 184//184
f 71//71 184//184 183//183
f 72//72 73//73 185//185
f 72//72 185//185 184//184
f 73//73 74//74 186//186
f 73//73 186//186 185//185
f 74//74 75//75 187//187
f 74//74 187//187 186//186
f 75//75 76//76 188//188
f 75//75 188//188 187//187
f 76//76 77//77 189//189
f 76//76 189//189 188//188
f 77//77 78//78 190//190
f 77//77 190//190 189//189
f 78//78 79//79 191//191
f 78//78 191//191 190//190
f 79//79 80//80 192//192
f 79//79 192//192 191//191
f 80//80 81//81 193//193
f 80//80 193//193 192//192
f 81//81 82//82 194//194
f 81//81 194//194 193//193
f 82//82 83//83 195//195
f 82//82 195//195 194//194
f 83//83 84//84 196//196
f 83//83 196//196 195//195
f 84//84 85//85 197//197
f 84//84 197//197 196//196
f 85//85 86//86 198//198
f 85//85 198//198 197//197
f 86//86 87//87 199//199
f 86//86 199//199 198//198
f 87//87 88//88 200//200
f 87//87 200//200 199//199
f 88//88 89//89 201//201
f 88//88 201//201 200//200
f 89//89 90//90 202//202
f 89//89 202//202 201//201
f 90//90 91//91 203//203
f 90//90 203//203 202//202
f 91//91 92//92 204//204
f 91//91 204//204 203//203
f 92//92 93//93 205//205
f 92//92 205//205 204//204
f 93//93 94//94 206//206
f 93//93 206//206 205//205
f 94//94 95//95 207//207
f 94//94 207//207 206//206
f 95//95 96//96 208//208
f 95//95 208//208 207//207
f 96//96 97//97 209//209
f 96//96 209//209 208//208
f 97//97 98//98 210//210
f 97//97 210//210 209//209
f 98//98 99//99 211//211
f 98//98 211//211 210//210
f 99//99 100//100 212//212
f 99//99 212//212 211//211
f 100//100 101//101 213//213
f 100//100 213//213 212//212
f 101//101 102//102 214//214
f 101//101 214//214 213//213
f 102//102 103//103 215//215
f 102//102 215//215 214//214
f 103//103 104//104 216//216
f 103//103 216//216 215//215
f 104//104 105//105 217//217
f 104//104 217//217 216//216
f 105//105 106//106 218//218
f 105//105 218//218 217//217
f 106//106 107//107 219//219
f 106//106 219//219 218//218
f 107//107 108//108 220//220
f 107//107 220//220 219//219
f 108//108 109//109 221//221
f 108//108 221//221 220//220
f 109//109 110//110 222//222
f 109//109 222//222 221//221
f 110//110 111//111 223//223
f 110//110 223//223 222//222
f 111//111 112//112 224//224
f 111//111 224//224 223//223
f 112//112 113//113 225//225
f 112//112 225//225 224//224
f 113//113 3//3 115//115
f 113//113 115//115 225//225
f 115//115 114//114 226//226
f 115//115 226//226 227//227
f 114//114 116//116 228//228
f 114//114 228//228 226//226
f 116//116 117//117 229//229
f 116//116 229//229 228//228
f 117//117 118//118 230//230
f 117//117 230//230 229//229
f 118//118 119//119 231//231
f 118//118 231//231 230//230
f 119//119 120//120 232//232
f 119//119 232//232 231//231
f 120//120 121//121 233//233
f 120//120 233//233 232//232
f 121//121 122//122 234//234
f 121//121 234//234 233//233
f 122//122 123//123 235//235
f 122//122 235//235 234//234
f 123//123 124//124 236//236
f 123//123 236//236 235//235
f 124//124 125//125 237//237
f 124//124 237//237 236//236
f 125//125 126//126 238//238
f 125//125 238//238 237//237
f 126//126 127//127 239//239
f 126//126 239//239 238//238
f 127//127 128//128 240//240
f 127//127 240//240 239//239
f 128//128 129//129 241//241
f 128//128 241//241 240//240
f 129//129 130//130 242//242
f 129//129 242//242 241//241
f 130//130 131//131 243//243
f 130//130 243//243 242//242
f 131//131 132//132 244//244
f 131//131 244//244 243//243
f 132//132 133//133 245//245
f 132//132 245//245 244//244
f 133//133 134//134 246//246
f 133//133 246//246 245//245
f 134//134 135//135 247//247
f 134//134 247//247 246//246
f 135//135 136//136 248//248
f 135//135 248//248 247//247
f 136//136 137//137 249//249
f 136//136 249//249 248//248
f 137//137 138//138 250//250
f 137//137 250//250 249//249
f 138//138 139//139 251//251
f 138//138 251//251 250//250
f 139//139 140//140 252//252
f 139//139 252//252 251//251
f 140//140 141//141 253//253
f 140//140 253//253 252//252
f 141//141 142//142 254//254
f 141//141 254//254 253//253
f 142//142 143//143 255//255
f 142//142 255//255 254//254
f 143//143 144//144 256//256
f 143//143 256//256 255//255
f 144//144 145//145 257//257
f 144//144 257//257 256//256
f 145//145 146//146 258//258
f 145//145 258//258 257//257
f 146//146 147//147 259//259
f 146//146 259//259 258//258
f 147//147 148//148 260//260
f 147//147 260//260 259//259
f 148//148 149//149 261//261
f 148//148 261//261 260//260
f 149//149 150//150 262//262
f 149//149 262//262 261//261
f 150//150 151//151 263//263
f 150//150 263//263 262//262
f 151//151 152//152 264//264
f 151//151 264//264 263//263
f 152//152 153//153 265//265
f 152//152 265//265 264//264
f 153//153 154//154 266//266
f 153//153 266//266 265//265
f 154//154 155//155 267//267
f 154//154 267//267 266//266
f 155//155 156//156 268//268
f 155//155 268//268 267//267
f 156//156 157//157 269//269
f 156//156 269//269 268//268
f 157//157 158//158 270//270
f 157//157 270//270 269//269
f 158//158 159//159 271//271
f 158//158 271//271 270//270
f 159//159 160//160 272//272
f 159//159 272//272 271//271
f 160//160 161//161 273//273
f 160//160 273//273 272//272
f 161//161 162//162 274//274
f 161//161 274//274 273//273
f 162//162 163//163 275//275
f 162//162 275//275 274//274
f 163//163 164//164 276//276
f 163//163 276//276 275//275
f 164//164 165//165 277//277
f 164//164 277//277 276//276
f 165//165 166//166 278//278
f 165//165 278//278 277//277
f 166//166 167//167 279//279
f 166//166 279//279 278//278
f 167//167 168//168 280//280
f 167//167 280//280 279//279
f 168//168 169//169 281//281
f 168//168 281//281 280//280
f 169//169 170//170 282//282
f 169//169 282//282 281//281
f 170//170 171//171 283//283
f 170//170 283//283 282//282
f 171//171 172//172 284//284
f 171//171 284//284 283//283
f 172//172 173//173 285//285
f 172//172 285//285 284//284
f 173//173 174//174 286//286
f 173//173 286//286 285//285
f 174//174 175//175 287//287
f 174//174 287//287 286//286
f 175//175 176//176 288//288
f 175//175 288//288 287//287
f 176//176 177//177 289//289
f 176//176 289//289 288//288
f 177//177 178//178 290//290
f 177//177 290//290 289//289
f 178//178 179//179 291//291
f 178//178 291//291 290//290
f 179//179 180//180 292//292
f 179//179 292//292 291//291
f 180//180 181//181 293//293
f 180//180 293//293 292//292
f 181//181 182//182 294//294
f 181//181 294//294 293//293
f 182//182 183//183 295//295
f 182//182 295//295 294//294
f 183//183 184//184 296//296
f 183//183 296//296 295//295
f 184//184 185//185 297//297
f 184//184 297//297 296//296
f 185//185 186//186 298//298
f 185//185 298//298 297//297
f 186//186 187//187 299//299
f 186//186 299//299 298//298
f 187//187 188//188 300//300
f 187//187 300//300 299//299
f 188//188 189//189 301//301
f 188//188 301//301 300//300
f 189//189 190//190 302//302
f 189//189 302//302 301//301
f 190//190 191//191 303//303
f 190//190 303//303 302//302
f 191//191 192//192 304//304
f 191//191 304//304 303//303
f 192//192 193//193 305//305
f 192//192 305//305 304//304
f 193//193 194//194 306//306
f 193//193 306//306 305//305
f 194//194 195//195 307//307
f 194//194 307//307 306//306
f 195//195 196//196 308//308
f 195//195 308//308 307//307
f 196//196 197//197 309//309
f 196//196 309//309 308//308
f 197//197 198//198 310//310
f 197//197 310//310 309//309
f 198//198 199//199 311//311
f 198//198 311//311 310//310
f 199//199 200//200 312//312
f 199//199 312//312 311//311
f 200//200 201//201 313//313
f 200//200 313//313 312//312
f 201//201 202//202 314//314
f 201//201 314//314 313//313
f 202//202 203//203 315//315
f 202//202 315//315 314//314
f 203//203 204//204 316//316
f 203//203 316//316 315//315
f 204//204 205//205 317//317
f 204//204 317//317 316//316
f 205//205 206//206 318//318
f 205//205 318//318 317//317
f 206//206 207//207 319//319
f 206//206 319//319 318//318
f 207//207 208//208 320//320
f 207//207 320//320 319//319
f 208//208 209//209 321//321
f 208//208 321//321 320//320
f 209//209 210//210 322//322
f 209//209 322//322 321//321
f 210//210 211//211 323//323
f 210//210 323//323 322//322
f 211//211 212//212 324//324
f 211//211 324//324 323//323
f 212//212 213//213 325//325
f 212//212 325//325 324//324
f 213//213 214//214 326//326
f 213//213 326//326 325//325
f 214//214 215//215 327//327
f 214//214 327//327 326//326
f 215//215 216//216 328//328
f 215//215 328//328 327//327
f 216//216 217//217 329//329
f 216//216 329//329 328//328
f 217//217 218//218 330//330
f 217//217 330//330 329//329
f 218//218 219//219 331//331
f 218//218 331//331 330//330
f 219//219 220//220 332//332
f 219//219 332//332 331//331
f 220//220 221//221 333//333
f 220//220 333//333 332//332
f 221//221 222//222 334//334
f 221//221 334//334 333//333
f 222//222 223//223 335//335
f 222//222 335//335 334//334
f 223//223 224//224 336//336
f 223//223 336//336 335//335
f 224//224 225//225 337//337
f 224//224 337//337 336//336
f 225//225 115//115 227//227
f 225//225 227//227 337//337
f 227//227 226//226 338//338
f 227//227 338//338 339//339
f 226//226 228//228 340//340
f 226//226 340//340 338//338
f 228//228 229//229 341//341
f 228//228 341//341 340//340
f 229//229 230//230 342//342
f 229//229 342//342 341//341
f 230//230 231//231 343//343
f 230//230 343//343 342//342
f 231//231 232//232 344//344
f 231//231 344//344 343//343
f 232//232 233//233 345//345
f 232//232 345//345 344//344
f 233//233 234//234 346//346
f 233//233 346//346 345//345
f 234//234 235//235 347//347
f 234//234 347//347 346//346
f 235//235 236//236 348//348
f 235//235 348//348 347//347
f 236//236 237//237 349//349
f 236//236 349//349 348//348
f 237//237 238//238 350//350
f 237//237 350//350 349//349
f 238//238 239//239 351//351
f 238//238 351//351 350//350
f 239//239 240//240 352//352
f 239//239 352//352 351//351
f 240//240 241//241 353//353
f 240//240 353//353 352//352
f 241//241 242//242 354//354
f 241//241 354//354 353//353
f 242//242 243//243 355//355
f 242//242 355//355 354//354
f 243//243 244//244 356//356
f 243//243 356//356 355//355
f 244//244 245//245 357//357
f 244//244 357//357 356//356
f 245//245 246//246 358//358
f 245//245 358//358 357//357
f 246//246 247//247 359//359
f 246//246 359//359 358//358
f 247//247 248//248 360//360
f 247//247 360//360 359//359
f 248//248 249//249 361//361
f 248//248 361//361 360//360
f 249//249 250//250 362//362
f 249//249 362//362 361//361
f 250//250 251//251 363//363
f 250//250 363//363 362//362
f 251//251 252//252 364//364
f 251//251 364//364 363//363
f 252//252 253//253 365//365
f 252//252 365//365 364//364
f 253//253 254//254 366//366
f 253//253 366//366 365//365
f 254//254 255//255 367//367
f 254//254 367//367 366//366
f 255//255 256//256 368//368
f 255//255 368//368 367//367
f 256//256 257//257 369//369
f 256//256 369//369 368//368
f 257//257 258//258 370//370
f 257//257 370//370 369//369
f 258//258 259//259 371//371
f 258//258 371//371 370//370
f 259//259 260//260 372//372
f 259//259 372//372 371//371
f 260//260 261//261 373//373
f 260//260 373//373 372//372
f 261//261 262//262 374//374
f 261//261 374//374 373//373
f 262//262 263//263 375//375
f 262//262 375//375 374//374
f 263//263 264//264 376//376
f 263//263 376//376 375//375
f 264//264 265//265 377//377
f 264//264 377//377 376//376
f 265//265 266//266 378//378
f 265//265 378//378 377//377
f 266//266 267//267 379//379
f 266//266 379//379 378//378
f 267//267 268//268 380//380
f 267//267 380//380 379//379
f 268//268 269//269 381//381
f 268//268 381//381 380//380
f 269//269 270//270 382//382
f 269//269 382//382 381//381
f 270//270 271//271 383//383
f 270//270 383//383 382//382
f 271//271 272//272 384//384
f 271//271 384//384 383//383
f 272//272 273//273 385//385
f 272//272 385//385 384//384
f 273//273 274//274 386//386
f 273//273 386//386 385//385
f 274//274 275//275 387//387
f 274//274 387//387 386//386
f 275//275 276//276 388//388
f 275//275 388//388 387//387
f 276//276 277//277 389//389
f 276//276 389//389 388//388
f 277//277 278//278 390//390
f 277//277 390//390 389//389
f 278//278 279//279 391//391
f 278//278 391//391 390//390
f 279//279 280//280 392//392
f 279//279 392//392 391//391
f 280//280 281//281 393//393
f 280//280 393//393 392//392
f 281//281 282//282 394//394
f 281//281 394//394 393//393
f 282//282 283//283 395//395
f 282//282 395//395 394//394
f 283//283 284//284 396//396
f 283//283 396//396 395//395
f 284//284 285//285 397//397
f 284//284 397//397 396//396
f 285//285 286//286 398//398
f 285//285 398//398 397//397
f 286//286 287//287 399//399
f 286//286 399//399 398//398
f 287//287 288//288 400//400
f 287//287 400//400 399//399
f 288//288 289//289 401//401
f 288//288 401//401 400//400
f 289//289 290//290 402//402
f 289//289 402//402 401//401
f 290//290 291//291 403//403
f 290//290 403//403 402//402
f 291//291 292//292 404//404
f 291//291 404//404 403//403
f 292//292 293//293 405//405
f 292//292 405//405 404//404
f 293//293 294//294 406//406
f 293//293 406//406 405//405
f 294//294 295//295 407//407
f 294//294 407//407 406//406
f 295//295 296//296 408//408
f 295//295 408//408 407//407
f 296//296 297//297 409//409
f 296//296 409//409 408//408
f 297//297 298//298 410//410
f 297//297 410//410 409//409
f 298//298 299//299 411//411
f 298//298 411//411 410//410
f 299//299 300//300 412//412
f 299//299 412//412 411//411
f 300//300 301//301 413//413
f 300//300 413//413 412//412
f 301//301 302//302 414//414
f 301//301 414//414 413//413
f 302//302 303//303 415//415
f 302//302 415//415 414//414
f 303//303 304//304 416//416
f 303//303 416//416 415//415
f 304//304 305//305 417//417
f 304//304 417//417 416//416
f 305//305 306//306 418//418
f 305//305 418//418 417//417
f 306//306 307//307 419//419
f 306//306 419//419 418//418
f 307//307 308//308 420//420
f 307//307 420//420 419//419
f 308//308 309//309 421//421
f 308//308 421//421 420//420
f 309//309 310//310 422//422
f 309//309 422//422 421//421
f 310//310 311//311 423//423
f 310//310 423//423 422//422
f 311//311 312//312 424//424
f 311//311 424//424 423//423
f 312//312 313//313 425//425
f 312//312 425//425 424//424
f 313//313 314//314 426//426
f 313//313 426//426 425//425
f 314//314 315//315 427//427
f 314//314 427//427 426//426
f 315//315 316//316 428//428
f 315//315 428//428 427//427
f 316//316 317//317 429//429
f 316//316 429//429 428//428
f 317//317 318//318 430//430
f 317//317 430//430 429//429
f 318//318 319//319 431//431
f 318//318 431//431 430//430
f 319//319 320//320 432//432
f 319//319 432//432 431//431
f 320//320 321//321 433//433
f 320//320 433//433 432//432
f 321//321 322//322 434//434
f 321//321 434//434 433//433
f 322//322 323//323 435//435
f 322//322 435//435 434//434
f 323//323 324//324 436//436
f 323//323 436//436 435//435
f 324//324 325//325 437//437
f 324//324 437//437 436//436
f 325//325 326//326 438//438
f 325//325 438//438 437//437
f 326//326 327//327 439//439
f 326//326 439//439 438//438
f 327//327 328//328 440//440
f 327//327 440//440 439//439
f 328//328 329//329 441//441
f 328//328 441//441 440//440
f 329//329 330//330 442//442
f 329//329 442//442 441//441
f 330//330 331//331 443//443
f 330//330 443//443 442//442
f 331//331 332//332 444//444
f 331//331 444//444 443//443
f 332//332 333//333 445//445
f 332//332 445//445 444//444
f 333//333 334//334 446//446
f 333//333 446//446 445//445
f 334//334 335//335 447//447
f 334//334 447//447 446//446
f 335//335 336//336 448//448
f 335//335 448//448 447//447
f 336//336 337//337 449//449
f 336//336 449//449 448//448
f 337//337 227//227 339//339
f 337//337 339//339 449//449
f 339//339 338//338 450//450
f 339//339 450//450 451//451
f 338//338 340//340 452//452
f 338//338 452//452 450//450
f 340//340 341//341 453//453
f 340//340 453//453 452//452
f 341//341 342//342 454//454
f 341//341 454//454 453//453
f 342//342 343//343 455//455
f 342//342 455//455 454//454
f 343//343 344//344 456//456
f 343//343 456//456 455//455
f 344//344 345//345 457//457
f 344//344 457//457 456//456
f 345//345 346//346 458//458
f 345//345 458//458 457//457
f 346//346 347//347 459//459
f 346//346 459//459 458//458
f 347//347 348//348 460//460
f 347//347 460//460 459//459
f 348//348 349//349 461//461
f 348//348 461//461 460//460
f 349//349 350//350 462//462
f 349//349 462//462 461//461
f 350//350 351//351 463//463
f 350//350 463//463 462//462
f 351//351 352//352 464//464
f 351//351 464//464 463//463
f 352//352 353//353 465//465
f 352//352 465//465 464//464
f 353//353 354//354 466//466
f 353//353 466//466 465//465
f 354//354 355//355 467//467
f 354//354 467//467 466//466
f 355//355 356//356 468//468
f 355//355 468//468 467//467
f 356//356 357//357 469//469
f 356//356 469//469 468//468
f 357//357 358//358 470//470
f 357//357 470//470 469//469
f 358//358 359//359 471//471
f 358//358 471//471 470//470
f 359//359 360//360 472//472
f 359//359 472//472 471//471
f 360//360 361//361 473//473
f 360//360 473//473 472//472
f 361//361 362//362 474//474
f 361//361 474//474 473//473
f 362//362 363//363 475//475
f 362//362 475//475 474//474
f 363//363 364//364 476//476
f 363//363 476//476 475//475
f 364//364 365//365 477//477
f 364//364 477//477 476//476
f 365//365 366//366 478//478
f 365//365 478//478 477//477
f 366//366 367//367 479//479
f 366//366 479//479 478//478
f 367//367 368//368 480//480
f 367//367 480//480 479//479
f 368//368 369//369 481//481
f 368//368 481//481 480//480
f 369//369 370//370 482//482
f 369//369 482//482 481//481
f 370//370 371//371 483//483
f 370//370 483//483 482//482
f 371//371 372//372 484//484
f 371//371 484//484 483//483
f 372//372 373//373 485//485
f 372//372 485//485 484//484
f 373//373 374//374 486//486
f 373//373 486//486 485//485
f 374//374 375//375 487//487
f 374//374 487//487 486//486
f 375//375 376//376 488//488
f 375//375 488//488 487//487
f 376//376 377//377 489//489
f 376//376 489//489 488//488
f 377//377 378//378 490//490
f 377//377 490//490 489//489
f 378//378 379//379 491//491
f 378//378 491//491 490//490
f 379//379 380//380 492//492
f 379//379 492//492 491//491
f 380//380 381//381 493//493
f 380//380 493//493 492//492
f 381//381 382//382 494//494
f 381//381 494//494 493//493
f 382//382 383//383 495//495
f 382//382 495//495 494//494
f 383//383 384//384 496//496
f 383//383 496//496 495//495
f 384//384 385//385 497//497
f 384//384 497//497 496//496
f 385//385 386//386 498//498
f 385//385 498//498 497//497
f 386//386 387//387 499//499
f 386//386 499//499 498//498
f 387//387 388//388 500//500
f 387//387 500//500 499//499
f 388//388 389//389 501//501
f 388//388 501//501 500//500
f 389//389 390//390 502//502
f 389//389 502//502 501//501
f 390//390 391//391 503//503
f 390//390 503//503 502//502
f 391//391 392//392 504//504
f 391//391 504//504 503//503
f 392//392 393//393 505//505
f 392//392 505//505 504//504
f 393//393 394//394 506//506
f 393//393 506//506 505//505
f 394//394 395//395 507//507
f 394//394 507//507 506//506
f 395//395 396//396 508//508
f 395//395 508//508 507//507
f 396//396 397//397 509//509
f 396//396 509//509 508//508
f 397//397 398//398 510//510
f 397//397 510//510 509//509
f 398//398 399//399 511//511
f 398//398 511//511 510//510
f 399//399 400//400 512//512
f 399//399 512//512 511//511
f 400//400 401//401 513//513
f 400//400 513//513 512//512
f 401//401 402//402 514//514
f 401//401 514//514 513//513
f 402//402 403//403 515//515
f 402//402 515//515 514//514
f 403//403 404//404 516//516
f 403//403 516//516 515//515
f 404//404 405//405 517//517
f 404//404 517//517 516//516
f 405//405 406//406 518//518
f 405//405 518//518 517//517
f 406//406 407//407 519//519
f 406//406 519//519 518//518
f 407//407 408//408 520//520
f 407//407 520//520 519//519
f 408//408 409//409 521//521
f 408//408 521//521 520//520
f 409//409 410//410 522//522
f 409//409 522//522 521//521
f 410//410 411//411 523//523
f 410//410 523//523 522//522
f 411//411 412//412 524//524
f 411//411 524//524 523//523
f 412//412 413//413 525//525
f 412//412 525//525 524//524
f 413//413 414//414 526//526
f 413//413 526//526 525//525
f 414//414 415//415 527//527
f 414//414 527//527 526//526
f 415//415 416//416 528//528
f 415//415 528//528 527//527
f 416//416 417//417 529//529
f 416//416 529//529 528//528
f 417//417 418//418 530//530
f 417//417 530//530 529//529
f 418//418 419//419 531//531
f 418//418 531//531 530//530
f 419//419 420//420 532//532
f 419//419 532//532 531//531
f 420//420 421//421 533//533
f 420//420 533//533 532//532
f 421//421 422//422 534//534
f 421//421 534//534 533//533
f 422//422 423//423 535//535
f 422//422 535//535 534//534
f 423//423 424//424 536//536
f 423//423 536//536 535//535
f 424//424 425//425 537//537
f 424//424 537//537 536//536
f 425//425 426//426 538//538
f 425//425 538//538 537//537
f 426//426 427//427 539//539
f 426//426 539//539 538//538
f 427//427 428//428 540//540
f 427//427 540//540 539//539
f 428//428 429//429 541//541
f 428//428 541//541 540//540
f 429//429 430//430 542//542
f 429//429 542//542 541//541
f 430//430 431//431 543//543
f 430//430 543//543 542//542
f 431//431 432//432 544//544
f 431//431 544//544 543//543
f 432//432 433//433 545//545
f 432//432 545//545 544//544
f 433//433 434//434 546//546
f 433//433 546//546 545//545
f 434//434 435//435 547//547
f 434//434 547//547 546//546
f 435//435 436//436 548//548
f 435//435 548//548 547//547
f 436//436 437//437 549//549
f 436//436 549//549 548//548
f 437//437 438//438 550//550
f 437//437 550//550 549//549
f 438//438 439//439 551//551
f 438//438 551//551 550//550
f 439//439 440//440 552//552
f 439//439 552//552 551//551
f 440//440 441//441 553//553
f 440//440 553//553 552//552
f 441//441 442//442 554//554
f 441//441 554//554 553//553
f 442//442 443//443 555//555
f 442//442 555//555 554//554
f 443//443 444//444 556//556
f 443//443 556//556 555//555
f 444//444 445//445 557//557
f 444//444 557//557 556//556
f 445//445 446//446 558//558
f 445//445 558//558 557//557
f 446//446 447//447 559//559
f 446//446 559//559 558//558
f 447//447 448//448 560//560
f 447//447 560//560 559//559
f 448//448 449//449 561//561
f 448//448 561//561 560//560
f 449//449 339//339 451//451
f 449//449 451//451 561//561
f 451//451 450//450 562//562
f 451//451 562//562 563//563
f 450//450 452//452 564//564
f 450//450 564//564 562//562
f 452//452 453//453 565//565
f 452//452 565//565 564//564
f 453//453 454//454 566//566
f 453//453 566//566 565//565
f 454//454 455//455 567//567
f 454//454 567//567 566//566
f 455//455 456//456 568//568
f 455//455 568//568 567//567
f 456//456 457//457 569//569
f 456//456 569//569 568//568
f 457//457 458//458 570//570
f 457//457 570//570 569//569
f 458//458 459//459 571//571
f 458//458 571//571 570//570
f 459//459 460//460 572//572
f 459//459 572//572 571//571
f 460//460 461//461 573//573
f 460//460 573//573 572//572
f 461//461 462//462 574//574
f 461//461 574//574 573//573
f 462//462 463//463 575//575
f 462//462 575//575 574//574
f 463//463 464//464 576//576
f 463//463 576//576 575//575
f 464//464 465//465 577//577
f 464//464 577//577 576//576
f 465//465 466//466 578//578
f 465//465 578//578 577//577
f 466//466 467//467 579//579
f 466//466 579//579 578//578
f 467//467 468//468 580//580
f 467//467 580//580 579//579
f 468//468 469//469 581//581
f 468//468 581//581 580//580
f 469//469 470//470 582//582
f 469//469 582//582 581//581
f 470//470 471//471 583//583
f 470//470 583//583 582//582
f 471//471 472//472 584//584
f 471//471 584//584 583//583
f 472//472 473//473 585//585
f 472//472 585//585 584//584
f 473//473 474//474 586//586
f 473//473 586//586 585//585
f 474//474 475//475 587//587
f 474//474 587//587 586//586
f 475//475 476//476 588//588
f 475//475 588//588 587//587
f 476//476 477//477 589//589
f 476//476 589//589 588//588
f 477//477 478//478 590//590
f 477//477 590//590 589//589
f 478//478 479//479 591//591
f 478//478 591//591 590//590
f 479//479 480//480 592//592
f 479//479 592//592 591//591
f 480//480 481//481 593//593
f 480//480 593//593 592//592
f 481//481 482//482 594//594
f 481//481 594//594 593//593
f 482//482 483//483 595//595
f 482//482 595//595 594//594
f 483//483 484//484 596//596
f 483//483 596//596 595//595
f 484//484 485//485 597//597
f 484//484 597//597 596//596
f 485//485 486//486 598//598
f 485//485 598//598 597//597
f 486//486 487//487 599//599
f 486//486 599//599 598//598
f 487//487 488//488 600//600
f 487//487 600//600 599//599
f 488//488 489//489 601//601
f 488//488 601//601 600//600
f 489//489 490//490 602//602
f 489//489 602//602 601//601
f 490//490 491//491 603//603
f 490//490 603//603 602//602
f 491//491 492//492 604//604
f 491//491 604//604 603//603
f 492//492 493//493 605//605
f 492//492 605//605 604//604
f 493//493 494//494 606//606
f 493//493 606//606 605//605
f 494//494 495//495 607//607
f 494//494 607//607 606//606
f 495//495 496//496 608//608
f 495//495 608//608 607//607
f 496//496 497//497 609//609
f 496//496 609//609 608//608
f 497//497 498//498 610//610
f 497//497 610//610 609//609
f 498//498 499//499 611//611
f 498//498 611//611 610//610
f 499//499 500//500 612//612
f 499//499 612//612 611//611
f 500//500 501//501 613//613
f 500//500 613//613 612//612
f 501//501 502//502 614//614
f 501//501 614//614 613//613
f 502//502 503//503 615//615
f 502//502 615//615 614//614
f 503//503 504//504 616//616
f 503//503 616//616 615//615
f 504//504 505//505 617//617
f 504//504 617//617 616//616
f 505//505 506//506 618//618
f 505//505 618//618 617//617
f 506//506 507//507 619//619
f 506//506 619//619 618//618
f 507//507 508//508 620//620
f 507//507 620//620 619//619
f 508//508 509//509 621//621
f 508//508 621//621 620//620
f 509//509 510//510 622//622
f 509//509 622//622 621//621
f 510//510 511//511 623//623
f 510//510 623//623 622//622
f 511//511 512//512 624//624
f 511//511 624//624 623//623
f 512//512 513//513 625//625
f 512//512 625//625 624//624
f 513//513 514//514 626//626
f 513//513 626//626 625//625
f 514//514 515//515 627//627
f 514//514 627//627 626//626
f 515//515 516//516 628//628
f 515//515 628//628 627//627
f 516//516 517//517 629//629
f 516//516 629//629 628//628
f 517//517 518//518 630//630
f 517//517 630//630 629//629
f 518//518 519//519 631//631
f 518//518 631//631 630//630
f 519//519 520//520 632//632
f 519//519 632//632 631//631
f 520//520 521//521 633//633
f 520//520 633//633 632//632
f 521//521 522//522 634//634
f 521//521 634//634 633//633
f 522//522 523//523 635//635
f 522//522 635//635 634//634
f 523//523 524//524 636//636
f 523//523 636//636 635//635
f 524//524 525//525 637//637
f 524//524 637//637 636//636
f 525//525 526//526 638//638
f 525//525 638//638 637//637
f 526//526 527//527 639//639
f 526//526 639//639 638//638
f 527//527 528//528 640//640
f 527//527 640//640 639//639
f 528//528 529//529 641//641
f 528//528 641//641 640//640
f 529//529 530//530 642//642
f 529//529 642//642 641//641
f 530//530 531//531 643//643
f 530//530 643//643 642//642
f 531//531 532//532 644//644
f 531//531 644//644 643//643
f 532//532 533//533 645//645
f 532//532 645//645 644//644
f 533//533 534//534 646//646
f 533//533 646//646 645//645
f 534//534 535//535 647//647
f 534//534 647//647 646//646
f 535//535 536//536 648//648
f 535//535 648//648 647//647
f 536//536 537//537 649//649
f 536//536 649//649 648//648
f 537//537 538//538 650//650
f 537//537 650//650 649//649
f 538//538 539//539 651//651
f 538//538 651//651 650//650
f 539//539 540//540 652//652
f 539//539 652//652 651//651
f 540//540 541//541 653//653
f 540//540 653//653 652//652
f 541//541 542//542 654//654
f 541//541 654//654 653//653
f 542//542 543//543 655//655
f 542//542 655//655 654//654
f 543//543 544//544 656//656
f 543//543 656//656 655//655
f 544//544 545//545 657//657
f 544//544 657//657 656//656
f 545//545 546//546 658//658
f 545//545 658//658 657//657
f 546//546 547//547 659//659
f 546//546 659//659 658//658
f 547//547 548//548 660//660
f 547//547 660//660 659//659
f 548//548 549//549 661//661
f 548//548 661//661 660//660
f 549//549 550//550 662//662
f 549//549 662//662 661//661
f 550//550 551//551 663//663
f 550//550 663//663 662//662
f 551//551 552//552 664//664
f 551//551 664//664 663//663
f 552//552 553//553 665//665
f 552//552 665//665 664//664
f 553//553 554//554 666//666
f 553//553 666//666 665//665
f 554//554 555//555 667//667
f 554//554 667//667 666//666
f 555//555 556//556 668//668
f 555//555 668//668 667//667
f 556//556 557//557 669//669
f 556//556 669//669 668//668
f 557//557 558//558 670//670
f 557//557 670//670 669//669
f 558//558 559//559 671//671
f 558//558 671//671 670//670
f 559//559 560//560 672//672
f 559//559 672//672 671//671
f 560//560 561//561 673//673
f 560//560 673//673 672//672
f 561//561 451//451 563//563
f 561//561 563//563 673//673
f 563//563 562//562 674//674
f 563//563 674//674 675//675
f 562//562 564//564 676//676
f 562//562 676//676 674//674
f 564//564 565//565 677//677
f 564//564 677//677 676//676
f 565//565 566//566 678//678
f 565//565 678//678 677//677
f 566//566 567//567 679//679
f 566//566 679//679 678//678
f 567//567 568//568 680//680
f 567//567 680//680 679//679
f 568//568 569//569 681//681
f 568//568 681//681 680//680
f 569//569 570//570 682//682
f 569//569 682//682 681//681
f 570//570 571//571 683//683
f 570//570 683//683 682//682
f 571//571 572//572 684//684
f 571//571 684//684 683//683
f 572//572 573//573 685//685
f 572//572 685//685 684//684
f 573//573 574//574 686//686
f 573//573 686//686 685//685
f 574//574 575//575 687//687
f 574//574 687//687 686//686
f 575//575 576//576 688//688
f 575//575 688//688 687//687
f 576//576 577//577 689//689
f 576//576 689//689 688//688
f 577//577 578//578 690//690
f 577//577 690//690 689//689
f 578//578 579//579 691//691
f 578//578 691//691 690//690
f 579//579 580//580 692//692
f 579//579 692//692 691//691
f 580//580 581//581 693//693
f 580//580 693//693 692//692
f 581//581 582//582 694//694
f 581//581 694//694 693//693
f 582//582 583//583 695//695
f 582//582 695//695 694//694
f 583//583 584//584 696//696
f 583//583 696//696 695//695
f 584//584 585//585 697//697
f 584//584 697//697 696//696
f 585//585 586//586 698//698
f 585//585 698//698 697//697
f 586//586 587//587 699//699
f 586//586 699//699 698//698
f 587//587 588//588 700//700
f 587//587 700//700 699//699
f 588//588 589//589 701//701
f 588//588 701//701 700//700
f 589//589 590//590 702//702
f 589//589 702//702 701//701
f 590//590 591//591 703//703
f 590//590 703//703 702//702
f 591//591 592//592 704//704
f 591//591 704//704 703//703
f 592//592 593//593 705//705
f 592//592 705//705 704//704
f 593//593 594//594 706//706
f 593//593 706//706 705//705
f 594//594 595//595 707//707
f 594//594 707//707 706//706
f 595//595 596//596 708//708
f 595//595 708//708 707//707
f 596//596 597//597 709//709
f 596//596 709//709 708//708
f 597//597 598//598 710//710
f 597//597 710//710 709//709
f 598//598 599//599 711//711
f 598//598 711//711 710//710
f 599//599 600//600 712//712
f 599//599 712//712 711//711
f 600//600 601//601 713//713
f 600//600 713//713 712//712
f 601//601 602//602 714//714
f 601//601 714//714 713//713
f 602//602 603//603 715//715
f 602//602 715//715 714//714
f 603//603 604//604 716//716
f 603//603 716//716 715//715
f 604//604 605//605 717//717
f 604//604 717//717 716//716
f 605//605 606//606 718//718
f 605//605 718//718 717//717
f 606//606 607//607 719//719
f 606//606 719//719 718//718
f 607//607 608//608 720//720
f 607//607 720//720 719//719
f 608//608 609//609 721//721
f 608//608 721//721 720//720
f 609//609 610//610 722//722
f 609//609 722//722 721//721
f 610//610 611//611 723//723
f 610//610 723//723 722//722
f 611//611 612//612 724//724
f 611//611 724//724 723//723
f 612//612 613//613 725//725
f 612//612 725//725 724//724
f 613//613 614//614 726//726
f 613//613 726//726 725//725
f 614//614 615//615 727//727
f 614//614 727//727 726//726
f 615//615 616//616 728//728
f 615//615 728//728 727//727
f 616//616 617//617 729//729
f 616//616 729//729 728//728
f 617//617 618//618 730//730
f 617//617 730//730 729//729
f 618//618 619//619 731//731
f 618//618 731//731 730//730
f 619//619 620//620 732//732
f 619//619 732//732 731//731
f 620//620 621//621 733//733
f 620//620 733//733 732//732
f 621//621 622//622 734//734
f 621//621 734//734 733//733
f 622//622 623//623 735//735
f 622//622 735//735 734//734
f 623//623 624//624 736//736
f 623//623 736//736 735//735
f 624//624 625//625 737//737
f 624//624 737//737 736//736
f 625//625 626//626 738//738
f 625//625 738//738 737//737
f 626//626 627//627 739//739
f 626//626 739//739 738//738
f 627//627 628//628 740//740
f 627//627 740//740 739//739
f 628//628 629//629 741//741
f 628//628 741//741 740//740
f 629//629 630//630 742//742
f 629//629 742//742 741//741
f 630//630 631//631 743//743
f 630//630 743//743 742//742
f 631//631 632//632 744//744
f 631//631 744//744 743//743
f 632//632 633//633 745//745
f 632//632 745//745 744//744
f 633//633 634//634 746//746
f 633//633 746//746 745//745
f 634//634 635//635 747//747
f 634//634 747//747 746//746
f 635//635 636//636 748//748
f 635//635 748//748 747//747
f 636//636 637//637 749//749
f 636//636 749//749 748//748
f 637//637 638//638 750//750
f 637//637 750//750 749//749
f 638//638 639//639 751//751
f 638//638 751//751 750//750
f 639//639 640//640 752//752
f 639//639 752//752 751//751
f 640//640 641//641 753//753
f 640//640 753//753 752//752
f 641//641 642//642 754//754
f 641//641 754//754 753//753
f 642//642 643//643 755//755
f 642//642 755//755 754//754
f 643//643 644//644 756//756
f 643//643 756//756 755//755
f 644//644 645//645 757//757
f 644//644 757//757 756//756
f 645//645 646//646 758//758
f 645//645 758//758 757//757
f 646//646 647//647 759//759
f 646//646 759//759 758//758
f 647//647 648//648 760//760
f 647//647 760//760 759//759
f 648//648 649//649 761//761
f 648//648 761//761 760//760
f 649//649 650//650 762//762
f 649//649 762//762 761//761
f 650//650 651//651 763//763
f 650//650 763//763 762//762
f 651//651 652//652 764//764
f 651//651 764//764 763//763
f 652//652 653//653 765//765
f 652//652 765//765 764//764
f 653//653 654//654 766//766
f 653//653 766//766 765//765
f 654//654 655//655 767//767
f 654//654 767//767 766//766
f 655//655 656//656 768//768
f 655//655 768//768 767//767
f 656//656 657//657 769//769
f 656//656 769//769 768//768
f 657//657 658//658 770//770
f 657//657 770//770 769//769
f 658//658 659//659 771//771
f 658//658 771//771 770//770
f 659//659 660//660 772//772
f 659//659 772//772 771//771
f 660//660 661//661 773//773
f 660//660 773//773 772//772
f 661//661 662//662 774//774
f 661//661 774//774 773//773
f 662//662 663//663 775//775
f 662//662 775//775 774//774
f 663//663 664//664 776//776
f 663//663 776//776 775//775
f 664//664 665//665 777//777
f 664//664 777//777 776//776
f 665//665 666//666 778//778
f 665//665 778//778 777//777
f 666//666 667//667 779//779
f 666//666 779//779 778//778
f 667//667 668//668 780//780
f 667//667 780//780 779//779
f 668//668 669//669 781//781
f 668//668 781//781 780//780
f 669//669 670//670 782//782
f 669//669 782//782 781//781
f 670//670 671//671 783//783
f 670//670 783//783 782//782
f 671//671 672//672 784//784
f 671//671 784//784 783//783
f 672//672 673//673 785//785
f 672//672 785//785 784//784
f 673//673 563//563 675//675
f 673//673 675//675 785//785
f 675//675 674//674 786//786
f 675//675 786//786 787//787
f 674//674 676//676 788//788
f 674//674 788//788 786//786
f 676//676 677//677 789//789
f 676//676 789//789 788//788
f 677//677 678//678 790//790
f 677//677 790//790 789//789
f 678//678 679//679 791//791
f 678//678 791//791 790//790
f 679//679 680//680 792//792
f 679//679 792//792 791//791
f 680//680 681//681 793//793
f 680//680 793//793 792//792
f 681//681 682//682 794//794
f 681//681 794//794 793//793
f 682//682 683//683 795//795
f 682//682 795//795 794//794
f 683//683 684//684 796//796
f 683//683 796//796 795//795
f 684//684 685//685 797//797
f 684//684 797//797 796//796
f 685//685 686//686 798//798
f 685//685 798//798 797//797
f 686//686 687//687 799//799
f 686//686 799//799 798//798
f 687//687 688//688 800//800
f 687//687 800//800 799//799
f 688//688 689//689 801//801
f 688//688 801//801 800//800
f 689//689 690//690 802//802
f 689//689 802//802 801//801
f 690//690 691//691 803//803
f 690//690 803//803 802//802
f 691//691 692//692 804//804
f 691//691 804//804 803//803
f 692//692 693//693 805//805
f 692//692 805//805 804//804
f 693//693 694//694 806//806
f 693//693 806//806 805//805
f 694//694 695//695 807//807
f 694//694 807//807 806//806
f 695//695 696//696 808//808
f 695//695 808//808 807//807
f 696//696 697//697 809//809
f 696//696 809//809 808//808
f 697//697 698//698 810//810
f 697//697 810//810 809//809
f 698//698 699//699 811//811
f 698//698 811//811 810//810
f 699//699 700//700 812//812
f 699//699 812//812 811//811
f 700//700 701//701 813//813
f 700//700 813//813 812//812
f 701//701 702//702 814//814
f 701//701 814//814 813//813
f 702//702 703//703 815//815
f 702//702 815//815 814//814
f 703//703 704//704 816//816
f 703//703 816//816 815//815
f 704//704 705//705 817//817
f 704//704 817//817 816//816
f 705//705 706//706 818//818
f 705//705 818//818 817//817
f 706//706 707//707 819//819
f 706//706 819//819 818//818
f 707//707 708//708 820//820
f 707//707 820//820 819//819
f 708//708 709//709 821//821
f 708//708 821//821 820//820
f 709//709 710//710 822//822
f 709//709 822//822 821//821
f 710//710 711//711 823//823
f 710//710 823//823 822//822
f 711//711 712//712 824//824
f 711//711 824//824 823//823
f 712//712 713//713 825//825
f 712//712 825//825 824//824
f 713//713 714//714 826//826
f 713//713 826//826 825//825
f 714//714 715//715 827//827
f 714//714 827//827 826//826
f 715//715 716//716 828//828
f 715//715 828//828 827//827
f 716//716 717//717 829//829
f 716//716 829//829 828//828
f 717//717 718//718 830//830
f 717//717 830//830 829//829
f 718//718 719//719 831//831
f 718//718 831//831 830//830
f 719//719 720//720 832//832
f 719//719 832//832 831//831
f 720//720 721//721 833//833
f 720//720 833//833 832//832
f 721//721 722//722 834//834
f 721//721 834//834 833//833
f 722//722 723//723 835//835
f 722//722 835//835 834//834
f 723//723 724//724 836//836
f 723//723 836//836 835//835
f 724//724 725//725 837//837
f 724//724 837//837 836//836
f 725//725 726//726 838//838
f 725//725 838//838 837//837
f 726//726 727//727 839//839
f 726//726 839//839 838//838
f 727//727 728//728 840//840
f 727//727 840//840 839//839
f 728//728 729//729 841//841
f 728//728 841//841 840//840
f 729//729 730//730 842//842
f 729//729 842//842 841//841
f 730//730 731//731 843//843
f 730//730 843//843 842//842
f 731//731 732//732 844//844
f 731//731 844//844 843//843
f 732//732 733//733 845//845
f 732//732 845//845 844//844
f 733//733 734//734 846//846
f 733//733 846//846 845//845
f 734//734 735//735 847//847
f 734//734 847//847 846//846
f 735//735 736//736 848//848
f 735//735 848//848 847//847
f 736//736 737//737 849//849
f 736//736 849//849 848//848
f 737//737 738//738 850//850
f 737//737 850//850 849//849
f 738//738 739//739 851//851
f 738//738 851//851 850//850
f 739//739 740//740 852//852
f 739//739 852//852 851//851
f 740//740 741//741 853//853
f 740//740 853//853 852//852
f 741//741 742//742 854//854
f 741//741 854//854 853//853
f 742//742 743//743 855//855
f 742//742 855//855 854//854
f 743//743 744//744 856//856
f 743//743 856//856 855//855
f 744//744 745//745 857//857
f 744//744 857//857 856//856
f 745//745 746//746 858//858
f 745//745 858//858 857//857
f 746//746 747//747 859//859
f 746//746 859//859 858//858
f 747//747 748//748 860//860
f 747//747 860//860 859//859
f 748//748 749//749 861//861
f 748//748 861//861 860//860
f 749//749 750//750 862//862
f 749//749 862//862 861//861
f 750//750 751//751 863//863
f 750//750 863//863 862//862
f 751//751 752//752 864//864
f 751//751 864//864 863//863
f 752//752 753//753 865//865
f 752//752 865//865 864//864
f 753//753 754//754 866//866
f 753//753 866//866 865//865
f 754//754 755//755 867//867
f 754//754 867//867 866//866
f 755//755 756//756 868//868
f 755//755 868//868 867//867
f 756//756 757//757 869//869
f 756//756 869//869 868//868
f 757//757 758//758 870//870
f 757//757 870//870 869//869
f 758//758 759//759 871//871
f 758//758 871//871 870//870
f 759//759 760//760 872//872
f 759//759 872//872 871//871
f 760//760 761//761 873//873
f 760//760 873//873 872//872
f 761//761 762//762 874//874
f 761//761 874//874 873//873
f 762//762 763//763 875//875
f 762//762 875//875 874//874
f 763//763 764//764 876//876
f 763//763 876//876 875//875
f 764//764 765//765 877//877
f 764//764 877//877 876//876
f 765//765 766//766 878//878
f 765//765 878//878 877//877
f 766//766 767//767 879//879
f 766//766 879//879 878//878
f 767//767 768//768 880//880
f 767//767 880//880 879//879
f 768//768 769//769 881//881
f 768//768 881//881 880//880
f 769//769 770//770 882//882
f 769//769 882//882 881//881
f 770//770 771//771 883//883
f 770//770 883//883 882//882
f 771//771 772//772 884//884
f 771//771 884//884 883//883
f 772//772 773//773 885//885
f 772//772 885//885 884//884
f 773//773 774//774 886//886
f 773//773 886//886 885//885
f 774//774 775//775 887//887
f 774//774 887//887 886//886
f 775//775 776//776 888//888
f 775//775 888//888 887//887
f 776//776 777//777 889//889
f 776//776 889//889 888//888
f 777//777 778//778 890//890
f 777//777 890//890 889//889
f 778//778 779//779 891//891
f 778//778 891//891 890//890
f 779//779 780//780 892//892
f 779//779 892//892 891//891
f 780//780 781//781 893//893
f 780//780 893//893 892//892
f 781//781 782//782 894//894
f 781//781 894//894 893//893
f 782//782 783//783 895//895
f 782//782 895//895 894//894
f 783//783 784//784 896//896
f 783//783 896//896 895//895
f 784//784 785//785 897//897
f 784//784 897//897 896//896
f 785//785 675//675 787//787
f 785//785 787//787 897//897
f 787//787 786//786 898//898
f 787//787 898//898 899//899
f 786//786 788//788 900//900
f 786//786 900//900 898//898
f 788//788 789//789 901//901
f 788//788 901//901 900//900
f 789//789 790//790 902//902
f 789//789 902//902 901//901
f 790//790 791//791 903//903
f 790//790 903//903 902//902
f 791//791 792//792 904//904
f 791//791 904//904 903//903
f 792//792 793//793 905//905
f 792//792 905//905 904//904
f 793//793 794//794 906//906
f 793//793 906//906 905//905
f 794//794 795//795 907//907
f 794//794 907//907 906//906
f 795//795 796//796 908//908
f 795//795 908//908 907//907
f 796//796 797//797 909//909
f 796//796 909//909 908//908
f 797//797 798//798 910//910
f 797//797 910//910 909//909
f 798//798 799//799 911//911
f 798//798 911//911 910//910
f 799//799 800//800 912//912
f 799//799 912//912 911//911
f 800//800 801//801 913//913
f 800//800 913//913 912//912
f 801//801 802//802 914//914
f 801//801 914//914 913//913
f 802//802 803//803 915//915
f 802//802 915//915 914//914
f 803//803 804//804 916//916
f 803//803 916//916 915//915
f 804//804 805//805 917//917
f 804//804 917//917 916//916
f 805//805 806//806 918//918
f 805//805 918//918 917//917
f 806//806 807//807 919//919
f 806//806 919//919 918//918
f 807//807 808//808 920//920
f 807//807 920//920 919//919
f 808//808 809//809 921//921
f 808//808 921//921 920//920
f 809//809 810//810 922//922
f 809//809 922//922 921//921
f 810//810 811//811 923//923
f 810//810 923//923 922//922
f 811//811 812//812 924//924
f 811//811 924//924 923//923
f 812//812 813//813 925//925
f 812//812 925//925 924//924
f 813//813 814//814 926//926
f 813//813 926//926 925//925
f 814//814 815//815 927//927
f 814//814 927//927 926//926
f 815//815 816//816 928//928
f 815//815 928//928 927//927
f 816//816 817//817 929//929
f 816//816 929//929 928//928
f 817//817 818//818 930//930
f 817//817 930//930 929//929
f 818//818 819//819 931//931
f 818//818 931//931 930//930
f 819//819 820//820 932//932
f 819//819 932//932 931//931
f 820//820 821//821 933//933
f 820//820 933//933 932//932
f 821//821 822//822 934//934
f 821//821 934//934 933//933
f 822//822 823//823 935//935
f 822//822 935//935 934//934
f 823//823 824//824 936//936
f 823//823 936//936 935//935
f 824//824 825//825 937//937
f 824//824 937//937 936//936
f 825//825 826//826 938//938
f 825//825 938//938 937//937
f 826//826 827//827 939//939
f 826//826 939//939 938//938
f 827//827 828//828 940//940
f 827//827 940//940 939//939
f 828//828 829//829 941//941
f 828//828 941//941 940//940
f 829//829 830//830 942//942
f 829//829 942//942 941//941
f 830//830 831//831 943//943
f 830//830 943//943 942//942
f 831//831 832//832 944//944
f 831//831 944//944 943//943
f 832//832 833//833 945//945
f 832//832 945//945 944//944
f 833//833 834//834 946//946
f 833//833 946//946 945//945
f 834//834 835//835 947//947
f 834//834 947//947 946//946
f 835//835 836//836 948//948
f 835//835 948//948 947//947
f 836//836 837//837 949//949
f 836//836 949//949 948//948
f 837//837 838//838 950//950
f 837//837 950//950 949//949
f 838//838 839//839 951//951
f 838//838 951//951 950//950
f 839//839 840//840 952//952
f 839//839 952//952 951//951
f 840//840 841//841 953//953
f 840//840 953//953 952//952
f 841//841 842//842 954//954
f 841//841 954//954 953//953
f 842//842 843//843 955//955
f 842//842 955//955 954//954
f 843//843 844//844 956//956
f 843//843 956//956 955//955
f 844//844 845//845 957//957
f 844//844 957//957 956//956
f 845//845 846//846 958//958
f 845//845 958//958 957//957
f 846//846 847//847 959//959
f 846//846 959//959 958//958
f 847//847 848//848 960//960
f 847//847 960//960 959//959
f 848//848 849//849 961//961
f 848//848 961//961 960//960
f 849//849 850//850 962//962
f 849//849 962//962 961//961
f 850//850 851//851 963//963
f 850//850 963//963 962//962
f 851//851 852//852 964//964
f 851//851 964//964 963//963
f 852//852 853//853 965//965
f 852//852 965//965 964//964
f 853//853 854//854 966//966
f 853//853 966//966 965//965
f 854//854 855//855 967//967
f 854//854 967//967 966//966
f 855//855 856//856 968//968
f 855//855 968//968 967//967
f 856//856 857//857 969//969
f 856//856 969//969 968//968
f 857//857 858//858 970//970
f 857//857 970//970 969//969
f 858//858 859//859 971//971
f 858//858 971//971 970//970
f 859//859 860//860 972//972
f 859//859 972//972 971//971
f 860//860 861//861 973//973
f 860//860 973//973 972//972
f 861//861 862//862 974//974
f 861//861 974//974 973//973
f 862//862 863//863 975//975
f 862//862 975//975 974//974
f 863//863 864//864 976//976
f 863//863 976//976 975//975
f 864//864 865//865 977//977
f 864//864 977//977 976//976
f 865//865 866//866 978//978
f 865//865 978//978 977//977
f 866//866 867//867 979//979
f 866//866 979//979 978//978
f 867//867 868//868 980//980
f 867//867 980//980 979//979
f 868//868 869//869 981//981
f 868//868 981//981 980//980
f 869//869 870//870 982//982
f 869//869 982//982 981//981
f 870//870 871//871 983//983
f 870//870 983//983 982//982
f 871//871 872//872 984//984
f 871//871 984//984 983//983
f 872//872 873//873 985//985
f 872//872 985//985 984//984
f 873//873 874//874 986//986
f 873//873 986//986 985//985
f 874//874 875//875 987//987
f 874//874 987//987 986//986
f 875//875 876//876 988//988
f 875//875 988//988 987//987
f 876//876 877//877 989//989
f 876//876 989//989 988//988
f 877//877 878//878 990//990
f 877//877 990//990 989//989
f 878//878 879//879 991//991
f 878//878 991//991 990//990
f 879//879 880//880 992//992
f 879//879 992//992 991//991
f 880//880 881//881 993//993
f 880//880 993//993 992//992
f 881//881 882//882 994//994
f 881//881 994//994 993//993
f 882//882 883//883 995//995
f 882//882 995//995 994//994
f 883//883 884//884 996//996
f 883//883 996//996 995//995
f 884//884 885//885 997//997
f 884//884 997//997 996//996
f 885//885 886//886 998//998
f 885//885 998//998 997//997
f 886//886 887//887 999//999
f 886//886 999//999 998//998
f 887//887 888//888 1000//1000
f 887//887 1000//1000 999//999
f 888//888 889//889 1001//1001
f 888//888 1001//1001 1000//1000
f 889//889 890//890 1002//1002
f 889//889 1002//1002 1001//1001
f 890//890 891//891 1003//1003
f 890//890 1003//1003 1002//1002
f 891//891 892//892 1004//1004
f 891//891 1004//1004 1003//1003
f 892//892 893//893 1005//1005
f 892//892 1005//1005 1004//1004
f 893//893 894//894 1006//1006
f 893//893 1006//1006 1005//1005
f 894//894 895//895 1007//1007
f 894//894 1007//1007 1006//1006
f 895//895 896//896 1008//1008
f 895//895 1008//1008 1007//1007
f 896//896 897//897 1009//1009
f 896//896 1009//1009 1008//1008
f 897//897 787//787 899//899
f 897//897 899//899 1009//1009
f 899//899 898//898 1010//1010
f 899//899 1010//1010 1011//1011
f 898//898 900//900 1012//1012
f 898//898 1012//1012 1010//1010
f 900//900 901//901 1013//1013
f 900//900 1013//1013 1012//1012
f 901//901 902//902 1014//1014
f 901//901 1014//1014 1013//1013
f 902//902 903//903 1015//1015
f 902//902 1015//1015 1014//1014
f 903//903 904//904 1016//1016
f 903//903 1016//1016 1015//1015
f 904//904 905//905 1017//1017
f 904//904 1017//1017 1016//1016
f 905//905 906//906 1018//1018
f 905//905 1018//1018 1017//1017
f 906//906 907//907 1019//1019
f 906//906 1019//1019 1018//1018
f 907//907 908//908 1020//1020
f 907//907 1020//1020 1019//1019
f 908//908 909//909 1021//1021
f 908//908 1021//1021 1020//1020
f 909//909 910//910 1022//1022
f 909//909 1022//1022 1021//1021
f 910//910 911//911 1023//1023
f 910//910 1023//1023 1022//1022
f 911//911 912//912 1024//1024
f 911//911 1024//1024 1023//1023
f 912//912 913//913 1025//1025
f 912//912 1025//1025 1024//1024
f 913//913 914//914 1026//1026
f 913//913 1026//1026 1025//1025
f 914//914 915//915 1027//1027
f 914//914 1027//1027 1026//1026
f 915//915 916//916 1028//1028
f 915//915 1028//1028 1027//1027
f 916//916 917//917 1029//1029
f 916//916 1029//1029 1028//1028
f 917//917 918//918 1030//1030
f 917//917 1030//1030 1029//1029
f 918//918 919//919 1031//1031
f 918//918 1031//1031 1030//1030
f 919//919 920//920 1032//1032
f 919//919 1032//1032 1031//1031
f 920//920 921//921 1033//1033
f 920//920 1033//1033 1032//1032
f 921//921 922//922 1034//1034
f 921//921 1034//1034 1033//1033
f 922//922 923//923 1035//1035
f 922//922 1035//1035 1034//1034
f 923//923 924//924 1036//1036
f 923//923 1036//1036 1035//1035
f 924//924 925//925 1037//1037
f 924//924 1037//1037 1036//1036
f 925//925 926//926 1038//1038
f 925//925 1038//1038 1037//1037
f 926//926 927//927 1039//1039
f 926//926 1039//1039 1038//1038
f 927//927 928//928 1040//1040
f 927//927 1040//1040 1039//1039
f 928//928 929//929 1041//1041
f 928//928 1041//1041 1040//1040
f 929//929 930//930 1042//1042
f 929//929 1042//1042 1041//1041
f 930//930 931//931 1043//1043
f 930//930 1043//1043 1042//1042
f 931//931 932//932 1044//1044
f 931//931 1044//1044 1043//1043
f 932//932 933//933 1045//1045
f 932//932 1045//1045 1044//1044
f 933//933 934//934 1046//1046
f 933//933 1046//1046 1045//1045
f 934//934 935//935 1047//1047
f 934//934 1047//1047 1046//1046
f 935//935 936//936 1048//1048
f 935//935 1048//1048 1047//1047
f 936//936 937//937 1049//1049
f 936//936 1049//1049 1048//1048
f 937//937 938//938 1050//1050
f 937//937 1050//1050 1049//1049
f 938//938 939//939 1051//1051
f 938//938 1051//1051 1050//1050
f 939//939 940//940 1052//1052
f 939//939 1052//1052 1051//1051
f 940//940 941//941 1053//1053
f 940//940 1053//1053 1052//1052
f 941//941 942//942 1054//1054
f 941//941 1054//1054 1053//1053
f 942//942 943//943 1055//1055
f 942//942 1055//1055 1054//1054
f 943//943 944//944 1056//1056
f 943//943 1056//1056 1055//1055
f 944//944 945//945 1057//1057
f 944//944 1057//1057 1056//1056
f 945//945 946//946 1058//1058
f 945//945 1058//1058 1057//1057
f 946//946 947//947 1059//1059
f 946//946 1059//1059 1058//1058
f 947//947 948//948 1060//1060
f 947//947 1060//1060 1059//1059
f 948//948 949//949 1061//1061
f 948//948 1061//1061 1060//1060
f 949//949 950//950 1062//1062
f 949//949 1062//1062 1061//1061
f 950//950 951//951 1063//1063
f 950//950 1063//1063 1062//1062
f 951//951 952//952 1064//1064
f 951//951 1064//1064 1063//1063
f 952//952 953//953 1065//1065
f 952//952 1065//1065 1064//1064
f 953//953 954//954 1066//1066
f 953//953 1066//1066 1065//1065
f 954//954 955//955 1067//1067
f 954//954 1067//1067 1066//1066
f 955//955 956//956 1068//1068
f 955//955 1068//1068 1067//1067
f 956//956 957//957 1069//1069
f 956//956 1069//1069 1068//1068
f 957//957 958//958 1070//1070
f 957//957 1070//1070 1069//1069
f 958//958 959//959 1071//1071
f 958//958 1071//1071 1070//1070
f 959//959 960//960 1072//1072
f 959//959 1072//1072 1071//1071
f 960//960 961//961 1073//1073
f 960//960 1073//1073 1072//1072
f 961//961 962//962 1074//1074
f 961//961 1074//1074 1073//1073
f 962//962 963//963 1075//1075
f 962//962 1075//1075 1074//1074
f 963//963 964//964 1076//1076
f 963//963 1076//1076 1075//1075
f 964//964 965//965 1077//1077
f 964//964 1077//1077 1076//1076
f 965//965 966//966 1078//1078
f 965//965 1078//1078 1077//1077
f 966//966 967//967 1079//1079
f 966//966 1079//1079 1078//1078
f 967//967 968//968 1080//1080
f 967//967 1080//1080 1079//1079
f 968//968 969//969 1081//1081
f 968//968 1081//1081 1080//1080
f 969//969 970//970 1082//1082
f 969//969 1082//1082 1081//1081
f 970//970 971//971 1083//1083
f 970//970 1083//1083 1082//1082
f 971//971 972//972 1084//1084
f 971//971 1084//1084 1083//1083
f 972//972 973//973 1085//1085
f 972//972 1085//1085 1084//1084
f 973//973 974//974 1086//1086
f 973//973 1086//1086 1085//1085
f 974//974 975//975 1087//1087
f 974//974 1087//1087 1086//1086
f 975//975 976//976 1088//1088
f 975//975 1088//1088 1087//1087
f 976//976 977//977 1089//1089
f 976//976 1089//1089 1088//1088
f 977//977 978//978 1090//1090
f 977//977 1090//1090 1089//1089
f 978//978 979//979 1091//1091
f 978//978 1091//1091 1090//1090
f 979//979 980//980 1092//1092
f 979//979 1092//1092 1091//1091
f 980//980 981//981 1093//1093
f 980//980 1093//1093 1092//1092
f 981//981 982//982 1094//1094
f 981//981 1094//1094 1093//1093
f 982//982 983//983 1095//1095
f 982//982 1095//1095 1094//1094
f 983//983 984//984 1096//1096
f 983//983 1096//1096 1095//1095
f 984//984 985//985 1097//1097
f 984//984 1097//1097 1096//1096
f 985//985 986//986 1098//1098
f 985//985 1098//1098 1097//1097
f 986//986 987//987 1099//1099
f 986//986 1099//1099 1098//1098
f 987//987 988//988 1100//1100
f 987//987 1100//1100 1099//1099
f 988//988 989//989 1101//1101
f 988//988 1101//1101 1100//1100
f 989//989 990//990 1102//1102
f 989//989 1102//1102 1101//1101
f 990//990 991//991 1103//1103
f 990//990 1103//1103 1102//1102
f 991//991 992//992 1104//1104
f 991//991 1104//1104 1103//1103
f 992//992 993//993 1105//1105
f 992//992 1105//1105 1104//1104
f 993//993 994//994 1106//1106
f 993//993 1106//1106 1105//1105
f 994//994 995//995 1107//1107
f 994//994 1107//1107 1106//1106
f 995//995 996//996 1108//1108
f 995//995 1108//1108 1107//1107
f 996//996 997//997 1109//1109
f 996//996 1109//1109 1108//1108
f 997//997 998//998 1110//1110
f 997//997 1110//1110 1109//1109
f 998//998 999//999 1111//1111
f 998//998 1111//1111 1110//1110
f 999//999 1000//1000 1112//1112
f 999//999 1112//1112 1111//1111
f 1000//1000 1001//1001 1113//1113
f 1000//1000 1113//1113 1112//1112
f 1001//1001 1002//1002 1114//1114
f 1001//1001 1114//1114 1113//1113
f 1002//1002 1003//1003 1115//1115
f 1002//1002 1115//1115 1114//1114
f 1003//1003 1004//1004 1116//1116
f 1003//1003 1116//1116 1115//1115
f 1004//1004 1005//1005 1117//1117
f 1004//1004 1117//1117 1116//1116
f 1005//1005 1006//1006 1118//1118
f 1005//1005 1118//1118 1117//1117
f 1006//1006 1007//1007 1119//1119
f 1006//1006 1119//1119 1118//1118
f 1007//1007 1008//1008 1120//1120
f 1007//1007 1120//1120 1119//1119
f 1008//1008 1009//1009 1121//1121
f 1008//1008 1121//1121 1120//1120
f 1009//1009 899//899 1011//1011
f 1009//1009 1011//1011 1121//1121
f 1011//1011 1010//1010 1122//1122
f 1011//1011 1122//1122 1123//1123
f 1010//1010 1012//1012 1124//1124
f 1010//1010 1124//1124 1122//1122
f 1012//1012 1013//1013 1125//1125
f 1012//1012 1125//1125 1124//1124
f 1013//1013 1014//1014 1126//1126
f 1013//1013 1126//1126 1125//1125
f 1014//1014 1015//1015 1127//1127
f 1014//1014 1127//1127 1126//1126
f 1015//1015 1016//1016 1128//1128
f 1015//1015 1128//1128 1127//1127
f 1016//1016 1017//1017 1129//1129
f 1016//1016 1129//1129 1128//1128
f 1017//1017 1018//1018 1130//1130
f 1017//1017 1130//1130 1129//1129
f 1018//1018 1019//1019 1131//1131
f 1018//1018 1131//1131 1130//1130
f 1019//1019 1020//1020 1132//1132
f 1019//1019 1132//1132 1131//1131
f 1020//1020 1021//1021 1133//1133
f 1020//1020 1133//1133 1132//1132
f 1021//1021 1022//1022 1134//1134
f 1021//1021 1134//1134 1133//1133
f 1022//1022 1023//1023 1135//1135
f 1022//1022 1135//1135 1134//1134
f 1023//1023 1024//1024 1136//1136
f 1023//1023 1136//1136 1135//1135
f 1024//1024 1025//1025 1137//1137
f 1024//1024 1137//1137 1136//1136
f 1025//1025 1026//1026 1138//1138
f 1025//1025 1138//1138 1137//1137
f 1026//1026 1027//1027 1139//1139
f 1026//1026 1139//1139 1138//1138
f 1027//1027 1028//1028 1140//1140
f 1027//1027 1140//1140 1139//1139
f 1028//1028 1029//1029 1141//1141
f 1028//1028 1141//1141 1140//1140
f 1029//1029 1030//1030 1142//1142
f 1029//1029 1142//1142 1141//1141
f 1030//1030 1031//1031 1143//1143
f 1030//1030 1143//1143 1142//1142
f 1031//1031 1032//1032 1144//1144
f 1031//1031 1144//1144 1143//1143
f 1032//1032 1033//1033 1145//1145
f 1032//1032 1145//1145 1144//1144
f 1033//1033 1034//1034 1146//1146
f 1033//1033 1146//1146 1145//1145
f 1034//1034 1035//1035 1147//1147
f 1034//1034 1147//1147 1146//1146
f 1035//1035 1036//1036 1148//1148
f 1035//1035 1148//1148 1147//1147
f 1036//1036 1037//1037 1149//1149
f 1036//1036 1149//1149 1148//1148
f 1037//1037 1038//1038 1150//1150
f 1037//1037 1150//1150 1149//1149
f 1038//1038 1039//1039 1151//1151
f 1038//1038 1151//1151 1150//1150
f 1039//1039 1040//1040 1152//1152
f 1039//1039 1152//1152 1151//1151
f 1040//1040 1041//1041 1153//1153
f 1040//1040 1153//1153 1152//1152
f 1041//1041 1042//1042 1154//1154
f 1041//1041 1154//1154 1153//1153
f 1042//1042 1043//1043 1155//1155
f 1042//1042 1155//1155 1154//1154
f 1043//1043 1044//1044 1156//1156
f 1043//1043 1156//1156 1155//1155
f 1044//1044 1045//1045 1157//1157
f 1044//1044 1157//1157 1156//1156
f 1045//1045 1046//1046 1158//1158
f 1045//1045 1158//1158 1157//1157
f 1046//1046 1047//1047 1159//1159
f 1046//1046 1159//1159 1158//1158
f 1047//1047 1048//1048 1160//1160
f 1047//1047 1160//1160 1159//1159
f 1048//1048 1049//1049 1161//1161
f 1048//1048 1161//1161 1160//1160
f 1049//1049 1050//1050 1162//1162
f 1049//1049 1162//1162 1161//1161
f 1050//1050 1051//1051 1163//1163
f 1050//1050 1163//1163 1162//1162
f 1051//1051 1052//1052 1164//1164
f 1051//1051 1164//1164 1163//1163
f 1052//1052 1053//1053 1165//1165
f 1052//1052 1165//1165 1164//1164
f 1053//1053 1054//1054 1166//1166
f 1053//1053 1166//1166 1165//1165
f 1054//1054 1055//1055 1167//1167
f 1054//1054 1167//1167 1166//1166
f 1055//1055 1056//1056 1168//1168
f 1055//1055 1168//1168 1167//1167
f 1056//1056 1057//1057 1169//1169
f 1056//1056 1169//1169 1168//1168
f 1057//1057 1058//1058 1170//1170
f 1057//1057 1170//1170 1169//1169
f 1058//1058 1059//1059 1171//1171
f 1058//1058 1171//1171 1170//1170
f 1059//1059 1060//1060 1172//1172
f 1059//1059 1172//1172 1171//1171
f 1060//1060 1061//1061 1173//1173
f 1060//1060 1173//1173 1172//1172
f 1061//1061 1062//1062 1174//1174
f 1061//1061 1174//1174 1173//1173
f 1062//1062 1063//1063 1175//1175
f 1062//1062 1175//1175 1174//1174
f 1063//1063 1064//1064 1176//1176
f 1063//1063 1176//1176 1175//1175
f 1064//1064 1065//1065 1177//1177
f 1064//1064 1177//1177 1176//1176
f 1065//1065 1066//1066 1178//1178
f 1065//1065 1178//1178 1177//1177
f 1066//1066 1067//1067 1179//1179
f 1066//1066 1179//1179 1178//1178
f 1067//1067 1068//1068 1180//1180
f 1067//1067 1180//1180 1179//1179
f 1068//1068 1069//1069 1181//1181
f 1068//1068 1181//1181 1180//1180
f 1069//1069 1070//1070 1182//1182
f 1069//1069 1182//1182 1181//1181
f 1070//1070 1071//1071 1183//1183
f 1070//1070 1183//1183 1182//1182
f 1071//1071 1072//1072 1184//1184
f 1071//1071 1184//1184 1183//1183
f 1072//1072 1073//1073 1185//1185
f 1072//1072 1185//1185 1184//1184
f 1073//1073 1074//1074 1186//1186
f 1073//1073 1186//1186 1185//1185
f 1074//1074 1075//1075 1187//1187
f 1074//1074 1187//1187 1186//1186
f 1075//1075 1076//1076 1188//1188
f 1075//1075 1188//1188 1187//1187
f 1076//1076 1077//1077 1189//1189
f 1076//1076 1189//1189 1188//1188
f 1077//1077 1078//1078 1190//1190
f 1077//1077 1190//1190 1189//1189
f 1078//1078 1079//1079 1191//1191
f 1078//1078 1191//1191 1190//1190
f 1079//1079 1080//1080 1192//1192
f 1079//1079 1192//1192 1191//1191
f 1080//1080 1081//1081 1193//1193
f 1080//1080 1193//1193 1192//1192
f 1081//1081 1082//1082 1194//1194
f 1081//1081 1194//1194 1193//1193
f 1082//1082 1083//1083 1195//1195
f 1082//1082 1195//1195 1194//1194
f 1083//1083 1084//1084 1196//1196
f 1083//1083 1196//1196 1195//1195
f 1084//1084 1085//1085 1197//1197
f 1084//1084 1197//1197 1196//1196
f 1085//1085 1086//1086 1198//1198
f 1085//1085 1198//1198 1197//1197
f 1086//1086 1087//1087 1199//1199
f 1086//1086 1199//1199 1198//1198
f 1087//1087 1088//1088 1200//1200
f 1087//1087 1200//1200 1199//1199
f 1088//1088 1089//1089 1201//1201
f 1088//1088 1201//1201 1200//1200
f 1089//1089 1090//1090 1202//1202
f 1089//1089 1202//1202 1201//1201
f 1090//1090 1091//1091 1203//1203
f 1090//1090 1203//1203 1202//1202
f 1091//1091 1092//1092 1204//1204
f 1091//1091 1204//1204 1203//1203
f 1092//1092 1093//1093 1205//1205
f 1092//1092 1205//1205 1204//1204
f 1093//1093 1094//1094 1206//1206
f 1093//1093 1206//1206 1205//1205
f 1094//1094 1095//1095 1207//1207
f 1094//1094 1207//1207 1206//1206
f 1095//1095 1096//1096 1208//1208
f 1095//1095 1208//1208 1207//1207
f 1096//1096 1097//1097 1209//1209
f 1096//1096 1209//1209 1208//1208
f 1097//1097 1098//1098 1210//1210
f 1097//1097 1210//1210 1209//1209
f 1098//1098 1099//1099 1211//1211
f 1098//1098 1211//1211 1210//1210
f 1099//1099 1100//1100 1212//1212
f 1099//1099 1212//1212 1211//1211
f 1100//1100 1101//1101 1213//1213
f 1100//1100 1213//1213 1212//1212
f 1101//1101 1102//1102 1214//1214
f 1101//1101 1214//1214 1213//1213
f 1102//1102 1103//1103 1215//1215
f 1102//1102 1215//1215 1214//1214
f 1103//1103 1104//1104 1216//1216
f 1103//1103 1216//1216 1215//1215
f 1104//1104 1105//1105 1217//1217
f 1104//1104 1217//1217 1216//1216
f 1105//1105 1106//1106 1218//1218
f 1105//1105 1218//1218 1217//1217
f 1106//1106 1107//1107 1219//1219
f 1106//1106 1219//1219 1218//1218
f 1107//1107 1108//1108 1220//1220
f 1107//1107 1220//1220 1219//1219
f 1108//1108 1109//1109 1221//1221
f 1108//1108 1221//1221 1220//1220
f 1109//1109 1110//1110 1222//1222
f 1109//1109 1222//1222 1221//1221
f 1110//1110 1111//1111 1223//1223
f 1110//1110 1223//1223 1222//1222
f 1111//1111 1112//1112 1224//1224
f 1111//1111 1224//1224 1223//1223
f 1112//1112 1113//1113 1225//1225
f 1112//1112 1225//1225 1224//1224
f 1113//1113 1114//1114 1226//1226
f 1113//1113 1226//1226 1225//1225
f 1114//1114 1115//1115 1227//1227
f 1114//1114 1227//1227 1226//1226
f 1115//1115 1116//1116 1228//1228
f 1115//1115 1228//1228 1227//1227
f 1116//1116 1117//1117 1229//1229
f 1116//1116 1229//1229 1228//1228
f 1117//1117 1118//1118 1230//1230
f 1117//1117 1230//1230 1229//1229
f 1118//1118 1119//1119 1231//1231
f 1118//1118 1231//1231 1230//1230
f 1119//1119 1120//1120 1232//1232
f 1119//1119 1232//1232 1231//1231
f 1120//1120 1121//1121 1233//1233
f 1120//1120 1233//1233 1232//1232
f 1121//1121 1011//1011 1123//1123
f 1121//1121 1123//1123 1233//1233
f 1123//1123 1122//1122 1234//1234
f 1123//1123 1234//1234 1235//1235
f 1122//1122 1124//1124 1236//1236
f 1122//1122 1236//1236 1234//1234
f 1124//1124 1125//1125 1237//1237
f 1124//1124 1237//1237 1236//1236
f 1125//1125 1126//1126 1238//1238
f 1125//1125 1238//1238 1237//1237
f 1126//1126 1127//1127 1239//1239
f 1126//1126 1239//1239 1238//1238
f 1127//1127 1128//1128 1240//1240
f 1127//1127 1240//1240 1239//1239
f 1128//1128 1129//1129 1241//1241
f 1128//1128 1241//1241 1240//1240
f 1129//1129 1130//1130 1242//1242
f 1129//1129 1242//1242 1241//1241
f 1130//1130 1131//1131 1243//1243
f 1130//1130 1243//1243 1242//1242
f 1131//1131 1132//1132 1244//1244
f 1131//1131 1244//1244 1243//1243
f 1132//1132 1133//1133 1245//1245
f 1132//1132 1245//1245 1244//1244
f 1133//1133 1134//1134 1246//1246
f 1133//1133 1246//1246 1245//1245
f 1134//1134 1135//1135 1247//1247
f 1134//1134 1247//1247 1246//1246
f 1135//1135 1136//1136 1248//1248
f 1135//1135 1248//1248 1247//1247
f 1136//1136 1137//1137 1249//1249
f 1136//1136 1249//1249 1248//1248
f 1137//1137 1138//1138 1250//1250
f 1137//1137 1250//1250 1249//1249
f 1138//1138 1139//1139 1251//1251
f 1138//1138 1251//1251 1250//1250
f 1139//1139 1140//1140 1252//1252
f 1139//1139 1252//1252 1251//1251
f 1140//1140 1141//1141 1253//1253
f 1140//1140 1253//1253 1252//1252
f 1141//1141 1142//1142 1254//1254
f 1141//1141 1254//1254 1253//1253
f 1142//1142 1143//1143 1255//1255
f 1142//1142 1255//1255 1254//1254
f 1143//1143 1144//1144 1256//1256
f 1143//1143 1256//1256 1255//1255
f 1144//1144 1145//1145 1257//1257
f 1144//1144 1257//1257 1256//1256
f 1145//1145 1146//1146 1258//1258
f 1145//1145 1258//1258 1257//1257
f 1146//1146 1147//1147 1259//1259
f 1146//1146 1259//1259 1258//1258
f 1147//1147 1148//1148 1260//1260
f 1147//1147 1260//1260 1259//1259
f 1148//1148 1149//1149 1261//1261
f 1148//1148 1261//1261 1260//1260
f 1149//1149 1150//1150 1262//1262
f 1149//1149 1262//1262 1261//1261
f 1150//1150 1151//1151 1263//1263
f 1150//1150 1263//1263 1262//1262
f 1151//1151 1152//1152 1264//1264
f 1151//1151 1264//1264 1263//1263
f 1152//1152 1153//1153 1265//1265
f 1152//1152 1265//1265 1264//1264
f 1153//1153 1154//1154 1266//1266
f 1153//1153 1266//1266 1265//1265
f 1154//1154 1155//1155 1267//1267
f 1154//1154 1267//1267 1266//1266
f 1155//1155 1156//1156 1268//1268
f 1155//1155 1268//1268 1267//1267
f 1156//1156 1157//1157 1269//1269
f 1156//1156 1269//1269 1268//1268
f 1157//1157 1158//1158 1270//1270
f 1157//1157 1270//1270 1269//1269
f 1158//1158 1159//1159 1271//1271
f 1158//1158 1271//1271 1270//1270
f 1159//1159 1160//1160 1272//1272
f 1159//1159 1272//1272 1271//1271
f 1160//1160 1161//1161 1273//1273
f 1160//1160 1273//1273 1272//1272
f 1161//1161 1162//1162 1274//1274
f 1161//1161 1274//1274 1273//1273
f 1162//1162 1163//1163 1275//1275
f 1162//1162 1275//1275 1274//1274
f 1163//1163 1164//1164 1276//1276
f 1163//1163 1276//1276 1275//1275
f 1164//1164 1165//1165 1277//1277
f 1164//1164 1277//1277 1276//1276
f 1165//1165 1166//1166 1278//1278
f 1165//1165 1278//1278 1277//1277
f 1166//1166 1167//1167 1279//1279
f 1166//1166 1279//1279 1278//1278
f 1167//1167 1168//1168 1280//1280
f 1167//1167 1280//1280 1279//1279
f 1168//1168 1169//1169 1281//1281
f 1168//1168 1281//1281 1280//1280
f 1169//1169 1170//1170 1282//1282
f 1169//1169 1282//1282 1281//1281
f 1170//1170 1171//1171 1283//1283
f 1170//1170 1283//1283 1282//1282
f 1171//1171 1172//1172 1284//1284
f 1171//1171 1284//1284 1283//1283
f 1172//1172 1173//1173 1285//1285
f 1172//1172 1285//1285 1284//1284
f 1173//1173 1174//1174 1286//1286
f 1173//1173 1286//1286 1285//1285
f 1174//1174 1175//1175 1287//1287
f 1174//1174 1287//1287 1286//1286
f 1175//1175 1176//1176 1288//1288
f 1175//1175 1288//1288 1287//1287
f 1176//1176 1177//1177 1289//1289
f 1176//1176 1289//1289 1288//1288
f 1177//1177 1178//1178 1290//1290
f 1177//1177 1290//1290 1289//1289
f 1178//1178 1179//1179 1291//1291
f 1178//1178 1291//1291 1290//1290
f 1179//1179 1180//1180 1292//1292
f 1179//1179 1292//1292 1291//1291
f 1180//1180 1181//1181 1293//1293
f 1180//1180 1293//1293 1292//1292
f 1181//1181 1182//1182 1294//1294
f 1181//1181 1294//1294 1293//1293
f 1182//1182 1183//1183 1295//1295
f 1182//1182 1295//1295 1294//1294
f 1183//1183 1184//1184 1296//1296
f 1183//1183 1296//1296 1295//1295
f 1184//1184 1185//1185 1297//1297
f 1184//1184 1297//1297 1296//1296
f 1185//1185 1186//1186 1298//1298
f 1185//1185 1298//1298 1297//1297
f 1186//1186 1187//1187 1299//1299
f 1186//1186 1299//1299 1298//1298
f 1187//1187 1188//1188 1300//1300
f 1187//1187 1300//1300 1299//1299
f 1188//1188 1189//1189 1301//1301
f 1188//1188 1301//1301 1300//1300
f 1189//1189 1190//1190 1302//1302
f 1189//1189 1302//1302 1301//1301
f 1190//1190 1191//1191 1303//1303
f 1190//1190 1303//1303 1302//1302
f 1191//1191 1192//1192 1304//1304
f 1191//1191 1304//1304 1303//1303
f 1192//1192 1193//1193 1305//1305
f 1192//1192 1305//1305 1304//1304
f 1193//1193 1194//1194 1306//1306
f 1193//1193 1306//1306 1305//1305
f 1194//1194 1195//1195 1307//1307
f 1194//1194 1307//1307 1306//1306
f 1195//1195 1196//1196 1308//1308
f 1195//1195 1308//1308 1307//1307
f 1196//1196 1197//1197 1309//1309
f 1196//1196 1309//1309 1308//1308
f 1197//1197 1198//1198 1310//1310
f 1197//1197 1310//1310 1309//1309
f 1198//1198 1199//1199 1311//1311
f 1198//1198 1311//1311 1310//1310
f 1199//1199 1200//1200 1312//1312
f 1199//1199 1312//1312 1311//1311
f 1200//1200 1201//1201 1313//1313
f 1200//1200 1313//1313 1312//1312
f 1201//1201 1202//1202 1314//1314
f 1201//1201 1314//1314 1313//1313
f 1202//1202 1203//1203 1315//1315
f 1202//1202 1315//1315 1314//1314
f 1203//1203 1204//1204 1316//1316
f 1203//1203 1316//1316 1315//1315
f 1204//1204 1205//1205 1317//1317
f 1204//1204 1317//1317 1316//1316
f 1205//1205 1206//1206 1318//1318
f 1205//1205 1318//1318 1317//1317
f 1206//1206 1207//1207 1319//1319
f 1206//1206 1319//1319 1318//1318
f 1207//1207 1208//1208 1320//1320
f 1207//1207 1320//1320 1319//1319
f 1208//1208 1209//1209 1321//1321
f 1208//1208 1321//1321 1320//1320
f 1209//1209 1210//1210 1322//1322
f 1209//1209 1322//1322 1321//1321
f 1210//1210 1211//1211 1323//1323
f 1210//1210 1323//1323 1322//1322
f 1211//1211 1212//1212 1324//1324
f 1211//1211 1324//1324 1323//1323
f 1212//1212 1213//1213 1325//1325
f 1212//1212 1325//1325 1324//1324
f 1213//1213 1214//1214 1326//1326
f 1213//1213 1326//1326 1325//1325
f 1214//1214 1215//1215 1327//1327
f 1214//1214 1327//1327 1326//1326
f 1215//1215 1216//1216 1328//1328
f 1215//1215 1328//1328 1327//1327
f 1216//1216 1217//1217 1329//1329
f 1216//1216 1329//1329 1328//1328
f 1217//1217 1218//1218 1330//1330
f 1217//1217 1330//1330 1329//1329
f 1218//1218 1219//1219 1331//1331
f 1218//1218 1331//1331 1330//1330
f 1219//1219 1220//1220 1332//1332
f 1219//1219 1332//1332 1331//1331
f 1220//1220 1221//1221 1333//1333
f 1220//1220 1333//1333 1332//1332
f 1221//1221 1222//1222 1334//1334
f 1221//1221 1334//1334 1333//1333
f 1222//1222 1223//1223 1335//1335
f 1222//1222 1335//1335 1334//1334
f 1223//1223 1224//1224 1336//1336
f 1223//1223 1336//1336 1335//1335
f 1224//1224 1225//1225 1337//1337
f 1224//1224 1337//1337 1336//1336
f 1225//1225 1226//1226 1338//1338
f 1225//1225 1338//1338 1337//1337
f 1226//1226 1227//1227 1339//1339
f 1226//1226 1339//1339 1338//1338
f 1227//1227 1228//1228 1340//1340
f 1227//1227 1340//1340 1339//1339
f 1228//1228 1229//1229 1341//1341
f 1228//1228 1341//1341 1340//1340
f 1229//1229 1230//1230 1342//1342
f 1229//1229 1342//1342 1341//1341
f 1230//1230 1231//1231 1343//1343
f 1230//1230 1343//1343 1342//1342
f 1231//1231 1232//1232 1344//1344
f 1231//1231 1344//1344 1343//1343
f 1232//1232 1233//1233 1345//1345
f 1232//1232 1345//1345 1344//1344
f 1233//1233 1123//1123 1235//1235
f 1233//1233 1235//1235 1345//1345
f 1235//1235 1234//1234 1346//1346
f 1235//1235 1346//1346 1347//1347
f 1234//1234 1236//1236 1348//1348
f 1234//1234 1348//1348 1346//1346
f 1236//1236 1237//1237 1349//1349
f 1236//1236 1349//1349 1348//1348
f 1237//1237 1238//1238 1350//1350
f 1237//1237 1350//1350 1349//1349
f 1238//1238 1239//1239 1351//1351
f 1238//1238 1351//1351 1350//1350
f 1239//1239 1240//1240 1352//1352
f 1239//1239 1352//1352 1351//1351
f 1240//1240 1241//1241 1353//1353
f 1240//1240 1353//1353 1352//1352
f 1241//1241 1242//1242 1354//1354
f 1241//1241 1354//1354 1353//1353
f 1242//1242 1243//1243 1355//1355
f 1242//1242 1355//1355 1354//1354
f 1243//1243 1244//1244 1356//1356
f 1243//1243 1356//1356 1355//1355
f 1244//1244 1245//1245 1357//1357
f 1244//1244 1357//1357 1356//1356
f 1245//1245 1246//1246 1358//1358
f 1245//1245 1358//1358 1357//1357
f 1246//1246 1247//1247 1359//1359
f 1246//1246 1359//1359 1358//1358
f 1247//1247 1248//1248 1360//1360
f 1247//1247 1360//1360 1359//1359
f 1248//1248 1249//1249 1361//1361
f 1248//1248 1361//1361 1360//1360
f 1249//1249 1250//1250 1362//1362
f 1249//1249 1362//1362 1361//1361
f 1250//1250 1251//1251 1363//1363
f 1250//1250 1363//1363 1362//1362
f 1251//1251 1252//1252 1364//1364
f 1251//1251 1364//1364 1363//1363
f 1252//1252 1253//1253 1365//1365
f 1252//1252 1365//1365 1364//1364
f 1253//1253 1254//1254 1366//1366
f 1253//1253 1366//1366 1365//1365
f 1254//1254 1255//1255 1367//1367
f 1254//1254 1367//1367 1366//1366
f 1255//1255 1256//1256 1368//1368
f 1255//1255 1368//1368 1367//1367
f 1256//1256 1257//1257 1369//1369
f 1256//1256 1369//1369 1368//1368
f 1257//1257 1258//1258 1370//1370
f 1257//1257 1370//1370 1369//1369
f 1258//1258 1259//1259 1371//1371
f 1258//1258 1371//1371 1370//1370
f 1259//1259 1260//1260 1372//1372
f 1259//1259 1372//1372 1371//1371
f 1260//1260 1261//1261 1373//1373
f 1260//1260 1373//1373 1372//1372
f 1261//1261 1262//1262 1374//1374
f 1261//1261 1374//1374 1373//1373
f 1262//1262 1263//1263 1375//1375
f 1262//1262 1375//1375 1374//1374
f 1263//1263 1264//1264 1376//1376
f 1263//1263 1376//1376 1375//1375
f 1264//1264 1265//1265 1377//1377
f 1264//1264 1377//1377 1376//1376
f 1265//1265 1266//1266 1378//1378
f 1265//1265 1378//1378 1377//1377
f 1266//1266 1267//1267 1379//1379
f 1266//1266 1379//1379 1378//1378
f 1267//1267 1268//1268 1380//1380
f 1267//1267 1380//1380 1379//1379
f 1268//1268 1269//1269 1381//1381
f 1268//1268 1381//1381 1380//1380
f 1269//1269 1270//1270 1382//1382
f 1269//1269 1382//1382 1381//1381
f 1270//1270 1271//1271 1383//1383
f 1270//1270 1383//1383 1382//1382
f 1271//1271 1272//1272 1384//1384
f 1271//1271 1384//1384 1383//1383
f 1272//1272 1273//1273 1385//1385
f 1272//1272 1385//1385 1384//1384
f 1273//1273 1274//1274 1386//1386
f 1273//1273 1386//1386 1385//1385
f 1274//1274 1275//1275 1387//1387
f 1274//1274 1387//1387 1386//1386
f 1275//1275 1276//1276 1388//1388
f 1275//1275 1388//1388 1387//1387
f 1276//1276 1277//1277 1389//1389
f 1276//1276 1389//1389 1388//1388
f 1277//1277 1278//1278 1390//1390
f 1277//1277 1390//1390 1389//1389
f 1278//1278 1279//1279 1391//1391
f 1278//1278 1391//1391 1390//1390
f 1279//1279 1280//1280 1392//1392
f 1279//1279 1392//1392 1391//1391
f 1280//1280 1281//1281 1393//1393
f 1280//1280 1393//1393 1392//1392
f 1281//1281 1282//1282 1394//1394
f 1281//1281 1394//1394 1393//1393
f 1282//1282 1283//1283 1395//1395
f 1282//1282 1395//1395 1394//1394
f 1283//1283 1284//1284 1396//1396
f 1283//1283 1396//1396 1395//1395
f 1284//1284 1285//1285 1397//1397
f 1284//1284 1397//1397 1396//1396
f 1285//1285 1286//1286 1398//1398
f 1285//1285 1398//1398 1397//1397
f 1286//1286 1287//1287 1399//1399
f 1286//1286 1399//1399 1398//1398
f 1287//1287 1288//1288 1400//1400
f 1287//1287 1400//1400 1399//1399
f 1288//1288 1289//1289 1401//1401
f 1288//1288 1401//1401 1400//1400
f 1289//1289 1290//1290 1402//1402
f 1289//1289 1402//1402 1401//1401
f 1290//1290 1291//1291 1403//1403
f 1290//1290 1403//1403 1402//1402
f 1291//1291 1292//1292 1404//1404
f 1291//1291 1404//1404 1403//1403
f 1292//1292 1293//1293 1405//1405
f 1292//1292 1405//1405 1404//1404
f 1293//1293 1294//1294 1406//1406
f 1293//1293 1406//1406 1405//1405
f 1294//1294 1295//1295 1407//1407
f 1294//1294 1407//1407 1406//1406
f 1295//1295 1296//1296 1408//1408
f 1295//1295 1408//1408 1407//1407
f 1296//1296 1297//1297 1409//1409
f 1296//1296 1409//1409 1408//1408
f 1297//1297 1298//1298 1410//1410
f 1297//1297 1410//1410 1409//1409
f 1298//1298 1299//1299 1411//1411
f 1298//1298 1411//1411 1410//1410
f 1299//1299 1300//1300 1412//1412
f 1299//1299 1412//1412 1411//1411
f 1300//1300 1301//1301 1413//1413
f 1300//1300 1413//1413 1412//1412
f 1301//1301 1302//1302 1414//1414
f 1301//1301 1414//1414 1413//1413
f 1302//1302 1303//1303 1415//1415
f 1302//1302 1415//1415 1414//1414
f 1303//1303 1304//1304 1416//1416
f 1303//1303 1416//1416 1415//1415
f 1304//1304 1305//1305 1417//1417
f 1304//1304 1417//1417 1416//1416
f 1305//1305 1306//1306 1418//1418
f 1305//1305 1418//1418 1417//1417
f 1306//1306 1307//1307 1419//1419
f 1306//1306 1419//1419 1418//1418
f 1307//1307 1308//1308 1420//1420
f 1307//1307 1420//1420 1419//1419
f 1308//1308 1309//1309 1421//1421
f 1308//1308 1421//1421 1420//1420
f 1309//1309 1310//1310 1422//1422
f 1309//1309 1422//1422 1421//1421
f 1310//1310 1311//1311 1423//1423
f 1310//1310 1423//1423 1422//1422
f 1311//1311 1312//1312 1424//1424
f 1311//1311 1424//1424 1423//1423
f 1312//1312 1313//1313 1425//1425
f 1312//1312 1425//1425 1424//1424
f 1313//1313 1314//1314 1426//1426
f 1313//1313 1426//1426 1425//1425
f 1314//1314 1315//1315 1427//1427
f 1314//1314 1427//1427 1426//1426
f 1315//1315 1316//1316 1428//1428
f 1315//1315 1428//1428 1427//1427
f 1316//1316 1317//1317 1429//1429
f 1316//1316 1429//1429 1428//1428
f 1317//1317 1318//1318 1430//1430
f 1317//1317 1430//1430 1429//1429
f 1318//1318 1319//1319 1431//1431
f 1318//1318 1431//1431 1430//1430
f 1319//1319 1320//1320 1432//1432
f 1319//1319 1432//1432 1431//1431
f 1320//1320 1321//1321 1433//1433
f 1320//1320 1433//1433 1432//1432
f 1321//1321 1322//1322 1434//1434
f 1321//1321 1434//1434 1433//1433
f 1322//1322 1323//1323 1435//1435
f 1322//1322 1435//1435 1434//1434
f 1323//1323 1324//1324 1436//1436
f 1323//1323 1436//1436 1435//1435
f 1324//1324 1325//1325 1437//1437
f 1324//1324 1437//1437 1436//1436
f 1325//1325 1326//1326 1438//1438
f 1325//1325 1438//1438 1437//1437
f 1326//1326 1327//1327 1439//1439
f 1326//1326 1439//1439 1438//1438
f 1327//1327 1328//1328 1440//1440
f 1327//1327 1440//1440 1439//1439
f 1328//1328 1329//1329 1441//1441
f 1328//1328 1441//1441 1440//1440
f 1329//1329 1330//1330 1442//1442
f 1329//1329 1442//1442 1441//1441
f 1330//1330 1331//1331 1443//1443
f 1330//1330 1443//1443 1442//1442
f 1331//1331 1332//1332 1444//1444
f 1331//1331 1444//1444 1443//1443
f 1332//1332 1333//1333 1445//1445
f 1332//1332 1445//1445 1444//1444
f 1333//1333 1334//1334 1446//1446
f 1333//1333 1446//1446 1445//1445
f 1334//1334 1335//1335 1447//1447
f 1334//1334 1447//1447 1446//1446
f 1335//1335 1336//1336 1448//1448
f 1335//1335 1448//1448 1447//1447
f 1336//1336 1337//1337 1449//1449
f 1336//1336 1449//1449 1448//1448
f 1337//1337 1338//1338 1450//1450
f 1337//1337 1450//1450 1449//1449
f 1338//1338 1339//1339 1451//1451
f 1338//1338 1451//1451 1450//1450
f 1339//1339 1340//1340 1452//1452
f 1339//1339 1452//1452 1451//1451
f 1340//1340 1341//1341 1453//1453
f 1340//1340 1453//1453 1452//1452
f 1341//1341 1342//1342 1454//1454
f 1341//1341 1454//1454 1453//1453
f 1342//1342 1343//1343 1455//1455
f 1342//1342 1455//1455 1454//1454
f 1343//1343 1344//1344 1456//1456
f 1343//1343 1456//1456 1455//1455
f 1344//1344 1345//1345 1457//1457
f 1344//1344 1457//1457 1456//1456
f 1345//1345 1235//1235 1347//1347
f 1345//1345 1347//1347 1457//1457
f 1347//1347 1346//1346 1458//1458
f 1347//1347 1458//1458 1459//1459
f 1346//1346 1348//1348 1460//1460
f 1346//1346 1460//1460 1458//1458
f 1348//1348 1349//1349 1461//1461
f 1348//1348 1461//1461 1460//1460
f 1349//1349 1350//1350 1462//1462
f 1349//1349 1462//1462 1461//1461
f 1350//1350 1351//1351 1463//1463
f 1350//1350 1463//1463 1462//1462
f 1351//1351 1352//1352 1464//1464
f 1351//1351 1464//1464 1463//1463
f 1352//1352 1353//1353 1465//1465
f 1352//1352 1465//1465 1464//1464
f 1353//1353 1354//1354 1466//1466
f 1353//1353 1466//1466 1465//1465
f 1354//1354 1355//1355 1467//1467
f 1354//1354 1467//1467 1466//1466
f 1355//1355 1356//1356 1468//1468
f 1355//1355 1468//1468 1467//1467
f 1356//1356 1357//1357 1469//1469
f 1356//1356 1469//1469 1468//1468
f 1357//1357 1358//1358 1470//1470
f 1357//1357 1470//1470 1469//1469
f 1358//1358 1359//1359 1471//1471
f 1358//1358 1471//1471 1470//1470
f 1359//1359 1360//1360 1472//1472
f 1359//1359 1472//1472 1471//1471
f 1360//1360 1361//1361 1473//1473
f 1360//1360 1473//1473 1472//1472
f 1361//1361 1362//1362 1474//1474
f 1361//1361 1474//1474 1473//1473
f 1362//1362 1363//1363 1475//1475
f 1362//1362 1475//1475 1474//1474
f 1363//1363 1364//1364 1476//1476
f 1363//1363 1476//1476 1475//1475
f 1364//1364 1365//1365 1477//1477
f 1364//1364 1477//1477 1476//1476
f 1365//1365 1366//1366 1478//1478
f 1365//1365 1478//1478 1477//1477
f 1366//1366 1367//1367 1479//1479
f 1366//1366 1479//1479 1478//1478
f 1367//1367 1368//1368 1480//1480
f 1367//1367 1480//1480 1479//1479
f 1368//1368 1369//1369 1481//1481
f 1368//1368 1481//1481 1480//1480
f 1369//1369 1370//1370 1482//1482
f 1369//1369 1482//1482 1481//1481
f 1370//1370 1371//1371 1483//1483
f 1370//1370 1483//1483 1482//1482
f 1371//1371 1372//1372 1484//1484
f 1371//1371 1484//1484 1483//1483
f 1372//1372 1373//1373 1485//1485
f 1372//1372 1485//1485 1484//1484
f 1373//1373 1374//1374 1486//1486
f 1373//1373 1486//1486 1485//1485
f 1374//1374 1375//1375 1487//1487
f 1374//1374 1487//1487 1486//1486
f 1375//1375 1376//1376 1488//1488
f 1375//1375 1488//1488 1487//1487
f 1376//1376 1377//1377 1489//1489
f 1376//1376 1489//1489 1488//1488
f 1377//1377 1378//1378 1490//1490
f 1377//1377 1490//1490 1489//1489
f 1378//1378 1379//1379 1491//1491
f 1378//1378 1491//1491 1490//1490
f 1379//1379 1380//1380 1492//1492
f 1379//1379 1492//1492 1491//1491
f 1380//1380 1381//1381 1493//1493
f 1380//1380 1493//1493 1492//1492
f 1381//1381 1382//1382 1494//1494
f 1381//1381 1494//1494 1493//1493
f 1382//1382 1383//1383 1495//1495
f 1382//1382 1495//1495 1494//1494
f 1383//1383 1384//1384 1496//1496
f 1383//1383 1496//1496 1495//1495
f 1384//1384 1385//1385 1497//1497
f 1384//1384 1497//1497 1496//1496
f 1385//1385 1386//1386 1498//1498
f 1385//1385 1498//1498 1497//1497
f 1386//1386 1387//1387 1499//1499
f 1386//1386 1499//1499 1498//1498
f 1387//1387 1388//1388 1500//1500
f 1387//1387 1500//1500 1499//1499
f 1388//1388 1389//1389 1501//1501
f 1388//1388 1501//1501 1500//1500
f 1389//1389 1390//1390 1502//1502
f 1389//1389 1502//1502 1501//1501
f 1390//1390 1391//1391 1503//1503
f 1390//1390 1503//1503 1502//1502
f 1391//1391 1392//1392 1504//1504
f 1391//1391 1504//1504 1503//1503
f 1392//1392 1393//1393 1505//1505
f 1392//1392 1505//1505 1504//1504
f 1393//1393 1394//1394 1506//1506
f 1393//1393 1506//1506 1505//1505
f 1394//1394 1395//1395 1507//1507
f 1394//1394 1507//1507 1506//1506
f 1395//1395 1396//1396 1508//1508
f 1395//1395 1508//1508 1507//1507
f 1396//1396 1397//1397 1509//1509
f 1396//1396 1509//1509 1508//1508
f 1397//1397 1398//1398 1510//1510
f 1397//1397 1510//1510 1509//1509
f 1398//1398 1399//1399 1511//1511
f 1398//1398 1511//1511 1510//1510
f 1399//1399 1400//1400 1512//1512
f 1399//1399 1512//1512 1511//1511
f 1400//1400 1401//1401 1513//1513
f 1400//1400 1513//1513 1512//1512
f 1401//1401 1402//1402 1514//1514
f 1401//1401 1514//1514 1513//1513
f 1402//1402 1403//1403 1515//1515
f 1402//1402 1515//1515 1514//1514
f 1403//1403 1404//1404 1516//1516
f 1403//1403 1516//1516 1515//1515
f 1404//1404 1405//1405 1517//1517
f 1404//1404 1517//1517 1516//1516
f 1405//1405 1406//1406 1518//1518
f 1405//1405 1518//1518 1517//1517
f 1406//1406 1407//1407 1519//1519
f 1406//1406 1519//1519 1518//1518
f 1407//1407 1408//1408 1520//1520
f 1407//1407 1520//1520 1519//1519
f 1408//1408 1409//1409 1521//1521
f 1408//1408 1521//1521 1520//1520
f 1409//1409 1410//1410 1522//1522
f 1409//1409 1522//1522 1521//1521
f 1410//1410 1411//1411 1523//1523
f 1410//1410 1523//1523 1522//1522
f 1411//1411 1412//1412 1524//1524
f 1411//1411 1524//1524 1523//1523
f 1412//1412 1413//1413 1525//1525
f 1412//1412 1525//1525 1524//1524
f 1413//1413 1414//1414 1526//1526
f 1413//1413 1526//1526 1525//1525
f 1414//1414 1415//1415 1527//1527
f 1414//1414 1527//1527 1526//1526
f 1415//1415 1416//1416 1528//1528
f 1415//1415 1528//1528 1527//1527
f 1416//1416 1417//1417 1529//1529
f 1416//1416 1529//1529 1528//1528
f 1417//1417 1418//1418 1530//1530
f 1417//1417 1530//1530 1529//1529
f 1418//1418 1419//1419 1531//1531
f 1418//1418 1531//1531 1530//1530
f 1419//1419 1420//1420 1532//1532
f 1419//1419 1532//1532 1531//1531
f 1420//1420 1421//1421 1533//1533
f 1420//1420 1533//1533 1532//1532
f 1421//1421 1422//1422 1534//1534
f 1421//1421 1534//1534 1533//1533
f 1422//1422 1423//1423 1535//1535
f 1422//1422 1535//1535 1534//1534
f 1423//1423 1424//1424 1536//1536
f 1423//1423 1536//1536 1535//1535
f 1424//1424 1425//1425 1537//1537
f 1424//1424 1537//1537 1536//1536
f 1425//1425 1426//1426 1538//1538
f 1425//1425 1538//1538 1537//1537
f 1426//1426 1427//1427 1539//1539
f 1426//1426 1539//1539 1538//1538
f 1427//1427 1428//1428 1540//1540
f 1427//1427 1540//1540 1539//1539
f 1428//1428 1429//1429 1541//1541
f 1428//1428 1541//1541 1540//1540
f 1429//1429 1430//1430 1542//1542
f 1429//1429 1542//1542 1541//1541
f 1430//1430 1431//1431 1543//1543
f 1430//1430 1543//1543 1542//1542
f 1431//1431 1432//1432 1544//1544
f 1431//1431 1544//1544 1543//1543
f 1432//1432 1433//1433 1545//1545
f 1432//1432 1545//1545 1544//1544
f 1433//1433 1434//1434 1546//1546
f 1433//1433 1546//1546 1545//1545
f 1434//1434 1435//1435 1547//1547
f 1434//1434 1547//1547 1546//1546
f 1435//1435 1436//1436 1548//1548
f 1435//1435 1548//1548 1547//1547
f 1436//1436 1437//1437 1549//1549
f 1436//1436 1549//1549 1548//1548
f 1437//1437 1438//1438 1550//1550
f 1437//1437 1550//1550 1549//1549
f 1438//1438 1439//1439 1551//1551
f 1438//1438 1551//1551 1550//1550
f 1439//1439 1440//1440 1552//1552
f 1439//1439 1552//1552 1551//1551
f 1440//1440 1441//1441 1553//1553
f 1440//1440 1553//1553 1552//1552
f 1441//1441 1442//1442 1554//1554
f 1441//1441 1554//1554 1553//1553
f 1442//1442 1443//1443 1555//1555
f 1442//1442 1555//1555 1554//1554
f 1443//1443 1444//1444 1556//1556
f 1443//1443 1556//1556 1555//1555
f 1444//1444 1445//1445 1557//1557
f 1444//1444 1557//1557 1556//1556
f 1445//1445 1446//1446 1558//1558
f 1445//1445 1558//1558 1557//1557
f 1446//1446 1447//1447 1559//1559
f 1446//1446 1559//1559 1558//1558
f 1447//1447 1448//1448 1560//1560
f 1447//1447 1560//1560 1559//1559
f 1448//1448 1449//1449 1561//1561
f 1448//1448 1561//1561 1560//1560
f 1449//1449 1450//1450 1562//1562
f 1449//1449 1562//1562 1561//1561
f 1450//1450 1451//1451 1563//1563
f 1450//1450 1563//1563 1562//1562
f 1451//1451 1452//1452 1564//1564
f 1451//1451 1564//1564 1563//1563
f 1452//1452 1453//1453 1565//1565
f 1452//1452 1565//1565 1564//1564
f 1453//1453 1454//1454 1566//1566
f 1453//1453 1566//1566 1565//1565
f 1454//1454 1455//1455 1567//1567
f 1454//1454 1567//1567 1566//1566
f 1455//1455 1456//1456 1568//1568
f 1455//1455 1568//1568 1567//1567
f 1456//1456 1457//1457 1569//1569
f 1456//1456 1569//1569 1568//1568
f 1457//1457 1347//1347 1459//1459
f 1457//1457 1459//1459 1569//1569
f 1459//1459 1458//1458 1570//1570
f 1459//1459 1570//1570 1571//1571
f 1458//1458 1460//1460 1572//1572
f 1458//1458 1572//1572 1570//1570
f 1460//1460 1461//1461 1573//1573
f 1460//1460 1573//1573 1572//1572
f 1461//1461 1462//1462 1574//1574
f 1461//1461 1574//1574 1573//1573
f 1462//1462 1463//1463 1575//1575
f 1462//1462 1575//1575 1574//1574
f 1463//1463 1464//1464 1576//1576
f 1463//1463 1576//1576 1575//1575
f 1464//1464 1465//1465 1577//1577
f 1464//1464 1577//1577 1576//1576
f 1465//1465 1466//1466 1578//1578
f 1465//1465 1578//1578 1577//1577
f 1466//1466 1467//1467 1579//1579
f 1466//1466 1579//1579 1578//1578
f 1467//1467 1468//1468 1580//1580
f 1467//1467 1580//1580 1579//1579
f 1468//1468 1469//1469 1581//1581
f 1468//1468 1581//1581 1580//1580
f 1469//1469 1470//1470 1582//1582
f 1469//1469 1582//1582 1581//1581
f 1470//1470 1471//1471 1583//1583
f 1470//1470 1583//1583 1582//1582
f 1471//1471 1472//1472 1584//1584
f 1471//1471 1584//1584 1583//1583
f 1472//1472 1473//1473 1585//1585
f 1472//1472 1585//1585 1584//1584
f 1473//1473 1474//1474 1586//1586
f 1473//1473 1586//1586 1585//1585
f 1474//1474 1475//1475 1587//1587
f 1474//1474 1587//1587 1586//1586
f 1475//1475 1476//1476 1588//1588
f 1475//1475 1588//1588 1587//1587
f 1476//1476 1477//1477 1589//1589
f 1476//1476 1589//1589 1588//1588
f 1477//1477 1478//1478 1590//1590
f 1477//1477 1590//1590 1589//1589
f 1478//1478 1479//1479 1591//1591
f 1478//1478 1591//1591 1590//1590
f 1479//1479 1480//1480 1592//1592
f 1479//1479 1592//1592 1591//1591
f 1480//1480 1481//1481 1593//1593
f 1480//1480 1593//1593 1592//1592
f 1481//1481 1482//1482 1594//1594
f 1481//1481 1594//1594 1593//1593
f 1482//1482 1483//1483 1595//1595
f 1482//1482 1595//1595 1594//1594
f 1483//1483 1484//1484 1596//1596
f 1483//1483 1596//1596 1595//1595
f 1484//1484 1485//1485 1597//1597
f 1484//1484 1597//1597 1596//1596
f 1485//1485 1486//1486 1598//1598
f 1485//1485 1598//1598 1597//1597
f 1486//1486 1487//1487 1599//1599
f 1486//1486 1599//1599 1598//1598
f 1487//1487 1488//1488 1600//1600
f 1487//1487 1600//1600 1599//1599
f 1488//1488 1489//1489 1601//1601
f 1488//1488 1601//1601 1600//1600
f 1489//1489 1490//1490 1602//1602
f 1489//1489 1602//1602 1601//1601
f 1490//1490 1491//1491 1603//1603
f 1490//1490 1603//1603 1602//1602
f 1491//1491 1492//1492 1604//1604
f 1491//1491 1604//1604 1603//1603
f 1492//1492 1493//1493 1605//1605
f 1492//1492 1605//1605 1604//1604
f 1493//1493 1494//1494 1606//1606
f 1493//1493 1606//1606 1605//1605
f 1494//1494 1495//1495 1607//1607
f 1494//1494 1607//1607 1606//1606
f 1495//1495 1496//1496 1608//1608
f 1495//1495 1608//1608 1607//1607
f 1496//1496 1497//1497 1609//1609
f 1496//1496 1609//1609 1608//1608
f 1497//1497 1498//1498 1610//1610
f 1497//1497 1610//1610 1609//1609
f 1498//1498 1499//1499 1611//1611
f 1498//1498 1611//1611 1610//1610
f 1499//1499 1500//1500 1612//1612
f 1499//1499 1612//1612 1611//1611
f 1500//1500 1501//1501 1613//1613
f 1500//1500 1613//1613 1612//1612
f 1501//1501 1502//1502 1614//1614
f 1501//1501 1614//1614 1613//1613
f 1502//1502 1503//1503 1615//1615
f 1502//1502 1615//1615 1614//1614
f 1503//1503 1504//1504 1616//1616
f 1503//1503 1616//1616 1615//1615
f 1504//1504 1505//1505 1617//1617
f 1504//1504 1617//1617 1616//1616
f 1505//1505 1506//1506 1618//1618
f 1505//1505 1618//1618 1617//1617
f 1506//1506 1507//1507 1619//1619
f 1506//1506 1619//1619 1618//1618
f 1507//1507 1508//1508 1620//1620
f 1507//1507 1620//1620 1619//1619
f 1508//1508 1509//1509 1621//1621
f 1508//1508 1621//1621 1620//1620
f 1509//1509 1510//1510 1622//1622
f 1509//1509 1622//1622 1621//1621
f 1510//1510 1511//1511 1623//1623
f 1510//1510 1623//1623 1622//1622
f 1511//1511 1512//1512 1624//1624
f 1511//1511 1624//1624 1623//1623
f 1512//1512 1513//1513 1625//1625
f 1512//1512 1625//1625 1624//1624
f 1513//1513 1514//1514 1626//1626
f 1513//1513 1626//1626 1625//1625
f 1514//1514 1515//1515 1627//1627
f 1514//1514 1627//1627 1626//1626
f 1515//1515 1516//1516 1628//1628
f 1515//1515 1628//1628 1627//1627
f 1516//1516 1517//1517 1629//1629
f 1516//1516 1629//1629 1628//1628
f 1517//1517 1518//1518 1630//1630
f 1517//1517 1630//1630 1629//1629
f 1518//1518 1519//1519 1631//1631
f 1518//1518 1631//1631 1630//1630
f 1519//1519 1520//1520 1632//1632
f 1519//1519 1632//1632 1631//1631
f 1520//1520 1521//1521 1633//1633
f 1520//1520 1633//1633 1632//1632
f 1521//1521 1522//1522 1634//1634
f 1521//1521 1634//1634 1633//1633
f 1522//1522 1523//1523 1635//1635
f 1522//1522 1635//1635 1634//1634
f 1523//1523 1524//1524 1636//1636
f 1523//1523 1636//1636 1635//1635
f 1524//1524 1525//1525 1637//1637
f 1524//1524 1637//1637 1636//1636
f 1525//1525 1526//1526 1638//1638
f 1525//1525 1638//1638 1637//1637
f 1526//1526 1527//1527 1639//1639
f 1526//1526 1639//1639 1638//1638
f 1527//1527 1528//1528 1640//1640
f 1527//1527 1640//1640 1639//1639
f 1528//1528 1529//1529 1641//1641
f 1528//1528 1641//1641 1640//1640
f 1529//1529 1530//1530 1642//1642
f 1529//1529 1642//1642 1641//1641
f 1530//1530 1531//1531 1643//1643
f 1530//1530 1643//1643 1642//1642
f 1531//1531 1532//1532 1644//1644
f 1531//1531 1644//1644 1643//1643
f 1532//1532 1533//1533 1645//1645
f 1532//1532 1645//1645 1644//1644
f 1533//1533 1534//1534 1646//1646
f 1533//1533 1646//1646 1645//1645
f 1534//1534 1535//1535 1647//1647
f 1534//1534 1647//1647 1646//1646
f 1535//1535 1536//1536 1648//1648
f 1535//1535 1648//1648 1647//1647
f 1536//1536 1537//1537 1649//1649
f 1536//1536 1649//1649 1648//1648
f 1537//1537 1538//1538 1650//1650
f 1537//1537 1650//1650 1649//1649
f 1538//1538 1539//1539 1651//1651
f 1538//1538 1651//1651 1650//1650
f 1539//1539 1540//1540 1652//1652
f 1539//1539 1652//1652 1651//1651
f 1540//1540 1541//1541 1653//1653
f 1540//1540 1653//1653 1652//1652
f 1541//1541 1542//1542 1654//1654
f 1541//1541 1654//1654 1653//1653
f 1542//1542 1543//1543 1655//1655
f 1542//1542 1655//1655 1654//1654
f 1543//1543 1544//1544 1656//1656
f 1543//1543 1656//1656 1655//1655
f 1544//1544 1545//1545 1657//1657
f 1544//1544 1657//1657 1656//1656
f 1545//1545 1546//1546 1658//1658
f 1545//1545 1658//1658 1657//1657
f 1546//1546 1547//1547 1659//1659
f 1546//1546 1659//1659 1658//1658
f 1547//1547 1548//1548 1660//1660
f 1547//1547 1660//1660 1659//1659
f 1548//1548 1549//1549 1661//1661
f 1548//1548 1661//1661 1660//1660
f 1549//1549 1550//1550 1662//1662
f 1549//1549 1662//1662 1661//1661
f 1550//1550 1551//1551 1663//1663
f 1550//1550 1663//1663 1662//1662
f 1551//1551 1552//1552 1664//1664
f 1551//1551 1664//1664 1663//1663
f 1552//1552 1553//1553 1665//1665
f 1552//1552 1665//1665 1664//1664
f 1553//1553 1554//1554 1666//1666
f 1553//1553 1666//1666 1665//1665
f 1554//1554 1555//1555 1667//1667
f 1554//1554 1667//1667 1666//1666
f 1555//1555 1556//1556 1668//1668
f 1555//1555 1668//1668 1667//1667
f 1556//1556 1557//1557 1669//1669
f 1556//1556 1669//1669 1668//1668
f 1557//1557 1558//1558 1670//1670
f 1557//1557 1670//1670 1669//1669
f 1558//1558 1559//1559 1671//1671
f 1558//1558 1671//1671 1670//1670
f 1559//1559 1560//1560 1672//1672
f 1559//1559 1672//1672 1671//1671
f 1560//1560 1561//1561 1673//1673
f 1560//1560 1673//1673 1672//1672
f 1561//1561 1562//1562 1674//1674
f 1561//1561 1674//1674 1673//1673
f 1562//1562 1563//1563 1675//1675
f 1562//1562 1675//1675 1674//1674
f 1563//1563 1564//1564 1676//1676
f 1563//1563 1676//1676 1675//1675
f 1564//1564 1565//1565 1677//1677
f 1564//1564 1677//1677 1676//1676
f 1565//1565 1566//1566 1678//1678
f 1565//1565 1678//1678 1677//1677
f 1566//1566 1567//1567 1679//1679
f 1566//1566 1679//1679 1678//1678
f 1567//1567 1568//1568 1680//1680
f 1567//1567 1680//1680 1679//1679
f 1568//1568 1569//1569 1681//1681
f 1568//1568 1681//1681 1680//1680
f 1569//1569 1459//1459 1571//1571
f 1569//1569 1571//1571 1681//1681
f 1571//1571 1570//1570 1682//1682
f 1571//1571 1682//1682 1683//1683
f 1570//1570 1572//1572 1684//1684
f 1570//1570 1684//1684 1682//1682
f 1572//1572 1573//1573 1685//1685
f 1572//1572 1685//1685 1684//1684
f 1573//1573 1574//1574 1686//1686
f 1573//1573 1686//1686 1685//1685
f 1574//1574 1575//1575 1687//1687
f 1574//1574 1687//1687 1686//1686
f 1575//1575 1576//1576 1688//1688
f 1575//1575 1688//1688 1687//1687
f 1576//1576 1577//1577 1689//1689
f 1576//1576 1689//1689 1688//1688
f 1577//1577 1578//1578 1690//1690
f 1577//1577 1690//1690 1689//1689
f 1578//1578 1579//1579 1691//1691
f 1578//1578 1691//1691 1690//1690
f 1579//1579 1580//1580 1692//1692
f 1579//1579 1692//1692 1691//1691
f 1580//1580 1581//1581 1693//1693
f 1580//1580 1693//1693 1692//1692
f 1581//1581 1582//1582 1694//1694
f 1581//1581 1694//1694 1693//1693
f 1582//1582 1583//1583 1695//1695
f 1582//1582 1695//1695 1694//1694
f 1583//1583 1584//1584 1696//1696
f 1583//1583 1696//1696 1695//1695
f 1584//1584 1585//1585 1697//1697
f 1584//1584 1697//1697 1696//1696
f 1585//1585 1586//1586 1698//1698
f 1585//1585 1698//1698 1697//1697
f 1586//1586 1587//1587 1699//1699
f 1586//1586 1699//1699 1698//1698
f 1587//1587 1588//1588 1700//1700
f 1587//1587 1700//1700 1699//1699
f 1588//1588 1589//1589 1701//1701
f 1588//1588 1701//1701 1700//1700
f 1589//1589 1590//1590 1702//1702
f 1589//1589 1702//1702 1701//1701
f 1590//1590 1591//1591 1703//1703
f 1590//1590 1703//1703 1702//1702
f 1591//1591 1592//1592 1704//1704
f 1591//1591 1704//1704 1703//1703
f 1592//1592 1593//1593 1705//1705
f 1592//1592 1705//1705 1704//1704
f 1593//1593 1594//1594 1706//1706
f 1593//1593 1706//1706 1705//1705
f 1594//1594 1595//1595 1707//1707
f 1594//1594 1707//1707 1706//1706
f 1595//1595 1596//1596 1708//1708
f 1595//1595 1708//1708 1707//1707
f 1596//1596 1597//1597 1709//1709
f 1596//1596 1709//1709 1708//1708
f 1597//1597 1598//1598 1710//1710
f 1597//1597 1710//1710 1709//1709
f 1598//1598 1599//1599 1711//1711
f 1598//1598 1711//1711 1710//1710
f 1599//1599 1600//1600 1712//1712
f 1599//1599 1712//1712 1711//1711
f 1600//1600 1601//1601 1713//1713
f 1600//1600 1713//1713 1712//1712
f 1601//1601 1602//1602 1714//1714
f 1601//1601 1714//1714 1713//1713
f 1602//1602 1603//1603 1715//1715
f 1602//1602 1715//1715 1714//1714
f 1603//1603 1604//1604 1716//1716
f 1603//1603 1716//1716 1715//1715
f 1604//1604 1605//1605 1717//1717
f 1604//1604 1717//1717 1716//1716
f 1605//1605 1606//1606 1718//1718
f 1605//1605 1718//1718 1717//1717
f 1606//1606 1607//1607 1719//1719
f 1606//1606 1719//1719 1718//1718
f 1607//1607 1608//1608 1720//1720
f 1607//1607 1720//1720 1719//1719
f 1608//1608 1609//1609 1721//1721
f 1608//1608 1721//1721 1720//1720
f 1609//1609 1610//1610 1722//1722
f 1609//1609 1722//1722 1721//1721
f 1610//1610 1611//1611 1723//1723
f 1610//1610 1723//1723 1722//1722
f 1611//1611 1612//1612 1724//1724
f 1611//1611 1724//1724 1723//1723
f 1612//1612 1613//1613 1725//1725
f 1612//1612 1725//1725 1724//1724
f 1613//1613 1614//1614 1726//1726
f 1613//1613 1726//1726 1725//1725
f 1614//1614 1615//1615 1727//1727
f 1614//1614 1727//1727 1726//1726
f 1615//1615 1616//1616 1728//1728
f 1615//1615 1728//1728 1727//1727
f 1616//1616 1617//1617 1729//1729
f 1616//1616 1729//1729 1728//1728
f 1617//1617 1618//1618 1730//1730
f 1617//1617 1730//1730 1729//1729
f 1618//1618 1619//1619 1731//1731
f 1618//1618 1731//1731 1730//1730
f 1619//1619 1620//1620 1732//1732
f 1619//1619 1732//1732 1731//1731
f 1620//1620 1621//1621 1733//1733
f 1620//1620 1733//1733 1732//1732
f 1621//1621 1622//1622 1734//1734
f 1621//1621 1734//1734 1733//1733
f 1622//1622 1623//1623 1735//1735
f 1622//1622 1735//1735 1734//1734
f 1623//1623 1624//1624 1736//1736
f 1623//1623 1736//1736 1735//1735
f 1624//1624 1625//1625 1737//1737
f 1624//1624 1737//1737 1736//1736
f 1625//1625 1626//1626 1738//1738
f 1625//1625 1738//1738 1737//1737
f 1626//1626 1627//1627 1739//1739
f 1626//1626 1739//1739 1738//1738
f 1627//1627 1628//1628 1740//1740
f 1627//1627 1740//1740 1739//1739
f 1628//1628 1629//1629 1741//1741
f 1628//1628 1741//1741 1740//1740
f 1629//1629 1630//1630 1742//1742
f 1629//1629 1742//1742 1741//1741
f 1630//1630 1631//1631 1743//1743
f 1630//1630 1743//1743 1742//1742
f 1631//1631 1632//1632 1744//1744
f 1631//1631 1744//1744 1743//1743
f 1632//1632 1633//1633 1745//1745
f 1632//1632 1745//1745 1744//1744
f 1633//1633 1634//1634 1746//1746
f 1633//1633 1746//1746 1745//1745
f 1634//1634 1635//1635 1747//1747
f 1634//1634 1747//1747 1746//1746
f 1635//1635 1636//1636 1748//1748
f 1635//1635 1748//1748 1747//1747
f 1636//1636 1637//1637 1749//1749
f 1636//1636 1749//1749 1748//1748
f 1637//1637 1638//1638 1750//1750
f 1637//1637 1750//1750 1749//1749
f 1638//1638 1639//1639 1751//1751
f 1638//1638 1751//1751 1750//1750
f 1639//1639 1640//1640 1752//1752
f 1639//1639 1752//1752 1751//1751
f 1640//1640 1641//1641 1753//1753
f 1640//1640 1753//1753 1752//1752
f 1641//1641 1642//1642 1754//1754
f 1641//1641 1754//1754 1753//1753
f 1642//1642 1643//1643 1755//1755
f 1642//1642 1755//1755 1754//1754
f 1643//1643 1644//1644 1756//1756
f 1643//1643 1756//1756 1755//1755
f 1644//1644 1645//1645 1757//1757
f 1644//1644 1757//1757 1756//1756
f 1645//1645 1646//1646 1758//1758
f 1645//1645 1758//1758 1757//1757
f 1646//1646 1647//1647 1759//1759
f 1646//1646 1759//1759 1758//1758
f 1647//1647 1648//1648 1760//1760
f 1647//1647 1760//1760 1759//1759
f 1648//1648 1649//1649 1761//1761
f 1648//1648 1761//1761 1760//1760
f 1649//1649 1650//1650 1762//1762
f 1649//1649 1762//1762 1761//1761
f 1650//1650 1651//1651 1763//1763
f 1650//1650 1763//1763 1762//1762
f 1651//1651 1652//1652 1764//1764
f 1651//1651 1764//1764 1763//1763
f 1652//1652 1653//1653 1765//1765
f 1652//1652 1765//1765 1764//1764
f 1653//1653 1654//1654 1766//1766
f 1653//1653 1766//1766 1765//1765
f 1654//1654 1655//1655 1767//1767
f 1654//1654 1767//1767 1766//1766
f 1655//1655 1656//1656 1768//1768
f 1655//1655 1768//1768 1767//1767
f 1656//1656 1657//1657 1769//1769
f 1656//1656 1769//1769 1768//1768
f 1657//1657 1658//1658 1770//1770
f 1657//1657 1770//1770 1769//1769
f 1658//1658 1659//1659 1771//1771
f 1658//1658 1771//1771 1770//1770
f 1659//1659 1660//1660 1772//1772
f 1659//1659 1772//1772 1771//1771
f 1660//1660 1661//1661 1773//1773
f 1660//1660 1773//1773 1772//1772
f 1661//1661 1662//1662 1774//1774
f 1661//1661 1774//1774 1773//1773
f 1662//1662 1663//1663 1775//1775
f 1662//1662 1775//1775 1774//1774
f 1663//1663 1664//1664 1776//1776
f 1663//1663 1776//1776 1775//1775
f 1664//1664 1665//1665 1777//1777
f 1664//1664 1777//1777 1776//1776
f 1665//1665 1666//1666 1778//1778
f 1665//1665 1778//1778 1777//1777
f 1666//1666 1667//1667 1779//1779
f 1666//1666 1779//1779 1778//1778
f 1667//1667 1668//1668 1780//1780
f 1667//1667 1780//1780 1779//1779
f 1668//1668 1669//1669 1781//1781
f 1668//1668 1781//1781 1780//1780
f 1669//1669 1670//1670 1782//1782
f 1669//1669 1782//1782 1781//1781
f 1670//1670 1671//1671 1783//1783
f 1670//1670 1783//1783 1782//1782
f 1671//1671 1672//1672 1784//1784
f 1671//1671 1784//1784 1783//1783
f 1672//1672 1673//1673 1785//1785
f 1672//1672 1785//1785 1784//1784
f 1673//1673 1674//1674 1786//1786
f 1673//1673 1786//1786 1785//1785
f 1674//1674 1675//1675 1787//1787
f 1674//1674 1787//1787 1786//1786
f 1675//1675 1676//1676 1788//1788
f 1675//1675 1788//1788 1787//1787
f 1676//1676 1677//1677 1789//1789
f 1676//1676 1789//1789 1788//1788
f 1677//1677 1678//1678 1790//1790
f 1677//1677 1790//1790 1789//1789
f 1678//1678 1679//1679 1791//1791
f 1678//1678 1791//1791 1790//1790
f 1679//1679 1680//1680 1792//1792
f 1679//1679 1792//1792 1791//1791
f 1680//1680 1681//1681 1793//1793
f 1680//1680 1793//1793 1792//1792
f 1681//1681 1571//1571 1683//1683
f 1681//1681 1683//1683 1793//1793
f 1683//1683 1682//1682 1794//1794
f 1683//1683 1794//1794 1795//1795
f 1682//1682 1684//1684 1796//1796
f 1682//1682 1796//1796 1794//1794
f 1684//1684 1685//1685 1797//1797
f 1684//1684 1797//1797 1796//1796
f 1685//1685 1686//1686 1798//1798
f 1685//1685 1798//1798 1797//1797
f 1686//1686 1687//1687 1799//1799
f 1686//1686 1799//1799 1798//1798
f 1687//1687 1688//1688 1800//1800
f 1687//1687 1800//1800 1799//1799
f 1688//1688 1689//1689 1801//1801
f 1688//1688 1801//1801 1800//1800
f 1689//1689 1690//1690 1802//1802
f 1689//1689 1802//1802 1801//1801
f 1690//1690 1691//1691 1803//1803
f 1690//1690 1803//1803 1802//1802
f 1691//1691 1692//1692 1804//1804
f 1691//1691 1804//1804 1803//1803
f 1692//1692 1693//1693 1805//1805
f 1692//1692 1805//1805 1804//1804
f 1693//1693 1694//1694 1806//1806
f 1693//1693 1806//1806 1805//1805
f 1694//1694 1695//1695 1807//1807
f 1694//1694 1807//1807 1806//1806
f 1695//1695 1696//1696 1808//1808
f 1695//1695 1808//1808 1807//1807
f 1696//1696 1697//1697 1809//1809
f 1696//1696 1809//1809 1808//1808
f 1697//1697 1698//1698 1810//1810
f 1697//1697 1810//1810 1809//1809
f 1698//1698 1699//1699 1811//1811
f 1698//1698 1811//1811 1810//1810
f 1699//1699 1700//1700 1812//1812
f 1699//1699 1812//1812 1811//1811
f 1700//1700 1701//1701 1813//1813
f 1700//1700 1813//1813 1812//1812
f 1701//1701 1702//1702 1814//1814
f 1701//1701 1814//1814 1813//1813
f 1702//1702 1703//1703 1815//1815
f 1702//1702 1815//1815 1814//1814
f 1703//1703 1704//1704 1816//1816
f 1703//1703 1816//1816 1815//1815
f 1704//1704 1705//1705 1817//1817
f 1704//1704 1817//1817 1816//1816
f 1705//1705 1706//1706 1818//1818
f 1705//1705 1818//1818 1817//1817
f 1706//1706 1707//1707 1819//1819
f 1706//1706 1819//1819 1818//1818
f 1707//1707 1708//1708 1820//1820
f 1707//1707 1820//1820 1819//1819
f 1708//1708 1709//1709 1821//1821
f 1708//1708 1821//1821 1820//1820
f 1709//1709 1710//1710 1822//1822
f 1709//1709 1822//1822 1821//1821
f 1710//1710 1711//1711 1823//1823
f 1710//1710 1823//1823 1822//1822
f 1711//1711 1712//1712 1824//1824
f 1711//1711 1824//1824 1823//1823
f 1712//1712 1713//1713 1825//1825
f 1712//1712 1825//1825 1824//1824
f 1713//1713 1714//1714 1826//1826
f 1713//1713 1826//1826 1825//1825
f 1714//1714 1715//1715 1827//1827
f 1714//1714 1827//1827 1826//1826
f 1715//1715 1716//1716 1828//1828
f 1715//1715 1828//1828 1827//1827
f 1716//1716 1717//1717 1829//1829
f 1716//1716 1829//1829 1828//1828
f 1717//1717 1718//1718 1830//1830
f 1717//1717 1830//1830 1829//1829
f 1718//1718 1719//1719 1831//1831
f 1718//1718 1831//1831 1830//1830
f 1719//1719 1720//1720 1832//1832
f 1719//1719 1832//1832 1831//1831
f 1720//1720 1721//1721 1833//1833
f 1720//1720 1833//1833 1832//1832
f 1721//1721 1722//1722 1834//1834
f 1721//1721 1834//1834 1833//1833
f 1722//1722 1723//1723 1835//1835
f 1722//1722 1835//1835 1834//1834
f 1723//1723 1724//1724 1836//1836
f 1723//1723 1836//1836 1835//1835
f 1724//1724 1725//1725 1837//1837
f 1724//1724 1837//1837 1836//1836
f 1725//1725 1726//1726 1838//1838
f 1725//1725 1838//1838 1837//1837
f 1726//1726 1727//1727 1839//1839
f 1726//1726 1839//1839 1838//1838
f 1727//1727 1728//1728 1840//1840
f 1727//1727 1840//1840 1839//1839
f 1728//1728 1729//1729 1841//1841
f 1728//1728 1841//1841 1840//1840
f 1729//1729 1730//1730 1842//1842
f 1729//1729 1842//1842 1841//1841
f 1730//1730 1731//1731 1843//1843
f 1730//1730 1843//1843 1842//1842
f 1731//1731 1732//1732 1844//1844
f 1731//1731 1844//1844 1843//1843
f 1732//1732 1733//1733 1845//1845
f 1732//1732 1845//1845 1844//1844
f 1733//1733 1734//1734 1846//1846
f 1733//1733 1846//1846 1845//1845
f 1734//1734 1735//1735 1847//1847
f 1734//1734 1847//1847 1846//1846
f 1735//1735 1736//1736 1848//1848
f 1735//1735 1848//1848 1847//1847
f 1736//1736 1737//1737 1849//1849
f 1736//1736 1849//1849 1848//1848
f 1737//1737 1738//1738 1850//1850
f 1737//1737 1850//1850 1849//1849
f 1738//1738 1739//1739 1851//1851
f 1738//1738 1851//1851 1850//1850
f 1739//1739 1740//1740 1852//1852
f 1739//1739 1852//1852 1851//1851
f 1740//1740 1741//1741 1853//1853
f 1740//1740 1853//1853 1852//1852
f 1741//1741 1742//1742 1854//1854
f 1741//1741 1854//1854 1853//1853
f 1742//1742 1743//1743 1855//1855
f 1742//1742 1855//1855 1854//1854
f 1743//1743 1744//1744 1856//1856
f 1743//1743 1856//1856 1855//1855
f 1744//1744 1745//1745 1857//1857
f 1744//1744 1857//1857 1856//1856
f 1745//1745 1746//1746 1858//1858
f 1745//1745 1858//1858 1857//1857
f 1746//1746 1747//1747 1859//1859
f 1746//1746 1859//1859 1858//1858
f 1747//1747 1748//1748 1860//1860
f 1747//1747 1860//1860 1859//1859
f 1748//1748 1749//1749 1861//1861
f 1748//1748 1861//1861 1860//1860
f 1749//1749 1750//1750 1862//1862
f 1749//1749 1862//1862 1861//1861
f 1750//1750 1751//1751 1863//1863
f 1750//1750 1863//1863 1862//1862
f 1751//1751 1752//1752 1864//1864
f 1751//1751 1864//1864 1863//1863
f 1752//1752 1753//1753 1865//1865
f 1752//1752 1865//1865 1864//1864
f 1753//1753 1754//1754 1866//1866
f 1753//1753 1866//1866 1865//1865
f 1754//1754 1755//1755 1867//1867
f 1754//1754 1867//1867 1866//1866
f 1755//1755 1756//1756 1868//1868
f 1755//1755 1868//1868 1867//1867
f 1756//1756 1757//1757 1869//1869
f 1756//1756 1869//1869 1868//1868
f 1757//1757 1758//1758 1870//1870
f 1757//1757 1870//1870 1869//1869
f 1758//1758 1759//1759 1871//1871
f 1758//1758 1871//1871 1870//1870
f 1759//1759 1760//1760 1872//1872
f 1759//1759 1872//1872 1871//1871
f 1760//1760 1761//1761 1873//1873
f 1760//1760 1873//1873 1872//1872
f 1761//1761 1762//1762 1874//1874
f 1761//1761 1874//1874 1873//1873
f 1762//1762 1763//1763 1875//1875
f 1762//1762 1875//1875 1874//1874
f 1763//1763 1764//1764 1876//1876
f 1763//1763 1876//1876 1875//1875
f 1764//1764 1765//1765 1877//1877
f 1764//1764 1877//1877 1876//1876
f 1765//1765 1766//1766 1878//1878
f 1765//1765 1878//1878 1877//1877
f 1766//1766 1767//1767 1879//1879
f 1766//1766 1879//1879 1878//1878
f 1767//1767 1768//1768 1880//1880
f 1767//1767 1880//1880 1879//1879
f 1768//1768 1769//1769 1881//1881
f 1768//1768 1881//1881 1880//1880
f 1769//1769 1770//1770 1882//1882
f 1769//1769 1882//1882 1881//1881
f 1770//1770 1771//1771 1883//1883
f 1770//1770 1883//1883 1882//1882
f 1771//1771 1772//1772 1884//1884
f 1771//1771 1884//1884 1883//1883
f 1772//1772 1773//1773 1885//1885
f 1772//1772 1885//1885 1884//1884
f 1773//1773 1774//1774 1886//1886
f 1773//1773 1886//1886 1885//1885
f 1774//1774 1775//1775 1887//1887
f 1774//1774 1887//1887 1886//1886
f 1775//1775 1776//1776 1888//1888
f 1775//1775 1888//1888 1887//1887
f 1776//1776 1777//1777 1889//1889
f 1776//1776 1889//1889 1888//1888
f 1777//1777 1778//1778 1890//1890
f 1777//1777 1890//1890 1889//1889
f 1778//1778 1779//1779 1891//1891
f 1778//1778 1891//1891 1890//1890
f 1779//1779 1780//1780 1892//1892
f 1779//1779 1892//1892 1891//1891
f 1780//1780 1781//1781 1893//1893
f 1780//1780 1893//1893 1892//1892
f 1781//1781 1782//1782 1894//1894
f 1781//1781 1894//1894 1893//1893
f 1782//1782 1783//1783 1895//1895
f 1782//1782 1895//1895 1894//1894
f 1783//1783 1784//1784 1896//1896
f 1783//1783 1896//1896 1895//1895
f 1784//1784 1785//1785 1897//1897
f 1784//1784 1897//1897 1896//1896
f 1785//1785 1786//1786 1898//1898
f 1785//1785 1898//1898 1897//1897
f 1786//1786 1787//1787 1899//1899
f 1786//1786 1899//1899 1898//1898
f 1787//1787 1788//1788 1900//1900
f 1787//1787 1900//1900 1899//1899
f 1788//1788 1789//1789 1901//1901
f 1788//1788 1901//1901 1900//1900
f 1789//1789 1790//1790 1902//1902
f 1789//1789 1902//1902 1901//1901
f 1790//1790 1791//1791 1903//1903
f 1790//1790 1903//1903 1902//1902
f 1791//1791 1792//1792 1904//1904
f 1791//1791 1904//1904 1903//1903
f 1792//1792 1793//1793 1905//1905
f 1792//1792 1905//1905 1904//1904
f 1793//1793 1683//1683 1795//1795
f 1793//1793 1795//1795 1905//1905
f 1795//1795 1794//1794 1906//1906
f 1795//1795 1906//1906 1907//1907
f 1794//1794 1796//1796 1908//1908
f 1794//1794 1908//1908 1906//1906
f 1796//1796 1797//1797 1909//1909
f 1796//1796 1909//1909 1908//1908
f 1797//1797 1798//1798 1910//1910
f 1797//1797 1910//1910 1909//1909
f 1798//1798 1799//1799 1911//1911
f 1798//1798 1911//1911 1910//1910
f 1799//1799 1800//1800 1912//1912
f 1799//1799 1912//1912 1911//1911
f 1800//1800 1801//1801 1913//1913
f 1800//1800 1913//1913 1912//1912
f 1801//1801 1802//1802 1914//1914
f 1801//1801 1914//1914 1913//1913
f 1802//1802 1803//1803 1915//1915
f 1802//1802 1915//1915 1914//1914
f 1803//1803 1804//1804 1916//1916
f 1803//1803 1916//1916 1915//1915
f 1804//1804 1805//1805 1917//1917
f 1804//1804 1917//1917 1916//1916
f 1805//1805 1806//1806 1918//1918
f 1805//1805 1918//1918 1917//1917
f 1806//1806 1807//1807 1919//1919
f 1806//1806 1919//1919 1918//1918
f 1807//1807 1808//1808 1920//1920
f 1807//1807 1920//1920 1919//1919
f 1808//1808 1809//1809 1921//1921
f 1808//1808 1921//1921 1920//1920
f 1809//1809 1810//1810 1922//1922
f 1809//1809 1922//1922 1921//1921
f 1810//1810 1811//1811 1923//1923
f 1810//1810 1923//1923 1922//1922
f 1811//1811 1812//1812 1924//1924
f 1811//1811 1924//1924 1923//1923
f 1812//1812 1813//1813 1925//1925
f 1812//1812 1925//1925 1924//1924
f 1813//1813 1814//1814 1926//1926
f 1813//1813 1926//1926 1925//1925
f 1814//1814 1815//1815 1927//1927
f 1814//1814 1927//1927 1926//1926
f 1815//1815 1816//1816 1928//1928
f 1815//1815 1928//1928 1927//1927
f 1816//1816 1817//1817 1929//1929
f 1816//1816 1929//1929 1928//1928
f 1817//1817 1818//1818 1930//1930
f 1817//1817 1930//1930 1929//1929
f 1818//1818 1819//1819 1931//1931
f 1818//1818 1931//1931 1930//1930
f 1819//1819 1820//1820 1932//1932
f 1819//1819 1932//1932 1931//1931
f 1820//1820 1821//1821 1933//1933
f 1820//1820 1933//1933 1932//1932
f 1821//1821 1822//1822 1934//1934
f 1821//1821 1934//1934 1933//1933
f 1822//1822 1823//1823 1935//1935
f 1822//1822 1935//1935 1934//1934
f 1823//1823 1824//1824 1936//1936
f 1823//1823 1936//1936 1935//1935
f 1824//1824 1825//1825 1937//1937
f 1824//1824 1937//1937 1936//1936
f 1825//1825 1826//1826 1938//1938
f 1825//1825 1938//1938 1937//1937
f 1826//1826 1827//1827 1939//1939
f 1826//1826 1939//1939 1938//1938
f 1827//1827 1828//1828 1940//1940
f 1827//1827 1940//1940 1939//1939
f 1828//1828 1829//1829 1941//1941
f 1828//1828 1941//1941 1940//1940
f 1829//1829 1830//1830 1942//1942
f 1829//1829 1942//1942 1941//1941
f 1830//1830 1831//1831 1943//1943
f 1830//1830 1943//1943 1942//1942
f 1831//1831 1832//1832 1944//1944
f 1831//1831 1944//1944 1943//1943
f 1832//1832 1833//1833 1945//1945
f 1832//1832 1945//1945 1944//1944
f 1833//1833 1834//1834 1946//1946
f 1833//1833 1946//1946 1945//1945
f 1834//1834 1835//1835 1947//1947
f 1834//1834 1947//1947 1946//1946
f 1835//1835 1836//1836 1948//1948
f 1835//1835 1948//1948 1947//1947
f 1836//1836 1837//1837 1949//1949
f 1836//1836 1949//1949 1948//1948
f 1837//1837 1838//1838 1950//1950
f 1837//1837 1950//1950 1949//1949
f 1838//1838 1839//1839 1951//1951
f 1838//1838 1951//1951 1950//1950
f 1839//1839 1840//1840 1952//1952
f 1839//1839 1952//1952 1951//1951
f 1840//1840 1841//1841 1953//1953
f 1840//1840 1953//1953 1952//1952
f 1841//1841 1842//1842 1954//1954
f 1841//1841 1954//1954 1953//1953
f 1842//1842 1843//1843 1955//1955
f 1842//1842 1955//1955 1954//1954
f 1843//1843 1844//1844 1956//1956
f 1843//1843 1956//1956 1955//1955
f 1844//1844 1845//1845 1957//1957
f 1844//1844 1957//1957 1956//1956
f 1845//1845 1846//1846 1958//1958
f 1845//1845 1958//1958 1957//1957
f 1846//1846 1847//1847 1959//1959
f 1846//1846 1959//1959 1958//1958
f 1847//1847 1848//1848 1960//1960
f 1847//1847 1960//1960 1959//1959
f 1848//1848 1849//1849 1961//1961
f 1848//1848 1961//1961 1960//1960
f 1849//1849 1850//1850 1962//1962
f 1849//1849 1962//1962 1961//1961
f 1850//1850 1851//1851 1963//1963
f 1850//1850 1963//1963 1962//1962
f 1851//1851 1852//1852 1964//1964
f 1851//1851 1964//1964 1963//1963
f 1852//1852 1853//1853 1965//1965
f 1852//1852 1965//1965 1964//1964
f 1853//1853 1854//1854 1966//1966
f 1853//1853 1966//1966 1965//1965
f 1854//1854 1855//1855 1967//1967
f 1854//1854 1967//1967 1966//1966
f 1855//1855 1856//1856 1968//1968
f 1855//1855 1968//1968 1967//1967
f 1856//1856 1857//1857 1969//1969
f 1856//1856 1969//1969 1968//1968
f 1857//1857 1858//1858 1970//1970
f 1857//1857 1970//1970 1969//1969
f 1858//1858 1859//1859 1971//1971
f 1858//1858 1971//1971 1970//1970
f 1859//1859 1860//1860 1972//1972
f 1859//1859 1972//1972 1971//1971
f 1860//1860 1861//1861 1973//1973
f 1860//1860 1973//1973 1972//1972
f 1861//1861 1862//1862 1974//1974
f 1861//1861 1974//1974 1973//1973
f 1862//1862 1863//1863 1975//1975
f 1862//1862 1975//1975 1974//1974
f 1863//1863 1864//1864 1976//1976
f 1863//1863 1976//1976 1975//1975
f 1864//1864 1865//1865 1977//1977
f 1864//1864 1977//1977 1976//1976
f 1865//1865 1866//1866 1978//1978
f 1865//1865 1978//1978 1977//1977
f 1866//1866 1867//1867 1979//1979
f 1866//1866 1979//1979 1978//1978
f 1867//1867 1868//1868 1980//1980
f 1867//1867 1980//1980 1979//1979
f 1868//1868 1869//1869 1981//1981
f 1868//1868 1981//1981 1980//1980
f 1869//1869 1870//1870 1982//1982
f 1869//1869 1982//1982 1981//1981
f 1870//1870 1871//1871 1983//1983
f 1870//1870 1983//1983 1982//1982
f 1871//1871 1872//1872 1984//1984
f 1871//1871 1984//1984 1983//1983
f 1872//1872 1873//1873 1985//1985
f 1872//1872 1985//1985 1984//1984
f 1873//1873 1874//1874 1986//1986
f 1873//1873 1986//1986 1985//1985
f 1874//1874 1875//1875 1987//1987
f 1874//1874 1987//1987 1986//1986
f 1875//1875 1876//1876 1988//1988
f 1875//1875 1988//1988 1987//1987
f 1876//1876 1877//1877 1989//1989
f 1876//1876 1989//1989 1988//1988
f 1877//1877 1878//1878 1990//1990
f 1877//1877 1990//1990 1989//1989
f 1878//1878 1879//1879 1991//1991
f 1878//1878 1991//1991 1990//1990
f 1879//1879 1880//1880 1992//1992
f 1879//1879 1992//1992 1991//1991
f 1880//1880 1881//1881 1993//1993
f 1880//1880 1993//1993 1992//1992
f 1881//1881 1882//1882 1994//1994
f 1881//1881 1994//1994 1993//1993
f 1882//1882 1883//1883 1995//1995
f 1882//1882 1995//1995 1994//1994
f 1883//1883 1884//1884 1996//1996
f 1883//1883 1996//1996 1995//1995
f 1884//1884 1885//1885 1997//1997
f 1884//1884 1997//1997 1996//1996
f 1885//1885 1886//1886 1998//1998
f 1885//1885 1998//1998 1997//1997
f 1886//1886 1887//1887 1999//1999
f 1886//1886 1999//1999 1998//1998
f 1887//1887 1888//1888 2000//2000
f 1887//1887 2000//2000 1999//1999
f 1888//1888 1889//1889 2001//2001
f 1888//1888 2001//2001 2000//2000
f 1889//1889 1890//1890 2002//2002
f 1889//1889 2002//2002 2001//2001
f 1890//1890 1891//1891 2003//2003
f 1890//1890 2003//2003 2002//2002
f 1891//1891 1892//1892 2004//2004
f 1891//1891 2004//2004 2003//2003
f 1892//1892 1893//1893 2005//2005
f 1892//1892 2005//2005 2004//2004
f 1893//1893 1894//1894 2006//2006
f 1893//1893 2006//2006 2005//2005
f 1894//1894 1895//1895 2007//2007
f 1894//1894 2007//2007 2006//2006
f 1895//1895 1896//1896 2008//2008
f 1895//1895 2008//2008 2007//2007
f 1896//1896 1897//1897 2009//2009
f 1896//1896 2009//2009 2008//2008
f 1897//1897 1898//1898 2010//2010
f 1897//1897 2010//2010 2009//2009
f 1898//1898 1899//1899 2011//2011
f 1898//1898 2011//2011 2010//2010
f 1899//1899 1900//1900 2012//2012
f 1899//1899 2012//2012 2011//2011
f 1900//1900 1901//1901 2013//2013
f 1900//1900 2013//2013 2012//2012
f 1901//1901 1902//1902 2014//2014
f 1901//1901 2014//2014 2013//2013
f 1902//1902 1903//1903 2015//2015
f 1902//1902 2015//2015 2014//2014
f 1903//1903 1904//1904 2016//2016
f 1903//1903 2016//2016 2015//2015
f 1904//1904 1905//1905 2017//2017
f 1904//1904 2017//2017 2016//2016
f 1905//1905 1795//1795 1907//1907
f 1905//1905 1907//1907 2017//2017
f 1907//1907 1906//1906 2018//2018
f 1907//1907 2018//2018 2019//2019
f 1906//1906 1908//1908 2020//2020
f 1906//1906 2020//2020 2018//2018
f 1908//1908 1909//1909 2021//2021
f 1908//1908 2021//2021 2020//2020
f 1909//1909 1910//1910 2022//2022
f 1909//1909 2022//2022 2021//2021
f 1910//1910 1911//1911 2023//2023
f 1910//1910 2023//2023 2022//2022
f 1911//1911 1912//1912 2024//2024
f 1911//1911 2024//2024 2023//2023
f 1912//1912 1913//1913 2025//2025
f 1912//1912 2025//2025 2024//2024
f 1913//1913 1914//1914 2026//2026
f 1913//1913 2026//2026 2025//2025
f 1914//1914 1915//1915 2027//2027
f 1914//1914 2027//2027 2026//2026
f 1915//1915 1916//1916 2028//2028
f 1915//1915 2028//2028 2027//2027
f 1916//1916 1917//1917 2029//2029
f 1916//1916 2029//2029 2028//2028
f 1917//1917 1918//1918 2030//2030
f 1917//1917 2030//2030 2029//2029
f 1918//1918 1919//1919 2031//2031
f 1918//1918 2031//2031 2030//2030
f 1919//1919 1920//1920 2032//2032
f 1919//1919 2032//2032 2031//2031
f 1920//1920 1921//1921 2033//2033
f 1920//1920 2033//2033 2032//2032
f 1921//1921 1922//1922 2034//2034
f 1921//1921 2034//2034 2033//2033
f 1922//1922 1923//1923 2035//2035
f 1922//1922 2035//2035 2034//2034
f 1923//1923 1924//1924 2036//2036
f 1923//1923 2036//2036 2035//2035
f 1924//1924 1925//1925 2037//2037
f 1924//1924 2037//2037 2036//2036
f 1925//1925 1926//1926 2038//2038
f 1925//1925 2038//2038 2037//2037
f 1926//1926 1927//1927 2039//2039
f 1926//1926 2039//2039 2038//2038
f 1927//1927 1928//1928 2040//2040
f 1927//1927 2040//2040 2039//2039
f 1928//1928 1929//1929 2041//2041
f 1928//1928 2041//2041 2040//2040
f 1929//1929 1930//1930 2042//2042
f 1929//1929 2042//2042 2041//2041
f 1930//1930 1931//1931 2043//2043
f 1930//1930 2043//2043 2042//2042
f 1931//1931 1932//1932 2044//2044
f 1931//1931 2044//2044 2043//2043
f 1932//1932 1933//1933 2045//2045
f 1932//1932 2045//2045 2044//2044
f 1933//1933 1934//1934 2046//2046
f 1933//1933 2046//2046 2045//2045
f 1934//1934 1935//1935 2047//2047
f 1934//1934 2047//2047 2046//2046
f 1935//1935 1936//1936 2048//2048
f 1935//1935 2048//2048 2047//2047
f 1936//1936 1937//1937 2049//2049
f 1936//1936 2049//2049 2048//2048
f 1937//1937 1938//1938 2050//2050
f 1937//1937 2050//2050 2049//2049
f 1938//1938 1939//1939 2051//2051
f 1938//1938 2051//2051 2050//2050
f 1939//1939 1940//1940 2052//2052
f 1939//1939 2052//2052 2051//2051
f 1940//1940 1941//1941 2053//2053
f 1940//1940 2053//2053 2052//2052
f 1941//1941 1942//1942 2054//2054
f 1941//1941 2054//2054 2053//2053
f 1942//1942 1943//1943 2055//2055
f 1942//1942 2055//2055 2054//2054
f 1943//1943 1944//1944 2056//2056
f 1943//1943 2056//2056 2055//2055
f 1944//1944 1945//1945 2057//2057
f 1944//1944 2057//2057 2056//2056
f 1945//1945 1946//1946 2058//2058
f 1945//1945 2058//2058 2057//2057
f 1946//1946 1947//1947 2059//2059
f 1946//1946 2059//2059 2058//2058
f 1947//1947 1948//1948 2060//2060
f 1947//1947 2060//2060 2059//2059
f 1948//1948 1949//1949 2061//2061
f 1948//1948 2061//2061 2060//2060
f 1949//1949 1950//1950 2062//2062
f 1949//1949 2062//2062 2061//2061
f 1950//1950 1951//1951 2063//2063
f 1950//1950 2063//2063 2062//2062
f 1951//1951 1952//1952 2064//2064
f 1951//1951 2064//2064 2063//2063
f 1952//1952 1953//1953 2065//2065
f 1952//1952 2065//2065 2064//2064
f 1953//1953 1954//1954 2066//2066
f 1953//1953 2066//2066 2065//2065
f 1954//1954 1955//1955 2067//2067
f 1954//1954 2067//2067 2066//2066
f 1955//1955 1956//1956 2068//2068
f 1955//1955 2068//2068 2067//2067
f 1956//1956 1957//1957 2069//2069
f 1956//1956 2069//2069 2068//2068
f 1957//1957 1958//1958 2070//2070
f 1957//1957 2070//2070 2069//2069
f 1958//1958 1959//1959 2071//2071
f 1958//1958 2071//2071 2070//2070
f 1959//1959 1960//1960 2072//2072
f 1959//1959 2072//2072 2071//2071
f 1960//1960 1961//1961 2073//2073
f 1960//1960 2073//2073 2072//2072
f 1961//1961 1962//1962 2074//2074
f 1961//1961 2074//2074 2073//2073
f 1962//1962 1963//1963 2075//2075
f 1962//1962 2075//2075 2074//2074
f 1963//1963 1964//1964 2076//2076
f 1963//1963 2076//2076 2075//2075
f 1964//1964 1965//1965 2077//2077
f 1964//1964 2077//2077 2076//2076
f 1965//1965 1966//1966 2078//2078
f 1965//1965 2078//2078 2077//2077
f 1966//1966 1967//1967 2079//2079
f 1966//1966 2079//2079 2078//2078
f 1967//1967 1968//1968 2080//2080
f 1967//1967 2080//2080 2079//2079
f 1968//1968 1969//1969 2081//2081
f 1968//1968 2081//2081 2080//2080
f 1969//1969 1970//1970 2082//2082
f 1969//1969 2082//2082 2081//2081
f 1970//1970 1971//1971 2083//2083
f 1970//1970 2083//2083 2082//2082
f 1971//1971 1972//1972 2084//2084
f 1971//1971 2084//2084 2083//2083
f 1972//1972 1973//1973 2085//2085
f 1972//1972 2085//2085 2084//2084
f 1973//1973 1974//1974 2086//2086
f 1973//1973 2086//2086 2085//2085
f 1974//1974 1975//1975 2087//2087
f 1974//1974 2087//2087 2086//2086
f 1975//1975 1976//1976 2088//2088
f 1975//1975 2088//2088 2087//2087
f 1976//1976 1977//1977 2089//2089
f 1976//1976 2089//2089 2088//2088
f 1977//1977 1978//1978 2090//2090
f 1977//1977 2090//2090 2089//2089
f 1978//1978 1979//1979 2091//2091
f 1978//1978 2091//2091 2090//2090
f 1979//1979 1980//1980 2092//2092
f 1979//1979 2092//2092 2091//2091
f 1980//1980 1981//1981 2093//2093
f 1980//1980 2093//2093 2092//2092
f 1981//1981 1982//1982 2094//2094
f 1981//1981 2094//2094 2093//2093
f 1982//1982 1983//1983 2095//2095
f 1982//1982 2095//2095 2094//2094
f 1983//1983 1984//1984 2096//2096
f 1983//1983 2096//2096 2095//2095
f 1984//1984 1985//1985 2097//2097
f 1984//1984 2097//2097 2096//2096
f 1985//1985 1986//1986 2098//2098
f 1985//1985 2098//2098 2097//2097
f 1986//1986 1987//1987 2099//2099
f 1986//1986 2099//2099 2098//2098
f 1987//1987 1988//1988 2100//2100
f 1987//1987 2100//2100 2099//2099
f 1988//1988 1989//1989 2101//2101
f 1988//1988 2101//2101 2100//2100
f 1989//1989 1990//1990 2102//2102
f 1989//1989 2102//2102 2101//2101
f 1990//1990 1991//1991 2103//2103
f 1990//1990 2103//2103 2102//2102
f 1991//1991 1992//1992 2104//2104
f 1991//1991 2104//2104 2103//2103
f 1992//1992 1993//1993 2105//2105
f 1992//1992 2105//2105 2104//2104
f 1993//1993 1994//1994 2106//2106
f 1993//1993 2106//2106 2105//2105
f 1994//1994 1995//1995 2107//2107
f 1994//1994 2107//2107 2106//2106
f 1995//1995 1996//1996 2108//2108
f 1995//1995 2108//2108 2107//2107
f 1996//1996 1997//1997 2109//2109
f 1996//1996 2109//2109 2108//2108
f 1997//1997 1998//1998 2110//2110
f 1997//1997 2110//2110 2109//2109
f 1998//1998 1999//1999 2111//2111
f 1998//1998 2111//2111 2110//2110
f 1999//1999 2000//2000 2112//2112
f 1999//1999 2112//2112 2111//2111
f 2000//2000 2001//2001 2113//2113
f 2000//2000 2113//2113 2112//2112
f 2001//2001 2002//2002 2114//2114
f 2001//2001 2114//2114 2113//2113
f 2002//2002 2003//2003 2115//2115
f 2002//2002 2115//2115 2114//2114
f 2003//2003 2004//2004 2116//2116
f 2003//2003 2116//2116 2115//2115
f 2004//2004 2005//2005 2117//2117
f 2004//2004 2117//2117 2116//2116
f 2005//2005 2006//2006 2118//2118
f 2005//2005 2118//2118 2117//2117
f 2006//2006 2007//2007 2119//2119
f 2006//2006 2119//2119 2118//2118
f 2007//2007 2008//2008 2120//2120
f 2007//2007 2120//2120 2119//2119
f 2008//2008 2009//2009 2121//2121
f 2008//2008 2121//2121 2120//2120
f 2009//2009 2010//2010 2122//2122
f 2009//2009 2122//2122 2121//2121
f 2010//2010 2011//2011 2123//2123
f 2010//2010 2123//2123 2122//2122
f 2011//2011 2012//2012 2124//2124
f 2011//2011 2124//2124 2123//2123
f 2012//2012 2013//2013 2125//2125
f 2012//2012 2125//2125 2124//2124
f 2013//2013 2014//2014 2126//2126
f 2013//2013 2126//2126 2125//2125
f 2014//2014 2015//2015 2127//2127
f 2014//2014 2127//2127 2126//2126
f 2015//2015 2016//2016 2128//2128
f 2015//2015 2128//2128 2127//2127
f 2016//2016 2017//2017 2129//2129
f 2016//2016 2129//2129 2128//2128
f 2017//2017 1907//1907 2019//2019
f 2017//2017 2019//2019 2129//2129
f 2019//2019 2018//2018 2130//2130
f 2019//2019 2130//2130 2131//2131
f 2018//2018 2020//2020 2132//2132
f 2018//2018 2132//2132 2130//2130
f 2020//2020 2021//2021 2133//2133
f 2020//2020 2133//2133 2132//2132
f 2021//2021 2022//2022 2134//2134
f 2021//2021 2134//2134 2133//2133
f 2022//2022 2023//2023 2135//2135
f 2022//2022 2135//2135 2134//2134
f 2023//2023 2024//2024 2136//2136
f 2023//2023 2136//2136 2135//2135
f 2024//2024 2025//2025 2137//2137
f 2024//2024 2137//2137 2136//2136
f 2025//2025 2026//2026 2138//2138
f 2025//2025 2138//2138 2137//2137
f 2026//2026 2027//2027 2139//2139
f 2026//2026 2139//2139 2138//2138
f 2027//2027 2028//2028 2140//2140
f 2027//2027 2140//2140 2139//2139
f 2028//2028 2029//2029 2141//2141
f 2028//2028 2141//2141 2140//2140
f 2029//2029 2030//2030 2142//2142
f 2029//2029 2142//2142 2141//2141
f 2030//2030 2031//2031 2143//2143
f 2030//2030 2143//2143 2142//2142
f 2031//2031 2032//2032 2144//2144
f 2031//2031 2144//2144 2143//2143
f 2032//2032 2033//2033 2145//2145
f 2032//2032 2145//2145 2144//2144
f 2033//2033 2034//2034 2146//2146
f 2033//2033 2146//2146 2145//2145
f 2034//2034 2035//2035 2147//2147
f 2034//2034 2147//2147 2146//2146
f 2035//2035 2036//2036 2148//2148
f 2035//2035 2148//2148 2147//2147
f 2036//2036 2037//2037 2149//2149
f 2036//2036 2149//2149 2148//2148
f 2037//2037 2038//2038 2150//2150
f 2037//2037 2150//2150 2149//2149
f 2038//2038 2039//2039 2151//2151
f 2038//2038 2151//2151 2150//2150
f 2039//2039 2040//2040 2152//2152
f 2039//2039 2152//2152 2151//2151
f 2040//2040 2041//2041 2153//2153
f 2040//2040 2153//2153 2152//2152
f 2041//2041 2042//2042 2154//2154
f 2041//2041 2154//2154 2153//2153
f 2042//2042 2043//2043 2155//2155
f 2042//2042 2155//2155 2154//2154
f 2043//2043 2044//2044 2156//2156
f 2043//2043 2156//2156 2155//2155
f 2044//2044 2045//2045 2157//2157
f 2044//2044 2157//2157 2156//2156
f 2045//2045 2046//2046 2158//2158
f 2045//2045 2158//2158 2157//2157
f 2046//2046 2047//2047 2159//2159
f 2046//2046 2159//2159 2158//2158
f 2047//2047 2048//2048 2160//2160
f 2047//2047 2160//2160 2159//2159
f 2048//2048 2049//2049 2161//2161
f 2048//2048 2161//2161 2160//2160
f 2049//2049 2050//2050 2162//2162
f 2049//2049 2162//2162 2161//2161
f 2050//2050 2051//2051 2163//2163
f 2050//2050 2163//2163 2162//2162
f 2051//2051 2052//2052 2164//2164
f 2051//2051 2164//2164 2163//2163
f 2052//2052 2053//2053 2165//2165
f 2052//2052 2165//2165 2164//2164
f 2053//2053 2054//2054 2166//2166
f 2053//2053 2166//2166 2165//2165
f 2054//2054 2055//2055 2167//2167
f 2054//2054 2167//2167 2166//2166
f 2055//2055 2056//2056 2168//2168
f 2055//2055 2168//2168 2167//2167
f 2056//2056 2057//2057 2169//2169
f 2056//2056 2169//2169 2168//2168
f 2057//2057 2058//2058 2170//2170
f 2057//2057 2170//2170 2169//2169
f 2058//2058 2059//2059 2171//2171
f 2058//2058 2171//2171 2170//2170
f 2059//2059 2060//2060 2172//2172
f 2059//2059 2172//2172 2171//2171
f 2060//2060 2061//2061 2173//2173
f 2060//2060 2173//2173 2172//2172
f 2061//2061 2062//2062 2174//2174
f 2061//2061 2174//2174 2173//2173
f 2062//2062 2063//2063 2175//2175
f 2062//2062 2175//2175 2174//2174
f 2063//2063 2064//2064 2176//2176
f 2063//2063 2176//2176 2175//2175
f 2064//2064 2065//2065 2177//2177
f 2064//2064 2177//2177 2176//2176
f 2065//2065 2066//2066 2178//2178
f 2065//2065 2178//2178 2177//2177
f 2066//2066 2067//2067 2179//2179
f 2066//2066 2179//2179 2178//2178
f 2067//2067 2068//2068 2180//2180
f 2067//2067 2180//2180 2179//2179
f 2068//2068 2069//2069 2181//2181
f 2068//2068 2181//2181 2180//2180
f 2069//2069 2070//2070 2182//2182
f 2069//2069 2182//2182 2181//2181
f 2070//2070 2071//2071 2183//2183
f 2070//2070 2183//2183 2182//2182
f 2071//2071 2072//2072 2184//2184
f 2071//2071 2184//2184 2183//2183
f 2072//2072 2073//2073 2185//2185
f 2072//2072 2185//2185 2184//2184
f 2073//2073 2074//2074 2186//2186
f 2073//2073 2186//2186 2185//2185
f 2074//2074 2075//2075 2187//2187
f 2074//2074 2187//2187 2186//2186
f 2075//2075 2076//2076 2188//2188
f 2075//2075 2188//2188 2187//2187
f 2076//2076 2077//2077 2189//2189
f 2076//2076 2189//2189 2188//2188
f 2077//2077 2078//2078 2190//2190
f 2077//2077 2190//2190 2189//2189
f 2078//2078 2079//2079 2191//2191
f 2078//2078 2191//2191 2190//2190
f 2079//2079 2080//2080 2192//2192
f 2079//2079 2192//2192 2191//2191
f 2080//2080 2081//2081 2193//2193
f 2080//2080 2193//2193 2192//2192
f 2081//2081 2082//2082 2194//2194
f 2081//2081 2194//2194 2193//2193
f 2082//2082 2083//2083 2195//2195
f 2082//2082 2195//2195 2194//2194
f 2083//2083 2084//2084 2196//2196
f 2083//2083 2196//2196 2195//2195
f 2084//2084 2085//2085 2197//2197
f 2084//2084 2197//2197 2196//2196
f 2085//2085 2086//2086 2198//2198
f 2085//2085 2198//2198 2197//2197
f 2086//2086 2087//2087 2199//2199
f 2086//2086 2199//2199 2198//2198
f 2087//2087 2088//2088 2200//2200
f 2087//2087 2200//2200 2199//2199
f 2088//2088 2089//2089 2201//2201
f 2088//2088 2201//2201 2200//2200
f 2089//2089 2090//2090 2202//2202
f 2089//2089 2202//2202 2201//2201
f 2090//2090 2091//2091 2203//2203
f 2090//2090 2203//2203 2202//2202
f 2091//2091 2092//2092 2204//2204
f 2091//2091 2204//2204 2203//2203
f 2092//2092 2093//2093 2205//2205
f 2092//2092 2205//2205 2204//2204
f 2093//2093 2094//2094 2206//2206
f 2093//2093 2206//2206 2205//2205
f 2094//2094 2095//2095 2207//2207
f 2094//2094 2207//2207 2206//2206
f 2095//2095 2096//2096 2208//2208
f 2095//2095 2208//2208 2207//2207
f 2096//2096 2097//2097 2209//2209
f 2096//2096 2209//2209 2208//2208
f 2097//2097 2098//2098 2210//2210
f 2097//2097 2210//2210 2209//2209
f 2098//2098 2099//2099 2211//2211
f 2098//2098 2211//2211 2210//2210
f 2099//2099 2100//2100 2212//2212
f 2099//2099 2212//2212 2211//2211
f 2100//2100 2101//2101 2213//2213
f 2100//2100 2213//2213 2212//2212
f 2101//2101 2102//2102 2214//2214
f 2101//2101 2214//2214 2213//2213
f 2102//2102 2103//2103 2215//2215
f 2102//2102 2215//2215 2214//2214
f 2103//2103 2104//2104 2216//2216
f 2103//2103 2216//2216 2215//2215
f 2104//2104 2105//2105 2217//2217
f 2104//2104 2217//2217 2216//2216
f 2105//2105 2106//2106 2218//2218
f 2105//2105 2218//2218 2217//2217
f 2106//2106 2107//2107 2219//2219
f 2106//2106 2219//2219 2218//2218
f 2107//2107 2108//2108 2220//2220
f 2107//2107 2220//2220 2219//2219
f 2108//2108 2109//2109 2221//2221
f 2108//2108 2221//2221 2220//2220
f 2109//2109 2110//2110 2222//2222
f 2109//2109 2222//2222 2221//2221
f 2110//2110 2111//2111 2223//2223
f 2110//2110 2223//2223 2222//2222
f 2111//2111 2112//2112 2224//2224
f 2111//2111 2224//2224 2223//2223
f 2112//2112 2113//2113 2225//2225
f 2112//2112 2225//2225 2224//2224
f 2113//2113 2114//2114 2226//2226
f 2113//2113 2226//2226 2225//2225
f 2114//2114 2115//2115 2227//2227
f 2114//2114 2227//2227 2226//2226
f 2115//2115 2116//2116 2228//2228
f 2115//2115 2228//2228 2227//2227
f 2116//2116 2117//2117 2229//2229
f 2116//2116 2229//2229 2228//2228
f 2117//2117 2118//2118 2230//2230
f 2117//2117 2230//2230 2229//2229
f 2118//2118 2119//2119 2231//2231
f 2118//2118 2231//2231 2230//2230
f 2119//2119 2120//2120 2232//2232
f 2119//2119 2232//2232 2231//2231
f 2120//2120 2121//2121 2233//2233
f 2120//2120 2233//2233 2232//2232
f 2121//2121 2122//2122 2234//2234
f 2121//2121 2234//2234 2233//2233
f 2122//2122 2123//2123 2235//2235
f 2122//2122 2235//2235 2234//2234
f 2123//2123 2124//2124 2236//2236
f 2123//2123 2236//2236 2235//2235
f 2124//2124 2125//2125 2237//2237
f 2124//2124 2237//2237 2236//2236
f 2125//2125 2126//2126 2238//2238
f 2125//2125 2238//2238 2237//2237
f 2126//2126 2127//2127 2239//2239
f 2126//2126 2239//2239 2238//2238
f 2127//2127 2128//2128 2240//2240
f 2127//2127 2240//2240 2239//2239
f 2128//2128 2129//2129 2241//2241
f 2128//2128 2241//2241 2240//2240
f 2129//2129 2019//2019 2131//2131
f 2129//2129 2131//2131 2241//2241
f 2131//2131 2130//2130 2242//2242
f 2131//2131 2242//2242 2243//2243
f 2130//2130 2132//2132 2244//2244
f 2130//2130 2244//2244 2242//2242
f 2132//2132 2133//2133 2245//2245
f 2132//2132 2245//2245 2244//2244
f 2133//2133 2134//2134 2246//2246
f 2133//2133 2246//2246 2245//2245
f 2134//2134 2135//2135 2247//2247
f 2134//2134 2247//2247 2246//2246
f 2135//2135 2136//2136 2248//2248
f 2135//2135 2248//2248 2247//2247
f 2136//2136 2137//2137 2249//2249
f 2136//2136 2249//2249 2248//2248
f 2137//2137 2138//2138 2250//2250
f 2137//2137 2250//2250 2249//2249
f 2138//2138 2139//2139 2251//2251
f 2138//2138 2251//2251 2250//2250
f 2139//2139 2140//2140 2252//2252
f 2139//2139 2252//2252 2251//2251
f 2140//2140 2141//2141 2253//2253
f 2140//2140 2253//2253 2252//2252
f 2141//2141 2142//2142 2254//2254
f 2141//2141 2254//2254 2253//2253
f 2142//2142 2143//2143 2255//2255
f 2142//2142 2255//2255 2254//2254
f 2143//2143 2144//2144 2256//2256
f 2143//2143 2256//2256 2255//2255
f 2144//2144 2145//2145 2257//2257
f 2144//2144 2257//2257 2256//2256
f 2145//2145 2146//2146 2258//2258
f 2145//2145 2258//2258 2257//2257
f 2146//2146 2147//2147 2259//2259
f 2146//2146 2259//2259 2258//2258
f 2147//2147 2148//2148 2260//2260
f 2147//2147 2260//2260 2259//2259
f 2148//2148 2149//2149 2261//2261
f 2148//2148 2261//2261 2260//2260
f 2149//2149 2150//2150 2262//2262
f 2149//2149 2262//2262 2261//2261
f 2150//2150 2151//2151 2263//2263
f 2150//2150 2263//2263 2262//2262
f 2151//2151 2152//2152 2264//2264
f 2151//2151 2264//2264 2263//2263
f 2152//2152 2153//2153 2265//2265
f 2152//2152 2265//2265 2264//2264
f 2153//2153 2154//2154 2266//2266
f 2153//2153 2266//2266 2265//2265
f 2154//2154 2155//2155 2267//2267
f 2154//2154 2267//2267 2266//2266
f 2155//2155 2156//2156 2268//2268
f 2155//2155 2268//2268 2267//2267
f 2156//2156 2157//2157 2269//2269
f 2156//2156 2269//2269 2268//2268
f 2157//2157 2158//2158 2270//2270
f 2157//2157 2270//2270 2269//2269
f 2158//2158 2159//2159 2271//2271
f 2158//2158 2271//2271 2270//2270
f 2159//2159 2160//2160 2272//2272
f 2159//2159 2272//2272 2271//2271
f 2160//2160 2161//2161 2273//2273
f 2160//2160 2273//2273 2272//2272
f 2161//2161 2162//2162 2274//2274
f 2161//2161 2274//2274 2273//2273
f 2162//2162 2163//2163 2275//2275
f 2162//2162 2275//2275 2274//2274
f 2163//2163 2164//2164 2276//2276
f 2163//2163 2276//2276 2275//2275
f 2164//2164 2165//2165 2277//2277
f 2164//2164 2277//2277 2276//2276
f 2165//2165 2166//2166 2278//2278
f 2165//2165 2278//2278 2277//2277
f 2166//2166 2167//2167 2279//2279
f 2166//2166 2279//2279 2278//2278
f 2167//2167 2168//2168 2280//2280
f 2167//2167 2280//2280 2279//2279
f 2168//2168 2169//2169 2281//2281
f 2168//2168 2281//2281 2280//2280
f 2169//2169 2170//2170 2282//2282
f 2169//2169 2282//2282 2281//2281
f 2170//2170 2171//2171 2283//2283
f 2170//2170 2283//2283 2282//2282
f 2171//2171 2172//2172 2284//2284
f 2171//2171 2284//2284 2283//2283
f 2172//2172 2173//2173 2285//2285
f 2172//2172 2285//2285 2284//2284
f 2173//2173 2174//2174 2286//2286
f 2173//2173 2286//2286 2285//2285
f 2174//2174 2175//2175 2287//2287
f 2174//2174 2287//2287 2286//2286
f 2175//2175 2176//2176 2288//2288
f 2175//2175 2288//2288 2287//2287
f 2176//2176 2177//2177 2289//2289
f 2176//2176 2289//2289 2288//2288
f 2177//2177 2178//2178 2290//2290
f 2177//2177 2290//2290 2289//2289
f 2178//2178 2179//2179 2291//2291
f 2178//2178 2291//2291 2290//2290
f 2179//2179 2180//2180 2292//2292
f 2179//2179 2292//2292 2291//2291
f 2180//2180 2181//2181 2293//2293
f 2180//2180 2293//2293 2292//2292
f 2181//2181 2182//2182 2294//2294
f 2181//2181 2294//2294 2293//2293
f 2182//2182 2183//2183 2295//2295
f 2182//2182 2295//2295 2294//2294
f 2183//2183 2184//2184 2296//2296
f 2183//2183 2296//2296 2295//2295
f 2184//2184 2185//2185 2297//2297
f 2184//2184 2297//2297 2296//2296
f 2185//2185 2186//2186 2298//2298
f 2185//2185 2298//2298 2297//2297
f 2186//2186 2187//2187 2299//2299
f 2186//2186 2299//2299 2298//2298
f 2187//2187 2188//2188 2300//2300
f 2187//2187 2300//2300 2299//2299
f 2188//2188 2189//2189 2301//2301
f 2188//2188 2301//2301 2300//2300
f 2189//2189 2190//2190 2302//2302
f 2189//2189 2302//2302 2301//2301
f 2190//2190 2191//2191 2303//2303
f 2190//2190 2303//2303 2302//2302
f 2191//2191 2192//2192 2304//2304
f 2191//2191 2304//2304 2303//2303
f 2192//2192 2193//2193 2305//2305
f 2192//2192 2305//2305 2304//2304
f 2193//2193 2194//2194 2306//2306
f 2193//2193 2306//2306 2305//2305
f 2194//2194 2195//2195 2307//2307
f 2194//2194 2307//2307 2306//2306
f 2195//2195 2196//2196 2308//2308
f 2195//2195 2308//2308 2307//2307
f 2196//2196 2197//2197 2309//2309
f 2196//2196 2309//2309 2308//2308
f 2197//2197 2198//2198 2310//2310
f 2197//2197 2310//2310 2309//2309
f 2198//2198 2199//2199 2311//2311
f 2198//2198 2311//2311 2310//2310
f 2199//2199 2200//2200 2312//2312
f 2199//2199 2312//2312 2311//2311
f 2200//2200 2201//2201 2313//2313
f 2200//2200 2313//2313 2312//2312
f 2201//2201 2202//2202 2314//2314
f 2201//2201 2314//2314 2313//2313
f 2202//2202 2203//2203 2315//2315
f 2202//2202 2315//2315 2314//2314
f 2203//2203 2204//2204 2316//2316
f 2203//2203 2316//2316 2315//2315
f 2204//2204 2205//2205 2317//2317
f 2204//2204 2317//2317 2316//2316
f 2205//2205 2206//2206 2318//2318
f 2205//2205 2318//2318 2317//2317
f 2206//2206 2207//2207 2319//2319
f 2206//2206 2319//2319 2318//2318
f 2207//2207 2208//2208 2320//2320
f 2207//2207 2320//2320 2319//2319
f 2208//2208 2209//2209 2321//2321
f 2208//2208 2321//2321 2320//2320
f 2209//2209 2210//2210 2322//2322
f 2209//2209 2322//2322 2321//2321
f 2210//2210 2211//2211 2323//2323
f 2210//2210 2323//2323 2322//2322
f 2211//2211 2212//2212 2324//2324
f 2211//2211 2324//2324 2323//2323
f 2212//2212 2213//2213 2325//2325
f 2212//2212 2325//2325 2324//2324
f 2213//2213 2214//2214 2326//2326
f 2213//2213 2326//2326 2325//2325
f 2214//2214 2215//2215 2327//2327
f 2214//2214 2327//2327 2326//2326
f 2215//2215 2216//2216 2328//2328
f 2215//2215 2328//2328 2327//2327
f 2216//2216 2217//2217 2329//2329
f 2216//2216 2329//2329 2328//2328
f 2217//2217 2218//2218 2330//2330
f 2217//2217 2330//2330 2329//2329
f 2218//2218 2219//2219 2331//2331
f 2218//2218 2331//2331 2330//2330
f 2219//2219 2220//2220 2332//2332
f 2219//2219 2332//2332 2331//2331
f 2220//2220 2221//2221 2333//2333
f 2220//2220 2333//2333 2332//2332
f 2221//2221 2222//2222 2334//2334
f 2221//2221 2334//2334 2333//2333
f 2222//2222 2223//2223 2335//2335
f 2222//2222 2335//2335 2334//2334
f 2223//2223 2224//2224 2336//2336
f 2223//2223 2336//2336 2335//2335
f 2224//2224 2225//2225 2337//2337
f 2224//2224 2337//2337 2336//2336
f 2225//2225 2226//2226 2338//2338
f 2225//2225 2338//2338 2337//2337
f 2226//2226 2227//2227 2339//2339
f 2226//2226 2339//2339 2338//2338
f 2227//2227 2228//2228 2340//2340
f 2227//2227 2340//2340 2339//2339
f 2228//2228 2229//2229 2341//2341
f 2228//2228 2341//2341 2340//2340
f 2229//2229 2230//2230 2342//2342
f 2229//2229 2342//2342 2341//2341
f 2230//2230 2231//2231 2343//2343
f 2230//2230 2343//2343 2342//2342
f 2231//2231 2232//2232 2344//2344
f 2231//2231 2344//2344 2343//2343
f 2232//2232 2233//2233 2345//2345
f 2232//2232 2345//2345 2344//2344
f 2233//2233 2234//2234 2346//2346
f 2233//2233 2346//2346 2345//2345
f 2234//2234 2235//2235 2347//2347
f 2234//2234 2347//2347 2346//2346
f 2235//2235 2236//2236 2348//2348
f 2235//2235 2348//2348 2347//2347
f 2236//2236 2237//2237 2349//2349
f 2236//2236 2349//2349 2348//2348
f 2237//2237 2238//2238 2350//2350
f 2237//2237 2350//2350 2349//2349
f 2238//2238 2239//2239 2351//2351
f 2238//2238 2351//2351 2350//2350
f 2239//2239 2240//2240 2352//2352
f 2239//2239 2352//2352 2351//2351
f 2240//2240 2241//2241 2353//2353
f 2240//2240 2353//2353 2352//2352
f 2241//2241 2131//2131 2243//2243
f 2241//2241 2243//2243 2353//2353
f 2243//2243 2242//2242 2354//2354
f 2243//2243 2354//2354 2355//2355
f 2242//2242 2244//2244 2356//2356
f 2242//2242 2356//2356 2354//2354
f 2244//2244 2245//2245 2357//2357
f 2244//2244 2357//2357 2356//2356
f 2245//2245 2246//2246 2358//2358
f 2245//2245 2358//2358 2357//2357
f 2246//2246 2247//2247 2359//2359
f 2246//2246 2359//2359 2358//2358
f 2247//2247 2248//2248 2360//2360
f 2247//2247 2360//2360 2359//2359
f 2248//2248 2249//2249 2361//2361
f 2248//2248 2361//2361 2360//2360
f 2249//2249 2250//2250 2362//2362
f 2249//2249 2362//2362 2361//2361
f 2250//2250 2251//2251 2363//2363
f 2250//2250 2363//2363 2362//2362
f 2251//2251 2252//2252 2364//2364
f 2251//2251 2364//2364 2363//2363
f 2252//2252 2253//2253 2365//2365
f 2252//2252 2365//2365 2364//2364
f 2253//2253 2254//2254 2366//2366
f 2253//2253 2366//2366 2365//2365
f 2254//2254 2255//2255 2367//2367
f 2254//2254 2367//2367 2366//2366
f 2255//2255 2256//2256 2368//2368
f 2255//2255 2368//2368 2367//2367
f 2256//2256 2257//2257 2369//2369
f 2256//2256 2369//2369 2368//2368
f 2257//2257 2258//2258 2370//2370
f 2257//2257 2370//2370 2369//2369
f 2258//2258 2259//2259 2371//2371
f 2258//2258 2371//2371 2370//2370
f 2259//2259 2260//2260 2372//2372
f 2259//2259 2372//2372 2371//2371
f 2260//2260 2261//2261 2373//2373
f 2260//2260 2373//2373 2372//2372
f 2261//2261 2262//2262 2374//2374
f 2261//2261 2374//2374 2373//2373
f 2262//2262 2263//2263 2375//2375
f 2262//2262 2375//2375 2374//2374
f 2263//2263 2264//2264 2376//2376
f 2263//2263 2376//2376 2375//2375
f 2264//2264 2265//2265 2377//2377
f 2264//2264 2377//2377 2376//2376
f 2265//2265 2266//2266 2378//2378
f 2265//2265 2378//2378 2377//2377
f 2266//2266 2267//2267 2379//2379
f 2266//2266 2379//2379 2378//2378
f 2267//2267 2268//2268 2380//2380
f 2267//2267 2380//2380 2379//2379
f 2268//2268 2269//2269 2381//2381
f 2268//2268 2381//2381 2380//2380
f 2269//2269 2270//2270 2382//2382
f 2269//2269 2382//2382 2381//2381
f 2270//2270 2271//2271 2383//2383
f 2270//2270 2383//2383 2382//2382
f 2271//2271 2272//2272 2384//2384
f 2271//2271 2384//2384 2383//2383
f 2272//2272 2273//2273 2385//2385
f 2272//2272 2385//2385 2384//2384
f 2273//2273 2274//2274 2386//2386
f 2273//2273 2386//2386 2385//2385
f 2274//2274 2275//2275 2387//2387
f 2274//2274 2387//2387 2386//2386
f 2275//2275 2276//2276 2388//2388
f 2275//2275 2388//2388 2387//2387
f 2276//2276 2277//2277 2389//2389
f 2276//2276 2389//2389 2388//2388
f 2277//2277 2278//2278 2390//2390
f 2277//2277 2390//2390 2389//2389
f 2278//2278 2279//2279 2391//2391
f 2278//2278 2391//2391 2390//2390
f 2279//2279 2280//2280 2392//2392
f 2279//2279 2392//2392 2391//2391
f 2280//2280 2281//2281 2393//2393
f 2280//2280 2393//2393 2392//2392
f 2281//2281 2282//2282 2394//2394
f 2281//2281 2394//2394 2393//2393
f 2282//2282 2283//2283 2395//2395
f 2282//2282 2395//2395 2394//2394
f 2283//2283 2284//2284 2396//2396
f 2283//2283 2396//2396 2395//2395
f 2284//2284 2285//2285 2397//2397
f 2284//2284 2397//2397 2396//2396
f 2285//2285 2286//2286 2398//2398
f 2285//2285 2398//2398 2397//2397
f 2286//2286 2287//2287 2399//2399
f 2286//2286 2399//2399 2398//2398
f 2287//2287 2288//2288 2400//2400
f 2287//2287 2400//2400 2399//2399
f 2288//2288 2289//2289 2401//2401
f 2288//2288 2401//2401 2400//2400
f 2289//2289 2290//2290 2402//2402
f 2289//2289 2402//2402 2401//2401
f 2290//2290 2291//2291 2403//2403
f 2290//2290 2403//2403 2402//2402
f 2291//2291 2292//2292 2404//2404
f 2291//2291 2404//2404 2403//2403
f 2292//2292 2293//2293 2405//2405
f 2292//2292 2405//2405 2404//2404
f 2293//2293 2294//2294 2406//2406
f 2293//2293 2406//2406 2405//2405
f 2294//2294 2295//2295 2407//2407
f 2294//2294 2407//2407 2406//2406
f 2295//2295 2296//2296 2408//2408
f 2295//2295 2408//2408 2407//2407
f 2296//2296 2297//2297 2409//2409
f 2296//2296 2409//2409 2408//2408
f 2297//2297 2298//2298 2410//2410
f 2297//2297 2410//2410 2409//2409
f 2298//2298 2299//2299 2411//2411
f 2298//2298 2411//2411 2410//2410
f 2299//2299 2300//2300 2412//2412
f 2299//2299 2412//2412 2411//2411
f 2300//2300 2301//2301 2413//2413
f 2300//2300 2413//2413 2412//2412
f 2301//2301 2302//2302 2414//2414
f 2301//2301 2414//2414 2413//2413
f 2302//2302 2303//2303 2415//2415
f 2302//2302 2415//2415 2414//2414
f 2303//2303 2304//2304 2416//2416
f 2303//2303 2416//2416 2415//2415
f 2304//2304 2305//2305 2417//2417
f 2304//2304 2417//2417 2416//2416
f 2305//2305 2306//2306 2418//2418
f 2305//2305 2418//2418 2417//2417
f 2306//2306 2307//2307 2419//2419
f 2306//2306 2419//2419 2418//2418
f 2307//2307 2308//2308 2420//2420
f 2307//2307 2420//2420 2419//2419
f 2308//2308 2309//2309 2421//2421
f 2308//2308 2421//2421 2420//2420
f 2309//2309 2310//2310 2422//2422
f 2309//2309 2422//2422 2421//2421
f 2310//2310 2311//2311 2423//2423
f 2310//2310 2423//2423 2422//2422
f 2311//2311 2312//2312 2424//2424
f 2311//2311 2424//2424 2423//2423
f 2312//2312 2313//2313 2425//2425
f 2312//2312 2425//2425 2424//2424
f 2313//2313 2314//2314 2426//2426
f 2313//2313 2426//2426 2425//2425
f 2314//2314 2315//2315 2427//2427
f 2314//2314 2427//2427 2426//2426
f 2315//2315 2316//2316 2428//2428
f 2315//2315 2428//2428 2427//2427
f 2316//2316 2317//2317 2429//2429
f 2316//2316 2429//2429 2428//2428
f 2317//2317 2318//2318 2430//2430
f 2317//2317 2430//2430 2429//2429
f 2318//2318 2319//2319 2431//2431
f 2318//2318 2431//2431 2430//2430
f 2319//2319 2320//2320 2432//2432
f 2319//2319 2432//2432 2431//2431
f 2320//2320 2321//2321 2433//2433
f 2320//2320 2433//2433 2432//2432
f 2321//2321 2322//2322 2434//2434
f 2321//2321 2434//2434 2433//2433
f 2322//2322 2323//2323 2435//2435
f 2322//2322 2435//2435 2434//2434
f 2323//2323 2324//2324 2436//2436
f 2323//2323 2436//2436 2435//2435
f 2324//2324 2325//2325 2437//2437
f 2324//2324 2437//2437 2436//2436
f 2325//2325 2326//2326 2438//2438
f 2325//2325 2438//2438 2437//2437
f 2326//2326 2327//2327 2439//2439
f 2326//2326 2439//2439 2438//2438
f 2327//2327 2328//2328 2440//2440
f 2327//2327 2440//2440 2439//2439
f 2328//2328 2329//2329 2441//2441
f 2328//2328 2441//2441 2440//2440
f 2329//2329 2330//2330 2442//2442
f 2329//2329 2442//2442 2441//2441
f 2330//2330 2331//2331 2443//2443
f 2330//2330 2443//2443 2442//2442
f 2331//2331 2332//2332 2444//2444
f 2331//2331 2444//2444 2443//2443
f 2332//2332 2333//2333 2445//2445
f 2332//2332 2445//2445 2444//2444
f 2333//2333 2334//2334 2446//2446
f 2333//2333 2446//2446 2445//2445
f 2334//2334 2335//2335 2447//2447
f 2334//2334 2447//2447 2446//2446
f 2335//2335 2336//2336 2448//2448
f 2335//2335 2448//2448 2447//2447
f 2336//2336 2337//2337 2449//2449
f 2336//2336 2449//2449 2448//2448
f 2337//2337 2338//2338 2450//2450
f 2337//2337 2450//2450 2449//2449
f 2338//2338 2339//2339 2451//2451
f 2338//2338 2451//2451 2450//2450
f 2339//2339 2340//2340 2452//2452
f 2339//2339 2452//2452 2451//2451
f 2340//2340 2341//2341 2453//2453
f 2340//2340 2453//2453 2452//2452
f 2341//2341 2342//2342 2454//2454
f 2341//2341 2454//2454 2453//2453
f 2342//2342 2343//2343 2455//2455
f 2342//2342 2455//2455 2454//2454
f 2343//2343 2344//2344 2456//2456
f 2343//2343 2456//2456 2455//2455
f 2344//2344 2345//2345 2457//2457
f 2344//2344 2457//2457 2456//2456
f 2345//2345 2346//2346 2458//2458
f 2345//2345 2458//2458 2457//2457
f 2346//2346 2347//2347 2459//2459
f 2346//2346 2459//2459 2458//2458
f 2347//2347 2348//2348 2460//2460
f 2347//2347 2460//2460 2459//2459
f 2348//2348 2349//2349 2461//2461
f 2348//2348 2461//2461 2460//2460
f 2349//2349 2350//2350 2462//2462
f 2349//2349 2462//2462 2461//2461
f 2350//2350 2351//2351 2463//2463
f 2350//2350 2463//2463 2462//2462
f 2351//2351 2352//2352 2464//2464
f 2351//2351 2464//2464 2463//2463
f 2352//2352 2353//2353 2465//2465
f 2352//2352 2465//2465 2464//2464
f 2353//2353 2243//2243 2355//2355
f 2353//2353 2355//2355 2465//2465
f 2355//2355 2354//2354 2466//2466
f 2355//2355 2466//2466 2467//2467
f 2354//2354 2356//2356 2468//2468
f 2354//2354 2468//2468 2466//2466
f 2356//2356 2357//2357 2469//2469
f 2356//2356 2469//2469 2468//2468
f 2357//2357 2358//2358 2470//2470
f 2357//2357 2470//2470 2469//2469
f 2358//2358 2359//2359 2471//2471
f 2358//2358 2471//2471 2470//2470
f 2359//2359 2360//2360 2472//2472
f 2359//2359 2472//2472 2471//2471
f 2360//2360 2361//2361 2473//2473
f 2360//2360 2473//2473 2472//2472
f 2361//2361 2362//2362 2474//2474
f 2361//2361 2474//2474 2473//2473
f 2362//2362 2363//2363 2475//2475
f 2362//2362 2475//2475 2474//2474
f 2363//2363 2364//2364 2476//2476
f 2363//2363 2476//2476 2475//2475
f 2364//2364 2365//2365 2477//2477
f 2364//2364 2477//2477 2476//2476
f 2365//2365 2366//2366 2478//2478
f 2365//2365 2478//2478 2477//2477
f 2366//2366 2367//2367 2479//2479
f 2366//2366 2479//2479 2478//2478
f 2367//2367 2368//2368 2480//2480
f 2367//2367 2480//2480 2479//2479
f 2368//2368 2369//2369 2481//2481
f 2368//2368 2481//2481 2480//2480
f 2369//2369 2370//2370 2482//2482
f 2369//2369 2482//2482 2481//2481
f 2370//2370 2371//2371 2483//2483
f 2370//2370 2483//2483 2482//2482
f 2371//2371 2372//2372 2484//2484
f 2371//2371 2484//2484 2483//2483
f 2372//2372 2373//2373 2485//2485
f 2372//2372 2485//2485 2484//2484
f 2373//2373 2374//2374 2486//2486
f 2373//2373 2486//2486 2485//2485
f 2374//2374 2375//2375 2487//2487
f 2374//2374 2487//2487 2486//2486
f 2375//2375 2376//2376 2488//2488
f 2375//2375 2488//2488 2487//2487
f 2376//2376 2377//2377 2489//2489
f 2376//2376 2489//2489 2488//2488
f 2377//2377 2378//2378 2490//2490
f 2377//2377 2490//2490 2489//2489
f 2378//2378 2379//2379 2491//2491
f 2378//2378 2491//2491 2490//2490
f 2379//2379 2380//2380 2492//2492
f 2379//2379 2492//2492 2491//2491
f 2380//2380 2381//2381 2493//2493
f 2380//2380 2493//2493 2492//2492
f 2381//2381 2382//2382 2494//2494
f 2381//2381 2494//2494 2493//2493
f 2382//2382 2383//2383 2495//2495
f 2382//2382 2495//2495 2494//2494
f 2383//2383 2384//2384 2496//2496
f 2383//2383 2496//2496 2495//2495
f 2384//2384 2385//2385 2497//2497
f 2384//2384 2497//2497 2496//2496
f 2385//2385 2386//2386 2498//2498
f 2385//2385 2498//2498 2497//2497
f 2386//2386 2387//2387 2499//2499
f 2386//2386 2499//2499 2498//2498
f 2387//2387 2388//2388 2500//2500
f 2387//2387 2500//2500 2499//2499
f 2388//2388 2389//2389 2501//2501
f 2388//2388 2501//2501 2500//2500
f 2389//2389 2390//2390 2502//2502
f 2389//2389 2502//2502 2501//2501
f 2390//2390 2391//2391 2503//2503
f 2390//2390 2503//2503 2502//2502
f 2391//2391 2392//2392 2504//2504
f 2391//2391 2504//2504 2503//2503
f 2392//2392 2393//2393 2505//2505
f 2392//2392 2505//2505 2504//2504
f 2393//2393 2394//2394 2506//2506
f 2393//2393 2506//2506 2505//2505
f 2394//2394 2395//2395 2507//2507
f 2394//2394 2507//2507 2506//2506
f 2395//2395 2396//2396 2508//2508
f 2395//2395 2508//2508 2507//2507
f 2396//2396 2397//2397 2509//2509
f 2396//2396 2509//2509 2508//2508
f 2397//2397 2398//2398 2510//2510
f 2397//2397 2510//2510 2509//2509
f 2398//2398 2399//2399 2511//2511
f 2398//2398 2511//2511 2510//2510
f 2399//2399 2400//2400 2512//2512
f 2399//2399 2512//2512 2511//2511
f 2400//2400 2401//2401 2513//2513
f 2400//2400 2513//2513 2512//2512
f 2401//2401 2402//2402 2514//2514
f 2401//2401 2514//2514 2513//2513
f 2402//2402 2403//2403 2515//2515
f 2402//2402 2515//2515 2514//2514
f 2403//2403 2404//2404 2516//2516
f 2403//2403 2516//2516 2515//2515
f 2404//2404 2405//2405 2517//2517
f 2404//2404 2517//2517 2516//2516
f 2405//2405 2406//2406 2518//2518
f 2405//2405 2518//2518 2517//2517
f 2406//2406 2407//2407 2519//2519
f 2406//2406 2519//2519 2518//2518
f 2407//2407 2408//2408 2520//2520
f 2407//2407 2520//2520 2519//2519
f 2408//2408 2409//2409 2521//2521
f 2408//2408 2521//2521 2520//2520
f 2409//2409 2410//2410 2522//2522
f 2409//2409 2522//2522 2521//2521
f 2410//2410 2411//2411 2523//2523
f 2410//2410 2523//2523 2522//2522
f 2411//2411 2412//2412 2524//2524
f 2411//2411 2524//2524 2523//2523
f 2412//2412 2413//2413 2525//2525
f 2412//2412 2525//2525 2524//2524
f 2413//2413 2414//2414 2526//2526
f 2413//2413 2526//2526 2525//2525
f 2414//2414 2415//2415 2527//2527
f 2414//2414 2527//2527 2526//2526
f 2415//2415 2416//2416 2528//2528
f 2415//2415 2528//2528 2527//2527
f 2416//2416 2417//2417 2529//2529
f 2416//2416 2529//2529 2528//2528
f 2417//2417 2418//2418 2530//2530
f 2417//2417 2530//2530 2529//2529
f 2418//2418 2419//2419 2531//2531
f 2418//2418 2531//2531 2530//2530
f 2419//2419 2420//2420 2532//2532
f 2419//2419 2532//2532 2531//2531
f 2420//2420 2421//2421 2533//2533
f 2420//2420 2533//2533 2532//2532
f 2421//2421 2422//2422 2534//2534
f 2421//2421 2534//2534 2533//2533
f 2422//2422 2423//2423 2535//2535
f 2422//2422 2535//2535 2534//2534
f 2423//2423 2424//2424 2536//2536
f 2423//2423 2536//2536 2535//2535
f 2424//2424 2425//2425 2537//2537
f 2424//2424 2537//2537 2536//2536
f 2425//2425 2426//2426 2538//2538
f 2425//2425 2538//2538 2537//2537
f 2426//2426 2427//2427 2539//2539
f 2426//2426 2539//2539 2538//2538
f 2427//2427 2428//2428 2540//2540
f 2427//2427 2540//2540 2539//2539
f 2428//2428 2429//2429 2541//2541
f 2428//2428 2541//2541 2540//2540
f 2429//2429 2430//2430 2542//2542
f 2429//2429 2542//2542 2541//2541
f 2430//2430 2431//2431 2543//2543
f 2430//2430 2543//2543 2542//2542
f 2431//2431 2432//2432 2544//2544
f 2431//2431 2544//2544 2543//2543
f 2432//2432 2433//2433 2545//2545
f 2432//2432 2545//2545 2544//2544
f 2433//2433 2434//2434 2546//2546
f 2433//2433 2546//2546 2545//2545
f 2434//2434 2435//2435 2547//2547
f 2434//2434 2547//2547 2546//2546
f 2435//2435 2436//2436 2548//2548
f 2435//2435 2548//2548 2547//2547
f 2436//2436 2437//2437 2549//2549
f 2436//2436 2549//2549 2548//2548
f 2437//2437 2438//2438 2550//2550
f 2437//2437 2550//2550 2549//2549
f 2438//2438 2439//2439 2551//2551
f 2438//2438 2551//2551 2550//2550
f 2439//2439 2440//2440 2552//2552
f 2439//2439 2552//2552 2551//2551
f 2440//2440 2441//2441 2553//2553
f 2440//2440 2553//2553 2552//2552
f 2441//2441 2442//2442 2554//2554
f 2441//2441 2554//2554 2553//2553
f 2442//2442 2443//2443 2555//2555
f 2442//2442 2555//2555 2554//2554
f 2443//2443 2444//2444 2556//2556
f 2443//2443 2556//2556 2555//2555
f 2444//2444 2445//2445 2557//2557
f 2444//2444 2557//2557 2556//2556
f 2445//2445 2446//2446 2558//2558
f 2445//2445 2558//2558 2557//2557
f 2446//2446 2447//2447 2559//2559
f 2446//2446 2559//2559 2558//2558
f 2447//2447 2448//2448 2560//2560
f 2447//2447 2560//2560 2559//2559
f 2448//2448 2449//2449 2561//2561
f 2448//2448 2561//2561 2560//2560
f 2449//2449 2450//2450 2562//2562
f 2449//2449 2562//2562 2561//2561
f 2450//2450 2451//2451 2563//2563
f 2450//2450 2563//2563 2562//2562
f 2451//2451 2452//2452 2564//2564
f 2451//2451 2564//2564 2563//2563
f 2452//2452 2453//2453 2565//2565
f 2452//2452 2565//2565 2564//2564
f 2453//2453 2454//2454 2566//2566
f 2453//2453 2566//2566 2565//2565
f 2454//2454 2455//2455 2567//2567
f 2454//2454 2567//2567 2566//2566
f 2455//2455 2456//2456 2568//2568
f 2455//2455 2568//2568 2567//2567
f 2456//2456 2457//2457 2569//2569
f 2456//2456 2569//2569 2568//2568
f 2457//2457 2458//2458 2570//2570
f 2457//2457 2570//2570 2569//2569
f 2458//2458 2459//2459 2571//2571
f 2458//2458 2571//2571 2570//2570
f 2459//2459 2460//2460 2572//2572
f 2459//2459 2572//2572 2571//2571
f 2460//2460 2461//2461 2573//2573
f 2460//2460 2573//2573 2572//2572
f 2461//2461 2462//2462 2574//2574
f 2461//2461 2574//2574 2573//2573
f 2462//2462 2463//2463 2575//2575
f 2462//2462 2575//2575 2574//2574
f 2463//2463 2464//2464 2576//2576
f 2463//2463 2576//2576 2575//2575
f 2464//2464 2465//2465 2577//2577
f 2464//2464 2577//2577 2576//2576
f 2465//2465 2355//2355 2467//2467
f 2465//2465 2467//2467 2577//2577
f 2467//2467 2466//2466 2578//2578
f 2467//2467 2578//2578 2579//2579
f 2466//2466 2468//2468 2580//2580
f 2466//2466 2580//2580 2578//2578
f 2468//2468 2469//2469 2581//2581
f 2468//2468 2581//2581 2580//2580
f 2469//2469 2470//2470 2582//2582
f 2469//2469 2582//2582 2581//2581
f 2470//2470 2471//2471 2583//2583
f 2470//2470 2583//2583 2582//2582
f 2471//2471 2472//2472 2584//2584
f 2471//2471 2584//2584 2583//2583
f 2472//2472 2473//2473 2585//2585
f 2472//2472 2585//2585 2584//2584
f 2473//2473 2474//2474 2586//2586
f 2473//2473 2586//2586 2585//2585
f 2474//2474 2475//2475 2587//2587
f 2474//2474 2587//2587 2586//2586
f 2475//2475 2476//2476 2588//2588
f 2475//2475 2588//2588 2587//2587
f 2476//2476 2477//2477 2589//2589
f 2476//2476 2589//2589 2588//2588
f 2477//2477 2478//2478 2590//2590
f 2477//2477 2590//2590 2589//2589
f 2478//2478 2479//2479 2591//2591
f 2478//2478 2591//2591 2590//2590
f 2479//2479 2480//2480 2592//2592
f 2479//2479 2592//2592 2591//2591
f 2480//2480 2481//2481 2593//2593
f 2480//2480 2593//2593 2592//2592
f 2481//2481 2482//2482 2594//2594
f 2481//2481 2594//2594 2593//2593
f 2482//2482 2483//2483 2595//2595
f 2482//2482 2595//2595 2594//2594
f 2483//2483 2484//2484 2596//2596
f 2483//2483 2596//2596 2595//2595
f 2484//2484 2485//2485 2597//2597
f 2484//2484 2597//2597 2596//2596
f 2485//2485 2486//2486 2598//2598
f 2485//2485 2598//2598 2597//2597
f 2486//2486 2487//2487 2599//2599
f 2486//2486 2599//2599 2598//2598
f 2487//2487 2488//2488 2600//2600
f 2487//2487 2600//2600 2599//2599
f 2488//2488 2489//2489 2601//2601
f 2488//2488 2601//2601 2600//2600
f 2489//2489 2490//2490 2602//2602
f 2489//2489 2602//2602 2601//2601
f 2490//2490 2491//2491 2603//2603
f 2490//2490 2603//2603 2602//2602
f 2491//2491 2492//2492 2604//2604
f 2491//2491 2604//2604 2603//2603
f 2492//2492 2493//2493 2605//2605
f 2492//2492 2605//2605 2604//2604
f 2493//2493 2494//2494 2606//2606
f 2493//2493 2606//2606 2605//2605
f 2494//2494 2495//2495 2607//2607
f 2494//2494 2607//2607 2606//2606
f 2495//2495 2496//2496 2608//2608
f 2495//2495 2608//2608 2607//2607
f 2496//2496 2497//2497 2609//2609
f 2496//2496 2609//2609 2608//2608
f 2497//2497 2498//2498 2610//2610
f 2497//2497 2610//2610 2609//2609
f 2498//2498 2499//2499 2611//2611
f 2498//2498 2611//2611 2610//2610
f 2499//2499 2500//2500 2612//2612
f 2499//2499 2612//2612 2611//2611
f 2500//2500 2501//2501 2613//2613
f 2500//2500 2613//2613 2612//2612
f 2501//2501 2502//2502 2614//2614
f 2501//2501 2614//2614 2613//2613
f 2502//2502 2503//2503 2615//2615
f 2502//2502 2615//2615 2614//2614
f 2503//2503 2504//2504 2616//2616
f 2503//2503 2616//2616 2615//2615
f 2504//2504 2505//2505 2617//2617
f 2504//2504 2617//2617 2616//2616
f 2505//2505 2506//2506 2618//2618
f 2505//2505 2618//2618 2617//2617
f 2506//2506 2507//2507 2619//2619
f 2506//2506 2619//2619 2618//2618
f 2507//2507 2508//2508 2620//2620
f 2507//2507 2620//2620 2619//2619
f 2508//2508 2509//2509 2621//2621
f 2508//2508 2621//2621 2620//2620
f 2509//2509 2510//2510 2622//2622
f 2509//2509 2622//2622 2621//2621
f 2510//2510 2511//2511 2623//2623
f 2510//2510 2623//2623 2622//2622
f 2511//2511 2512//2512 2624//2624
f 2511//2511 2624//2624 2623//2623
f 2512//2512 2513//2513 2625//2625
f 2512//2512 2625//2625 2624//2624
f 2513//2513 2514//2514 2626//2626
f 2513//2513 2626//2626 2625//2625
f 2514//2514 2515//2515 2627//2627
f 2514//2514 2627//2627 2626//2626
f 2515//2515 2516//2516 2628//2628
f 2515//2515 2628//2628 2627//2627
f 2516//2516 2517//2517 2629//2629
f 2516//2516 2629//2629 2628//2628
f 2517//2517 2518//2518 2630//2630
f 2517//2517 2630//2630 2629//2629
f 2518//2518 2519//2519 2631//2631
f 2518//2518 2631//2631 2630//2630
f 2519//2519 2520//2520 2632//2632
f 2519//2519 2632//2632 2631//2631
f 2520//2520 2521//2521 2633//2633
f 2520//2520 2633//2633 2632//2632
f 2521//2521 2522//2522 2634//2634
f 2521//2521 2634//2634 2633//2633
f 2522//2522 2523//2523 2635//2635
f 2522//2522 2635//2635 2634//2634
f 2523//2523 2524//2524 2636//2636
f 2523//2523 2636//2636 2635//2635
f 2524//2524 2525//2525 2637//2637
f 2524//2524 2637//2637 2636//2636
f 2525//2525 2526//2526 2638//2638
f 2525//2525 2638//2638 2637//2637
f 2526//2526 2527//2527 2639//2639
f 2526//2526 2639//2639 2638//2638
f 2527//2527 2528//2528 2640//2640
f 2527//2527 2640//2640 2639//2639
f 2528//2528 2529//2529 2641//2641
f 2528//2528 2641//2641 2640//2640
f 2529//2529 2530//2530 2642//2642
f 2529//2529 2642//2642 2641//2641
f 2530//2530 2531//2531 2643//2643
f 2530//2530 2643//2643 2642//2642
f 2531//2531 2532//2532 2644//2644
f 2531//2531 2644//2644 2643//2643
f 2532//2532 2533//2533 2645//2645
f 2532//2532 2645//2645 2644//2644
f 2533//2533 2534//2534 2646//2646
f 2533//2533 2646//2646 2645//2645
f 2534//2534 2535//2535 2647//2647
f 2534//2534 2647//2647 2646//2646
f 2535//2535 2536//2536 2648//2648
f 2535//2535 2648//2648 2647//2647
f 2536//2536 2537//2537 2649//2649
f 2536//2536 2649//2649 2648//2648
f 2537//2537 2538//2538 2650//2650
f 2537//2537 2650//2650 2649//2649
f 2538//2538 2539//2539 2651//2651
f 2538//2538 2651//2651 2650//2650
f 2539//2539 2540//2540 2652//2652
f 2539//2539 2652//2652 2651//2651
f 2540//2540 2541//2541 2653//2653
f 2540//2540 2653//2653 2652//2652
f 2541//2541 2542//2542 2654//2654
f 2541//2541 2654//2654 2653//2653
f 2542//2542 2543//2543 2655//2655
f 2542//2542 2655//2655 2654//2654
f 2543//2543 2544//2544 2656//2656
f 2543//2543 2656//2656 2655//2655
f 2544//2544 2545//2545 2657//2657
f 2544//2544 2657//2657 2656//2656
f 2545//2545 2546//2546 2658//2658
f 2545//2545 2658//2658 2657//2657
f 2546//2546 2547//2547 2659//2659
f 2546//2546 2659//2659 2658//2658
f 2547//2547 2548//2548 2660//2660
f 2547//2547 2660//2660 2659//2659
f 2548//2548 2549//2549 2661//2661
f 2548//2548 2661//2661 2660//2660
f 2549//2549 2550//2550 2662//2662
f 2549//2549 2662//2662 2661//2661
f 2550//2550 2551//2551 2663//2663
f 2550//2550 2663//2663 2662//2662
f 2551//2551 2552//2552 2664//2664
f 2551//2551 2664//2664 2663//2663
f 2552//2552 2553//2553 2665//2665
f 2552//2552 2665//2665 2664//2664
f 2553//2553 2554//2554 2666//2666
f 2553//2553 2666//2666 2665//2665
f 2554//2554 2555//2555 2667//2667
f 2554//2554 2667//2667 2666//2666
f 2555//2555 2556//2556 2668//2668
f 2555//2555 2668//2668 2667//2667
f 2556//2556 2557//2557 2669//2669
f 2556//2556 2669//2669 2668//2668
f 2557//2557 2558//2558 2670//2670
f 2557//2557 2670//2670 2669//2669
f 2558//2558 2559//2559 2671//2671
f 2558//2558 2671//2671 2670//2670
f 2559//2559 2560//2560 2672//2672
f 2559//2559 2672//2672 2671//2671
f 2560//2560 2561//2561 2673//2673
f 2560//2560 2673//2673 2672//2672
f 2561//2561 2562//2562 2674//2674
f 2561//2561 2674//2674 2673//2673
f 2562//2562 2563//2563 2675//2675
f 2562//2562 2675//2675 2674//2674
f 2563//2563 2564//2564 2676//2676
f 2563//2563 2676//2676 2675//2675
f 2564//2564 2565//2565 2677//2677
f 2564//2564 2677//2677 2676//2676
f 2565//2565 2566//2566 2678//2678
f 2565//2565 2678//2678 2677//2677
f 2566//2566 2567//2567 2679//2679
f 2566//2566 2679//2679 2678//2678
f 2567//2567 2568//2568 2680//2680
f 2567//2567 2680//2680 2679//2679
f 2568//2568 2569//2569 2681//2681
f 2568//2568 2681//2681 2680//2680
f 2569//2569 2570//2570 2682//2682
f 2569//2569 2682//2682 2681//2681
f 2570//2570 2571//2571 2683//2683
f 2570//2570 2683//2683 2682//2682
f 2571//2571 2572//2572 2684//2684
f 2571//2571 2684//2684 2683//2683
f 2572//2572 2573//2573 2685//2685
f 2572//2572 2685//2685 2684//2684
f 2573//2573 2574//2574 2686//2686
f 2573//2573 2686//2686 2685//2685
f 2574//2574 2575//2575 2687//2687
f 2574//2574 2687//2687 2686//2686
f 2575//2575 2576//2576 2688//2688
f 2575//2575 2688//2688 2687//2687
f 2576//2576 2577//2577 2689//2689
f 2576//2576 2689//2689 2688//2688
f 2577//2577 2467//2467 2579//2579
f 2577//2577 2579//2579 2689//2689
f 2579//2579 2578//2578 2690//2690
f 2579//2579 2690//2690 2691//2691
f 2578//2578 2580//2580 2692//2692
f 2578//2578 2692//2692 2690//2690
f 2580//2580 2581//2581 2693//2693
f 2580//2580 2693//2693 2692//2692
f 2581//2581 2582//2582 2694//2694
f 2581//2581 2694//2694 2693//2693
f 2582//2582 2583//2583 2695//2695
f 2582//2582 2695//2695 2694//2694
f 2583//2583 2584//2584 2696//2696
f 2583//2583 2696//2696 2695//2695
f 2584//2584 2585//2585 2697//2697
f 2584//2584 2697//2697 2696//2696
f 2585//2585 2586//2586 2698//2698
f 2585//2585 2698//2698 2697//2697
f 2586//2586 2587//2587 2699//2699
f 2586//2586 2699//2699 2698//2698
f 2587//2587 2588//2588 2700//2700
f 2587//2587 2700//2700 2699//2699
f 2588//2588 2589//2589 2701//2701
f 2588//2588 2701//2701 2700//2700
f 2589//2589 2590//2590 2702//2702
f 2589//2589 2702//2702 2701//2701
f 2590//2590 2591//2591 2703//2703
f 2590//2590 2703//2703 2702//2702
f 2591//2591 2592//2592 2704//2704
f 2591//2591 2704//2704 2703//2703
f 2592//2592 2593//2593 2705//2705
f 2592//2592 2705//2705 2704//2704
f 2593//2593 2594//2594 2706//2706
f 2593//2593 2706//2706 2705//2705
f 2594//2594 2595//2595 2707//2707
f 2594//2594 2707//2707 2706//2706
f 2595//2595 2596//2596 2708//2708
f 2595//2595 2708//2708 2707//2707
f 2596//2596 2597//2597 2709//2709
f 2596//2596 2709//2709 2708//2708
f 2597//2597 2598//2598 2710//2710
f 2597//2597 2710//2710 2709//2709
f 2598//2598 2599//2599 2711//2711
f 2598//2598 2711//2711 2710//2710
f 2599//2599 2600//2600 2712//2712
f 2599//2599 2712//2712 2711//2711
f 2600//2600 2601//2601 2713//2713
f 2600//2600 2713//2713 2712//2712
f 2601//2601 2602//2602 2714//2714
f 2601//2601 2714//2714 2713//2713
f 2602//2602 2603//2603 2715//2715
f 2602//2602 2715//2715 2714//2714
f 2603//2603 2604//2604 2716//2716
f 2603//2603 2716//2716 2715//2715
f 2604//2604 2605//2605 2717//2717
f 2604//2604 2717//2717 2716//2716
f 2605//2605 2606//2606 2718//2718
f 2605//2605 2718//2718 2717//2717
f 2606//2606 2607//2607 2719//2719
f 2606//2606 2719//2719 2718//2718
f 2607//2607 2608//2608 2720//2720
f 2607//2607 2720//2720 2719//2719
f 2608//2608 2609//2609 2721//2721
f 2608//2608 2721//2721 2720//2720
f 2609//2609 2610//2610 2722//2722
f 2609//2609 2722//2722 2721//2721
f 2610//2610 2611//2611 2723//2723
f 2610//2610 2723//2723 2722//2722
f 2611//2611 2612//2612 2724//2724
f 2611//2611 2724//2724 2723//2723
f 2612//2612 2613//2613 2725//2725
f 2612//2612 2725//2725 2724//2724
f 2613//2613 2614//2614 2726//2726
f 2613//2613 2726//2726 2725//2725
f 2614//2614 2615//2615 2727//2727
f 2614//2614 2727//2727 2726//2726
f 2615//2615 2616//2616 2728//2728
f 2615//2615 2728//2728 2727//2727
f 2616//2616 2617//2617 2729//2729
f 2616//2616 2729//2729 2728//2728
f 2617//2617 2618//2618 2730//2730
f 2617//2617 2730//2730 2729//2729
f 2618//2618 2619//2619 2731//2731
f 2618//2618 2731//2731 2730//2730
f 2619//2619 2620//2620 2732//2732
f 2619//2619 2732//2732 2731//2731
f 2620//2620 2621//2621 2733//2733
f 2620//2620 2733//2733 2732//2732
f 2621//2621 2622//2622 2734//2734
f 2621//2621 2734//2734 2733//2733
f 2622//2622 2623//2623 2735//2735
f 2622//2622 2735//2735 2734//2734
f 2623//2623 2624//2624 2736//2736
f 2623//2623 2736//2736 2735//2735
f 2624//2624 2625//2625 2737//2737
f 2624//2624 2737//2737 2736//2736
f 2625//2625 2626//2626 2738//2738
f 2625//2625 2738//2738 2737//2737
f 2626//2626 2627//2627 2739//2739
f 2626//2626 2739//2739 2738//2738
f 2627//2627 2628//2628 2740//2740
f 2627//2627 2740//2740 2739//2739
f 2628//2628 2629//2629 2741//2741
f 2628//2628 2741//2741 2740//2740
f 2629//2629 2630//2630 2742//2742
f 2629//2629 2742//2742 2741//2741
f 2630//2630 2631//2631 2743//2743
f 2630//2630 2743//2743 2742//2742
f 2631//2631 2632//2632 2744//2744
f 2631//2631 2744//2744 2743//2743
f 2632//2632 2633//2633 2745//2745
f 2632//2632 2745//2745 2744//2744
f 2633//2633 2634//2634 2746//2746
f 2633//2633 2746//2746 2745//2745
f 2634//2634 2635//2635 2747//2747
f 2634//2634 2747//2747 2746//2746
f 2635//2635 2636//2636 2748//2748
f 2635//2635 2748//2748 2747//2747
f 2636//2636 2637//2637 2749//2749
f 2636//2636 2749//2749 2748//2748
f 2637//2637 2638//2638 2750//2750
f 2637//2637 2750//2750 2749//2749
f 2638//2638 2639//2639 2751//2751
f 2638//2638 2751//2751 2750//2750
f 2639//2639 2640//2640 2752//2752
f 2639//2639 2752//2752 2751//2751
f 2640//2640 2641//2641 2753//2753
f 2640//2640 2753//2753 2752//2752
f 2641//2641 2642//2642 2754//2754
f 2641//2641 2754//2754 2753//2753
f 2642//2642 2643//2643 2755//2755
f 2642//2642 2755//2755 2754//2754
f 2643//2643 2644//2644 2756//2756
f 2643//2643 2756//2756 2755//2755
f 2644//2644 2645//2645 2757//2757
f 2644//2644 2757//2757 2756//2756
f 2645//2645 2646//2646 2758//2758
f 2645//2645 2758//2758 2757//2757
f 2646//2646 2647//2647 2759//2759
f 2646//2646 2759//2759 2758//2758
f 2647//2647 2648//2648 2760//2760
f 2647//2647 2760//2760 2759//2759
f 2648//2648 2649//2649 2761//2761
f 2648//2648 2761//2761 2760//2760
f 2649//2649 2650//2650 2762//2762
f 2649//2649 2762//2762 2761//2761
f 2650//2650 2651//2651 2763//2763
f 2650//2650 2763//2763 2762//2762
f 2651//2651 2652//2652 2764//2764
f 2651//2651 2764//2764 2763//2763
f 2652//2652 2653//2653 2765//2765
f 2652//2652 2765//2765 2764//2764
f 2653//2653 2654//2654 2766//2766
f 2653//2653 2766//2766 2765//2765
f 2654//2654 2655//2655 2767//2767
f 2654//2654 2767//2767 2766//2766
f 2655//2655 2656//2656 2768//2768
f 2655//2655 2768//2768 2767//2767
f 2656//2656 2657//2657 2769//2769
f 2656//2656 2769//2769 2768//2768
f 2657//2657 2658//2658 2770//2770
f 2657//2657 2770//2770 2769//2769
f 2658//2658 2659//2659 2771//2771
f 2658//2658 2771//2771 2770//2770
f 2659//2659 2660//2660 2772//2772
f 2659//2659 2772//2772 2771//2771
f 2660//2660 2661//2661 2773//2773
f 2660//2660 2773//2773 2772//2772
f 2661//2661 2662//2662 2774//2774
f 2661//2661 2774//2774 2773//2773
f 2662//2662 2663//2663 2775//2775
f 2662//2662 2775//2775 2774//2774
f 2663//2663 2664//2664 2776//2776
f 2663//2663 2776//2776 2775//2775
f 2664//2664 2665//2665 2777//2777
f 2664//2664 2777//2777 2776//2776
f 2665//2665 2666//2666 2778//2778
f 2665//2665 2778//2778 2777//2777
f 2666//2666 2667//2667 2779//2779
f 2666//2666 2779//2779 2778//2778
f 2667//2667 2668//2668 2780//2780
f 2667//2667 2780//2780 2779//2779
f 2668//2668 2669//2669 2781//2781
f 2668//2668 2781//2781 2780//2780
f 2669//2669 2670//2670 2782//2782
f 2669//2669 2782//2782 2781//2781
f 2670//2670 2671//2671 2783//2783
f 2670//2670 2783//2783 2782//2782
f 2671//2671 2672//2672 2784//2784
f 2671//2671 2784//2784 2783//2783
f 2672//2672 2673//2673 2785//2785
f 2672//2672 2785//2785 2784//2784
f 2673//2673 2674//2674 2786//2786
f 2673//2673 2786//2786 2785//2785
f 2674//2674 2675//2675 2787//2787
f 2674//2674 2787//2787 2786//2786
f 2675//2675 2676//2676 2788//2788
f 2675//2675 2788//2788 2787//2787
f 2676//2676 2677//2677 2789//2789
f 2676//2676 2789//2789 2788//2788
f 2677//2677 2678//2678 2790//2790
f 2677//2677 2790//2790 2789//2789
f 2678//2678 2679//2679 2791//2791
f 2678//2678 2791//2791 2790//2790
f 2679//2679 2680//2680 2792//2792
f 2679//2679 2792//2792 2791//2791
f 2680//2680 2681//2681 2793//2793
f 2680//2680 2793//2793 2792//2792
f 2681//2681 2682//2682 2794//2794
f 2681//2681 2794//2794 2793//2793
f 2682//2682 2683//2683 2795//2795
f 2682//2682 2795//2795 2794//2794
f 2683//2683 2684//2684 2796//2796
f 2683//2683 2796//2796 2795//2795
f 2684//2684 2685//2685 2797//2797
f 2684//2684 2797//2797 2796//2796
f 2685//2685 2686//2686 2798//2798
f 2685//2685 2798//2798 2797//2797
f 2686//2686 2687//2687 2799//2799
f 2686//2686 2799//2799 2798//2798
f 2687//2687 2688//2688 2800//2800
f 2687//2687 2800//2800 2799//2799
f 2688//2688 2689//2689 2801//2801
f 2688//2688 2801//2801 2800//2800
f 2689//2689 2579//2579 2691//2691
f 2689//2689 2691//2691 2801//2801
f 2691//2691 2690//2690 2802//2802
f 2691//2691 2802//2802 2803//2803
f 2690//2690 2692//2692 2804//2804
f 2690//2690 2804//2804 2802//2802
f 2692//2692 2693//2693 2805//2805
f 2692//2692 2805//2805 2804//2804
f 2693//2693 2694//2694 2806//2806
f 2693//2693 2806//2806 2805//2805
f 2694//2694 2695//2695 2807//2807
f 2694//2694 2807//2807 2806//2806
f 2695//2695 2696//2696 2808//2808
f 2695//2695 2808//2808 2807//2807
f 2696//2696 2697//2697 2809//2809
f 2696//2696 2809//2809 2808//2808
f 2697//2697 2698//2698 2810//2810
f 2697//2697 2810//2810 2809//2809
f 2698//2698 2699//2699 2811//2811
f 2698//2698 2811//2811 2810//2810
f 2699//2699 2700//2700 2812//2812
f 2699//2699 2812//2812 2811//2811
f 2700//2700 2701//2701 2813//2813
f 2700//2700 2813//2813 2812//2812
f 2701//2701 2702//2702 2814//2814
f 2701//2701 2814//2814 2813//2813
f 2702//2702 2703//2703 2815//2815
f 2702//2702 2815//2815 2814//2814
f 2703//2703 2704//2704 2816//2816
f 2703//2703 2816//2816 2815//2815
f 2704//2704 2705//2705 2817//2817
f 2704//2704 2817//2817 2816//2816
f 2705//2705 2706//2706 2818//2818
f 2705//2705 2818//2818 2817//2817
f 2706//2706 2707//2707 2819//2819
f 2706//2706 2819//2819 2818//2818
f 2707//2707 2708//2708 2820//2820
f 2707//2707 2820//2820 2819//2819
f 2708//2708 2709//2709 2821//2821
f 2708//2708 2821//2821 2820//2820
f 2709//2709 2710//2710 2822//2822
f 2709//2709 2822//2822 2821//2821
f 2710//2710 2711//2711 2823//2823
f 2710//2710 2823//2823 2822//2822
f 2711//2711 2712//2712 2824//2824
f 2711//2711 2824//2824 2823//2823
f 2712//2712 2713//2713 2825//2825
f 2712//2712 2825//2825 2824//2824
f 2713//2713 2714//2714 2826//2826
f 2713//2713 2826//2826 2825//2825
f 2714//2714 2715//2715 2827//2827
f 2714//2714 2827//2827 2826//2826
f 2715//2715 2716//2716 2828//2828
f 2715//2715 2828//2828 2827//2827
f 2716//2716 2717//2717 2829//2829
f 2716//2716 2829//2829 2828//2828
f 2717//2717 2718//2718 2830//2830
f 2717//2717 2830//2830 2829//2829
f 2718//2718 2719//2719 2831//2831
f 2718//2718 2831//2831 2830//2830
f 2719//2719 2720//2720 2832//2832
f 2719//2719 2832//2832 2831//2831
f 2720//2720 2721//2721 2833//2833
f 2720//2720 2833//2833 2832//2832
f 2721//2721 2722//2722 2834//2834
f 2721//2721 2834//2834 2833//2833
f 2722//2722 2723//2723 2835//2835
f 2722//2722 2835//2835 2834//2834
f 2723//2723 2724//2724 2836//2836
f 2723//2723 2836//2836 2835//2835
f 2724//2724 2725//2725 2837//2837
f 2724//2724 2837//2837 2836//2836
f 2725//2725 2726//2726 2838//2838
f 2725//2725 2838//2838 2837//2837
f 2726//2726 2727//2727 2839//2839
f 2726//2726 2839//2839 2838//2838
f 2727//2727 2728//2728 2840//2840
f 2727//2727 2840//2840 2839//2839
f 2728//2728 2729//2729 2841//2841
f 2728//2728 2841//2841 2840//2840
f 2729//2729 2730//2730 2842//2842
f 2729//2729 2842//2842 2841//2841
f 2730//2730 2731//2731 2843//2843
f 2730//2730 2843//2843 2842//2842
f 2731//2731 2732//2732 2844//2844
f 2731//2731 2844//2844 2843//2843
f 2732//2732 2733//2733 2845//2845
f 2732//2732 2845//2845 2844//2844
f 2733//2733 2734//2734 2846//2846
f 2733//2733 2846//2846 2845//2845
f 2734//2734 2735//2735 2847//2847
f 2734//2734 2847//2847 2846//2846
f 2735//2735 2736//2736 2848//2848
f 2735//2735 2848//2848 2847//2847
f 2736//2736 2737//2737 2849//2849
f 2736//2736 2849//2849 2848//2848
f 2737//2737 2738//2738 2850//2850
f 2737//2737 2850//2850 2849//2849
f 2738//2738 2739//2739 2851//2851
f 2738//2738 2851//2851 2850//2850
f 2739//2739 2740//2740 2852//2852
f 2739//2739 2852//2852 2851//2851
f 2740//2740 2741//2741 2853//2853
f 2740//2740 2853//2853 2852//2852
f 2741//2741 2742//2742 2854//2854
f 2741//2741 2854//2854 2853//2853
f 2742//2742 2743//2743 2855//2855
f 2742//2742 2855//2855 2854//2854
f 2743//2743 2744//2744 2856//2856
f 2743//2743 2856//2856 2855//2855
f 2744//2744 2745//2745 2857//2857
f 2744//2744 2857//2857 2856//2856
f 2745//2745 2746//2746 2858//2858
f 2745//2745 2858//2858 2857//2857
f 2746//2746 2747//2747 2859//2859
f 2746//2746 2859//2859 2858//2858
f 2747//2747 2748//2748 2860//2860
f 2747//2747 2860//2860 2859//2859
f 2748//2748 2749//2749 2861//2861
f 2748//2748 2861//2861 2860//2860
f 2749//2749 2750//2750 2862//2862
f 2749//2749 2862//2862 2861//2861
f 2750//2750 2751//2751 2863//2863
f 2750//2750 2863//2863 2862//2862
f 2751//2751 2752//2752 2864//2864
f 2751//2751 2864//2864 2863//2863
f 2752//2752 2753//2753 2865//2865
f 2752//2752 2865//2865 2864//2864
f 2753//2753 2754//2754 2866//2866
f 2753//2753 2866//2866 2865//2865
f 2754//2754 2755//2755 2867//2867
f 2754//2754 2867//2867 2866//2866
f 2755//2755 2756//2756 2868//2868
f 2755//2755 2868//2868 2867//2867
f 2756//2756 2757//2757 2869//2869
f 2756//2756 2869//2869 2868//2868
f 2757//2757 2758//2758 2870//2870
f 2757//2757 2870//2870 2869//2869
f 2758//2758 2759//2759 2871//2871
f 2758//2758 2871//2871 2870//2870
f 2759//2759 2760//2760 2872//2872
f 2759//2759 2872//2872 2871//2871
f 2760//2760 2761//2761 2873//2873
f 2760//2760 2873//2873 2872//2872
f 2761//2761 2762//2762 2874//2874
f 2761//2761 2874//2874 2873//2873
f 2762//2762 2763//2763 2875//2875
f 2762//2762 2875//2875 2874//2874
f 2763//2763 2764//2764 2876//2876
f 2763//2763 2876//2876 2875//2875
f 2764//2764 2765//2765 2877//2877
f 2764//2764 2877//2877 2876//2876
f 2765//2765 2766//2766 2878//2878
f 2765//2765 2878//2878 2877//2877
f 2766//2766 2767//2767 2879//2879
f 2766//2766 2879//2879 2878//2878
f 2767//2767 2768//2768 2880//2880
f 2767//2767 2880//2880 2879//2879
f 2768//2768 2769//2769 2881//2881
f 2768//2768 2881//2881 2880//2880
f 2769//2769 2770//2770 2882//2882
f 2769//2769 2882//2882 2881//2881
f 2770//2770 2771//2771 2883//2883
f 2770//2770 2883//2883 2882//2882
f 2771//2771 2772//2772 2884//2884
f 2771//2771 2884//2884 2883//2883
f 2772//2772 2773//2773 2885//2885
f 2772//2772 2885//2885 2884//2884
f 2773//2773 2774//2774 2886//2886
f 2773//2773 2886//2886 2885//2885
f 2774//2774 2775//2775 2887//2887
f 2774//2774 2887//2887 2886//2886
f 2775//2775 2776//2776 2888//2888
f 2775//2775 2888//2888 2887//2887
f 2776//2776 2777//2777 2889//2889
f 2776//2776 2889//2889 2888//2888
f 2777//2777 2778//2778 2890//2890
f 2777//2777 2890//2890 2889//2889
f 2778//2778 2779//2779 2891//2891
f 2778//2778 2891//2891 2890//2890
f 2779//2779 2780//2780 2892//2892
f 2779//2779 2892//2892 2891//2891
f 2780//2780 2781//2781 2893//2893
f 2780//2780 2893//2893 2892//2892
f 2781//2781 2782//2782 2894//2894
f 2781//2781 2894//2894 2893//2893
f 2782//2782 2783//2783 2895//2895
f 2782//2782 2895//2895 2894//2894
f 2783//2783 2784//2784 2896//2896
f 2783//2783 2896//2896 2895//2895
f 2784//2784 2785//2785 2897//2897
f 2784//2784 2897//2897 2896//2896
f 2785//2785 2786//2786 2898//2898
f 2785//2785 2898//2898 2897//2897
f 2786//2786 2787//2787 2899//2899
f 2786//2786 2899//2899 2898//2898
f 2787//2787 2788//2788 2900//2900
f 2787//2787 2900//2900 2899//2899
f 2788//2788 2789//2789 2901//2901
f 2788//2788 2901//2901 2900//2900
f 2789//2789 2790//2790 2902//2902
f 2789//2789 2902//2902 2901//2901
f 2790//2790 2791//2791 2903//2903
f 2790//2790 2903//2903 2902//2902
f 2791//2791 2792//2792 2904//2904
f 2791//2791 2904//2904 2903//2903
f 2792//2792 2793//2793 2905//2905
f 2792//2792 2905//2905 2904//2904
f 2793//2793 2794//2794 2906//2906
f 2793//2793 2906//2906 2905//2905
f 2794//2794 2795//2795 2907//2907
f 2794//2794 2907//2907 2906//2906
f 2795//2795 2796//2796 2908//2908
f 2795//2795 2908//2908 2907//2907
f 2796//2796 2797//2797 2909//2909
f 2796//2796 2909//2909 2908//2908
f 2797//2797 2798//2798 2910//2910
f 2797//2797 2910//2910 2909//2909
f 2798//2798 2799//2799 2911//2911
f 2798//2798 2911//2911 2910//2910
f 2799//2799 2800//2800 2912//2912
f 2799//2799 2912//2912 2911//2911
f 2800//2800 2801//2801 2913//2913
f 2800//2800 2913//2913 2912//2912
f 2801//2801 2691//2691 2803//2803
f 2801//2801 2803//2803 2913//2913
f 2803//2803 2802//2802 2914//2914
f 2803//2803 2914//2914 2915//2915
f 2802//2802 2804//2804 2916//2916
f 2802//2802 2916//2916 2914//2914
f 2804//2804 2805//2805 2917//2917
f 2804//2804 2917//2917 2916//2916
f 2805//2805 2806//2806 2918//2918
f 2805//2805 2918//2918 2917//2917
f 2806//2806 2807//2807 2919//2919
f 2806//2806 2919//2919 2918//2918
f 2807//2807 2808//2808 2920//2920
f 2807//2807 2920//2920 2919//2919
f 2808//2808 2809//2809 2921//2921
f 2808//2808 2921//2921 2920//2920
f 2809//2809 2810//2810 2922//2922
f 2809//2809 2922//2922 2921//2921
f 2810//2810 2811//2811 2923//2923
f 2810//2810 2923//2923 2922//2922
f 2811//2811 2812//2812 2924//2924
f 2811//2811 2924//2924 2923//2923
f 2812//2812 2813//2813 2925//2925
f 2812//2812 2925//2925 2924//2924
f 2813//2813 2814//2814 2926//2926
f 2813//2813 2926//2926 2925//2925
f 2814//2814 2815//2815 2927//2927
f 2814//2814 2927//2927 2926//2926
f 2815//2815 2816//2816 2928//2928
f 2815//2815 2928//2928 2927//2927
f 2816//2816 2817//2817 2929//2929
f 2816//2816 2929//2929 2928//2928
f 2817//2817 2818//2818 2930//2930
f 2817//2817 2930//2930 2929//2929
f 2818//2818 2819//2819 2931//2931
f 2818//2818 2931//2931 2930//2930
f 2819//2819 2820//2820 2932//2932
f 2819//2819 2932//2932 2931//2931
f 2820//2820 2821//2821 2933//2933
f 2820//2820 2933//2933 2932//2932
f 2821//2821 2822//2822 2934//2934
f 2821//2821 2934//2934 2933//2933
f 2822//2822 2823//2823 2935//2935
f 2822//2822 2935//2935 2934//2934
f 2823//2823 2824//2824 2936//2936
f 2823//2823 2936//2936 2935//2935
f 2824//2824 2825//2825 2937//2937
f 2824//2824 2937//2937 2936//2936
f 2825//2825 2826//2826 2938//2938
f 2825//2825 2938//2938 2937//2937
f 2826//2826 2827//2827 2939//2939
f 2826//2826 2939//2939 2938//2938
f 2827//2827 2828//2828 2940//2940
f 2827//2827 2940//2940 2939//2939
f 2828//2828 2829//2829 2941//2941
f 2828//2828 2941//2941 2940//2940
f 2829//2829 2830//2830 2942//2942
f 2829//2829 2942//2942 2941//2941
f 2830//2830 2831//2831 2943//2943
f 2830//2830 2943//2943 2942//2942
f 2831//2831 2832//2832 2944//2944
f 2831//2831 2944//2944 2943//2943
f 2832//2832 2833//2833 2945//2945
f 2832//2832 2945//2945 2944//2944
f 2833//2833 2834//2834 2946//2946
f 2833//2833 2946//2946 2945//2945
f 2834//2834 2835//2835 2947//2947
f 2834//2834 2947//2947 2946//2946
f 2835//2835 2836//2836 2948//2948
f 2835//2835 2948//2948 2947//2947
f 2836//2836 2837//2837 2949//2949
f 2836//2836 2949//2949 2948//2948
f 2837//2837 2838//2838 2950//2950
f 2837//2837 2950//2950 2949//2949
f 2838//2838 2839//2839 2951//2951
f 2838//2838 2951//2951 2950//2950
f 2839//2839 2840//2840 2952//2952
f 2839//2839 2952//2952 2951//2951
f 2840//2840 2841//2841 2953//2953
f 2840//2840 2953//2953 2952//2952
f 2841//2841 2842//2842 2954//2954
f 2841//2841 2954//2954 2953//2953
f 2842//2842 2843//2843 2955//2955
f 2842//2842 2955//2955 2954//2954
f 2843//2843 2844//2844 2956//2956
f 2843//2843 2956//2956 2955//2955
f 2844//2844 2845//2845 2957//2957
f 2844//2844 2957//2957 2956//2956
f 2845//2845 2846//2846 2958//2958
f 2845//2845 2958//2958 2957//2957
f 2846//2846 2847//2847 2959//2959
f 2846//2846 2959//2959 2958//2958
f 2847//2847 2848//2848 2960//2960
f 2847//2847 2960//2960 2959//2959
f 2848//2848 2849//2849 2961//2961
f 2848//2848 2961//2961 2960//2960
f 2849//2849 2850//2850 2962//2962
f 2849//2849 2962//2962 2961//2961
f 2850//2850 2851//2851 2963//2963
f 2850//2850 2963//2963 2962//2962
f 2851//2851 2852//2852 2964//2964
f 2851//2851 2964//2964 2963//2963
f 2852//2852 2853//2853 2965//2965
f 2852//2852 2965//2965 2964//2964
f 2853//2853 2854//2854 2966//2966
f 2853//2853 2966//2966 2965//2965
f 2854//2854 2855//2855 2967//2967
f 2854//2854 2967//2967 2966//2966
f 2855//2855 2856//2856 2968//2968
f 2855//2855 2968//2968 2967//2967
f 2856//2856 2857//2857 2969//2969
f 2856//2856 2969//2969 2968//2968
f 2857//2857 2858//2858 2970//2970
f 2857//2857 2970//2970 2969//2969
f 2858//2858 2859//2859 2971//2971
f 2858//2858 2971//2971 2970//2970
f 2859//2859 2860//2860 2972//2972
f 2859//2859 2972//2972 2971//2971
f 2860//2860 2861//2861 2973//2973
f 2860//2860 2973//2973 2972//2972
f 2861//2861 2862//2862 2974//2974
f 2861//2861 2974//2974 2973//2973
f 2862//2862 2863//2863 2975//2975
f 2862//2862 2975//2975 2974//2974
f 2863//2863 2864//2864 2976//2976
f 2863//2863 2976//2976 2975//2975
f 2864//2864 2865//2865 2977//2977
f 2864//2864 2977//2977 2976//2976
f 2865//2865 2866//2866 2978//2978
f 2865//2865 2978//2978 2977//2977
f 2866//2866 2867//2867 2979//2979
f 2866//2866 2979//2979 2978//2978
f 2867//2867 2868//2868 2980//2980
f 2867//2867 2980//2980 2979//2979
f 2868//2868 2869//2869 2981//2981
f 2868//2868 2981//2981 2980//2980
f 2869//2869 2870//2870 2982//2982
f 2869//2869 2982//2982 2981//2981
f 2870//2870 2871//2871 2983//2983
f 2870//2870 2983//2983 2982//2982
f 2871//2871 2872//2872 2984//2984
f 2871//2871 2984//2984 2983//2983
f 2872//2872 2873//2873 2985//2985
f 2872//2872 2985//2985 2984//2984
f 2873//2873 2874//2874 2986//2986
f 2873//2873 2986//2986 2985//2985
f 2874//2874 2875//2875 2987//2987
f 2874//2874 2987//2987 2986//2986
f 2875//2875 2876//2876 2988//2988
f 2875//2875 2988//2988 2987//2987
f 2876//2876 2877//2877 2989//2989
f 2876//2876 2989//2989 2988//2988
f 2877//2877 2878//2878 2990//2990
f 2877//2877 2990//2990 2989//2989
f 2878//2878 2879//2879 2991//2991
f 2878//2878 2991//2991 2990//2990
f 2879//2879 2880//2880 2992//2992
f 2879//2879 2992//2992 2991//2991
f 2880//2880 2881//2881 2993//2993
f 2880//2880 2993//2993 2992//2992
f 2881//2881 2882//2882 2994//2994
f 2881//2881 2994//2994 2993//2993
f 2882//2882 2883//2883 2995//2995
f 2882//2882 2995//2995 2994//2994
f 2883//2883 2884//2884 2996//2996
f 2883//2883 2996//2996 2995//2995
f 2884//2884 2885//2885 2997//2997
f 2884//2884 2997//2997 2996//2996
f 2885//2885 2886//2886 2998//2998
f 2885//2885 2998//2998 2997//2997
f 2886//2886 2887//2887 2999//2999
f 2886//2886 2999//2999 2998//2998
f 2887//2887 2888//2888 3000//3000
f 2887//2887 3000//3000 2999//2999
f 2888//2888 2889//2889 3001//3001
f 2888//2888 3001//3001 3000//3000
f 2889//2889 2890//2890 3002//3002
f 2889//2889 3002//3002 3001//3001
f 2890//2890 2891//2891 3003//3003
f 2890//2890 3003//3003 3002//3002
f 2891//2891 2892//2892 3004//3004
f 2891//2891 3004//3004 3003//3003
f 2892//2892 2893//2893 3005//3005
f 2892//2892 3005//3005 3004//3004
f 2893//2893 2894//2894 3006//3006
f 2893//2893 3006//3006 3005//3005
f 2894//2894 2895//2895 3007//3007
f 2894//2894 3007//3007 3006//3006
f 2895//2895 2896//2896 3008//3008
f 2895//2895 3008//3008 3007//3007
f 2896//2896 2897//2897 3009//3009
f 2896//2896 3009//3009 3008//3008
f 2897//2897 2898//2898 3010//3010
f 2897//2897 3010//3010 3009//3009
f 2898//2898 2899//2899 3011//3011
f 2898//2898 3011//3011 3010//3010
f 2899//2899 2900//2900 3012//3012
f 2899//2899 3012//3012 3011//3011
f 2900//2900 2901//2901 3013//3013
f 2900//2900 3013//3013 3012//3012
f 2901//2901 2902//2902 3014//3014
f 2901//2901 3014//3014 3013//3013
f 2902//2902 2903//2903 3015//3015
f 2902//2902 3015//3015 3014//3014
f 2903//2903 2904//2904 3016//3016
f 2903//2903 3016//3016 3015//3015
f 2904//2904 2905//2905 3017//3017
f 2904//2904 3017//3017 3016//3016
f 2905//2905 2906//2906 3018//3018
f 2905//2905 3018//3018 3017//3017
f 2906//2906 2907//2907 3019//3019
f 2906//2906 3019//3019 3018//3018
f 2907//2907 2908//2908 3020//3020
f 2907//2907 3020//3020 3019//3019
f 2908//2908 2909//2909 3021//3021
f 2908//2908 3021//3021 3020//3020
f 2909//2909 2910//2910 3022//3022
f 2909//2909 3022//3022 3021//3021
f 2910//2910 2911//2911 3023//3023
f 2910//2910 3023//3023 3022//3022
f 2911//2911 2912//2912 3024//3024
f 2911//2911 3024//3024 3023//3023
f 2912//2912 2913//2913 3025//3025
f 2912//2912 3025//3025 3024//3024
f 2913//2913 2803//2803 2915//2915
f 2913//2913 2915//2915 3025//3025
f 2915//2915 2914//2914 3026//3026
f 2915//2915 3026//3026 3027//3027
f 2914//2914 2916//2916 3028//3028
f 2914//2914 3028//3028 3026//3026
f 2916//2916 2917//2917 3029//3029
f 2916//2916 3029//3029 3028//3028
f 2917//2917 2918//2918 3030//3030
f 2917//2917 3030//3030 3029//3029
f 2918//2918 2919//2919 3031//3031
f 2918//2918 3031//3031 3030//3030
f 2919//2919 2920//2920 3032//3032
f 2919//2919 3032//3032 3031//3031
f 2920//2920 2921//2921 3033//3033
f 2920//2920 3033//3033 3032//3032
f 2921//2921 2922//2922 3034//3034
f 2921//2921 3034//3034 3033//3033
f 2922//2922 2923//2923 3035//3035
f 2922//2922 3035//3035 3034//3034
f 2923//2923 2924//2924 3036//3036
f 2923//2923 3036//3036 3035//3035
f 2924//2924 2925//2925 3037//3037
f 2924//2924 3037//3037 3036//3036
f 2925//2925 2926//2926 3038//3038
f 2925//2925 3038//3038 3037//3037
f 2926//2926 2927//2927 3039//3039
f 2926//2926 3039//3039 3038//3038
f 2927//2927 2928//2928 3040//3040
f 2927//2927 3040//3040 3039//3039
f 2928//2928 2929//2929 3041//3041
f 2928//2928 3041//3041 3040//3040
f 2929//2929 2930//2930 3042//3042
f 2929//2929 3042//3042 3041//3041
f 2930//2930 2931//2931 3043//3043
f 2930//2930 3043//3043 3042//3042
f 2931//2931 2932//2932 3044//3044
f 2931//2931 3044//3044 3043//3043
f 2932//2932 2933//2933 3045//3045
f 2932//2932 3045//3045 3044//3044
f 2933//2933 2934//2934 3046//3046
f 2933//2933 3046//3046 3045//3045
f 2934//2934 2935//2935 3047//3047
f 2934//2934 3047//3047 3046//3046
f 2935//2935 2936//2936 3048//3048
f 2935//2935 3048//3048 3047//3047
f 2936//2936 2937//2937 3049//3049
f 2936//2936 3049//3049 3048//3048
f 2937//2937 2938//2938 3050//3050
f 2937//2937 3050//3050 3049//3049
f 2938//2938 2939//2939 3051//3051
f 2938//2938 3051//3051 3050//3050
f 2939//2939 2940//2940 3052//3052
f 2939//2939 3052//3052 3051//3051
f 2940//2940 2941//2941 3053//3053
f 2940//2940 3053//3053 3052//3052
f 2941//2941 2942//2942 3054//3054
f 2941//2941 3054//3054 3053//3053
f 2942//2942 2943//2943 3055//3055
f 2942//2942 3055//3055 3054//3054
f 2943//2943 2944//2944 3056//3056
f 2943//2943 3056//3056 3055//3055
f 2944//2944 2945//2945 3057//3057
f 2944//2944 3057//3057 3056//3056
f 2945//2945 2946//2946 3058//3058
f 2945//2945 3058//3058 3057//3057
f 2946//2946 2947//2947 3059//3059
f 2946//2946 3059//3059 3058//3058
f 2947//2947 2948//2948 3060//3060
f 2947//2947 3060//3060 3059//3059
f 2948//2948 2949//2949 3061//3061
f 2948//2948 3061//3061 3060//3060
f 2949//2949 2950//2950 3062//3062
f 2949//2949 3062//3062 3061//3061
f 2950//2950 2951//2951 3063//3063
f 2950//2950 3063//3063 3062//3062
f 2951//2951 2952//2952 3064//3064
f 2951//2951 3064//3064 3063//3063
f 2952//2952 2953//2953 3065//3065
f 2952//2952 3065//3065 3064//3064
f 2953//2953 2954//2954 3066//3066
f 2953//2953 3066//3066 3065//3065
f 2954//2954 2955//2955 3067//3067
f 2954//2954 3067//3067 3066//3066
f 2955//2955 2956//2956 3068//3068
f 2955//2955 3068//3068 3067//3067
f 2956//2956 2957//2957 3069//3069
f 2956//2956 3069//3069 3068//3068
f 2957//2957 2958//2958 3070//3070
f 2957//2957 3070//3070 3069//3069
f 2958//2958 2959//2959 3071//3071
f 2958//2958 3071//3071 3070//3070
f 2959//2959 2960//2960 3072//3072
f 2959//2959 3072//3072 3071//3071
f 2960//2960 2961//2961 3073//3073
f 2960//2960 3073//3073 3072//3072
f 2961//2961 2962//2962 3074//3074
f 2961//2961 3074//3074 3073//3073
f 2962//2962 2963//2963 3075//3075
f 2962//2962 3075//3075 3074//3074
f 2963//2963 2964//2964 3076//3076
f 2963//2963 3076//3076 3075//3075
f 2964//2964 2965//2965 3077//3077
f 2964//2964 3077//3077 3076//3076
f 2965//2965 2966//2966 3078//3078
f 2965//2965 3078//3078 3077//3077
f 2966//2966 2967//2967 3079//3079
f 2966//2966 3079//3079 3078//3078
f 2967//2967 2968//2968 3080//3080
f 2967//2967 3080//3080 3079//3079
f 2968//2968 2969//2969 3081//3081
f 2968//2968 3081//3081 3080//3080
f 2969//2969 2970//2970 3082//3082
f 2969//2969 3082//3082 3081//3081
f 2970//2970 2971//2971 3083//3083
f 2970//2970 3083//3083 3082//3082
f 2971//2971 2972//2972 3084//3084
f 2971//2971 3084//3084 3083//3083
f 2972//2972 2973//2973 3085//3085
f 2972//2972 3085//3085 3084//3084
f 2973//2973 2974//2974 3086//3086
f 2973//2973 3086//3086 3085//3085
f 2974//2974 2975//2975 3087//3087
f 2974//2974 3087//3087 3086//3086
f 2975//2975 2976//2976 3088//3088
f 2975//2975 3088//3088 3087//3087
f 2976//2976 2977//2977 3089//3089
f 2976//2976 3089//3089 3088//3088
f 2977//2977 2978//2978 3090//3090
f 2977//2977 3090//3090 3089//3089
f 2978//2978 2979//2979 3091//3091
f 2978//2978 3091//3091 3090//3090
f 2979//2979 2980//2980 3092//3092
f 2979//2979 3092//3092 3091//3091
f 2980//2980 2981//2981 3093//3093
f 2980//2980 3093//3093 3092//3092
f 2981//2981 2982//2982 3094//3094
f 2981//2981 3094//3094 3093//3093
f 2982//2982 2983//2983 3095//3095
f 2982//2982 3095//3095 3094//3094
f 2983//2983 2984//2984 3096//3096
f 2983//2983 3096//3096 3095//3095
f 2984//2984 2985//2985 3097//3097
f 2984//2984 3097//3097 3096//3096
f 2985//2985 2986//2986 3098//3098
f 2985//2985 3098//3098 3097//3097
f 2986//2986 2987//2987 3099//3099
f 2986//2986 3099//3099 3098//3098
f 2987//2987 2988//2988 3100//3100
f 2987//2987 3100//3100 3099//3099
f 2988//2988 2989//2989 3101//3101
f 2988//2988 3101//3101 3100//3100
f 2989//2989 2990//2990 3102//3102
f 2989//2989 3102//3102 3101//3101
f 2990//2990 2991//2991 3103//3103
f 2990//2990 3103//3103 3102//3102
f 2991//2991 2992//2992 3104//3104
f 2991//2991 3104//3104 3103//3103
f 2992//2992 2993//2993 3105//3105
f 2992//2992 3105//3105 3104//3104
f 2993//2993 2994//2994 3106//3106
f 2993//2993 3106//3106 3105//3105
f 2994//2994 2995//2995 3107//3107
f 2994//2994 3107//3107 3106//3106
f 2995//2995 2996//2996 3108//3108
f 2995//2995 3108//3108 3107//3107
f 2996//2996 2997//2997 3109//3109
f 2996//2996 3109//3109 3108//3108
f 2997//2997 2998//2998 3110//3110
f 2997//2997 3110//3110 3109//3109
f 2998//2998 2999//2999 3111//3111
f 2998//2998 3111//3111 3110//3110
f 2999//2999 3000//3000 3112//3112
f 2999//2999 3112//3112 3111//3111
f 3000//3000 3001//3001 3113//3113
f 3000//3000 3113//3113 3112//3112
f 3001//3001 3002//3002 3114//3114
f 3001//3001 3114//3114 3113//3113
f 3002//3002 3003//3003 3115//3115
f 3002//3002 3115//3115 3114//3114
f 3003//3003 3004//3004 3116//3116
f 3003//3003 3116//3116 3115//3115
f 3004//3004 3005//3005 3117//3117
f 3004//3004 3117//3117 3116//3116
f 3005//3005 3006//3006 3118//3118
f 3005//3005 3118//3118 3117//3117
f 3006//3006 3007//3007 3119//3119
f 3006//3006 3119//3119 3118//3118
f 3007//3007 3008//3008 3120//3120
f 3007//3007 3120//3120 3119//3119
f 3008//3008 3009//3009 3121//3121
f 3008//3008 3121//3121 3120//3120
f 3009//3009 3010//3010 3122//3122
f 3009//3009 3122//3122 3121//3121
f 3010//3010 3011//3011 3123//3123
f 3010//3010 3123//3123 3122//3122
f 3011//3011 3012//3012 3124//3124
f 3011//3011 3124//3124 3123//3123
f 3012//3012 3013//3013 3125//3125
f 3012//3012 3125//3125 3124//3124
f 3013//3013 3014//3014 3126//3126
f 3013//3013 3126//3126 3125//3125
f 3014//3014 3015//3015 3127//3127
f 3014//3014 3127//3127 3126//3126
f 3015//3015 3016//3016 3128//3128
f 3015//3015 3128//3128 3127//3127
f 3016//3016 3017//3017 3129//3129
f 3016//3016 3129//3129 3128//3128
f 3017//3017 3018//3018 3130//3130
f 3017//3017 3130//3130 3129//3129
f 3018//3018 3019//3019 3131//3131
f 3018//3018 3131//3131 3130//3130
f 3019//3019 3020//3020 3132//3132
f 3019//3019 3132//3132 3131//3131
f 3020//3020 3021//3021 3133//3133
f 3020//3020 3133//3133 3132//3132
f 3021//3021 3022//3022 3134//3134
f 3021//3021 3134//3134 3133//3133
f 3022//3022 3023//3023 3135//3135
f 3022//3022 3135//3135 3134//3134
f 3023//3023 3024//3024 3136//3136
f 3023//3023 3136//3136 3135//3135
f 3024//3024 3025//3025 3137//3137
f 3024//3024 3137//3137 3136//3136
f 3025//3025 2915//2915 3027//3027
f 3025//3025 3027//3027 3137//3137
f 3027//3027 3026//3026 3138//3138
f 3027//3027 3138//3138 3139//3139
f 3026//3026 3028//3028 3140//3140
f 3026//3026 3140//3140 3138//3138
f 3028//3028 3029//3029 3141//3141
f 3028//3028 3141//3141 3140//3140
f 3029//3029 3030//3030 3142//3142
f 3029//3029 3142//3142 3141//3141
f 3030//3030 3031//3031 3143//3143
f 3030//3030 3143//3143 3142//3142
f 3031//3031 3032//3032 3144//3144
f 3031//3031 3144//3144 3143//3143
f 3032//3032 3033//3033 3145//3145
f 3032//3032 3145//3145 3144//3144
f 3033//3033 3034//3034 3146//3146
f 3033//3033 3146//3146 3145//3145
f 3034//3034 3035//3035 3147//3147
f 3034//3034 3147//3147 3146//3146
f 3035//3035 3036//3036 3148//3148
f 3035//3035 3148//3148 3147//3147
f 3036//3036 3037//3037 3149//3149
f 3036//3036 3149//3149 3148//3148
f 3037//3037 3038//3038 3150//3150
f 3037//3037 3150//3150 3149//3149
f 3038//3038 3039//3039 3151//3151
f 3038//3038 3151//3151 3150//3150
f 3039//3039 3040//3040 3152//3152
f 3039//3039 3152//3152 3151//3151
f 3040//3040 3041//3041 3153//3153
f 3040//3040 3153//3153 3152//3152
f 3041//3041 3042//3042 3154//3154
f 3041//3041 3154//3154 3153//3153
f 3042//3042 3043//3043 3155//3155
f 3042//3042 3155//3155 3154//3154
f 3043//3043 3044//3044 3156//3156
f 3043//3043 3156//3156 3155//3155
f 3044//3044 3045//3045 3157//3157
f 3044//3044 3157//3157 3156//3156
f 3045//3045 3046//3046 3158//3158
f 3045//3045 3158//3158 3157//3157
f 3046//3046 3047//3047 3159//3159
f 3046//3046 3159//3159 3158//3158
f 3047//3047 3048//3048 3160//3160
f 3047//3047 3160//3160 3159//3159
f 3048//3048 3049//3049 3161//3161
f 3048//3048 3161//3161 3160//3160
f 3049//3049 3050//3050 3162//3162
f 3049//3049 3162//3162 3161//3161
f 3050//3050 3051//3051 3163//3163
f 3050//3050 3163//3163 3162//3162
f 3051//3051 3052//3052 3164//3164
f 3051//3051 3164//3164 3163//3163
f 3052//3052 3053//3053 3165//3165
f 3052//3052 3165//3165 3164//3164
f 3053//3053 3054//3054 3166//3166
f 3053//3053 3166//3166 3165//3165
f 3054//3054 3055//3055 3167//3167
f 3054//3054 3167//3167 3166//3166
f 3055//3055 3056//3056 3168//3168
f 3055//3055 3168//3168 3167//3167
f 3056//3056 3057//3057 3169//3169
f 3056//3056 3169//3169 3168//3168
f 3057//3057 3058//3058 3170//3170
f 3057//3057 3170//3170 3169//3169
f 3058//3058 3059//3059 3171//3171
f 3058//3058 3171//3171 3170//3170
f 3059//3059 3060//3060 3172//3172
f 3059//3059 3172//3172 3171//3171
f 3060//3060 3061//3061 3173//3173
f 3060//3060 3173//3173 3172//3172
f 3061//3061 3062//3062 3174//3174
f 3061//3061 3174//3174 3173//3173
f 3062//3062 3063//3063 3175//3175
f 3062//3062 3175//3175 3174//3174
f 3063//3063 3064//3064 3176//3176
f 3063//3063 3176//3176 3175//3175
f 3064//3064 3065//3065 3177//3177
f 3064//3064 3177//3177 3176//3176
f 3065//3065 3066//3066 3178//3178
f 3065//3065 3178//3178 3177//3177
f 3066//3066 3067//3067 3179//3179
f 3066//3066 3179//3179 3178//3178
f 3067//3067 3068//3068 3180//3180
f 3067//3067 3180//3180 3179//3179
f 3068//3068 3069//3069 3181//3181
f 3068//3068 3181//3181 3180//3180
f 3069//3069 3070//3070 3182//3182
f 3069//3069 3182//3182 3181//3181
f 3070//3070 3071//3071 3183//3183
f 3070//3070 3183//3183 3182//3182
f 3071//3071 3072//3072 3184//3184
f 3071//3071 3184//3184 3183//3183
f 3072//3072 3073//3073 3185//3185
f 3072//3072 3185//3185 3184//3184
f 3073//3073 3074//3074 3186//3186
f 3073//3073 3186//3186 3185//3185
f 3074//3074 3075//3075 3187//3187
f 3074//3074 3187//3187 3186//3186
f 3075//3075 3076//3076 3188//3188
f 3075//3075 3188//3188 3187//3187
f 3076//3076 3077//3077 3189//3189
f 3076//3076 3189//3189 3188//3188
f 3077//3077 3078//3078 3190//3190
f 3077//3077 3190//3190 3189//3189
f 3078//3078 3079//3079 3191//3191
f 3078//3078 3191//3191 3190//3190
f 3079//3079 3080//3080 3192//3192
f 3079//3079 3192//3192 3191//3191
f 3080//3080 3081//3081 3193//3193
f 3080//3080 3193//3193 3192//3192
f 3081//3081 3082//3082 3194//3194
f 3081//3081 3194//3194 3193//3193
f 3082//3082 3083//3083 3195//3195
f 3082//3082 3195//3195 3194//3194
f 3083//3083 3084//3084 3196//3196
f 3083//3083 3196//3196 3195//3195
f 3084//3084 3085//3085 3197//3197
f 3084//3084 3197//3197 3196//3196
f 3085//3085 3086//3086 3198//3198
f 3085//3085 3198//3198 3197//3197
f 3086//3086 3087//3087 3199//3199
f 3086//3086 3199//3199 3198//3198
f 3087//3087 3088//3088 3200//3200
f 3087//3087 3200//3200 3199//3199
f 3088//3088 3089//3089 3201//3201
f 3088//3088 3201//3201 3200//3200
f 3089//3089 3090//3090 3202//3202
f 3089//3089 3202//3202 3201//3201
f 3090//3090 3091//3091 3203//3203
f 3090//3090 3203//3203 3202//3202
f 3091//3091 3092//3092 3204//3204
f 3091//3091 3204//3204 3203//3203
f 3092//3092 3093//3093 3205//3205
f 3092//3092 3205//3205 3204//3204
f 3093//3093 3094//3094 3206//3206
f 3093//3093 3206//3206 3205//3205
f 3094//3094 3095//3095 3207//3207
f 3094//3094 3207//3207 3206//3206
f 3095//3095 3096//3096 3208//3208
f 3095//3095 3208//3208 3207//3207
f 3096//3096 3097//3097 3209//3209
f 3096//3096 3209//3209 3208//3208
f 3097//3097 3098//3098 3210//3210
f 3097//3097 3210//3210 3209//3209
f 3098//3098 3099//3099 3211//3211
f 3098//3098 3211//3211 3210//3210
f 3099//3099 3100//3100 3212//3212
f 3099//3099 3212//3212 3211//3211
f 3100//3100 3101//3101 3213//3213
f 3100//3100 3213//3213 3212//3212
f 3101//3101 3102//3102 3214//3214
f 3101//3101 3214//3214 3213//3213
f 3102//3102 3103//3103 3215//3215
f 3102//3102 3215//3215 3214//3214
f 3103//3103 3104//3104 3216//3216
f 3103//3103 3216//3216 3215//3215
f 3104//3104 3105//3105 3217//3217
f 3104//3104 3217//3217 3216//3216
f 3105//3105 3106//3106 3218//3218
f 3105//3105 3218//3218 3217//3217
f 3106//3106 3107//3107 3219//3219
f 3106//3106 3219//3219 3218//3218
f 3107//3107 3108//3108 3220//3220
f 3107//3107 3220//3220 3219//3219
f 3108//3108 3109//3109 3221//3221
f 3108//3108 3221//3221 3220//3220
f 3109//3109 3110//3110 3222//3222
f 3109//3109 3222//3222 3221//3221
f 3110//3110 3111//3111 3223//3223
f 3110//3110 3223//3223 3222//3222
f 3111//3111 3112//3112 3224//3224
f 3111//3111 3224//3224 3223//3223
f 3112//3112 3113//3113 3225//3225
f 3112//3112 3225//3225 3224//3224
f 3113//3113 3114//3114 3226//3226
f 3113//3113 3226//3226 3225//3225
f 3114//3114 3115//3115 3227//3227
f 3114//3114 3227//3227 3226//3226
f 3115//3115 3116//3116 3228//3228
f 3115//3115 3228//3228 3227//3227
f 3116//3116 3117//3117 3229//3229
f 3116//3116 3229//3229 3228//3228
f 3117//3117 3118//3118 3230//3230
f 3117//3117 3230//3230 3229//3229
f 3118//3118 3119//3119 3231//3231
f 3118//3118 3231//3231 3230//3230
f 3119//3119 3120//3120 3232//3232
f 3119//3119 3232//3232 3231//3231
f 3120//3120 3121//3121 3233//3233
f 3120//3120 3233//3233 3232//3232
f 3121//3121 3122//3122 3234//3234
f 3121//3121 3234//3234 3233//3233
f 3122//3122 3123//3123 3235//3235
f 3122//3122 3235//3235 3234//3234
f 3123//3123 3124//3124 3236//3236
f 3123//3123 3236//3236 3235//3235
f 3124//3124 3125//3125 3237//3237
f 3124//3124 3237//3237 3236//3236
f 3125//3125 3126//3126 3238//3238
f 3125//3125 3238//3238 3237//3237
f 3126//3126 3127//3127 3239//3239
f 3126//3126 3239//3239 3238//3238
f 3127//3127 3128//3128 3240//3240
f 3127//3127 3240//3240 3239//3239
f 3128//3128 3129//3129 3241//3241
f 3128//3128 3241//3241 3240//3240
f 3129//3129 3130//3130 3242//3242
f 3129//3129 3242//3242 3241//3241
f 3130//3130 3131//3131 3243//3243
f 3130//3130 3243//3243 3242//3242
f 3131//3131 3132//3132 3244//3244
f 3131//3131 3244//3244 3243//3243
f 3132//3132 3133//3133 3245//3245
f 3132//3132 3245//3245 3244//3244
f 3133//3133 3134//3134 3246//3246
f 3133//3133 3246//3246 3245//3245
f 3134//3134 3135//3135 3247//3247
f 3134//3134 3247//3247 3246//3246
f 3135//3135 3136//3136 3248//3248
f 3135//3135 3248//3248 3247//3247
f 3136//3136 3137//3137 3249//3249
f 3136//3136 3249//3249 3248//3248
f 3137//3137 3027//3027 3139//3139
f 3137//3137 3139//3139 3249//3249
f 3139//3139 3138//3138 3250//3250
f 3139//3139 3250//3250 3251//3251
f 3138//3138 3140//3140 3252//3252
f 3138//3138 3252//3252 3250//3250
f 3140//3140 3141//3141 3253//3253
f 3140//3140 3253//3253 3252//3252
f 3141//3141 3142//3142 3254//3254
f 3141//3141 3254//3254 3253//3253
f 3142//3142 3143//3143 3255//3255
f 3142//3142 3255//3255 3254//3254
f 3143//3143 3144//3144 3256//3256
f 3143//3143 3256//3256 3255//3255
f 3144//3144 3145//3145 3257//3257
f 3144//3144 3257//3257 3256//3256
f 3145//3145 3146//3146 3258//3258
f 3145//3145 3258//3258 3257//3257
f 3146//3146 3147//3147 3259//3259
f 3146//3146 3259//3259 3258//3258
f 3147//3147 3148//3148 3260//3260
f 3147//3147 3260//3260 3259//3259
f 3148//3148 3149//3149 3261//3261
f 3148//3148 3261//3261 3260//3260
f 3149//3149 3150//3150 3262//3262
f 3149//3149 3262//3262 3261//3261
f 3150//3150 3151//3151 3263//3263
f 3150//3150 3263//3263 3262//3262
f 3151//3151 3152//3152 3264//3264
f 3151//3151 3264//3264 3263//3263
f 3152//3152 3153//3153 3265//3265
f 3152//3152 3265//3265 3264//3264
f 3153//3153 3154//3154 3266//3266
f 3153//3153 3266//3266 3265//3265
f 3154//3154 3155//3155 3267//3267
f 3154//3154 3267//3267 3266//3266
f 3155//3155 3156//3156 3268//3268
f 3155//3155 3268//3268 3267//3267
f 3156//3156 3157//3157 3269//3269
f 3156//3156 3269//3269 3268//3268
f 3157//3157 3158//3158 3270//3270
f 3157//3157 3270//3270 3269//3269
f 3158//3158 3159//3159 3271//3271
f 3158//3158 3271//3271 3270//3270
f 3159//3159 3160//3160 3272//3272
f 3159//3159 3272//3272 3271//3271
f 3160//3160 3161//3161 3273//3273
f 3160//3160 3273//3273 3272//3272
f 3161//3161 3162//3162 3274//3274
f 3161//3161 3274//3274 3273//3273
f 3162//3162 3163//3163 3275//3275
f 3162//3162 3275//3275 3274//3274
f 3163//3163 3164//3164 3276//3276
f 3163//3163 3276//3276 3275//3275
f 3164//3164 3165//3165 3277//3277
f 3164//3164 3277//3277 3276//3276
f 3165//3165 3166//3166 3278//3278
f 3165//3165 3278//3278 3277//3277
f 3166//3166 3167//3167 3279//3279
f 3166//3166 3279//3279 3278//3278
f 3167//3167 3168//3168 3280//3280
f 3167//3167 3280//3280 3279//3279
f 3168//3168 3169//3169 3281//3281
f 3168//3168 3281//3281 3280//3280
f 3169//3169 3170//3170 3282//3282
f 3169//3169 3282//3282 3281//3281
f 3170//3170 3171//3171 3283//3283
f 3170//3170 3283//3283 3282//3282
f 3171//3171 3172//3172 3284//3284
f 3171//3171 3284//3284 3283//3283
f 3172//3172 3173//3173 3285//3285
f 3172//3172 3285//3285 3284//3284
f 3173//3173 3174//3174 3286//3286
f 3173//3173 3286//3286 3285//3285
f 3174//3174 3175//3175 3287//3287
f 3174//3174 3287//3287 3286//3286
f 3175//3175 3176//3176 3288//3288
f 3175//3175 3288//3288 3287//3287
f 3176//3176 3177//3177 3289//3289
f 3176//3176 3289//3289 3288//3288
f 3177//3177 3178//3178 3290//3290
f 3177//3177 3290//3290 3289//3289
f 3178//3178 3179//3179 3291//3291
f 3178//3178 3291//3291 3290//3290
f 3179//3179 3180//3180 3292//3292
f 3179//3179 3292//3292 3291//3291
f 3180//3180 3181//3181 3293//3293
f 3180//3180 3293//3293 3292//3292
f 3181//3181 3182//3182 3294//3294
f 3181//3181 3294//3294 3293//3293
f 3182//3182 3183//3183 3295//3295
f 3182//3182 3295//3295 3294//3294
f 3183//3183 3184//3184 3296//3296
f 3183//3183 3296//3296 3295//3295
f 3184//3184 3185//3185 3297//3297
f 3184//3184 3297//3297 3296//3296
f 3185//3185 3186//3186 3298//3298
f 3185//3185 3298//3298 3297//3297
f 3186//3186 3187//3187 3299//3299
f 3186//3186 3299//3299 3298//3298
f 3187//3187 3188//3188 3300//3300
f 3187//3187 3300//3300 3299//3299
f 3188//3188 3189//3189 3301//3301
f 3188//3188 3301//3301 3300//3300
f 3189//3189 3190//3190 3302//3302
f 3189//3189 3302//3302 3301//3301
f 3190//3190 3191//3191 3303//3303
f 3190//3190 3303//3303 3302//3302
f 3191//3191 3192//3192 3304//3304
f 3191//3191 3304//3304 3303//3303
f 3192//3192 3193//3193 3305//3305
f 3192//3192 3305//3305 3304//3304
f 3193//3193 3194//3194 3306//3306
f 3193//3193 3306//3306 3305//3305
f 3194//3194 3195//3195 3307//3307
f 3194//3194 3307//3307 3306//3306
f 3195//3195 3196//3196 3308//3308
f 3195//3195 3308//3308 3307//3307
f 3196//3196 3197//3197 3309//3309
f 3196//3196 3309//3309 3308//3308
f 3197//3197 3198//3198 3310//3310
f 3197//3197 3310//3310 3309//3309
f 3198//3198 3199//3199 3311//3311
f 3198//3198 3311//3311 3310//3310
f 3199//3199 3200//3200 3312//3312
f 3199//3199 3312//3312 3311//3311
f 3200//3200 3201//3201 3313//3313
f 3200//3200 3313//3313 3312//3312
f 3201//3201 3202//3202 3314//3314
f 3201//3201 3314//3314 3313//3313
f 3202//3202 3203//3203 3315//3315
f 3202//3202 3315//3315 3314//3314
f 3203//3203 3204//3204 3316//3316
f 3203//3203 3316//3316 3315//3315
f 3204//3204 3205//3205 3317//3317
f 3204//3204 3317//3317 3316//3316
f 3205//3205 3206//3206 3318//3318
f 3205//3205 3318//3318 3317//3317
f 3206//3206 3207//3207 3319//3319
f 3206//3206 3319//3319 3318//3318
f 3207//3207 3208//3208 3320//3320
f 3207//3207 3320//3320 3319//3319
f 3208//3208 3209//3209 3321//3321
f 3208//3208 3321//3321 3320//3320
f 3209//3209 3210//3210 3322//3322
f 3209//3209 3322//3322 3321//3321
f 3210//3210 3211//3211 3323//3323
f 3210//3210 3323//3323 3322//3322
f 3211//3211 3212//3212 3324//3324
f 3211//3211 3324//3324 3323//3323
f 3212//3212 3213//3213 3325//3325
f 3212//3212 3325//3325 3324//3324
f 3213//3213 3214//3214 3326//3326
f 3213//3213 3326//3326 3325//3325
f 3214//3214 3215//3215 3327//3327
f 3214//3214 3327//3327 3326//3326
f 3215//3215 3216//3216 3328//3328
f 3215//3215 3328//3328 3327//3327
f 3216//3216 3217//3217 3329//3329
f 3216//3216 3329//3329 3328//3328
f 3217//3217 3218//3218 3330//3330
f 3217//3217 3330//3330 3329//3329
f 3218//3218 3219//3219 3331//3331
f 3218//3218 3331//3331 3330//3330
f 3219//3219 3220//3220 3332//3332
f 3219//3219 3332//3332 3331//3331
f 3220//3220 3221//3221 3333//3333
f 3220//3220 3333//3333 3332//3332
f 3221//3221 3222//3222 3334//3334
f 3221//3221 3334//3334 3333//3333
f 3222//3222 3223//3223 3335//3335
f 3222//3222 3335//3335 3334//3334
f 3223//3223 3224//3224 3336//3336
f 3223//3223 3336//3336 3335//3335
f 3224//3224 3225//3225 3337//3337
f 3224//3224 3337//3337 3336//3336
f 3225//3225 3226//3226 3338//3338
f 3225//3225 3338//3338 3337//3337
f 3226//3226 3227//3227 3339//3339
f 3226//3226 3339//3339 3338//3338
f 3227//3227 3228//3228 3340//3340
f 3227//3227 3340//3340 3339//3339
f 3228//3228 3229//3229 3341//3341
f 3228//3228 3341//3341 3340//3340
f 3229//3229 3230//3230 3342//3342
f 3229//3229 3342//3342 3341//3341
f 3230//3230 3231//3231 3343//3343
f 3230//3230 3343//3343 3342//3342
f 3231//3231 3232//3232 3344//3344
f 3231//3231 3344//3344 3343//3343
f 3232//3232 3233//3233 3345//3345
f 3232//3232 3345//3345 3344//3344
f 3233//3233 3234//3234 3346//3346
f 3233//3233 3346//3346 3345//3345
f 3234//3234 3235//3235 3347//3347
f 3234//3234 3347//3347 3346//3346
f 3235//3235 3236//3236 3348//3348
f 3235//3235 3348//3348 3347//3347
f 3236//3236 3237//3237 3349//3349
f 3236//3236 3349//3349 3348//3348
f 3237//3237 3238//3238 3350//3350
f 3237//3237 3350//3350 3349//3349
f 3238//3238 3239//3239 3351//3351
f 3238//3238 3351//3351 3350//3350
f 3239//3239 3240//3240 3352//3352
f 3239//3239 3352//3352 3351//3351
f 3240//3240 3241//3241 3353//3353
f 3240//3240 3353//3353 3352//3352
f 3241//3241 3242//3242 3354//3354
f 3241//3241 3354//3354 3353//3353
f 3242//3242 3243//3243 3355//3355
f 3242//3242 3355//3355 3354//3354
f 3243//3243 3244//3244 3356//3356
f 3243//3243 3356//3356 3355//3355
f 3244//3244 3245//3245 3357//3357
f 3244//3244 3357//3357 3356//3356
f 3245//3245 3246//3246 3358//3358
f 3245//3245 3358//3358 3357//3357
f 3246//3246 3247//3247 3359//3359
f 3246//3246 3359//3359 3358//3358
f 3247//3247 3248//3248 3360//3360
f 3247//3247 3360//3360 3359//3359
f 3248//3248 3249//3249 3361//3361
f 3248//3248 3361//3361 3360//3360
f 3249//3249 3139//3139 3251//3251
f 3249//3249 3251//3251 3361//3361
f 3251//3251 3250//3250 3362//3362
f 3251//3251 3362//3362 3363//3363
f 3250//3250 3252//3252 3364//3364
f 3250//3250 3364//3364 3362//3362
f 3252//3252 3253//3253 3365//3365
f 3252//3252 3365//3365 3364//3364
f 3253//3253 3254//3254 3366//3366
f 3253//3253 3366//3366 3365//3365
f 3254//3254 3255//3255 3367//3367
f 3254//3254 3367//3367 3366//3366
f 3255//3255 3256//3256 3368//3368
f 3255//3255 3368//3368 3367//3367
f 3256//3256 3257//3257 3369//3369
f 3256//3256 3369//3369 3368//3368
f 3257//3257 3258//3258 3370//3370
f 3257//3257 3370//3370 3369//3369
f 3258//3258 3259//3259 3371//3371
f 3258//3258 3371//3371 3370//3370
f 3259//3259 3260//3260 3372//3372
f 3259//3259 3372//3372 3371//3371
f 3260//3260 3261//3261 3373//3373
f 3260//3260 3373//3373 3372//3372
f 3261//3261 3262//3262 3374//3374
f 3261//3261 3374//3374 3373//3373
f 3262//3262 3263//3263 3375//3375
f 3262//3262 3375//3375 3374//3374
f 3263//3263 3264//3264 3376//3376
f 3263//3263 3376//3376 3375//3375
f 3264//3264 3265//3265 3377//3377
f 3264//3264 3377//3377 3376//3376
f 3265//3265 3266//3266 3378//3378
f 3265//3265 3378//3378 3377//3377
f 3266//3266 3267//3267 3379//3379
f 3266//3266 3379//3379 3378//3378
f 3267//3267 3268//3268 3380//3380
f 3267//3267 3380//3380 3379//3379
f 3268//3268 3269//3269 3381//3381
f 3268//3268 3381//3381 3380//3380
f 3269//3269 3270//3270 3382//3382
f 3269//3269 3382//3382 3381//3381
f 3270//3270 3271//3271 3383//3383
f 3270//3270 3383//3383 3382//3382
f 3271//3271 3272//3272 3384//3384
f 3271//3271 3384//3384 3383//3383
f 3272//3272 3273//3273 3385//3385
f 3272//3272 3385//3385 3384//3384
f 3273//3273 3274//3274 3386//3386
f 3273//3273 3386//3386 3385//3385
f 3274//3274 3275//3275 3387//3387
f 3274//3274 3387//3387 3386//3386
f 3275//3275 3276//3276 3388//3388
f 3275//3275 3388//3388 3387//3387
f 3276//3276 3277//3277 3389//3389
f 3276//3276 3389//3389 3388//3388
f 3277//3277 3278//3278 3390//3390
f 3277//3277 3390//3390 3389//3389
f 3278//3278 3279//3279 3391//3391
f 3278//3278 3391//3391 3390//3390
f 3279//3279 3280//3280 3392//3392
f 3279//3279 3392//3392 3391//3391
f 3280//3280 3281//3281 3393//3393
f 3280//3280 3393//3393 3392//3392
f 3281//3281 3282//3282 3394//3394
f 3281//3281 3394//3394 3393//3393
f 3282//3282 3283//3283 3395//3395
f 3282//3282 3395//3395 3394//3394
f 3283//3283 3284//3284 3396//3396
f 3283//3283 3396//3396 3395//3395
f 3284//3284 3285//3285 3397//3397
f 3284//3284 3397//3397 3396//3396
f 3285//3285 3286//3286 3398//3398
f 3285//3285 3398//3398 3397//3397
f 3286//3286 3287//3287 3399//3399
f 3286//3286 3399//3399 3398//3398
f 3287//3287 3288//3288 3400//3400
f 3287//3287 3400//3400 3399//3399
f 3288//3288 3289//3289 3401//3401
f 3288//3288 3401//3401 3400//3400
f 3289//3289 3290//3290 3402//3402
f 3289//3289 3402//3402 3401//3401
f 3290//3290 3291//3291 3403//3403
f 3290//3290 3403//3403 3402//3402
f 3291//3291 3292//3292 3404//3404
f 3291//3291 3404//3404 3403//3403
f 3292//3292 3293//3293 3405//3405
f 3292//3292 3405//3405 3404//3404
f 3293//3293 3294//3294 3406//3406
f 3293//3293 3406//3406 3405//3405
f 3294//3294 3295//3295 3407//3407
f 3294//3294 3407//3407 3406//3406
f 3295//3295 3296//3296 3408//3408
f 3295//3295 3408//3408 3407//3407
f 3296//3296 3297//3297 3409//3409
f 3296//3296 3409//3409 3408//3408
f 3297//3297 3298//3298 3410//3410
f 3297//3297 3410//3410 3409//3409
f 3298//3298 3299//3299 3411//3411
f 3298//3298 3411//3411 3410//3410
f 3299//3299 3300//3300 3412//3412
f 3299//3299 3412//3412 3411//3411
f 3300//3300 3301//3301 3413//3413
f 3300//3300 3413//3413 3412//3412
f 3301//3301 3302//3302 3414//3414
f 3301//3301 3414//3414 3413//3413
f 3302//3302 3303//3303 3415//3415
f 3302//3302 3415//3415 3414//3414
f 3303//3303 3304//3304 3416//3416
f 3303//3303 3416//3416 3415//3415
f 3304//3304 3305//3305 3417//3417
f 3304//3304 3417//3417 3416//3416
f 3305//3305 3306//3306 3418//3418
f 3305//3305 3418//3418 3417//3417
f 3306//3306 3307//3307 3419//3419
f 3306//3306 3419//3419 3418//3418
f 3307//3307 3308//3308 3420//3420
f 3307//3307 3420//3420 3419//3419
f 3308//3308 3309//3309 3421//3421
f 3308//3308 3421//3421 3420//3420
f 3309//3309 3310//3310 3422//3422
f 3309//3309 3422//3422 3421//3421
f 3310//3310 3311//3311 3423//3423
f 3310//3310 3423//3423 3422//3422
f 3311//3311 3312//3312 3424//3424
f 3311//3311 3424//3424 3423//3423
f 3312//3312 3313//3313 3425//3425
f 3312//3312 3425//3425 3424//3424
f 3313//3313 3314//3314 3426//3426
f 3313//3313 3426//3426 3425//3425
f 3314//3314 3315//3315 3427//3427
f 3314//3314 3427//3427 3426//3426
f 3315//3315 3316//3316 3428//3428
f 3315//3315 3428//3428 3427//3427
f 3316//3316 3317//3317 3429//3429
f 3316//3316 3429//3429 3428//3428
f 3317//3317 3318//3318 3430//3430
f 3317//3317 3430//3430 3429//3429
f 3318//3318 3319//3319 3431//3431
f 3318//3318 3431//3431 3430//3430
f 3319//3319 3320//3320 3432//3432
f 3319//3319 3432//3432 3431//3431
f 3320//3320 3321//3321 3433//3433
f 3320//3320 3433//3433 3432//3432
f 3321//3321 3322//3322 3434//3434
f 3321//3321 3434//3434 3433//3433
f 3322//3322 3323//3323 3435//3435
f 3322//3322 3435//3435 3434//3434
f 3323//3323 3324//3324 3436//3436
f 3323//3323 3436//3436 3435//3435
f 3324//3324 3325//3325 3437//3437
f 3324//3324 3437//3437 3436//3436
f 3325//3325 3326//3326 3438//3438
f 3325//3325 3438//3438 3437//3437
f 3326//3326 3327//3327 3439//3439
f 3326//3326 3439//3439 3438//3438
f 3327//3327 3328//3328 3440//3440
f 3327//3327 3440//3440 3439//3439
f 3328//3328 3329//3329 3441//3441
f 3328//3328 3441//3441 3440//3440
f 3329//3329 3330//3330 3442//3442
f 3329//3329 3442//3442 3441//3441
f 3330//3330 3331//3331 3443//3443
f 3330//3330 3443//3443 3442//3442
f 3331//3331 3332//3332 3444//3444
f 3331//3331 3444//3444 3443//3443
f 3332//3332 3333//3333 3445//3445
f 3332//3332 3445//3445 3444//3444
f 3333//3333 3334//3334 3446//3446
f 3333//3333 3446//3446 3445//3445
f 3334//3334 3335//3335 3447//3447
f 3334//3334 3447//3447 3446//3446
f 3335//3335 3336//3336 3448//3448
f 3335//3335 3448//3448 3447//3447
f 3336//3336 3337//3337 3449//3449
f 3336//3336 3449//3449 3448//3448
f 3337//3337 3338//3338 3450//3450
f 3337//3337 3450//3450 3449//3449
f 3338//3338 3339//3339 3451//3451
f 3338//3338 3451//3451 3450//3450
f 3339//3339 3340//3340 3452//3452
f 3339//3339 3452//3452 3451//3451
f 3340//3340 3341//3341 3453//3453
f 3340//3340 3453//3453 3452//3452
f 3341//3341 3342//3342 3454//3454
f 3341//3341 3454//3454 3453//3453
f 3342//3342 3343//3343 3455//3455
f 3342//3342 3455//3455 3454//3454
f 3343//3343 3344//3344 3456//3456
f 3343//3343 3456//3456 3455//3455
f 3344//3344 3345//3345 3457//3457
f 3344//3344 3457//3457 3456//3456
f 3345//3345 3346//3346 3458//3458
f 3345//3345 3458//3458 3457//3457
f 3346//3346 3347//3347 3459//3459
f 3346//3346 3459//3459 3458//3458
f 3347//3347 3348//3348 3460//3460
f 3347//3347 3460//3460 3459//3459
f 3348//3348 3349//3349 3461//3461
f 3348//3348 3461//3461 3460//3460
f 3349//3349 3350//3350 3462//3462
f 3349//3349 3462//3462 3461//3461
f 3350//3350 3351//3351 3463//3463
f 3350//3350 3463//3463 3462//3462
f 3351//3351 3352//3352 3464//3464
f 3351//3351 3464//3464 3463//3463
f 3352//3352 3353//3353 3465//3465
f 3352//3352 3465//3465 3464//3464
f 3353//3353 3354//3354 3466//3466
f 3353//3353 3466//3466 3465//3465
f 3354//3354 3355//3355 3467//3467
f 3354//3354 3467//3467 3466//3466
f 3355//3355 3356//3356 3468//3468
f 3355//3355 3468//3468 3467//3467
f 3356//3356 3357//3357 3469//3469
f 3356//3356 3469//3469 3468//3468
f 3357//3357 3358//3358 3470//3470
f 3357//3357 3470//3470 3469//3469
f 3358//3358 3359//3359 3471//3471
f 3358//3358 3471//3471 3470//3470
f 3359//3359 3360//3360 3472//3472
f 3359//3359 3472//3472 3471//3471
f 3360//3360 3361//3361 3473//3473
f 3360//3360 3473//3473 3472//3472
f 3361//3361 3251//3251 3363//3363
f 3361//3361 3363//3363 3473//3473
f 3363//3363 3362//3362 3474//3474
f 3363//3363 3474//3474 3475//3475
f 3362//3362 3364//3364 3476//3476
f 3362//3362 3476//3476 3474//3474
f 3364//3364 3365//3365 3477//3477
f 3364//3364 3477//3477 3476//3476
f 3365//3365 3366//3366 3478//3478
f 3365//3365 3478//3478 3477//3477
f 3366//3366 3367//3367 3479//3479
f 3366//3366 3479//3479 3478//3478
f 3367//3367 3368//3368 3480//3480
f 3367//3367 3480//3480 3479//3479
f 3368//3368 3369//3369 3481//3481
f 3368//3368 3481//3481 3480//3480
f 3369//3369 3370//3370 3482//3482
f 3369//3369 3482//3482 3481//3481
f 3370//3370 3371//3371 3483//3483
f 3370//3370 3483//3483 3482//3482
f 3371//3371 3372//3372 3484//3484
f 3371//3371 3484//3484 3483//3483
f 3372//3372 3373//3373 3485//3485
f 3372//3372 3485//3485 3484//3484
f 3373//3373 3374//3374 3486//3486
f 3373//3373 3486//3486 3485//3485
f 3374//3374 3375//3375 3487//3487
f 3374//3374 3487//3487 3486//3486
f 3375//3375 3376//3376 3488//3488
f 3375//3375 3488//3488 3487//3487
f 3376//3376 3377//3377 3489//3489
f 3376//3376 3489//3489 3488//3488
f 3377//3377 3378//3378 3490//3490
f 3377//3377 3490//3490 3489//3489
f 3378//3378 3379//3379 3491//3491
f 3378//3378 3491//3491 3490//3490
f 3379//3379 3380//3380 3492//3492
f 3379//3379 3492//3492 3491//3491
f 3380//3380 3381//3381 3493//3493
f 3380//3380 3493//3493 3492//3492
f 3381//3381 3382//3382 3494//3494
f 3381//3381 3494//3494 3493//3493
f 3382//3382 3383//3383 3495//3495
f 3382//3382 3495//3495 3494//3494
f 3383//3383 3384//3384 3496//3496
f 3383//3383 3496//3496 3495//3495
f 3384//3384 3385//3385 3497//3497
f 3384//3384 3497//3497 3496//3496
f 3385//3385 3386//3386 3498//3498
f 3385//3385 3498//3498 3497//3497
f 3386//3386 3387//3387 3499//3499
f 3386//3386 3499//3499 3498//3498
f 3387//3387 3388//3388 3500//3500
f 3387//3387 3500//3500 3499//3499
f 3388//3388 3389//3389 3501//3501
f 3388//3388 3501//3501 3500//3500
f 3389//3389 3390//3390 3502//3502
f 3389//3389 3502//3502 3501//3501
f 3390//3390 3391//3391 3503//3503
f 3390//3390 3503//3503 3502//3502
f 3391//3391 3392//3392 3504//3504
f 3391//3391 3504//3504 3503//3503
f 3392//3392 3393//3393 3505//3505
f 3392//3392 3505//3505 3504//3504
f 3393//3393 3394//3394 3506//3506
f 3393//3393 3506//3506 3505//3505
f 3394//3394 3395//3395 3507//3507
f 3394//3394 3507//3507 3506//3506
f 3395//3395 3396//3396 3508//3508
f 3395//3395 3508//3508 3507//3507
f 3396//3396 3397//3397 3509//3509
f 3396//3396 3509//3509 3508//3508
f 3397//3397 3398//3398 3510//3510
f 3397//3397 3510//3510 3509//3509
f 3398//3398 3399//3399 3511//3511
f 3398//3398 3511//3511 3510//3510
f 3399//3399 3400//3400 3512//3512
f 3399//3399 3512//3512 3511//3511
f 3400//3400 3401//3401 3513//3513
f 3400//3400 3513//3513 3512//3512
f 3401//3401 3402//3402 3514//3514
f 3401//3401 3514//3514 3513//3513
f 3402//3402 3403//3403 3515//3515
f 3402//3402 3515//3515 3514//3514
f 3403//3403 3404//3404 3516//3516
f 3403//3403 3516//3516 3515//3515
f 3404//3404 3405//3405 3517//3517
f 3404//3404 3517//3517 3516//3516
f 3405//3405 3406//3406 3518//3518
f 3405//3405 3518//3518 3517//3517
f 3406//3406 3407//3407 3519//3519
f 3406//3406 3519//3519 3518//3518
f 3407//3407 3408//3408 3520//3520
f 3407//3407 3520//3520 3519//3519
f 3408//3408 3409//3409 3521//3521
f 3408//3408 3521//3521 3520//3520
f 3409//3409 3410//3410 3522//3522
f 3409//3409 3522//3522 3521//3521
f 3410//3410 3411//3411 3523//3523
f 3410//3410 3523//3523 3522//3522
f 3411//3411 3412//3412 3524//3524
f 3411//3411 3524//3524 3523//3523
f 3412//3412 3413//3413 3525//3525
f 3412//3412 3525//3525 3524//3524
f 3413//3413 3414//3414 3526//3526
f 3413//3413 3526//3526 3525//3525
f 3414//3414 3415//3415 3527//3527
f 3414//3414 3527//3527 3526//3526
f 3415//3415 3416//3416 3528//3528
f 3415//3415 3528//3528 3527//3527
f 3416//3416 3417//3417 3529//3529
f 3416//3416 3529//3529 3528//3528
f 3417//3417 3418//3418 3530//3530
f 3417//3417 3530//3530 3529//3529
f 3418//3418 3419//3419 3531//3531
f 3418//3418 3531//3531 3530//3530
f 3419//3419 3420//3420 3532//3532
f 3419//3419 3532//3532 3531//3531
f 3420//3420 3421//3421 3533//3533
f 3420//3420 3533//3533 3532//3532
f 3421//3421 3422//3422 3534//3534
f 3421//3421 3534//3534 3533//3533
f 3422//3422 3423//3423 3535//3535
f 3422//3422 3535//3535 3534//3534
f 3423//3423 3424//3424 3536//3536
f 3423//3423 3536//3536 3535//3535
f 3424//3424 3425//3425 3537//3537
f 3424//3424 3537//3537 3536//3536
f 3425//3425 3426//3426 3538//3538
f 3425//3425 3538//3538 3537//3537
f 3426//3426 3427//3427 3539//3539
f 3426//3426 3539//3539 3538//3538
f 3427//3427 3428//3428 3540//3540
f 3427//3427 3540//3540 3539//3539
f 3428//3428 3429//3429 3541//3541
f 3428//3428 3541//3541 3540//3540
f 3429//3429 3430//3430 3542//3542
f 3429//3429 3542//3542 3541//3541
f 3430//3430 3431//3431 3543//3543
f 3430//3430 3543//3543 3542//3542
f 3431//3431 3432//3432 3544//3544
f 3431//3431 3544//3544 3543//3543
f 3432//3432 3433//3433 3545//3545
f 3432//3432 3545//3545 3544//3544
f 3433//3433 3434//3434 3546//3546
f 3433//3433 3546//3546 3545//3545
f 3434//3434 3435//3435 3547//3547
f 3434//3434 3547//3547 3546//3546
f 3435//3435 3436//3436 3548//3548
f 3435//3435 3548//3548 3547//3547
f 3436//3436 3437//3437 3549//3549
f 3436//3436 3549//3549 3548//3548
f 3437//3437 3438//3438 3550//3550
f 3437//3437 3550//3550 3549//3549
f 3438//3438 3439//3439 3551//3551
f 3438//3438 3551//3551 3550//3550
f 3439//3439 3440//3440 3552//3552
f 3439//3439 3552//3552 3551//3551
f 3440//3440 3441//3441 3553//3553
f 3440//3440 3553//3553 3552//3552
f 3441//3441 3442//3442 3554//3554
f 3441//3441 3554//3554 3553//3553
f 3442//3442 3443//3443 3555//3555
f 3442//3442 3555//3555 3554//3554
f 3443//3443 3444//3444 3556//3556
f 3443//3443 3556//3556 3555//3555
f 3444//3444 3445//3445 3557//3557
f 3444//3444 3557//3557 3556//3556
f 3445//3445 3446//3446 3558//3558
f 3445//3445 3558//3558 3557//3557
f 3446//3446 3447//3447 3559//3559
f 3446//3446 3559//3559 3558//3558
f 3447//3447 3448//3448 3560//3560
f 3447//3447 3560//3560 3559//3559
f 3448//3448 3449//3449 3561//3561
f 3448//3448 3561//3561 3560//3560
f 3449//3449 3450//3450 3562//3562
f 3449//3449 3562//3562 3561//3561
f 3450//3450 3451//3451 3563//3563
f 3450//3450 3563//3563 3562//3562
f 3451//3451 3452//3452 3564//3564
f 3451//3451 3564//3564 3563//3563
f 3452//3452 3453//3453 3565//3565
f 3452//3452 3565//3565 3564//3564
f 3453//3453 3454//3454 3566//3566
f 3453//3453 3566//3566 3565//3565
f 3454//3454 3455//3455 3567//3567
f 3454//3454 3567//3567 3566//3566
f 3455//3455 3456//3456 3568//3568
f 3455//3455 3568//3568 3567//3567
f 3456//3456 3457//3457 3569//3569
f 3456//3456 3569//3569 3568//3568
f 3457//3457 3458//3458 3570//3570
f 3457//3457 3570//3570 3569//3569
f 3458//3458 3459//3459 3571//3571
f 3458//3458 3571//3571 3570//3570
f 3459//3459 3460//3460 3572//3572
f 3459//3459 3572//3572 3571//3571
f 3460//3460 3461//3461 3573//3573
f 3460//3460 3573//3573 3572//3572
f 3461//3461 3462//3462 3574//3574
f 3461//3461 3574//3574 3573//3573
f 3462//3462 3463//3463 3575//3575
f 3462//3462 3575//3575 3574//3574
f 3463//3463 3464//3464 3576//3576
f 3463//3463 3576//3576 3575//3575
f 3464//3464 3465//3465 3577//3577
f 3464//3464 3577//3577 3576//3576
f 3465//3465 3466//3466 3578//3578
f 3465//3465 3578//3578 3577//3577
f 3466//3466 3467//3467 3579//3579
f 3466//3466 3579//3579 3578//3578
f 3467//3467 3468//3468 3580//3580
f 3467//3467 3580//3580 3579//3579
f 3468//3468 3469//3469 3581//3581
f 3468//3468 3581//3581 3580//3580
f 3469//3469 3470//3470 3582//3582
f 3469//3469 3582//3582 3581//3581
f 3470//3470 3471//3471 3583//3583
f 3470//3470 3583//3583 3582//3582
f 3471//3471 3472//3472 3584//3584
f 3471//3471 3584//3584 3583//3583
f 3472//3472 3473//3473 3585//3585
f 3472//3472 3585//3585 3584//3584
f 3473//3473 3363//3363 3475//3475
f 3473//3473 3475//3475 3585//3585
f 3475//3475 3474//3474 3586//3586
f 3475//3475 3586//3586 3587//3587
f 3474//3474 3476//3476 3588//3588
f 3474//3474 3588//3588 3586//3586
f 3476//3476 3477//3477 3589//3589
f 3476//3476 3589//3589 3588//3588
f 3477//3477 3478//3478 3590//3590
f 3477//3477 3590//3590 3589//3589
f 3478//3478 3479//3479 3591//3591
f 3478//3478 3591//3591 3590//3590
f 3479//3479 3480//3480 3592//3592
f 3479//3479 3592//3592 3591//3591
f 3480//3480 3481//3481 3593//3593
f 3480//3480 3593//3593 3592//3592
f 3481//3481 3482//3482 3594//3594
f 3481//3481 3594//3594 3593//3593
f 3482//3482 3483//3483 3595//3595
f 3482//3482 3595//3595 3594//3594
f 3483//3483 3484//3484 3596//3596
f 3483//3483 3596//3596 3595//3595
f 3484//3484 3485//3485 3597//3597
f 3484//3484 3597//3597 3596//3596
f 3485//3485 3486//3486 3598//3598
f 3485//3485 3598//3598 3597//3597
f 3486//3486 3487//3487 3599//3599
f 3486//3486 3599//3599 3598//3598
f 3487//3487 3488//3488 3600//3600
f 3487//3487 3600//3600 3599//3599
f 3488//3488 3489//3489 3601//3601
f 3488//3488 3601//3601 3600//3600
f 3489//3489 3490//3490 3602//3602
f 3489//3489 3602//3602 3601//3601
f 3490//3490 3491//3491 3603//3603
f 3490//3490 3603//3603 3602//3602
f 3491//3491 3492//3492 3604//3604
f 3491//3491 3604//3604 3603//3603
f 3492//3492 3493//3493 3605//3605
f 3492//3492 3605//3605 3604//3604
f 3493//3493 3494//3494 3606//3606
f 3493//3493 3606//3606 3605//3605
f 3494//3494 3495//3495 3607//3607
f 3494//3494 3607//3607 3606//3606
f 3495//3495 3496//3496 3608//3608
f 3495//3495 3608//3608 3607//3607
f 3496//3496 3497//3497 3609//3609
f 3496//3496 3609//3609 3608//3608
f 3497//3497 3498//3498 3610//3610
f 3497//3497 3610//3610 3609//3609
f 3498//3498 3499//3499 3611//3611
f 3498//3498 3611//3611 3610//3610
f 3499//3499 3500//3500 3612//3612
f 3499//3499 3612//3612 3611//3611
f 3500//3500 3501//3501 3613//3613
f 3500//3500 3613//3613 3612//3612
f 3501//3501 3502//3502 3614//3614
f 3501//3501 3614//3614 3613//3613
f 3502//3502 3503//3503 3615//3615
f 3502//3502 3615//3615 3614//3614
f 3503//3503 3504//3504 3616//3616
f 3503//3503 3616//3616 3615//3615
f 3504//3504 3505//3505 3617//3617
f 3504//3504 3617//3617 3616//3616
f 3505//3505 3506//3506 3618//3618
f 3505//3505 3618//3618 3617//3617
f 3506//3506 3507//3507 3619//3619
f 3506//3506 3619//3619 3618//3618
f 3507//3507 3508//3508 3620//3620
f 3507//3507 3620//3620 3619//3619
f 3508//3508 3509//3509 3621//3621
f 3508//3508 3621//3621 3620//3620
f 3509//3509 3510//3510 3622//3622
f 3509//3509 3622//3622 3621//3621
f 3510//3510 3511//3511 3623//3623
f 3510//3510 3623//3623 3622//3622
f 3511//3511 3512//3512 3624//3624
f 3511//3511 3624//3624 3623//3623
f 3512//3512 3513//3513 3625//3625
f 3512//3512 3625//3625 3624//3624
f 3513//3513 3514//3514 3626//3626
f 3513//3513 3626//3626 3625//3625
f 3514//3514 3515//3515 3627//3627
f 3514//3514 3627//3627 3626//3626
f 3515//3515 3516//3516 3628//3628
f 3515//3515 3628//3628 3627//3627
f 3516//3516 3517//3517 3629//3629
f 3516//3516 3629//3629 3628//3628
f 3517//3517 3518//3518 3630//3630
f 3517//3517 3630//3630 3629//3629
f 3518//3518 3519//3519 3631//3631
f 3518//3518 3631//3631 3630//3630
f 3519//3519 3520//3520 3632//3632
f 3519//3519 3632//3632 3631//3631
f 3520//3520 3521//3521 3633//3633
f 3520//3520 3633//3633 3632//3632
f 3521//3521 3522//3522 3634//3634
f 3521//3521 3634//3634 3633//3633
f 3522//3522 3523//3523 3635//3635
f 3522//3522 3635//3635 3634//3634
f 3523//3523 3524//3524 3636//3636
f 3523//3523 3636//3636 3635//3635
f 3524//3524 3525//3525 3637//3637
f 3524//3524 3637//3637 3636//3636
f 3525//3525 3526//3526 3638//3638
f 3525//3525 3638//3638 3637//3637
f 3526//3526 3527//3527 3639//3639
f 3526//3526 3639//3639 3638//3638
f 3527//3527 3528//3528 3640//3640
f 3527//3527 3640//3640 3639//3639
f 3528//3528 3529//3529 3641//3641
f 3528//3528 3641//3641 3640//3640
f 3529//3529 3530//3530 3642//3642
f 3529//3529 3642//3642 3641//3641
f 3530//3530 3531//3531 3643//3643
f 3530//3530 3643//3643 3642//3642
f 3531//3531 3532//3532 3644//3644
f 3531//3531 3644//3644 3643//3643
f 3532//3532 3533//3533 3645//3645
f 3532//3532 3645//3645 3644//3644
f 3533//3533 3534//3534 3646//3646
f 3533//3533 3646//3646 3645//3645
f 3534//3534 3535//3535 3647//3647
f 3534//3534 3647//3647 3646//3646
f 3535//3535 3536//3536 3648//3648
f 3535//3535 3648//3648 3647//3647
f 3536//3536 3537//3537 3649//3649
f 3536//3536 3649//3649 3648//3648
f 3537//3537 3538//3538 3650//3650
f 3537//3537 3650//3650 3649//3649
f 3538//3538 3539//3539 3651//3651
f 3538//3538 3651//3651 3650//3650
f 3539//3539 3540//3540 3652//3652
f 3539//3539 3652//3652 3651//3651
f 3540//3540 3541//3541 3653//3653
f 3540//3540 3653//3653 3652//3652
f 3541//3541 3542//3542 3654//3654
f 3541//3541 3654//3654 3653//3653
f 3542//3542 3543//3543 3655//3655
f 3542//3542 3655//3655 3654//3654
f 3543//3543 3544//3544 3656//3656
f 3543//3543 3656//3656 3655//3655
f 3544//3544 3545//3545 3657//3657
f 3544//3544 3657//3657 3656//3656
f 3545//3545 3546//3546 3658//3658
f 3545//3545 3658//3658 3657//3657
f 3546//3546 3547//3547 3659//3659
f 3546//3546 3659//3659 3658//3658
f 3547//3547 3548//3548 3660//3660
f 3547//3547 3660//3660 3659//3659
f 3548//3548 3549//3549 3661//3661
f 3548//3548 3661//3661 3660//3660
f 3549//3549 3550//3550 3662//3662
f 3549//3549 3662//3662 3661//3661
f 3550//3550 3551//3551 3663//3663
f 3550//3550 3663//3663 3662//3662
f 3551//3551 3552//3552 3664//3664
f 3551//3551 3664//3664 3663//3663
f 3552//3552 3553//3553 3665//3665
f 3552//3552 3665//3665 3664//3664
f 3553//3553 3554//3554 3666//3666
f 3553//3553 3666//3666 3665//3665
f 3554//3554 3555//3555 3667//3667
f 3554//3554 3667//3667 3666//3666
f 3555//3555 3556//3556 3668//3668
f 3555//3555 3668//3668 3667//3667
f 3556//3556 3557//3557 3669//3669
f 3556//3556 3669//3669 3668//3668
f 3557//3557 3558//3558 3670//3670
f 3557//3557 3670//3670 3669//3669
f 3558//3558 3559//3559 3671//3671
f 3558//3558 3671//3671 3670//3670
f 3559//3559 3560//3560 3672//3672
f 3559//3559 3672//3672 3671//3671
f 3560//3560 3561//3561 3673//3673
f 3560//3560 3673//3673 3672//3672
f 3561//3561 3562//3562 3674//3674
f 3561//3561 3674//3674 3673//3673
f 3562//3562 3563//3563 3675//3675
f 3562//3562 3675//3675 3674//3674
f 3563//3563 3564//3564 3676//3676
f 3563//3563 3676//3676 3675//3675
f 3564//3564 3565//3565 3677//3677
f 3564//3564 3677//3677 3676//3676
f 3565//3565 3566//3566 3678//3678
f 3565//3565 3678//3678 3677//3677
f 3566//3566 3567//3567 3679//3679
f 3566//3566 3679//3679 3678//3678
f 3567//3567 3568//3568 3680//3680
f 3567//3567 3680//3680 3679//3679
f 3568//3568 3569//3569 3681//3681
f 3568//3568 3681//3681 3680//3680
f 3569//3569 3570//3570 3682//3682
f 3569//3569 3682//3682 3681//3681
f 3570//3570 3571//3571 3683//3683
f 3570//3570 3683//3683 3682//3682
f 3571//3571 3572//3572 3684//3684
f 3571//3571 3684//3684 3683//3683
f 3572//3572 3573//3573 3685//3685
f 3572//3572 3685//3685 3684//3684
f 3573//3573 3574//3574 3686//3686
f 3573//3573 3686//3686 3685//3685
f 3574//3574 3575//3575 3687//3687
f 3574//3574 3687//3687 3686//3686
f 3575//3575 3576//3576 3688//3688
f 3575//3575 3688//3688 3687//3687
f 3576//3576 3577//3577 3689//3689
f 3576//3576 3689//3689 3688//3688
f 3577//3577 3578//3578 3690//3690
f 3577//3577 3690//3690 3689//3689
f 3578//3578 3579//3579 3691//3691
f 3578//3578 3691//3691 3690//3690
f 3579//3579 3580//3580 3692//3692
f 3579//3579 3692//3692 3691//3691
f 3580//3580 3581//3581 3693//3693
f 3580//3580 3693//3693 3692//3692
f 3581//3581 3582//3582 3694//3694
f 3581//3581 3694//3694 3693//3693
f 3582//3582 3583//3583 3695//3695
f 3582//3582 3695//3695 3694//3694
f 3583//3583 3584//3584 3696//3696
f 3583//3583 3696//3696 3695//3695
f 3584//3584 3585//3585 3697//3697
f 3584//3584 3697//3697 3696//3696
f 3585//3585 3475//3475 3587//3587
f 3585//3585 3587//3587 3697//3697
f 3587//3587 3586//3586 3698//3698
f 3587//3587 3698//3698 3699//3699
f 3586//3586 3588//3588 3700//3700
f 3586//3586 3700//3700 3698//3698
f 3588//3588 3589//3589 3701//3701
f 3588//3588 3701//3701 3700//3700
f 3589//3589 3590//3590 3702//3702
f 3589//3589 3702//3702 3701//3701
f 3590//3590 3591//3591 3703//3703
f 3590//3590 3703//3703 3702//3702
f 3591//3591 3592//3592 3704//3704
f 3591//3591 3704//3704 3703//3703
f 3592//3592 3593//3593 3705//3705
f 3592//3592 3705//3705 3704//3704
f 3593//3593 3594//3594 3706//3706
f 3593//3593 3706//3706 3705//3705
f 3594//3594 3595//3595 3707//3707
f 3594//3594 3707//3707 3706//3706
f 3595//3595 3596//3596 3708//3708
f 3595//3595 3708//3708 3707//3707
f 3596//3596 3597//3597 3709//3709
f 3596//3596 3709//3709 3708//3708
f 3597//3597 3598//3598 3710//3710
f 3597//3597 3710//3710 3709//3709
f 3598//3598 3599//3599 3711//3711
f 3598//3598 3711//3711 3710//3710
f 3599//3599 3600//3600 3712//3712
f 3599//3599 3712//3712 3711//3711
f 3600//3600 3601//3601 3713//3713
f 3600//3600 3713//3713 3712//3712
f 3601//3601 3602//3602 3714//3714
f 3601//3601 3714//3714 3713//3713
f 3602//3602 3603//3603 3715//3715
f 3602//3602 3715//3715 3714//3714
f 3603//3603 3604//3604 3716//3716
f 3603//3603 3716//3716 3715//3715
f 3604//3604 3605//3605 3717//3717
f 3604//3604 3717//3717 3716//3716
f 3605//3605 3606//3606 3718//3718
f 3605//3605 3718//3718 3717//3717
f 3606//3606 3607//3607 3719//3719
f 3606//3606 3719//3719 3718//3718
f 3607//3607 3608//3608 3720//3720
f 3607//3607 3720//3720 3719//3719
f 3608//3608 3609//3609 3721//3721
f 3608//3608 3721//3721 3720//3720
f 3609//3609 3610//3610 3722//3722
f 3609//3609 3722//3722 3721//3721
f 3610//3610 3611//3611 3723//3723
f 3610//3610 3723//3723 3722//3722
f 3611//3611 3612//3612 3724//3724
f 3611//3611 3724//3724 3723//3723
f 3612//3612 3613//3613 3725//3725
f 3612//3612 3725//3725 3724//3724
f 3613//3613 3614//3614 3726//3726
f 3613//3613 3726//3726 3725//3725
f 3614//3614 3615//3615 3727//3727
f 3614//3614 3727//3727 3726//3726
f 3615//3615 3616//3616 3728//3728
f 3615//3615 3728//3728 3727//3727
f 3616//3616 3617//3617 3729//3729
f 3616//3616 3729//3729 3728//3728
f 3617//3617 3618//3618 3730//3730
f 3617//3617 3730//3730 3729//3729
f 3618//3618 3619//3619 3731//3731
f 3618//3618 3731//3731 3730//3730
f 3619//3619 3620//3620 3732//3732
f 3619//3619 3732//3732 3731//3731
f 3620//3620 3621//3621 3733//3733
f 3620//3620 3733//3733 3732//3732
f 3621//3621 3622//3622 3734//3734
f 3621//3621 3734//3734 3733//3733
f 3622//3622 3623//3623 3735//3735
f 3622//3622 3735//3735 3734//3734
f 3623//3623 3624//3624 3736//3736
f 3623//3623 3736//3736 3735//3735
f 3624//3624 3625//3625 3737//3737
f 3624//3624 3737//3737 3736//3736
f 3625//3625 3626//3626 3738//3738
f 3625//3625 3738//3738 3737//3737
f 3626//3626 3627//3627 3739//3739
f 3626//3626 3739//3739 3738//3738
f 3627//3627 3628//3628 3740//3740
f 3627//3627 3740//3740 3739//3739
f 3628//3628 3629//3629 3741//3741
f 3628//3628 3741//3741 3740//3740
f 3629//3629 3630//3630 3742//3742
f 3629//3629 3742//3742 3741//3741
f 3630//3630 3631//3631 3743//3743
f 3630//3630 3743//3743 3742//3742
f 3631//3631 3632//3632 3744//3744
f 3631//3631 3744//3744 3743//3743
f 3632//3632 3633//3633 3745//3745
f 3632//3632 3745//3745 3744//3744
f 3633//3633 3634//3634 3746//3746
f 3633//3633 3746//3746 3745//3745
f 3634//3634 3635//3635 3747//3747
f 3634//3634 3747//3747 3746//3746
f 3635//3635 3636//3636 3748//3748
f 3635//3635 3748//3748 3747//3747
f 3636//3636 3637//3637 3749//3749
f 3636//3636 3749//3749 3748//3748
f 3637//3637 3638//3638 3750//3750
f 3637//3637 3750//3750 3749//3749
f 3638//3638 3639//3639 3751//3751
f 3638//3638 3751//3751 3750//3750
f 3639//3639 3640//3640 3752//3752
f 3639//3639 3752//3752 3751//3751
f 3640//3640 3641//3641 3753//3753
f 3640//3640 3753//3753 3752//3752
f 3641//3641 3642//3642 3754//3754
f 3641//3641 3754//3754 3753//3753
f 3642//3642 3643//3643 3755//3755
f 3642//3642 3755//3755 3754//3754
f 3643//3643 3644//3644 3756//3756
f 3643//3643 3756//3756 3755//3755
f 3644//3644 3645//3645 3757//3757
f 3644//3644 3757//3757 3756//3756
f 3645//3645 3646//3646 3758//3758
f 3645//3645 3758//3758 3757//3757
f 3646//3646 3647//3647 3759//3759
f 3646//3646 3759//3759 3758//3758
f 3647//3647 3648//3648 3760//3760
f 3647//3647 3760//3760 3759//3759
f 3648//3648 3649//3649 3761//3761
f 3648//3648 3761//3761 3760//3760
f 3649//3649 3650//3650 3762//3762
f 3649//3649 3762//3762 3761//3761
f 3650//3650 3651//3651 3763//3763
f 3650//3650 3763//3763 3762//3762
f 3651//3651 3652//3652 3764//3764
f 3651//3651 3764//3764 3763//3763
f 3652//3652 3653//3653 3765//3765
f 3652//3652 3765//3765 3764//3764
f 3653//3653 3654//3654 3766//3766
f 3653//3653 3766//3766 3765//3765
f 3654//3654 3655//3655 3767//3767
f 3654//3654 3767//3767 3766//3766
f 3655//3655 3656//3656 3768//3768
f 3655//3655 3768//3768 3767//3767
f 3656//3656 3657//3657 3769//3769
f 3656//3656 3769//3769 3768//3768
f 3657//3657 3658//3658 3770//3770
f 3657//3657 3770//3770 3769//3769
f 3658//3658 3659//3659 3771//3771
f 3658//3658 3771//3771 3770//3770
f 3659//3659 3660//3660 3772//3772
f 3659//3659 3772//3772 3771//3771
f 3660//3660 3661//3661 3773//3773
f 3660//3660 3773//3773 3772//3772
f 3661//3661 3662//3662 3774//3774
f 3661//3661 3774//3774 3773//3773
f 3662//3662 3663//3663 3775//3775
f 3662//3662 3775//3775 3774//3774
f 3663//3663 3664//3664 3776//3776
f 3663//3663 3776//3776 3775//3775
f 3664//3664 3665//3665 3777//3777
f 3664//3664 3777//3777 3776//3776
f 3665//3665 3666//3666 3778//3778
f 3665//3665 3778//3778 3777//3777
f 3666//3666 3667//3667 3779//3779
f 3666//3666 3779//3779 3778//3778
f 3667//3667 3668//3668 3780//3780
f 3667//3667 3780//3780 3779//3779
f 3668//3668 3669//3669 3781//3781
f 3668//3668 3781//3781 3780//3780
f 3669//3669 3670//3670 3782//3782
f 3669//3669 3782//3782 3781//3781
f 3670//3670 3671//3671 3783//3783
f 3670//3670 3783//3783 3782//3782
f 3671//3671 3672//3672 3784//3784
f 3671//3671 3784//3784 3783//3783
f 3672//3672 3673//3673 3785//3785
f 3672//3672 3785//3785 3784//3784
f 3673//3673 3674//3674 3786//3786
f 3673//3673 3786//3786 3785//3785
f 3674//3674 3675//3675 3787//3787
f 3674//3674 3787//3787 3786//3786
f 3675//3675 3676//3676 3788//3788
f 3675//3675 3788//3788 3787//3787
f 3676//3676 3677//3677 3789//3789
f 3676//3676 3789//3789 3788//3788
f 3677//3677 3678//3678 3790//3790
f 3677//3677 3790//3790 3789//3789
f 3678//3678 3679//3679 3791//3791
f 3678//3678 3791//3791 3790//3790
f 3679//3679 3680//3680 3792//3792
f 3679//3679 3792//3792 3791//3791
f 3680//3680 3681//3681 3793//3793
f 3680//3680 3793//3793 3792//3792
f 3681//3681 3682//3682 3794//3794
f 3681//3681 3794//3794 3793//3793
f 3682//3682 3683//3683 3795//3795
f 3682//3682 3795//3795 3794//3794
f 3683//3683 3684//3684 3796//3796
f 3683//3683 3796//3796 3795//3795
f 3684//3684 3685//3685 3797//3797
f 3684//3684 3797//3797 3796//3796
f 3685//3685 3686//3686 3798//3798
f 3685//3685 3798//3798 3797//3797
f 3686//3686 3687//3687 3799//3799
f 3686//3686 3799//3799 3798//3798
f 3687//3687 3688//3688 3800//3800
f 3687//3687 3800//3800 3799//3799
f 3688//3688 3689//3689 3801//3801
f 3688//3688 3801//3801 3800//3800
f 3689//3689 3690//3690 3802//3802
f 3689//3689 3802//3802 3801//3801
f 3690//3690 3691//3691 3803//3803
f 3690//3690 3803//3803 3802//3802
f 3691//3691 3692//3692 3804//3804
f 3691//3691 3804//3804 3803//3803
f 3692//3692 3693//3693 3805//3805
f 3692//3692 3805//3805 3804//3804
f 3693//3693 3694//3694 3806//3806
f 3693//3693 3806//3806 3805//3805
f 3694//3694 3695//3695 3807//3807
f 3694//3694 3807//3807 3806//3806
f 3695//3695 3696//3696 3808//3808
f 3695//3695 3808//3808 3807//3807
f 3696//3696 3697//3697 3809//3809
f 3696//3696 3809//3809 3808//3808
f 3697//3697 3587//3587 3699//3699
f 3697//3697 3699//3699 3809//3809
f 3699//3699 3698//3698 3810//3810
f 3699//3699 3810//3810 3811//3811
f 3698//3698 3700//3700 3812//3812
f 3698//3698 3812//3812 3810//3810
f 3700//3700 3701//3701 3813//3813
f 3700//3700 3813//3813 3812//3812
f 3701//3701 3702//3702 3814//3814
f 3701//3701 3814//3814 3813//3813
f 3702//3702 3703//3703 3815//3815
f 3702//3702 3815//3815 3814//3814
f 3703//3703 3704//3704 3816//3816
f 3703//3703 3816//3816 3815//3815
f 3704//3704 3705//3705 3817//3817
f 3704//3704 3817//3817 3816//3816
f 3705//3705 3706//3706 3818//3818
f 3705//3705 3818//3818 3817//3817
f 3706//3706 3707//3707 3819//3819
f 3706//3706 3819//3819 3818//3818
f 3707//3707 3708//3708 3820//3820
f 3707//3707 3820//3820 3819//3819
f 3708//3708 3709//3709 3821//3821
f 3708//3708 3821//3821 3820//3820
f 3709//3709 3710//3710 3822//3822
f 3709//3709 3822//3822 3821//3821
f 3710//3710 3711//3711 3823//3823
f 3710//3710 3823//3823 3822//3822
f 3711//3711 3712//3712 3824//3824
f 3711//3711 3824//3824 3823//3823
f 3712//3712 3713//3713 3825//3825
f 3712//3712 3825//3825 3824//3824
f 3713//3713 3714//3714 3826//3826
f 3713//3713 3826//3826 3825//3825
f 3714//3714 3715//3715 3827//3827
f 3714//3714 3827//3827 3826//3826
f 3715//3715 3716//3716 3828//3828
f 3715//3715 3828//3828 3827//3827
f 3716//3716 3717//3717 3829//3829
f 3716//3716 3829//3829 3828//3828
f 3717//3717 3718//3718 3830//3830
f 3717//3717 3830//3830 3829//3829
f 3718//3718 3719//3719 3831//3831
f 3718//3718 3831//3831 3830//3830
f 3719//3719 3720//3720 3832//3832
f 3719//3719 3832//3832 3831//3831
f 3720//3720 3721//3721 3833//3833
f 3720//3720 3833//3833 3832//3832
f 3721//3721 3722//3722 3834//3834
f 3721//3721 3834//3834 3833//3833
f 3722//3722 3723//3723 3835//3835
f 3722//3722 3835//3835 3834//3834
f 3723//3723 3724//3724 3836//3836
f 3723//3723 3836//3836 3835//3835
f 3724//3724 3725//3725 3837//3837
f 3724//3724 3837//3837 3836//3836
f 3725//3725 3726//3726 3838//3838
f 3725//3725 3838//3838 3837//3837
f 3726//3726 3727//3727 3839//3839
f 3726//3726 3839//3839 3838//3838
f 3727//3727 3728//3728 3840//3840
f 3727//3727 3840//3840 3839//3839
f 3728//3728 3729//3729 3841//3841
f 3728//3728 3841//3841 3840//3840
f 3729//3729 3730//3730 3842//3842
f 3729//3729 3842//3842 3841//3841
f 3730//3730 3731//3731 3843//3843
f 3730//3730 3843//3843 3842//3842
f 3731//3731 3732//3732 3844//3844
f 3731//3731 3844//3844 3843//3843
f 3732//3732 3733//3733 3845//3845
f 3732//3732 3845//3845 3844//3844
f 3733//3733 3734//3734 3846//3846
f 3733//3733 3846//3846 3845//3845
f 3734//3734 3735//3735 3847//3847
f 3734//3734 3847//3847 3846//3846
f 3735//3735 3736//3736 3848//3848
f 3735//3735 3848//3848 3847//3847
f 3736//3736 3737//3737 3849//3849
f 3736//3736 3849//3849 3848//3848
f 3737//3737 3738//3738 3850//3850
f 3737//3737 3850//3850 3849//3849
f 3738//3738 3739//3739 3851//3851
f 3738//3738 3851//3851 3850//3850
f 3739//3739 3740//3740 3852//3852
f 3739//3739 3852//3852 3851//3851
f 3740//3740 3741//3741 3853//3853
f 3740//3740 3853//3853 3852//3852
f 3741//3741 3742//3742 3854//3854
f 3741//3741 3854//3854 3853//3853
f 3742//3742 3743//3743 3855//3855
f 3742//3742 3855//3855 3854//3854
f 3743//3743 3744//3744 3856//3856
f 3743//3743 3856//3856 3855//3855
f 3744//3744 3745//3745 3857//3857
f 3744//3744 3857//3857 3856//3856
f 3745//3745 3746//3746 3858//3858
f 3745//3745 3858//3858 3857//3857
f 3746//3746 3747//3747 3859//3859
f 3746//3746 3859//3859 3858//3858
f 3747//3747 3748//3748 3860//3860
f 3747//3747 3860//3860 3859//3859
f 3748//3748 3749//3749 3861//3861
f 3748//3748 3861//3861 3860//3860
f 3749//3749 3750//3750 3862//3862
f 3749//3749 3862//3862 3861//3861
f 3750//3750 3751//3751 3863//3863
f 3750//3750 3863//3863 3862//3862
f 3751//3751 3752//3752 3864//3864
f 3751//3751 3864//3864 3863//3863
f 3752//3752 3753//3753 3865//3865
f 3752//3752 3865//3865 3864//3864
f 3753//3753 3754//3754 3866//3866
f 3753//3753 3866//3866 3865//3865
f 3754//3754 3755//3755 3867//3867
f 3754//3754 3867//3867 3866//3866
f 3755//3755 3756//3756 3868//3868
f 3755//3755 3868//3868 3867//3867
f 3756//3756 3757//3757 3869//3869
f 3756//3756 3869//3869 3868//3868
f 3757//3757 3758//3758 3870//3870
f 3757//3757 3870//3870 3869//3869
f 3758//3758 3759//3759 3871//3871
f 3758//3758 3871//3871 3870//3870
f 3759//3759 3760//3760 3872//3872
f 3759//3759 3872//3872 3871//3871
f 3760//3760 3761//3761 3873//3873
f 3760//3760 3873//3873 3872//3872
f 3761//3761 3762//3762 3874//3874
f 3761//3761 3874//3874 3873//3873
f 3762//3762 3763//3763 3875//3875
f 3762//3762 3875//3875 3874//3874
f 3763//3763 3764//3764 3876//3876
f 3763//3763 3876//3876 3875//3875
f 3764//3764 3765//3765 3877//3877
f 3764//3764 3877//3877 3876//3876
f 3765//3765 3766//3766 3878//3878
f 3765//3765 3878//3878 3877//3877
f 3766//3766 3767//3767 3879//3879
f 3766//3766 3879//3879 3878//3878
f 3767//3767 3768//3768 3880//3880
f 3767//3767 3880//3880 3879//3879
f 3768//3768 3769//3769 3881//3881
f 3768//3768 3881//3881 3880//3880
f 3769//3769 3770//3770 3882//3882
f 3769//3769 3882//3882 3881//3881
f 3770//3770 3771//3771 3883//3883
f 3770//3770 3883//3883 3882//3882
f 3771//3771 3772//3772 3884//3884
f 3771//3771 3884//3884 3883//3883
f 3772//3772 3773//3773 3885//3885
f 3772//3772 3885//3885 3884//3884
f 3773//3773 3774//3774 3886//3886
f 3773//3773 3886//3886 3885//3885
f 3774//3774 3775//3775 3887//3887
f 3774//3774 3887//3887 3886//3886
f 3775//3775 3776//3776 3888//3888
f 3775//3775 3888//3888 3887//3887
f 3776//3776 3777//3777 3889//3889
f 3776//3776 3889//3889 3888//3888
f 3777//3777 3778//3778 3890//3890
f 3777//3777 3890//3890 3889//3889
f 3778//3778 3779//3779 3891//3891
f 3778//3778 3891//3891 3890//3890
f 3779//3779 3780//3780 3892//3892
f 3779//3779 3892//3892 3891//3891
f 3780//3780 3781//3781 3893//3893
f 3780//3780 3893//3893 3892//3892
f 3781//3781 3782//3782 3894//3894
f 3781//3781 3894//3894 3893//3893
f 3782//3782 3783//3783 3895//3895
f 3782//3782 3895//3895 3894//3894
f 3783//3783 3784//3784 3896//3896
f 3783//3783 3896//3896 3895//3895
f 3784//3784 3785//3785 3897//3897
f 3784//3784 3897//3897 3896//3896
f 3785//3785 3786//3786 3898//3898
f 3785//3785 3898//3898 3897//3897
f 3786//3786 3787//3787 3899//3899
f 3786//3786 3899//3899 3898//3898
f 3787//3787 3788//3788 3900//3900
f 3787//3787 3900//3900 3899//3899
f 3788//3788 3789//3789 3901//3901
f 3788//3788 3901//3901 3900//3900
f 3789//3789 3790//3790 3902//3902
f 3789//3789 3902//3902 3901//3901
f 3790//3790 3791//3791 3903//3903
f 3790//3790 3903//3903 3902//3902
f 3791//3791 3792//3792 3904//3904
f 3791//3791 3904//3904 3903//3903
f 3792//3792 3793//3793 3905//3905
f 3792//3792 3905//3905 3904//3904
f 3793//3793 3794//3794 3906//3906
f 3793//3793 3906//3906 3905//3905
f 3794//3794 3795//3795 3907//3907
f 3794//3794 3907//3907 3906//3906
f 3795//3795 3796//3796 3908//3908
f 3795//3795 3908//3908 3907//3907
f 3796//3796 3797//3797 3909//3909
f 3796//3796 3909//3909 3908//3908
f 3797//3797 3798//3798 3910//3910
f 3797//3797 3910//3910 3909//3909
f 3798//3798 3799//3799 3911//3911
f 3798//3798 3911//3911 3910//3910
f 3799//3799 3800//3800 3912//3912
f 3799//3799 3912//3912 3911//3911
f 3800//3800 3801//3801 3913//3913
f 3800//3800 3913//3913 3912//3912
f 3801//3801 3802//3802 3914//3914
f 3801//3801 3914//3914 3913//3913
f 3802//3802 3803//3803 3915//3915
f 3802//3802 3915//3915 3914//3914
f 3803//3803 3804//3804 3916//3916
f 3803//3803 3916//3916 3915//3915
f 3804//3804 3805//3805 3917//3917
f 3804//3804 3917//3917 3916//3916
f 3805//3805 3806//3806 3918//3918
f 3805//3805 3918//3918 3917//3917
f 3806//3806 3807//3807 3919//3919
f 3806//3806 3919//3919 3918//3918
f 3807//3807 3808//3808 3920//3920
f 3807//3807 3920//3920 3919//3919
f 3808//3808 3809//3809 3921//3921
f 3808//3808 3921//3921 3920//3920
f 3809//3809 3699//3699 3811//3811
f 3809//3809 3811//3811 3921//3921
f 3922//3922 3923//3923 3924//3924
f 3922//3922 3924//3924 3925//3925
f 3922//3922 3925//3925 3926//3926
f 3922//3922 3926//3926 3927//3927
f 3922//3922 3927//3927 3928//3928
f 3922//3922 3928//3928 3929//3929
f 3922//3922 3929//3929 3930//3930
f 3922//3922 3930//3930 3931//3931
f 3931//3931 3930//3930 3932//3932
f 3931//3931 3932//3932 3933//3933
f 3930//3930 3929//3929 3934//3934
f 3930//3930 3934//3934 3932//3932
f 3929//3929 3928//3928 3935//3935
f 3929//3929 3935//3935 3934//3934
f 3928//3928 3927//3927 3936//3936
f 3928//3928 3936//3936 3935//3935
f 3927//3927 3926//3926 3937//3937
f 3927//3927 3937//3937 3936//3936
f 3926//3926 3925//3925 3938//3938
f 3926//3926 3938//3938 3937//3937
f 3925//3925 3924//3924 3939//3939
f 3925//3925 3939//3939 3938//3938
f 3924//3924 3923//3923 3940//3940
f 3924//3924 3940//3940 3939//3939
f 3923//3923 3922//3922 3941//3941
f 3923//3923 3941//3941 3940//3940
f 3922//3922 3931//3931 3933//3933
f 3922//3922 3933//3933 3941//3941
f 3933//3933 3932//3932 3942//3942
f 3933//3933 3942//3942 3943//3943
f 3932//3932 3934//3934 3944//3944
f 3932//3932 3944//3944 3942//3942
f 3934//3934 3935//3935 3945//3945
f 3934//3934 3945//3945 3944//3944
f 3935//3935 3936//3936 3946//3946
f 3935//3935 3946//3946 3945//3945
f 3936//3936 3937//3937 3947//3947
f 3936//3936 3947//3947 3946//3946
f 3937//3937 3938//3938 3948//3948
f 3937//3937 3948//3948 3947//3947
f 3938//3938 3939//3939 3949//3949
f 3938//3938 3949//3949 3948//3948
f 3939//3939 3940//3940 3950//3950
f 3939//3939 3950//3950 3949//3949
f 3940//3940 3941//3941 3951//3951
f 3940//3940 3951//3951 3950//3950
f 3941//3941 3933//3933 3943//3943
f 3941//3941 3943//3943 3951//3951
f 3943//3943 3942//3942 3952//3952
f 3943//3943 3952//3952 3953//3953
f 3942//3942 3944//3944 3954//3954
f 3942//3942 3954//3954 3952//3952
f 3944//3944 3945//3945 3955//3955
f 3944//3944 3955//3955 3954//3954
f 3945//3945 3946//3946 3956//3956
f 3945//3945 3956//3956 3955//3955
f 3946//3946 3947//3947 3957//3957
f 3946//3946 3957//3957 3956//3956
f 3947//3947 3948//3948 3958//3958
f 3947//3947 3958//3958 3957//3957
f 3948//3948 3949//3949 3959//3959
f 3948//3948 3959//3959 3958//3958
f 3949//3949 3950//3950 3960//3960
f 3949//3949 3960//3960 3959//3959
f 3950//3950 3951//3951 3961//3961
f 3950//3950 3961//3961 3960//3960
f 3951//3951 3943//3943 3953//3953
f 3951//3951 3953//3953 3961//3961
f 3953//3953 3952//3952 3962//3962
f 3953//3953 3962//3962 3963//3963
f 3952//3952 3954//3954 3964//3964
f 3952//3952 3964//3964 3962//3962
f 3954//3954 3955//3955 3965//3965
f 3954//3954 3965//3965 3964//3964
f 3955//3955 3956//3956 3966//3966
f 3955//3955 3966//3966 3965//3965
f 3956//3956 3957//3957 3967//3967
f 3956//3956 3967//3967 3966//3966
f 3957//3957 3958//3958 3968//3968
f 3957//3957 3968//3968 3967//3967
f 3958//3958 3959//3959 3969//3969
f 3958//3958 3969//3969 3968//3968
f 3959//3959 3960//3960 3970//3970
f 3959//3959 3970//3970 3969//3969
f 3960//3960 3961//3961 3971//3971
f 3960//3960 3971//3971 3970//3970
f 3961//3961 3953//3953 3963//3963
f 3961//3961 3963//3963 3971//3971
f 3963//3963 3962//3962 3972//3972
f 3963//3963 3972//3972 3973//3973
f 3962//3962 3964//3964 3974//3974
f 3962//3962 3974//3974 3972//3972
f 3964//3964 3965//3965 3975//3975
f 3964//3964 3975//3975 3974//3974
f 3965//3965 3966//3966 3976//3976
f 3965//3965 3976//3976 3975//3975
f 3966//3966 3967//3967 3977//3977
f 3966//3966 3977//3977 3976//3976
f 3967//3967 3968//3968 3978//3978
f 3967//3967 3978//3978 3977//3977
f 3968//3968 3969//3969 3979//3979
f 3968//3968 3979//3979 3978//3978
f 3969//3969 3970//3970 3980//3980
f 3969//3969 3980//3980 3979//3979
f 3970//3970 3971//3971 3981//3981
f 3970//3970 3981//3981 3980//3980
f 3971//3971 3963//3963 3973//3973
f 3971//3971 3973//3973 3981//3981
f 3973//3973 3972//3972 3982//3982
f 3973//3973 3982//3982 3983//3983
f 3972//3972 3974//3974 3984//3984
f 3972//3972 3984//3984 3982//3982
f 3974//3974 3975//3975 3985//3985
f 3974//3974 3985//3985 3984//3984
f 3975//3975 3976//3976 3986//3986
f 3975//3975 3986//3986 3985//3985
f 3976//3976 3977//3977 3987//3987
f 3976//3976 3987//3987 3986//3986
f 3977//3977 3978//3978 3988//3988
f 3977//3977 3988//3988 3987//3987
f 3978//3978 3979//3979 3989//3989
f 3978//3978 3989//3989 3988//3988
f 3979//3979 3980//3980 3990//3990
f 3979//3979 3990//3990 3989//3989
f 3980//3980 3981//3981 3991//3991
f 3980//3980 3991//3991 3990//3990
f 3981//3981 3973//3973 3983//3983
f 3981//3981 3983//3983 3991//3991
f 3983//3983 3982//3982 3992//3992
f 3983//3983 3992//3992 3993//3993
f 3982//3982 3984//3984 3994//3994
f 3982//3982 3994//3994 3992//3992
f 3984//3984 3985//3985 3995//3995
f 3984//3984 3995//3995 3994//3994
f 3985//3985 3986//3986 3996//3996
f 3985//3985 3996//3996 3995//3995
f 3986//3986 3987//3987 3997//3997
f 3986//3986 3997//3997 3996//3996
f 3987//3987 3988//3988 3998//3998
f 3987//3987 3998//3998 3997//3997
f 3988//3988 3989//3989 3999//3999
f 3988//3988 3999//3999 3998//3998
f 3989//3989 3990//3990 4000//4000
f 3989//3989 4000//4000 3999//3999
f 3990//3990 3991//3991 4001//4001
f 3990//3990 4001//4001 4000//4000
f 3991//3991 3983//3983 3993//3993
f 3991//3991 3993//3993 4001//4001
f 3993//3993 3992//3992 4002//4002
f 3993//3993 4002//4002 4003//4003
f 3992//3992 3994//3994 4004//4004
f 3992//3992 4004//4004 4002//4002
f 3994//3994 3995//3995 4005//4005
f 3994//3994 4005//4005 4004//4004
f 3995//3995 3996//3996 4006//4006
f 3995//3995 4006//4006 4005//4005
f 3996//3996 3997//3997 4007//4007
f 3996//3996 4007//4007 4006//4006
f 3997//3997 3998//3998 4008//4008
f 3997//3997 4008//4008 4007//4007
f 3998//3998 3999//3999 4009//4009
f 3998//3998 4009//4009 4008//4008
f 3999//3999 4000//4000 4010//4010
f 3999//3999 4010//4010 4009//4009
f 4000//4000 4001//4001 4011//4011
f 4000//4000 4011//4011 4010//4010
f 4001//4001 3993//3993 4003//4003
f 4001//4001 4003//4003 4011//4011
f 4003//4003 4002//4002 4012//4012
f 4003//4003 4012//4012 4013//4013
f 4002//4002 4004//4004 4014//4014
f 4002//4002 4014//4014 4012//4012
f 4004//4004 4005//4005 4015//4015
f 4004//4004 4015//4015 4014//4014
f 4005//4005 4006//4006 4016//4016
f 4005//4005 4016//4016 4015//4015
f 4006//4006 4007//4007 4017//4017
f 4006//4006 4017//4017 4016//4016
f 4007//4007 4008//4008 4018//4018
f 4007//4007 4018//4018 4017//4017
f 4008//4008 4009//4009 4019//4019
f 4008//4008 4019//4019 4018//4018
f 4009//4009 4010//4010 4020//4020
f 4009//4009 4020//4020 4019//4019
f 4010//4010 4011//4011 4021//4021
f 4010//4010 4021//4021 4020//4020
f 4011//4011 4003//4003 4013//4013
f 4011//4011 4013//4013 4021//4021
f 4013//4013 4012//4012 4022//4022
f 4013//4013 4022//4022 4023//4023
f 4012//4012 4014//4014 4024//4024
f 4012//4012 4024//4024 4022//4022
f 4014//4014 4015//4015 4025//4025
f 4014//4014 4025//4025 4024//4024
f 4015//4015 4016//4016 4026//4026
f 4015//4015 4026//4026 4025//4025
f 4016//4016 4017//4017 4027//4027
f 4016//4016 4027//4027 4026//4026
f 4017//4017 4018//4018 4028//4028
f 4017//4017 4028//4028 4027//4027
f 4018//4018 4019//4019 4029//4029
f 4018//4018 4029//4029 4028//4028
f 4019//4019 4020//4020 4030//4030
f 4019//4019 4030//4030 4029//4029
f 4020//4020 4021//4021 4031//4031
f 4020//4020 4031//4031 4030//4030
f 4021//4021 4013//4013 4023//4023
f 4021//4021 4023//4023 4031//4031
f 4023//4023 4022//4022 4032//4032
f 4023//4023 4032//4032 4033//4033
f 4022//4022 4024//4024 4034//4034
f 4022//4022 4034//4034 4032//4032
f 4024//4024 4025//4025 4035//4035
f 4024//4024 4035//4035 4034//4034
f 4025//4025 4026//4026 4036//4036
f 4025//4025 4036//4036 4035//4035
f 4026//4026 4027//4027 4037//4037
f 4026//4026 4037//4037 4036//4036
f 4027//4027 4028//4028 4038//4038
f 4027//4027 4038//4038 4037//4037
f 4028//4028 4029//4029 4039//4039
f 4028//4028 4039//4039 4038//4038
f 4029//4029 4030//4030 4040//4040
f 4029//4029 4040//4040 4039//4039
f 4030//4030 4031//4031 4041//4041
f 4030//4030 4041//4041 4040//4040
f 4031//4031 4023//4023 4033//4033
f 4031//4031 4033//4033 4041//4041
f 4033//4033 4032//4032 4042//4042
f 4033//4033 4042//4042 4043//4043
f 4032//4032 4034//4034 4044//4044
f 4032//4032 4044//4044 4042//4042
f 4034//4034 4035//4035 4045//4045
f 4034//4034 4045//4045 4044//4044
f 4035//4035 4036//4036 4046//4046
f 4035//4035 4046//4046 4045//4045
f 4036//4036 4037//4037 4047//4047
f 4036//4036 4047//4047 4046//4046
f 4037//4037 4038//4038 4048//4048
f 4037//4037 4048//4048 4047//4047
f 4038//4038 4039//4039 4049//4049
f 4038//4038 4049//4049 4048//4048
f 4039//4039 4040//4040 4050//4050
f 4039//4039 4050//4050 4049//4049
f 4040//4040 4041//4041 4051//4051
f 4040//4040 4051//4051 4050//4050
f 4041//4041 4033//4033 4043//4043
f 4041//4041 4043//4043 4051//4051
f 4043//4043 4042//4042 4052//4052
f 4043//4043 4052//4052 4053//4053
f 4042//4042 4044//4044 4054//4054
f 4042//4042 4054//4054 4052//4052
f 4044//4044 4045//4045 4055//4055
f 4044//4044 4055//4055 4054//4054
f 4045//4045 4046//4046 4056//4056
f 4045//4045 4056//4056 4055//4055
f 4046//4046 4047//4047 4057//4057
f 4046//4046 4057//4057 4056//4056
f 4047//4047 4048//4048 4058//4058
f 4047//4047 4058//4058 4057//4057
f 4048//4048 4049//4049 4059//4059
f 4048//4048 4059//4059 4058//4058
f 4049//4049 4050//4050 4060//4060
f 4049//4049 4060//4060 4059//4059
f 4050//4050 4051//4051 4061//4061
f 4050//4050 4061//4061 4060//4060
f 4051//4051 4043//4043 4053//4053
f 4051//4051 4053//4053 4061//4061
f 4053//4053 4052//4052 4062//4062
f 4053//4053 4062//4062 4063//4063
f 4052//4052 4054//4054 4064//4064
f 4052//4052 4064//4064 4062//4062
f 4054//4054 4055//4055 4065//4065
f 4054//4054 4065//4065 4064//4064
f 4055//4055 4056//4056 4066//4066
f 4055//4055 4066//4066 4065//4065
f 4056//4056 4057//4057 4067//4067
f 4056//4056 4067//4067 4066//4066
f 4057//4057 4058//4058 4068//4068
f 4057//4057 4068//4068 4067//4067
f 4058//4058 4059//4059 4069//4069
f 4058//4058 4069//4069 4068//4068
f 4059//4059 4060//4060 4070//4070
f 4059//4059 4070//4070 4069//4069
f 4060//4060 4061//4061 4071//4071
f 4060//4060 4071//4071 4070//4070
f 4061//4061 4053//4053 4063//4063
f 4061//4061 4063//4063 4071//4071
f 4063//4063 4062//4062 4072//4072
f 4063//4063 4072//4072 4073//4073
f 4062//4062 4064//4064 4074//4074
f 4062//4062 4074//4074 4072//4072
f 4064//4064 4065//4065 4075//4075
f 4064//4064 4075//4075 4074//4074
f 4065//4065 4066//4066 4076//4076
f 4065//4065 4076//4076 4075//4075
f 4066//4066 4067//4067 4077//4077
f 4066//4066 4077//4077 4076//4076
f 4067//4067 4068//4068 4078//4078
f 4067//4067 4078//4078 4077//4077
f 4068//4068 4069//4069 4079//4079
f 4068//4068 4079//4079 4078//4078
f 4069//4069 4070//4070 4080//4080
f 4069//4069 4080//4080 4079//4079
f 4070//4070 4071//4071 4081//4081
f 4070//4070 4081//4081 4080//4080
f 4071//4071 4063//4063 4073//4073
f 4071//4071 4073//4073 4081//4081
f 4073//4073 4072//4072 4074//4074
f 4073//4073 4074//4074 4075//4075
f 4073//4073 4075//4075 4076//4076
f 4073//4073 4076//4076 4077//4077
f 4073//4073 4077//4077 4078//4078
f 4073//4073 4078//4078 4079//4079
f 4073//4073 4079//4079 4080//4080
f 4073//4073 4080//4080 4081//4081
f 4082//4082 4083//4083 4084//4084
f 4082//4082 4084//4084 4085//4085
f 4082//4082 4085//4085 4086//4086
f 4082//4082 4086//4086 4087//4087
f 4082//4082 4087//4087 4088//4088
f 4082//4082 4088//4088 4089//4089
f 4082//4082 4089//4089 4090//4090
f 4082//4082 4090//4090 4091//4091
f 4091//4091 4090//4090 4092//4092
f 4091//4091 4092//4092 4093//4093
f 4090//4090 4089//4089 4094//4094
f 4090//4090 4094//4094 4092//4092
f 4089//4089 4088//4088 4095//4095
f 4089//4089 4095//4095 4094//4094
f 4088//4088 4087//4087 4096//4096
f 4088//4088 4096//4096 4095//4095
f 4087//4087 4086//4086 4097//4097
f 4087//4087 4097//4097 4096//4096
f 4086//4086 4085//4085 4098//4098
f 4086//4086 4098//4098 4097//4097
f 4085//4085 4084//4084 4099//4099
f 4085//4085 4099//4099 4098//4098
f 4084//4084 4083//4083 4100//4100
f 4084//4084 4100//4100 4099//4099
f 4083//4083 4082//4082 4101//4101
f 4083//4083 4101//4101 4100//4100
f 4082//4082 4091//4091 4093//4093
f 4082//4082 4093//4093 4101//4101
f 4093//4093 4092//4092 4102//4102
f 4093//4093 4102//4102 4103//4103
f 4092//4092 4094//4094 4104//4104
f 4092//4092 4104//4104 4102//4102
f 4094//4094 4095//4095 4105//4105
f 4094//4094 4105//4105 4104//4104
f 4095//4095 4096//4096 4106//4106
f 4095//4095 4106//4106 4105//4105
f 4096//4096 4097//4097 4107//4107
f 4096//4096 4107//4107 4106//4106
f 4097//4097 4098//4098 4108//4108
f 4097//4097 4108//4108 4107//4107
f 4098//4098 4099//4099 4109//4109
f 4098//4098 4109//4109 4108//4108
f 4099//4099 4100//4100 4110//4110
f 4099//4099 4110//4110 4109//4109
f 4100//4100 4101//4101 4111//4111
f 4100//4100 4111//4111 4110//4110
f 4101//4101 4093//4093 4103//4103
f 4101//4101 4103//4103 4111//4111
f 4103//4103 4102//4102 4112//4112
f 4103//4103 4112//4112 4113//4113
f 4102//4102 4104//4104 4114//4114
f 4102//4102 4114//4114 4112//4112
f 4104//4104 4105//4105 4115//4115
f 4104//4104 4115//4115 4114//4114
f 4105//4105 4106//4106 4116//4116
f 4105//4105 4116//4116 4115//4115
f 4106//4106 4107//4107 4117//4117
f 4106//4106 4117//4117 4116//4116
f 4107//4107 4108//4108 4118//4118
f 4107//4107 4118//4118 4117//4117
f 4108//4108 4109//4109 4119//4119
f 4108//4108 4119//4119 4118//4118
f 4109//4109 4110//4110 4120//4120
f 4109//4109 4120//4120 4119//4119
f 4110//4110 4111//4111 4121//4121
f 4110//4110 4121//4121 4120//4120
f 4111//4111 4103//4103 4113//4113
f 4111//4111 4113//4113 4121//4121
f 4113//4113 4112//4112 4122//4122
f 4113//4113 4122//4122 4123//4123
f 4112//4112 4114//4114 4124//4124
f 4112//4112 4124//4124 4122//4122
f 4114//4114 4115//4115 4125//4125
f 4114//4114 4125//4125 4124//4124
f 4115//4115 4116//4116 4126//4126
f 4115//4115 4126//4126 4125//4125
f 4116//4116 4117//4117 4127//4127
f 4116//4116 4127//4127 4126//4126
f 4117//4117 4118//4118 4128//4128
f 4117//4117 4128//4128 4127//4127
f 4118//4118 4119//4119 4129//4129
f 4118//4118 4129//4129 4128//4128
f 4119//4119 4120//4120 4130//4130
f 4119//4119 4130//4130 4129//4129
f 4120//4120 4121//4121 4131//4131
f 4120//4120 4131//4131 4130//4130
f 4121//4121 4113//4113 4123//4123
f 4121//4121 4123//4123 4131//4131
f 4123//4123 4122//4122 4132//4132
f 4123//4123 4132//4132 4133//4133
f 4122//4122 4124//4124 4134//4134
f 4122//4122 4134//4134 4132//4132
f 4124//4124 4125//4125 4135//4135
f 4124//4124 4135//4135 4134//4134
f 4125//4125 4126//4126 4136//4136
f 4125//4125 4136//4136 4135//4135
f 4126//4126 4127//4127 4137//4137
f 4126//4126 4137//4137 4136//4136
f 4127//4127 4128//4128 4138//4138
f 4127//4127 4138//4138 4137//4137
f 4128//4128 4129//4129 4139//4139
f 4128//4128 4139//4139 4138//4138
f 4129//4129 4130//4130 4140//4140
f 4129//4129 4140//4140 4139//4139
f 4130//4130 4131//4131 4141//4141
f 4130//4130 4141//4141 4140//4140
f 4131//4131 4123//4123 4133//4133
f 4131//4131 4133//4133 4141//4141
f 4133//4133 4132//4132 4142//4142
f 4133//4133 4142//4142 4143//4143
f 4132//4132 4134//4134 4144//4144
f 4132//4132 4144//4144 4142//4142
f 4134//4134 4135//4135 4145//4145
f 4134//4134 4145//4145 4144//4144
f 4135//4135 4136//4136 4146//4146
f 4135//4135 4146//4146 4145//4145
f 4136//4136 4137//4137 4147//4147
f 4136//4136 4147//4147 4146//4146
f 4137//4137 4138//4138 4148//4148
f 4137//4137 4148//4148 4147//4147
f 4138//4138 4139//4139 4149//4149
f 4138//4138 4149//4149 4148//4148
f 4139//4139 4140//4140 4150//4150
f 4139//4139 4150//4150 4149//4149
f 4140//4140 4141//4141 4151//4151
f 4140//4140 4151//4151 4150//4150
f 4141//4141 4133//4133 4143//4143
f 4141//4141 4143//4143 4151//4151
f 4143//4143 4142//4142 4152//4152
f 4143//4143 4152//4152 4153//4153
f 4142//4142 4144//4144 4154//4154
f 4142//4142 4154//4154 4152//4152
f 4144//4144 4145//4145 4155//4155
f 4144//4144 4155//4155 4154//4154
f 4145//4145 4146//4146 4156//4156
f 4145//4145 4156//4156 4155//4155
f 4146//4146 4147//4147 4157//4157
f 4146//4146 4157//4157 4156//4156
f 4147//4147 4148//4148 4158//4158
f 4147//4147 4158//4158 4157//4157
f 4148//4148 4149//4149 4159//4159
f 4148//4148 4159//4159 4158//4158
f 4149//4149 4150//4150 4160//4160
f 4149//4149 4160//4160 4159//4159
f 4150//4150 4151//4151 4161//4161
f 4150//4150 4161//4161 4160//4160
f 4151//4151 4143//4143 4153//4153
f 4151//4151 4153//4153 4161//4161
f 4153//4153 4152//4152 4162//4162
f 4153//4153 4162//4162 4163//4163
f 4152//4152 4154//4154 4164//4164
f 4152//4152 4164//4164 4162//4162
f 4154//4154 4155//4155 4165//4165
f 4154//4154 4165//4165 4164//4164
f 4155//4155 4156//4156 4166//4166
f 4155//4155 4166//4166 4165//4165
f 4156//4156 4157//4157 4167//4167
f 4156//4156 4167//4167 4166//4166
f 4157//4157 4158//4158 4168//4168
f 4157//4157 4168//4168 4167//4167
f 4158//4158 4159//4159 4169//4169
f 4158//4158 4169//4169 4168//4168
f 4159//4159 4160//4160 4170//4170
f 4159//4159 4170//4170 4169//4169
f 4160//4160 4161//4161 4171//4171
f 4160//4160 4171//4171 4170//4170
f 4161//4161 4153//4153 4163//4163
f 4161//4161 4163//4163 4171//4171
f 4163//4163 4162//4162 4172//4172
f 4163//4163 4172//4172 4173//4173
f 4162//4162 4164//4164 4174//4174
f 4162//4162 4174//4174 4172//4172
f 4164//4164 4165//4165 4175//4175
f 4164//4164 4175//4175 4174//4174
f 4165//4165 4166//4166 4176//4176
f 4165//4165 4176//4176 4175//4175
f 4166//4166 4167//4167 4177//4177
f 4166//4166 4177//4177 4176//4176
f 4167//4167 4168//4168 4178//4178
f 4167//4167 4178//4178 4177//4177
f 4168//4168 4169//4169 4179//4179
f 4168//4168 4179//4179 4178//4178
f 4169//4169 4170//4170 4180//4180
f 4169//4169 4180//4180 4179//4179
f 4170//4170 4171//4171 4181//4181
f 4170//4170 4181//4181 4180//4180
f 4171//4171 4163//4163 4173//4173
f 4171//4171 4173//4173 4181//4181
f 4173//4173 4172//4172 4182//4182
f 4173//4173 4182//4182 4183//4183
f 4172//4172 4174//4174 4184//4184
f 4172//4172 4184//4184 4182//4182
f 4174//4174 4175//4175 4185//4185
f 4174//4174 4185//4185 4184//4184
f 4175//4175 4176//4176 4186//4186
f 4175//4175 4186//4186 4185//4185
f 4176//4176 4177//4177 4187//4187
f 4176//4176 4187//4187 4186//4186
f 4177//4177 4178//4178 4188//4188
f 4177//4177 4188//4188 4187//4187
f 4178//4178 4179//4179 4189//4189
f 4178//4178 4189//4189 4188//4188
f 4179//4179 4180//4180 4190//4190
f 4179//4179 4190//4190 4189//4189
f 4180//4180 4181//4181 4191//4191
f 4180//4180 4191//4191 4190//4190
f 4181//4181 4173//4173 4183//4183
f 4181//4181 4183//4183 4191//4191
f 4183//4183 4182//4182 4192//4192
f 4183//4183 4192//4192 4193//4193
f 4182//4182 4184//4184 4194//4194
f 4182//4182 4194//4194 4192//4192
f 4184//4184 4185//4185 4195//4195
f 4184//4184 4195//4195 4194//4194
f 4185//4185 4186//4186 4196//4196
f 4185//4185 4196//4196 4195//4195
f 4186//4186 4187//4187 4197//4197
f 4186//4186 4197//4197 4196//4196
f 4187//4187 4188//4188 4198//4198
f 4187//4187 4198//4198 4197//4197
f 4188//4188 4189//4189 4199//4199
f 4188//4188 4199//4199 4198//4198
f 4189//4189 4190//4190 4200//4200
f 4189//4189 4200//4200 4199//4199
f 4190//4190 4191//4191 4201//4201
f 4190//4190 4201//4201 4200//4200
f 4191//4191 4183//4183 4193//4193
f 4191//4191 4193//4193 4201//4201
f 4193//4193 4192//4192 4202//4202
f 4193//4193 4202//4202 4203//4203
f 4192//4192 4194//4194 4204//4204
f 4192//4192 4204//4204 4202//4202
f 4194//4194 4195//4195 4205//4205
f 4194//4194 4205//4205 4204//4204
f 4195//4195 4196//4196 4206//4206
f 4195//4195 4206//4206 4205//4205
f 4196//4196 4197//4197 4207//4207
f 4196//4196 4207//4207 4206//4206
f 4197//4197 4198//4198 4208//4208
f 4197//4197 4208//4208 4207//4207
f 4198//4198 4199//4199 4209//4209
f 4198//4198 4209//4209 4208//4208
f 4199//4199 4200//4200 4210//4210
f 4199//4199 4210//4210 4209//4209
f 4200//4200 4201//4201 4211//4211
f 4200//4200 4211//4211 4210//4210
f 4201//4201 4193//4193 4203//4203
f 4201//4201 4203//4203 4211//4211
f 4203//4203 4202//4202 4212//4212
f 4203//4203 4212//4212 4213//4213
f 4202//4202 4204//4204 4214//4214
f 4202//4202 4214//4214 4212//4212
f 4204//4204 4205//4205 4215//4215
f 4204//4204 4215//4215 4214//4214
f 4205//4205 4206//4206 4216//4216
f 4205//4205 4216//4216 4215//4215
f 4206//4206 4207//4207 4217//4217
f 4206//4206 4217//4217 4216//4216
f 4207//4207 4208//4208 4218//4218
f 4207//4207 4218//4218 4217//4217
f 4208//4208 4209//4209 4219//4219
f 4208//4208 4219//4219 4218//4218
f 4209//4209 4210//4210 4220//4220
f 4209//4209 4220//4220 4219//4219
f 4210//4210 4211//4211 4221//4221
f 4210//4210 4221//4221 4220//4220
f 4211//4211 4203//4203 4213//4213
f 4211//4211 4213//4213 4221//4221
f 4213//4213 4212//4212 4222//4222
f 4213//4213 4222//4222 4223//4223
f 4212//4212 4214//4214 4224//4224
f 4212//4212 4224//4224 4222//4222
f 4214//4214 4215//4215 4225//4225
f 4214//4214 4225//4225 4224//4224
f 4215//4215 4216//4216 4226//4226
f 4215//4215 4226//4226 4225//4225
f 4216//4216 4217//4217 4227//4227
f 4216//4216 4227//4227 4226//4226
f 4217//4217 4218//4218 4228//4228
f 4217//4217 4228//4228 4227//4227
f 4218//4218 4219//4219 4229//4229
f 4218//4218 4229//4229 4228//4228
f 4219//4219 4220//4220 4230//4230
f 4219//4219 4230//4230 4229//4229
f 4220//4220 4221//4221 4231//4231
f 4220//4220 4231//4231 4230//4230
f 4221//4221 4213//4213 4223//4223
f 4221//4221 4223//4223 4231//4231
f 4223//4223 4222//4222 4232//4232
f 4223//4223 4232//4232 4233//4233
f 4222//4222 4224//4224 4234//4234
f 4222//4222 4234//4234 4232//4232
f 4224//4224 4225//4225 4235//4235
f 4224//4224 4235//4235 4234//4234
f 4225//4225 4226//4226 4236//4236
f 4225//4225 4236//4236 4235//4235
f 4226//4226 4227//4227 4237//4237
f 4226//4226 4237//4237 4236//4236
f 4227//4227 4228//4228 4238//4238
f 4227//4227 4238//4238 4237//4237
f 4228//4228 4229//4229 4239//4239
f 4228//4228 4239//4239 4238//4238
f 4229//4229 4230//4230 4240//4240
f 4229//4229 4240//4240 4239//4239
f 4230//4230 4231//4231 4241//4241
f 4230//4230 4241//4241 4240//4240
f 4231//4231 4223//4223 4233//4233
f 4231//4231 4233//4233 4241//4241
f 4233//4233 4232//4232 4234//4234
f 4233//4233 4234//4234 4235//4235
f 4233//4233 4235//4235 4236//4236
f 4233//4233 4236//4236 4237//4237
f 4233//4233 4237//4237 4238//4238
f 4233//4233 4238//4238 4239//4239
f 4233//4233 4239//4239 4240//4240
f 4233//4233 4240//4240 4241//4241
f 4242//4242 4243//4243 4244//4244
f 4242//4242 4244//4244 4245//4245
f 4242//4242 4245//4245 4246//4246
f 4242//4242 4246//4246 4247//4247
f 4242//4242 4247//4247 4248//4248
f 4242//4242 4248//4248 4249//4249
f 4242//4242 4249//4249 4250//4250
f 4242//4242 4250//4250 4251//4251
f 4251//4251 4250//4250 4252//4252
f 4251//4251 4252//4252 4253//4253
f 4250//4250 4249//4249 4254//4254
f 4250//4250 4254//4254 4252//4252
f 4249//4249 4248//4248 4255//4255
f 4249//4249 4255//4255 4254//4254
f 4248//4248 4247//4247 4256//4256
f 4248//4248 4256//4256 4255//4255
f 4247//4247 4246//4246 4257//4257
f 4247//4247 4257//4257 4256//4256
f 4246//4246 4245//4245 4258//4258
f 4246//4246 4258//4258 4257//4257
f 4245//4245 4244//4244 4259//4259
f 4245//4245 4259//4259 4258//4258
f 4244//4244 4243//4243 4260//4260
f 4244//4244 4260//4260 4259//4259
f 4243//4243 4242//4242 4261//4261
f 4243//4243 4261//4261 4260//4260
f 4242//4242 4251//4251 4253//4253
f 4242//4242 4253//4253 4261//4261
f 4253//4253 4252//4252 4262//4262
f 4253//4253 4262//4262 4263//4263
f 4252//4252 4254//4254 4264//4264
f 4252//4252 4264//4264 4262//4262
f 4254//4254 4255//4255 4265//4265
f 4254//4254 4265//4265 4264//4264
f 4255//4255 4256//4256 4266//4266
f 4255//4255 4266//4266 4265//4265
f 4256//4256 4257//4257 4267//4267
f 4256//4256 4267//4267 4266//4266
f 4257//4257 4258//4258 4268//4268
f 4257//4257 4268//4268 4267//4267
f 4258//4258 4259//4259 4269//4269
f 4258//4258 4269//4269 4268//4268
f 4259//4259 4260//4260 4270//4270
f 4259//4259 4270//4270 4269//4269
f 4260//4260 4261//4261 4271//4271
f 4260//4260 4271//4271 4270//4270
f 4261//4261 4253//4253 4263//4263
f 4261//4261 4263//4263 4271//4271
f 4263//4263 4262//4262 4272//4272
f 4263//4263 4272//4272 4273//4273
f 4262//4262 4264//4264 4274//4274
f 4262//4262 4274//4274 4272//4272
f 4264//4264 4265//4265 4275//4275
f 4264//4264 4275//4275 4274//4274
f 4265//4265 4266//4266 4276//4276
f 4265//4265 4276//4276 4275//4275
f 4266//4266 4267//4267 4277//4277
f 4266//4266 4277//4277 4276//4276
f 4267//4267 4268//4268 4278//4278
f 4267//4267 4278//4278 4277//4277
f 4268//4268 4269//4269 4279//4279
f 4268//4268 4279//4279 4278//4278
f 4269//4269 4270//4270 4280//4280
f 4269//4269 4280//4280 4279//4279
f 4270//4270 4271//4271 4281//4281
f 4270//4270 4281//4281 4280//4280
f 4271//4271 4263//4263 4273//4273
f 4271//4271 4273//4273 4281//4281
f 4273//4273 4272//4272 4282//4282
f 4273//4273 4282//4282 4283//4283
f 4272//4272 4274//4274 4284//4284
f 4272//4272 4284//4284 4282//4282
f 4274//4274 4275//4275 4285//4285
f 4274//4274 4285//4285 4284//4284
f 4275//4275 4276//4276 4286//4286
f 4275//4275 4286//4286 4285//4285
f 4276//4276 4277//4277 4287//4287
f 4276//4276 4287//4287 4286//4286
f 4277//4277 4278//4278 4288//4288
f 4277//4277 4288//4288 4287//4287
f 4278//4278 4279//4279 4289//4289
f 4278//4278 4289//4289 4288//4288
f 4279//4279 4280//4280 4290//4290
f 4279//4279 4290//4290 4289//4289
f 4280//4280 4281//4281 4291//4291
f 4280//4280 4291//4291 4290//4290
f 4281//4281 4273//4273 4283//4283
f 4281//4281 4283//4283 4291//4291
f 4283//4283 4282//4282 4292//4292
f 4283//4283 4292//4292 4293//4293
f 4282//4282 4284//4284 4294//4294
f 4282//4282 4294//4294 4292//4292
f 4284//4284 4285//4285 4295//4295
f 4284//4284 4295//4295 4294//4294
f 4285//4285 4286//4286 4296//4296
f 4285//4285 4296//4296 4295//4295
f 4286//4286 4287//4287 4297//4297
f 4286//4286 4297//4297 4296//4296
f 4287//4287 4288//4288 4298//4298
f 4287//4287 4298//4298 4297//4297
f 4288//4288 4289//4289 4299//4299
f 4288//4288 4299//4299 4298//4298
f 4289//4289 4290//4290 4300//4300
f 4289//4289 4300//4300 4299//4299
f 4290//4290 4291//4291 4301//4301
f 4290//4290 4301//4301 4300//4300
f 4291//4291 4283//4283 4293//4293
f 4291//4291 4293//4293 4301//4301
f 4293//4293 4292//4292 4302//4302
f 4293//4293 4302//4302 4303//4303
f 4292//4292 4294//4294 4304//4304
f 4292//4292 4304//4304 4302//4302
f 4294//4294 4295//4295 4305//4305
f 4294//4294 4305//4305 4304//4304
f 4295//4295 4296//4296 4306//4306
f 4295//4295 4306//4306 4305//4305
f 4296//4296 4297//4297 4307//4307
f 4296//4296 4307//4307 4306//4306
f 4297//4297 4298//4298 4308//4308
f 4297//4297 4308//4308 4307//4307
f 4298//4298 4299//4299 4309//4309
f 4298//4298 4309//4309 4308//4308
f 4299//4299 4300//4300 4310//4310
f 4299//4299 4310//4310 4309//4309
f 4300//4300 4301//4301 4311//4311
f 4300//4300 4311//4311 4310//4310
f 4301//4301 4293//4293 4303//4303
f 4301//4301 4303//4303 4311//4311
f 4303//4303 4302//4302 4312//4312
f 4303//4303 4312//4312 4313//4313
f 4302//4302 4304//4304 4314//4314
f 4302//4302 4314//4314 4312//4312
f 4304//4304 4305//4305 4315//4315
f 4304//4304 4315//4315 4314//4314
f 4305//4305 4306//4306 4316//4316
f 4305//4305 4316//4316 4315//4315
f 4306//4306 4307//4307 4317//4317
f 4306//4306 4317//4317 4316//4316
f 4307//4307 4308//4308 4318//4318
f 4307//4307 4318//4318 4317//4317
f 4308//4308 4309//4309 4319//4319
f 4308//4308 4319//4319 4318//4318
f 4309//4309 4310//4310 4320//4320
f 4309//4309 4320//4320 4319//4319
f 4310//4310 4311//4311 4321//4321
f 4310//4310 4321//4321 4320//4320
f 4311//4311 4303//4303 4313//4313
f 4311//4311 4313//4313 4321//4321
f 4313//4313 4312//4312 4322//4322
f 4313//4313 4322//4322 4323//4323
f 4312//4312 4314//4314 4324//4324
f 4312//4312 4324//4324 4322//4322
f 4314//4314 4315//4315 4325//4325
f 4314//4314 4325//4325 4324//4324
f 4315//4315 4316//4316 4326//4326
f 4315//4315 4326//4326 4325//4325
f 4316//4316 4317//4317 4327//4327
f 4316//4316 4327//4327 4326//4326
f 4317//4317 4318//4318 4328//4328
f 4317//4317 4328//4328 4327//4327
f 4318//4318 4319//4319 4329//4329
f 4318//4318 4329//4329 4328//4328
f 4319//4319 4320//4320 4330//4330
f 4319//4319 4330//4330 4329//4329
f 4320//4320 4321//4321 4331//4331
f 4320//4320 4331//4331 4330//4330
f 4321//4321 4313//4313 4323//4323
f 4321//4321 4323//4323 4331//4331
f 4323//4323 4322//4322 4332//4332
f 4323//4323 4332//4332 4333//4333
f 4322//4322 4324//4324 4334//4334
f 4322//4322 4334//4334 4332//4332
f 4324//4324 4325//4325 4335//4335
f 4324//4324 4335//4335 4334//4334
f 4325//4325 4326//4326 4336//4336
f 4325//4325 4336//4336 4335//4335
f 4326//4326 4327//4327 4337//4337
f 4326//4326 4337//4337 4336//4336
f 4327//4327 4328//4328 4338//4338
f 4327//4327 4338//4338 4337//4337
f 4328//4328 4329//4329 4339//4339
f 4328//4328 4339//4339 4338//4338
f 4329//4329 4330//4330 4340//4340
f 4329//4329 4340//4340 4339//4339
f 4330//4330 4331//4331 4341//4341
f 4330//4330 4341//4341 4340//4340
f 4331//4331 4323//4323 4333//4333
f 4331//4331 4333//4333 4341//4341
f 4333//4333 4332//4332 4342//4342
f 4333//4333 4342//4342 4343//4343
f 4332//4332 4334//4334 4344//4344
f 4332//4332 4344//4344 4342//4342
f 4334//4334 4335//4335 4345//4345
f 4334//4334 4345//4345 4344//4344
f 4335//4335 4336//4336 4346//4346
f 4335//4335 4346//4346 4345//4345
f 4336//4336 4337//4337 4347//4347
f 4336//4336 4347//4347 4346//4346
f 4337//4337 4338//4338 4348//4348
f 4337//4337 4348//4348 4347//4347
f 4338//4338 4339//4339 4349//4349
f 4338//4338 4349//4349 4348//4348
f 4339//4339 4340//4340 4350//4350
f 4339//4339 4350//4350 4349//4349
f 4340//4340 4341//4341 4351//4351
f 4340//4340 4351//4351 4350//4350
f 4341//4341 4333//4333 4343//4343
f 4341//4341 4343//4343 4351//4351
f 4343//4343 4342//4342 4352//4352
f 4343//4343 4352//4352 4353//4353
f 4342//4342 4344//4344 4354//4354
f 4342//4342 4354//4354 4352//4352
f 4344//4344 4345//4345 4355//4355
f 4344//4344 4355//4355 4354//4354
f 4345//4345 4346//4346 4356//4356
f 4345//4345 4356//4356 4355//4355
f 4346//4346 4347//4347 4357//4357
f 4346//4346 4357//4357 4356//4356
f 4347//4347 4348//4348 4358//4358
f 4347//4347 4358//4358 4357//4357
f 4348//4348 4349//4349 4359//4359
f 4348//4348 4359//4359 4358//4358
f 4349//4349 4350//4350 4360//4360
f 4349//4349 4360//4360 4359//4359
f 4350//4350 4351//4351 4361//4361
f 4350//4350 4361//4361 4360//4360
f 4351//4351 4343//4343 4353//4353
f 4351//4351 4353//4353 4361//4361
f 4353//4353 4352//4352 4362//4362
f 4353//4353 4362//4362 4363//4363
f 4352//4352 4354//4354 4364//4364
f 4352//4352 4364//4364 4362//4362
f 4354//4354 4355//4355 4365//4365
f 4354//4354 4365//4365 4364//4364
f 4355//4355 4356//4356 4366//4366
f 4355//4355 4366//4366 4365//4365
f 4356//4356 4357//4357 4367//4367
f 4356//4356 4367//4367 4366//4366
f 4357//4357 4358//4358 4368//4368
f 4357//4357 4368//4368 4367//4367
f 4358//4358 4359//4359 4369//4369
f 4358//4358 4369//4369 4368//4368
f 4359//4359 4360//4360 4370//4370
f 4359//4359 4370//4370 4369//4369
f 4360//4360 4361//4361 4371//4371
f 4360//4360 4371//4371 4370//4370
f 4361//4361 4353//4353 4363//4363
f 4361//4361 4363//4363 4371//4371
f 4363//4363 4362//4362 4372//4372
f 4363//4363 4372//4372 4373//4373
f 4362//4362 4364//4364 4374//4374
f 4362//4362 4374//4374 4372//4372
f 4364//4364 4365//4365 4375//4375
f 4364//4364 4375//4375 4374//4374
f 4365//4365 4366//4366 4376//4376
f 4365//4365 4376//4376 4375//4375
f 4366//4366 4367//4367 4377//4377
f 4366//4366 4377//4377 4376//4376
f 4367//4367 4368//4368 4378//4378
f 4367//4367 4378//4378 4377//4377
f 4368//4368 4369//4369 4379//4379
f 4368//4368 4379//4379 4378//4378
f 4369//4369 4370//4370 4380//4380
f 4369//4369 4380//4380 4379//4379
f 4370//4370 4371//4371 4381//4381
f 4370//4370 4381//4381 4380//4380
f 4371//4371 4363//4363 4373//4373
f 4371//4371 4373//4373 4381//4381
f 4373//4373 4372//4372 4382//4382
f 4373//4373 4382//4382 4383//4383
f 4372//4372 4374//4374 4384//4384
f 4372//4372 4384//4384 4382//4382
f 4374//4374 4375//4375 4385//4385
f 4374//4374 4385//4385 4384//4384
f 4375//4375 4376//4376 4386//4386
f 4375//4375 4386//4386 4385//4385
f 4376//4376 4377//4377 4387//4387
f 4376//4376 4387//4387 4386//4386
f 4377//4377 4378//4378 4388//4388
f 4377//4377 4388//4388 4387//4387
f 4378//4378 4379//4379 4389//4389
f 4378//4378 4389//4389 4388//4388
f 4379//4379 4380//4380 4390//4390
f 4379//4379 4390//4390 4389//4389
f 4380//4380 4381//4381 4391//4391
f 4380//4380 4391//4391 4390//4390
f 4381//4381 4373//4373 4383//4383
f 4381//4381 4383//4383 4391//4391
f 4383//4383 4382//4382 4392//4392
f 4383//4383 4392//4392 4393//4393
f 4382//4382 4384//4384 4394//4394
f 4382//4382 4394//4394 4392//4392
f 4384//4384 4385//4385 4395//4395
f 4384//4384 4395//4395 4394//4394
f 4385//4385 4386//4386 4396//4396
f 4385//4385 4396//4396 4395//4395
f 4386//4386 4387//4387 4397//4397
f 4386//4386 4397//4397 4396//4396
f 4387//4387 4388//4388 4398//4398
f 4387//4387 4398//4398 4397//4397
f 4388//4388 4389//4389 4399//4399
f 4388//4388 4399//4399 4398//4398
f 4389//4389 4390//4390 4400//4400
f 4389//4389 4400//4400 4399//4399
f 4390//4390 4391//4391 4401//4401
f 4390//4390 4401//4401 4400//4400
f 4391//4391 4383//4383 4393//4393
f 4391//4391 4393//4393 4401//4401
f 4393//4393 4392//4392 4394//4394
f 4393//4393 4394//4394 4395//4395
f 4393//4393 4395//4395 4396//4396
f 4393//4393 4396//4396 4397//4397
f 4393//4393 4397//4397 4398//4398
f 4393//4393 4398//4398 4399//4399
f 4393//4393 4399//4399 4400//4400
f 4393//4393 4400//4400 4401//4401
f 4402//4402 4403//4403 4404//4404
f 4402//4402 4404//4404 4405//4405
f 4402//4402 4405//4405 4406//4406
f 4402//4402 4406//4406 4407//4407
f 4402//4402 4407//4407 4408//4408
f 4402//4402 4408//4408 4409//4409
f 4402//4402 4409//4409 4410//4410
f 4402//4402 4410//4410 4411//4411
f 4411//4411 4410//4410 4412//4412
f 4411//4411 4412//4412 4413//4413
f 4410//4410 4409//4409 4414//4414
f 4410//4410 4414//4414 4412//4412
f 4409//4409 4408//4408 4415//4415
f 4409//4409 4415//4415 4414//4414
f 4408//4408 4407//4407 4416//4416
f 4408//4408 4416//4416 4415//4415
f 4407//4407 4406//4406 4417//4417
f 4407//4407 4417//4417 4416//4416
f 4406//4406 4405//4405 4418//4418
f 4406//4406 4418//4418 4417//4417
f 4405//4405 4404//4404 4419//4419
f 4405//4405 4419//4419 4418//4418
f 4404//4404 4403//4403 4420//4420
f 4404//4404 4420//4420 4419//4419
f 4403//4403 4402//4402 4421//4421
f 4403//4403 4421//4421 4420//4420
f 4402//4402 4411//4411 4413//4413
f 4402//4402 4413//4413 4421//4421
f 4413//4413 4412//4412 4422//4422
f 4413//4413 4422//4422 4423//4423
f 4412//4412 4414//4414 4424//4424
f 4412//4412 4424//4424 4422//4422
f 4414//4414 4415//4415 4425//4425
f 4414//4414 4425//4425 4424//4424
f 4415//4415 4416//4416 4426//4426
f 4415//4415 4426//4426 4425//4425
f 4416//4416 4417//4417 4427//4427
f 4416//4416 4427//4427 4426//4426
f 4417//4417 4418//4418 4428//4428
f 4417//4417 4428//4428 4427//4427
f 4418//4418 4419//4419 4429//4429
f 4418//4418 4429//4429 4428//4428
f 4419//4419 4420//4420 4430//4430
f 4419//4419 4430//4430 4429//4429
f 4420//4420 4421//4421 4431//4431
f 4420//4420 4431//4431 4430//4430
f 4421//4421 4413//4413 4423//4423
f 4421//4421 4423//4423 4431//4431
f 4423//4423 4422//4422 4432//4432
f 4423//4423 4432//4432 4433//4433
f 4422//4422 4424//4424 4434//4434
f 4422//4422 4434//4434 4432//4432
f 4424//4424 4425//4425 4435//4435
f 4424//4424 4435//4435 4434//4434
f 4425//4425 4426//4426 4436//4436
f 4425//4425 4436//4436 4435//4435
f 4426//4426 4427//4427 4437//4437
f 4426//4426 4437//4437 4436//4436
f 4427//4427 4428//4428 4438//4438
f 4427//4427 4438//4438 4437//4437
f 4428//4428 4429//4429 4439//4439
f 4428//4428 4439//4439 4438//4438
f 4429//4429 4430//4430 4440//4440
f 4429//4429 4440//4440 4439//4439
f 4430//4430 4431//4431 4441//4441
f 4430//4430 4441//4441 4440//4440
f 4431//4431 4423//4423 4433//4433
f 4431//4431 4433//4433 4441//4441
f 4433//4433 4432//4432 4442//4442
f 4433//4433 4442//4442 4443//4443
f 4432//4432 4434//4434 4444//4444
f 4432//4432 4444//4444 4442//4442
f 4434//4434 4435//4435 4445//4445
f 4434//4434 4445//4445 4444//4444
f 4435//4435 4436//4436 4446//4446
f 4435//4435 4446//4446 4445//4445
f 4436//4436 4437//4437 4447//4447
f 4436//4436 4447//4447 4446//4446
f 4437//4437 4438//4438 4448//4448
f 4437//4437 4448//4448 4447//4447
f 4438//4438 4439//4439 4449//4449
f 4438//4438 4449//4449 4448//4448
f 4439//4439 4440//4440 4450//4450
f 4439//4439 4450//4450 4449//4449
f 4440//4440 4441//4441 4451//4451
f 4440//4440 4451//4451 4450//4450
f 4441//4441 4433//4433 4443//4443
f 4441//4441 4443//4443 4451//4451
f 4443//4443 4442//4442 4452//4452
f 4443//4443 4452//4452 4453//4453
f 4442//4442 4444//4444 4454//4454
f 4442//4442 4454//4454 4452//4452
f 4444//4444 4445//4445 4455//4455
f 4444//4444 4455//4455 4454//4454
f 4445//4445 4446//4446 4456//4456
f 4445//4445 4456//4456 4455//4455
f 4446//4446 4447//4447 4457//4457
f 4446//4446 4457//4457 4456//4456
f 4447//4447 4448//4448 4458//4458
f 4447//4447 4458//4458 4457//4457
f 4448//4448 4449//4449 4459//4459
f 4448//4448 4459//4459 4458//4458
f 4449//4449 4450//4450 4460//4460
f 4449//4449 4460//4460 4459//4459
f 4450//4450 4451//4451 4461//4461
f 4450//4450 4461//4461 4460//4460
f 4451//4451 4443//4443 4453//4453
f 4451//4451 4453//4453 4461//4461
f 4453//4453 4452//4452 4462//4462
f 4453//4453 4462//4462 4463//4463
f 4452//4452 4454//4454 4464//4464
f 4452//4452 4464//4464 4462//4462
f 4454//4454 4455//4455 4465//4465
f 4454//4454 4465//4465 4464//4464
f 4455//4455 4456//4456 4466//4466
f 4455//4455 4466//4466 4465//4465
f 4456//4456 4457//4457 4467//4467
f 4456//4456 4467//4467 4466//4466
f 4457//4457 4458//4458 4468//4468
f 4457//4457 4468//4468 4467//4467
f 4458//4458 4459//4459 4469//4469
f 4458//4458 4469//4469 4468//4468
f 4459//4459 4460//4460 4470//4470
f 4459//4459 4470//4470 4469//4469
f 4460//4460 4461//4461 4471//4471
f 4460//4460 4471//4471 4470//4470
f 4461//4461 4453//4453 4463//4463
f 4461//4461 4463//4463 4471//4471
f 4463//4463 4462//4462 4472//4472
f 4463//4463 4472//4472 4473//4473
f 4462//4462 4464//4464 4474//4474
f 4462//4462 4474//4474 4472//4472
f 4464//4464 4465//4465 4475//4475
f 4464//4464 4475//4475 4474//4474
f 4465//4465 4466//4466 4476//4476
f 4465//4465 4476//4476 4475//4475
f 4466//4466 4467//4467 4477//4477
f 4466//4466 4477//4477 4476//4476
f 4467//4467 4468//4468 4478//4478
f 4467//4467 4478//4478 4477//4477
f 4468//4468 4469//4469 4479//4479
f 4468//4468 4479//4479 4478//4478
f 4469//4469 4470//4470 4480//4480
f 4469//4469 4480//4480 4479//4479
f 4470//4470 4471//4471 4481//4481
f 4470//4470 4481//4481 4480//4480
f 4471//4471 4463//4463 4473//4473
f 4471//4471 4473//4473 4481//4481
f 4473//4473 4472//4472 4482//4482
f 4473//4473 4482//4482 4483//4483
f 4472//4472 4474//4474 4484//4484
f 4472//4472 4484//4484 4482//4482
f 4474//4474 4475//4475 4485//4485
f 4474//4474 4485//4485 4484//4484
f 4475//4475 4476//4476 4486//4486
f 4475//4475 4486//4486 4485//4485
f 4476//4476 4477//4477 4487//4487
f 4476//4476 4487//4487 4486//4486
f 4477//4477 4478//4478 4488//4488
f 4477//4477 4488//4488 4487//4487
f 4478//4478 4479//4479 4489//4489
f 4478//4478 4489//4489 4488//4488
f 4479//4479 4480//4480 4490//4490
f 4479//4479 4490//4490 4489//4489
f 4480//4480 4481//4481 4491//4491
f 4480//4480 4491//4491 4490//4490
f 4481//4481 4473//4473 4483//4483
f 4481//4481 4483//4483 4491//4491
f 4483//4483 4482//4482 4492//4492
f 4483//4483 4492//4492 4493//4493
f 4482//4482 4484//4484 4494//4494
f 4482//4482 4494//4494 4492//4492
f 4484//4484 4485//4485 4495//4495
f 4484//4484 4495//4495 4494//4494
f 4485//4485 4486//4486 4496//4496
f 4485//4485 4496//4496 4495//4495
f 4486//4486 4487//4487 4497//4497
f 4486//4486 4497//4497 4496//4496
f 4487//4487 4488//4488 4498//4498
f 4487//4487 4498//4498 4497//4497
f 4488//4488 4489//4489 4499//4499
f 4488//4488 4499//4499 4498//4498
f 4489//4489 4490//4490 4500//4500
f 4489//4489 4500//4500 4499//4499
f 4490//4490 4491//4491 4501//4501
f 4490//4490 4501//4501 4500//4500
f 4491//4491 4483//4483 4493//4493
f 4491//4491 4493//4493 4501//4501
f 4493//4493 4492//4492 4502//4502
f 4493//4493 4502//4502 4503//4503
f 4492//4492 4494//4494 4504//4504
f 4492//4492 4504//4504 4502//4502
f 4494//4494 4495//4495 4505//4505
f 4494//4494 4505//4505 4504//4504
f 4495//4495 4496//4496 4506//4506
f 4495//4495 4506//4506 4505//4505
f 4496//4496 4497//4497 4507//4507
f 4496//4496 4507//4507 4506//4506
f 4497//4497 4498//4498 4508//4508
f 4497//4497 4508//4508 4507//4507
f 4498//4498 4499//4499 4509//4509
f 4498//4498 4509//4509 4508//4508
f 4499//4499 4500//4500 4510//4510
f 4499//4499 4510//4510 4509//4509
f 4500//4500 4501//4501 4511//4511
f 4500//4500 4511//4511 4510//4510
f 4501//4501 4493//4493 4503//4503
f 4501//4501 4503//4503 4511//4511
f 4503//4503 4502//4502 4512//4512
f 4503//4503 4512//4512 4513//4513
f 4502//4502 4504//4504 4514//4514
f 4502//4502 4514//4514 4512//4512
f 4504//4504 4505//4505 4515//4515
f 4504//4504 4515//4515 4514//4514
f 4505//4505 4506//4506 4516//4516
f 4505//4505 4516//4516 4515//4515
f 4506//4506 4507//4507 4517//4517
f 4506//4506 4517//4517 4516//4516
f 4507//4507 4508//4508 4518//4518
f 4507//4507 4518//4518 4517//4517
f 4508//4508 4509//4509 4519//4519
f 4508//4508 4519//4519 4518//4518
f 4509//4509 4510//4510 4520//4520
f 4509//4509 4520//4520 4519//4519
f 4510//4510 4511//4511 4521//4521
f 4510//4510 4521//4521 4520//4520
f 4511//4511 4503//4503 4513//4513
f 4511//4511 4513//4513 4521//4521
f 4513//4513 4512//4512 4522//4522
f 4513//4513 4522//4522 4523//4523
f 4512//4512 4514//4514 4524//4524
f 4512//4512 4524//4524 4522//4522
f 4514//4514 4515//4515 4525//4525
f 4514//4514 4525//4525 4524//4524
f 4515//4515 4516//4516 4526//4526
f 4515//4515 4526//4526 4525//4525
f 4516//4516 4517//4517 4527//4527
f 4516//4516 4527//4527 4526//4526
f 4517//4517 4518//4518 4528//4528
f 4517//4517 4528//4528 4527//4527
f 4518//4518 4519//4519 4529//4529
f 4518//4518 4529//4529 4528//4528
f 4519//4519 4520//4520 4530//4530
f 4519//4519 4530//4530 4529//4529
f 4520//4520 4521//4521 4531//4531
f 4520//4520 4531//4531 4530//4530
f 4521//4521 4513//4513 4523//4523
f 4521//4521 4523//4523 4531//4531
f 4523//4523 4522//4522 4532//4532
f 4523//4523 4532//4532 4533//4533
f 4522//4522 4524//4524 4534//4534
f 4522//4522 4534//4534 4532//4532
f 4524//4524 4525//4525 4535//4535
f 4524//4524 4535//4535 4534//4534
f 4525//4525 4526//4526 4536//4536
f 4525//4525 4536//4536 4535//4535
f 4526//4526 4527//4527 4537//4537
f 4526//4526 4537//4537 4536//4536
f 4527//4527 4528//4528 4538//4538
f 4527//4527 4538//4538 4537//4537
f 4528//4528 4529//4529 4539//4539
f 4528//4528 4539//4539 4538//4538
f 4529//4529 4530//4530 4540//4540
f 4529//4529 4540//4540 4539//4539
f 4530//4530 4531//4531 4541//4541
f 4530//4530 4541//4541 4540//4540
f 4531//4531 4523//4523 4533//4533
f 4531//4531 4533//4533 4541//4541
f 4533//4533 4532//4532 4542//4542
f 4533//4533 4542//4542 4543//4543
f 4532//4532 4534//4534 4544//4544
f 4532//4532 4544//4544 4542//4542
f 4534//4534 4535//4535 4545//4545
f 4534//4534 4545//4545 4544//4544
f 4535//4535 4536//4536 4546//4546
f 4535//4535 4546//4546 4545//4545
f 4536//4536 4537//4537 4547//4547
f 4536//4536 4547//4547 4546//4546
f 4537//4537 4538//4538 4548//4548
f 4537//4537 4548//4548 4547//4547
f 4538//4538 4539//4539 4549//4549
f 4538//4538 4549//4549 4548//4548
f 4539//4539 4540//4540 4550//4550
f 4539//4539 4550//4550 4549//4549
f 4540//4540 4541//4541 4551//4551
f 4540//4540 4551//4551 4550//4550
f 4541//4541 4533//4533 4543//4543
f 4541//4541 4543//4543 4551//4551
f 4543//4543 4542//4542 4552//4552
f 4543//4543 4552//4552 4553//4553
f 4542//4542 4544//4544 4554//4554
f 4542//4542 4554//4554 4552//4552
f 4544//4544 4545//4545 4555//4555
f 4544//4544 4555//4555 4554//4554
f 4545//4545 4546//4546 4556//4556
f 4545//4545 4556//4556 4555//4555
f 4546//4546 4547//4547 4557//4557
f 4546//4546 4557//4557 4556//4556
f 4547//4547 4548//4548 4558//4558
f 4547//4547 4558//4558 4557//4557
f 4548//4548 4549//4549 4559//4559
f 4548//4548 4559//4559 4558//4558
f 4549//4549 4550//4550 4560//4560
f 4549//4549 4560//4560 4559//4559
f 4550//4550 4551//4551 4561//4561
f 4550//4550 4561//4561 4560//4560
f 4551//4551 4543//4543 4553//4553
f 4551//4551 4553//4553 4561//4561
f 4553//4553 4552//4552 4554//4554
f 4553//4553 4554//4554 4555//4555
f 4553//4553 4555//4555 4556//4556
f 4553//4553 4556//4556 4557//4557
f 4553//4553 4557//4557 4558//4558
f 4553//4553 4558//4558 4559//4559
f 4553//4553 4559//4559 4560//4560
f 4553//4553 4560//4560 4561//4561
f 4562//4562 4563//4563 4564//4564
f 4562//4562 4564//4564 4565//4565
f 4562//4562 4565//4565 4566//4566
f 4562//4562 4566//4566 4567//4567
f 4562//4562 4567//4567 4568//4568
f 4562//4562 4568//4568 4569//4569
f 4562//4562 4569//4569 4570//4570
f 4562//4562 4570//4570 4571//4571
f 4571//4571 4570//4570 4572//4572
f 4571//4571 4572//4572 4573//4573
f 4570//4570 4569//4569 4574//4574
f 4570//4570 4574//4574 4572//4572
f 4569//4569 4568//4568 4575//4575
f 4569//4569 4575//4575 4574//4574
f 4568//4568 4567//4567 4576//4576
f 4568//4568 4576//4576 4575//4575
f 4567//4567 4566//4566 4577//4577
f 4567//4567 4577//4577 4576//4576
f 4566//4566 4565//4565 4578//4578
f 4566//4566 4578//4578 4577//4577
f 4565//4565 4564//4564 4579//4579
f 4565//4565 4579//4579 4578//4578
f 4564//4564 4563//4563 4580//4580
f 4564//4564 4580//4580 4579//4579
f 4563//4563 4562//4562 4581//4581
f 4563//4563 4581//4581 4580//4580
f 4562//4562 4571//4571 4573//4573
f 4562//4562 4573//4573 4581//4581
f 4573//4573 4572//4572 4582//4582
f 4573//4573 4582//4582 4583//4583
f 4572//4572 4574//4574 4584//4584
f 4572//4572 4584//4584 4582//4582
f 4574//4574 4575//4575 4585//4585
f 4574//4574 4585//4585 4584//4584
f 4575//4575 4576//4576 4586//4586
f 4575//4575 4586//4586 4585//4585
f 4576//4576 4577//4577 4587//4587
f 4576//4576 4587//4587 4586//4586
f 4577//4577 4578//4578 4588//4588
f 4577//4577 4588//4588 4587//4587
f 4578//4578 4579//4579 4589//4589
f 4578//4578 4589//4589 4588//4588
f 4579//4579 4580//4580 4590//4590
f 4579//4579 4590//4590 4589//4589
f 4580//4580 4581//4581 4591//4591
f 4580//4580 4591//4591 4590//4590
f 4581//4581 4573//4573 4583//4583
f 4581//4581 4583//4583 4591//4591
f 4583//4583 4582//4582 4592//4592
f 4583//4583 4592//4592 4593//4593
f 4582//4582 4584//4584 4594//4594
f 4582//4582 4594//4594 4592//4592
f 4584//4584 4585//4585 4595//4595
f 4584//4584 4595//4595 4594//4594
f 4585//4585 4586//4586 4596//4596
f 4585//4585 4596//4596 4595//4595
f 4586//4586 4587//4587 4597//4597
f 4586//4586 4597//4597 4596//4596
f 4587//4587 4588//4588 4598//4598
f 4587//4587 4598//4598 4597//4597
f 4588//4588 4589//4589 4599//4599
f 4588//4588 4599//4599 4598//4598
f 4589//4589 4590//4590 4600//4600
f 4589//4589 4600//4600 4599//4599
f 4590//4590 4591//4591 4601//4601
f 4590//4590 4601//4601 4600//4600
f 4591//4591 4583//4583 4593//4593
f 4591//4591 4593//4593 4601//4601
f 4593//4593 4592//4592 4602//4602
f 4593//4593 4602//4602 4603//4603
f 4592//4592 4594//4594 4604//4604
f 4592//4592 4604//4604 4602//4602
f 4594//4594 4595//4595 4605//4605
f 4594//4594 4605//4605 4604//4604
f 4595//4595 4596//4596 4606//4606
f 4595//4595 4606//4606 4605//4605
f 4596//4596 4597//4597 4607//4607
f 4596//4596 4607//4607 4606//4606
f 4597//4597 4598//4598 4608//4608
f 4597//4597 4608//4608 4607//4607
f 4598//4598 4599//4599 4609//4609
f 4598//4598 4609//4609 4608//4608
f 4599//4599 4600//4600 4610//4610
f 4599//4599 4610//4610 4609//4609
f 4600//4600 4601//4601 4611//4611
f 4600//4600 4611//4611 4610//4610
f 4601//4601 4593//4593 4603//4603
f 4601//4601 4603//4603 4611//4611
f 4603//4603 4602//4602 4612//4612
f 4603//4603 4612//4612 4613//4613
f 4602//4602 4604//4604 4614//4614
f 4602//4602 4614//4614 4612//4612
f 4604//4604 4605//4605 4615//4615
f 4604//4604 4615//4615 4614//4614
f 4605//4605 4606//4606 4616//4616
f 4605//4605 4616//4616 4615//4615
f 4606//4606 4607//4607 4617//4617
f 4606//4606 4617//4617 4616//4616
f 4607//4607 4608//4608 4618//4618
f 4607//4607 4618//4618 4617//4617
f 4608//4608 4609//4609 4619//4619
f 4608//4608 4619//4619 4618//4618
f 4609//4609 4610//4610 4620//4620
f 4609//4609 4620//4620 4619//4619
f 4610//4610 4611//4611 4621//4621
f 4610//4610 4621//4621 4620//4620
f 4611//4611 4603//4603 4613//4613
f 4611//4611 4613//4613 4621//4621
f 4613//4613 4612//4612 4622//4622
f 4613//4613 4622//4622 4623//4623
f 4612//4612 4614//4614 4624//4624
f 4612//4612 4624//4624 4622//4622
f 4614//4614 4615//4615 4625//4625
f 4614//4614 4625//4625 4624//4624
f 4615//4615 4616//4616 4626//4626
f 4615//4615 4626//4626 4625//4625
f 4616//4616 4617//4617 4627//4627
f 4616//4616 4627//4627 4626//4626
f 4617//4617 4618//4618 4628//4628
f 4617//4617 4628//4628 4627//4627
f 4618//4618 4619//4619 4629//4629
f 4618//4618 4629//4629 4628//4628
f 4619//4619 4620//4620 4630//4630
f 4619//4619 4630//4630 4629//4629
f 4620//4620 4621//4621 4631//4631
f 4620//4620 4631//4631 4630//4630
f 4621//4621 4613//4613 4623//4623
f 4621//4621 4623//4623 4631//4631
f 4623//4623 4622//4622 4632//4632
f 4623//4623 4632//4632 4633//4633
f 4622//4622 4624//4624 4634//4634
f 4622//4622 4634//4634 4632//4632
f 4624//4624 4625//4625 4635//4635
f 4624//4624 4635//4635 4634//4634
f 4625//4625 4626//4626 4636//4636
f 4625//4625 4636//4636 4635//4635
f 4626//4626 4627//4627 4637//4637
f 4626//4626 4637//4637 4636//4636
f 4627//4627 4628//4628 4638//4638
f 4627//4627 4638//4638 4637//4637
f 4628//4628 4629//4629 4639//4639
f 4628//4628 4639//4639 4638//4638
f 4629//4629 4630//4630 4640//4640
f 4629//4629 4640//4640 4639//4639
f 4630//4630 4631//4631 4641//4641
f 4630//4630 4641//4641 4640//4640
f 4631//4631 4623//4623 4633//4633
f 4631//4631 4633//4633 4641//4641
f 4633//4633 4632//4632 4642//4642
f 4633//4633 4642//4642 4643//4643
f 4632//4632 4634//4634 4644//4644
f 4632//4632 4644//4644 4642//4642
f 4634//4634 4635//4635 4645//4645
f 4634//4634 4645//4645 4644//4644
f 4635//4635 4636//4636 4646//4646
f 4635//4635 4646//4646 4645//4645
f 4636//4636 4637//4637 4647//4647
f 4636//4636 4647//4647 4646//4646
f 4637//4637 4638//4638 4648//4648
f 4637//4637 4648//4648 4647//4647
f 4638//4638 4639//4639 4649//4649
f 4638//4638 4649//4649 4648//4648
f 4639//4639 4640//4640 4650//4650
f 4639//4639 4650//4650 4649//4649
f 4640//4640 4641//4641 4651//4651
f 4640//4640 4651//4651 4650//4650
f 4641//4641 4633//4633 4643//4643
f 4641//4641 4643//4643 4651//4651
f 4643//4643 4642//4642 4652//4652
f 4643//4643 4652//4652 4653//4653
f 4642//4642 4644//4644 4654//4654
f 4642//4642 4654//4654 4652//4652
f 4644//4644 4645//4645 4655//4655
f 4644//4644 4655//4655 4654//4654
f 4645//4645 4646//4646 4656//4656
f 4645//4645 4656//4656 4655//4655
f 4646//4646 4647//4647 4657//4657
f 4646//4646 4657//4657 4656//4656
f 4647//4647 4648//4648 4658//4658
f 4647//4647 4658//4658 4657//4657
f 4648//4648 4649//4649 4659//4659
f 4648//4648 4659//4659 4658//4658
f 4649//4649 4650//4650 4660//4660
f 4649//4649 4660//4660 4659//4659
f 4650//4650 4651//4651 4661//4661
f 4650//4650 4661//4661 4660//4660
f 4651//4651 4643//4643 4653//4653
f 4651//4651 4653//4653 4661//4661
f 4653//4653 4652//4652 4662//4662
f 4653//4653 4662//4662 4663//4663
f 4652//4652 4654//4654 4664//4664
f 4652//4652 4664//4664 4662//4662
f 4654//4654 4655//4655 4665//4665
f 4654//4654 4665//4665 4664//4664
f 4655//4655 4656//4656 4666//4666
f 4655//4655 4666//4666 4665//4665
f 4656//4656 4657//4657 4667//4667
f 4656//4656 4667//4667 4666//4666
f 4657//4657 4658//4658 4668//4668
f 4657//4657 4668//4668 4667//4667
f 4658//4658 4659//4659 4669//4669
f 4658//4658 4669//4669 4668//4668
f 4659//4659 4660//4660 4670//4670
f 4659//4659 4670//4670 4669//4669
f 4660//4660 4661//4661 4671//4671
f 4660//4660 4671//4671 4670//4670
f 4661//4661 4653//4653 4663//4663
f 4661//4661 4663//4663 4671//4671
f 4663//4663 4662//4662 4672//4672
f 4663//4663 4672//4672 4673//4673
f 4662//4662 4664//4664 4674//4674
f 4662//4662 4674//4674 4672//4672
f 4664//4664 4665//4665 4675//4675
f 4664//4664 4675//4675 4674//4674
f 4665//4665 4666//4666 4676//4676
f 4665//4665 4676//4676 4675//4675
f 4666//4666 4667//4667 4677//4677
f 4666//4666 4677//4677 4676//4676
f 4667//4667 4668//4668 4678//4678
f 4667//4667 4678//4678 4677//4677
f 4668//4668 4669//4669 4679//4679
f 4668//4668 4679//4679 4678//4678
f 4669//4669 4670//4670 4680//4680
f 4669//4669 4680//4680 4679//4679
f 4670//4670 4671//4671 4681//4681
f 4670//4670 4681//4681 4680//4680
f 4671//4671 4663//4663 4673//4673
f 4671//4671 4673//4673 4681//4681
f 4673//4673 4672//4672 4682//4682
f 4673//4673 4682//4682 4683//4683
f 4672//4672 4674//4674 4684//4684
f 4672//4672 4684//4684 4682//4682
f 4674//4674 4675//4675 4685//4685
f 4674//4674 4685//4685 4684//4684
f 4675//4675 4676//4676 4686//4686
f 4675//4675 4686//4686 4685//4685
f 4676//4676 4677//4677 4687//4687
f 4676//4676 4687//4687 4686//4686
f 4677//4677 4678//4678 4688//4688
f 4677//4677 4688//4688 4687//4687
f 4678//4678 4679//4679 4689//4689
f 4678//4678 4689//4689 4688//4688
f 4679//4679 4680//4680 4690//4690
f 4679//4679 4690//4690 4689//4689
f 4680//4680 4681//4681 4691//4691
f 4680//4680 4691//4691 4690//4690
f 4681//4681 4673//4673 4683//4683
f 4681//4681 4683//4683 4691//4691
f 4683//4683 4682//4682 4692//4692
f 4683//4683 4692//4692 4693//4693
f 4682//4682 4684//4684 4694//4694
f 4682//4682 4694//4694 4692//4692
f 4684//4684 4685//4685 4695//4695
f 4684//4684 4695//4695 4694//4694
f 4685//4685 4686//4686 4696//4696
f 4685//4685 4696//4696 4695//4695
f 4686//4686 4687//4687 4697//4697
f 4686//4686 4697//4697 4696//4696
f 4687//4687 4688//4688 4698//4698
f 4687//4687 4698//4698 4697//4697
f 4688//4688 4689//4689 4699//4699
f 4688//4688 4699//4699 4698//4698
f 4689//4689 4690//4690 4700//4700
f 4689//4689 4700//4700 4699//4699
f 4690//4690 4691//4691 4701//4701
f 4690//4690 4701//4701 4700//4700
f 4691//4691 4683//4683 4693//4693
f 4691//4691 4693//4693 4701//4701
f 4693//4693 4692//4692 4702//4702
f 4693//4693 4702//4702 4703//4703
f 4692//4692 4694//4694 4704//4704
f 4692//4692 4704//4704 4702//4702
f 4694//4694 4695//4695 4705//4705
f 4694//4694 4705//4705 4704//4704
f 4695//4695 4696//4696 4706//4706
f 4695//4695 4706//4706 4705//4705
f 4696//4696 4697//4697 4707//4707
f 4696//4696 4707//4707 4706//4706
f 4697//4697 4698//4698 4708//4708
f 4697//4697 4708//4708 4707//4707
f 4698//4698 4699//4699 4709//4709
f 4698//4698 4709//4709 4708//4708
f 4699//4699 4700//4700 4710//4710
f 4699//4699 4710//4710 4709//4709
f 4700//4700 4701//4701 4711//4711
f 4700//4700 4711//4711 4710//4710
f 4701//4701 4693//4693 4703//4703
f 4701//4701 4703//4703 4711//4711
f 4703//4703 4702//4702 4712//4712
f 4703//4703 4712//4712 4713//4713
f 4702//4702 4704//4704 4714//4714
f 4702//4702 4714//4714 4712//4712
f 4704//4704 4705//4705 4715//4715
f 4704//4704 4715//4715 4714//4714
f 4705//4705 4706//4706 4716//4716
f 4705//4705 4716//4716 4715//4715
f 4706//4706 4707//4707 4717//4717
f 4706//4706 4717//4717 4716//4716
f 4707//4707 4708//4708 4718//4718
f 4707//4707 4718//4718 4717//4717
f 4708//4708 4709//4709 4719//4719
f 4708//4708 4719//4719 4718//4718
f 4709//4709 4710//4710 4720//4720
f 4709//4709 4720//4720 4719//4719
f 4710//4710 4711//4711 4721//4721
f 4710//4710 4721//4721 4720//4720
f 4711//4711 4703//4703 4713//4713
f 4711//4711 4713//4713 4721//4721
f 4713//4713 4712//4712 4714//4714
f 4713//4713 4714//4714 4715//4715
f 4713//4713 4715//4715 4716//4716
f 4713//4713 4716//4716 4717//4717
f 4713//4713 4717//4717 4718//4718
f 4713//4713 4718//4718 4719//4719
f 4713//4713 4719//4719 4720//4720
f 4713//4713 4720//4720 4721//4721
f 4722//4722 4723//4723 4724//4724
f 4722//4722 4724//4724 4725//4725
f 4722//4722 4725//4725 4726//4726
f 4722//4722 4726//4726 4727//4727
f 4722//4722 4727//4727 4728//4728
f 4722//4722 4728//4728 4729//4729
f 4722//4722 4729//4729 4730//4730
f 4722//4722 4730//4730 4731//4731
f 4731//4731 4730//4730 4732//4732
f 4731//4731 4732//4732 4733//4733
f 4730//4730 4729//4729 4734//4734
f 4730//4730 4734//4734 4732//4732
f 4729//4729 4728//4728 4735//4735
f 4729//4729 4735//4735 4734//4734
f 4728//4728 4727//4727 4736//4736
f 4728//4728 4736//4736 4735//4735
f 4727//4727 4726//4726 4737//4737
f 4727//4727 4737//4737 4736//4736
f 4726//4726 4725//4725 4738//4738
f 4726//4726 4738//4738 4737//4737
f 4725//4725 4724//4724 4739//4739
f 4725//4725 4739//4739 4738//4738
f 4724//4724 4723//4723 4740//4740
f 4724//4724 4740//4740 4739//4739
f 4723//4723 4722//4722 4741//4741
f 4723//4723 4741//4741 4740//4740
f 4722//4722 4731//4731 4733//4733
f 4722//4722 4733//4733 4741//4741
f 4733//4733 4732//4732 4742//4742
f 4733//4733 4742//4742 4743//4743
f 4732//4732 4734//4734 4744//4744
f 4732//4732 4744//4744 4742//4742
f 4734//4734 4735//4735 4745//4745
f 4734//4734 4745//4745 4744//4744
f 4735//4735 4736//4736 4746//4746
f 4735//4735 4746//4746 4745//4745
f 4736//4736 4737//4737 4747//4747
f 4736//4736 4747//4747 4746//4746
f 4737//4737 4738//4738 4748//4748
f 4737//4737 4748//4748 4747//4747
f 4738//4738 4739//4739 4749//4749
f 4738//4738 4749//4749 4748//4748
f 4739//4739 4740//4740 4750//4750
f 4739//4739 4750//4750 4749//4749
f 4740//4740 4741//4741 4751//4751
f 4740//4740 4751//4751 4750//4750
f 4741//4741 4733//4733 4743//4743
f 4741//4741 4743//4743 4751//4751
f 4743//4743 4742//4742 4752//4752
f 4743//4743 4752//4752 4753//4753
f 4742//4742 4744//4744 4754//4754
f 4742//4742 4754//4754 4752//4752
f 4744//4744 4745//4745 4755//4755
f 4744//4744 4755//4755 4754//4754
f 4745//4745 4746//4746 4756//4756
f 4745//4745 4756//4756 4755//4755
f 4746//4746 4747//4747 4757//4757
f 4746//4746 4757//4757 4756//4756
f 4747//4747 4748//4748 4758//4758
f 4747//4747 4758//4758 4757//4757
f 4748//4748 4749//4749 4759//4759
f 4748//4748 4759//4759 4758//4758
f 4749//4749 4750//4750 4760//4760
f 4749//4749 4760//4760 4759//4759
f 4750//4750 4751//4751 4761//4761
f 4750//4750 4761//4761 4760//4760
f 4751//4751 4743//4743 4753//4753
f 4751//4751 4753//4753 4761//4761
f 4753//4753 4752//4752 4762//4762
f 4753//4753 4762//4762 4763//4763
f 4752//4752 4754//4754 4764//4764
f 4752//4752 4764//4764 4762//4762
f 4754//4754 4755//4755 4765//4765
f 4754//4754 4765//4765 4764//4764
f 4755//4755 4756//4756 4766//4766
f 4755//4755 4766//4766 4765//4765
f 4756//4756 4757//4757 4767//4767
f 4756//4756 4767//4767 4766//4766
f 4757//4757 4758//4758 4768//4768
f 4757//4757 4768//4768 4767//4767
f 4758//4758 4759//4759 4769//4769
f 4758//4758 4769//4769 4768//4768
f 4759//4759 4760//4760 4770//4770
f 4759//4759 4770//4770 4769//4769
f 4760//4760 4761//4761 4771//4771
f 4760//4760 4771//4771 4770//4770
f 4761//4761 4753//4753 4763//4763
f 4761//4761 4763//4763 4771//4771
f 4763//4763 4762//4762 4772//4772
f 4763//4763 4772//4772 4773//4773
f 4762//4762 4764//4764 4774//4774
f 4762//4762 4774//4774 4772//4772
f 4764//4764 4765//4765 4775//4775
f 4764//4764 4775//4775 4774//4774
f 4765//4765 4766//4766 4776//4776
f 4765//4765 4776//4776 4775//4775
f 4766//4766 4767//4767 4777//4777
f 4766//4766 4777//4777 4776//4776
f 4767//4767 4768//4768 4778//4778
f 4767//4767 4778//4778 4777//4777
f 4768//4768 4769//4769 4779//4779
f 4768//4768 4779//4779 4778//4778
f 4769//4769 4770//4770 4780//4780
f 4769//4769 4780//4780 4779//4779
f 4770//4770 4771//4771 4781//4781
f 4770//4770 4781//4781 4780//4780
f 4771//4771 4763//4763 4773//4773
f 4771//4771 4773//4773 4781//4781
f 4773//4773 4772//4772 4782//4782
f 4773//4773 4782//4782 4783//4783
f 4772//4772 4774//4774 4784//4784
f 4772//4772 4784//4784 4782//4782
f 4774//4774 4775//4775 4785//4785
f 4774//4774 4785//4785 4784//4784
f 4775//4775 4776//4776 4786//4786
f 4775//4775 4786//4786 4785//4785
f 4776//4776 4777//4777 4787//4787
f 4776//4776 4787//4787 4786//4786
f 4777//4777 4778//4778 4788//4788
f 4777//4777 4788//4788 4787//4787
f 4778//4778 4779//4779 4789//4789
f 4778//4778 4789//4789 4788//4788
f 4779//4779 4780//4780 4790//4790
f 4779//4779 4790//4790 4789//4789
f 4780//4780 4781//4781 4791//4791
f 4780//4780 4791//4791 4790//4790
f 4781//4781 4773//4773 4783//4783
f 4781//4781 4783//4783 4791//4791
f 4783//4783 4782//4782 4792//4792
f 4783//4783 4792//4792 4793//4793
f 4782//4782 4784//4784 4794//4794
f 4782//4782 4794//4794 4792//4792
f 4784//4784 4785//4785 4795//4795
f 4784//4784 4795//4795 4794//4794
f 4785//4785 4786//4786 4796//4796
f 4785//4785 4796//4796 4795//4795
f 4786//4786 4787//4787 4797//4797
f 4786//4786 4797//4797 4796//4796
f 4787//4787 4788//4788 4798//4798
f 4787//4787 4798//4798 4797//4797
f 4788//4788 4789//4789 4799//4799
f 4788//4788 4799//4799 4798//4798
f 4789//4789 4790//4790 4800//4800
f 4789//4789 4800//4800 4799//4799
f 4790//4790 4791//4791 4801//4801
f 4790//4790 4801//4801 4800//4800
f 4791//4791 4783//4783 4793//4793
f 4791//4791 4793//4793 4801//4801
f 4793//4793 4792//4792 4802//4802
f 4793//4793 4802//4802 4803//4803
f 4792//4792 4794//4794 4804//4804
f 4792//4792 4804//4804 4802//4802
f 4794//4794 4795//4795 4805//4805
f 4794//4794 4805//4805 4804//4804
f 4795//4795 4796//4796 4806//4806
f 4795//4795 4806//4806 4805//4805
f 4796//4796 4797//4797 4807//4807
f 4796//4796 4807//4807 4806//4806
f 4797//4797 4798//4798 4808//4808
f 4797//4797 4808//4808 4807//4807
f 4798//4798 4799//4799 4809//4809
f 4798//4798 4809//4809 4808//4808
f 4799//4799 4800//4800 4810//4810
f 4799//4799 4810//4810 4809//4809
f 4800//4800 4801//4801 4811//4811
f 4800//4800 4811//4811 4810//4810
f 4801//4801 4793//4793 4803//4803
f 4801//4801 4803//4803 4811//4811
f 4803//4803 4802//4802 4812//4812
f 4803//4803 4812//4812 4813//4813
f 4802//4802 4804//4804 4814//4814
f 4802//4802 4814//4814 4812//4812
f 4804//4804 4805//4805 4815//4815
f 4804//4804 4815//4815 4814//4814
f 4805//4805 4806//4806 4816//4816
f 4805//4805 4816//4816 4815//4815
f 4806//4806 4807//4807 4817//4817
f 4806//4806 4817//4817 4816//4816
f 4807//4807 4808//4808 4818//4818
f 4807//4807 4818//4818 4817//4817
f 4808//4808 4809//4809 4819//4819
f 4808//4808 4819//4819 4818//4818
f 4809//4809 4810//4810 4820//4820
f 4809//4809 4820//4820 4819//4819
f 4810//4810 4811//4811 4821//4821
f 4810//4810 4821//4821 4820//4820
f 4811//4811 4803//4803 4813//4813
f 4811//4811 4813//4813 4821//4821
f 4813//4813 4812//4812 4822//4822
f 4813//4813 4822//4822 4823//4823
f 4812//4812 4814//4814 4824//4824
f 4812//4812 4824//4824 4822//4822
f 4814//4814 4815//4815 4825//4825
f 4814//4814 4825//4825 4824//4824
f 4815//4815 4816//4816 4826//4826
f 4815//4815 4826//4826 4825//4825
f 4816//4816 4817//4817 4827//4827
f 4816//4816 4827//4827 4826//4826
f 4817//4817 4818//4818 4828//4828
f 4817//4817 4828//4828 4827//4827
f 4818//4818 4819//4819 4829//4829
f 4818//4818 4829//4829 4828//4828
f 4819//4819 4820//4820 4830//4830
f 4819//4819 4830//4830 4829//4829
f 4820//4820 4821//4821 4831//4831
f 4820//4820 4831//4831 4830//4830
f 4821//4821 4813//4813 4823//4823
f 4821//4821 4823//4823 4831//4831
f 4823//4823 4822//4822 4832//4832
f 4823//4823 4832//4832 4833//4833
f 4822//4822 4824//4824 4834//4834
f 4822//4822 4834//4834 4832//4832
f 4824//4824 4825//4825 4835//4835
f 4824//4824 4835//4835 4834//4834
f 4825//4825 4826//4826 4836//4836
f 4825//4825 4836//4836 4835//4835
f 4826//4826 4827//4827 4837//4837
f 4826//4826 4837//4837 4836//4836
f 4827//4827 4828//4828 4838//4838
f 4827//4827 4838//4838 4837//4837
f 4828//4828 4829//4829 4839//4839
f 4828//4828 4839//4839 4838//4838
f 4829//4829 4830//4830 4840//4840
f 4829//4829 4840//4840 4839//4839
f 4830//4830 4831//4831 4841//4841
f 4830//4830 4841//4841 4840//4840
f 4831//4831 4823//4823 4833//4833
f 4831//4831 4833//4833 4841//4841
f 4833//4833 4832//4832 4842//4842
f 4833//4833 4842//4842 4843//4843
f 4832//4832 4834//4834 4844//4844
f 4832//4832 4844//4844 4842//4842
f 4834//4834 4835//4835 4845//4845
f 4834//4834 4845//4845 4844//4844
f 4835//4835 4836//4836 4846//4846
f 4835//4835 4846//4846 4845//4845
f 4836//4836 4837//4837 4847//4847
f 4836//4836 4847//4847 4846//4846
f 4837//4837 4838//4838 4848//4848
f 4837//4837 4848//4848 4847//4847
f 4838//4838 4839//4839 4849//4849
f 4838//4838 4849//4849 4848//4848
f 4839//4839 4840//4840 4850//4850
f 4839//4839 4850//4850 4849//4849
f 4840//4840 4841//4841 4851//4851
f 4840//4840 4851//4851 4850//4850
f 4841//4841 4833//4833 4843//4843
f 4841//4841 4843//4843 4851//4851
f 4843//4843 4842//4842 4852//4852
f 4843//4843 4852//4852 4853//4853
f 4842//4842 4844//4844 4854//4854
f 4842//4842 4854//4854 4852//4852
f 4844//4844 4845//4845 4855//4855
f 4844//4844 4855//4855 4854//4854
f 4845//4845 4846//4846 4856//4856
f 4845//4845 4856//4856 4855//4855
f 4846//4846 4847//4847 4857//4857
f 4846//4846 4857//4857 4856//4856
f 4847//4847 4848//4848 4858//4858
f 4847//4847 4858//4858 4857//4857
f 4848//4848 4849//4849 4859//4859
f 4848//4848 4859//4859 4858//4858
f 4849//4849 4850//4850 4860//4860
f 4849//4849 4860//4860 4859//4859
f 4850//4850 4851//4851 4861//4861
f 4850//4850 4861//4861 4860//4860
f 4851//4851 4843//4843 4853//4853
f 4851//4851 4853//4853 4861//4861
f 4853//4853 4852//4852 4862//4862
f 4853//4853 4862//4862 4863//4863
f 4852//4852 4854//4854 4864//4864
f 4852//4852 4864//4864 4862//4862
f 4854//4854 4855//4855 4865//4865
f 4854//4854 4865//4865 4864//4864
f 4855//4855 4856//4856 4866//4866
f 4855//4855 4866//4866 4865//4865
f 4856//4856 4857//4857 4867//4867
f 4856//4856 4867//4867 4866//4866
f 4857//4857 4858//4858 4868//4868
f 4857//4857 4868//4868 4867//4867
f 4858//4858 4859//4859 4869//4869
f 4858//4858 4869//4869 4868//4868
f 4859//4859 4860//4860 4870//4870
f 4859//4859 4870//4870 4869//4869
f 4860//4860 4861//4861 4871//4871
f 4860//4860 4871//4871 4870//4870
f 4861//4861 4853//4853 4863//4863
f 4861//4861 4863//4863 4871//4871
f 4863//4863 4862//4862 4872//4872
f 4863//4863 4872//4872 4873//4873
f 4862//4862 4864//4864 4874//4874
f 4862//4862 4874//4874 4872//4872
f 4864//4864 4865//4865 4875//4875
f 4864//4864 4875//4875 4874//4874
f 4865//4865 4866//4866 4876//4876
f 4865//4865 4876//4876 4875//4875
f 4866//4866 4867//4867 4877//4877
f 4866//4866 4877//4877 4876//4876
f 4867//4867 4868//4868 4878//4878
f 4867//4867 4878//4878 4877//4877
f 4868//4868 4869//4869 4879//4879
f 4868//4868 4879//4879 4878//4878
f 4869//4869 4870//4870 4880//4880
f 4869//4869 4880//4880 4879//4879
f 4870//4870 4871//4871 4881//4881
f 4870//4870 4881//4881 4880//4880
f 4871//4871 4863//4863 4873//4873
f 4871//4871 4873//4873 4881//4881
f 4873//4873 4872//4872 4874//4874
f 4873//4873 4874//4874 4875//4875
f 4873//4873 4875//4875 4876//4876
f 4873//4873 4876//4876 4877//4877
f 4873//4873 4877//4877 4878//4878
f 4873//4873 4878//4878 4879//4879
f 4873//4873 4879//4879 4880//4880
f 4873//4873 4880//4880 4881//4881
f 4882//4882 4883//4883 4884//4884
f 4882//4882 4884//4884 4885//4885
f 4882//4882 4885//4885 4886//4886
f 4882//4882 4886//4886 4887//4887
f 4882//4882 4887//4887 4888//4888
f 4882//4882 4888//4888 4889//4889
f 4882//4882 4889//4889 4890//4890
f 4882//4882 4890//4890 4891//4891
f 4891//4891 4890//4890 4892//4892
f 4891//4891 4892//4892 4893//4893
f 4890//4890 4889//4889 4894//4894
f 4890//4890 4894//4894 4892//4892
f 4889//4889 4888//4888 4895//4895
f 4889//4889 4895//4895 4894//4894
f 4888//4888 4887//4887 4896//4896
f 4888//4888 4896//4896 4895//4895
f 4887//4887 4886//4886 4897//4897
f 4887//4887 4897//4897 4896//4896
f 4886//4886 4885//4885 4898//4898
f 4886//4886 4898//4898 4897//4897
f 4885//4885 4884//4884 4899//4899
f 4885//4885 4899//4899 4898//4898
f 4884//4884 4883//4883 4900//4900
f 4884//4884 4900//4900 4899//4899
f 4883//4883 4882//4882 4901//4901
f 4883//4883 4901//4901 4900//4900
f 4882//4882 4891//4891 4893//4893
f 4882//4882 4893//4893 4901//4901
f 4893//4893 4892//4892 4902//4902
f 4893//4893 4902//4902 4903//4903
f 4892//4892 4894//4894 4904//4904
f 4892//4892 4904//4904 4902//4902
f 4894//4894 4895//4895 4905//4905
f 4894//4894 4905//4905 4904//4904
f 4895//4895 4896//4896 4906//4906
f 4895//4895 4906//4906 4905//4905
f 4896//4896 4897//4897 4907//4907
f 4896//4896 4907//4907 4906//4906
f 4897//4897 4898//4898 4908//4908
f 4897//4897 4908//4908 4907//4907
f 4898//4898 4899//4899 4909//4909
f 4898//4898 4909//4909 4908//4908
f 4899//4899 4900//4900 4910//4910
f 4899//4899 4910//4910 4909//4909
f 4900//4900 4901//4901 4911//4911
f 4900//4900 4911//4911 4910//4910
f 4901//4901 4893//4893 4903//4903
f 4901//4901 4903//4903 4911//4911
f 4903//4903 4902//4902 4912//4912
f 4903//4903 4912//4912 4913//4913
f 4902//4902 4904//4904 4914//4914
f 4902//4902 4914//4914 4912//4912
f 4904//4904 4905//4905 4915//4915
f 4904//4904 4915//4915 4914//4914
f 4905//4905 4906//4906 4916//4916
f 4905//4905 4916//4916 4915//4915
f 4906//4906 4907//4907 4917//4917
f 4906//4906 4917//4917 4916//4916
f 4907//4907 4908//4908 4918//4918
f 4907//4907 4918//4918 4917//4917
f 4908//4908 4909//4909 4919//4919
f 4908//4908 4919//4919 4918//4918
f 4909//4909 4910//4910 4920//4920
f 4909//4909 4920//4920 4919//4919
f 4910//4910 4911//4911 4921//4921
f 4910//4910 4921//4921 4920//4920
f 4911//4911 4903//4903 4913//4913
f 4911//4911 4913//4913 4921//4921
f 4913//4913 4912//4912 4922//4922
f 4913//4913 4922//4922 4923//4923
f 4912//4912 4914//4914 4924//4924
f 4912//4912 4924//4924 4922//4922
f 4914//4914 4915//4915 4925//4925
f 4914//4914 4925//4925 4924//4924
f 4915//4915 4916//4916 4926//4926
f 4915//4915 4926//4926 4925//4925
f 4916//4916 4917//4917 4927//4927
f 4916//4916 4927//4927 4926//4926
f 4917//4917 4918//4918 4928//4928
f 4917//4917 4928//4928 4927//4927
f 4918//4918 4919//4919 4929//4929
f 4918//4918 4929//4929 4928//4928
f 4919//4919 4920//4920 4930//4930
f 4919//4919 4930//4930 4929//4929
f 4920//4920 4921//4921 4931//4931
f 4920//4920 4931//4931 4930//4930
f 4921//4921 4913//4913 4923//4923
f 4921//4921 4923//4923 4931//4931
f 4923//4923 4922//4922 4932//4932
f 4923//4923 4932//4932 4933//4933
f 4922//4922 4924//4924 4934//4934
f 4922//4922 4934//4934 4932//4932
f 4924//4924 4925//4925 4935//4935
f 4924//4924 4935//4935 4934//4934
f 4925//4925 4926//4926 4936//4936
f 4925//4925 4936//4936 4935//4935
f 4926//4926 4927//4927 4937//4937
f 4926//4926 4937//4937 4936//4936
f 4927//4927 4928//4928 4938//4938
f 4927//4927 4938//4938 4937//4937
f 4928//4928 4929//4929 4939//4939
f 4928//4928 4939//4939 4938//4938
f 4929//4929 4930//4930 4940//4940
f 4929//4929 4940//4940 4939//4939
f 4930//4930 4931//4931 4941//4941
f 4930//4930 4941//4941 4940//4940
f 4931//4931 4923//4923 4933//4933
f 4931//4931 4933//4933 4941//4941
f 4933//4933 4932//4932 4942//4942
f 4933//4933 4942//4942 4943//4943
f 4932//4932 4934//4934 4944//4944
f 4932//4932 4944//4944 4942//4942
f 4934//4934 4935//4935 4945//4945
f 4934//4934 4945//4945 4944//4944
f 4935//4935 4936//4936 4946//4946
f 4935//4935 4946//4946 4945//4945
f 4936//4936 4937//4937 4947//4947
f 4936//4936 4947//4947 4946//4946
f 4937//4937 4938//4938 4948//4948
f 4937//4937 4948//4948 4947//4947
f 4938//4938 4939//4939 4949//4949
f 4938//4938 4949//4949 4948//4948
f 4939//4939 4940//4940 4950//4950
f 4939//4939 4950//4950 4949//4949
f 4940//4940 4941//4941 4951//4951
f 4940//4940 4951//4951 4950//4950
f 4941//4941 4933//4933 4943//4943
f 4941//4941 4943//4943 4951//4951
f 4943//4943 4942//4942 4952//4952
f 4943//4943 4952//4952 4953//4953
f 4942//4942 4944//4944 4954//4954
f 4942//4942 4954//4954 4952//4952
f 4944//4944 4945//4945 4955//4955
f 4944//4944 4955//4955 4954//4954
f 4945//4945 4946//4946 4956//4956
f 4945//4945 4956//4956 4955//4955
f 4946//4946 4947//4947 4957//4957
f 4946//4946 4957//4957 4956//4956
f 4947//4947 4948//4948 4958//4958
f 4947//4947 4958//4958 4957//4957
f 4948//4948 4949//4949 4959//4959
f 4948//4948 4959//4959 4958//4958
f 4949//4949 4950//4950 4960//4960
f 4949//4949 4960//4960 4959//4959
f 4950//4950 4951//4951 4961//4961
f 4950//4950 4961//4961 4960//4960
f 4951//4951 4943//4943 4953//4953
f 4951//4951 4953//4953 4961//4961
f 4953//4953 4952//4952 4962//4962
f 4953//4953 4962//4962 4963//4963
f 4952//4952 4954//4954 4964//4964
f 4952//4952 4964//4964 4962//4962
f 4954//4954 4955//4955 4965//4965
f 4954//4954 4965//4965 4964//4964
f 4955//4955 4956//4956 4966//4966
f 4955//4955 4966//4966 4965//4965
f 4956//4956 4957//4957 4967//4967
f 4956//4956 4967//4967 4966//4966
f 4957//4957 4958//4958 4968//4968
f 4957//4957 4968//4968 4967//4967
f 4958//4958 4959//4959 4969//4969
f 4958//4958 4969//4969 4968//4968
f 4959//4959 4960//4960 4970//4970
f 4959//4959 4970//4970 4969//4969
f 4960//4960 4961//4961 4971//4971
f 4960//4960 4971//4971 4970//4970
f 4961//4961 4953//4953 4963//4963
f 4961//4961 4963//4963 4971//4971
f 4963//4963 4962//4962 4972//4972
f 4963//4963 4972//4972 4973//4973
f 4962//4962 4964//4964 4974//4974
f 4962//4962 4974//4974 4972//4972
f 4964//4964 4965//4965 4975//4975
f 4964//4964 4975//4975 4974//4974
f 4965//4965 4966//4966 4976//4976
f 4965//4965 4976//4976 4975//4975
f 4966//4966 4967//4967 4977//4977
f 4966//4966 4977//4977 4976//4976
f 4967//4967 4968//4968 4978//4978
f 4967//4967 4978//4978 4977//4977
f 4968//4968 4969//4969 4979//4979
f 4968//4968 4979//4979 4978//4978
f 4969//4969 4970//4970 4980//4980
f 4969//4969 4980//4980 4979//4979
f 4970//4970 4971//4971 4981//4981
f 4970//4970 4981//4981 4980//4980
f 4971//4971 4963//4963 4973//4973
f 4971//4971 4973//4973 4981//4981
f 4973//4973 4972//4972 4982//4982
f 4973//4973 4982//4982 4983//4983
f 4972//4972 4974//4974 4984//4984
f 4972//4972 4984//4984 4982//4982
f 4974//4974 4975//4975 4985//4985
f 4974//4974 4985//4985 4984//4984
f 4975//4975 4976//4976 4986//4986
f 4975//4975 4986//4986 4985//4985
f 4976//4976 4977//4977 4987//4987
f 4976//4976 4987//4987 4986//4986
f 4977//4977 4978//4978 4988//4988
f 4977//4977 4988//4988 4987//4987
f 4978//4978 4979//4979 4989//4989
f 4978//4978 4989//4989 4988//4988
f 4979//4979 4980//4980 4990//4990
f 4979//4979 4990//4990 4989//4989
f 4980//4980 4981//4981 4991//4991
f 4980//4980 4991//4991 4990//4990
f 4981//4981 4973//4973 4983//4983
f 4981//4981 4983//4983 4991//4991
f 4983//4983 4982//4982 4992//4992
f 4983//4983 4992//4992 4993//4993
f 4982//4982 4984//4984 4994//4994
f 4982//4982 4994//4994 4992//4992
f 4984//4984 4985//4985 4995//4995
f 4984//4984 4995//4995 4994//4994
f 4985//4985 4986//4986 4996//4996
f 4985//4985 4996//4996 4995//4995
f 4986//4986 4987//4987 4997//4997
f 4986//4986 4997//4997 4996//4996
f 4987//4987 4988//4988 4998//4998
f 4987//4987 4998//4998 4997//4997
f 4988//4988 4989//4989 4999//4999
f 4988//4988 4999//4999 4998//4998
f 4989//4989 4990//4990 5000//5000
f 4989//4989 5000//5000 4999//4999
f 4990//4990 4991//4991 5001//5001
f 4990//4990 5001//5001 5000//5000
f 4991//4991 4983//4983 4993//4993
f 4991//4991 4993//4993 5001//5001
f 4993//4993 4992//4992 5002//5002
f 4993//4993 5002//5002 5003//5003
f 4992//4992 4994//4994 5004//5004
f 4992//4992 5004//5004 5002//5002
f 4994//4994 4995//4995 5005//5005
f 4994//4994 5005//5005 5004//5004
f 4995//4995 4996//4996 5006//5006
f 4995//4995 5006//5006 5005//5005
f 4996//4996 4997//4997 5007//5007
f 4996//4996 5007//5007 5006//5006
f 4997//4997 4998//4998 5008//5008
f 4997//4997 5008//5008 5007//5007
f 4998//4998 4999//4999 5009//5009
f 4998//4998 5009//5009 5008//5008
f 4999//4999 5000//5000 5010//5010
f 4999//4999 5010//5010 5009//5009
f 5000//5000 5001//5001 5011//5011
f 5000//5000 5011//5011 5010//5010
f 5001//5001 4993//4993 5003//5003
f 5001//5001 5003//5003 5011//5011
f 5003//5003 5002//5002 5012//5012
f 5003//5003 5012//5012 5013//5013
f 5002//5002 5004//5004 5014//5014
f 5002//5002 5014//5014 5012//5012
f 5004//5004 5005//5005 5015//5015
f 5004//5004 5015//5015 5014//5014
f 5005//5005 5006//5006 5016//5016
f 5005//5005 5016//5016 5015//5015
f 5006//5006 5007//5007 5017//5017
f 5006//5006 5017//5017 5016//5016
f 5007//5007 5008//5008 5018//5018
f 5007//5007 5018//5018 5017//5017
f 5008//5008 5009//5009 5019//5019
f 5008//5008 5019//5019 5018//5018
f 5009//5009 5010//5010 5020//5020
f 5009//5009 5020//5020 5019//5019
f 5010//5010 5011//5011 5021//5021
f 5010//5010 5021//5021 5020//5020
f 5011//5011 5003//5003 5013//5013
f 5011//5011 5013//5013 5021//5021
f 5013//5013 5012//5012 5022//5022
f 5013//5013 5022//5022 5023//5023
f 5012//5012 5014//5014 5024//5024
f 5012//5012 5024//5024 5022//5022
f 5014//5014 5015//5015 5025//5025
f 5014//5014 5025//5025 5024//5024
f 5015//5015 5016//5016 5026//5026
f 5015//5015 5026//5026 5025//5025
f 5016//5016 5017//5017 5027//5027
f 5016//5016 5027//5027 5026//5026
f 5017//5017 5018//5018 5028//5028
f 5017//5017 5028//5028 5027//5027
f 5018//5018 5019//5019 5029//5029
f 5018//5018 5029//5029 5028//5028
f 5019//5019 5020//5020 5030//5030
f 5019//5019 5030//5030 5029//5029
f 5020//5020 5021//5021 5031//5031
f 5020//5020 5031//5031 5030//5030
f 5021//5021 5013//5013 5023//5023
f 5021//5021 5023//5023 5031//5031
f 5023//5023 5022//5022 5032//5032
f 5023//5023 5032//5032 5033//5033
f 5022//5022 5024//5024 5034//5034
f 5022//5022 5034//5034 5032//5032
f 5024//5024 5025//5025 5035//5035
f 5024//5024 5035//5035 5034//5034
f 5025//5025 5026//5026 5036//5036
f 5025//5025 5036//5036 5035//5035
f 5026//5026 5027//5027 5037//5037
f 5026//5026 5037//5037 5036//5036
f 5027//5027 5028//5028 5038//5038
f 5027//5027 5038//5038 5037//5037
f 5028//5028 5029//5029 5039//5039
f 5028//5028 5039//5039 5038//5038
f 5029//5029 5030//5030 5040//5040
f 5029//5029 5040//5040 5039//5039
f 5030//5030 5031//5031 5041//5041
f 5030//5030 5041//5041 5040//5040
f 5031//5031 5023//5023 5033//5033
f 5031//5031 5033//5033 5041//5041
f 5033//5033 5032//5032 5034//5034
f 5033//5033 5034//5034 5035//5035
f 5033//5033 5035//5035 5036//5036
f 5033//5033 5036//5036 5037//5037
f 5033//5033 5037//5037 5038//5038
f 5033//5033 5038//5038 5039//5039
f 5033//5033 5039//5039 5040//5040
f 5033//5033 5040//5040 5041//5041
usemtl color_27
f 5042//5042 5043//5043 5044//5044
f 5042//5042 5044//5044 5045//5045
f 5042//5042 5045//5045 5046//5046
f 5042//5042 5046//5046 5047//5047
f 5042//5042 5047//5047 5048//5048
f 5042//5042 5048//5048 5049//5049
f 5042//5042 5049//5049 5050//5050
f 5042//5042 5050//5050 5051//5051
f 5051//5051 5050//5050 5052//5052
f 5051//5051 5052//5052 5053//5053
f 5050//5050 5049//5049 5054//5054
f 5050//5050 5054//5054 5052//5052
f 5049//5049 5048//5048 5055//5055
f 5049//5049 5055//5055 5054//5054
f 5048//5048 5047//5047 5056//5056
f 5048//5048 5056//5056 5055//5055
f 5047//5047 5046//5046 5057//5057
f 5047//5047 5057//5057 5056//5056
f 5046//5046 5045//5045 5058//5058
f 5046//5046 5058//5058 5057//5057
f 5045//5045 5044//5044 5059//5059
f 5045//5045 5059//5059 5058//5058
f 5044//5044 5043//5043 5060//5060
f 5044//5044 5060//5060 5059//5059
f 5043//5043 5042//5042 5061//5061
f 5043//5043 5061//5061 5060//5060
f 5042//5042 5051//5051 5053//5053
f 5042//5042 5053//5053 5061//5061
f 5053//5053 5052//5052 5062//5062
f 5053//5053 5062//5062 5063//5063
f 5052//5052 5054//5054 5064//5064
f 5052//5052 5064//5064 5062//5062
f 5054//5054 5055//5055 5065//5065
f 5054//5054 5065//5065 5064//5064
f 5055//5055 5056//5056 5066//5066
f 5055//5055 5066//5066 5065//5065
f 5056//5056 5057//5057 5067//5067
f 5056//5056 5067//5067 5066//5066
f 5057//5057 5058//5058 5068//5068
f 5057//5057 5068//5068 5067//5067
f 5058//5058 5059//5059 5069//5069
f 5058//5058 5069//5069 5068//5068
f 5059//5059 5060//5060 5070//5070
f 5059//5059 5070//5070 5069//5069
f 5060//5060 5061//5061 5071//5071
f 5060//5060 5071//5071 5070//5070
f 5061//5061 5053//5053 5063//5063
f 5061//5061 5063//5063 5071//5071
f 5063//5063 5062//5062 5072//5072
f 5063//5063 5072//5072 5073//5073
f 5062//5062 5064//5064 5074//5074
f 5062//5062 5074//5074 5072//5072
f 5064//5064 5065//5065 5075//5075
f 5064//5064 5075//5075 5074//5074
f 5065//5065 5066//5066 5076//5076
f 5065//5065 5076//5076 5075//5075
f 5066//5066 5067//5067 5077//5077
f 5066//5066 5077//5077 5076//5076
f 5067//5067 5068//5068 5078//5078
f 5067//5067 5078//5078 5077//5077
f 5068//5068 5069//5069 5079//5079
f 5068//5068 5079//5079 5078//5078
f 5069//5069 5070//5070 5080//5080
f 5069//5069 5080//5080 5079//5079
f 5070//5070 5071//5071 5081//5081
f 5070//5070 5081//5081 5080//5080
f 5071//5071 5063//5063 5073//5073
f 5071//5071 5073//5073 5081//5081
f 5073//5073 5072//5072 5082//5082
f 5073//5073 5082//5082 5083//5083
f 5072//5072 5074//5074 5084//5084
f 5072//5072 5084//5084 5082//5082
f 5074//5074 5075//5075 5085//5085
f 5074//5074 5085//5085 5084//5084
f 5075//5075 5076//5076 5086//5086
f 5075//5075 5086//5086 5085//5085
f 5076//5076 5077//5077 5087//5087
f 5076//5076 5087//5087 5086//5086
f 5077//5077 5078//5078 5088//5088
f 5077//5077 5088//5088 5087//5087
f 5078//5078 5079//5079 5089//5089
f 5078//5078 5089//5089 5088//5088
f 5079//5079 5080//5080 5090//5090
f 5079//5079 5090//5090 5089//5089
f 5080//5080 5081//5081 5091//5091
f 5080//5080 5091//5091 5090//5090
f 5081//5081 5073//5073 5083//5083
f 5081//5081 5083//5083 5091//5091
f 5083//5083 5082//5082 5092//5092
f 5083//5083 5092//5092 5093//5093
f 5082//5082 5084//5084 5094//5094
f 5082//5082 5094//5094 5092//5092
f 5084//5084 5085//5085 5095//5095
f 5084//5084 5095//5095 5094//5094
f 5085//5085 5086//5086 5096//5096
f 5085//5085 5096//5096 5095//5095
f 5086//5086 5087//5087 5097//5097
f 5086//5086 5097//5097 5096//5096
f 5087//5087 5088//5088 5098//5098
f 5087//5087 5098//5098 5097//5097
f 5088//5088 5089//5089 5099//5099
f 5088//5088 5099//5099 5098//5098
f 5089//5089 5090//5090 5100//5100
f 5089//5089 5100//5100 5099//5099
f 5090//5090 5091//5091 5101//5101
f 5090//5090 5101//5101 5100//5100
f 5091//5091 5083//5083 5093//5093
f 5091//5091 5093//5093 5101//5101
f 5093//5093 5092//5092 5102//5102
f 5093//5093 5102//5102 5103//5103
f 5092//5092 5094//5094 5104//5104
f 5092//5092 5104//5104 5102//5102
f 5094//5094 5095//5095 5105//5105
f 5094//5094 5105//5105 5104//5104
f 5095//5095 5096//5096 5106//5106
f 5095//5095 5106//5106 5105//5105
f 5096//5096 5097//5097 5107//5107
f 5096//5096 5107//5107 5106//5106
f 5097//5097 5098//5098 5108//5108
f 5097//5097 5108//5108 5107//5107
f 5098//5098 5099//5099 5109//5109
f 5098//5098 5109//5109 5108//5108
f 5099//5099 5100//5100 5110//5110
f 5099//5099 5110//5110 5109//5109
f 5100//5100 5101//5101 5111//5111
f 5100//5100 5111//5111 5110//5110
f 5101//5101 5093//5093 5103//5103
f 5101//5101 5103//5103 5111//5111
f 5103//5103 5102//5102 5112//5112
f 5103//5103 5112//5112 5113//5113
f 5102//5102 5104//5104 5114//5114
f 5102//5102 5114//5114 5112//5112
f 5104//5104 5105//5105 5115//5115
f 5104//5104 5115//5115 5114//5114
f 5105//5105 5106//5106 5116//5116
f 5105//5105 5116//5116 5115//5115
f 5106//5106 5107//5107 5117//5117
f 5106//5106 5117//5117 5116//5116
f 5107//5107 5108//5108 5118//5118
f 5107//5107 5118//5118 5117//5117
f 5108//5108 5109//5109 5119//5119
f 5108//5108 5119//5119 5118//5118
f 5109//5109 5110//5110 5120//5120
f 5109//5109 5120//5120 5119//5119
f 5110//5110 5111//5111 5121//5121
f 5110//5110 5121//5121 5120//5120
f 5111//5111 5103//5103 5113//5113
f 5111//5111 5113//5113 5121//5121
f 5113//5113 5112//5112 5122//5122
f 5113//5113 5122//5122 5123//5123
f 5112//5112 5114//5114 5124//5124
f 5112//5112 5124//5124 5122//5122
f 5114//5114 5115//5115 5125//5125
f 5114//5114 5125//5125 5124//5124
f 5115//5115 5116//5116 5126//5126
f 5115//5115 5126//5126 5125//5125
f 5116//5116 5117//5117 5127//5127
f 5116//5116 5127//5127 5126//5126
f 5117//5117 5118//5118 5128//5128
f 5117//5117 5128//5128 5127//5127
f 5118//5118 5119//5119 5129//5129
f 5118//5118 5129//5129 5128//5128
f 5119//5119 5120//5120 5130//5130
f 5119//5119 5130//5130 5129//5129
f 5120//5120 5121//5121 5131//5131
f 5120//5120 5131//5131 5130//5130
f 5121//5121 5113//5113 5123//5123
f 5121//5121 5123//5123 5131//5131
f 5123//5123 5122//5122 5132//5132
f 5123//5123 5132//5132 5133//5133
f 5122//5122 5124//5124 5134//5134
f 5122//5122 5134//5134 5132//5132
f 5124//5124 5125//5125 5135//5135
f 5124//5124 5135//5135 5134//5134
f 5125//5125 5126//5126 5136//5136
f 5125//5125 5136//5136 5135//5135
f 5126//5126 5127//5127 5137//5137
f 5126//5126 5137//5137 5136//5136
f 5127//5127 5128//5128 5138//5138
f 5127//5127 5138//5138 5137//5137
f 5128//5128 5129//5129 5139//5139
f 5128//5128 5139//5139 5138//5138
f 5129//5129 5130//5130 5140//5140
f 5129//5129 5140//5140 5139//5139
f 5130//5130 5131//5131 5141//5141
f 5130//5130 5141//5141 5140//5140
f 5131//5131 5123//5123 5133//5133
f 5131//5131 5133//5133 5141//5141
f 5133//5133 5132//5132 5142//5142
f 5133//5133 5142//5142 5143//5143
f 5132//5132 5134//5134 5144//5144
f 5132//5132 5144//5144 5142//5142
f 5134//5134 5135//5135 5145//5145
f 5134//5134 5145//5145 5144//5144
f 5135//5135 5136//5136 5146//5146
f 5135//5135 5146//5146 5145//5145
f 5136//5136 5137//5137 5147//5147
f 5136//5136 5147//5147 5146//5146
f 5137//5137 5138//5138 5148//5148
f 5137//5137 5148//5148 5147//5147
f 5138//5138 5139//5139 5149//5149
f 5138//5138 5149//5149 5148//5148
f 5139//5139 5140//5140 5150//5150
f 5139//5139 5150//5150 5149//5149
f 5140//5140 5141//5141 5151//5151
f 5140//5140 5151//5151 5150//5150
f 5141//5141 5133//5133 5143//5143
f 5141//5141 5143//5143 5151//5151
f 5143//5143 5142//5142 5152//5152
f 5143//5143 5152//5152 5153//5153
f 5142//5142 5144//5144 5154//5154
f 5142//5142 5154//5154 5152//5152
f 5144//5144 5145//5145 5155//5155
f 5144//5144 5155//5155 5154//5154
f 5145//5145 5146//5146 5156//5156
f 5145//5145 5156//5156 5155//5155
f 5146//5146 5147//5147 5157//5157
f 5146//5146 5157//5157 5156//5156
f 5147//5147 5148//5148 5158//5158
f 5147//5147 5158//5158 5157//5157
f 5148//5148 5149//5149 5159//5159
f 5148//5148 5159//5159 5158//5158
f 5149//5149 5150//5150 5160//5160
f 5149//5149 5160//5160 5159//5159
f 5150//5150 5151//5151 5161//5161
f 5150//5150 5161//5161 5160//5160
f 5151//5151 5143//5143 5153//5153
f 5151//5151 5153//5153 5161//5161
f 5153//5153 5152//5152 5162//5162
f 5153//5153 5162//5162 5163//5163
f 5152//5152 5154//5154 5164//5164
f 5152//5152 5164//5164 5162//5162
f 5154//5154 5155//5155 5165//5165
f 5154//5154 5165//5165 5164//5164
f 5155//5155 5156//5156 5166//5166
f 5155//5155 5166//5166 5165//5165
f 5156//5156 5157//5157 5167//5167
f 5156//5156 5167//5167 5166//5166
f 5157//5157 5158//5158 5168//5168
f 5157//5157 5168//5168 5167//5167
f 5158//5158 5159//5159 5169//5169
f 5158//5158 5169//5169 5168//5168
f 5159//5159 5160//5160 5170//5170
f 5159//5159 5170//5170 5169//5169
f 5160//5160 5161//5161 5171//5171
f 5160//5160 5171//5171 5170//5170
f 5161//5161 5153//5153 5163//5163
f 5161//5161 5163//5163 5171//5171
f 5163//5163 5162//5162 5172//5172
f 5163//5163 5172//5172 5173//5173
f 5162//5162 5164//5164 5174//5174
f 5162//5162 5174//5174 5172//5172
f 5164//5164 5165//5165 5175//5175
f 5164//5164 5175//5175 5174//5174
f 5165//5165 5166//5166 5176//5176
f 5165//5165 5176//5176 5175//5175
f 5166//5166 5167//5167 5177//5177
f 5166//5166 5177//5177 5176//5176
f 5167//5167 5168//5168 5178//5178
f 5167//5167 5178//5178 5177//5177
f 5168//5168 5169//5169 5179//5179
f 5168//5168 5179//5179 5178//5178
f 5169//5169 5170//5170 5180//5180
f 5169//5169 5180//5180 5179//5179
f 5170//5170 5171//5171 5181//5181
f 5170//5170 5181//5181 5180//5180
f 5171//5171 5163//5163 5173//5173
f 5171//5171 5173//5173 5181//5181
f 5173//5173 5172//5172 5182//5182
f 5173//5173 5182//5182 5183//5183
f 5172//5172 5174//5174 5184//5184
f 5172//5172 5184//5184 5182//5182
f 5174//5174 5175//5175 5185//5185
f 5174//5174 5185//5185 5184//5184
f 5175//5175 5176//5176 5186//5186
f 5175//5175 5186//5186 5185//5185
f 5176//5176 5177//5177 5187//5187
f 5176//5176 5187//5187 5186//5186
f 5177//5177 5178//5178 5188//5188
f 5177//5177 5188//5188 5187//5187
f 5178//5178 5179//5179 5189//5189
f 5178//5178 5189//5189 5188//5188
f 5179//5179 5180//5180 5190//5190
f 5179//5179 5190//5190 5189//5189
f 5180//5180 5181//5181 5191//5191
f 5180//5180 5191//5191 5190//5190
f 5181//5181 5173//5173 5183//5183
f 5181//5181 5183//5183 5191//5191
f 5183//5183 5182//5182 5192//5192
f 5183//5183 5192//5192 5193//5193
f 5182//5182 5184//5184 5194//5194
f 5182//5182 5194//5194 5192//5192
f 5184//5184 5185//5185 5195//5195
f 5184//5184 5195//5195 5194//5194
f 5185//5185 5186//5186 5196//5196
f 5185//5185 5196//5196 5195//5195
f 5186//5186 5187//5187 5197//5197
f 5186//5186 5197//5197 5196//5196
f 5187//5187 5188//5188 5198//5198
f 5187//5187 5198//5198 5197//5197
f 5188//5188 5189//5189 5199//5199
f 5188//5188 5199//5199 5198//5198
f 5189//5189 5190//5190 5200//5200
f 5189//5189 5200//5200 5199//5199
f 5190//5190 5191//5191 5201//5201
f 5190//5190 5201//5201 5200//5200
f 5191//5191 5183//5183 5193//5193
f 5191//5191 5193//5193 5201//5201
f 5193//5193 5192//5192 5202//5202
f 5193//5193 5202//5202 5203//5203
f 5192//5192 5194//5194 5204//5204
f 5192//5192 5204//5204 5202//5202
f 5194//5194 5195//5195 5205//5205
f 5194//5194 5205//5205 5204//5204
f 5195//5195 5196//5196 5206//5206
f 5195//5195 5206//5206 5205//5205
f 5196//5196 5197//5197 5207//5207
f 5196//5196 5207//5207 5206//5206
f 5197//5197 5198//5198 5208//5208
f 5197//5197 5208//5208 5207//5207
f 5198//5198 5199//5199 5209//5209
f 5198//5198 5209//5209 5208//5208
f 5199//5199 5200//5200 5210//5210
f 5199//5199 5210//5210 5209//5209
f 5200//5200 5201//5201 5211//5211
f 5200//5200 5211//5211 5210//5210
f 5201//5201 5193//5193 5203//5203
f 5201//5201 5203//5203 5211//5211
f 5203//5203 5202//5202 5204//5204
f 5203//5203 5204//5204 5205//5205
f 5203//5203 5205//5205 5206//5206
f 5203//5203 5206//5206 5207//5207
f 5203//5203 5207//5207 5208//5208
f 5203//5203 5208//5208 5209//5209
f 5203//5203 5209//5209 5210//5210
f 5203//5203 5210//5210 5211//5211
f 5212//5212 5213//5213 5214//5214
f 5212//5212 5214//5214 5215//5215
f 5212//5212 5215//5215 5216//5216
f 5212//5212 5216//5216 5217//5217
f 5212//5212 5217//5217 5218//5218
f 5212//5212 5218//5218 5219//5219
f 5212//5212 5219//5219 5220//5220
f 5212//5212 5220//5220 5221//5221
f 5221//5221 5220//5220 5222//5222
f 5221//5221 5222//5222 5223//5223
f 5220//5220 5219//5219 5224//5224
f 5220//5220 5224//5224 5222//5222
f 5219//5219 5218//5218 5225//5225
f 5219//5219 5225//5225 5224//5224
f 5218//5218 5217//5217 5226//5226
f 5218//5218 5226//5226 5225//5225
f 5217//5217 5216//5216 5227//5227
f 5217//5217 5227//5227 5226//5226
f 5216//5216 5215//5215 5228//5228
f 5216//5216 5228//5228 5227//5227
f 5215//5215 5214//5214 5229//5229
f 5215//5215 5229//5229 5228//5228
f 5214//5214 5213//5213 5230//5230
f 5214//5214 5230//5230 5229//5229
f 5213//5213 5212//5212 5231//5231
f 5213//5213 5231//5231 5230//5230
f 5212//5212 5221//5221 5223//5223
f 5212//5212 5223//5223 5231//5231
f 5223//5223 5222//5222 5232//5232
f 5223//5223 5232//5232 5233//5233
f 5222//5222 5224//5224 5234//5234
f 5222//5222 5234//5234 5232//5232
f 5224//5224 5225//5225 5235//5235
f 5224//5224 5235//5235 5234//5234
f 5225//5225 5226//5226 5236//5236
f 5225//5225 5236//5236 5235//5235
f 5226//5226 5227//5227 5237//5237
f 5226//5226 5237//5237 5236//5236
f 5227//5227 5228//5228 5238//5238
f 5227//5227 5238//5238 5237//5237
f 5228//5228 5229//5229 5239//5239
f 5228//5228 5239//5239 5238//5238
f 5229//5229 5230//5230 5240//5240
f 5229//5229 5240//5240 5239//5239
f 5230//5230 5231//5231 5241//5241
f 5230//5230 5241//5241 5240//5240
f 5231//5231 5223//5223 5233//5233
f 5231//5231 5233//5233 5241//5241
f 5233//5233 5232//5232 5242//5242
f 5233//5233 5242//5242 5243//5243
f 5232//5232 5234//5234 5244//5244
f 5232//5232 5244//5244 5242//5242
f 5234//5234 5235//5235 5245//5245
f 5234//5234 5245//5245 5244//5244
f 5235//5235 5236//5236 5246//5246
f 5235//5235 5246//5246 5245//5245
f 5236//5236 5237//5237 5247//5247
f 5236//5236 5247//5247 5246//5246
f 5237//5237 5238//5238 5248//5248
f 5237//5237 5248//5248 5247//5247
f 5238//5238 5239//5239 5249//5249
f 5238//5238 5249//5249 5248//5248
f 5239//5239 5240//5240 5250//5250
f 5239//5239 5250//5250 5249//5249
f 5240//5240 5241//5241 5251//5251
f 5240//5240 5251//5251 5250//5250
f 5241//5241 5233//5233 5243//5243
f 5241//5241 5243//5243 5251//5251
f 5243//5243 5242//5242 5252//5252
f 5243//5243 5252//5252 5253//5253
f 5242//5242 5244//5244 5254//5254
f 5242//5242 5254//5254 5252//5252
f 5244//5244 5245//5245 5255//5255
f 5244//5244 5255//5255 5254//5254
f 5245//5245 5246//5246 5256//5256
f 5245//5245 5256//5256 5255//5255
f 5246//5246 5247//5247 5257//5257
f 5246//5246 5257//5257 5256//5256
f 5247//5247 5248//5248 5258//5258
f 5247//5247 5258//5258 5257//5257
f 5248//5248 5249//5249 5259//5259
f 5248//5248 5259//5259 5258//5258
f 5249//5249 5250//5250 5260//5260
f 5249//5249 5260//5260 5259//5259
f 5250//5250 5251//5251 5261//5261
f 5250//5250 5261//5261 5260//5260
f 5251//5251 5243//5243 5253//5253
f 5251//5251 5253//5253 5261//5261
f 5253//5253 5252//5252 5262//5262
f 5253//5253 5262//5262 5263//5263
f 5252//5252 5254//5254 5264//5264
f 5252//5252 5264//5264 5262//5262
f 5254//5254 5255//5255 5265//5265
f 5254//5254 5265//5265 5264//5264
f 5255//5255 5256//5256 5266//5266
f 5255//5255 5266//5266 5265//5265
f 5256//5256 5257//5257 5267//5267
f 5256//5256 5267//5267 5266//5266
f 5257//5257 5258//5258 5268//5268
f 5257//5257 5268//5268 5267//5267
f 5258//5258 5259//5259 5269//5269
f 5258//5258 5269//5269 5268//5268
f 5259//5259 5260//5260 5270//5270
f 5259//5259 5270//5270 5269//5269
f 5260//5260 5261//5261 5271//5271
f 5260//5260 5271//5271 5270//5270
f 5261//5261 5253//5253 5263//5263
f 5261//5261 5263//5263 5271//5271
f 5263//5263 5262//5262 5272//5272
f 5263//5263 5272//5272 5273//5273
f 5262//5262 5264//5264 5274//5274
f 5262//5262 5274//5274 5272//5272
f 5264//5264 5265//5265 5275//5275
f 5264//5264 5275//5275 5274//5274
f 5265//5265 5266//5266 5276//5276
f 5265//5265 5276//5276 5275//5275
f 5266//5266 5267//5267 5277//5277
f 5266//5266 5277//5277 5276//5276
f 5267//5267 5268//5268 5278//5278
f 5267//5267 5278//5278 5277//5277
f 5268//5268 5269//5269 5279//5279
f 5268//5268 5279//5279 5278//5278
f 5269//5269 5270//5270 5280//5280
f 5269//5269 5280//5280 5279//5279
f 5270//5270 5271//5271 5281//5281
f 5270//5270 5281//5281 5280//5280
f 5271//5271 5263//5263 5273//5273
f 5271//5271 5273//5273 5281//5281
f 5273//5273 5272//5272 5282//5282
f 5273//5273 5282//5282 5283//5283
f 5272//5272 5274//5274 5284//5284
f 5272//5272 5284//5284 5282//5282
f 5274//5274 5275//5275 5285//5285
f 5274//5274 5285//5285 5284//5284
f 5275//5275 5276//5276 5286//5286
f 5275//5275 5286//5286 5285//5285
f 5276//5276 5277//5277 5287//5287
f 5276//5276 5287//5287 5286//5286
f 5277//5277 5278//5278 5288//5288
f 5277//5277 5288//5288 5287//5287
f 5278//5278 5279//5279 5289//5289
f 5278//5278 5289//5289 5288//5288
f 5279//5279 5280//5280 5290//5290
f 5279//5279 5290//5290 5289//5289
f 5280//5280 5281//5281 5291//5291
f 5280//5280 5291//5291 5290//5290
f 5281//5281 5273//5273 5283//5283
f 5281//5281 5283//5283 5291//5291
f 5283//5283 5282//5282 5292//5292
f 5283//5283 5292//5292 5293//5293
f 5282//5282 5284//5284 5294//5294
f 5282//5282 5294//5294 5292//5292
f 5284//5284 5285//5285 5295//5295
f 5284//5284 5295//5295 5294//5294
f 5285//5285 5286//5286 5296//5296
f 5285//5285 5296//5296 5295//5295
f 5286//5286 5287//5287 5297//5297
f 5286//5286 5297//5297 5296//5296
f 5287//5287 5288//5288 5298//5298
f 5287//5287 5298//5298 5297//5297
f 5288//5288 5289//5289 5299//5299
f 5288//5288 5299//5299 5298//5298
f 5289//5289 5290//5290 5300//5300
f 5289//5289 5300//5300 5299//5299
f 5290//5290 5291//5291 5301//5301
f 5290//5290 5301//5301 5300//5300
f 5291//5291 5283//5283 5293//5293
f 5291//5291 5293//5293 5301//5301
f 5293//5293 5292//5292 5302//5302
f 5293//5293 5302//5302 5303//5303
f 5292//5292 5294//5294 5304//5304
f 5292//5292 5304//5304 5302//5302
f 5294//5294 5295//5295 5305//5305
f 5294//5294 5305//5305 5304//5304
f 5295//5295 5296//5296 5306//5306
f 5295//5295 5306//5306 5305//5305
f 5296//5296 5297//5297 5307//5307
f 5296//5296 5307//5307 5306//5306
f 5297//5297 5298//5298 5308//5308
f 5297//5297 5308//5308 5307//5307
f 5298//5298 5299//5299 5309//5309
f 5298//5298 5309//5309 5308//5308
f 5299//5299 5300//5300 5310//5310
f 5299//5299 5310//5310 5309//5309
f 5300//5300 5301//5301 5311//5311
f 5300//5300 5311//5311 5310//5310
f 5301//5301 5293//5293 5303//5303
f 5301//5301 5303//5303 5311//5311
f 5303//5303 5302//5302 5312//5312
f 5303//5303 5312//5312 5313//5313
f 5302//5302 5304//5304 5314//5314
f 5302//5302 5314//5314 5312//5312
f 5304//5304 5305//5305 5315//5315
f 5304//5304 5315//5315 5314//5314
f 5305//5305 5306//5306 5316//5316
f 5305//5305 5316//5316 5315//5315
f 5306//5306 5307//5307 5317//5317
f 5306//5306 5317//5317 5316//5316
f 5307//5307 5308//5308 5318//5318
f 5307//5307 5318//5318 5317//5317
f 5308//5308 5309//5309 5319//5319
f 5308//5308 5319//5319 5318//5318
f 5309//5309 5310//5310 5320//5320
f 5309//5309 5320//5320 5319//5319
f 5310//5310 5311//5311 5321//5321
f 5310//5310 5321//5321 5320//5320
f 5311//5311 5303//5303 5313//5313
f 5311//5311 5313//5313 5321//5321
f 5313//5313 5312//5312 5322//5322
f 5313//5313 5322//5322 5323//5323
f 5312//5312 5314//5314 5324//5324
f 5312//5312 5324//5324 5322//5322
f 5314//5314 5315//5315 5325//5325
f 5314//5314 5325//5325 5324//5324
f 5315//5315 5316//5316 5326//5326
f 5315//5315 5326//5326 5325//5325
f 5316//5316 5317//5317 5327//5327
f 5316//5316 5327//5327 5326//5326
f 5317//5317 5318//5318 5328//5328
f 5317//5317 5328//5328 5327//5327
f 5318//5318 5319//5319 5329//5329
f 5318//5318 5329//5329 5328//5328
f 5319//5319 5320//5320 5330//5330
f 5319//5319 5330//5330 5329//5329
f 5320//5320 5321//5321 5331//5331
f 5320//5320 5331//5331 5330//5330
f 5321//5321 5313//5313 5323//5323
f 5321//5321 5323//5323 5331//5331
f 5323//5323 5322//5322 5332//5332
f 5323//5323 5332//5332 5333//5333
f 5322//5322 5324//5324 5334//5334
f 5322//5322 5334//5334 5332//5332
f 5324//5324 5325//5325 5335//5335
f 5324//5324 5335//5335 5334//5334
f 5325//5325 5326//5326 5336//5336
f 5325//5325 5336//5336 5335//5335
f 5326//5326 5327//5327 5337//5337
f 5326//5326 5337//5337 5336//5336
f 5327//5327 5328//5328 5338//5338
f 5327//5327 5338//5338 5337//5337
f 5328//5328 5329//5329 5339//5339
f 5328//5328 5339//5339 5338//5338
f 5329//5329 5330//5330 5340//5340
f 5329//5329 5340//5340 5339//5339
f 5330//5330 5331//5331 5341//5341
f 5330//5330 5341//5341 5340//5340
f 5331//5331 5323//5323 5333//5333
f 5331//5331 5333//5333 5341//5341
f 5333//5333 5332//5332 5342//5342
f 5333//5333 5342//5342 5343//5343
f 5332//5332 5334//5334 5344//5344
f 5332//5332 5344//5344 5342//5342
f 5334//5334 5335//5335 5345//5345
f 5334//5334 5345//5345 5344//5344
f 5335//5335 5336//5336 5346//5346
f 5335//5335 5346//5346 5345//5345
f 5336//5336 5337//5337 5347//5347
f 5336//5336 5347//5347 5346//5346
f 5337//5337 5338//5338 5348//5348
f 5337//5337 5348//5348 5347//5347
f 5338//5338 5339//5339 5349//5349
f 5338//5338 5349//5349 5348//5348
f 5339//5339 5340//5340 5350//5350
f 5339//5339 5350//5350 5349//5349
f 5340//5340 5341//5341 5351//5351
f 5340//5340 5351//5351 5350//5350
f 5341//5341 5333//5333 5343//5343
f 5341//5341 5343//5343 5351//5351
f 5343//5343 5342//5342 5352//5352
f 5343//5343 5352//5352 5353//5353
f 5342//5342 5344//5344 5354//5354
f 5342//5342 5354//5354 5352//5352
f 5344//5344 5345//5345 5355//5355
f 5344//5344 5355//5355 5354//5354
f 5345//5345 5346//5346 5356//5356
f 5345//5345 5356//5356 5355//5355
f 5346//5346 5347//5347 5357//5357
f 5346//5346 5357//5357 5356//5356
f 5347//5347 5348//5348 5358//5358
f 5347//5347 5358//5358 5357//5357
f 5348//5348 5349//5349 5359//5359
f 5348//5348 5359//5359 5358//5358
f 5349//5349 5350//5350 5360//5360
f 5349//5349 5360//5360 5359//5359
f 5350//5350 5351//5351 5361//5361
f 5350//5350 5361//5361 5360//5360
f 5351//5351 5343//5343 5353//5353
f 5351//5351 5353//5353 5361//5361
f 5353//5353 5352//5352 5362//5362
f 5353//5353 5362//5362 5363//5363
f 5352//5352 5354//5354 5364//5364
f 5352//5352 5364//5364 5362//5362
f 5354//5354 5355//5355 5365//5365
f 5354//5354 5365//5365 5364//5364
f 5355//5355 5356//5356 5366//5366
f 5355//5355 5366//5366 5365//5365
f 5356//5356 5357//5357 5367//5367
f 5356//5356 5367//5367 5366//5366
f 5357//5357 5358//5358 5368//5368
f 5357//5357 5368//5368 5367//5367
f 5358//5358 5359//5359 5369//5369
f 5358//5358 5369//5369 5368//5368
f 5359//5359 5360//5360 5370//5370
f 5359//5359 5370//5370 5369//5369
f 5360//5360 5361//5361 5371//5371
f 5360//5360 5371//5371 5370//5370
f 5361//5361 5353//5353 5363//5363
f 5361//5361 5363//5363 5371//5371
f 5363//5363 5362//5362 5372//5372
f 5363//5363 5372//5372 5373//5373
f 5362//5362 5364//5364 5374//5374
f 5362//5362 5374//5374 5372//5372
f 5364//5364 5365//5365 5375//5375
f 5364//5364 5375//5375 5374//5374
f 5365//5365 5366//5366 5376//5376
f 5365//5365 5376//5376 5375//5375
f 5366//5366 5367//5367 5377//5377
f 5366//5366 5377//5377 5376//5376
f 5367//5367 5368//5368 5378//5378
f 5367//5367 5378//5378 5377//5377
f 5368//5368 5369//5369 5379//5379
f 5368//5368 5379//5379 5378//5378
f 5369//5369 5370//5370 5380//5380
f 5369//5369 5380//5380 5379//5379
f 5370//5370 5371//5371 5381//5381
f 5370//5370 5381//5381 5380//5380
f 5371//5371 5363//5363 5373//5373
f 5371//5371 5373//5373 5381//5381
f 5373//5373 5372//5372 5374//5374
f 5373//5373 5374//5374 5375//5375
f 5373//5373 5375//5375 5376//5376
f 5373//5373 5376//5376 5377//5377
f 5373//5373 5377//5377 5378//5378
f 5373//5373 5378//5378 5379//5379
f 5373//5373 5379//5379 5380//5380
f 5373//5373 5380//5380 5381//5381