# JOJO v0.4.2, +Y forward +Z up
mtllib palette.mtl
o 01_jotaro_cap
v 0.786892 0.708521 1.022537
v 0.811882 0.679742 1.022537
v 0.832713 0.696685 1.003192
v 0.808146 0.727658 1.007006
v 0.83582 0.650082 1.022537
v 0.857788 0.666174 0.998369
v 0.858675 0.61958 1.022537
v 0.882748 0.635457 0.993803
v 0.880417 0.588276 1.022537
v 0.906699 0.603843 0.990533
v 0.901018 0.556209 1.022537
v 0.928545 0.570711 0.989458
v 0.920452 0.523421 1.022537
v 0.948038 0.536125 0.990242
v 0.938694 0.489955 1.022537
v 0.965608 0.500532 0.991894
v 0.955719 0.455855 1.022537
v 0.981646 0.464267 0.993861
v 0.971506 0.421163 1.022537
v 0.996728 0.427661 0.995735
v 0.986034 0.385926 1.022537
v 1.011549 0.390994 0.997191
v 0.999284 0.350189 1.022537
v 1.026499 0.35432 0.99824
v 1.01124 0.313998 1.022537
v 1.041197 0.317402 0.999515
v 1.021886 0.277401 1.022537
v 1.055363 0.280095 1.001096
v 1.031207 0.240444 1.022537
v 1.068516 0.242253 1.002865
v 1.039193 0.203175 1.022537
v 1.080019 0.203774 1.004581
v 1.045832 0.165643 1.022537
v 1.089189 0.164641 1.005983
v 1.051116 0.127897 1.022537
v 1.095438 0.12495 1.006892
v 1.055038 0.089985 1.022537
v 1.098546 0.084902 1.007129
v 1.057593 0.051956 1.022537
v 1.098718 0.044747 1.00657
v 1.058777 0.01386 1.022537
v 1.096413 0.004705 1.005294
v 1.05859 -0.024254 1.022537
v 1.092256 -0.03508 1.003522
v 1.057032 -0.062336 1.022537
v 1.086914 -0.074554 1.001516
v 1.054103 -0.100338 1.022537
v 1.080978 -0.113752 0.99946
v 1.049809 -0.13821 1.022537
v 1.074972 -0.152783 0.997262
v 1.044155 -0.175903 1.022537
v 1.068849 -0.191735 0.995034
v 1.037148 -0.213368 1.022537
v 1.06226 -0.230621 0.992882
v 1.028797 -0.250556 1.022537
v 1.054769 -0.269384 0.990826
v 1.019113 -0.28742 1.022537
v 1.045969 -0.307906 0.988902
v 1.008109 -0.323911 1.022537
v 1.035567 -0.346046 0.987243
v 0.995798 -0.359983 1.022537
v 1.023431 -0.383674 0.986123
v 0.982198 -0.395588 1.022537
v 1.009573 -0.420692 0.985942
v 0.967324 -0.43068 1.022537
v 0.994435 -0.457198 0.98671
v 0.951198 -0.465215 1.022537
v 0.978572 -0.49342 0.988172
v 0.933838 -0.499147 1.022537
v 0.962039 -0.529408 0.990349
v 0.915269 -0.532432 1.022537
v 0.944685 -0.565104 0.993057
v 0.895514 -0.565027 1.022537
v 0.926187 -0.600307 0.995913
v 0.874599 -0.596891 1.022537
v 0.906128 -0.634688 0.998402
v 0.852551 -0.62798 1.022537
v 0.884144 -0.667865 0.999994
v 0.829397 -0.658257 1.022537
v 0.860356 -0.699752 0.999836
v 0.80517 -0.68768 1.022537
v 0.834809 -0.730209 0.997742
v 0.779899 -0.716212 1.022537
v 0.807593 -0.759125 0.994118
v 0.753617 -0.743816 1.022537
v 0.778993 -0.786588 0.989609
v 0.726359 -0.770457 1.022537
v 0.749366 -0.812816 0.984977
v 0.69816 -0.796099 1.022537
v 0.719004 -0.838046 0.980941
v 0.669057 -0.82071 1.022537
v 0.688042 -0.862394 0.978037
v 0.639086 -0.844257 1.022537
v 0.65643 -0.885774 0.976552
v 0.608288 -0.866711 1.022537
v 0.624083 -0.908019 0.976357
v 0.576701 -0.888042 1.022537
v 0.591008 -0.929063 0.976913
v 0.544367 -0.908222 1.022537
v 0.557196 -0.948789 0.977812
v 0.511328 -0.927225 1.022537
v 0.522732 -0.967229 0.97881
v 0.477626 -0.945027 1.022537
v 0.487799 -0.984631 0.979862
v 0.443305 -0.961604 1.022537
v 0.452607 -1.001411 0.981074
v 0.408411 -0.976935 1.022537
v 0.417309 -1.018015 0.982558
v 0.372986 -0.991001 1.022537
v 0.381871 -1.034576 0.984453
v 0.337079 -1.003783 1.022537
v 0.346115 -1.050843 0.986713
v 0.300735 -1.015264 1.022537
v 0.309822 -1.066271 0.988941
v 0.264001 -1.025429 1.022537
v 0.272798 -1.080088 0.990566
v 0.226925 -1.034266 1.022537
v 0.234962 -1.091515 0.991037
v 0.189555 -1.041763 1.022537
v 0.196388 -1.100016 0.990043
v 0.15194 -1.04791 1.022537
v 0.157278 -1.10547 0.98765
v 0.114127 -1.0527 1.022537
v 0.117895 -1.108199 0.984306
v 0.076167 -1.056125 1.022537
v 0.078474 -1.108831 0.980705
v 0.038108 -1.058182 1.022537
v 0.039159 -1.108052 0.977574
v 0.0 -1.058868 1.022537
v 0.0 -1.106329 0.975485
v -0.038108 -1.058182 1.022537
v -0.039006 -1.103732 0.974755
v -0.076167 -1.056125 1.022537
v -0.077864 -1.10022 0.975137
v -0.114127 -1.0527 1.022537
v -0.116553 -1.095589 0.976178
v -0.15194 -1.04791 1.022537
v -0.155028 -1.089657 0.977444
v -0.189555 -1.041763 1.022537
v -0.193251 -1.082445 0.978675
v -0.226925 -1.034266 1.022537
v -0.231241 -1.074228 0.979844
v -0.264001 -1.025429 1.022537
v -0.269102 -1.065453 0.981089
v -0.300735 -1.015264 1.022537
v -0.306994 -1.05654 0.982557
v -0.337079 -1.003783 1.022537
v -0.345007 -1.047479 0.984469
v -0.372986 -0.991001 1.022537
v -0.383104 -1.037918 0.986785
v -0.408411 -0.976935 1.022537
v -0.421103 -1.02727 0.989115
v -0.443305 -0.961604 1.022537
v -0.458665 -1.014815 0.990914
v -0.477626 -0.945027 1.022537
v -0.495373 -0.999921 0.99168
v -0.511328 -0.927225 1.022537
v -0.530843 -0.982237 0.99115
v -0.544367 -0.908222 1.022537
v -0.564836 -0.961798 0.989412
v -0.576701 -0.888042 1.022537
v -0.597315 -0.938978 0.986889
v -0.608288 -0.866711 1.022537
v -0.628273 -0.914117 0.984537
v -0.639086 -0.844257 1.022537
v -0.657901 -0.887758 0.983081
v -0.669057 -0.82071 1.022537
v -0.686599 -0.860585 0.982667
v -0.69816 -0.796099 1.022537
v -0.714671 -0.832995 0.983195
v -0.726359 -0.770457 1.022537
v -0.742279 -0.805129 0.984314
v -0.753617 -0.743816 1.022537
v -0.769466 -0.776967 0.9855
v -0.779899 -0.716212 1.022537
v -0.796249 -0.748462 0.986194
v -0.80517 -0.68768 1.022537
v -0.822576 -0.719508 0.986135
v -0.829397 -0.658257 1.022537
v -0.848148 -0.689823 0.985763
v -0.852551 -0.62798 1.022537
v -0.873005 -0.659451 0.985354
v -0.874599 -0.596891 1.022537
v -0.897283 -0.628493 0.985239
v -0.895514 -0.565027 1.022537
v -0.921101 -0.59701 0.985716
v -0.915269 -0.532432 1.022537
v -0.944445 -0.56496 0.986934
v -0.933838 -0.499147 1.022537
v -0.967098 -0.532193 0.988842
v -0.951198 -0.465215 1.022537
v -0.988623 -0.498488 0.991192
v -0.967324 -0.43068 1.022537
v -1.008339 -0.46359 0.993735
v -0.982198 -0.395588 1.022537
v -1.025184 -0.427197 0.996634
v -0.995798 -0.359983 1.022537
v -1.038961 -0.389496 0.999244
v -1.008109 -0.323911 1.022537
v -1.049846 -0.350818 1.000972
v -1.019113 -0.28742 1.022537
v -1.058309 -0.311538 1.001472
v -1.028797 -0.250556 1.022537
v -1.065073 -0.272015 1.000609
v -1.037148 -0.213368 1.022537
v -1.070998 -0.232518 0.998393
v -1.044155 -0.175903 1.022537
v -1.076189 -0.193052 0.995702
v -1.049809 -0.13821 1.022537
v -1.080652 -0.15359 0.993272
v -1.054103 -0.100338 1.022537
v -1.084505 -0.114123 0.991332
v -1.057032 -0.062336 1.022537
v -1.087665 -0.074606 0.989925
v -1.05859 -0.024254 1.022537
v -1.089896 -0.035004 0.988959
v -1.058777 0.01386 1.022537
v -1.0909 0.004681 0.988291
v -1.057593 0.051956 1.022537
v -1.090424 0.04441 0.987819
v -1.055038 0.089985 1.022537
v -1.088338 0.084113 0.987553
v -1.051116 0.127897 1.022537
v -1.084583 0.123712 0.987728
v -1.045832 0.165643 1.022537
v -1.07886 0.16308 0.989083
v -1.039193 0.203175 1.022537
v -1.071627 0.20219 0.99159
v -1.031207 0.240444 1.022537
v -1.063403 0.241093 0.995006
v -1.021886 0.277401 1.022537
v -1.054537 0.279876 0.998943
v -1.01124 0.313998 1.022537
v -1.045173 0.318614 1.002824
v -0.999284 0.350189 1.022537
v -1.035262 0.357344 1.005894
v -0.986034 0.385926 1.022537
v -1.024306 0.395925 1.007701
v -0.971506 0.421163 1.022537
v -1.011558 0.434025 1.008135
v -0.955719 0.455855 1.022537
v -0.996507 0.471295 1.007159
v -0.938694 0.489955 1.022537
v -0.978899 0.507422 1.004964
v -0.920452 0.523421 1.022537
v -0.958764 0.54219 1.002
v -0.901018 0.556209 1.022537
v -0.936348 0.575507 0.998927
v -0.880417 0.588276 1.022537
v -0.911635 0.607131 0.996996
v -0.858675 0.61958 1.022537
v -0.884905 0.63701 0.997017
v -0.83582 0.650082 1.022537
v -0.857313 0.665805 0.998248
v -0.811882 0.679742 1.022537
v -0.829733 0.694192 0.99973
v -0.786892 0.708521 1.022537
v -0.80277 0.722817 1.000307
v 0.852361 0.712619 0.982085
v 0.827517 0.7451 0.988642
v 0.878971 0.681616 0.973071
v 0.906145 0.650782 0.964179
v 0.932239 0.618825 0.957643
v 0.95526 0.584596 0.955455
v 0.974822 0.548238 0.957054
v 0.991789 0.510579 0.960442
v 1.006884 0.472194 0.964433
v 1.021156 0.433651 0.968079
v 1.035883 0.395421 0.970585
v 1.051794 0.357576 0.9719
v 1.068178 0.319646 0.973321
v 1.084612 0.281362 0.975133
v 1.100344 0.242453 0.977303
v 1.114335 0.202714 0.979593
v 1.125434 0.162076 0.981703
v 1.132596 0.120653 0.983425
v 1.135397 0.07875 0.984423
v 1.134137 0.036751 0.984332
v 1.129546 -0.005007 0.983103
v 1.122655 -0.046309 0.980937
v 1.114597 -0.087097 0.978138
v 1.106416 -0.127467 0.974925
v 1.099105 -0.167661 0.971053
v 1.09262 -0.207873 0.9668
v 1.086361 -0.248167 0.962482
v 1.079569 -0.288476 0.958262
v 1.071497 -0.328623 0.954299
v 1.061564 -0.368368 0.950882
v 1.049446 -0.407479 0.948509
v 1.035068 -0.445768 0.947883
v 1.019193 -0.483423 0.948893
v 1.00285 -0.5209 0.950937
v 0.986178 -0.558336 0.954086
v 0.968999 -0.595703 0.958117
v 0.950833 -0.632748 0.962494
v 0.931023 -0.668994 0.966453
v 0.908956 -0.703851 0.969154
v 0.884858 -0.737276 0.968973
v 0.85871 -0.769035 0.965501
v 0.830498 -0.798869 0.959396
v 0.800559 -0.826842 0.951706
v 0.769394 -0.853263 0.943692
v 0.737456 -0.87851 0.936586
v 0.704976 -0.902803 0.931379
v 0.671892 -0.926041 0.928695
v 0.638098 -0.948021 0.928402
v 0.603638 -0.96872 0.929551
v 0.568475 -0.987976 0.93141
v 0.532712 -1.005839 0.933456
v 0.496605 -1.022708 0.93547
v 0.460474 -1.039283 0.937487
v 0.424563 -1.056362 0.939595
v 0.388812 -1.074246 0.942078
v 0.352923 -1.092609 0.945013
v 0.316518 -1.110654 0.94792
v 0.279243 -1.127164 0.950008
v 0.2409 -1.140837 0.950467
v 0.201533 -1.15069 0.948797
v 0.161404 -1.15638 0.945038
v 0.120895 -1.158299 0.93981
v 0.080364 -1.157391 0.934147
v 0.04004 -1.154774 0.929185
v 0.0 -1.151273 0.92589
v -0.039774 -1.14708 0.924904
v -0.079312 -1.142238 0.925863
v -0.118618 -1.136484 0.928031
v -0.157656 -1.129524 0.930647
v -0.196394 -1.121351 0.93318
v -0.23489 -1.112374 0.935443
v -0.273334 -1.103315 0.937527
v -0.312032 -1.094911 0.93959
v -0.351171 -1.087186 0.942095
v -0.390758 -1.079622 0.945147
v -0.430573 -1.071315 0.948278
v -0.470132 -1.06108 0.950742
v -0.508793 -1.047806 0.951811
v -0.545926 -1.030789 0.951066
v -0.581106 -1.009927 0.948589
v -0.614222 -0.985706 0.944979
v -0.645177 -0.958538 0.941848
v -0.674252 -0.929294 0.940357
v -0.702168 -0.899208 0.940586
v -0.72952 -0.869055 0.942284
v -0.756684 -0.839168 0.944827
v -0.783849 -0.809583 0.94731
v -0.811134 -0.780242 0.948727
v -0.838483 -0.750921 0.948603
v -0.865317 -0.720994 0.947796
v -0.891654 -0.690454 0.946743
v -0.917697 -0.659418 0.945982
v -0.943648 -0.627967 0.946034
v -0.969536 -0.596034 0.947232
v -0.995071 -0.56337 0.949613
v -1.019602 -0.529602 0.952918
v -1.042024 -0.494252 0.956927
v -1.06046 -0.456703 0.962235
v -1.074606 -0.417248 0.967643
v -1.084786 -0.376426 0.97191
v -1.091809 -0.334852 0.974159
v -1.096922 -0.293113 0.973868
v -1.101624 -0.251654 0.970795
v -1.105972 -0.210413 0.966526
v -1.109907 -0.169309 0.962452
v -1.11367 -0.128302 0.959011
v -1.117174 -0.087298 0.956361
v -1.120061 -0.046202 0.954431
v -1.121842 -0.004973 0.953048
v -1.122061 0.03636 0.952072
v -1.120441 0.077713 0.951514
v -1.116788 0.118969 0.951775
v -1.110429 0.159915 0.954253
v -1.102166 0.2005 0.958771
v -1.092977 0.24083 0.964779
v -1.083597 0.281099 0.971539
v -1.074435 0.321519 0.978027
v -1.065583 0.362264 0.982936
v -1.056242 0.403193 0.985593
v -1.045066 0.443805 0.985989
v -1.031064 0.483533 0.984155
v -1.013645 0.521831 0.980462
v -0.99268 0.558281 0.975675
v -0.968438 0.592661 0.970896
v -0.94069 0.624435 0.968417
v -0.90985 0.653443 0.969659
v -0.878108 0.680946 0.97296
v -0.847183 0.70829 0.97637
v -0.818325 0.736823 0.977659
v 0.871741 0.728315 0.960387
v 0.846507 0.762198 0.969439
v 0.899833 0.696779 0.947223
v 0.929043 0.6657 0.933905
v 0.95707 0.633266 0.923955
v 0.98114 0.597882 0.920573
v 1.000768 0.559778 0.923004
v 1.017199 0.520118 0.928208
v 1.031428 0.47968 0.934309
v 1.044903 0.439233 0.93975
v 1.059426 0.399421 0.943204
v 1.07604 0.360331 0.944525
v 1.093751 0.321298 0.945713
v 1.112048 0.281954 0.947304
v 1.129988 0.241924 0.949427
v 1.146215 0.200914 0.951934
v 1.159165 0.158807 0.954567
v 1.167365 0.115725 0.957134
v 1.170153 0.072054 0.959141
v 1.16786 0.028297 0.959927
v 1.161404 -0.015106 0.95923
v 1.15214 -0.057874 0.957138
v 1.141609 -0.099938 0.953917
v 1.131284 -0.141449 0.949777
v 1.122625 -0.182776 0.944311
v 1.115629 -0.224214 0.937988
v 1.109504 -0.265874 0.931393
v 1.103218 -0.307685 0.92488
v 1.095711 -0.349409 0.918762
v 1.08612 -0.390709 0.913497
v 1.073912 -0.43124 0.909794
v 1.058905 -0.470712 0.908628
v 1.042138 -0.509391 0.909714
v 1.025079 -0.547946 0.912058
v 1.007981 -0.586609 0.915793
v 0.990693 -0.625412 0.920709
v 0.972648 -0.664088 0.926197
v 0.953009 -0.702055 0.931333
v 0.930936 -0.73855 0.935036
v 0.906726 -0.773567 0.934908
v 0.880242 -0.806751 0.930286
v 0.85131 -0.837644 0.922029
v 0.820256 -0.866229 0.911511
v 0.787692 -0.892858 0.900418
v 0.754226 -0.918032 0.890449
v 0.720218 -0.942103 0.883035
v 0.685655 -0.965015 0.879174
v 0.650449 -0.986587 0.878784
v 0.614688 -1.006868 0.880542
v 0.578297 -1.025643 0.88341
v 0.541367 -1.042944 0.886568
v 0.50419 -1.059251 0.889564
v 0.467169 -1.075486 0.892285
v 0.430634 -1.092762 0.894748
v 0.394524 -1.111566 0.89738
v 0.358464 -1.131583 0.900455
v 0.321962 -1.151868 0.903514
v 0.284521 -1.170859 0.90567
v 0.245826 -1.186782 0.905951
v 0.205865 -1.198199 0.903704
v 0.164927 -1.204466 0.898906
v 0.123483 -1.205931 0.892257
v 0.082002 -1.203755 0.885008
v 0.040803 -1.199436 0.878602
v 0.0 -1.19417 0.874351
v -0.040426 -1.188341 0.873244
v -0.080531 -1.182151 0.874843
v -0.120349 -1.175318 0.878188
v -0.159857 -1.167435 0.882228
v -0.199031 -1.158422 0.886143
v -0.237947 -1.148745 0.889528
v -0.276861 -1.139335 0.892353
v -0.31619 -1.131216 0.894737
v -0.356219 -1.124496 0.897395
v -0.397015 -1.118586 0.90065
v -0.438361 -1.11237 0.904067
v -0.47968 -1.104289 0.906822
v -0.52015 -1.092782 0.908048
v -0.558919 -1.07676 0.907205
v -0.595361 -1.055907 0.904337
v -0.629248 -1.030719 0.900129
v -0.660363 -1.001624 0.896764
v -0.689043 -0.969783 0.895745
v -0.71629 -0.936964 0.897
v -0.742982 -0.904346 0.900106
v -0.769726 -0.872493 0.904196
v -0.796868 -0.84153 0.908025
v -0.824638 -0.811401 0.910183
v -0.852973 -0.781759 0.909987
v -0.881008 -0.751626 0.908714
v -0.908708 -0.720916 0.906926
v -0.936305 -0.68975 0.905323
v -0.964081 -0.658239 0.904628
v -0.99213 -0.626319 0.905371
v -1.02015 -0.593691 0.907737
v -1.047363 -0.559858 0.911542
v -1.072324 -0.524146 0.916695
v -1.092436 -0.485617 0.924345
v -1.107263 -0.444632 0.932753
v -1.117203 -0.40189 0.939974
v -1.123312 -0.35821 0.94451
v -1.12726 -0.31439 0.945334
v -1.131092 -0.271047 0.941845
v -1.1348 -0.228067 0.936314
v -1.138275 -0.185324 0.930773
v -1.141905 -0.142777 0.925889
v -1.145651 -0.100291 0.921967
v -1.149089 -0.05772 0.919009
v -1.151576 -0.014979 0.916849
v -1.152464 0.027924 0.915332
v -1.151311 0.070894 0.914467
v -1.147762 0.113782 0.914797
v -1.140759 0.156285 0.918364
v -1.131403 0.198318 0.924792
v -1.121106 0.240022 0.933189
v -1.110997 0.281687 0.942469
v -1.101799 0.323663 0.951206
v -1.0938 0.366279 0.957601
v -1.085972 0.409429 0.960835
v -1.076416 0.45248 0.961066
v -1.06366 0.49467 0.95843
v -1.046732 0.535219 0.953469
v -1.025285 0.573491 0.94722
v -0.999543 0.609097 0.941163
v -0.969047 0.641191 0.938593
v -0.934335 0.669492 0.941484
v -0.898587 0.695814 0.947154
v -0.864367 0.722154 0.952635
v -0.83359 0.750568 0.954646
v 0.890926 0.74384 0.938196
v 0.865236 0.779062 0.949571
v 0.920413 0.711705 0.920877
v 0.951455 0.680239 0.903017
v 0.981185 0.647187 0.889509
v 1.006163 0.610587 0.884852
v 1.025842 0.570764 0.888127
v 1.041801 0.529174 0.895217
v 1.05525 0.486761 0.903517
v 1.06797 0.44446 0.910803
v 1.08223 0.403071 0.915162
v 1.099365 0.362698 0.916327
v 1.118131 0.322503 0.917025
v 1.13798 0.282041 0.918072
v 1.157836 0.240856 0.919817
v 1.176098 0.198575 0.922266
v 1.190843 0.15503 0.925261
v 1.200187 0.110347 0.928675
v 1.203212 0.064978 0.931856
v 1.20022 0.019528 0.933813
v 1.192245 -0.025467 0.934009
v 1.180897 -0.069658 0.932342
v 1.168079 -0.112966 0.928982
v 1.15567 -0.155587 0.92409
v 1.145595 -0.19801 0.917077
v 1.137924 -0.240629 0.908633
v 1.131727 -0.283602 0.899651
v 1.125744 -0.326855 0.890715
v 1.118635 -0.370096 0.882329
v 1.10926 -0.412891 0.875129
v 1.096873 -0.454776 0.870034
v 1.081166 -0.495355 0.868273
v 1.063414 -0.534954 0.869343
v 1.045485 -0.574445 0.871813
v 1.027763 -0.614159 0.87588
v 1.010167 -0.65421 0.881376
v 0.992099 -0.694351 0.887675
v 0.97258 -0.733931 0.893759
v 0.950575 -0.772041 0.898359
v 0.926408 -0.808699 0.8983
v 0.899788 -0.843404 0.89265
v 0.870337 -0.875459 0.882438
v 0.838328 -0.904714 0.869317
v 0.804449 -0.931526 0.855346
v 0.769469 -0.956508 0.842652
v 0.733909 -0.980171 0.833101
v 0.697848 -1.002562 0.828082
v 0.661258 -1.023581 0.827599
v 0.624271 -1.043367 0.829978
v 0.586768 -1.061655 0.833895
v 0.5488 -1.078422 0.838226
v 0.510666 -1.094174 0.842244
v 0.472822 -1.109994 0.845636
v 0.435677 -1.127269 0.848293
v 0.39919 -1.146689 0.850785
v 0.362944 -1.168011 0.85362
v 0.326361 -1.190231 0.856433
v 0.288825 -1.211524 0.858333
v 0.249901 -1.229694 0.858262
v 0.209508 -1.242835 0.85545
v 0.167934 -1.249943 0.849804
v 0.125715 -1.251232 0.84204
v 0.08342 -1.247992 0.833545
v 0.04146 -1.242055 0.82599
v 0.0 -1.235003 0.820989
v -0.040974 -1.227482 0.819879
v -0.081543 -1.219909 0.822179
v -0.121776 -1.212027 0.826747
v -0.16167 -1.20332 0.832272
v -0.201207 -1.193592 0.837644
v -0.240473 -1.183301 0.8422
v -0.279765 -1.173521 0.845734
v -0.31959 -1.165537 0.848275
v -0.360321 -1.159571 0.850793
v -0.402099 -1.155045 0.853875
v -0.44474 -1.150719 0.85719
v -0.487619 -1.14473 0.859929
v -0.529769 -1.135105 0.861159
v -0.570134 -1.120344 0.860254
v -0.60788 -1.099853 0.857208
v -0.642634 -1.074058 0.852738
v -0.674032 -1.043354 0.849545
v -0.702441 -1.009161 0.8494
v -0.729111 -0.973763 0.852003
v -0.75519 -0.938758 0.856729
v -0.781525 -0.90498 0.862476
v -0.808635 -0.87267 0.8677
v -0.836865 -0.841789 0.870608
v -0.866138 -0.811862 0.870329
v -0.895316 -0.781557 0.868571
v -0.92428 -0.750684 0.865992
v -0.953266 -0.719356 0.863423
v -0.982623 -0.687718 0.86177
v -1.012526 -0.655737 0.861761
v -1.042715 -0.623093 0.863766
v -1.072347 -0.589204 0.867732
v -1.099717 -0.553216 0.873779
v -1.121595 -0.513878 0.883708
v -1.137388 -0.471575 0.895255
v -1.147504 -0.427126 0.905738
v -1.153152 -0.381516 0.912964
v -1.15634 -0.335739 0.915315
v -1.15958 -0.290581 0.911743
v -1.162792 -0.245887 0.905179
v -1.165828 -0.201508 0.898304
v -1.169252 -0.157415 0.892013
v -1.173116 -0.113453 0.886787
v -1.17698 -0.069427 0.882735
v -1.180081 -0.025207 0.879735
v -1.181598 0.019225 0.877639
v -1.180911 0.063774 0.876454
v -1.177479 0.108259 0.876852
v -1.169864 0.152299 0.881517
v -1.159417 0.195758 0.889826
v -1.147951 0.238799 0.900511
v -1.136992 0.281797 0.91213
v -1.127605 0.325236 0.922877
v -1.12032 0.369611 0.930501
v -1.11393 0.414877 0.934096
v -1.106028 0.460299 0.934041
v -1.094665 0.504941 0.930605
v -1.078461 0.547795 0.924505
v -1.056801 0.587988 0.917031
v -1.029814 0.62494 0.91
v -0.9968 0.657487 0.907688
v -0.958415 0.685214 0.912579
v -0.918784 0.710445 0.920876
v -0.881308 0.735809 0.928553
v -0.848578 0.764063 0.93129
v 0.90992 0.759201 0.915518
v 0.883713 0.795699 0.929068
v 0.940711 0.726406 0.894042
v 0.973381 0.694416 0.871536
v 1.004574 0.660608 0.854337
v 1.030309 0.622732 0.848334
v 1.050013 0.581217 0.85246
v 1.065559 0.537773 0.861497
v 1.078319 0.49347 0.872082
v 1.090343 0.449382 0.881275
v 1.104312 0.406438 0.88653
v 1.121824 0.364763 0.88743
v 1.141417 0.323368 0.887443
v 1.162537 0.28175 0.887692
v 1.184039 0.239387 0.888781
v 1.204134 0.195838 0.890923
v 1.220597 0.15089 0.894118
v 1.231162 0.104662 0.898343
v 1.234643 0.057662 0.902805
v 1.231258 0.01058 0.906158
v 1.222088 -0.035958 0.907537
v 1.208939 -0.081537 0.906597
v 1.194023 -0.126057 0.90335
v 1.179599 -0.169756 0.897868
v 1.16805 -0.213237 0.88936
v 1.15955 -0.256985 0.878754
v 1.153076 -0.301206 0.867284
v 1.147188 -0.34583 0.855805
v 1.140302 -0.390516 0.845038
v 1.13102 -0.434734 0.83582
v 1.118375 -0.477905 0.829279
v 1.101925 -0.519517 0.826891
v 1.083136 -0.559947 0.827895
v 1.064227 -0.600247 0.830376
v 1.045729 -0.640854 0.83459
v 1.02766 -0.681979 0.840428
v 1.009436 -0.723425 0.847287
v 0.989987 -0.764509 0.854104
v 0.968102 -0.8042 0.859477
v 0.944103 -0.842533 0.859455
v 0.91751 -0.878836 0.852832
v 0.887714 -0.912141 0.840792
v 0.85489 -0.94212 0.825232
v 0.819781 -0.969094 0.808545
v 0.783309 -0.993779 0.793254
v 0.746178 -1.016859 0.781643
v 0.708606 -1.038543 0.775501
v 0.670656 -1.058866 0.774939
v 0.632512 -1.078081 0.777953
v 0.594006 -1.095879 0.782953
v 0.555126 -1.112152 0.788509
v 0.516147 -1.127383 0.793599
v 0.477556 -1.14275 0.797659
v 0.439828 -1.159874 0.800414
v 0.402955 -1.179651 0.802558
v 0.366507 -1.201962 0.804854
v 0.329851 -1.225819 0.807086
v 0.292272 -1.249216 0.80843
v 0.253222 -1.269589 0.807808
v 0.212533 -1.28457 0.804384
v 0.170473 -1.292747 0.797993
v 0.127622 -1.294116 0.789338
v 0.084638 -1.290015 0.779874
v 0.042023 -1.28256 0.771432
v 0.0 -1.273719 0.765881
v -0.04143 -1.264458 0.764898
v -0.082371 -1.255467 0.76797
v -0.122932 -1.246557 0.773807
v -0.163137 -1.237114 0.780868
v -0.202974 -1.226794 0.787763
v -0.242531 -1.215988 0.793547
v -0.282126 -1.205852 0.79779
v -0.322335 -1.197886 0.800389
v -0.363609 -1.192457 0.802557
v -0.406168 -1.189057 0.805169
v -0.449889 -1.186407 0.808057
v -0.494132 -1.182417 0.810492
v -0.537826 -1.174737 0.811549
v -0.579732 -1.16145 0.810555
v -0.618806 -1.141633 0.80746
v -0.654505 -1.115566 0.80298
v -0.686303 -1.083569 0.800296
v -0.714568 -1.04728 0.801384
v -0.740756 -1.009471 0.805642
v -0.766275 -0.972168 0.812198
v -0.792212 -0.936503 0.819721
v -0.819274 -0.90287 0.826388
v -0.847928 -0.87126 0.830053
v -0.878084 -0.841071 0.829675
v -0.908344 -0.810622 0.827416
v -0.938485 -0.779597 0.82401
v -0.968718 -0.748084 0.820393
v -0.999441 -0.716261 0.817632
v -1.030926 -0.684146 0.816651
v -1.062989 -0.651431 0.818021
v -1.094782 -0.617481 0.821867
v -1.124415 -0.581287 0.828581
v -1.14812 -0.541297 0.840705
v -1.165131 -0.497885 0.855473
v -1.175797 -0.451946 0.869447
v -1.181405 -0.404592 0.879686
v -1.18421 -0.356991 0.883905
v -1.18712 -0.310099 0.880532
v -1.189972 -0.263727 0.873143
v -1.192591 -0.217717 0.865059
v -1.195735 -0.172078 0.857403
v -1.199587 -0.126645 0.850852
v -1.203737 -0.081186 0.84565
v -1.207346 -0.035524 0.841751
v -1.209435 0.010392 0.839034
v -1.209204 0.056474 0.837514
v -1.20591 0.102515 0.837987
v -1.197737 0.148064 0.84378
v -1.186237 0.192927 0.85398
v -1.173584 0.237273 0.866905
v -1.161695 0.281546 0.880742
v -1.151995 0.326365 0.893314
v -1.14529 0.372393 0.901949
v -1.140251 0.419665 0.905701
v -1.134005 0.467377 0.905222
v -1.124141 0.51444 0.900946
v -1.108854 0.559623 0.893778
v -1.087218 0.601812 0.885249
v -1.059227 0.640211 0.877485
v -1.02393 0.673336 0.875736
v -0.982082 0.700623 0.882957
v -0.938703 0.724855 0.894135
v -0.898016 0.749269 0.904139
v -0.863302 0.777321 0.90761
v 0.928698 0.774385 0.892335
v 0.901906 0.81208 0.907915
v 0.960715 0.740883 0.866708
v 0.994812 0.708243 0.839469
v 1.027229 0.673549 0.818469
v 1.05356 0.634341 0.811056
v 1.073254 0.591165 0.81604
v 1.088438 0.545944 0.827078
v 1.100601 0.499845 0.840026
v 1.112003 0.454044 0.851195
v 1.125676 0.409585 0.857357
v 1.143451 0.366605 0.857921
v 1.163668 0.323989 0.8571
v 1.185799 0.281189 0.85634
v 1.208677 0.237635 0.856531
v 1.230389 0.192831 0.858136
v 1.248465 0.146518 0.86136
v 1.260296 0.098805 0.866328
v 1.264419 0.05024 0.872128
v 1.260925 0.001588 0.877044
v 1.250883 -0.046444 0.879851
v 1.236222 -0.093375 0.879904
v 1.219416 -0.139081 0.877007
v 1.203072 -0.183828 0.871098
v 1.190016 -0.228326 0.861159
v 1.180548 -0.273146 0.848364
v 1.173601 -0.318543 0.83432
v 1.1676 -0.364454 0.820187
v 1.16076 -0.410497 0.806932
v 1.151444 -0.456058 0.795612
v 1.138472 -0.500441 0.787577
v 1.121258 -0.543018 0.784544
v 1.10141 -0.584199 0.785459
v 1.081448 -0.625197 0.787879
v 1.062051 -0.666549 0.792105
v 1.043366 -0.70858 0.798092
v 1.024862 -0.751169 0.805291
v 1.005419 -0.793634 0.812637
v 0.98368 -0.834853 0.818638
v 0.95994 -0.874871 0.81858
v 0.933513 -0.91283 0.810986
v 0.903526 -0.947462 0.797192
v 0.870027 -0.978222 0.779316
v 0.833782 -1.005355 0.760053
v 0.795856 -1.029658 0.742293
v 0.757154 -1.052009 0.728714
v 0.71807 -1.072821 0.721507
v 0.678787 -1.092315 0.720897
v 0.639548 -1.110886 0.724562
v 0.600136 -1.128191 0.730671
v 0.560461 -1.14402 0.7375
v 0.520749 -1.158781 0.743712
v 0.481491 -1.173692 0.748461
v 0.443214 -1.190552 0.751258
v 0.405951 -1.210458 0.752903
v 0.369283 -1.233456 0.754422
v 0.332552 -1.258644 0.755782
v 0.294963 -1.283916 0.756283
v 0.255865 -1.3064 0.754894
v 0.214997 -1.323288 0.750759
v 0.172585 -1.332728 0.743664
v 0.129233 -1.334426 0.734277
v 0.085674 -1.329685 0.724076
v 0.0425 -1.320841 0.71499
v 0.0 -1.310243 0.709094
v -0.041804 -1.29922 0.708385
v -0.083039 -1.288785 0.712314
v -0.123851 -1.278862 0.719467
v -0.164301 -1.268758 0.728109
v -0.204384 -1.257966 0.736583
v -0.244182 -1.246753 0.743652
v -0.284022 -1.236293 0.748625
v -0.324524 -1.228259 0.751226
v -0.366202 -1.223166 0.752891
v -0.409364 -1.220636 0.754796
v -0.453962 -1.219425 0.756973
v -0.499377 -1.217291 0.758834
v -0.544468 -1.211561 0.759518
v -0.587841 -1.199908 0.758358
v -0.628248 -1.18104 0.755277
v -0.664959 -1.155025 0.750972
v -0.697272 -1.122061 0.749083
v -0.725526 -1.083961 0.751734
v -0.751345 -1.043937 0.757943
v -0.776366 -1.004444 0.766549
v -0.801922 -0.96694 0.775975
v -0.828918 -0.932001 0.784139
v -0.857951 -0.899671 0.788568
v -0.888926 -0.869231 0.788074
v -0.920204 -0.838656 0.785297
v -0.95144 -0.80749 0.781041
v -0.982791 -0.775773 0.776324
v -1.01469 -0.743713 0.772349
v -1.047505 -0.711391 0.77023
v -1.081156 -0.678539 0.770747
v -1.114845 -0.644504 0.774231
v -1.14657 -0.608152 0.781399
v -1.172124 -0.567652 0.795611
v -1.190559 -0.523337 0.813629
v -1.202112 -0.476126 0.831254
v -1.208069 -0.427228 0.844763
v -1.210854 -0.377955 0.85114
v -1.213695 -0.329425 0.848217
v -1.216331 -0.281425 0.840196
v -1.218569 -0.233805 0.831033
v -1.22137 -0.186624 0.82207
v -1.225083 -0.139727 0.814188
v -1.229374 -0.092858 0.807793
v -1.233366 -0.045793 0.80294
v -1.235953 0.001556 0.799561
v -1.236157 0.049117 0.797689
v -1.233023 0.096667 0.798247
v -1.224362 0.143689 0.805208
v -1.211873 0.189929 0.817336
v -1.198047 0.235545 0.832489
v -1.185174 0.281041 0.848462
v -1.17505 0.327158 0.862711
v -1.168787 0.374728 0.872161
v -1.164985 0.423888 0.875869
v -1.16036 0.473789 0.874811
v -1.152061 0.523216 0.869621
v -1.137847 0.570727 0.861405
v -1.116457 0.614962 0.85194
v -1.087701 0.654898 0.843645
v -1.050371 0.688723 0.842737
v -1.0053 0.71571 0.852606
v -0.958334 0.739047 0.866923
v -0.914497 0.762544 0.879397
v -0.877773 0.79035 0.88362
v 0.947219 0.789362 0.868614
v 0.919763 0.828158 0.88608
v 0.980397 0.755127 0.838855
v 1.015734 0.72173 0.80682
v 1.049138 0.68603 0.781929
v 1.0759 0.645438 0.773058
v 1.095539 0.600633 0.778904
v 1.110408 0.553717 0.791988
v 1.122064 0.505919 0.807371
v 1.132925 0.458492 0.820585
v 1.146315 0.412568 0.827683
v 1.164263 0.368297 0.827864
v 1.184928 0.324453 0.8261
v 1.207825 0.280459 0.824159
v 1.23181 0.235712 0.823239
v 1.254907 0.189672 0.824091
v 1.274461 0.142038 0.827166
v 1.287564 0.092905 0.832782
v 1.292483 0.042848 0.839932
v 1.289145 -0.00731 0.846529
v 1.278545 -0.056786 0.850964
v 1.262676 -0.105035 0.852247
v 1.244214 -0.151899 0.849923
v 1.226077 -0.197667 0.843755
v 1.21151 -0.243144 0.832461
v 1.200961 -0.288977 0.817469
v 1.193356 -0.335469 0.800784
v 1.187039 -0.382572 0.783895
v 1.180064 -0.429875 0.76805
v 1.170587 -0.476685 0.75455
v 1.157226 -0.522199 0.744978
v 1.139242 -0.565675 0.741289
v 1.11834 -0.607538 0.74211
v 1.097285 -0.649135 0.74443
v 1.076896 -0.691098 0.748572
v 1.057468 -0.733871 0.754556
v 1.038561 -0.777435 0.761901
v 1.019046 -0.821143 0.769578
v 0.997456 -0.863814 0.776047
v 0.974038 -0.905499 0.775846
v 0.947884 -0.945147 0.767242
v 0.917846 -0.981171 0.751724
v 0.883811 -1.012772 0.73162
v 0.846535 -1.04008 0.709904
v 0.807216 -1.06395 0.6898
v 0.766966 -1.085455 0.674364
v 0.726381 -1.105256 0.666171
v 0.685794 -1.123805 0.665561
v 0.645517 -1.141665 0.669902
v 0.605288 -1.158476 0.677144
v 0.564928 -1.173914 0.685282
v 0.524591 -1.188273 0.692663
v 0.484747 -1.20275 0.698131
v 0.445958 -1.219269 0.700949
v 0.408303 -1.239106 0.70199
v 0.371395 -1.262503 0.702545
v 0.334575 -1.288706 0.702782
v 0.296994 -1.315587 0.702173
v 0.257905 -1.34004 0.699789
v 0.216953 -1.35885 0.694807
v 0.174306 -1.369709 0.686991
v 0.130572 -1.371974 0.676975
v 0.086546 -1.36683 0.666227
v 0.042902 -1.356768 0.656723
v 0.0 -1.344488 0.650692
v -0.04211 -1.331714 0.650417
v -0.083569 -1.319823 0.655303
v -0.124569 -1.308899 0.663827
v -0.165206 -1.298201 0.674089
v -0.205489 -1.287047 0.684187
v -0.245491 -1.27554 0.692593
v -0.28553 -1.264808 0.698331
v -0.32625 -1.25664 0.700908
v -0.368218 -1.251703 0.701967
v -0.411823 -1.249786 0.702979
v -0.457107 -1.24975 0.7042
v -0.503501 -1.249283 0.70523
v -0.549832 -1.245447 0.705331
v -0.59458 -1.235529 0.703888
v -0.636306 -1.217843 0.700826
v -0.674084 -1.192188 0.696824
v -0.707027 -1.158598 0.695965
v -0.735416 -1.119002 0.700479
v -0.76099 -1.076997 0.708931
v -0.785594 -1.035451 0.719813
v -0.810795 -0.996168 0.731282
v -0.837706 -0.95994 0.741005
v -0.867066 -0.926888 0.746205
v -0.898786 -0.896191 0.745576
v -0.931012 -0.865501 0.742264
v -0.963262 -0.834201 0.73714
v -0.995618 -0.802265 0.73129
v -1.028522 -0.76992 0.726034
v -1.062431 -0.737315 0.722655
v -1.097393 -0.704252 0.722146
v -1.132704 -0.670089 0.725062
v -1.166321 -0.633604 0.732482
v -1.193703 -0.592717 0.748659
v -1.213722 -0.547693 0.76991
v -1.226455 -0.499435 0.791288
v -1.23312 -0.449202 0.808261
v -1.236234 -0.398427 0.817036
v -1.239264 -0.348374 0.814789
v -1.241842 -0.298814 0.806322
v -1.243755 -0.249615 0.796214
v -1.246168 -0.200906 0.786016
v -1.249624 -0.15256 0.776818
v -1.253905 -0.104305 0.769199
v -1.258145 -0.055879 0.763347
v -1.261139 -0.007151 0.759265
v -1.261744 0.041829 0.757022
v -1.258787 0.090829 0.757674
v -1.249719 0.139281 0.765851
v -1.23633 0.186864 0.779956
v -1.22137 0.233714 0.797354
v -1.207478 0.280379 0.815414
v -1.196828 0.327711 0.831219
v -1.190862 0.376712 0.841308
v -1.188158 0.427628 0.844776
v -1.185079 0.479599 0.84297
v -1.178366 0.531305 0.836758
v -1.165348 0.581114 0.827477
v -1.144404 0.627423 0.817152
v -1.115128 0.668972 0.80849
v -1.076037 0.703619 0.808676
v -1.028015 0.730457 0.821502
v -0.977653 0.753014 0.839225
v -0.930751 0.775639 0.854326
v -0.892 0.803161 0.859334
v 0.965427 0.804092 0.844318
v 0.937218 0.843875 0.863528
v 0.999718 0.76912 0.810459
v 1.036122 0.734878 0.773585
v 1.070285 0.698066 0.744738
v 1.097315 0.656048 0.734373
v 1.11685 0.60965 0.741091
v 1.131439 0.561123 0.756261
v 1.142676 0.511729 0.774142
v 1.153083 0.462768 0.789467
v 1.166219 0.415443 0.797535
v 1.184272 0.369908 0.797313
v 1.205231 0.324843 0.794525
v 1.228665 0.279657 0.791264
v 1.253491 0.233725 0.789051
v 1.277726 0.186475 0.788949
v 1.298592 0.137573 0.791696
v 1.312937 0.08709 0.797842
v 1.318772 0.035618 0.806316
v 1.315829 -0.015975 0.814668
v 1.304979 -0.066842 0.820888
v 1.288216 -0.116374 0.823608
v 1.268358 -0.164373 0.822066
v 1.248588 -0.211138 0.815807
v 1.232543 -0.257557 0.80325
v 1.220827 -0.304344 0.786073
v 1.212399 -0.351846 0.766694
v 1.205568 -0.400037 0.746965
v 1.198277 -0.448487 0.728439
v 1.188511 -0.496443 0.712683
v 1.174701 -0.543003 0.701529
v 1.155957 -0.587314 0.697181
v 1.13403 -0.6298 0.697917
v 1.111869 -0.671911 0.700119
v 1.090424 -0.714362 0.704115
v 1.070146 -0.75772 0.709979
v 1.050717 -0.802086 0.717306
v 1.03104 -0.846882 0.725128
v 1.009575 -0.890904 0.731895
v 0.986511 -0.934209 0.731419
v 0.960712 -0.97555 0.721728
v 0.930744 -1.013012 0.704476
v 0.896308 -1.045513 0.6822
v 0.858121 -1.07303 0.658133
v 0.81749 -1.096447 0.635813
v 0.775736 -1.117029 0.61864
v 0.733679 -1.135711 0.609561
v 0.691826 -1.153221 0.60902
v 0.650564 -1.170311 0.614071
v 0.609596 -1.186627 0.622464
v 0.568651 -1.201732 0.63194
v 0.52779 -1.21577 0.640531
v 0.487441 -1.22986 0.646757
v 0.44818 -1.245988 0.649596
v 0.410134 -1.265588 0.649969
v 0.372964 -1.289113 0.649417
v 0.336032 -1.316008 0.648322
v 0.298457 -1.3442 0.646358
v 0.259415 -1.370427 0.642748
v 0.218454 -1.391117 0.636753
v 0.175674 -1.403509 0.628153
v 0.131667 -1.406562 0.617562
v 0.08727 -1.401268 0.606416
v 0.043238 -1.390194 0.596697
v 0.0 -1.376353 0.590738
v -0.042357 -1.361881 0.591072
v -0.083987 -1.348543 0.597031
v -0.125121 -1.336633 0.606988
v -0.165897 -1.325398 0.618905
v -0.206342 -1.313986 0.630664
v -0.246518 -1.302298 0.640452
v -0.286725 -1.291358 0.646993
v -0.327607 -1.283012 0.649546
v -0.369768 -1.278066 0.649932
v -0.413673 -1.276509 0.649911
v -0.459466 -1.277365 0.649972
v -0.506651 -1.278329 0.649936
v -0.554055 -1.276271 0.649237
v -0.600069 -1.268127 0.647363
v -0.643082 -1.251812 0.644276
v -0.681969 -1.226806 0.64065
v -0.715652 -1.192938 0.641011
v -0.744328 -1.152195 0.647655
v -0.7698 -1.108482 0.658626
v -0.794083 -1.065054 0.672014
v -0.818967 -1.02407 0.685678
v -0.845778 -0.986571 0.697033
v -0.875409 -0.952786 0.703016
v -0.907792 -0.921812 0.702231
v -0.940889 -0.891006 0.698365
v -0.974073 -0.859575 0.692363
v -1.007328 -0.827405 0.685363
v -1.041082 -0.794731 0.678783
v -1.075869 -0.761772 0.674062
v -1.111875 -0.728415 0.672395
v -1.148526 -0.694063 0.674569
v -1.183808 -0.657445 0.682059
v -1.212958 -0.616275 0.700063
v -1.23467 -0.570723 0.724494
v -1.24883 -0.521638 0.749669
v -1.256529 -0.47029 0.770245
v -1.2603 -0.418198 0.781614
v -1.263776 -0.366755 0.780236
v -1.266468 -0.315721 0.771497
v -1.268131 -0.264993 0.760585
v -1.270133 -0.214781 0.74924
v -1.273226 -0.165004 0.738756
v -1.27735 -0.115392 0.729903
v -1.281692 -0.065649 0.723013
v -1.284986 -0.0156 0.71819
v -1.285942 0.034731 0.715556
v -1.283175 0.085116 0.71631
v -1.273789 0.134945 0.725751
v -1.259604 0.183831 0.741896
v -1.243574 0.231876 0.761573
v -1.228652 0.279654 0.781699
v -1.217383 0.328118 0.798966
v -1.21156 0.378431 0.809535
v -1.209788 0.430963 0.812573
v -1.208142 0.484865 0.809841
v -1.202992 0.538741 0.802478
v -1.191256 0.590789 0.792078
v -1.170938 0.639175 0.780932
v -1.141383 0.682395 0.77203
v -1.100827 0.717986 0.773538
v -1.050161 0.744835 0.78962
v -0.99663 0.766745 0.811019
v -0.946772 0.788555 0.82892
v -0.905993 0.81576 0.834759
v 0.983259 0.818528 0.819407
v 0.954198 0.859163 0.840226
v 1.01863 0.782838 0.781492
v 1.055948 0.747684 0.739757
v 1.090654 0.709671 0.706911
v 1.117791 0.666195 0.695036
v 1.13717 0.618246 0.702639
v 1.151509 0.568194 0.719929
v 1.16241 0.517309 0.740362
v 1.172453 0.466915 0.75786
v 1.185375 0.41826 0.766939
v 1.203485 0.371502 0.766309
v 1.224606 0.325238 0.762442
v 1.248369 0.278872 0.757754
v 1.273776 0.231773 0.754093
v 1.29889 0.183351 0.752856
v 1.320876 0.133238 0.755099
v 1.336396 0.081483 0.761643
v 1.343227 0.028681 0.771382
v 1.340891 -0.024271 0.78152
v 1.330088 -0.076472 0.78964
v 1.31275 -0.127249 0.793971
v 1.291778 -0.176362 0.793406
v 1.270571 -0.224103 0.787223
v 1.253116 -0.27143 0.773505
v 1.240181 -0.319112 0.754172
v 1.230787 -0.367537 0.732069
v 1.223257 -0.416706 0.709431
v 1.215471 -0.466184 0.688141
v 1.205285 -0.515172 0.670058
v 1.19097 -0.562684 0.657283
v 1.171486 -0.607768 0.652271
v 1.148584 -0.650827 0.65294
v 1.125331 -0.69338 0.655028
v 1.102791 -0.736209 0.658844
v 1.081576 -0.780003 0.664502
v 1.061512 -0.824999 0.671673
v 1.041576 -0.870716 0.67947
v 1.02019 -0.915963 0.686364
v 0.997481 -0.960807 0.685461
v 0.97209 -1.003812 0.674576
v 0.942294 -1.042735 0.65555
v 0.907585 -1.076188 0.631126
v 0.868612 -1.103962 0.60479
v 0.826769 -1.126937 0.580371
v 0.783578 -1.146556 0.561592
v 0.740098 -1.164052 0.551745
v 0.697023 -1.180456 0.551356
v 0.654828 -1.196729 0.557161
v 0.613192 -1.212554 0.566729
v 0.57175 -1.227382 0.577564
v 0.530461 -1.241186 0.587398
v 0.489683 -1.254955 0.59442
v 0.449993 -1.270675 0.597297
v 0.411559 -1.2899 0.59697
v 0.374103 -1.313301 0.595213
v 0.337028 -1.340562 0.592617
v 0.299446 -1.36974 0.589081
v 0.260469 -1.397496 0.584021
v 0.219556 -1.419967 0.576828
v 0.176725 -1.433954 0.567345
v 0.13254 -1.437992 0.556182
v 0.087863 -1.432804 0.544744
v 0.043516 -1.420959 0.534987
v 0.0 -1.405726 0.5293
v -0.042557 -1.389652 0.530424
v -0.084313 -1.374907 0.537585
v -0.125539 -1.362036 0.549048
v -0.166417 -1.350313 0.562655
v -0.206995 -1.338733 0.576101
v -0.247325 -1.326974 0.587309
v -0.287676 -1.315901 0.594692
v -0.32868 -1.307354 0.597239
v -0.370957 -1.302257 0.59692
v -0.415042 -1.300815 0.595767
v -0.46118 -1.302264 0.594502
v -0.50897 -1.304383 0.593191
v -0.557276 -1.303929 0.591479
v -0.60443 -1.297536 0.589006
v -0.648679 -1.282728 0.585812
v -0.688699 -1.258629 0.582584
v -0.723228 -1.224836 0.584301
v -0.752349 -1.183321 0.593304
v -0.777877 -1.138213 0.607054
v -0.801953 -1.09311 0.623178
v -0.826571 -1.05053 0.639198
v -0.853274 -1.011788 0.652268
v -0.883117 -0.977251 0.659053
v -0.916073 -0.945967 0.658093
v -0.949955 -0.915029 0.653654
v -0.983992 -0.883463 0.646762
v -1.018049 -0.851048 0.638604
v -1.052513 -0.818005 0.630682
v -1.087979 -0.784622 0.624569
v -1.124774 -0.750884 0.62165
v -1.162484 -0.716272 0.622944
v -1.199185 -0.679499 0.630339
v -1.230001 -0.638126 0.65003
v -1.253467 -0.592212 0.677555
v -1.269253 -0.542513 0.706524
v -1.278269 -0.49027 0.730788
v -1.283 -0.437058 0.744897
v -1.287173 -0.384375 0.744554
v -1.290157 -0.331972 0.735705
v -1.291669 -0.27978 0.724129
v -1.293259 -0.228105 0.711736
v -1.295903 -0.176925 0.700017
v -1.299729 -0.125987 0.689933
v -1.304021 -0.074973 0.681982
v -1.307494 -0.023667 0.676385
v -1.308737 0.027944 0.673337
v -1.306163 0.07964 0.674196
v -1.29655 0.130784 0.684948
v -1.281692 0.180923 0.703201
v -1.264678 0.230118 0.725208
v -1.248732 0.278953 0.7474
v -1.236765 0.328467 0.766061
v -1.230926 0.379973 0.776974
v -1.2299 0.433971 0.779402
v -1.229535 0.489647 0.775561
v -1.225882 0.545556 0.7669
v -1.21547 0.599755 0.755298
v -1.195931 0.650193 0.743332
v -1.166336 0.695127 0.734285
v -1.124627 0.731776 0.737312
v -1.071658 0.758808 0.756931
v -1.015221 0.780218 0.78228
v -0.962548 0.801288 0.803166
v -0.919757 0.828153 0.809899
v 1.00064 0.832614 0.793846
v 0.970623 0.873953 0.816143
v 1.037076 0.796245 0.751927
v 1.075171 0.760137 0.705327
v 1.110222 0.720854 0.66846
v 1.137315 0.6759 0.655075
v 1.156483 0.626448 0.663585
v 1.170597 0.574961 0.683025
v 1.18124 0.522693 0.706057
v 1.191009 0.47097 0.725783
v 1.203767 0.421068 0.735916
v 1.221904 0.373138 0.734884
v 1.243079 0.325709 0.729909
v 1.266981 0.278188 0.723714
v 1.29272 0.229952 0.718479
v 1.318449 0.1804 0.715948
v 1.341342 0.129142 0.717519
v 1.357934 0.076201 0.724316
v 1.365804 0.022159 0.735234
v 1.364255 -0.032069 0.747152
v 1.353776 -0.08554 0.757248
v 1.336183 -0.137522 0.763332
v 1.314397 -0.187725 0.763915
v 1.291977 -0.236425 0.757972
v 1.273219 -0.284631 0.743204
v 1.259047 -0.333155 0.72176
v 1.248574 -0.382417 0.696922
v 1.240174 -0.432449 0.671323
v 1.23172 -0.482826 0.6472
v 1.220986 -0.532723 0.626728
v 1.206109 -0.581089 0.612292
v 1.185911 -0.626882 0.606614
v 1.162099 -0.670471 0.607236
v 1.137794 -0.713407 0.609226
v 1.114148 -0.756522 0.612853
v 1.091929 -0.800616 0.618249
v 1.071128 -0.846071 0.625156
v 1.050829 -0.892531 0.632777
v 1.029457 -0.938854 0.639629
v 1.007076 -0.985122 0.638138
v 0.982114 -1.029724 0.625932
v 0.952567 -1.070102 0.605059
v 0.917703 -1.104547 0.578482
v 0.878075 -1.132633 0.549937
v 0.835137 -1.155203 0.523527
v 0.790598 -1.173861 0.503275
v 0.74576 -1.190142 0.492787
v 0.70152 -1.205406 0.492651
v 0.658445 -1.220835 0.499267
v 0.616204 -1.236175 0.510034
v 0.574345 -1.250782 0.522243
v 0.532711 -1.264444 0.533346
v 0.49158 -1.277974 0.541199
v 0.451503 -1.293293 0.544142
v 0.412687 -1.312037 0.543111
v 0.37492 -1.335086 0.540087
v 0.337666 -1.362393 0.535864
v 0.300049 -1.392209 0.530573
v 0.261139 -1.421206 0.523854
v 0.22031 -1.445298 0.515272
v 0.177497 -1.46089 0.504776
v 0.133216 -1.466073 0.493004
v 0.088339 -1.461245 0.481336
v 0.043743 -1.448895 0.471684
v 0.0 -1.432484 0.466453
v -0.042719 -1.414952 0.468551
v -0.084569 -1.398875 0.477053
v -0.125856 -1.385079 0.490102
v -0.166808 -1.372916 0.505436
v -0.207498 -1.36125 0.520591
v -0.247968 -1.349525 0.533245
v -0.288452 -1.338398 0.541508
v -0.329549 -1.329644 0.544076
v -0.371884 -1.324276 0.543046
v -0.416046 -1.322717 0.540702
v -0.462382 -1.324454 0.537987
v -0.510601 -1.327423 0.535224
v -0.559632 -1.328343 0.5323
v -0.607788 -1.323614 0.529048
v -0.653199 -1.310391 0.525628
v -0.69436 -1.287424 0.522775
v -0.72983 -1.25405 0.525936
v -0.759557 -1.212162 0.537483
v -0.78531 -1.166009 0.554247
v -0.809311 -1.119479 0.573329
v -0.833732 -1.075435 0.591873
v -0.860327 -1.03549 0.606751
v -0.890325 -1.00018 0.614366
v -0.923758 -0.968539 0.613216
v -0.958332 -0.93744 0.608183
v -0.993136 -0.905729 0.600392
v -1.027901 -0.873057 0.591076
v -1.06295 -0.839612 0.581807
v -1.098916 -0.80574 0.574279
v -1.13626 -0.771537 0.570049
v -1.174752 -0.73658 0.57036
v -1.21261 -0.699613 0.577522
v -1.244958 -0.658095 0.59876
v -1.270193 -0.611964 0.62927
v -1.28775 -0.561852 0.661988
v -1.298323 -0.508934 0.689973
v -1.304286 -0.454805 0.706925
v -1.309392 -0.401044 0.707748
v -1.312853 -0.347392 0.698932
v -1.314329 -0.293821 0.686831
v -1.315533 -0.240736 0.673498
v -1.317661 -0.188191 0.660609
v -1.321058 -0.135966 0.649316
v -1.325147 -0.083731 0.640293
v -1.328667 -0.031232 0.633896
v -1.330118 0.02158 0.630412
v -1.327728 0.074506 0.631378
v -1.317981 0.126893 0.643483
v -1.302583 0.178229 0.66391
v -1.284692 0.228524 0.68831
v -1.267755 0.278358 0.712589
v -1.255022 0.328838 0.732599
v -1.249011 0.381416 0.74374
v -1.248526 0.436724 0.745392
v -1.249256 0.494003 0.740262
v -1.246988 0.551787 0.730143
v -1.237901 0.608019 0.717233
v -1.219265 0.660456 0.704417
v -1.189856 0.707125 0.695285
v -1.147318 0.74494 0.699998
v -1.092418 0.77233 0.723415
v -1.033377 0.793404 0.752982
v -0.978059 0.813825 0.777049
v -0.933294 0.840342 0.784755
v 1.017492 0.84629 0.767601
v 0.986412 0.888169 0.791258
v 1.054989 0.809303 0.721735
v 1.093744 0.77222 0.670283
v 1.128959 0.73162 0.629396
v 1.15587 0.685184 0.614517
v 1.17478 0.634286 0.623962
v 1.188688 0.581454 0.645585
v 1.199144 0.527915 0.671254
v 1.208727 0.47497 0.693255
v 1.221377 0.423909 0.704482
v 1.239526 0.37487 0.703066
v 1.260671 0.326322 0.69697
v 1.284545 0.277683 0.689215
v 1.310382 0.228347 0.682308
v 1.336464 0.177719 0.678346
v 1.360031 0.125389 0.67909
v 1.377562 0.071352 0.685996
v 1.386476 0.016169 0.697987
v 1.385856 -0.039245 0.711643
v 1.375955 -0.093916 0.723752
v 1.358419 -0.147058 0.731694
v 1.336132 -0.198327 0.733576
v 1.312754 -0.247973 0.728026
v 1.292834 -0.297033 0.712323
v 1.277445 -0.346347 0.688829
v 1.265808 -0.396362 0.661263
v 1.256391 -0.447143 0.63267
v 1.247105 -0.498288 0.60566
v 1.235694 -0.548963 0.582745
v 1.220198 -0.598077 0.566611
v 1.199319 -0.644517 0.560263
v 1.174675 -0.6886 0.560861
v 1.149376 -0.731873 0.562778
v 1.124636 -0.775196 0.566224
v 1.10137 -0.819468 0.571329
v 1.079743 -0.865219 0.577894
v 1.058976 -0.912236 0.58521
v 1.037536 -0.959465 0.591864
v 1.01543 -1.007011 0.58962
v 0.990888 -1.053107 0.575949
v 0.961641 -1.094898 0.553134
v 0.926723 -1.130354 0.524374
v 0.886569 -1.158809 0.493654
v 0.842664 -1.181033 0.465347
v 0.796885 -1.198769 0.443749
v 0.750776 -1.213851 0.432756
v 0.70544 -1.227974 0.432984
v 0.661541 -1.242552 0.44048
v 0.618752 -1.257421 0.452475
v 0.576545 -1.271865 0.466069
v 0.534644 -1.285476 0.478457
v 0.493228 -1.298859 0.487173
v 0.452807 -1.313808 0.490216
v 0.413615 -1.331994 0.488497
v 0.375514 -1.354493 0.48418
v 0.338041 -1.381538 0.478244
v 0.300352 -1.411633 0.471052
v 0.261494 -1.441541 0.462489
v 0.220769 -1.467038 0.45233
v 0.178025 -1.484184 0.44067
v 0.133718 -1.490629 0.428215
v 0.088713 -1.486401 0.416338
v 0.043928 -1.473827 0.406896
v 0.0 -1.456493 0.402286
v -0.042851 -1.437697 0.405531
v -0.084773 -1.420401 0.415519
v -0.126103 -1.40574 0.430246
v -0.16711 -1.393184 0.447347
v -0.207897 -1.381504 0.464227
v -0.2485 -1.369908 0.478345
v -0.289114 -1.358812 0.487519
v -0.33029 -1.349861 0.490141
v -0.372639 -1.344124 0.488417
v -0.416794 -1.342234 0.484855
v -0.463198 -1.343958 0.480607
v -0.511678 -1.347445 0.47625
v -0.561257 -1.349464 0.471934
v -0.610264 -1.34625 0.467722
v -0.656746 -1.334631 0.463938
v -0.699035 -1.312976 0.461396
v -0.735529 -1.28035 0.466038
v -0.766021 -1.238499 0.480267
v -0.792178 -1.191687 0.500243
v -0.816252 -1.144016 0.522494
v -0.840562 -1.098674 0.543732
v -0.867061 -1.057583 0.560523
v -0.897159 -1.021482 0.569002
v -0.93097 -0.989427 0.567653
v -0.966137 -0.958127 0.562008
v -1.001617 -0.926249 0.553306
v -1.037 -0.893306 0.542835
v -1.072521 -0.859432 0.532231
v -1.108827 -0.825017 0.523287
v -1.1465 -0.790266 0.517717
v -1.185504 -0.754877 0.516975
v -1.224252 -0.717662 0.523793
v -1.257969 -0.676036 0.546445
v -1.284941 -0.62981 0.579817
v -1.304364 -0.579469 0.616204
v -1.316683 -0.526088 0.647898
v -1.324115 -0.471246 0.66775
v -1.330369 -0.416578 0.669835
v -1.33449 -0.361813 0.661175
v -1.336062 -0.306965 0.648679
v -1.336927 -0.252539 0.63452
v -1.338499 -0.198678 0.620538
v -1.341352 -0.145211 0.608075
v -1.345089 -0.091809 0.597982
v -1.348516 -0.038187 0.590768
v -1.350081 0.015745 0.58683
v -1.347855 0.069813 0.587899
v -1.338063 0.123363 0.601394
v -1.322269 0.175831 0.624061
v -1.303626 0.22717 0.650921
v -1.285751 0.277944 0.677324
v -1.272204 0.329307 0.698662
v -1.265869 0.382837 0.709938
v -1.265707 0.439295 0.710666
v -1.267317 0.497993 0.704074
v -1.266282 0.557472 0.692333
v -1.258476 0.615591 0.67799
v -1.240827 0.669946 0.664266
v -1.211812 0.718346 0.655074
v -1.168776 0.757424 0.661604
v -1.112345 0.785354 0.689052
v -1.051035 0.806269 0.723096
v -0.993278 0.82615 0.75055
v -0.9466 0.852323 0.759323
v 1.033731 0.85949 0.740647
v 1.001485 0.901741 0.765561
v 1.072293 0.821963 0.690892
v 1.111611 0.78391 0.634613
v 1.14683 0.741967 0.589724
v 1.17344 0.694062 0.573386
v 1.192051 0.641784 0.583804
v 1.205774 0.587705 0.60764
v 1.216108 0.533004 0.635979
v 1.225588 0.47895 0.660296
v 1.238189 0.426824 0.672657
v 1.256348 0.376747 0.670878
v 1.277397 0.327136 0.663662
v 1.301103 0.277427 0.654316
v 1.326822 0.227039 0.645666
v 1.353001 0.175392 0.640164
v 1.377 0.122068 0.639942
v 1.395308 0.067032 0.646812
v 1.405233 0.010814 0.659756
v 1.405646 -0.045688 0.675081
v 1.396546 -0.10148 0.689203
v 1.379369 -0.155732 0.699076
v 1.356897 -0.20804 0.702378
v 1.332836 -0.258617 0.697362
v 1.311931 -0.308512 0.680842
v 1.295383 -0.358572 0.65537
v 1.282532 -0.409262 0.6251
v 1.271974 -0.46068 0.593498
v 1.261707 -0.512458 0.563565
v 1.249494 -0.563777 0.538162
v 1.233323 -0.61353 0.520299
v 1.211793 -0.660551 0.513275
v 1.186405 -0.705096 0.513868
v 1.160188 -0.748672 0.515743
v 1.134389 -0.792142 0.51903
v 1.110053 -0.836486 0.523839
v 1.087526 -0.882378 0.53001
v 1.066187 -0.929767 0.536921
v 1.044586 -0.977718 0.543234
v 1.022676 -1.026363 0.540076
v 0.998516 -1.073809 0.52479
v 0.96959 -1.116934 0.499923
v 0.934701 -1.153394 0.468925
v 0.894144 -1.182266 0.436042
v 0.849407 -1.20422 0.40591
v 0.802514 -1.221104 0.383085
v 0.755238 -1.235044 0.371724
v 0.70889 -1.248068 0.372435
v 0.664228 -1.261814 0.380889
v 0.620948 -1.276237 0.394146
v 0.578452 -1.290572 0.409136
v 0.536351 -1.304224 0.422817
v 0.494713 -1.317557 0.432418
v 0.453989 -1.332187 0.435598
v 0.414431 -1.349769 0.433222
v 0.375974 -1.371547 0.427616
v 0.338239 -1.398043 0.419921
v 0.300434 -1.428052 0.410724
v 0.2616 -1.458511 0.400162
v 0.220982 -1.485145 0.388249
v 0.178342 -1.503734 0.375266
v 0.134066 -1.511507 0.362025
v 0.088995 -1.508091 0.349918
v 0.044075 -1.495584 0.340754
v 0.0 -1.477615 0.336896
v -0.042961 -1.457794 0.341452
v -0.084943 -1.439436 0.353069
v -0.126304 -1.423995 0.369569
v -0.167356 -1.411101 0.388484
v -0.208234 -1.39947 0.407101
v -0.248969 -1.388089 0.422693
v -0.289716 -1.377107 0.432801
v -0.330966 -1.367983 0.435514
v -0.373303 -1.361802 0.433129
v -0.417385 -1.359391 0.428353
v -0.463743 -1.360808 0.422526
v -0.512328 -1.364471 0.41647
v -0.56228 -1.367274 0.410612
v -0.611977 -1.365369 0.405269
v -0.65942 -1.355309 0.400966
v -0.702805 -1.335096 0.398637
v -0.740387 -1.303522 0.404748
v -0.771797 -1.262124 0.421745
v -0.798544 -1.215065 0.445096
v -0.822856 -1.166578 0.470705
v -0.847157 -1.120138 0.494804
v -0.873588 -1.077982 0.513617
v -0.903739 -1.041077 0.523008
v -0.937828 -1.008544 0.521457
v -0.97348 -0.97699 0.515183
v -1.00954 -0.944916 0.50556
v -1.045453 -0.911686 0.49394
v -1.081343 -0.877361 0.482018
v -1.117846 -0.842359 0.471677
v -1.15565 -0.806988 0.464766
v -1.194913 -0.77108 0.462933
v -1.234281 -0.73355 0.469323
v -1.269184 -0.691834 0.493271
v -1.297822 -0.645616 0.529374
v -1.319153 -0.595208 0.569321
v -1.333358 -0.54156 0.604672
v -1.342452 -0.486206 0.627436
v -1.350042 -0.430805 0.630848
v -1.354998 -0.375074 0.622442
v -1.356807 -0.319065 0.609669
v -1.357404 -0.263384 0.594795
v -1.358402 -0.208271 0.579809
v -1.360619 -0.153615 0.566229
v -1.363863 -0.099105 0.555084
v -1.367053 -0.044433 0.547047
v -1.368627 0.010532 0.542639
v -1.366533 0.06565 0.543807
v -1.356779 0.120275 0.55872
v -1.340738 0.173802 0.583687
v -1.321486 0.226125 0.613077
v -1.302747 0.277777 0.641654
v -1.28836 0.329944 0.66432
v -1.281557 0.384306 0.675661
v -1.281495 0.441752 0.675337
v -1.283746 0.501677 0.667122
v -1.283752 0.562652 0.653596
v -1.277138 0.622488 0.637683
v -1.260522 0.678648 0.62297
v -1.232085 0.72875 0.613711
v -1.18888 0.769172 0.622153
v -1.131337 0.797822 0.653834
v -1.068127 0.81877 0.6926
v -1.008169 0.838237 0.723647
v -0.959667 0.864088 0.733594
v 1.049269 0.872147 0.712966
v 1.015762 0.914596 0.739049
v 1.088908 0.834174 0.65938
v 1.128706 0.795174 0.598308
v 1.163793 0.751885 0.54945
v 1.190002 0.702545 0.531702
v 1.208288 0.648965 0.543141
v 1.221845 0.593739 0.569224
v 1.232119 0.537992 0.600263
v 1.241574 0.482939 0.626927
v 1.254186 0.429846 0.640454
v 1.272363 0.378809 0.638337
v 1.293273 0.328202 0.630016
v 1.316693 0.277479 0.619069
v 1.342102 0.226095 0.60863
v 1.368132 0.173495 0.601503
v 1.392317 0.11926 0.600197
v 1.411219 0.063328 0.606896
v 1.422086 0.006185 0.620664
v 1.423596 -0.051299 0.637565
v 1.415487 -0.108126 0.653669
v 1.398946 -0.163428 0.665508
v 1.376605 -0.216745 0.670326
v 1.352152 -0.26824 0.665967
v 1.330467 -0.318952 0.648743
v 1.312856 -0.369721 0.621373
v 1.29878 -0.421015 0.588439
v 1.286986 -0.472965 0.553833
v 1.275607 -0.525245 0.520953
v 1.262474 -0.577073 0.493031
v 1.245571 -0.62735 0.473412
v 1.223423 -0.674885 0.465705
v 1.197379 -0.719865 0.466311
v 1.170332 -0.763718 0.468176
v 1.143529 -0.807287 0.471337
v 1.118123 -0.851615 0.475863
v 1.094636 -0.897508 0.481614
v 1.072628 -0.945086 0.488044
v 1.050762 -0.993561 0.493897
v 1.028948 -1.0431 0.489676
v 1.005101 -1.091713 0.472626
v 0.976489 -1.136052 0.445584
v 0.941688 -1.173475 0.412276
v 0.900839 -1.202797 0.37722
v 0.855408 -1.224564 0.345316
v 0.807537 -1.240698 0.321367
v 0.759219 -1.253595 0.309766
v 0.711959 -1.265601 0.311082
v 0.666605 -1.278563 0.320578
v 0.622887 -1.292578 0.335141
v 0.580156 -1.306861 0.351535
v 0.537915 -1.32064 0.366512
v 0.496112 -1.334024 0.377014
v 0.455124 -1.348399 0.380365
v 0.41521 -1.365358 0.377375
v 0.376379 -1.38628 0.370509
v 0.338338 -1.411961 0.361045
v 0.300365 -1.441527 0.349779
v 0.261518 -1.472155 0.3371
v 0.220995 -1.499608 0.323278
v 0.17848 -1.519466 0.308812
v 0.134279 -1.528578 0.294661
v 0.089196 -1.526152 0.282268
v 0.044189 -1.513995 0.273408
v 0.0 -1.495704 0.270401
v -0.043055 -1.475142 0.276405
v -0.085092 -1.455925 0.28979
v -0.126482 -1.43982 0.308163
v -0.167578 -1.426652 0.328939
v -0.208546 -1.41513 0.349308
v -0.249418 -1.404042 0.366376
v -0.290306 -1.393251 0.377435
v -0.331634 -1.383986 0.380273
v -0.373943 -1.377308 0.377268
v -0.417903 -1.374213 0.371307
v -0.464118 -1.375047 0.36389
v -0.512667 -1.378539 0.356073
v -0.562819 -1.381783 0.348553
v -0.613038 -1.38093 0.341924
v -0.661316 -1.372325 0.336944
v -0.705741 -1.353627 0.334704
v -0.744459 -1.323375 0.342229
v -0.77693 -1.282838 0.362028
v -0.804457 -1.235965 0.38887
v -0.829184 -1.187022 0.418
v -0.853598 -1.139721 0.445118
v -0.880002 -1.096606 0.466069
v -0.91017 -1.058895 0.476427
v -0.944436 -1.025821 0.474682
v -0.980464 -0.993949 0.467766
v -1.017003 -0.961639 0.457213
v -1.053355 -0.928104 0.444448
v -1.089521 -0.893314 0.431231
v -1.126099 -0.85769 0.419523
v -1.163859 -0.821639 0.411292
v -1.203145 -0.785131 0.408359
v -1.24287 -0.747214 0.414269
v -1.27876 -0.705411 0.439414
v -1.308959 -0.659276 0.478115
v -1.332193 -0.608941 0.521495
v -1.348368 -0.555205 0.560416
v -1.359269 -0.499528 0.586067
v -1.368352 -0.443568 0.590831
v -1.374303 -0.387025 0.582751
v -1.376496 -0.329986 0.569803
v -1.376914 -0.273152 0.554325
v -1.377349 -0.216862 0.538429
v -1.378858 -0.161082 0.523795
v -1.381481 -0.105529 0.511631
v -1.384293 -0.049882 0.502774
v -1.385762 0.006027 0.497886
v -1.383754 0.062095 0.499148
v -1.374114 0.117701 0.515501
v -1.357977 0.172207 0.54282
v -1.338274 0.22545 0.57481
v -1.318769 0.277917 0.605621
v -1.303534 0.330807 0.62963
v -1.296136 0.385887 0.640992
v -1.29595 0.44416 0.639509
v -1.298584 0.505114 0.629527
v -1.299405 0.567371 0.614058
v -1.29385 0.628728 0.596435
v -1.278271 0.686552 0.580631
v -1.250565 0.7383 0.571271
v -1.207511 0.78013 0.581684
v -1.149291 0.809676 0.617761
v -1.084578 0.830857 0.661472
v -1.022691 0.850056 0.696316
v -0.97248 0.875625 0.707558
v 1.06402 0.884193 0.684549
v 1.029171 0.92667 0.711735
v 1.104748 0.845876 0.627185
v 1.14496 0.805975 0.561362
v 1.1798 0.76136 0.508581
v 1.205532 0.710637 0.489482
v 1.22348 0.655847 0.501999
v 1.236901 0.599582 0.530368
v 1.247172 0.542902 0.564132
v 1.256676 0.486964 0.593169
v 1.269355 0.433005 0.607891
v 1.287564 0.381092 0.605461
v 1.308306 0.329564 0.596055
v 1.331348 0.277892 0.583513
v 1.356281 0.225574 0.571262
v 1.381936 0.172093 0.562452
v 1.40606 0.117034 0.559967
v 1.425357 0.060309 0.566373
v 1.437064 0.002357 0.580834
v 1.439696 -0.055996 0.599201
v 1.432727 -0.113763 0.617225
v 1.417074 -0.170049 0.631034
v 1.395169 -0.224336 0.637432
v 1.370626 -0.276732 0.633834
v 1.348394 -0.328248 0.616012
v 1.32985 -0.379694 0.58683
v 1.314576 -0.431532 0.551285
v 1.301486 -0.483917 0.513694
v 1.288885 -0.536574 0.477864
v 1.274727 -0.588779 0.447403
v 1.257035 -0.639466 0.426009
v 1.234297 -0.687446 0.417612
v 1.207687 -0.732833 0.418243
v 1.179903 -0.776943 0.420127
v 1.152165 -0.820578 0.423202
v 1.125706 -0.864818 0.427474
v 1.101218 -0.910586 0.432804
v 1.078453 -0.958179 0.438705
v 1.056213 -1.006973 0.444
v 1.034376 -1.05718 0.438585
v 1.010746 -1.106741 0.41963
v 0.982409 -1.15213 0.390289
v 0.947727 -1.190438 0.354586
v 0.906681 -1.220222 0.317327
v 0.860691 -1.241883 0.283682
v 0.811991 -1.257388 0.258693
v 0.76277 -1.269377 0.246968
v 0.714714 -1.280486 0.249006
v 0.668748 -1.292747 0.259635
v 0.624649 -1.30641 0.275548
v 0.581735 -1.320699 0.293358
v 0.539403 -1.334688 0.309628
v 0.497486 -1.348222 0.32104
v 0.456271 -1.362417 0.324592
v 0.416015 -1.378758 0.321036
v 0.376792 -1.39872 0.312957
v 0.338403 -1.423354 0.301749
v 0.300208 -1.452131 0.288391
v 0.2613 -1.482531 0.273516
v 0.220849 -1.510447 0.25766
v 0.178465 -1.531343 0.241563
v 0.134374 -1.541743 0.226365
v 0.089325 -1.540438 0.213599
v 0.044274 -1.5289 0.205029
v 0.0 -1.510616 0.202933
v -0.043137 -1.489636 0.210497
v -0.085229 -1.469806 0.225772
v -0.126656 -1.453188 0.246115
v -0.1678 -1.43983 0.268807
v -0.208864 -1.428475 0.290938
v -0.249881 -1.417745 0.309481
v -0.290923 -1.407218 0.321497
v -0.332339 -1.397851 0.324491
v -0.374616 -1.390644 0.320915
v -0.41842 -1.386728 0.313817
v -0.464412 -1.386727 0.304833
v -0.512794 -1.389708 0.295229
v -0.562982 -1.39303 0.285966
v -0.61355 -1.392928 0.277921
v -0.66252 -1.385614 0.272112
v -0.707909 -1.368447 0.26982
v -0.747788 -1.339743 0.278664
v -0.78145 -1.300462 0.301246
v -0.809944 -1.254217 0.331647
v -0.835274 -1.205209 0.364425
v -0.859941 -1.157319 0.394706
v -0.886381 -1.113381 0.417911
v -0.916539 -1.07488 0.4293
v -0.95089 -1.0412 0.427377
v -0.987179 -1.008942 0.419813
v -1.024091 -0.97635 0.40832
v -1.060792 -0.942488 0.394417
v -1.097148 -0.907221 0.37993
v -1.133697 -0.870956 0.366894
v -1.171261 -0.834179 0.357382
v -1.210361 -0.796999 0.353367
v -1.250191 -0.758625 0.358772
v -1.286864 -0.716723 0.385033
v -1.318487 -0.670727 0.426209
v -1.343572 -0.620577 0.472884
v -1.361749 -0.566908 0.51526
v -1.374551 -0.511083 0.543736
v -1.385242 -0.454729 0.549847
v -1.392328 -0.397532 0.542137
v -1.395048 -0.339605 0.529098
v -1.395396 -0.281733 0.513114
v -1.395302 -0.224358 0.496403
v -1.396057 -0.167527 0.48079
v -1.397952 -0.111002 0.467651
v -1.400249 -0.054461 0.45799
v -1.401494 0.002299 0.45262
v -1.399516 0.059216 0.453969
v -1.390057 0.115702 0.471777
v -1.373977 0.171101 0.501492
v -1.353989 0.225193 0.536148
v -1.333836 0.278411 0.569256
v -1.317771 0.331948 0.594641
v -1.309669 0.387635 0.605999
v -1.309141 0.446577 0.603277
v -1.311889 0.508359 0.591403
v -1.313269 0.571675 0.573847
v -1.308598 0.634337 0.554371
v -1.294014 0.693656 0.537365
v -1.267157 0.746964 0.527843
v -1.224557 0.790243 0.540247
v -1.166099 0.820856 0.580844
v -1.100307 0.842476 0.629696
v -1.036793 0.861567 0.668537
v -0.985019 0.886915 0.681201
v 1.0779 0.895561 0.655399
v 1.041645 0.937902 0.683641
v 1.119724 0.85701 0.594303
v 1.160292 0.816267 0.523773
v 1.194793 0.770369 0.467125
v 1.219998 0.718336 0.446745
v 1.237619 0.662443 0.460404
v 1.25094 0.605255 0.4911
v 1.261266 0.54776 0.527614
v 1.270885 0.491049 0.559046
v 1.283684 0.436325 0.574985
v 1.301943 0.383625 0.572265
v 1.322504 0.331255 0.5618
v 1.3451 0.278707 0.54768
v 1.369416 0.225526 0.533616
v 1.39449 0.171237 0.523088
v 1.418318 0.115444 0.519354
v 1.4378 0.058033 0.52536
v 1.450216 -0.00061 0.540389
v 1.453954 -0.059714 0.560102
v 1.448233 -0.118318 0.57996
v 1.433686 -0.17551 0.595712
v 1.412506 -0.230723 0.603723
v 1.388178 -0.284 0.600967
v 1.365649 -0.336305 0.582645
v 1.34634 -0.388405 0.551736
v 1.329934 -0.440736 0.513643
v 1.315526 -0.493471 0.473103
v 1.301623 -0.546393 0.434333
v 1.286346 -0.598847 0.401327
v 1.267812 -0.649831 0.378145
v 1.244507 -0.698186 0.36905
v 1.217417 -0.743952 0.369714
v 1.188992 -0.788303 0.371645
v 1.160395 -0.831981 0.374675
v 1.132917 -0.876075 0.378734
v 1.107402 -0.921612 0.383661
v 1.083799 -0.969055 0.389014
v 1.061075 -1.017965 0.393681
v 1.039083 -1.068593 0.386961
v 1.015546 -1.11885 0.365974
v 0.987413 -1.165083 0.334216
v 0.952853 -1.204156 0.296028
v 0.911683 -1.234383 0.256521
v 0.865263 -1.256011 0.221144
v 0.815887 -1.271022 0.195177
v 0.765919 -1.282269 0.183425
v 0.717199 -1.292644 0.186292
v 0.670715 -1.304319 0.198141
v 0.626299 -1.317707 0.215456
v 0.583247 -1.332067 0.234695
v 0.540872 -1.346345 0.252254
v 0.498885 -1.360123 0.264575
v 0.457476 -1.374218 0.268352
v 0.416891 -1.389966 0.26428
v 0.377264 -1.408897 0.255052
v 0.338487 -1.432283 0.24215
v 0.300016 -1.459948 0.226717
v 0.260993 -1.489723 0.209611
v 0.22058 -1.517714 0.19163
v 0.178322 -1.539362 0.173773
v 0.134363 -1.550935 0.157392
v 0.089387 -1.550833 0.144143
v 0.044332 -1.540154 0.135811
v 0.0 -1.522209 0.134645
v -0.043209 -1.501162 0.143843
v -0.085363 -1.48101 0.161109
v -0.126837 -1.464071 0.183515
v -0.168043 -1.450627 0.208174
v -0.209212 -1.4395 0.232084
v -0.250387 -1.429187 0.252095
v -0.291599 -1.418989 0.265069
v -0.333117 -1.409559 0.268243
v -0.375366 -1.401809 0.264147
v -0.41899 -1.396965 0.255974
v -0.464696 -1.395904 0.245472
v -0.512796 -1.39805 0.234092
v -0.56286 -1.401079 0.223044
v -0.613602 -1.401393 0.213485
v -0.663109 -1.395154 0.206707
v -0.709362 -1.379474 0.204216
v -0.750406 -1.352495 0.214251
v -0.785372 -1.314837 0.239548
v -0.815016 -1.269665 0.273523
v -0.841147 -1.221005 0.310038
v -0.866223 -1.172832 0.343604
v -0.892779 -1.128238 0.369174
v -0.922917 -1.088983 0.381665
v -0.957266 -1.054641 0.379591
v -0.993704 -1.021925 0.371378
v -1.030881 -0.988997 0.35894
v -1.067838 -0.954784 0.343903
v -1.104307 -0.919036 0.328172
v -1.140738 -0.882123 0.313853
v -1.177981 -0.84459 0.30311
v -1.216711 -0.806681 0.29805
v -1.256414 -0.767783 0.302952
v -1.293663 -0.725763 0.330277
v -1.326554 -0.679941 0.373815
v -1.353395 -0.630061 0.423642
v -1.373551 -0.576587 0.469341
v -1.388296 -0.520768 0.500549
v -1.400666 -0.464176 0.50797
v -1.408996 -0.40648 0.500647
v -1.412381 -0.347813 0.487577
v -1.412774 -0.289032 0.471176
v -1.41221 -0.230674 0.453743
v -1.412195 -0.172879 0.437231
v -1.413275 -0.115462 0.423171
v -1.414934 -0.058111 0.412734
v -1.415836 -0.000595 0.406886
v -1.413822 0.057065 0.408318
v -1.404601 0.114327 0.42759
v -1.388726 0.170529 0.459734
v -1.36863 0.225397 0.497114
v -1.347965 0.279301 0.532586
v -1.331111 0.333411 0.559392
v -1.322216 0.389598 0.570744
v -1.321141 0.449057 0.566724
v -1.323729 0.511467 0.552857
v -1.325391 0.575609 0.533084
v -1.32139 0.639342 0.51162
v -1.307716 0.699962 0.493292
v -1.281784 0.754716 0.483529
v -1.239917 0.799463 0.497908
v -1.18166 0.8313 0.543107
v -1.115227 0.853568 0.597265
v -1.050418 0.872727 0.640288
v -0.997253 0.89793 0.654506
v 1.090829 0.906188 0.625529
v 1.053128 0.948241 0.654803
v 1.133745 0.867511 0.560738
v 1.17462 0.826001 0.485547
v 1.20871 0.778881 0.425091
v 1.233365 0.725635 0.403507
v 1.250692 0.668762 0.418378
v 1.263964 0.610775 0.451447
v 1.274404 0.552584 0.490738
v 1.2842 0.495213 0.524581
v 1.297168 0.439825 0.541752
v 1.315494 0.386427 0.538761
v 1.335872 0.333302 0.527267
v 1.357974 0.279957 0.511598
v 1.38156 0.225987 0.495735
v 1.405873 0.170968 0.483479
v 1.429183 0.11453 0.478448
v 1.448635 0.05654 0.483968
v 1.46161 -0.002674 0.499448
v 1.466399 -0.062407 0.520383
v 1.461993 -0.121737 0.541972
v 1.448731 -0.179749 0.55961
v 1.42854 -0.235832 0.569239
v 1.404723 -0.289964 0.567382
v 1.382167 -0.343045 0.548642
v 1.362289 -0.395779 0.516091
v 1.344859 -0.448564 0.475519
v 1.329151 -0.501582 0.432077
v 1.313898 -0.55467 0.390391
v 1.297431 -0.607257 0.354847
v 1.278005 -0.658431 0.32987
v 1.254152 -0.707089 0.320073
v 1.226658 -0.753203 0.320775
v 1.197681 -0.797779 0.322775
v 1.168306 -0.841482 0.325801
v 1.139853 -0.885388 0.329695
v 1.1133 -0.930602 0.334257
v 1.08879 -0.977745 0.339064
v 1.065474 -1.026571 0.343062
v 1.043181 -1.077363 0.334954
v 1.01959 -1.128037 0.311829
v 0.991558 -1.174869 0.277546
v 0.95709 -1.214543 0.236784
v 0.915848 -1.245158 0.194974
v 0.869111 -1.266806 0.157856
v 0.819215 -1.281462 0.130948
v 0.768666 -1.29216 0.119245
v 0.719433 -1.301998 0.123031
v 0.672541 -1.31324 0.136183
v 0.627878 -1.326453 0.154951
v 0.584738 -1.340956 0.175635
v 0.54236 -1.355596 0.194474
v 0.500342 -1.369708 0.2077
v 0.458772 -1.383785 0.21172
v 0.417873 -1.398981 0.207181
v 0.377831 -1.416839 0.196875
v 0.338631 -1.438814 0.182353
v 0.299828 -1.46507 0.164896
v 0.260633 -1.49383 0.145566
v 0.220215 -1.521486 0.12541
v 0.178069 -1.543554 0.105694
v 0.134255 -1.556124 0.088
v 0.089385 -1.557244 0.074145
v 0.044363 -1.547628 0.065967
v 0.0 -1.530347 0.065706
v -0.043273 -1.509608 0.076573
v -0.085495 -1.489463 0.095905
v -0.127034 -1.472433 0.120449
v -0.168319 -1.459035 0.147129
v -0.209609 -1.448208 0.172832
v -0.250956 -1.438364 0.194304
v -0.292354 -1.428549 0.20823
v -0.333991 -1.419097 0.211603
v -0.376221 -1.410801 0.207036
v -0.419655 -1.404948 0.197858
v -0.465023 -1.402638 0.18591
v -0.51274 -1.403646 0.172801
v -0.562531 -1.406015 0.159964
v -0.61327 -1.406387 0.148828
v -0.663145 -1.400959 0.140965
v -0.710144 -1.386665 0.138128
v -0.752331 -1.361534 0.149203
v -0.788695 -1.32583 0.177101
v -0.819665 -1.282166 0.214613
v -0.846798 -1.234282 0.254909
v -0.872455 -1.186162 0.291855
v -0.899226 -1.141113 0.319891
v -0.929354 -1.101164 0.333558
v -0.963625 -1.066118 0.331368
v -1.000103 -1.032874 0.322515
v -1.037433 -0.999554 0.309129
v -1.074557 -0.964964 0.292963
v -1.111067 -0.928735 0.276011
v -1.14731 -0.891181 0.260453
v -1.184133 -0.852882 0.248537
v -1.222337 -0.814203 0.242488
v -1.261703 -0.774722 0.246914
v -1.29933 -0.732561 0.275271
v -1.333316 -0.686927 0.321079
v -1.361781 -0.637376 0.373921
v -1.383842 -0.584197 0.422797
v -1.400513 -0.528512 0.456623
v -1.414582 -0.471819 0.465289
v -1.424232 -0.413775 0.458342
v -1.428404 -0.354521 0.44528
v -1.428965 -0.294968 0.428533
v -1.428011 -0.235745 0.410464
v -1.427236 -0.177082 0.393134
v -1.427442 -0.11886 0.378216
v -1.428354 -0.060787 0.36704
v -1.428798 -0.002614 0.360727
v -1.426679 0.055683 0.362243
v -1.417744 0.113613 0.38298
v -1.402217 0.170523 0.417578
v -1.382193 0.22609 0.457733
v -1.361167 0.280615 0.495634
v -1.34359 0.335227 0.523915
v -1.333839 0.391816 0.535275
v -1.332028 0.451645 0.529923
v -1.334184 0.514488 0.513984
v -1.335832 0.579219 0.491886
v -1.332256 0.643775 0.468311
v -1.319362 0.70548 0.448542
v -1.29439 0.761538 0.43844
v -1.253503 0.807745 0.454749
v -1.195875 0.840948 0.504588
v -1.129252 0.864074 0.564178
v -1.063502 0.883486 0.611551
v -1.009148 0.908641 0.627457
v 1.102734 0.916015 0.594964
v 1.063574 0.957646 0.625267
v 1.146724 0.877317 0.526507
v 1.187857 0.83512 0.446697
v 1.221481 0.786859 0.382497
v 1.245589 0.732515 0.359787
v 1.262683 0.674804 0.375941
v 1.275974 0.616152 0.411433
v 1.286593 0.557389 0.453528
v 1.296626 0.49947 0.489795
v 1.309803 0.44352 0.50821
v 1.328212 0.389515 0.504966
v 1.348412 0.335721 0.49247
v 1.369991 0.281662 0.475286
v 1.392763 0.226981 0.457652
v 1.416162 0.171312 0.443677
v 1.43875 0.114319 0.437328
v 1.457963 0.055855 0.442299
v 1.471327 -0.003812 0.458127
v 1.477079 -0.064048 0.480158
v 1.474009 -0.123987 0.503362
v 1.462169 -0.182723 0.522808
v 1.443199 -0.239611 0.534031
v 1.420181 -0.294564 0.533106
v 1.397873 -0.348403 0.514016
v 1.377651 -0.401757 0.479901
v 1.359346 -0.454971 0.43692
v 1.342402 -0.508221 0.390631
v 1.325789 -0.561394 0.346065
v 1.308083 -0.614015 0.307999
v 1.287726 -0.665278 0.28123
v 1.263337 -0.714171 0.270726
v 1.235502 -0.760598 0.271469
v 1.206051 -0.80538 0.273557
v 1.175974 -0.849091 0.276618
v 1.146595 -0.892777 0.280401
v 1.119004 -0.937592 0.284648
v 1.09353 -0.984302 0.288936
v 1.069517 -1.032851 0.29225
v 1.046769 -1.083546 0.282701
v 1.022957 -1.134334 0.257359
v 0.994894 -1.181482 0.220463
v 0.960455 -1.221551 0.177047
v 0.919162 -1.252459 0.132876
v 0.872208 -1.274154 0.09399
v 0.821942 -1.288589 0.066155
v 0.770989 -1.298945 0.054547
v 0.721411 -1.308475 0.059321
v 0.674236 -1.319471 0.073845
v 0.629408 -1.332637 0.094117
v 0.586232 -1.347368 0.116262
v 0.54389 -1.362443 0.136374
v 0.501878 -1.376968 0.150494
v 0.460174 -1.391105 0.154768
v 0.418976 -1.405802 0.149807
v 0.378515 -1.422573 0.138499
v 0.338861 -1.443008 0.122449
v 0.299674 -1.467594 0.103051
v 0.260248 -1.494964 0.081544
v 0.219777 -1.521867 0.059208
v 0.177719 -1.543981 0.037567
v 0.134056 -1.557314 0.01845
v 0.089321 -1.559617 0.00386
v 0.044366 -1.551217 -0.004274
v 0.0 -1.534906 -0.003692
v -0.043326 -1.514861 0.008834
v -0.085625 -1.495087 0.03027
v -0.127249 -1.478238 0.057012
v -0.168634 -1.465049 0.085758
v -0.210063 -1.454603 0.11327
v -0.251598 -1.445278 0.136192
v -0.2932 -1.435892 0.15106
v -0.334973 -1.426453 0.154643
v -0.377197 -1.417621 0.14965
v -0.420437 -1.410706 0.139544
v -0.465428 -1.406989 0.126238
v -0.512674 -1.406588 0.111474
v -0.562053 -1.407943 0.096884
v -0.612614 -1.408002 0.084147
v -0.66268 -1.403084 0.075113
v -0.710286 -1.390019 0.071794
v -0.753569 -1.366801 0.083743
v -0.791403 -1.333338 0.114087
v -0.823861 -1.291597 0.155048
v -0.852199 -1.244925 0.199121
v -0.878623 -1.19722 0.239509
v -0.90573 -1.151948 0.270097
v -0.935874 -1.111394 0.285014
v -0.970006 -1.075618 0.282751
v -1.006423 -1.041783 0.273275
v -1.043799 -1.008015 0.258942
v -1.081 -0.973023 0.241652
v -1.117486 -0.93632 0.223498
v -1.153489 -0.898144 0.206742
v -1.189819 -0.859088 0.193715
v -1.227373 -0.819618 0.18674
v -1.266219 -0.779508 0.190738
v -1.304037 -0.737179 0.220123
v -1.338935 -0.691734 0.268129
v -1.36886 -0.642544 0.323861
v -1.392702 -0.589728 0.375766
v -1.411227 -0.534277 0.412078
v -1.426962 -0.477602 0.421903
v -1.437965 -0.419346 0.415296
v -1.443025 -0.359657 0.402256
v -1.443875 -0.299478 0.385217
v -1.442628 -0.239516 0.366587
v -1.441132 -0.180094 0.348519
v -1.440432 -0.121163 0.332812
v -1.440512 -0.062462 0.320942
v -1.440394 -0.003731 0.314185
v -1.438095 0.055094 0.315788
v -1.429487 0.113583 0.337991
v -1.414446 0.171105 0.375055
v -1.394676 0.227293 0.418025
v -1.373454 0.282374 0.458417
v -1.355239 0.337421 0.488233
v -1.344594 0.394319 0.499631
v -1.341879 0.454381 0.492935
v -1.343341 0.517465 0.474872
v -1.344673 0.582551 0.450361
v -1.341249 0.647673 0.424569
v -1.328962 0.710224 0.403243
v -1.304939 0.767418 0.392698
v -1.265243 0.815049 0.410862
v -1.208655 0.849742 0.465334
v -1.142295 0.873928 0.530445
v -1.075976 0.893788 0.582314
v -1.020661 0.919008 0.600039
v 1.113549 0.924988 0.563741
v 1.07295 0.966088 0.59509
v 1.158577 0.886364 0.491634
v 1.199916 0.843567 0.407247
v 1.233033 0.794259 0.339364
v 1.256624 0.738953 0.315603
v 1.273572 0.680562 0.333114
v 1.286971 0.621393 0.37108
v 1.297846 0.562185 0.416007
v 1.308172 0.50383 0.454712
v 1.321593 0.447415 0.474379
v 1.340096 0.392894 0.470892
v 1.360127 0.338522 0.457421
v 1.381171 0.283835 0.438758
v 1.403066 0.228523 0.419394
v 1.425429 0.172286 0.403728
v 1.447117 0.114824 0.396059
v 1.465889 0.055987 0.400439
v 1.479462 -0.004015 0.41653
v 1.48606 -0.064631 0.43954
v 1.484303 -0.125058 0.464237
v 1.473978 -0.184412 0.485393
v 1.456425 -0.24203 0.498163
v 1.434474 -0.297759 0.498176
v 1.412692 -0.352336 0.478785
v 1.392375 -0.4063 0.443176
v 1.373384 -0.459928 0.397858
v 1.355314 -0.513377 0.34878
v 1.337377 -0.56658 0.301376
v 1.318415 -0.619155 0.260811
v 1.297097 -0.67042 0.232259
v 1.272181 -0.719482 0.221048
v 1.244051 -0.766182 0.221832
v 1.214186 -0.811143 0.224023
v 1.183471 -0.854845 0.227157
v 1.153213 -0.898281 0.230886
v 1.124591 -0.942636 0.23488
v 1.098105 -0.988795 0.238696
v 1.073294 -1.036887 0.241338
v 1.049932 -1.087224 0.230323
v 1.025713 -1.137809 0.202715
v 0.997457 -1.18496 0.163143
v 0.962952 -1.225172 0.117009
v 0.921598 -1.256234 0.070422
v 0.874505 -1.277972 0.029733
v 0.824015 -1.292305 0.000962
v 0.772841 -1.302533 -0.010533
v 0.723099 -1.312009 -0.004731
v 0.675785 -1.322978 0.011218
v 0.630889 -1.336254 0.033034
v 0.587736 -1.351312 0.056658
v 0.54547 -1.366894 0.078037
v 0.503495 -1.381904 0.093036
v 0.461684 -1.396176 0.09757
v 0.420203 -1.410431 0.092226
v 0.379322 -1.426122 0.079993
v 0.339188 -1.444926 0.062519
v 0.29957 -1.467618 0.041288
v 0.259855 -1.49325 0.01769
v 0.21928 -1.518979 -0.006788
v 0.177281 -1.540738 -0.030378
v 0.133769 -1.554545 -0.051002
v 0.089191 -1.557925 -0.066449
v 0.044339 -1.550845 -0.074667
v 0.0 -1.535779 -0.073344
v -0.043366 -1.516813 -0.059212
v -0.085749 -1.4978 -0.035674
v -0.127478 -1.48144 -0.006702
v -0.168987 -1.468657 0.024143
v -0.210578 -1.458696 0.053478
v -0.252318 -1.449941 0.077843
v -0.29414 -1.441019 0.093638
v -0.336065 -1.431624 0.097437
v -0.378297 -1.42227 0.092058
v -0.421345 -1.414262 0.081099
v -0.46593 -1.409016 0.066534
v -0.512629 -1.406972 0.050215
v -0.561466 -1.406979 0.033942
v -0.611676 -1.406355 0.019621
v -0.661749 -1.401616 0.009363
v -0.709804 -1.389576 0.005447
v -0.754112 -1.368279 0.018098
v -0.793464 -1.337292 0.050702
v -0.827557 -1.29786 0.094975
v -0.857301 -1.252831 0.142772
v -0.884688 -1.205921 0.186625
v -0.912271 -1.16069 0.219832
v -0.942481 -1.119649 0.236068
v -0.976431 -1.083141 0.233781
v -1.012696 -1.048665 0.223703
v -1.050016 -1.014399 0.208431
v -1.087209 -0.978984 0.190018
v -1.123617 -0.94182 0.170677
v -1.159343 -0.903056 0.15276
v -1.195135 -0.863271 0.138678
v -1.231948 -0.823009 0.130849
v -1.270121 -0.782238 0.134482
v -1.307961 -0.739717 0.164914
v -1.343584 -0.694448 0.215075
v -1.374777 -0.645624 0.273589
v -1.400229 -0.593207 0.328381
v -1.420477 -0.538061 0.36704
v -1.437789 -0.481496 0.377919
v -1.450133 -0.423154 0.371596
v -1.456151 -0.363175 0.358569
v -1.457405 -0.302519 0.341271
v -1.455974 -0.241955 0.322143
v -1.453821 -0.181891 0.303411
v -1.452215 -0.122354 0.286982
v -1.451403 -0.063124 0.27447
v -1.450631 -0.003937 0.2673
v -1.448084 0.055307 0.268997
v -1.439836 0.114246 0.292663
v -1.42541 0.172283 0.332199
v -1.406075 0.229013 0.378013
v -1.384831 0.284587 0.420951
v -1.366086 0.340005 0.452363
v -1.354536 0.397127 0.463843
v -1.350773 0.457294 0.45581
v -1.351295 0.520438 0.435593
v -1.352006 0.585645 0.408609
v -1.348437 0.651071 0.380512
v -1.336551 0.714217 0.357526
v -1.313421 0.772352 0.346429
v -1.275084 0.821346 0.366348
v -1.219918 0.857629 0.425408
v -1.15427 0.883069 0.496086
v -1.08777 0.903575 0.552569
v -1.031744 0.928987 0.572236
v 1.12322 0.933064 0.531906
v 1.081236 0.973549 0.564337
v 1.169224 0.894593 0.456156
v 1.210709 0.851281 0.367228
v 1.243287 0.801031 0.295723
v 1.266415 0.744917 0.270981
v 1.283335 0.686025 0.289914
v 1.296956 0.626497 0.330408
v 1.308174 0.566977 0.378198
v 1.318853 0.508299 0.419353
v 1.332547 0.451515 0.440276
v 1.351149 0.396565 0.436554
v 1.371019 0.341703 0.42213
v 1.391526 0.286474 0.402028
v 1.412509 0.230616 0.380979
v 1.433742 0.173889 0.363663
v 1.454376 0.116045 0.354694
v 1.472521 0.056932 0.358467
v 1.486121 -0.003296 0.374755
v 1.493421 -0.064169 0.398639
v 1.492917 -0.124958 0.424704
v 1.484151 -0.18482 0.44746
v 1.468171 -0.24308 0.461707
v 1.447527 -0.299532 0.462642
v 1.426548 -0.35482 0.442982
v 1.406405 -0.409384 0.405936
v 1.386957 -0.463425 0.358345
v 1.367923 -0.517064 0.306536
v 1.348745 -0.570264 0.256336
v 1.328546 -0.622738 0.213299
v 1.306255 -0.673936 0.182976
v 1.280814 -0.723105 0.17106
v 1.252417 -0.770035 0.171888
v 1.222173 -0.815139 0.174197
v 1.190861 -0.858805 0.17744
v 1.159762 -0.901962 0.181172
v 1.130117 -0.945803 0.184984
v 1.102579 -0.99131 0.188393
v 1.076877 -1.038781 0.190401
v 1.052739 -1.088505 0.177928
v 1.027913 -1.138562 0.148037
v 0.999276 -1.185375 0.105758
v 0.964575 -1.225442 0.056865
v 0.92312 -1.256475 0.007818
v 0.875939 -1.278209 -0.034713
v 0.825359 -1.292536 -0.06445
v 0.774149 -1.302849 -0.075844
v 0.72444 -1.312542 -0.069007
v 0.677149 -1.323732 -0.051605
v 0.632298 -1.337301 -0.028213
v 0.589238 -1.352805 -0.003096
v 0.547091 -1.36897 0.019541
v 0.505184 -1.38453 0.035406
v 0.46329 -1.399 0.040199
v 0.421543 -1.412872 0.034505
v 0.380244 -1.42751 0.02142
v 0.339612 -1.444624 0.002631
v 0.299521 -1.465239 -0.020304
v 0.259462 -1.488817 -0.045872
v 0.218731 -1.512963 -0.072411
v 0.176758 -1.533945 -0.097929
v 0.133392 -1.547892 -0.120108
v 0.088993 -1.552182 -0.13652
v 0.044278 -1.546461 -0.144958
v 0.0 -1.532876 -0.143024
v -0.043388 -1.515364 -0.127386
v -0.085859 -1.497519 -0.101792
v -0.127713 -1.481992 -0.070592
v -0.169372 -1.469848 -0.037629
v -0.211146 -1.460497 -0.006462
v -0.25311 -1.452367 0.019336
v -0.295167 -1.443941 0.036043
v -0.337258 -1.434611 0.040058
v -0.37951 -1.424754 0.034327
v -0.422369 -1.415641 0.022586
v -0.466528 -1.408777 0.006868
v -0.512614 -1.404894 -0.010888
v -0.560791 -1.403253 -0.028741
v -0.610484 -1.401582 -0.04459
v -0.660372 -1.396677 -0.056086
v -0.708702 -1.385414 -0.060688
v -0.753939 -1.365988 -0.047503
v -0.794832 -1.337658 -0.01285
v -0.830689 -1.300883 0.034555
v -0.862033 -1.257916 0.085973
v -0.890587 -1.212194 0.133273
v -0.918803 -1.167292 0.16914
v -0.949151 -1.125916 0.186754
v -0.982897 -1.0887 0.184493
v -1.018936 -1.053552 0.173842
v -1.056108 -1.018747 0.15764
v -1.093218 -0.982894 0.138108
v -1.129505 -0.945291 0.117588
v -1.164937 -0.905987 0.098533
v -1.200174 -0.86552 0.083446
v -1.236187 -0.824487 0.074834
v -1.273565 -0.783038 0.078177
v -1.31128 -0.740305 0.109698
v -1.347443 -0.695186 0.161998
v -1.37969 -0.646711 0.223216
v -1.406536 -0.594699 0.280767
v -1.428321 -0.539895 0.321631
v -1.44706 -0.483507 0.33345
v -1.460679 -0.425183 0.327338
v -1.467691 -0.365053 0.314295
v -1.469449 -0.304068 0.296751
v -1.467952 -0.243043 0.27717
v -1.465231 -0.182464 0.257837
v -1.462748 -0.122433 0.240755
v -1.461013 -0.062776 0.227656
v -1.459518 -0.003237 0.220107
v -1.456659 0.056319 0.221911
v -1.448802 0.1156 0.247035
v -1.435113 0.174055 0.28904
v -1.416392 0.231249 0.337718
v -1.395306 0.287252 0.383248
v -1.376154 0.342983 0.416318
v -1.363713 0.400252 0.427932
v -1.358787 0.460406 0.418588
v -1.358141 0.52344 0.39621
v -1.357931 0.588543 0.366716
v -1.353911 0.654009 0.336251
v -1.342185 0.717484 0.311517
v -1.319845 0.776346 0.299763
v -1.282991 0.826612 0.321321
v -1.229598 0.864562 0.384882
v -1.165096 0.891435 0.461131
v -1.098809 0.912785 0.522315
v -1.042342 0.938529 0.544036
v 1.131707 0.940206 0.499515
v 1.088427 0.980024 0.533079
v 1.178595 0.901948 0.42012
v 1.220151 0.858199 0.326684
v 1.252165 0.807121 0.25161
v 1.274903 0.750368 0.225949
v 1.291941 0.691168 0.246364
v 1.305925 0.631455 0.289434
v 1.317591 0.571765 0.340118
v 1.328688 0.512875 0.383738
v 1.342678 0.455816 0.405919
v 1.361377 0.400521 0.401966
v 1.381093 0.345256 0.386609
v 1.40107 0.289572 0.365105
v 1.421124 0.233249 0.342421
v 1.441162 0.176113 0.323506
v 1.46062 0.117967 0.313277
v 1.477972 0.058669 0.316446
v 1.491416 -0.001679 0.332887
v 1.499259 -0.062691 0.357554
v 1.499909 -0.123719 0.384869
v 1.4927 -0.183971 0.409107
v 1.478403 -0.242777 0.424744
v 1.459278 -0.299887 0.426563
v 1.439367 -0.355852 0.406645
v 1.419685 -0.41101 0.368206
v 1.400049 -0.465473 0.318397
v 1.380265 -0.519315 0.263907
v 1.359985 -0.57251 0.210949
v 1.33861 -0.624856 0.165463
v 1.315356 -0.675938 0.133381
v 1.289388 -0.725161 0.120768
v 1.260729 -0.772273 0.121645
v 1.230107 -0.817472 0.124089
v 1.198213 -0.86106 0.127477
v 1.166289 -0.903903 0.131275
v 1.135624 -0.947182 0.134982
v 1.107 -0.991949 0.138063
v 1.080319 -1.038651 0.139498
v 1.055245 -1.087518 0.125604
v 1.029598 -1.13672 0.09345
v 1.000368 -1.182838 0.048466
v 0.965309 -1.222435 -0.003198
v 0.923676 -1.253211 -0.054729
v 0.876434 -1.274852 -0.09914
v 0.82588 -1.289238 -0.129886
v 0.774819 -1.299835 -0.141222
v 0.725352 -1.310024 -0.133377
v 0.678265 -1.321707 -0.114522
v 0.63359 -1.335782 -0.089543
v 0.590705 -1.351869 -0.062925
v 0.548726 -1.3687 -0.039036
v 0.506919 -1.384868 -0.022322
v 0.464966 -1.39959 -0.017274
v 0.42297 -1.413136 -0.023291
v 0.381261 -1.426759 -0.03716
v 0.340118 -1.442155 -0.057151
v 0.29952 -1.46055 -0.081648
v 0.259068 -1.481795 -0.109039
v 0.21813 -1.50397 -0.137514
v 0.176148 -1.523747 -0.164893
v 0.132919 -1.537459 -0.188635
v 0.088719 -1.542434 -0.206094
v 0.044179 -1.538049 -0.214888
v 0.0 -1.526129 -0.212497
v -0.043386 -1.510424 -0.195494
v -0.085942 -1.49416 -0.167937
v -0.127938 -1.479842 -0.134547
v -0.169774 -1.468604 -0.099472
v -0.211755 -1.460015 -0.066474
v -0.25396 -1.452578 -0.039252
v -0.296265 -1.444675 -0.021651
v -0.33853 -1.435422 -0.017423
v -0.380812 -1.42508 -0.023479
v -0.423487 -1.414865 -0.035933
v -0.467205 -1.406328 -0.052698
v -0.512623 -1.400451 -0.071761
v -0.560031 -1.396898 -0.091065
v -0.609044 -1.393839 -0.108351
v -0.658554 -1.388415 -0.121056
v -0.706972 -1.377648 -0.1264
v -0.753019 -1.359992 -0.112835
v -0.795446 -1.33444 -0.076357
v -0.833173 -1.300622 -0.026038
v -0.866301 -1.260114 0.02885
v -0.896231 -1.215974 0.079536
v -0.925257 -1.171714 0.118072
v -0.955838 -1.130186 0.137109
v -0.989381 -1.092319 0.134922
v -1.02514 -1.056492 0.12373
v -1.06209 -1.021125 0.10661
v -1.099054 -0.984829 0.085957
v -1.135192 -0.946821 0.064256
v -1.170336 -0.90704 0.044077
v -1.205028 -0.865958 0.02802
v -1.240218 -0.82419 0.01869
v -1.276713 -0.782064 0.021823
v -1.314179 -0.739104 0.054499
v -1.350701 -0.694102 0.108956
v -1.383768 -0.645935 0.17283
v -1.411753 -0.594303 0.233034
v -1.434832 -0.539845 0.275971
v -1.454786 -0.483672 0.288613
v -1.46956 -0.425449 0.282626
v -1.47756 -0.365294 0.269519
v -1.479902 -0.304125 0.251723
v -1.478457 -0.242785 0.231718
v -1.475274 -0.181823 0.211836
v -1.471977 -0.121415 0.194159
v -1.46932 -0.061439 0.18053
v -1.467056 -0.001652 0.17264
v -1.463835 0.058107 0.174569
v -1.456399 0.117626 0.201146
v -1.443564 0.176406 0.24561
v -1.425628 0.233988 0.297161
v -1.404883 0.29036 0.345321
v -1.385465 0.346349 0.380107
v -1.37217 0.403696 0.391912
v -1.365994 0.463731 0.381296
v -1.363978 0.526497 0.356772
v -1.36256 0.591279 0.324758
v -1.357773 0.656525 0.291885
v -1.345939 0.720056 0.265335
v -1.324248 0.779411 0.252827
v -1.288951 0.830832 0.275896
v -1.237641 0.8705 0.343838
v -1.174699 0.898967 0.42562
v -1.109018 0.921356 0.49156
v -1.052394 0.947579 0.515431
v 1.138978 0.946388 0.466631
v 1.094531 0.98552 0.501394
v 1.186626 0.908378 0.383584
v 1.228162 0.864259 0.285668
v 1.259585 0.812469 0.207075
v 1.282025 0.755259 0.180544
v 1.299355 0.695963 0.202486
v 1.313871 0.636252 0.248175
v 1.326112 0.576542 0.301785
v 1.337699 0.517555 0.347883
v 1.352008 0.46031 0.371325
v 1.370792 0.404748 0.367143
v 1.390356 0.349164 0.350867
v 1.409814 0.29311 0.327995
v 1.428937 0.236403 0.303728
v 1.447742 0.178935 0.283275
v 1.465933 0.120564 0.271835
v 1.482351 0.061164 0.274424
v 1.495467 0.000793 0.290998
v 1.503678 -0.060246 0.316377
v 1.505351 -0.121391 0.344832
v 1.499654 -0.181912 0.370433
v 1.487104 -0.241159 0.387359
v 1.469672 -0.298853 0.390006
v 1.451082 -0.355453 0.369824
v 1.43216 -0.411198 0.33002
v 1.412643 -0.466104 0.278034
v 1.392382 -0.520183 0.220898
v 1.371199 -0.573404 0.165206
v 1.34876 -0.625627 0.117285
v 1.324576 -0.676571 0.083452
v 1.298081 -0.725808 0.070148
v 1.269139 -0.773048 0.071088
v 1.238103 -0.818278 0.07369
v 1.205599 -0.861732 0.077267
v 1.172839 -0.904212 0.081195
v 1.141142 -0.946877 0.084882
v 1.111395 -0.990827 0.087727
v 1.083655 -1.036628 0.088672
v 1.057485 -1.084411 0.073424
v 1.030796 -1.132436 0.03906
v 1.00074 -1.177489 -0.008589
v 0.96513 -1.216262 -0.063
v 0.923209 -1.24651 -0.117015
v 0.875899 -1.267926 -0.163331
v 0.82547 -1.282394 -0.195137
v 0.774738 -1.293454 -0.206484
v 0.725731 -1.304415 -0.197697
v 0.679046 -1.316881 -0.177425
v 0.634698 -1.331701 -0.150868
v 0.592088 -1.348532 -0.122754
v 0.550334 -1.366121 -0.097623
v 0.508661 -1.382951 -0.080076
v 0.466671 -1.397968 -0.074779
v 0.424445 -1.411237 -0.081098
v 0.382337 -1.423892 -0.095688
v 0.34068 -1.437567 -0.116773
v 0.29955 -1.453638 -0.142682
v 0.258661 -1.472315 -0.171724
v 0.21747 -1.492158 -0.201976
v 0.175444 -1.510304 -0.231101
v 0.132344 -1.523379 -0.256368
v 0.088361 -1.528759 -0.274921
v 0.044036 -1.525624 -0.284194
v 0.0 -1.515498 -0.281516
v -0.043352 -1.501917 -0.263327
v -0.085984 -1.487647 -0.233948
v -0.128135 -1.474932 -0.19845
v -0.17017 -1.464905 -0.161297
v -0.212384 -1.45726 -0.126481
v -0.254846 -1.450599 -0.097851
v -0.297408 -1.443244 -0.079372
v -0.339852 -1.434076 -0.074935
v -0.382168 -1.423262 -0.081295
v -0.424662 -1.411959 -0.094403
v -0.467925 -1.401722 -0.112112
v -0.512628 -1.393737 -0.132342
v -0.559168 -1.388051 -0.152949
v -0.607349 -1.383292 -0.171545
v -0.656288 -1.376999 -0.185391
v -0.704593 -1.366426 -0.191492
v -0.751309 -1.35039 -0.17768
v -0.795237 -1.327678 -0.139607
v -0.834913 -1.297065 -0.086622
v -0.869996 -1.259381 -0.028458
v -0.901511 -1.217214 0.025506
v -0.931536 -1.173927 0.066685
v -0.96247 -1.13246 0.087173
v -0.995839 -1.094032 0.085101
v -1.03129 -1.05755 0.073398
v -1.067965 -1.021619 0.055371
v -1.104741 -0.984895 0.033592
v -1.140723 -0.946528 0.010697
v -1.175609 -0.906348 -0.010614
v -1.209797 -0.864733 -0.027622
v -1.244173 -0.82229 -0.037619
v -1.27973 -0.779499 -0.034611
v -1.316849 -0.736302 -0.000695
v -1.353559 -0.691375 0.055971
v -1.387198 -0.643457 0.122492
v -1.416026 -0.592149 0.185274
v -1.4401 -0.53801 0.230169
v -1.460997 -0.482059 0.243521
v -1.476745 -0.423999 0.237569
v -1.48568 -0.363928 0.224338
v -1.488658 -0.302714 0.206265
v -1.487377 -0.241204 0.185845
v -1.483857 -0.179996 0.16545
v -1.479835 -0.119333 0.14723
v -1.476291 -0.059149 0.133121
v -1.47324 0.000781 0.124933
v -1.469624 0.060639 0.127008
v -1.462647 0.120294 0.155031
v -1.450776 0.17931 0.20194
v -1.433791 0.237206 0.256363
v -1.41357 0.293891 0.30718
v -1.394034 0.350088 0.343736
v -1.379946 0.407451 0.355791
v -1.372462 0.467274 0.343954
v -1.368901 0.529627 0.317319
v -1.366006 0.593886 0.282794
v -1.360137 0.658657 0.247501
v -1.347909 0.72197 0.219091
v -1.326684 0.781569 0.205745
v -1.292971 0.834004 0.230193
v -1.244009 0.87541 0.302369
v -1.183012 0.905612 0.389604
v -1.118321 0.929224 0.460319
v -1.061835 0.95608 0.486417
v 1.145018 0.951593 0.433327
v 1.099569 0.990057 0.469362
v 1.193267 0.913837 0.346612
v 1.234667 0.8694 0.244245
v 1.265466 0.817011 0.162175
v 1.287713 0.759537 0.134808
v 1.305535 0.700372 0.158306
v 1.320782 0.640866 0.206647
v 1.333748 0.581293 0.263211
v 1.34591 0.522327 0.311805
v 1.360562 0.464984 0.336511
v 1.379415 0.40923 0.332098
v 1.39882 0.353404 0.314914
v 1.417768 0.297059 0.290705
v 1.435972 0.240048 0.264905
v 1.453529 0.182322 0.242976
v 1.470392 0.123799 0.230389
v 1.485761 0.064374 0.23244
v 1.498392 0.004066 0.249147
v 1.506793 -0.056898 0.275187
v 1.509331 -0.118043 0.304689
v 1.505056 -0.178711 0.331535
v 1.49427 -0.23829 0.349643
v 1.47867 -0.296482 0.353046
v 1.461636 -0.353667 0.332575
v 1.443783 -0.409991 0.291416
v 1.424733 -0.465374 0.237273
v 1.404327 -0.519749 0.177508
v 1.382508 -0.573056 0.119083
v 1.35917 -0.6252 0.068719
v 1.334123 -0.676011 0.033131
v 1.3071 -0.725236 0.019146
v 1.277827 -0.772552 0.020172
v 1.246291 -0.817733 0.022967
v 1.2131 -0.86097 0.026787
v 1.179452 -0.903019 0.030919
v 1.146691 -0.945011 0.03468
v 1.115778 -0.988071 0.037394
v 1.086901 -1.032856 0.037948
v 1.059478 -1.079345 0.021441
v 1.031521 -1.125882 -0.015045
v 1.000387 -1.169496 -0.065279
v 0.964005 -1.207069 -0.122374
v 0.921651 -1.236481 -0.178838
v 0.874236 -1.257489 -0.227066
v 0.824006 -1.272021 -0.259986
v 0.773775 -1.283689 -0.271437
v 0.725451 -1.295691 -0.261809
v 0.679385 -1.309239 -0.240195
v 0.635537 -1.325065 -0.2121
v 0.593317 -1.342823 -0.182507
v 0.551857 -1.361274 -0.15615
v 0.510359 -1.378821 -0.137786
v 0.468356 -1.394165 -0.132247
v 0.425918 -1.407197 -0.138851
v 0.383427 -1.41893 -0.154109
v 0.341259 -1.430903 -0.176184
v 0.299581 -1.444584 -0.203353
v 0.258222 -1.460501 -0.23386
v 0.216735 -1.477689 -0.265697
v 0.174633 -1.493789 -0.296409
v 0.131653 -1.505809 -0.323111
v 0.087908 -1.511267 -0.342764
v 0.043841 -1.509231 -0.352618
v 0.0 -1.500965 -0.349825
v -0.043277 -1.489783 -0.330661
v -0.085967 -1.477904 -0.299648
v -0.128278 -1.467205 -0.262172
v -0.170534 -1.458723 -0.223011
v -0.213002 -1.452238 -0.186409
v -0.255738 -1.446455 -0.15639
v -0.298564 -1.43968 -0.13705
v -0.341185 -1.430595 -0.13241
v -0.383532 -1.419319 -0.139058
v -0.425843 -1.406948 -0.152767
v -0.468639 -1.395008 -0.171322
v -0.512587 -1.384842 -0.192581
v -0.558171 -1.376847 -0.214328
v -0.605374 -1.370111 -0.234078
v -0.653549 -1.362618 -0.248959
v -0.701534 -1.351923 -0.255791
v -0.748756 -1.337316 -0.241834
v -0.794124 -1.317448 -0.202388
v -0.835803 -1.290232 -0.147005
v -0.872991 -1.255697 -0.0858
v -0.906296 -1.215881 -0.02871
v -0.937523 -1.17391 0.01505
v -0.968953 -1.132747 0.036988
v -1.002206 -1.093885 0.035061
v -1.037352 -1.056805 0.022872
v -1.073728 -1.020338 0.003944
v -1.110302 -0.983221 -0.018977
v -1.146147 -0.944563 -0.043097
v -1.180834 -0.904077 -0.065567
v -1.214592 -0.862029 -0.083533
v -1.248198 -0.818984 -0.094161
v -1.282795 -0.775555 -0.091196
v -1.319494 -0.732113 -0.055936
v -1.356231 -0.687214 0.00303
v -1.390179 -0.639463 0.072234
v -1.419518 -0.588397 0.137559
v -1.444236 -0.534519 0.184324
v -1.465739 -0.478768 0.198286
v -1.482218 -0.420905 0.192278
v -1.491982 -0.36101 0.178854
v -1.495613 -0.299879 0.160465
v -1.494598 -0.238342 0.139622
v -1.490873 -0.177027 0.118734
v -1.486244 -0.116237 0.100008
v -1.481883 -0.055957 0.085464
v -1.478062 0.004011 0.077016
v -1.47404 0.063866 0.079258
v -1.467565 0.123561 0.108723
v -1.456767 0.182728 0.158058
v -1.440892 0.240871 0.215344
v -1.421377 0.297815 0.268837
v -1.40188 0.354177 0.307207
v -1.387077 0.411503 0.319573
v -1.378254 0.47103 0.306573
v -1.373004 0.532842 0.277874
v -1.368385 0.596389 0.240874
v -1.361127 0.660442 0.203172
v -1.348202 0.723261 0.172884
v -1.327229 0.782845 0.158637
v -1.295078 0.836129 0.184333
v -1.248678 0.879267 0.260571
v -1.189976 0.911317 0.353142
v -1.126647 0.936325 0.428614
v -1.070596 0.963969 0.456995
v 1.149821 0.955813 0.399675
v 1.103575 0.993664 0.437061
v 1.198474 0.918286 0.309278
v 1.239594 0.873563 0.202487
v 1.269729 0.820681 0.116979
v 1.291895 0.76314 0.088794
v 1.310432 0.704347 0.113856
v 1.326639 0.645264 0.164866
v 1.340509 0.586 0.22441
v 1.353349 0.527175 0.275516
v 1.368369 0.469818 0.30149
v 1.387267 0.413939 0.296845
v 1.4065 0.357942 0.278761
v 1.424946 0.301384 0.25324
v 1.442249 0.244145 0.225954
v 1.458565 0.186231 0.202612
v 1.474066 0.127623 0.188947
v 1.488303 0.06824 0.190517
v 1.50031 0.008073 0.207378
v 1.508721 -0.052723 0.234051
v 1.511945 -0.113758 0.264522
v 1.508965 -0.174456 0.292506
v 1.499914 -0.234249 0.311685
v 1.486243 -0.292848 0.31576
v 1.470981 -0.350562 0.294959
v 1.454517 -0.407456 0.252436
v 1.43632 -0.463358 0.196136
v 1.416166 -0.518112 0.133727
v 1.39405 -0.571605 0.072537
v 1.370043 -0.623749 0.019693
v 1.344235 -0.674468 -0.017674
v 1.316686 -0.723674 -0.032333
v 1.287004 -0.771009 -0.031187
v 1.254833 -0.816043 -0.028143
v 1.220815 -0.858956 -0.02401
v 1.186176 -0.90048 -0.019584
v 1.152282 -0.941725 -0.015642
v 1.120149 -0.983822 -0.012943
v 1.090057 -1.027487 -0.012662
v 1.061228 -1.072491 -0.030311
v 1.031774 -1.117245 -0.068797
v 0.999297 -1.159048 -0.121497
v 0.961894 -1.195029 -0.181168
v 0.91893 -1.223262 -0.240007
v 0.871339 -1.243635 -0.290128
v 0.821358 -1.258166 -0.324208
v 0.771784 -1.270549 -0.335872
v 0.72437 -1.283838 -0.325542
v 0.679154 -1.298769 -0.302699
v 0.636001 -1.31588 -0.273142
v 0.594308 -1.334773 -0.242112
v 0.553226 -1.354208 -0.214551
v 0.511947 -1.372526 -0.195388
v 0.469958 -1.388221 -0.189614
v 0.42733 -1.401044 -0.19649
v 0.384476 -1.411899 -0.212368
v 0.341806 -1.422202 -0.235339
v 0.299575 -1.433461 -0.263617
v 0.257721 -1.44647 -0.295393
v 0.215907 -1.46072 -0.328597
v 0.173701 -1.474384 -0.360695
v 0.130834 -1.484921 -0.388693
v 0.087349 -1.490093 -0.409404
v 0.043588 -1.488945 -0.419906
v 0.0 -1.48254 -0.417167
v -0.04315 -1.473981 -0.397261
v -0.08587 -1.464866 -0.364846
v -0.128339 -1.456601 -0.32557
v -0.170832 -1.450028 -0.284512
v -0.213576 -1.444952 -0.246182
v -0.2566 -1.440175 -0.214803
v -0.299691 -1.434018 -0.194622
v -0.342482 -1.425013 -0.189784
v -0.38485 -1.413275 -0.196705
v -0.426969 -1.399861 -0.210971
v -0.469286 -1.386235 -0.230284
v -0.512442 -1.373853 -0.252435
v -0.556989 -1.363419 -0.275152
v -0.603079 -1.354472 -0.295878
v -0.650302 -1.34547 -0.311648
v -0.697752 -1.334334 -0.319143
v -0.7453 -1.320934 -0.305107
v -0.792019 -1.30386 -0.264496
v -0.835723 -1.280171 -0.206993
v -0.875144 -1.249066 -0.143014
v -0.910437 -1.211956 -0.082994
v -0.943076 -1.17165 -0.036757
v -0.97517 -1.131063 -0.013397
v -1.008397 -1.091932 -0.015167
v -1.043278 -1.054351 -0.027831
v -1.079369 -1.017412 -0.047664
v -1.11576 -0.979967 -0.071757
v -1.151524 -0.941106 -0.097152
v -1.186106 -0.900426 -0.12084
v -1.219543 -0.858061 -0.1398
v -1.252458 -0.814499 -0.151046
v -1.286102 -0.770468 -0.148048
v -1.322334 -0.726778 -0.11132
v -1.358945 -0.681848 -0.049923
v -1.392928 -0.634168 0.022053
v -1.422412 -0.583234 0.089934
v -1.447364 -0.529526 0.138514
v -1.469073 -0.473924 0.153007
v -1.485976 -0.416268 0.146864
v -1.496407 -0.356622 0.133176
v -1.500668 -0.29569 0.11442
v -1.500002 -0.234263 0.093131
v -1.496211 -0.172981 0.071751
v -1.491117 -0.112191 0.052541
v -1.486043 -0.05193 0.037595
v -1.481502 0.007972 0.028921
v -1.477092 0.067726 0.031352
v -1.471176 0.127372 0.062253
v -1.461562 0.186614 0.11399
v -1.446949 0.24494 0.174124
v -1.428314 0.302096 0.230301
v -1.409017 0.358583 0.270523
v -1.393594 0.415827 0.283257
v -1.383427 0.474988 0.269157
v -1.376375 0.536144 0.238454
v -1.369811 0.598809 0.19903
v -1.360869 0.661913 0.158958
v -1.346939 0.72397 0.126798
v -1.325973 0.78327 0.11161
v -1.295316 0.83722 0.138432
v -1.25164 0.882052 0.218544
v -1.195541 0.916039 0.316301
v -1.133922 0.942597 0.396476
v -1.078605 0.97118 0.427172
v 1.153389 0.959047 0.365752
v 1.10659 0.996378 0.404569
v 1.202211 0.921688 0.271661
v 1.242878 0.876686 0.160478
v 1.272292 0.82341 0.071568
v 1.294494 0.766001 0.042564
v 1.313989 0.707834 0.069172
v 1.331416 0.649407 0.122853
v 1.346398 0.590633 0.185391
v 1.360041 0.532077 0.239027
v 1.375464 0.47479 0.266275
v 1.394381 0.418848 0.261395
v 1.413417 0.362744 0.242415
v 1.431362 0.30604 0.215603
v 1.447786 0.248643 0.186873
v 1.462883 0.19061 0.162182
v 1.477017 0.131977 0.147512
v 1.490068 0.072698 0.148667
v 1.501333 0.012739 0.165722
v 1.509583 -0.047808 0.193022
v 1.513298 -0.108635 0.224406
v 1.511449 -0.169246 0.253432
v 1.504059 -0.229139 0.273574
v 1.492375 -0.288045 0.278229
v 1.47908 -0.346225 0.257043
v 1.464334 -0.40368 0.213125
v 1.447422 -0.460155 0.154637
v 1.427986 -0.515396 0.089531
v 1.405991 -0.569208 0.025498
v 1.381615 -0.621476 -0.029908
v 1.355192 -0.672178 -0.069106
v 1.327126 -0.721379 -0.084436
v 1.296925 -0.768681 -0.083119
v 1.263919 -0.813454 -0.079746
v 1.228866 -0.855903 -0.075198
v 1.193068 -0.896776 -0.070364
v 1.157928 -0.937176 -0.06612
v 1.124497 -0.97823 -0.063304
v 1.093109 -1.02068 -0.063164
v 1.062724 -1.064027 -0.081813
v 1.031541 -1.106721 -0.122147
v 0.997445 -1.14635 -0.177152
v 0.95875 -1.180338 -0.239248
v 0.914966 -1.20702 -0.300343
v 0.867095 -1.226488 -0.3523
v 0.817383 -1.240901 -0.387571
v 0.768611 -1.254063 -0.399567
v 0.722331 -1.268855 -0.388706
v 0.67821 -1.285465 -0.364795
v 0.635966 -1.304156 -0.33389
v 0.59496 -1.324413 -0.301491
v 0.554357 -1.344972 -0.272764
v 0.513354 -1.364123 -0.252822
v 0.471408 -1.380186 -0.24682
v 0.428613 -1.392814 -0.253955
v 0.385418 -1.402829 -0.270412
v 0.342266 -1.411502 -0.294192
v 0.299485 -1.420334 -0.323438
v 0.257125 -1.430329 -0.356284
v 0.214958 -1.441402 -0.390618
v 0.172628 -1.452267 -0.423864
v 0.12987 -1.460897 -0.452967
v 0.086671 -1.46539 -0.474638
v 0.043267 -1.464864 -0.485816
v 0.0 -1.460257 -0.48328
v -0.042961 -1.454484 -0.462881
v -0.08567 -1.448474 -0.429335
v -0.128284 -1.443058 -0.38849
v -0.171025 -1.438782 -0.345691
v -0.214063 -1.435398 -0.305722
v -0.257387 -1.431785 -0.273028
v -0.300743 -1.426299 -0.252027
v -0.343689 -1.417367 -0.246997
v -0.386059 -1.405164 -0.254179
v -0.427971 -1.390729 -0.268963
v -0.46979 -1.37545 -0.288954
v -0.512121 -1.360848 -0.31187
v -0.55556 -1.347891 -0.335382
v -0.600411 -1.336546 -0.356891
v -0.6465 -1.325759 -0.373372
v -0.693197 -1.31387 -0.381417
v -0.740874 -1.301429 -0.367325
v -0.788827 -1.287048 -0.325732
v -0.834547 -1.266958 -0.266388
v -0.876303 -1.239512 -0.199928
v -0.913768 -1.205439 -0.137213
v -0.948036 -1.167147 -0.088646
v -0.980983 -1.127429 -0.063926
v -1.014311 -1.088235 -0.065553
v -1.049009 -1.050295 -0.078697
v -1.084873 -1.01299 -0.09946
v -1.121147 -0.975316 -0.124777
v -1.156928 -0.936367 -0.15153
v -1.191539 -0.895627 -0.176528
v -1.224803 -0.853073 -0.196555
v -1.25714 -0.809091 -0.208436
v -1.289869 -0.764499 -0.205337
v -1.325609 -0.720555 -0.166995
v -1.36195 -0.67553 -0.102988
v -1.395679 -0.627802 -0.028092
v -1.424904 -0.576865 0.042416
v -1.449628 -0.523207 0.092801
v -1.471076 -0.467675 0.107774
v -1.488028 -0.410212 0.101433
v -1.498904 -0.350866 0.087415
v -1.503727 -0.290236 0.068236
v -1.503468 -0.229049 0.046463
v -1.499751 -0.167936 0.024574
v -1.494353 -0.107275 0.004885
v -1.488705 -0.047147 -0.010444
v -1.483533 0.012588 -0.01932
v -1.478782 0.072147 -0.016682
v -1.473504 0.131663 0.015645
v -1.465186 0.19091 0.069761
v -1.451986 0.249365 0.13272
v -1.4344 0.30669 0.19158
v -1.415463 0.363269 0.233685
v -1.399525 0.420393 0.246838
v -1.388034 0.479129 0.231702
v -1.379095 0.539531 0.199063
v -1.370395 0.60116 0.157284
v -1.359491 0.6631 0.114901
v -1.344245 0.724133 0.080906
v -1.323018 0.782879 0.064762
v -1.293742 0.837292 0.092602
v -1.252898 0.883754 0.176393
v -1.199661 0.919734 0.279155
v -1.140074 0.947976 0.363944
v -1.085782 0.977642 0.396962
v 1.15573 0.961295 0.331633
v 1.108655 0.998238 0.371958
v 1.204444 0.924006 0.233842
v 1.244451 0.878706 0.118308
v 1.273071 0.825119 0.026032
v 1.295426 0.768044 -0.003808
v 1.316139 0.710766 0.024301
v 1.335078 0.653244 0.080628
v 1.351415 0.595157 0.146165
v 1.366009 0.537005 0.202343
v 1.381883 0.479872 0.230873
v 1.400791 0.423922 0.225759
v 1.419599 0.367766 0.205886
v 1.437034 0.310978 0.177799
v 1.4526 0.253488 0.147662
v 1.466513 0.195396 0.121679
v 1.479298 0.136795 0.106078
v 1.491136 0.077672 0.106893
v 1.501569 0.017977 0.124196
v 1.509492 -0.042252 0.152139
v 1.513491 -0.102781 0.184401
v 1.512579 -0.163199 0.214391
v 1.506735 -0.223075 0.235393
v 1.497056 -0.282185 0.240532
v 1.485903 -0.340764 0.218893
v 1.473216 -0.398772 0.173528
v 1.458069 -0.455885 0.112786
v 1.439894 -0.511745 0.044882
v 1.418528 -0.56605 -0.02213
v 1.39416 -0.618607 -0.08024
v 1.367315 -0.669407 -0.121364
v 1.338749 -0.718644 -0.137373
v 1.307887 -0.765863 -0.135813
v 1.273782 -0.810242 -0.131994
v 1.237401 -0.852055 -0.126891
v 1.200197 -0.892113 -0.121502
v 1.163643 -0.931541 -0.116805
v 1.128806 -0.971458 -0.113724
v 1.09603 -1.012601 -0.113574
v 1.063938 -1.054134 -0.133064
v 1.030796 -1.094511 -0.175064
v 0.994795 -1.131614 -0.232175
v 0.954518 -1.163202 -0.296495
v 0.909674 -1.187939 -0.359675
v 0.861385 -1.206191 -0.41337
v 0.811935 -1.220321 -0.449836
v 0.764087 -1.234276 -0.462288
v 0.719163 -1.250755 -0.451098
v 0.676392 -1.269326 -0.426321
v 0.635294 -1.289899 -0.394229
v 0.595158 -1.311772 -0.360564
v 0.555153 -1.333616 -0.330727
v 0.514495 -1.353673 -0.310033
v 0.472628 -1.370115 -0.303809
v 0.42969 -1.382549 -0.311191
v 0.386182 -1.391751 -0.328191
v 0.342574 -1.398838 -0.352703
v 0.299259 -1.40526 -0.382783
v 0.256392 -1.412173 -0.416503
v 0.213859 -1.419874 -0.451717
v 0.17139 -1.427614 -0.485841
v 0.128744 -1.433922 -0.515806
v 0.085859 -1.43732 -0.538283
v 0.042871 -1.437103 -0.550111
v 0.0 -1.434164 -0.5479
v -0.042697 -1.431279 -0.52726
v -0.085342 -1.428671 -0.492891
v -0.128079 -1.426513 -0.450757
v -0.171069 -1.424939 -0.406427
v -0.214415 -1.423567 -0.364946
v -0.25805 -1.421307 -0.331003
v -0.301666 -1.416564 -0.30921
v -0.344746 -1.407705 -0.303991
v -0.38709 -1.395025 -0.311422
v -0.42877 -1.379589 -0.326692
v -0.47007 -1.362699 -0.347292
v -0.511541 -1.345902 -0.370855
v -0.553807 -1.330382 -0.394994
v -0.597302 -1.316497 -0.417078
v -0.642083 -1.303684 -0.434065
v -0.687807 -1.290746 -0.442504
v -0.735404 -1.279001 -0.428332
v -0.784448 -1.267166 -0.385905
v -0.832141 -1.250689 -0.324991
v -0.8763 -1.227077 -0.25636
v -0.916105 -1.196338 -0.191223
v -0.952222 -1.160405 -0.140515
v -0.986234 -1.121874 -0.114537
v -1.019826 -1.082863 -0.116064
v -1.054472 -1.044755 -0.129723
v -1.090222 -1.007236 -0.151466
v -1.126501 -0.969475 -0.178093
v -1.16245 -0.930586 -0.206325
v -1.197275 -0.889941 -0.232773
v -1.230557 -0.847342 -0.253986
v -1.262462 -0.803041 -0.266549
v -1.29434 -0.757931 -0.263294
v -1.329583 -0.713724 -0.223169
v -1.365514 -0.668525 -0.156318
v -1.398686 -0.620615 -0.078287
v -1.427207 -0.569513 -0.005014
v -1.451183 -0.515758 0.04722
v -1.471836 -0.460189 0.062663
v -1.488391 -0.402879 0.056085
v -1.499424 -0.343865 0.041682
v -1.504691 -0.283624 0.022026
v -1.50487 -0.222799 -0.000279
v -1.501359 -0.161988 -0.022709
v -1.495839 -0.101583 -0.042893
v -1.48979 -0.041701 -0.058604
v -1.484118 0.017768 -0.067671
v -1.479111 0.077046 -0.064816
v -1.474572 0.136358 -0.031076
v -1.467674 0.19555 0.02539
v -1.45603 0.254086 0.091147
v -1.439656 0.311546 0.152684
v -1.421236 0.36819 0.196691
v -1.404897 0.425164 0.21031
v -1.392119 0.483426 0.194199
v -1.381238 0.542992 0.159699
v -1.370238 0.603447 0.115644
v -1.357114 0.664026 0.071031
v -1.340245 0.723784 0.035262
v -1.318468 0.781705 0.018178
v -1.290418 0.836363 0.046949
v -1.252459 0.88436 0.134219
v -1.202294 0.922358 0.241782
v -1.145027 0.952393 0.331063
v -1.09204 0.983277 0.366384
v 1.15684 0.962547 0.297389
v 1.109808 0.999275 0.339291
v 1.205128 0.925195 0.195905
v 1.244235 0.879549 0.076077
v 1.271967 0.825722 -0.019524
v 1.294589 0.769179 -0.050236
v 1.3168 0.713065 -0.020701
v 1.337574 0.656716 0.03822
v 1.355545 0.599529 0.10674
v 1.371273 0.541924 0.16547
v 1.387664 0.485031 0.19529
v 1.406539 0.429122 0.189943
v 1.425078 0.372961 0.169178
v 1.441985 0.316142 0.13983
v 1.456711 0.258615 0.108317
v 1.469479 0.20052 0.081095
v 1.480951 0.142002 0.064633
v 1.491576 0.083081 0.065186
v 1.501106 0.023696 0.082805
v 1.50855 -0.036159 0.111427
v 1.512616 -0.096314 0.144555
v 1.512418 -0.156437 0.175447
v 1.507961 -0.216183 0.197219
v 1.50027 -0.275393 0.202744
v 1.491417 -0.334299 0.180572
v 1.481148 -0.392851 0.133685
v 1.468299 -0.45068 0.070586
v 1.452016 -0.507321 -0.000279
v 1.431886 -0.562329 -0.070484
v 1.407993 -0.615388 -0.131514
v 1.380976 -0.666445 -0.174713
v 1.35194 -0.715787 -0.191426
v 1.32024 -0.762881 -0.189528
v 1.284696 -0.806716 -0.1851
v 1.246602 -0.847686 -0.179248
v 1.207657 -0.886722 -0.173108
v 1.169449 -0.925014 -0.167774
v 1.133054 -0.963679 -0.164252
v 1.098782 -1.003419 -0.163926
v 1.064831 -1.042993 -0.184075
v 1.029497 -1.080813 -0.227533
v 0.991297 -1.11505 -0.286513
v 0.949126 -1.143831 -0.352805
v 0.902956 -1.166208 -0.417842
v 0.854079 -1.182896 -0.473121
v 0.804854 -1.196529 -0.510755
v 0.758033 -1.211241 -0.523778
v 0.714681 -1.22955 -0.512486
v 0.673526 -1.250346 -0.487095
v 0.63383 -1.273111 -0.454027
v 0.594775 -1.296875 -0.419243
v 0.555511 -1.320189 -0.388379
v 0.51528 -1.341239 -0.36697
v 0.473535 -1.358072 -0.360529
v 0.430483 -1.370302 -0.368145
v 0.386692 -1.378703 -0.385655
v 0.34266 -1.384244 -0.410833
v 0.298837 -1.388288 -0.441625
v 0.255474 -1.392085 -0.476028
v 0.212573 -1.396258 -0.511865
v 0.16996 -1.400579 -0.546566
v 0.127434 -1.404167 -0.577103
v 0.084897 -1.40604 -0.600168
v 0.042389 -1.405773 -0.61256
v 0.0 -1.404312 -0.610755
v -0.042346 -1.404353 -0.590123
v -0.084859 -1.4054 -0.555266
v -0.127681 -1.406891 -0.512178
v -0.170915 -1.408444 -0.466582
v -0.21458 -1.409438 -0.423764
v -0.258534 -1.408758 -0.388666
v -0.302403 -1.404857 -0.366121
v -0.345589 -1.396075 -0.360718
v -0.387871 -1.382904 -0.368384
v -0.429283 -1.366481 -0.384109
v -0.470033 -1.348028 -0.40526
v -0.510611 -1.329086 -0.429363
v -0.551644 -1.310999 -0.453966
v -0.593675 -1.294477 -0.476414
v -0.636979 -1.279436 -0.493676
v -0.68151 -1.265169 -0.502309
v -0.728804 -1.253848 -0.487983
v -0.778768 -1.244374 -0.44483
v -0.828354 -1.231465 -0.382596
v -0.874954 -1.211808 -0.312113
v -0.917245 -1.184663 -0.24486
v -0.95543 -1.151428 -0.192244
v -0.990742 -1.114426 -0.165155
v -1.024805 -1.075887 -0.166666
v -1.059586 -1.037856 -0.180912
v -1.095399 -1.00033 -0.203725
v -1.13187 -0.962671 -0.231791
v -1.168205 -0.924029 -0.261677
v -1.203486 -0.88366 -0.289773
v -1.237023 -0.841173 -0.312344
v -1.268681 -0.796659 -0.325679
v -1.299794 -0.751067 -0.322221
v -1.334548 -0.706578 -0.280115
v -1.36993 -0.661114 -0.210127
v -1.402217 -0.612864 -0.128662
v -1.429545 -0.56141 -0.05241
v -1.452187 -0.507381 0.001782
v -1.471436 -0.451643 0.017731
v -1.487073 -0.394423 0.010913
v -1.497908 -0.335754 -0.003907
v -1.503447 -0.275976 -0.02409
v -1.504064 -0.215625 -0.046979
v -1.500886 -0.155244 -0.069997
v -1.495441 -0.09522 -0.090713
v -1.489202 -0.035695 -0.106827
v -1.483203 0.023413 -0.116092
v -1.478068 0.082328 -0.113024
v -1.474398 0.141373 -0.07789
v -1.469059 0.200463 -0.019106
v -1.459117 0.259042 0.04942
v -1.444109 0.316608 0.113619
v -1.426359 0.373296 0.159541
v -1.409735 0.430097 0.173664
v -1.395723 0.487847 0.156637
v -1.382867 0.546507 0.120349
v -1.369431 0.60567 0.074108
v -1.35385 0.664707 0.027363
v -1.335052 0.722949 -0.01009
v -1.312419 0.779773 -0.028069
v -1.2854 0.834442 0.00157
v -1.250321 0.883852 0.092125
v -1.203385 0.923857 0.204262
v -1.14869 0.955767 0.29788
v -1.097274 0.98799 0.335459
v 1.156679 0.962766 0.263084
v 1.11005 0.999494 0.306617
v 1.20418 0.925177 0.157935
v 1.24211 0.879111 0.033893
v 1.268843 0.825102 -0.064979
v 1.291849 0.769295 -0.096611
v 1.315856 0.714634 -0.065764
v 1.338828 0.659743 -0.004338
v 1.358761 0.603691 0.06713
v 1.375844 0.546794 0.128411
v 1.392843 0.490228 0.15953
v 1.411669 0.434408 0.153953
v 1.429895 0.378278 0.132297
v 1.446245 0.321471 0.101697
v 1.460138 0.263956 0.068834
v 1.471804 0.205909 0.040417
v 1.482011 0.147516 0.023161
v 1.491441 0.088835 0.023531
v 1.500016 0.029797 0.041543
v 1.50683 -0.029638 0.070898
v 1.510731 -0.089352 0.104903
v 1.510989 -0.149089 0.136657
v 1.507719 -0.208595 0.159117
v 1.501958 -0.267795 0.164933
v 1.495551 -0.326954 0.142141
v 1.488083 -0.386047 0.093635
v 1.478139 -0.444683 0.028026
v 1.464484 -0.502294 -0.046034
v 1.446315 -0.558262 -0.119741
v 1.423465 -0.612086 -0.184006
v 1.396594 -0.663603 -0.229502
v 1.367136 -0.71315 -0.246965
v 1.334387 -0.760089 -0.244606
v 1.296985 -0.803214 -0.239349
v 1.256687 -0.843098 -0.232485
v 1.215562 -0.880859 -0.225331
v 1.175379 -0.917806 -0.219125
v 1.137223 -0.955073 -0.214957
v 1.101319 -0.993303 -0.214264
v 1.065343 -1.030775 -0.234872
v 1.027579 -1.065808 -0.27955
v 0.986874 -1.096848 -0.340119
v 0.94248 -1.12241 -0.408076
v 0.894688 -1.141991 -0.474677
v 0.845023 -1.156733 -0.531324
v 0.795957 -1.169609 -0.57005
v 0.750248 -1.184995 -0.583749
v 0.708678 -1.205236 -0.572608
v 0.669415 -1.228506 -0.546903
v 0.631405 -1.253779 -0.513133
v 0.593667 -1.279733 -0.477428
v 0.555315 -1.304734 -0.445654
v 0.515613 -1.326883 -0.423584
v 0.474042 -1.344123 -0.416937
v 0.430909 -1.356129 -0.424772
v 0.386869 -1.363727 -0.442759
v 0.342451 -1.367754 -0.468542
v 0.298155 -1.36946 -0.499938
v 0.254319 -1.370129 -0.534842
v 0.21106 -1.370652 -0.571038
v 0.168308 -1.37129 -0.605988
v 0.125917 -1.371769 -0.636752
v 0.083769 -1.371674 -0.660117
v 0.041812 -1.37096 -0.672917
v 0.0 -1.370725 -0.671549
v -0.041895 -1.373668 -0.651156
v -0.084191 -1.378577 -0.616175
v -0.127048 -1.384095 -0.572523
v -0.170509 -1.389218 -0.525995
v -0.214498 -1.392974 -0.482072
v -0.258777 -1.394147 -0.445951
v -0.302892 -1.391218 -0.422712
v -0.346151 -1.382533 -0.417131
v -0.388324 -1.368855 -0.425017
v -0.429423 -1.351454 -0.44117
v -0.469585 -1.331486 -0.462819
v -0.509231 -1.310461 -0.48737
v -0.548973 -1.289835 -0.512283
v -0.589438 -1.270616 -0.534881
v -0.631103 -1.253178 -0.552162
v -0.674218 -1.23732 -0.560745
v -0.720969 -1.226139 -0.546135
v -0.771652 -1.218802 -0.502309
v -0.823011 -1.209362 -0.438979
v -0.872049 -1.193729 -0.366969
v -0.916949 -1.170406 -0.297936
v -0.957422 -1.140205 -0.243694
v -0.994297 -1.105098 -0.215688
v -1.029087 -1.067372 -0.217315
v -1.064257 -1.029725 -0.23227
v -1.100388 -0.992464 -0.256298
v -1.137319 -0.955153 -0.285996
v -1.174331 -0.916988 -0.317779
v -1.210377 -0.877102 -0.347792
v -1.244461 -0.834896 -0.37196
v -1.27609 -0.790275 -0.386203
v -1.306544 -0.74423 -0.382509
v -1.340828 -0.699427 -0.338186
v -1.375513 -0.653586 -0.264689
v -1.406553 -0.604813 -0.179402
v -1.432139 -0.55279 -0.099862
v -1.452783 -0.498281 -0.043527
v -1.469932 -0.442214 -0.026979
v -1.484047 -0.385 -0.033996
v -1.494255 -0.32667 -0.049237
v -1.499838 -0.267417 -0.069979
v -1.500857 -0.207646 -0.093503
v -1.498138 -0.147821 -0.117169
v -1.49299 -0.088303 -0.138475
v -1.486812 -0.029244 -0.15504
v -1.480714 0.029413 -0.164534
v -1.475629 0.087893 -0.161274
v -1.472999 0.146619 -0.12478
v -1.469376 0.205569 -0.063715
v -1.461287 0.264164 0.007546
v -1.447794 0.321815 0.074389
v -1.430858 0.378533 0.122232
v -1.414064 0.435145 0.13689
v -1.39888 0.492353 0.118999
v -1.384036 0.55005 0.080997
v -1.368048 0.607817 0.032665
v -1.349784 0.665142 -0.016099
v -1.328752 0.721637 -0.055121
v -1.304935 0.777088 -0.073914
v -1.278708 0.831516 -0.04344
v -1.246447 0.882181 0.05021
v -1.202838 0.924146 0.166678
v -1.150931 0.957982 0.264446
v -1.101344 0.991655 0.304212
v 1.155104 0.961825 0.228763
v 1.109299 0.998817 0.273963
v 1.2014 0.923785 0.120015
v 1.237844 0.877206 -0.008114
v 1.26346 0.823074 -0.110178
v 1.286982 0.768222 -0.142797
v 1.313126 0.715331 -0.110795
v 1.338715 0.662222 -0.046998
v 1.360999 0.60757 0.027349
v 1.379716 0.551562 0.091168
v 1.397452 0.495423 0.123592
v 1.416229 0.439734 0.117787
v 1.434095 0.383666 0.095243
v 1.449847 0.326901 0.063398
v 1.462905 0.269438 0.029206
v 1.473505 0.211479 -0.000366
v 1.482498 0.153251 -0.018358
v 1.490757 0.094841 -0.018091
v 1.498323 0.036178 0.000398
v 1.50434 -0.022801 0.030555
v 1.507808 -0.082017 0.065467
v 1.508208 -0.141281 0.098062
v 1.505864 -0.200433 0.121143
v 1.501932 -0.259508 0.127159
v 1.498108 -0.318838 0.103653
v 1.493872 -0.378468 0.053408
v 1.487537 -0.438019 -0.014911
v 1.477385 -0.496825 -0.092488
v 1.462056 -0.55406 -0.170122
v 1.440951 -0.608968 -0.23806
v 1.414628 -0.661205 -0.286168
v 1.384827 -0.711099 -0.30446
v 1.350789 -0.757866 -0.301489
v 1.311024 -0.800103 -0.295112
v 1.267919 -0.838618 -0.286882
v 1.22406 -0.874802 -0.278369
v 1.181483 -0.910147 -0.270989
v 1.141294 -0.945831 -0.265923
v 1.103582 -0.98242 -0.264644
v 1.065394 -1.017638 -0.285484
v 1.024938 -1.049647 -0.331113
v 0.981399 -1.077145 -0.39294
v 0.934418 -1.099054 -0.462184
v 0.884676 -1.115372 -0.529971
v 0.83399 -1.127743 -0.587688
v 0.784996 -1.139559 -0.627371
v 0.740471 -1.155492 -0.641832
v 0.700898 -1.177742 -0.631121
v 0.663825 -1.203728 -0.605468
v 0.627819 -1.231848 -0.571348
v 0.591676 -1.260331 -0.534994
v 0.554439 -1.287279 -0.50248
v 0.515391 -1.310666 -0.47983
v 0.47406 -1.328339 -0.472993
v 0.430883 -1.340093 -0.481029
v 0.386631 -1.346871 -0.499462
v 0.341872 -1.349404 -0.525796
v 0.297146 -1.348808 -0.557695
v 0.252872 -1.346347 -0.592925
v 0.209274 -1.343112 -0.629206
v 0.166396 -1.339811 -0.66404
v 0.124161 -1.336784 -0.694619
v 0.08245 -1.334249 -0.717906
v 0.041125 -1.33264 -0.730868
v 0.0 -1.333324 -0.729901
v -0.041324 -1.339088 -0.709962
v -0.083302 -1.348032 -0.675252
v -0.126128 -1.357957 -0.6315
v -0.169789 -1.367131 -0.58446
v -0.214103 -1.374105 -0.539742
v -0.258716 -1.377464 -0.502785
v -0.303067 -1.375681 -0.478935
v -0.346364 -1.367136 -0.473192
v -0.388372 -1.352935 -0.481281
v -0.429103 -1.334558 -0.497832
v -0.468629 -1.313122 -0.519935
v -0.507299 -1.290086 -0.54485
v -0.545689 -1.266964 -0.569929
v -0.584484 -1.245011 -0.592452
v -0.62434 -1.225021 -0.609466
v -0.665801 -1.20731 -0.617697
v -0.711742 -1.195962 -0.602601
v -0.762899 -1.190491 -0.558097
v -0.81586 -1.184364 -0.493858
v -0.86729 -1.172771 -0.420647
v -0.914899 -1.153477 -0.35021
v -0.957888 -1.126659 -0.29468
v -0.99663 -1.093862 -0.266016
v -1.032471 -1.057361 -0.267955
v -1.068372 -1.020482 -0.283808
v -1.105169 -0.983832 -0.30927
v -1.142923 -0.947181 -0.340873
v -1.180995 -0.909771 -0.374884
v -1.218194 -0.87061 -0.407174
v -1.253174 -0.828866 -0.433259
v -1.28503 -0.784239 -0.448598
v -1.314945 -0.737756 -0.444644
v -1.348777 -0.692587 -0.397822
v -1.382591 -0.646231 -0.320353
v -1.411967 -0.596719 -0.230738
v -1.435171 -0.543871 -0.147495
v -1.453043 -0.488639 -0.088745
v -1.467281 -0.432055 -0.071433
v -1.479163 -0.374742 -0.078552
v -1.488226 -0.316735 -0.094173
v -1.493567 -0.258063 -0.115482
v -1.494934 -0.198978 -0.139685
v -1.49281 -0.139838 -0.164071
v -1.488227 -0.080952 -0.186049
v -1.48243 -0.022469 -0.203145
v -1.476535 0.035652 -0.212933
v -1.471746 0.093631 -0.209529
v -1.470378 0.151998 -0.171726
v -1.468661 0.210784 -0.108428
v -1.462583 0.269378 -0.034468
v -1.450751 0.327105 0.034998
v -1.434766 0.383845 0.08476
v -1.417913 0.440257 0.099975
v -1.40162 0.496901 0.081268
v -1.38478 0.553586 0.041621
v -1.366128 0.60986 -0.008704
v -1.344954 0.665309 -0.059356
v -1.321362 0.719817 -0.099802
v -1.295992 0.7736 -0.11929
v -1.270259 0.827503 -0.087981
v -1.240685 0.879219 0.008582
v -1.200445 0.923051 0.129111
v -1.151512 0.958834 0.230801
v -1.104014 0.994059 0.272658
v 1.151607 0.959294 0.194428
v 1.107163 0.996894 0.241301
v 1.196195 0.920546 0.082227
v 1.230813 0.873366 -0.04977
v 1.255228 0.819221 -0.154888
v 1.279479 0.765618 -0.188577
v 1.308208 0.714896 -0.155645
v 1.336964 0.663972 -0.089683
v 1.362115 0.611052 -0.012576
v 1.382846 0.556157 0.053743
v 1.401509 0.500564 0.087472
v 1.420266 0.445052 0.081445
v 1.437727 0.389067 0.058015
v 1.452832 0.332367 0.024932
v 1.465039 0.274984 -0.010575
v 1.474597 0.217147 -0.041269
v 1.482408 0.159112 -0.059942
v 1.489484 0.100996 -0.059703
v 1.495925 0.042728 -0.040643
v 1.500885 -0.015763 -0.009599
v 1.503525 -0.07442 0.026268
v 1.503616 -0.133109 0.059697
v 1.501811 -0.191771 0.083341
v 1.499527 -0.250578 0.089469
v 1.498421 -0.309975 0.065158
v 1.497937 -0.370133 0.013043
v 1.496098 -0.430727 -0.058231
v 1.490567 -0.491002 -0.139744
v 1.479209 -0.549882 -0.221872
v 1.460767 -0.606278 -0.294079
v 1.435542 -0.659568 -0.345241
v 1.405545 -0.710004 -0.364493
v 1.369961 -0.756611 -0.360729
v 1.327244 -0.797771 -0.352857
v 1.280605 -0.834599 -0.342799
v 1.233328 -0.868849 -0.332474
v 1.187829 -0.902279 -0.323532
v 1.14525 -0.936147 -0.317255
v 1.10549 -0.970917 -0.315126
v 1.064837 -1.003677 -0.335931
v 1.021361 -1.032364 -0.38218
v 0.974577 -1.055901 -0.444846
v 0.924571 -1.073634 -0.514875
v 0.872482 -1.086134 -0.583328
v 0.820505 -1.095636 -0.641684
v 0.771484 -1.106041 -0.682103
v 0.728236 -1.12238 -0.697399
v 0.690922 -1.146731 -0.687467
v 0.656405 -1.175733 -0.66235
v 0.622796 -1.207125 -0.628368
v 0.5886 -1.238575 -0.591758
v 0.552739 -1.267813 -0.558761
v 0.514506 -1.292633 -0.535657
v 0.473497 -1.31079 -0.528663
v 0.430322 -1.322262 -0.536884
v 0.3859 -1.328187 -0.555727
v 0.340847 -1.329229 -0.582559
v 0.295741 -1.326351 -0.614864
v 0.251066 -1.320732 -0.650235
v 0.207152 -1.313589 -0.686289
v 0.164163 -1.306025 -0.720558
v 0.122112 -1.299007 -0.750413
v 0.080896 -1.293459 -0.773093
v 0.040304 -1.290414 -0.78583
v 0.0 -1.291637 -0.785141
v -0.040607 -1.300109 -0.765862
v -0.082136 -1.313281 -0.731894
v -0.124844 -1.328067 -0.688635
v -0.16867 -1.341888 -0.641654
v -0.213314 -1.352663 -0.596584
v -0.258274 -1.358653 -0.559069
v -0.302858 -1.358266 -0.534741
v -0.346157 -1.349937 -0.528866
v -0.387939 -1.335208 -0.537141
v -0.428235 -1.315852 -0.55406
v -0.467066 -1.292987 -0.576574
v -0.504703 -1.268003 -0.601775
v -0.541666 -1.242417 -0.626865
v -0.578662 -1.217663 -0.649058
v -0.616499 -1.194919 -0.665447
v -0.656008 -1.175023 -0.672919
v -0.700793 -1.163114 -0.657018
v -0.75209 -1.159145 -0.611737
v -0.806397 -1.156094 -0.546738
v -0.860111 -1.148522 -0.472676
v -0.910516 -1.133481 -0.401281
v -0.956296 -1.110474 -0.344899
v -0.997303 -1.080522 -0.315937
v -1.034646 -1.045792 -0.31848
v -1.071756 -1.010198 -0.335522
v -1.109704 -0.974619 -0.362739
v -1.148769 -0.939024 -0.396629
v -1.188391 -0.902707 -0.433316
v -1.227217 -0.864544 -0.468355
v -1.263509 -0.823457 -0.496774
v -1.295882 -0.77892 -0.513458
v -1.325384 -0.731991 -0.509226
v -1.358762 -0.686372 -0.459557
v -1.39147 -0.639319 -0.377529
v -1.41864 -0.588794 -0.28294
v -1.438647 -0.534803 -0.195443
v -1.452762 -0.478549 -0.133896
v -1.46307 -0.421218 -0.115567
v -1.471829 -0.363682 -0.122611
v -1.479109 -0.30598 -0.138512
v -1.483867 -0.247961 -0.160354
v -1.485543 -0.189694 -0.185268
v -1.484235 -0.131393 -0.210456
v -1.480613 -0.073286 -0.233227
v -1.475669 -0.015498 -0.250985
v -1.470428 0.042 -0.261188
v -1.466308 0.099424 -0.257734
v -1.466513 0.157406 -0.218708
v -1.466941 0.21602 -0.153239
v -1.463054 0.274611 -0.076622
v -1.453025 0.332411 -0.004557
v -1.438118 0.389172 0.047119
v -1.421308 0.445379 0.062908
v -1.403959 0.501439 0.043421
v -1.385095 0.557061 0.002196
v -1.363628 0.61173 -0.050015
v -1.339247 0.665105 -0.102402
v -1.312674 0.717336 -0.144081
v -1.285272 0.769084 -0.164084
v -1.259616 0.822085 -0.131899
v -1.232491 0.874557 -0.03262
v -1.1956 0.920089 0.091637
v -1.149829 0.957812 0.196954
v -1.104745 0.994717 0.240774
v 1.141159 0.950973 0.159506
v 1.099453 0.989952 0.207925
v 1.183093 0.911232 0.044542
v 1.215643 0.86375 -0.090457
v 1.239375 0.810392 -0.198117
v 1.265485 0.759129 -0.23304
v 1.298293 0.711742 -0.199738
v 1.331774 0.664044 -0.132131
v 1.361143 0.613647 -0.052571
v 1.384835 0.560363 0.01614
v 1.40493 0.50556 0.051163
v 1.423812 0.450308 0.044919
v 1.440847 0.394425 0.020605
v 1.455246 0.337801 -0.013711
v 1.466561 0.280514 -0.050517
v 1.475003 0.222811 -0.082303
v 1.481405 0.164967 -0.101589
v 1.486775 0.107136 -0.101263
v 1.49116 0.049283 -0.081496
v 1.493708 -0.008629 -0.049456
v 1.493878 -0.066517 -0.012608
v 1.491994 -0.124287 0.021575
v 1.489387 -0.182016 0.045639
v 1.488066 -0.240098 0.051762
v 1.489877 -0.299214 0.026663
v 1.494308 -0.359777 -0.027264
v 1.498964 -0.421604 -0.101599
v 1.500546 -0.483848 -0.187477
v 1.495669 -0.545089 -0.27486
v 1.481974 -0.603742 -0.352236
v 1.459221 -0.658738 -0.407188
v 1.429636 -0.710137 -0.427705
v 1.392417 -0.756707 -0.422991
v 1.346123 -0.796625 -0.413165
v 1.295096 -0.831412 -0.400686
v 1.243578 -0.863316 -0.387963
v 1.194485 -0.894444 -0.376956
v 1.148967 -0.926126 -0.369042
v 1.106595 -0.958628 -0.36566
v 1.062722 -0.988244 -0.385933
v 1.01522 -1.012593 -0.43209
v 0.964028 -1.030845 -0.494592
v 0.909866 -1.042934 -0.564153
v 0.854567 -1.050253 -0.631958
v 0.800873 -1.055894 -0.689886
v 0.751907 -1.064446 -0.730544
v 0.710479 -1.081364 -0.746945
v 0.676304 -1.108564 -0.738741
v 0.645396 -1.141769 -0.715446
v 0.615216 -1.177804 -0.682879
v 0.583811 -1.213488 -0.647029
v 0.549904 -1.245954 -0.614199
v 0.512808 -1.272724 -0.590964
v 0.47226 -1.291532 -0.583911
v 0.429143 -1.302706 -0.592308
v 0.384596 -1.307732 -0.611522
v 0.339294 -1.307237 -0.638786
v 0.293831 -1.30193 -0.671324
v 0.24873 -1.292723 -0.706424
v 0.204436 -1.280802 -0.741476
v 0.161274 -1.267649 -0.774011
v 0.119408 -1.255008 -0.801706
v 0.078798 -1.244811 -0.822358
v 0.039169 -1.239048 -0.833823
v 0.0 -1.24018 -0.833061
v -0.039564 -1.251529 -0.814951
v -0.080386 -1.269889 -0.782915
v -0.12284 -1.29108 -0.741659
v -0.166829 -1.311311 -0.696181
v -0.211886 -1.327479 -0.651874
v -0.257297 -1.337246 -0.614498
v -0.30217 -1.338879 -0.590027
v -0.345456 -1.330978 -0.584119
v -0.38695 -1.315738 -0.59257
v -0.426735 -1.295395 -0.609823
v -0.46479 -1.271105 -0.632691
v -0.501272 -1.244092 -0.658026
v -0.536559 -1.215718 -0.682767
v -0.571297 -1.187475 -0.70396
v -0.606395 -1.160917 -0.718746
v -0.643001 -1.137532 -0.724308
v -0.685559 -1.123734 -0.706624
v -0.735976 -1.120172 -0.660121
v -0.79088 -1.119619 -0.594572
v -0.846612 -1.116197 -0.520415
v -0.900132 -1.106251 -0.449103
v -0.949549 -1.088421 -0.392906
v -0.994006 -1.062901 -0.364504
v -1.034122 -1.031447 -0.368333
v -1.07362 -0.99838 -0.387177
v -1.113713 -0.964794 -0.416734
v -1.154894 -0.930903 -0.4535
v -1.196735 -0.896129 -0.493476
v -1.237766 -0.859282 -0.531879
v -1.275853 -0.819059 -0.563163
v -1.309057 -0.77469 -0.581506
v -1.338189 -0.727237 -0.576945
v -1.370843 -0.680933 -0.523904
v -1.401647 -0.632747 -0.436453
v -1.425161 -0.580598 -0.335941
v -1.439947 -0.524782 -0.243407
v -1.447971 -0.466896 -0.178523
v -1.452059 -0.408411 -0.158744
v -1.455847 -0.350516 -0.165327
v -1.460219 -0.293258 -0.181223
v -1.464136 -0.236237 -0.203447
v -1.466702 -0.179243 -0.22908
v -1.467456 -0.122243 -0.255248
v -1.466424 -0.065295 -0.279123
v -1.46403 -0.008458 -0.297923
v -1.460937 0.048284 -0.308905
v -1.458614 0.105107 -0.305695
v -1.461161 0.162713 -0.265658
v -1.464192 0.221178 -0.198136
v -1.462743 0.279784 -0.118918
v -1.454667 0.337667 -0.044281
v -1.440956 0.394455 0.009301
v -1.424246 0.450445 0.025674
v -1.405745 0.505854 0.005439
v -1.384485 0.560221 -0.037285
v -1.359446 0.612882 -0.091207
v -1.330701 0.663509 -0.145009
v -1.299699 0.712513 -0.18747
v -1.268746 0.761085 -0.207528
v -1.241875 0.812026 -0.174345
v -1.216428 0.864307 -0.072888
v -1.18284 0.911037 0.054187
v -1.140922 0.950775 0.162359
v -1.099453 0.989952 0.207925
v 1.099453 0.989952 0.207925
v 1.141159 0.950973 0.159506
v 1.11263 0.927199 0.155518
v 1.071967 0.965203 0.202726
v 1.183093 0.911232 0.044542
v 1.153516 0.888451 0.043429
v 1.215643 0.86375 -0.090457
v 1.185252 0.842156 -0.088195
v 1.239375 0.810392 -0.198117
v 1.208391 0.790132 -0.193164
v 1.265485 0.759129 -0.23304
v 1.233848 0.740151 -0.227214
v 1.298293 0.711742 -0.199738
v 1.265836 0.693948 -0.194745
v 1.331774 0.664044 -0.132131
v 1.29848 0.647443 -0.128828
v 1.361143 0.613647 -0.052571
v 1.327114 0.598306 -0.051256
v 1.384835 0.560363 0.01614
v 1.350215 0.546354 0.015737
v 1.40493 0.50556 0.051163
v 1.369806 0.492921 0.049884
v 1.423812 0.450308 0.044919
v 1.388217 0.43905 0.043796
v 1.440847 0.394425 0.020605
v 1.404826 0.384565 0.02009
v 1.455246 0.337801 -0.013711
v 1.418864 0.329356 -0.013368
v 1.466561 0.280514 -0.050517
v 1.429897 0.273501 -0.049254
v 1.475003 0.222811 -0.082303
v 1.438128 0.217241 -0.080245
v 1.481405 0.164967 -0.101589
v 1.44437 0.160843 -0.099049
v 1.486775 0.107136 -0.101263
v 1.449605 0.104458 -0.098732
v 1.49116 0.049283 -0.081496
v 1.453881 0.048051 -0.079459
v 1.493708 -0.008629 -0.049456
v 1.456365 -0.008413 -0.048219
v 1.493878 -0.066517 -0.012608
v 1.456531 -0.064854 -0.012293
v 1.491994 -0.124287 0.021575
v 1.454694 -0.12118 0.021035
v 1.489387 -0.182016 0.045639
v 1.452153 -0.177465 0.044498
v 1.488066 -0.240098 0.051762
v 1.450865 -0.234096 0.050468
v 1.489877 -0.299214 0.026663
v 1.45263 -0.291733 0.025996
v 1.494308 -0.359777 -0.027264
v 1.45695 -0.350782 -0.026582
v 1.498964 -0.421604 -0.101599
v 1.46149 -0.411064 -0.099059
v 1.500546 -0.483848 -0.187477
v 1.463032 -0.471752 -0.18279
v 1.495669 -0.545089 -0.27486
v 1.458278 -0.531462 -0.267988
v 1.481974 -0.603742 -0.352236
v 1.444924 -0.588649 -0.34343
v 1.459221 -0.658738 -0.407188
v 1.42274 -0.64227 -0.397008
v 1.429636 -0.710137 -0.427705
v 1.393895 -0.692384 -0.417013
v 1.392417 -0.756707 -0.422991
v 1.357606 -0.73779 -0.412416
v 1.346123 -0.796625 -0.413165
v 1.31247 -0.776709 -0.402836
v 1.295096 -0.831412 -0.400686
v 1.262719 -0.810627 -0.390669
v 1.243578 -0.863316 -0.387963
v 1.212488 -0.841733 -0.378264
v 1.194485 -0.894444 -0.376956
v 1.164623 -0.872083 -0.367532
v 1.148967 -0.926126 -0.369042
v 1.120243 -0.902973 -0.359816
v 1.106595 -0.958628 -0.36566
v 1.07893 -0.934662 -0.356518
v 1.062722 -0.988244 -0.385933
v 1.036153 -0.963538 -0.376284
v 1.01522 -1.012593 -0.43209
v 0.989839 -0.987278 -0.421287
v 0.964028 -1.030845 -0.494592
v 0.939927 -1.005074 -0.482227
v 0.909866 -1.042934 -0.564153
v 0.88712 -1.016861 -0.550049
v 0.854567 -1.050253 -0.631958
v 0.833203 -1.023997 -0.616159
v 0.800873 -1.055894 -0.689886
v 0.780852 -1.029496 -0.672639
v 0.751907 -1.064446 -0.730544
v 0.733109 -1.037834 -0.71228
v 0.710479 -1.081364 -0.746945
v 0.692717 -1.05433 -0.728271
v 0.676304 -1.108564 -0.738741
v 0.659397 -1.08085 -0.720273
v 0.645396 -1.141769 -0.715446
v 0.629262 -1.113225 -0.69756
v 0.615216 -1.177804 -0.682879
v 0.599835 -1.148359 -0.665807
v 0.583811 -1.213488 -0.647029
v 0.569216 -1.183151 -0.630854
v 0.549904 -1.245954 -0.614199
v 0.536157 -1.214805 -0.598844
v 0.512808 -1.272724 -0.590964
v 0.499988 -1.240906 -0.57619
v 0.47226 -1.291532 -0.583911
v 0.460453 -1.259244 -0.569313
v 0.429143 -1.302706 -0.592308
v 0.418415 -1.270139 -0.5775
v 0.384596 -1.307732 -0.611522
v 0.374981 -1.275039 -0.596234
v 0.339294 -1.307237 -0.638786
v 0.330812 -1.274556 -0.622816
v 0.293831 -1.30193 -0.671324
v 0.286485 -1.269382 -0.654541
v 0.24873 -1.292723 -0.706424
v 0.242512 -1.260405 -0.688764
v 0.204436 -1.280802 -0.741476
v 0.199325 -1.248782 -0.72294
v 0.161274 -1.267649 -0.774011
v 0.157242 -1.235957 -0.754661
v 0.119408 -1.255008 -0.801706
v 0.116423 -1.223633 -0.781663
v 0.078798 -1.244811 -0.822358
v 0.076828 -1.213691 -0.801799
v 0.039169 -1.239048 -0.833823
v 0.03819 -1.208072 -0.812978
v 0.0 -1.24018 -0.833061
v 0.0 -1.209175 -0.812235
v -0.039564 -1.251529 -0.814951
v -0.038575 -1.220241 -0.794578
v -0.080386 -1.269889 -0.782915
v -0.078376 -1.238142 -0.763342
v -0.12284 -1.29108 -0.741659
v -0.119769 -1.258803 -0.723118
v -0.166829 -1.311311 -0.696181
v -0.162658 -1.278528 -0.678776
v -0.211886 -1.327479 -0.651874
v -0.206589 -1.294292 -0.635578
v -0.257297 -1.337246 -0.614498
v -0.250864 -1.303815 -0.599135
v -0.30217 -1.338879 -0.590027
v -0.294615 -1.305407 -0.575277
v -0.345456 -1.330978 -0.584119
v -0.33682 -1.297703 -0.569516
v -0.38695 -1.315738 -0.59257
v -0.377276 -1.282844 -0.577756
v -0.426735 -1.295395 -0.609823
v -0.416066 -1.26301 -0.594578
v -0.46479 -1.271105 -0.632691
v -0.453171 -1.239327 -0.616874
v -0.501272 -1.244092 -0.658026
v -0.48874 -1.21299 -0.641575
v -0.536559 -1.215718 -0.682767
v -0.523145 -1.185325 -0.665697
v -0.571297 -1.187475 -0.70396
v -0.557014 -1.157789 -0.686361
v -0.606395 -1.160917 -0.718746
v -0.591235 -1.131894 -0.700777
v -0.643001 -1.137532 -0.724308
v -0.626926 -1.109093 -0.7062
v -0.685559 -1.123734 -0.706624
v -0.66842 -1.095641 -0.688959
v -0.735976 -1.120172 -0.660121
v -0.717577 -1.092168 -0.643618
v -0.79088 -1.119619 -0.594572
v -0.771108 -1.091629 -0.579708
v -0.846612 -1.116197 -0.520415
v -0.825447 -1.088292 -0.507405
v -0.900132 -1.106251 -0.449103
v -0.877628 -1.078594 -0.437875
v -0.949549 -1.088421 -0.392906
v -0.925811 -1.061211 -0.383083
v -0.994006 -1.062901 -0.364504
v -0.969156 -1.036328 -0.355391
v -1.034122 -1.031447 -0.368333
v -1.008269 -1.005661 -0.359124
v -1.07362 -0.99838 -0.387177
v -1.04678 -0.97342 -0.377497
v -1.113713 -0.964794 -0.416734
v -1.08587 -0.940674 -0.406316
v -1.154894 -0.930903 -0.4535
v -1.126021 -0.90763 -0.442163
v -1.196735 -0.896129 -0.493476
v -1.166816 -0.873726 -0.481139
v -1.237766 -0.859282 -0.531879
v -1.206822 -0.8378 -0.518582
v -1.275853 -0.819059 -0.563163
v -1.243957 -0.798582 -0.549083
v -1.309057 -0.77469 -0.581506
v -1.276331 -0.755323 -0.566968
v -1.338189 -0.727237 -0.576945
v -1.304734 -0.709056 -0.562522
v -1.370843 -0.680933 -0.523904
v -1.336572 -0.66391 -0.510807
v -1.401647 -0.632747 -0.436453
v -1.366606 -0.616929 -0.425541
v -1.425161 -0.580598 -0.335941
v -1.389532 -0.566083 -0.327542
v -1.439947 -0.524782 -0.243407
v -1.403948 -0.511662 -0.237322
v -1.447971 -0.466896 -0.178523
v -1.411772 -0.455223 -0.17406
v -1.452059 -0.408411 -0.158744
v -1.415757 -0.398201 -0.154776
v -1.455847 -0.350516 -0.165327
v -1.41945 -0.341753 -0.161194
v -1.460219 -0.293258 -0.181223
v -1.423714 -0.285926 -0.176693
v -1.464136 -0.236237 -0.203447
v -1.427533 -0.230331 -0.198361
v -1.466702 -0.179243 -0.22908
v -1.430035 -0.174762 -0.223353
v -1.467456 -0.122243 -0.255248
v -1.43077 -0.119187 -0.248867
v -1.466424 -0.065295 -0.279123
v -1.429763 -0.063662 -0.272145
v -1.46403 -0.008458 -0.297923
v -1.427429 -0.008246 -0.290475
v -1.460937 0.048284 -0.308905
v -1.424413 0.047077 -0.301182
v -1.458614 0.105107 -0.305695
v -1.422148 0.102479 -0.298053
v -1.461161 0.162713 -0.265658
v -1.424632 0.158645 -0.259017
v -1.464192 0.221178 -0.198136
v -1.427588 0.215649 -0.193183
v -1.462743 0.279784 -0.118918
v -1.426174 0.272789 -0.115945
v -1.454667 0.337667 -0.044281
v -1.4183 0.329225 -0.043174
v -1.440956 0.394455 0.009301
v -1.404932 0.384594 0.009068
v -1.424246 0.450445 0.025674
v -1.38864 0.439184 0.025032
v -1.405745 0.505854 0.005439
v -1.370601 0.493207 0.005303
v -1.384485 0.560221 -0.037285
v -1.349873 0.546215 -0.036353
v -1.359446 0.612882 -0.091207
v -1.32546 0.59756 -0.088926
v -1.330701 0.663509 -0.145009
v -1.297433 0.646921 -0.141384
v -1.299699 0.712513 -0.18747
v -1.267206 0.6947 -0.182783
v -1.268746 0.761085 -0.207528
v -1.237028 0.742058 -0.20234
v -1.241875 0.812026 -0.174345
v -1.210828 0.791725 -0.169986
v -1.216428 0.864307 -0.072888
v -1.186017 0.8427 -0.071066
v -1.18284 0.911037 0.054187
v -1.153269 0.888261 0.052832
v -1.140922 0.950775 0.162359
v -1.112399 0.927006 0.1583
v -1.099453 0.989952 0.207925
v -1.071967 0.965203 0.202726
v 0.786892 0.708521 1.022537
v 0.808146 0.727658 1.007006
v 0.787942 0.709466 0.981831
v 0.76722 0.690808 0.996974
v 0.827517 0.7451 0.988642
v 0.806829 0.726472 0.963926
v 0.846507 0.762198 0.969439
v 0.825344 0.743143 0.945203
v 0.865236 0.779062 0.949571
v 0.843605 0.759585 0.925832
v 0.883713 0.795699 0.929068
v 0.86162 0.775806 0.905841
v 0.901906 0.81208 0.907915
v 0.879358 0.791778 0.885217
v 0.919763 0.828158 0.88608
v 0.896769 0.807454 0.863928
v 0.937218 0.843875 0.863528
v 0.913788 0.822778 0.84194
v 0.954198 0.859163 0.840226
v 0.930343 0.837684 0.81922
v 0.970623 0.873953 0.816143
v 0.946357 0.852104 0.795739
v 0.986412 0.888169 0.791258
v 0.961752 0.865965 0.771477
v 1.001485 0.901741 0.765561
v 0.976448 0.879197 0.746422
v 1.015762 0.914596 0.739049
v 0.990368 0.891731 0.720573
v 1.029171 0.92667 0.711735
v 1.003442 0.903503 0.693941
v 1.041645 0.937902 0.683641
v 1.015604 0.914454 0.66655
v 1.053128 0.948241 0.654803
v 1.0268 0.924535 0.638433
v 1.063574 0.957646 0.625267
v 1.036985 0.933705 0.609636
v 1.07295 0.966088 0.59509
v 1.046126 0.941936 0.580213
v 1.081236 0.973549 0.564337
v 1.054205 0.949211 0.550228
v 1.088427 0.980024 0.533079
v 1.061216 0.955523 0.519752
v 1.094531 0.98552 0.501394
v 1.067167 0.960882 0.48886
v 1.099569 0.990057 0.469362
v 1.07208 0.965305 0.457628
v 1.103575 0.993664 0.437061
v 1.075986 0.968822 0.426135
v 1.10659 0.996378 0.404569
v 1.078925 0.971468 0.394455
v 1.108655 0.998238 0.371958
v 1.080939 0.973282 0.362659
v 1.109808 0.999275 0.339291
v 1.082063 0.974294 0.330808
v 1.11005 0.999494 0.306617
v 1.082299 0.974506 0.298951
v 1.109299 0.998817 0.273963
v 1.081566 0.973846 0.267114
v 1.107163 0.996894 0.241301
v 1.079484 0.971972 0.235268
v -0.76722 0.690808 0.996974
v -0.782701 0.704747 0.9753
v -0.80277 0.722817 1.000307
v -0.786892 0.708521 1.022537
v -0.797866 0.718402 0.953218
v -0.818325 0.736823 0.977659
v -0.81275 0.731803 0.93078
v -0.83359 0.750568 0.954646
v -0.827364 0.744962 0.908008
v -0.848578 0.764063 0.93129
v -0.84172 0.757888 0.88492
v -0.863302 0.777321 0.90761
v -0.855828 0.770591 0.86153
v -0.877773 0.79035 0.88362
v -0.8697 0.783082 0.83785
v -0.892 0.803161 0.859334
v -0.883343 0.795366 0.81389
v -0.905993 0.81576 0.834759
v -0.896763 0.807449 0.789652
v -0.919757 0.828153 0.809899
v -0.909962 0.819333 0.765136
v -0.933294 0.840342 0.784755
v -0.922935 0.831014 0.74034
v -0.9466 0.852323 0.759323
v -0.935676 0.842486 0.715254
v -0.959667 0.864088 0.733594
v -0.948168 0.853735 0.689869
v -0.97248 0.875625 0.707558
v -0.960393 0.864742 0.664171
v -0.985019 0.886915 0.681201
v -0.972321 0.875482 0.638143
v -0.997253 0.89793 0.654506
v -0.983919 0.885925 0.611771
v -1.009148 0.908641 0.627457
v -0.995145 0.896032 0.585038
v -1.020661 0.919008 0.600039
v -1.005951 0.905762 0.55793
v -1.031744 0.928987 0.572236
v -1.016283 0.915066 0.530435
v -1.042342 0.938529 0.544036
v -1.026084 0.92389 0.502545
v -1.052394 0.947579 0.515431
v -1.035289 0.932178 0.474256
v -1.061835 0.95608 0.486417
v -1.043831 0.93987 0.44557
v -1.070596 0.963969 0.456995
v -1.05164 0.946901 0.416493
v -1.078605 0.97118 0.427172
v -1.058637 0.953201 0.387038
v -1.085782 0.977642 0.396962
v -1.064739 0.958695 0.357224
v -1.09204 0.983277 0.366384
v -1.069842 0.96329 0.327072
v -1.097274 0.98799 0.335459
v -1.07381 0.966863 0.296607
v -1.101344 0.991655 0.304212
v -1.076414 0.969207 0.265842
v -1.104014 0.994059 0.272658
v -1.077126 0.969849 0.234754
v -1.104745 0.994717 0.240774
v -1.166761 0.20818 0.75869
v -1.165392 0.247761 0.715943
v -1.191049 0.29307 0.689776
v -1.228702 0.317563 0.695516
v -1.256294 0.306895 0.729802
v -1.257662 0.267313 0.772548
v -1.232005 0.222005 0.798715
v -1.194352 0.197511 0.792975
v -1.277348 0.158613 0.778934
v -1.219454 0.127278 0.772851
v -1.317973 0.217856 0.738077
v -1.31753 0.270302 0.674214
v -1.27628 0.28523 0.624754
v -1.218386 0.253895 0.618671
v -1.177761 0.194652 0.659528
v -1.178204 0.142206 0.723391
v -1.316961 0.091841 0.76229
v -1.237698 0.056393 0.75768
v -1.374009 0.161435 0.704376
v -1.375424 0.224406 0.617864
v -1.320378 0.243867 0.553432
v -1.241115 0.208418 0.548822
v -1.184067 0.138825 0.606735
v -1.182652 0.075854 0.693247
v -1.335098 0.021638 0.741922
v -1.249482 -0.013987 0.747748
v -1.402993 0.09728 0.661805
v -1.413397 0.168627 0.554326
v -1.360214 0.193886 0.482447
v -1.274599 0.15826 0.488272
v -1.206703 0.082619 0.56839
v -1.1963 0.011272 0.675868
v -1.353354 -0.035864 0.707243
v -1.266582 -0.065074 0.716922
v -1.423702 0.029899 0.621889
v -1.436416 0.093694 0.510859
v -1.384049 0.118148 0.439194
v -1.297276 0.088939 0.448873
v -1.226929 0.023175 0.534226
v -1.214215 -0.040619 0.645256
v -1.367645 -0.093935 0.674903
v -1.280628 -0.11652 0.687215
v -1.438866 -0.039353 0.586544
v -1.45257 0.015254 0.473897
v -1.40073 0.037898 0.40295
v -1.313712 0.015314 0.415262
v -1.242491 -0.039269 0.503621
v -1.228787 -0.093876 0.616268
v -1.377842 -0.152817 0.647088
v -1.291136 -0.16925 0.661479
v -1.449051 -0.109473 0.556397
v -1.463051 -0.064609 0.44253
v -1.41164 -0.044506 0.372189
v -1.324935 -0.060939 0.38658
v -1.253725 -0.104283 0.477272
v -1.239726 -0.149147 0.591139
v -1.384704 -0.211627 0.624374
v -1.298767 -0.222558 0.640364
v -1.455045 -0.179572 0.532017
v -1.468585 -0.145171 0.417393
v -1.417393 -0.128576 0.347649
v -1.331457 -0.139508 0.363639
v -1.261116 -0.171562 0.455997
v -1.247576 -0.205963 0.57062
v -1.3892 -0.269627 0.607256
v -1.304389 -0.275857 0.624516
v -1.457813 -0.248926 0.513901
v -1.470035 -0.225879 0.399137
v -1.418708 -0.213987 0.33019
v -1.333897 -0.220216 0.34745
v -1.265284 -0.240917 0.440805
v -1.253062 -0.263964 0.555569
v -1.392457 -0.326296 0.596139
v -1.30905 -0.328706 0.614585
v -1.458438 -0.317048 0.502469
v -1.468342 -0.306379 0.388447
v -1.416367 -0.30054 0.320865
v -1.332961 -0.30295 0.339312
v -1.26698 -0.312198 0.432981
v -1.257076 -0.322867 0.547003
v -1.39444 -0.381728 0.578348
v -1.319301 -0.381226 0.595255
v -1.450909 -0.383822 0.495697
v -1.455631 -0.386281 0.395716
v -1.405838 -0.387664 0.336974
v -1.3307 -0.387162 0.35388
v -1.27423 -0.385068 0.436532
v -1.269509 -0.382609 0.536512
v -1.39643 -0.439436 0.566193
v -1.330342 -0.43737 0.581411
v -1.442469 -0.450134 0.496774
v -1.44149 -0.463198 0.41382
v -1.394067 -0.470976 0.365924
v -1.327978 -0.46891 0.381143
v -1.281939 -0.458212 0.450561
v -1.282918 -0.445148 0.533515
v -1.399023 -0.500653 0.562653
v -1.341958 -0.497911 0.576444
v -1.43482 -0.516784 0.507268
v -1.42838 -0.536856 0.442732
v -1.383476 -0.54911 0.40685
v -1.326411 -0.546367 0.42064
v -1.290614 -0.530236 0.476026
v -1.297054 -0.510164 0.540562
v -1.4038 -0.569868 0.562569
v -1.356176 -0.568337 0.571893
v -1.42881 -0.584397 0.529089
v -1.416556 -0.603414 0.491066
v -1.374217 -0.615778 0.470774
v -1.326593 -0.614247 0.480099
v -1.301583 -0.599718 0.513578
v -1.313836 -0.580701 0.551601
v -1.409015 -0.653137 0.567099
v -1.370293 -0.65695 0.567655
v -1.425255 -0.653012 0.564679
v -1.409501 -0.656647 0.561812
v -1.370981 -0.661913 0.560179
v -1.332259 -0.665726 0.560736
v -1.316018 -0.665851 0.563156
v -1.331772 -0.662216 0.566022
v -1.179127 -0.184241 0.746409
v -1.184883 -0.124487 0.716
v -1.218123 -0.06764 0.702149
v -1.259375 -0.046999 0.712971
v -1.284475 -0.074656 0.742126
v -1.278719 -0.13441 0.772536
v -1.245479 -0.191257 0.786386
v -1.204227 -0.211898 0.775564
v -1.302867 -0.280293 0.69982
v -1.23916 -0.304992 0.690327
v -1.354752 -0.205233 0.672158
v -1.364422 -0.123781 0.623544
v -1.326211 -0.083649 0.582457
v -1.262504 -0.108348 0.572964
v -1.210619 -0.183408 0.600626
v -1.20095 -0.264861 0.64924
v -1.342085 -0.371641 0.623197
v -1.255249 -0.397166 0.619129
v -1.413494 -0.282482 0.576494
v -1.427645 -0.181917 0.506378
v -1.376249 -0.128856 0.453922
v -1.289413 -0.154381 0.449855
v -1.218004 -0.24354 0.496558
v -1.203853 -0.344105 0.566673
v -1.350075 -0.458988 0.552912
v -1.256405 -0.485975 0.563175
v -1.434125 -0.358676 0.48008
v -1.459319 -0.243801 0.387343
v -1.410898 -0.181653 0.329025
v -1.317227 -0.20864 0.339288
v -1.233178 -0.308952 0.41212
v -1.207984 -0.423828 0.504857
v -1.354628 -0.523452 0.47922
v -1.261308 -0.542963 0.497964
v -1.438804 -0.434787 0.394182
v -1.464528 -0.328905 0.292664
v -1.41673 -0.26783 0.234133
v -1.32341 -0.28734 0.252876
v -1.239234 -0.376006 0.337915
v -1.213511 -0.481888 0.439433
v -1.351207 -0.584858 0.415147
v -1.259691 -0.596329 0.440626
v -1.432862 -0.510107 0.320392
v -1.456824 -0.415864 0.211865
v -1.409057 -0.357335 0.153142
v -1.317541 -0.368806 0.17862
v -1.235886 -0.443557 0.273376
v -1.211923 -0.5378 0.381902
v -1.341488 -0.644206 0.362105
v -1.252602 -0.64801 0.393103
v -1.418996 -0.583807 0.258885
v -1.439723 -0.502194 0.143908
v -1.391528 -0.447174 0.084526
v -1.302642 -0.450979 0.115525
v -1.225134 -0.511378 0.218745
v -1.204406 -0.592991 0.333722
v -1.327881 -0.701076 0.319789
v -1.242199 -0.6978 0.355132
v -1.399709 -0.655402 0.20951
v -1.415607 -0.587533 0.088896
v -1.366262 -0.537227 0.028599
v -1.280581 -0.533951 0.063943
v -1.208753 -0.579626 0.174222
v -1.192855 -0.647494 0.294836
v -1.312561 -0.755424 0.287591
v -1.230428 -0.745878 0.326248
v -1.377255 -0.724737 0.171844
v -1.386613 -0.671792 0.04681
v -1.335153 -0.627605 -0.014269
v -1.25302 -0.618059 0.024387
v -1.188326 -0.648746 0.140134
v -1.178968 -0.70169 0.265169
v -1.297384 -0.807627 0.264668
v -1.218976 -0.792806 0.305886
v -1.353579 -0.792001 0.14525
v -1.354643 -0.755082 0.017584
v -1.299953 -0.718496 -0.043545
v -1.221546 -0.703674 -0.002328
v -1.165351 -0.7193 0.117091
v -1.164286 -0.75622 0.244757
v -1.280876 -0.855643 0.23576
v -1.212174 -0.837875 0.274116
v -1.323191 -0.855309 0.128127
v -1.314331 -0.837068 0.014266
v -1.259486 -0.811605 -0.039124
v -1.190784 -0.793837 -0.000769
v -1.148469 -0.794171 0.106864
v -1.157329 -0.812413 0.220725
v -1.263899 -0.907536 0.212919
v -1.204961 -0.888914 0.247312
v -1.293239 -0.918533 0.121259
v -1.275794 -0.915462 0.026025
v -1.221782 -0.900122 -0.016996
v -1.162844 -0.881499 0.017396
v -1.133504 -0.870503 0.109056
v -1.15095 -0.873574 0.20429
v -1.246733 -0.965662 0.198845
v -1.196935 -0.947713 0.228987
v -1.265348 -0.983478 0.125091
v -1.241876 -0.990725 0.050928
v -1.190066 -0.983158 0.019799
v -1.140268 -0.965209 0.049941
v -1.121653 -0.947393 0.123695
v -1.145125 -0.940146 0.197858
v -1.228275 -1.034143 0.186282
v -1.18638 -1.019072 0.208057
v -1.240429 -1.051424 0.140576
v -1.215723 -1.060793 0.097714
v -1.168629 -1.056761 0.082803
v -1.126734 -1.041691 0.104578
v -1.11458 -1.02441 0.150283
v -1.139286 -1.015041 0.193146
v -1.204905 -1.118575 0.175128
v -1.167708 -1.110404 0.183161
v -1.219584 -1.123161 0.169065
v -1.203148 -1.121477 0.168524
v -1.165224 -1.114508 0.173821
v -1.128027 -1.106338 0.181853
v -1.113347 -1.101751 0.187916
v -1.129784 -1.103436 0.188458
v 1.191049 0.29307 0.689776
v 1.165392 0.247761 0.715943
v 1.166761 0.20818 0.75869
v 1.194352 0.197511 0.792975
v 1.232005 0.222005 0.798715
v 1.257662 0.267313 0.772548
v 1.256294 0.306895 0.729802
v 1.228702 0.317563 0.695516
v 1.31753 0.270302 0.674214
v 1.27628 0.28523 0.624754
v 1.317973 0.217856 0.738077
v 1.277348 0.158613 0.778934
v 1.219454 0.127278 0.772851
v 1.178204 0.142206 0.723391
v 1.177761 0.194652 0.659528
v 1.218386 0.253895 0.618671
v 1.375424 0.224406 0.617864
v 1.320378 0.243867 0.553432
v 1.374009 0.161435 0.704376
v 1.316961 0.091841 0.76229
v 1.237698 0.056393 0.75768
v 1.182652 0.075854 0.693247
v 1.184067 0.138825 0.606735
v 1.241115 0.208418 0.548822
v 1.413397 0.168627 0.554326
v 1.360214 0.193886 0.482447
v 1.402993 0.09728 0.661805
v 1.335098 0.021638 0.741922
v 1.249482 -0.013987 0.747748
v 1.1963 0.011272 0.675868
v 1.206703 0.082619 0.56839
v 1.274599 0.15826 0.488272
v 1.436416 0.093694 0.510859
v 1.384049 0.118148 0.439194
v 1.423702 0.029899 0.621889
v 1.353354 -0.035864 0.707243
v 1.266582 -0.065074 0.716922
v 1.214215 -0.040619 0.645256
v 1.226929 0.023175 0.534226
v 1.297276 0.088939 0.448873
v 1.45257 0.015254 0.473897
v 1.40073 0.037898 0.40295
v 1.438866 -0.039353 0.586544
v 1.367645 -0.093935 0.674903
v 1.280628 -0.11652 0.687215
v 1.228787 -0.093876 0.616268
v 1.242491 -0.039269 0.503621
v 1.313712 0.015314 0.415262
v 1.463051 -0.064609 0.44253
v 1.41164 -0.044506 0.372189
v 1.449051 -0.109473 0.556397
v 1.377842 -0.152817 0.647088
v 1.291136 -0.16925 0.661479
v 1.239726 -0.149147 0.591139
v 1.253725 -0.104283 0.477272
v 1.324935 -0.060939 0.38658
v 1.468585 -0.145171 0.417393
v 1.417393 -0.128576 0.347649
v 1.455045 -0.179572 0.532017
v 1.384704 -0.211627 0.624374
v 1.298767 -0.222558 0.640364
v 1.247576 -0.205963 0.57062
v 1.261116 -0.171562 0.455997
v 1.331457 -0.139508 0.363639
v 1.470035 -0.225879 0.399137
v 1.418708 -0.213987 0.33019
v 1.457813 -0.248926 0.513901
v 1.3892 -0.269627 0.607256
v 1.304389 -0.275857 0.624516
v 1.253062 -0.263964 0.555569
v 1.265284 -0.240917 0.440805
v 1.333897 -0.220216 0.34745
v 1.468342 -0.306379 0.388447
v 1.416367 -0.30054 0.320865
v 1.458438 -0.317048 0.502469
v 1.392457 -0.326296 0.596139
v 1.30905 -0.328706 0.614585
v 1.257076 -0.322867 0.547003
v 1.26698 -0.312198 0.432981
v 1.332961 -0.30295 0.339312
v 1.455631 -0.386281 0.395716
v 1.405838 -0.387664 0.336974
v 1.450909 -0.383822 0.495697
v 1.39444 -0.381728 0.578348
v 1.319301 -0.381226 0.595255
v 1.269509 -0.382609 0.536512
v 1.27423 -0.385068 0.436532
v 1.3307 -0.387162 0.35388
v 1.44149 -0.463198 0.41382
v 1.394067 -0.470976 0.365924
v 1.442469 -0.450134 0.496774
v 1.39643 -0.439436 0.566193
v 1.330342 -0.43737 0.581411
v 1.282918 -0.445148 0.533515
v 1.281939 -0.458212 0.450561
v 1.327978 -0.46891 0.381143
v 1.42838 -0.536856 0.442732
v 1.383476 -0.54911 0.40685
v 1.43482 -0.516784 0.507268
v 1.399023 -0.500653 0.562653
v 1.341958 -0.497911 0.576444
v 1.297054 -0.510164 0.540562
v 1.290614 -0.530236 0.476026
v 1.326411 -0.546367 0.42064
v 1.416556 -0.603414 0.491066
v 1.374217 -0.615778 0.470774
v 1.42881 -0.584397 0.529089
v 1.4038 -0.569868 0.562569
v 1.356176 -0.568337 0.571893
v 1.313836 -0.580701 0.551601
v 1.301583 -0.599718 0.513578
v 1.326593 -0.614247 0.480099
v 1.409501 -0.656647 0.561812
v 1.370981 -0.661913 0.560179
v 1.425255 -0.653012 0.564679
v 1.409015 -0.653137 0.567099
v 1.370293 -0.65695 0.567655
v 1.331772 -0.662216 0.566022
v 1.316018 -0.665851 0.563156
v 1.332259 -0.665726 0.560736
v 1.218123 -0.06764 0.702149
v 1.184883 -0.124487 0.716
v 1.179127 -0.184241 0.746409
v 1.204227 -0.211898 0.775564
v 1.245479 -0.191257 0.786386
v 1.278719 -0.13441 0.772536
v 1.284475 -0.074656 0.742126
v 1.259375 -0.046999 0.712971
v 1.364422 -0.123781 0.623544
v 1.326211 -0.083649 0.582457
v 1.354752 -0.205233 0.672158
v 1.302867 -0.280293 0.69982
v 1.23916 -0.304992 0.690327
v 1.20095 -0.264861 0.64924
v 1.210619 -0.183408 0.600626
v 1.262504 -0.108348 0.572964
v 1.427645 -0.181917 0.506378
v 1.376249 -0.128856 0.453922
v 1.413494 -0.282482 0.576494
v 1.342085 -0.371641 0.623197
v 1.255249 -0.397166 0.619129
v 1.203853 -0.344105 0.566673
v 1.218004 -0.24354 0.496558
v 1.289413 -0.154381 0.449855
v 1.459319 -0.243801 0.387343
v 1.410898 -0.181653 0.329025
v 1.434125 -0.358676 0.48008
v 1.350075 -0.458988 0.552912
v 1.256405 -0.485975 0.563175
v 1.207984 -0.423828 0.504857
v 1.233178 -0.308952 0.41212
v 1.317227 -0.20864 0.339288
v 1.464528 -0.328905 0.292664
v 1.41673 -0.26783 0.234133
v 1.438804 -0.434787 0.394182
v 1.354628 -0.523452 0.47922
v 1.261308 -0.542963 0.497964
v 1.213511 -0.481888 0.439433
v 1.239234 -0.376006 0.337915
v 1.32341 -0.28734 0.252876
v 1.456824 -0.415864 0.211865
v 1.409057 -0.357335 0.153142
v 1.432862 -0.510107 0.320392
v 1.351207 -0.584858 0.415147
v 1.259691 -0.596329 0.440626
v 1.211923 -0.5378 0.381902
v 1.235886 -0.443557 0.273376
v 1.317541 -0.368806 0.17862
v 1.439723 -0.502194 0.143908
v 1.391528 -0.447174 0.084526
v 1.418996 -0.583807 0.258885
v 1.341488 -0.644206 0.362105
v 1.252602 -0.64801 0.393103
v 1.204406 -0.592991 0.333722
v 1.225134 -0.511378 0.218745
v 1.302642 -0.450979 0.115525
v 1.415607 -0.587533 0.088896
v 1.366262 -0.537227 0.028599
v 1.399709 -0.655402 0.20951
v 1.327881 -0.701076 0.319789
v 1.242199 -0.6978 0.355132
v 1.192855 -0.647494 0.294836
v 1.208753 -0.579626 0.174222
v 1.280581 -0.533951 0.063943
v 1.386613 -0.671792 0.04681
v 1.335153 -0.627605 -0.014269
v 1.377255 -0.724737 0.171844
v 1.312561 -0.755424 0.287591
v 1.230428 -0.745878 0.326248
v 1.178968 -0.70169 0.265169
v 1.188326 -0.648746 0.140134
v 1.25302 -0.618059 0.024387
v 1.354643 -0.755082 0.017584
v 1.299953 -0.718496 -0.043545
v 1.353579 -0.792001 0.14525
v 1.297384 -0.807627 0.264668
v 1.218976 -0.792806 0.305886
v 1.164286 -0.75622 0.244757
v 1.165351 -0.7193 0.117091
v 1.221546 -0.703674 -0.002328
v 1.314331 -0.837068 0.014266
v 1.259486 -0.811605 -0.039124
v 1.323191 -0.855309 0.128127
v 1.280876 -0.855643 0.23576
v 1.212174 -0.837875 0.274116
v 1.157329 -0.812413 0.220725
v 1.148469 -0.794171 0.106864
v 1.190784 -0.793837 -0.000769
v 1.275794 -0.915462 0.026025
v 1.221782 -0.900122 -0.016996
v 1.293239 -0.918533 0.121259
v 1.263899 -0.907536 0.212919
v 1.204961 -0.888914 0.247312
v 1.15095 -0.873574 0.20429
v 1.133504 -0.870503 0.109056
v 1.162844 -0.881499 0.017396
v 1.241876 -0.990725 0.050928
v 1.190066 -0.983158 0.019799
v 1.265348 -0.983478 0.125091
v 1.246733 -0.965662 0.198845
v 1.196935 -0.947713 0.228987
v 1.145125 -0.940146 0.197858
v 1.121653 -0.947393 0.123695
v 1.140268 -0.965209 0.049941
v 1.215723 -1.060793 0.097714
v 1.168629 -1.056761 0.082803
v 1.240429 -1.051424 0.140576
v 1.228275 -1.034143 0.186282
v 1.18638 -1.019072 0.208057
v 1.139286 -1.015041 0.193146
v 1.11458 -1.02441 0.150283
v 1.126734 -1.041691 0.104578
v 1.203148 -1.121477 0.168524
v 1.165224 -1.114508 0.173821
v 1.219584 -1.123161 0.169065
v 1.204905 -1.118575 0.175128
v 1.167708 -1.110404 0.183161
v 1.129784 -1.103436 0.188458
v 1.113347 -1.101751 0.187916
v 1.128027 -1.106338 0.181853
v 1.33 -0.09 0.5389
v 1.316395 0.097721 0.5395
v 1.385679 0.107107 0.767722
v 1.4 -0.09 0.767
v 1.275742 0.28082 0.541439
v 1.342886 0.299361 0.770025
v 1.208517 0.454789 0.545125
v 1.272123 0.482028 0.774312
v 1.115466 0.615342 0.551186
v 1.174175 0.650609 0.781206
v 0.997526 0.758528 0.560421
v 1.050027 0.800955 0.791495
v 0.855664 0.88082 0.573722
v 0.900699 0.929361 0.806066
v 0.690558 0.979208 0.592033
v 0.726904 1.032668 0.825854
v 0.501807 1.051268 0.616377
v 0.528218 1.108331 0.851887
v 0.285199 1.095226 0.648229
v 0.300209 1.154487 0.885677
v 0.0 1.11 0.695
v 0.0 1.17 0.935
v -0.285199 1.095226 0.745197
v -0.300209 1.154487 0.987749
v -0.501807 1.051268 0.786992
v -0.528218 1.108331 1.031482
v -0.690558 0.979208 0.826822
v -0.726904 1.032668 1.073001
v -0.855664 0.88082 0.864647
v -0.900699 0.929361 1.112303
v -0.997526 0.758528 0.899579
v -1.050027 0.800955 1.148505
v -1.115466 0.615342 0.930445
v -1.174175 0.650609 1.180425
v -1.208517 0.454789 0.95602
v -1.272123 0.482028 1.206833
v -1.275742 0.28082 0.975192
v -1.342886 0.299361 1.226606
v -1.316395 0.097721 0.987074
v -1.385679 0.107107 1.238852
v -1.33 -0.09 0.9911
v -1.4 -0.09 1.243
v -1.316395 -0.277721 0.987074
v -1.385679 -0.287107 1.238852
v -1.275742 -0.46082 0.975192
v -1.342886 -0.479361 1.226606
v -1.208517 -0.634789 0.95602
v -1.272123 -0.662028 1.206833
v -1.115466 -0.795342 0.930445
v -1.174175 -0.830609 1.180425
v -0.997526 -0.938528 0.899579
v -1.050027 -0.980955 1.148505
v -0.855664 -1.06082 0.864647
v -0.900699 -1.109361 1.112303
v -0.690558 -1.159208 0.826822
v -0.726904 -1.212668 1.073001
v -0.501807 -1.231268 0.786992
v -0.528218 -1.288331 1.031482
v -0.285199 -1.275226 0.745197
v -0.300209 -1.334487 0.987749
v -0.0 -1.29 0.695
v -0.0 -1.35 0.935
v 0.285199 -1.275226 0.648229
v 0.300209 -1.334487 0.885677
v 0.501807 -1.231268 0.616377
v 0.528218 -1.288331 0.851887
v 0.690558 -1.159208 0.592033
v 0.726904 -1.212668 0.825854
v 0.855664 -1.06082 0.573722
v 0.900699 -1.109361 0.806066
v 0.997526 -0.938528 0.560421
v 1.050027 -0.980955 0.791495
v 1.115466 -0.795342 0.551186
v 1.174175 -0.830609 0.781206
v 1.208517 -0.634789 0.545125
v 1.272123 -0.662028 0.774312
v 1.275742 -0.46082 0.541439
v 1.342886 -0.479361 0.770025
v 1.316395 -0.277721 0.5395
v 1.385679 -0.287107 0.767722
v 1.405474 0.10085 1.314356
v 1.42 -0.09 1.3136
v 1.362071 0.287001 1.316764
v 1.290296 0.463868 1.321222
v 1.190949 0.627098 1.328354
v 1.065028 0.77267 1.338945
v 0.913566 0.897001 1.353878
v 0.737288 0.997028 1.374089
v 0.535764 1.070289 1.400604
v 0.304498 1.11498 1.434948
v 0.0 1.13 1.485
v -0.304498 1.11498 1.538478
v -0.535764 1.070289 1.582764
v -0.737288 0.997028 1.624766
v -0.913566 0.897001 1.664491
v -1.065028 0.77267 1.701055
v -1.190949 0.627098 1.733277
v -1.290296 0.463868 1.759923
v -1.362071 0.287001 1.779868
v -1.405474 0.10085 1.792218
v -1.42 -0.09 1.7964
v -1.405474 -0.28085 1.792218
v -1.362071 -0.467001 1.779868
v -1.290296 -0.643868 1.759923
v -1.190949 -0.807098 1.733277
v -1.065028 -0.95267 1.701055
v -0.913566 -1.077001 1.664491
v -0.737288 -1.177028 1.624766
v -0.535764 -1.250289 1.582764
v -0.304498 -1.29498 1.538478
v -0.0 -1.31 1.485
v 0.304498 -1.29498 1.434948
v 0.535764 -1.250289 1.400604
v 0.737288 -1.177028 1.374089
v 0.913566 -1.077001 1.353878
v 1.065028 -0.95267 1.338945
v 1.190949 -0.807098 1.328354
v 1.290296 -0.643868 1.321222
v 1.362071 -0.467001 1.316764
v 1.405474 -0.28085 1.314356
v 1.237213 0.082078 1.802961
v 1.25 -0.09 1.8025
v 1.199006 0.249919 1.804485
v 1.135824 0.40939 1.807482
v 1.048371 0.556564 1.812593
v 0.937524 0.687817 1.820621
v 0.804195 0.799919 1.832471
v 0.649021 0.890107 1.849094
v 0.471623 0.956162 1.871508
v 0.268044 0.996457 1.901146
v 0.0 1.01 1.945
v -0.268044 0.996457 1.99228
v -0.471623 0.956162 2.03186
v -0.649021 0.890107 2.069761
v -0.804195 0.799919 2.105898
v -0.937524 0.687817 2.139379
v -1.048371 0.556564 2.169039
v -1.135824 0.40939 2.193663
v -1.199006 0.249919 2.212147
v -1.237213 0.082078 2.223613
v -1.25 -0.09 2.2275
v -1.237213 -0.262078 2.223613
v -1.199006 -0.429919 2.212147
v -1.135824 -0.58939 2.193663
v -1.048371 -0.736564 2.169039
v -0.937524 -0.867817 2.139379
v -0.804195 -0.979919 2.105898
v -0.649021 -1.070107 2.069761
v -0.471623 -1.136162 2.03186
v -0.268044 -1.176457 1.99228
v -0.0 -1.19 1.945
v 0.268044 -1.176457 1.901146
v 0.471623 -1.136162 1.871508
v 0.649021 -1.070107 1.849094
v 0.804195 -0.979919 1.832471
v 0.937524 -0.867817 1.820621
v 1.048371 -0.736564 1.812593
v 1.135824 -0.58939 1.807482
v 1.199006 -0.429919 1.804485
v 1.237213 -0.262078 1.802961
v 1.059055 0.058613 1.883248
v 1.07 -0.09 1.8831
v 1.026349 0.203566 1.883836
v 0.972266 0.341291 1.885287
v 0.897405 0.468396 1.888257
v 0.802521 0.581751 1.893571
v 0.688391 0.678566 1.902158
v 0.555562 0.756456 1.914982
v 0.40371 0.813504 1.933054
v 0.229446 0.848304 1.957707
v 0.0 0.86 1.995
v -0.229446 0.848304 2.035719
v -0.40371 0.813504 2.070315
v -0.555562 0.756456 2.103873
v -0.688391 0.678566 2.136211
v -0.802521 0.581751 2.166429
v -0.897405 0.468396 2.193374
v -0.972266 0.341291 2.215858
v -1.026349 0.203566 2.232795
v -1.059055 0.058613 2.243326
v -1.07 -0.09 2.2469
v -1.059055 -0.238613 2.243326
v -1.026349 -0.383566 2.232795
v -0.972266 -0.521291 2.215858
v -0.897405 -0.648396 2.193374
v -0.802521 -0.761751 2.166429
v -0.688391 -0.858566 2.136211
v -0.555562 -0.936456 2.103873
v -0.40371 -0.993504 2.070315
v -0.229446 -1.028304 2.035719
v -0.0 -1.04 1.995
v 0.229446 -1.028304 1.957707
v 0.40371 -0.993504 1.933054
v 0.555562 -0.936456 1.914982
v 0.688391 -0.858566 1.902158
v 0.802521 -0.761751 1.893571
v 0.897405 -0.648396 1.888257
v 0.972266 -0.521291 1.885287
v 1.026349 -0.383566 1.883836
v 1.059055 -0.238613 1.883248
v 1.07 -0.09 1.8831
v 1.059055 0.058613 1.883248
v 1.026349 0.203566 1.883836
v 0.972266 0.341291 1.885287
v 0.897405 0.468396 1.888257
v 0.802521 0.581751 1.893571
v 0.688391 0.678566 1.902158
v 0.555562 0.756456 1.914982
v 0.40371 0.813504 1.933054
v 0.229446 0.848304 1.957707
v 0.0 0.86 1.995
v -0.229446 0.848304 2.035719
v -0.40371 0.813504 2.070315
v -0.555562 0.756456 2.103873
v -0.688391 0.678566 2.136211
v -0.802521 0.581751 2.166429
v -0.897405 0.468396 2.193374
v -0.972266 0.341291 2.215858
v -1.026349 0.203566 2.232795
v -1.059055 0.058613 2.243326
v -1.07 -0.09 2.2469
v -1.059055 -0.238613 2.243326
v -1.026349 -0.383566 2.232795
v -0.972266 -0.521291 2.215858
v -0.897405 -0.648396 2.193374
v -0.802521 -0.761751 2.166429
v -0.688391 -0.858566 2.136211
v -0.555562 -0.936456 2.103873
v -0.40371 -0.993504 2.070315
v -0.229446 -1.028304 2.035719
v -0.0 -1.04 1.995
v 0.229446 -1.028304 1.957707
v 0.40371 -0.993504 1.933054
v 0.555562 -0.936456 1.914982
v 0.688391 -0.858566 1.902158
v 0.802521 -0.761751 1.893571
v 0.897405 -0.648396 1.888257
v 0.972266 -0.521291 1.885287
v 1.026349 -0.383566 1.883836
v 1.059055 -0.238613 1.883248
v 1.355 -0.09 0.725
v 1.343408 0.070547 0.725299
v 1.343408 0.070547 0.875299
v 1.355 -0.09 0.875
v 1.308829 0.228347 0.726193
v 1.308829 0.228347 0.876193
v 1.251857 0.380701 0.727664
v 1.251857 0.380701 0.877664
v 1.173464 0.525 0.729689
v 1.173464 0.525 0.879689
v 1.074994 0.658777 0.732233
v 1.074994 0.658777 0.882233
v 0.95813 0.779741 0.735251
v 0.95813 0.779741 0.885251
v 0.824872 0.885825 0.738693
v 0.824872 0.885825 0.888693
v 0.6775 0.975211 0.7425
v 0.6775 0.975211 0.8925
v 0.518536 1.046372 0.746606
v 0.518536 1.046372 0.896606
v 0.3507 1.098089 0.750941
v 0.3507 1.098089 0.900941
v 0.176863 1.129477 0.755432
v 0.176863 1.129477 0.905432
v 0.0 1.14 0.76
v 0.0 1.14 0.91
v -0.176863 1.129477 0.764568
v -0.176863 1.129477 0.914568
v -0.3507 1.098089 0.769059
v -0.3507 1.098089 0.919059
v -0.518536 1.046372 0.773394
v -0.518536 1.046372 0.923394
v -0.6775 0.975211 0.7775
v -0.6775 0.975211 0.9275
v -0.824872 0.885825 0.781307
v -0.824872 0.885825 0.931307
v -0.95813 0.779741 0.784749
v -0.95813 0.779741 0.934749
v -1.074994 0.658777 0.787767
v -1.074994 0.658777 0.937767
v -1.173464 0.525 0.790311
v -1.173464 0.525 0.940311
v -1.251857 0.380701 0.792336
v -1.251857 0.380701 0.942336
v -1.308829 0.228347 0.793807
v -1.308829 0.228347 0.943807
v -1.343408 0.070547 0.794701
v -1.343408 0.070547 0.944701
v -1.355 -0.09 0.795
v -1.355 -0.09 0.945
v -1.343408 -0.250547 0.794701
v -1.343408 -0.250547 0.944701
v -1.308829 -0.408347 0.793807
v -1.308829 -0.408347 0.943807
v -1.251857 -0.560701 0.792336
v -1.251857 -0.560701 0.942336
v -1.173464 -0.705 0.790311
v -1.173464 -0.705 0.940311
v -1.074994 -0.838777 0.787767
v -1.074994 -0.838777 0.937767
v -0.95813 -0.959741 0.784749
v -0.95813 -0.959741 0.934749
v -0.824872 -1.065825 0.781307
v -0.824872 -1.065825 0.931307
v -0.6775 -1.155211 0.7775
v -0.6775 -1.155211 0.9275
v -0.518536 -1.226372 0.773394
v -0.518536 -1.226372 0.923394
v -0.3507 -1.278089 0.769059
v -0.3507 -1.278089 0.919059
v -0.176863 -1.309477 0.764568
v -0.176863 -1.309477 0.914568
v -0.0 -1.32 0.76
v -0.0 -1.32 0.91
v 0.176863 -1.309477 0.755432
v 0.176863 -1.309477 0.905432
v 0.3507 -1.278089 0.750941
v 0.3507 -1.278089 0.900941
v 0.518536 -1.226372 0.746606
v 0.518536 -1.226372 0.896606
v 0.6775 -1.155211 0.7425
v 0.6775 -1.155211 0.8925
v 0.824872 -1.065825 0.738693
v 0.824872 -1.065825 0.888693
v 0.95813 -0.959741 0.735251
v 0.95813 -0.959741 0.885251
v 1.074994 -0.838777 0.732233
v 1.074994 -0.838777 0.882233
v 1.173464 -0.705 0.729689
v 1.173464 -0.705 0.879689
v 1.251857 -0.560701 0.727664
v 1.251857 -0.560701 0.877664
v 1.308829 -0.408347 0.726193
v 1.308829 -0.408347 0.876193
v 1.343408 -0.250547 0.725299
v 1.343408 -0.250547 0.875299
v -1.37 0.5 0.86795
v -1.358279 0.548295 0.880592
v -1.358279 0.575868 0.850592
v -1.37 0.5 0.83795
v -1.37 0.5 0.79795
v -1.37 0.5 0.76795
v -1.358279 0.575868 0.780592
v -1.358279 0.548295 0.810592
v -1.323318 0.595763 0.892198
v -1.323318 0.650439 0.862198
v -1.323318 0.650439 0.792198
v -1.323318 0.595763 0.822198
v -1.265715 0.641593 0.902568
v -1.265715 0.722435 0.872568
v -1.265715 0.722435 0.802568
v -1.265715 0.641593 0.832568
v -1.186455 0.685 0.911526
v -1.186455 0.790625 0.881526
v -1.186455 0.790625 0.811526
v -1.186455 0.685 0.841526
v -1.086894 0.725242 0.918917
v -1.086894 0.853843 0.888917
v -1.086894 0.853843 0.818917
v -1.086894 0.725242 0.848917
v -0.968736 0.76163 0.924616
v -0.968736 0.911006 0.894616
v -0.968736 0.911006 0.824616
v -0.968736 0.76163 0.854616
v -0.834003 0.793541 0.928525
v -0.834003 0.961137 0.898525
v -0.834003 0.961137 0.828525
v -0.834003 0.793541 0.858525
v -0.685 0.820429 0.930578
v -0.685 1.003377 0.900578
v -0.685 1.003377 0.830578
v -0.685 0.820429 0.860578
v -0.524276 0.841835 0.930738
v -0.524276 1.037005 0.900738
v -0.524276 1.037005 0.830738
v -0.524276 0.841835 0.860738
v -0.354582 0.857393 0.929003
v -0.354582 1.061444 0.899003
v -0.354582 1.061444 0.829003
v -0.354582 0.857393 0.859003
v -0.178821 0.866835 0.925403
v -0.178821 1.076277 0.895403
v -0.178821 1.076277 0.825403
v -0.178821 0.866835 0.855403
v 0.0 0.87 0.92
v 0.0 1.08125 0.89
v 0.0 1.08125 0.82
v 0.0 0.87 0.85
v 0.178821 0.866835 0.912886
v 0.178821 1.076277 0.882886
v 0.178821 1.076277 0.812886
v 0.178821 0.866835 0.842886
v 0.354582 0.857393 0.904182
v 0.354582 1.061444 0.874182
v 0.354582 1.061444 0.804182
v 0.354582 0.857393 0.834182
v 0.524276 0.841835 0.894038
v 0.524276 1.037005 0.864038
v 0.524276 1.037005 0.794038
v 0.524276 0.841835 0.824038
v 0.685 0.820429 0.882628
v 0.685 1.003377 0.852628
v 0.685 1.003377 0.782628
v 0.685 0.820429 0.812628
v 0.834003 0.793541 0.870145
v 0.834003 0.961137 0.840145
v 0.834003 0.961137 0.770145
v 0.834003 0.793541 0.800145
v 0.968736 0.76163 0.856805
v 0.968736 0.911006 0.826805
v 0.968736 0.911006 0.756805
v 0.968736 0.76163 0.786805
v 1.086894 0.725242 0.842835
v 1.086894 0.853843 0.812835
v 1.086894 0.853843 0.742835
v 1.086894 0.725242 0.772835
v 1.186455 0.685 0.828474
v 1.186455 0.790625 0.798474
v 1.186455 0.790625 0.728474
v 1.186455 0.685 0.758474
v 1.265715 0.641593 0.813968
v 1.265715 0.722435 0.783968
v 1.265715 0.722435 0.713968
v 1.265715 0.641593 0.743968
v 1.323318 0.595763 0.799566
v 1.323318 0.650439 0.769566
v 1.323318 0.650439 0.699566
v 1.323318 0.595763 0.729566
v 1.358279 0.548295 0.785513
v 1.358279 0.575868 0.755513
v 1.358279 0.575868 0.685513
v 1.358279 0.548295 0.715513
v 1.37 0.5 0.77205
v 1.37 0.5 0.74205
v 1.37 0.5 0.67205
v 1.37 0.5 0.70205
v -1.358279 0.603442 0.820592
v -1.37 0.5 0.80795
v -1.37 0.5 0.73795
v -1.358279 0.603442 0.750592
v -1.323318 0.705114 0.832198
v -1.323318 0.705114 0.762198
v -1.265715 0.803277 0.842568
v -1.265715 0.803277 0.772568
v -1.186455 0.89625 0.851526
v -1.186455 0.89625 0.781526
v -1.086894 0.982443 0.858917
v -1.086894 0.982443 0.788917
v -0.968736 1.060382 0.864616
v -0.968736 1.060382 0.794616
v -0.834003 1.128733 0.868525
v -0.834003 1.128733 0.798525
v -0.685 1.186325 0.870578
v -0.685 1.186325 0.800578
v -0.524276 1.232175 0.870738
v -0.524276 1.232175 0.800738
v -0.354582 1.265496 0.869003
v -0.354582 1.265496 0.799003
v -0.178821 1.28572 0.865403
v -0.178821 1.28572 0.795403
v 0.0 1.2925 0.86
v 0.0 1.2925 0.79
v 0.178821 1.28572 0.852886
v 0.178821 1.28572 0.782886
v 0.354582 1.265496 0.844182
v 0.354582 1.265496 0.774182
v 0.524276 1.232175 0.834038
v 0.524276 1.232175 0.764038
v 0.685 1.186325 0.822628
v 0.685 1.186325 0.752628
v 0.834003 1.128733 0.810145
v 0.834003 1.128733 0.740145
v 0.968736 1.060382 0.796805
v 0.968736 1.060382 0.726805
v 1.086894 0.982443 0.782835
v 1.086894 0.982443 0.712835
v 1.186455 0.89625 0.768474
v 1.186455 0.89625 0.698474
v 1.265715 0.803277 0.753968
v 1.265715 0.803277 0.683968
v 1.323318 0.705114 0.739566
v 1.323318 0.705114 0.669566
v 1.358279 0.603442 0.725513
v 1.358279 0.603442 0.655513
v 1.37 0.5 0.71205
v 1.37 0.5 0.64205
v -1.358279 0.631016 0.790592
v -1.37 0.5 0.77795
v -1.37 0.5 0.70795
v -1.358279 0.631016 0.720592
v -1.323318 0.75979 0.802198
v -1.323318 0.75979 0.732198
v -1.265715 0.884118 0.812568
v -1.265715 0.884118 0.742568
v -1.186455 1.001875 0.821526
v -1.186455 1.001875 0.751526
v -1.086894 1.111044 0.828917
v -1.086894 1.111044 0.758917
v -0.968736 1.209758 0.834616
v -0.968736 1.209758 0.764616
v -0.834003 1.296328 0.838525
v -0.834003 1.296328 0.768525
v -0.685 1.369273 0.840578
v -0.685 1.369273 0.770578
v -0.524276 1.427344 0.840738
v -0.524276 1.427344 0.770738
v -0.354582 1.469548 0.839003
v -0.354582 1.469548 0.769003
v -0.178821 1.495163 0.835403
v -0.178821 1.495163 0.765403
v 0.0 1.50375 0.83
v 0.0 1.50375 0.76
v 0.178821 1.495163 0.822886
v 0.178821 1.495163 0.752886
v 0.354582 1.469548 0.814182
v 0.354582 1.469548 0.744182
v 0.524276 1.427344 0.804038
v 0.524276 1.427344 0.734038
v 0.685 1.369273 0.792628
v 0.685 1.369273 0.722628
v 0.834003 1.296328 0.780145
v 0.834003 1.296328 0.710145
v 0.968736 1.209758 0.766805
v 0.968736 1.209758 0.696805
v 1.086894 1.111044 0.752835
v 1.086894 1.111044 0.682835
v 1.186455 1.001875 0.738474
v 1.186455 1.001875 0.668474
v 1.265715 0.884118 0.723968
v 1.265715 0.884118 0.653968
v 1.323318 0.75979 0.709566
v 1.323318 0.75979 0.639566
v 1.358279 0.631016 0.695513
v 1.358279 0.631016 0.625513
v 1.37 0.5 0.68205
v 1.37 0.5 0.61205
v -1.358279 0.658589 0.760592
v -1.37 0.5 0.74795
v -1.37 0.5 0.67795
v -1.358279 0.658589 0.690592
v -1.323318 0.814465 0.772198
v -1.323318 0.814465 0.702198
v -1.265715 0.96496 0.782568
v -1.265715 0.96496 0.712568
v -1.186455 1.1075 0.791526
v -1.186455 1.1075 0.721526
v -1.086894 1.239645 0.798917
v -1.086894 1.239645 0.728917
v -0.968736 1.359135 0.804616
v -0.968736 1.359135 0.734616
v -0.834003 1.463924 0.808525
v -0.834003 1.463924 0.738525
v -0.685 1.552221 0.810578
v -0.685 1.552221 0.740578
v -0.524276 1.622514 0.810738
v -0.524276 1.622514 0.740738
v -0.354582 1.6736 0.809003
v -0.354582 1.6736 0.739003
v -0.178821 1.704606 0.805403
v -0.178821 1.704606 0.735403
v 0.0 1.715 0.8
v 0.0 1.715 0.73
v 0.178821 1.704606 0.792886
v 0.178821 1.704606 0.722886
v 0.354582 1.6736 0.784182
v 0.354582 1.6736 0.714182
v 0.524276 1.622514 0.774038
v 0.524276 1.622514 0.704038
v 0.685 1.552221 0.762628
v 0.685 1.552221 0.692628
v 0.834003 1.463924 0.750145
v 0.834003 1.463924 0.680145
v 0.968736 1.359135 0.736805
v 0.968736 1.359135 0.666805
v 1.086894 1.239645 0.722835
v 1.086894 1.239645 0.652835
v 1.186455 1.1075 0.708474
v 1.186455 1.1075 0.638474
v 1.265715 0.96496 0.693968
v 1.265715 0.96496 0.623968
v 1.323318 0.814465 0.679566
v 1.323318 0.814465 0.609566
v 1.358279 0.658589 0.665513
v 1.358279 0.658589 0.595513
v 1.37 0.5 0.65205
v 1.37 0.5 0.58205
v -1.358279 0.686163 0.730592
v -1.37 0.5 0.71795
v -1.37 0.5 0.64795
v -1.358279 0.686163 0.660592
v -1.323318 0.869141 0.742198
v -1.323318 0.869141 0.672198
v -1.265715 1.045802 0.752568
v -1.265715 1.045802 0.682568
v -1.186455 1.213125 0.761526
v -1.186455 1.213125 0.691526
v -1.086894 1.368246 0.768917
v -1.086894 1.368246 0.698917
v -0.968736 1.508511 0.774616
v -0.968736 1.508511 0.704616
v -0.834003 1.63152 0.778525
v -0.834003 1.63152 0.708525
v -0.685 1.735169 0.780578
v -0.685 1.735169 0.710578
v -0.524276 1.817683 0.780738
v -0.524276 1.817683 0.710738
v -0.354582 1.877652 0.779003
v -0.354582 1.877652 0.709003
v -0.178821 1.914048 0.775403
v -0.178821 1.914048 0.705403
v 0.0 1.92625 0.77
v 0.0 1.92625 0.7
v 0.178821 1.914048 0.762886
v 0.178821 1.914048 0.692886
v 0.354582 1.877652 0.754182
v 0.354582 1.877652 0.684182
v 0.524276 1.817683 0.744038
v 0.524276 1.817683 0.674038
v 0.685 1.735169 0.732628
v 0.685 1.735169 0.662628
v 0.834003 1.63152 0.720145
v 0.834003 1.63152 0.650145
v 0.968736 1.508511 0.706805
v 0.968736 1.508511 0.636805
v 1.086894 1.368246 0.692835
v 1.086894 1.368246 0.622835
v 1.186455 1.213125 0.678474
v 1.186455 1.213125 0.608474
v 1.265715 1.045802 0.663968
v 1.265715 1.045802 0.593968
v 1.323318 0.869141 0.649566
v 1.323318 0.869141 0.579566
v 1.358279 0.686163 0.635513
v 1.358279 0.686163 0.565513
v 1.37 0.5 0.62205
v 1.37 0.5 0.55205
v -1.358279 0.713737 0.700592
v -1.37 0.5 0.68795
v -1.37 0.5 0.61795
v -1.358279 0.713737 0.630592
v -1.323318 0.923816 0.712198
v -1.323318 0.923816 0.642198
v -1.265715 1.126644 0.722568
v -1.265715 1.126644 0.652568
v -1.186455 1.31875 0.731526
v -1.186455 1.31875 0.661526
v -1.086894 1.496847 0.738917
v -1.086894 1.496847 0.668917
v -0.968736 1.657887 0.744616
v -0.968736 1.657887 0.674616
v -0.834003 1.799116 0.748525
v -0.834003 1.799116 0.678525
v -0.685 1.918117 0.750578
v -0.685 1.918117 0.680578
v -0.524276 2.012853 0.750738
v -0.524276 2.012853 0.680738
v -0.354582 2.081704 0.749003
v -0.354582 2.081704 0.679003
v -0.178821 2.123491 0.745403
v -0.178821 2.123491 0.675403
v 0.0 2.1375 0.74
v 0.0 2.1375 0.67
v 0.178821 2.123491 0.732886
v 0.178821 2.123491 0.662886
v 0.354582 2.081704 0.724182
v 0.354582 2.081704 0.654182
v 0.524276 2.012853 0.714038
v 0.524276 2.012853 0.644038
v 0.685 1.918117 0.702628
v 0.685 1.918117 0.632628
v 0.834003 1.799116 0.690145
v 0.834003 1.799116 0.620145
v 0.968736 1.657887 0.676805
v 0.968736 1.657887 0.606805
v 1.086894 1.496847 0.662835
v 1.086894 1.496847 0.592835
v 1.186455 1.31875 0.648474
v 1.186455 1.31875 0.578474
v 1.265715 1.126644 0.633968
v 1.265715 1.126644 0.563968
v 1.323318 0.923816 0.619566
v 1.323318 0.923816 0.549566
v 1.358279 0.713737 0.605513
v 1.358279 0.713737 0.535513
v 1.37 0.5 0.59205
v 1.37 0.5 0.52205
v -1.358279 0.74131 0.670592
v -1.37 0.5 0.65795
v -1.37 0.5 0.58795
v -1.358279 0.74131 0.600592
v -1.323318 0.978492 0.682198
v -1.323318 0.978492 0.612198
v -1.265715 1.207486 0.692568
v -1.265715 1.207486 0.622568
v -1.186455 1.424375 0.701526
v -1.186455 1.424375 0.631526
v -1.086894 1.625448 0.708917
v -1.086894 1.625448 0.638917
v -0.968736 1.807264 0.714616
v -0.968736 1.807264 0.644616
v -0.834003 1.966712 0.718525
v -0.834003 1.966712 0.648525
v -0.685 2.101064 0.720578
v -0.685 2.101064 0.650578
v -0.524276 2.208022 0.720738
v -0.524276 2.208022 0.650738
v -0.354582 2.285755 0.719003
v -0.354582 2.285755 0.649003
v -0.178821 2.332934 0.715403
v -0.178821 2.332934 0.645403
v 0.0 2.34875 0.71
v 0.0 2.34875 0.64
v 0.178821 2.332934 0.702886
v 0.178821 2.332934 0.632886
v 0.354582 2.285755 0.694182
v 0.354582 2.285755 0.624182
v 0.524276 2.208022 0.684038
v 0.524276 2.208022 0.614038
v 0.685 2.101064 0.672628
v 0.685 2.101064 0.602628
v 0.834003 1.966712 0.660145
v 0.834003 1.966712 0.590145
v 0.968736 1.807264 0.646805
v 0.968736 1.807264 0.576805
v 1.086894 1.625448 0.632835
v 1.086894 1.625448 0.562835
v 1.186455 1.424375 0.618474
v 1.186455 1.424375 0.548474
v 1.265715 1.207486 0.603968
v 1.265715 1.207486 0.533968
v 1.323318 0.978492 0.589566
v 1.323318 0.978492 0.519566
v 1.358279 0.74131 0.575513
v 1.358279 0.74131 0.505513
v 1.37 0.5 0.56205
v 1.37 0.5 0.49205
v -1.358279 0.768884 0.640592
v -1.37 0.5 0.62795
v -1.37 0.5 0.55795
v -1.358279 0.768884 0.570592
v -1.323318 1.033167 0.652198
v -1.323318 1.033167 0.582198
v -1.265715 1.288328 0.662568
v -1.265715 1.288328 0.592568
v -1.186455 1.53 0.671526
v -1.186455 1.53 0.601526
v -1.086894 1.754049 0.678917
v -1.086894 1.754049 0.608917
v -0.968736 1.95664 0.684616
v -0.968736 1.95664 0.614616
v -0.834003 2.134308 0.688525
v -0.834003 2.134308 0.618525
v -0.685 2.284012 0.690578
v -0.685 2.284012 0.620578
v -0.524276 2.403192 0.690738
v -0.524276 2.403192 0.620738
v -0.354582 2.489807 0.689003
v -0.354582 2.489807 0.619003
v -0.178821 2.542376 0.685403
v -0.178821 2.542376 0.615403
v 0.0 2.56 0.68
v 0.0 2.56 0.61
v 0.178821 2.542376 0.672886
v 0.178821 2.542376 0.602886
v 0.354582 2.489807 0.664182
v 0.354582 2.489807 0.594182
v 0.524276 2.403192 0.654038
v 0.524276 2.403192 0.584038
v 0.685 2.284012 0.642628
v 0.685 2.284012 0.572628
v 0.834003 2.134308 0.630145
v 0.834003 2.134308 0.560145
v 0.968736 1.95664 0.616805
v 0.968736 1.95664 0.546805
v 1.086894 1.754049 0.602835
v 1.086894 1.754049 0.532835
v 1.186455 1.53 0.588474
v 1.186455 1.53 0.518474
v 1.265715 1.288328 0.573968
v 1.265715 1.288328 0.503968
v 1.323318 1.033167 0.559566
v 1.323318 1.033167 0.489566
v 1.358279 0.768884 0.545513
v 1.358279 0.768884 0.475513
v 1.37 0.5 0.53205
v 1.37 0.5 0.46205
v -1.37 0.5 0.62795
v -1.37 0.5 0.55795
v -1.358279 0.768884 0.570592
v -1.358279 0.768884 0.640592
v -1.323318 1.033167 0.582198
v -1.323318 1.033167 0.652198
v -1.265715 1.288328 0.592568
v -1.265715 1.288328 0.662568
v -1.186455 1.53 0.601526
v -1.186455 1.53 0.671526
v -1.086894 1.754049 0.608917
v -1.086894 1.754049 0.678917
v -0.968736 1.95664 0.614616
v -0.968736 1.95664 0.684616
v -0.834003 2.134308 0.618525
v -0.834003 2.134308 0.688525
v -0.685 2.284012 0.620578
v -0.685 2.284012 0.690578
v -0.524276 2.403192 0.620738
v -0.524276 2.403192 0.690738
v -0.354582 2.489807 0.619003
v -0.354582 2.489807 0.689003
v -0.178821 2.542376 0.615403
v -0.178821 2.542376 0.685403
v 0.0 2.56 0.61
v 0.0 2.56 0.68
v 0.178821 2.542376 0.602886
v 0.178821 2.542376 0.672886
v 0.354582 2.489807 0.594182
v 0.354582 2.489807 0.664182
v 0.524276 2.403192 0.584038
v 0.524276 2.403192 0.654038
v 0.685 2.284012 0.572628
v 0.685 2.284012 0.642628
v 0.834003 2.134308 0.560145
v 0.834003 2.134308 0.630145
v 0.968736 1.95664 0.546805
v 0.968736 1.95664 0.616805
v 1.086894 1.754049 0.532835
v 1.086894 1.754049 0.602835
v 1.186455 1.53 0.518474
v 1.186455 1.53 0.588474
v 1.265715 1.288328 0.503968
v 1.265715 1.288328 0.573968
v 1.323318 1.033167 0.489566
v 1.323318 1.033167 0.559566
v 1.358279 0.768884 0.475513
v 1.358279 0.768884 0.545513
v 1.37 0.5 0.46205
v 1.37 0.5 0.53205
v -1.28538 0.364712 0.883825
v -1.280271 0.362522 0.923234
v -1.304293 0.364712 0.954891
v -1.343373 0.37 0.960251
v -1.37462 0.375288 0.936175
v -1.379729 0.377478 0.896766
v -1.355707 0.375288 0.865109
v -1.316627 0.37 0.859749
v -1.336806 0.509236 0.870096
v -1.298202 0.501226 0.864663
v -1.360545 0.513151 0.9018
v -1.355513 0.510677 0.941202
v -1.324657 0.503264 0.965221
v -1.286053 0.495254 0.959788
v -1.262314 0.491339 0.928085
v -1.267346 0.493813 0.888682
v -1.300137 0.63508 0.874273
v -1.263103 0.621584 0.868767
v -1.322958 0.642491 0.906025
v -1.318199 0.639477 0.945424
v -1.288646 0.627803 0.969389
v -1.251612 0.614308 0.963883
v -1.228791 0.606897 0.932131
v -1.23355 0.60991 0.892732
v -1.247333 0.750895 0.87766
v -1.212623 0.732231 0.872111
v -1.268752 0.761622 0.909442
v -1.264331 0.75813 0.948841
v -1.236661 0.742463 0.972776
v -1.20195 0.723799 0.967227
v -1.180532 0.713072 0.935444
v -1.184953 0.716564 0.896046
v -1.179815 0.856546 0.880293
v -1.14802 0.833262 0.87473
v -1.199438 0.870257 0.912087
v -1.195396 0.866363 0.951489
v -1.170056 0.847146 0.975416
v -1.138261 0.823862 0.969853
v -1.118637 0.810151 0.938059
v -1.12268 0.814045 0.898657
v -1.099023 0.951966 0.882211
v -1.070528 0.924741 0.876659
v -1.11659 0.968237 0.914001
v -1.112939 0.964022 0.953408
v -1.09021 0.94179 0.977347
v -1.061715 0.914565 0.971795
v -1.044148 0.898294 0.940005
v -1.047799 0.902509 0.900598
v -1.006388 1.037149 0.883454
v -0.981377 1.006688 0.877932
v -1.021766 1.055533 0.915227
v -1.018501 1.051069 0.95464
v -0.998507 1.026374 0.978605
v -0.973495 0.995912 0.973084
v -0.958118 0.977529 0.94131
v -0.961382 0.981992 0.901897
v -0.90331 1.112133 0.88406
v -0.881807 1.079093 0.878583
v -0.916466 1.132207 0.915807
v -0.91357 1.127558 0.955228
v -0.896318 1.100907 0.979229
v -0.874815 1.067867 0.973752
v -0.861659 1.047793 0.942005
v -0.864555 1.052442 0.902585
v -0.791149 1.176973 0.884068
v -0.773083 1.141928 0.878646
v -0.802121 1.19837 0.915782
v -0.799571 1.193584 0.95521
v -0.784993 1.165419 0.979255
v -0.766927 1.130374 0.973833
v -0.755955 1.108977 0.942119
v -0.758505 1.113763 0.902691
v -0.671239 1.231731 0.883514
v -0.656485 1.195158 0.878154
v -0.680097 1.254139 0.91519
v -0.677871 1.249257 0.954626
v -0.665864 1.219944 0.97872
v -0.65111 1.183371 0.97336
v -0.642252 1.160963 0.941684
v -0.644478 1.165845 0.902248
v -0.54489 1.276458 0.882436
v -0.53331 1.238751 0.877142
v -0.551718 1.299623 0.91407
v -0.549795 1.294676 0.953514
v -0.540247 1.264515 0.977661
v -0.528667 1.226807 0.972367
v -0.521839 1.203642 0.940733
v -0.523762 1.208589 0.901289
v -0.4134 1.311198 0.880869
v -0.404866 1.272677 0.875646
v -0.418277 1.33491 0.912458
v -0.416639 1.329924 0.95191
v -0.409447 1.29916 0.976113
v -0.400913 1.260639 0.97089
v -0.396036 1.236926 0.939301
v -0.397674 1.241913 0.899849
v -0.278059 1.335982 0.878848
v -0.272467 1.296915 0.873701
v -0.281049 1.360068 0.91039
v -0.279684 1.355064 0.94985
v -0.274764 1.323901 0.974112
v -0.269171 1.284835 0.968965
v -0.266182 1.260749 0.937423
v -0.267547 1.265753 0.897963
v -0.140153 1.350831 0.87641
v -0.137429 1.31145 0.871342
v -0.1413 1.37514 0.907901
v -0.140198 1.370138 0.947369
v -0.137493 1.338754 0.971694
v -0.134768 1.299373 0.966627
v -0.133621 1.275064 0.935135
v -0.134723 1.280066 0.895667
v -0.000966 1.355758 0.873588
v -0.001073 1.316272 0.868606
v -0.000294 1.380155 0.905025
v 0.000551 1.375172 0.944502
v 0.001073 1.343728 0.968894
v 0.000966 1.304242 0.963912
v 0.000294 1.279845 0.932475
v -0.000551 1.284828 0.892998
v 0.138219 1.350765 0.870418
v 0.135281 1.311377 0.865529
v 0.140712 1.37512 0.901796
v 0.141301 1.370175 0.941282
v 0.13964 1.338827 0.965746
v 0.136703 1.299439 0.960857
v 0.13421 1.275084 0.929479
v 0.133621 1.280029 0.889993
v 0.276116 1.335848 0.866933
v 0.270312 1.296767 0.862146
v 0.280456 1.360027 0.898246
v 0.280788 1.35514 0.937742
v 0.276918 1.324049 0.962286
v 0.271114 1.284968 0.957499
v 0.266775 1.260789 0.926185
v 0.266443 1.265676 0.886689
v 0.411442 1.310993 0.863168
v 0.402698 1.272448 0.858494
v 0.417676 1.334849 0.894409
v 0.417747 1.330042 0.933916
v 0.411615 1.299388 0.958548
v 0.402871 1.260844 0.953874
v 0.396637 1.236988 0.922633
v 0.396566 1.241795 0.883125
v 0.542907 1.276176 0.859156
v 0.531119 1.238435 0.85461
v 0.551105 1.299539 0.890315
v 0.55091 1.29484 0.929835
v 0.542437 1.26483 0.954566
v 0.53065 1.22709 0.95002
v 0.522452 1.203726 0.918861
v 0.522647 1.208425 0.879341
v 0.669218 1.231363 0.854931
v 0.654258 1.194746 0.850531
v 0.679466 1.254032 0.885997
v 0.678999 1.249472 0.925531
v 0.668091 1.220356 0.950375
v 0.653131 1.183739 0.945976
v 0.642883 1.16107 0.91491
v 0.64335 1.16563 0.875375
v 0.78907 1.176512 0.850526
v 0.7708 1.141409 0.846295
v 0.801463 1.198238 0.881484
v 0.80072 1.193858 0.921034
v 0.787275 1.165938 0.946009
v 0.769006 1.130834 0.941778
v 0.756613 1.109109 0.91082
v 0.757356 1.113489 0.871269
v 0.901146 1.111571 0.845973
v 0.879441 1.078456 0.841937
v 0.915772 1.13205 0.876806
v 0.914753 1.127896 0.916374
v 0.898684 1.101544 0.9415
v 0.876979 1.068429 0.937465
v 0.862353 1.04795 0.906632
v 0.863372 1.052104 0.867063
v 1.004103 1.036484 0.841306
v 0.978887 1.005929 0.837497
v 1.021023 1.055351 0.871994
v 1.019736 1.051478 0.911583
v 1.000996 1.027133 0.936883
v 0.975781 0.996577 0.933074
v 0.958861 0.97771 0.902387
v 0.960148 0.981583 0.862798
v 1.096569 0.951204 0.83656
v 1.067866 0.923863 0.833011
v 1.115782 0.968036 0.867081
v 1.114251 0.964501 0.906693
v 1.092872 0.942668 0.932193
v 1.064169 0.915327 0.928643
v 1.044956 0.898494 0.898122
v 1.046487 0.90203 0.85851
v 1.17714 0.855708 0.831772
v 1.145127 0.832287 0.828513
v 1.198549 0.870047 0.862104
v 1.196813 0.866904 0.901741
v 1.172949 0.848121 0.927464
v 1.140936 0.8247 0.924205
v 1.119527 0.810361 0.893873
v 1.121263 0.813504 0.854236
v 1.244387 0.750024 0.826981
v 1.209443 0.731204 0.824038
v 1.267765 0.761418 0.857107
v 1.265882 0.758711 0.89677
v 1.239841 0.74349 0.922734
v 1.204897 0.72467 0.919791
v 1.181519 0.713276 0.889665
v 1.183402 0.715983 0.850002
v 1.296884 0.634239 0.822231
v 1.259596 0.620575 0.819616
v 1.321865 0.642312 0.852143
v 1.319906 0.640064 0.89183
v 1.292153 0.628813 0.918044
v 1.254865 0.615148 0.915429
v 1.229884 0.607076 0.885517
v 1.231844 0.609323 0.84583
v 1.33324 0.508502 0.817568
v 1.294359 0.500319 0.815276
v 1.359345 0.51302 0.847268
v 1.357381 0.511226 0.886978
v 1.3285 0.504171 0.913437
v 1.289619 0.495988 0.911144
v 1.263514 0.49147 0.881444
v 1.265478 0.493264 0.841734
v 1.352061 0.374642 0.813141
v 1.312698 0.369185 0.81097
v 1.378502 0.377379 0.842762
v 1.37653 0.375793 0.88248
v 1.347302 0.370815 0.90903
v 1.307939 0.365358 0.906859
v 1.281498 0.362621 0.877238
v 1.28347 0.364207 0.83752
v -1.33 0.38 1.02
v -1.285 0.38 1.003923
v -1.291029 0.4025 1.003923
v -1.3075 0.418971 1.003923
v -1.33 0.425 1.003923
v -1.3525 0.418971 1.003923
v -1.368971 0.4025 1.003923
v -1.375 0.38 1.003923
v -1.368971 0.3575 1.003923
v -1.3525 0.341029 1.003923
v -1.33 0.335 1.003923
v -1.3075 0.341029 1.003923
v -1.291029 0.3575 1.003923
v -1.252058 0.38 0.96
v -1.2625 0.418971 0.96
v -1.291029 0.4475 0.96
v -1.33 0.457942 0.96
v -1.368971 0.4475 0.96
v -1.3975 0.418971 0.96
v -1.407942 0.38 0.96
v -1.3975 0.341029 0.96
v -1.368971 0.3125 0.96
v -1.33 0.302058 0.96
v -1.291029 0.3125 0.96
v -1.2625 0.341029 0.96
v -1.24 0.38 0.9
v -1.252058 0.425 0.9
v -1.285 0.457942 0.9
v -1.33 0.47 0.9
v -1.375 0.457942 0.9
v -1.407942 0.425 0.9
v -1.42 0.38 0.9
v -1.407942 0.335 0.9
v -1.375 0.302058 0.9
v -1.33 0.29 0.9
v -1.285 0.302058 0.9
v -1.252058 0.335 0.9
v -1.252058 0.38 0.84
v -1.2625 0.418971 0.84
v -1.291029 0.4475 0.84
v -1.33 0.457942 0.84
v -1.368971 0.4475 0.84
v -1.3975 0.418971 0.84
v -1.407942 0.38 0.84
v -1.3975 0.341029 0.84
v -1.368971 0.3125 0.84
v -1.33 0.302058 0.84
v -1.291029 0.3125 0.84
v -1.2625 0.341029 0.84
v -1.285 0.38 0.796077
v -1.291029 0.4025 0.796077
v -1.3075 0.418971 0.796077
v -1.33 0.425 0.796077
v -1.3525 0.418971 0.796077
v -1.368971 0.4025 0.796077
v -1.375 0.38 0.796077
v -1.368971 0.3575 0.796077
v -1.3525 0.341029 0.796077
v -1.33 0.335 0.796077
v -1.3075 0.341029 0.796077
v -1.291029 0.3575 0.796077
v -1.33 0.38 0.78
v 1.33 0.38 1.02
v 1.375 0.38 1.003923
v 1.368971 0.4025 1.003923
v 1.3525 0.418971 1.003923
v 1.33 0.425 1.003923
v 1.3075 0.418971 1.003923
v 1.291029 0.4025 1.003923
v 1.285 0.38 1.003923
v 1.291029 0.3575 1.003923
v 1.3075 0.341029 1.003923
v 1.33 0.335 1.003923
v 1.3525 0.341029 1.003923
v 1.368971 0.3575 1.003923
v 1.407942 0.38 0.96
v 1.3975 0.418971 0.96
v 1.368971 0.4475 0.96
v 1.33 0.457942 0.96
v 1.291029 0.4475 0.96
v 1.2625 0.418971 0.96
v 1.252058 0.38 0.96
v 1.2625 0.341029 0.96
v 1.291029 0.3125 0.96
v 1.33 0.302058 0.96
v 1.368971 0.3125 0.96
v 1.3975 0.341029 0.96
v 1.42 0.38 0.9
v 1.407942 0.425 0.9
v 1.375 0.457942 0.9
v 1.33 0.47 0.9
v 1.285 0.457942 0.9
v 1.252058 0.425 0.9
v 1.24 0.38 0.9
v 1.252058 0.335 0.9
v 1.285 0.302058 0.9
v 1.33 0.29 0.9
v 1.375 0.302058 0.9
v 1.407942 0.335 0.9
v 1.407942 0.38 0.84
v 1.3975 0.418971 0.84
v 1.368971 0.4475 0.84
v 1.33 0.457942 0.84
v 1.291029 0.4475 0.84
v 1.2625 0.418971 0.84
v 1.252058 0.38 0.84
v 1.2625 0.341029 0.84
v 1.291029 0.3125 0.84
v 1.33 0.302058 0.84
v 1.368971 0.3125 0.84
v 1.3975 0.341029 0.84
v 1.375 0.38 0.796077
v 1.368971 0.4025 0.796077
v 1.3525 0.418971 0.796077
v 1.33 0.425 0.796077
v 1.3075 0.418971 0.796077
v 1.291029 0.4025 0.796077
v 1.285 0.38 0.796077
v 1.291029 0.3575 0.796077
v 1.3075 0.341029 0.796077
v 1.33 0.335 0.796077
v 1.3525 0.341029 0.796077
v 1.368971 0.3575 0.796077
v 1.33 0.38 0.78
v -0.35 1.175 1.62
v -0.250207 1.175 1.595242
v -0.257803 1.185793 1.595242
v -0.279436 1.194942 1.595242
v -0.311811 1.201056 1.595242
v -0.35 1.203202 1.595242
v -0.388189 1.201056 1.595242
v -0.420564 1.194942 1.595242
v -0.442197 1.185793 1.595242
v -0.449793 1.175 1.595242
v -0.442197 1.164207 1.595242
v -0.420564 1.155058 1.595242
v -0.388189 1.148944 1.595242
v -0.35 1.146798 1.595242
v -0.311811 1.148944 1.595242
v -0.279436 1.155058 1.595242
v -0.257803 1.164207 1.595242
v -0.170179 1.175 1.525872
v -0.183867 1.194448 1.525872
v -0.222847 1.210934 1.525872
v -0.281185 1.221951 1.525872
v -0.35 1.225819 1.525872
v -0.418815 1.221951 1.525872
v -0.477153 1.210934 1.525872
v -0.516133 1.194448 1.525872
v -0.529821 1.175 1.525872
v -0.516133 1.155552 1.525872
v -0.477153 1.139066 1.525872
v -0.418815 1.128049 1.525872
v -0.35 1.124181 1.525872
v -0.281185 1.128049 1.525872
v -0.222847 1.139066 1.525872
v -0.183867 1.155552 1.525872
v -0.125767 1.175 1.42563
v -0.142835 1.199251 1.42563
v -0.191443 1.21981 1.42563
v -0.26419 1.233547 1.42563
v -0.35 1.23837 1.42563
v -0.43581 1.233547 1.42563
v -0.508557 1.21981 1.42563
v -0.557165 1.199251 1.42563
v -0.574233 1.175 1.42563
v -0.557165 1.150749 1.42563
v -0.508557 1.13019 1.42563
v -0.43581 1.116453 1.42563
v -0.35 1.11163 1.42563
v -0.26419 1.116453 1.42563
v -0.191443 1.13019 1.42563
v -0.142835 1.150749 1.42563
v -0.125767 1.175 1.31437
v -0.142835 1.199251 1.31437
v -0.191443 1.21981 1.31437
v -0.26419 1.233547 1.31437
v -0.35 1.23837 1.31437
v -0.43581 1.233547 1.31437
v -0.508557 1.21981 1.31437
v -0.557165 1.199251 1.31437
v -0.574233 1.175 1.31437
v -0.557165 1.150749 1.31437
v -0.508557 1.13019 1.31437
v -0.43581 1.116453 1.31437
v -0.35 1.11163 1.31437
v -0.26419 1.116453 1.31437
v -0.191443 1.13019 1.31437
v -0.142835 1.150749 1.31437
v -0.170179 1.175 1.214128
v -0.183867 1.194448 1.214128
v -0.222847 1.210934 1.214128
v -0.281185 1.221951 1.214128
v -0.35 1.225819 1.214128
v -0.418815 1.221951 1.214128
v -0.477153 1.210934 1.214128
v -0.516133 1.194448 1.214128
v -0.529821 1.175 1.214128
v -0.516133 1.155552 1.214128
v -0.477153 1.139066 1.214128
v -0.418815 1.128049 1.214128
v -0.35 1.124181 1.214128
v -0.281185 1.128049 1.214128
v -0.222847 1.139066 1.214128
v -0.183867 1.155552 1.214128
v -0.250207 1.175 1.144758
v -0.257803 1.185793 1.144758
v -0.279436 1.194942 1.144758
v -0.311811 1.201056 1.144758
v -0.35 1.203202 1.144758
v -0.388189 1.201056 1.144758
v -0.420564 1.194942 1.144758
v -0.442197 1.185793 1.144758
v -0.449793 1.175 1.144758
v -0.442197 1.164207 1.144758
v -0.420564 1.155058 1.144758
v -0.388189 1.148944 1.144758
v -0.35 1.146798 1.144758
v -0.311811 1.148944 1.144758
v -0.279436 1.155058 1.144758
v -0.257803 1.164207 1.144758
v -0.35 1.175 1.12
v 0.12 1.125 1.08
v 0.12 1.235 1.08
v 0.56 1.235 1.08
v 0.56 1.125 1.08
v 0.12 1.125 1.64
v 0.56 1.125 1.64
v 0.56 1.235 1.64
v 0.12 1.235 1.64
v 0.235 1.23 1.205
v 0.235 1.26 1.205
v 0.445 1.26 1.205
v 0.445 1.23 1.205
v 0.235 1.23 1.415
v 0.445 1.23 1.415
v 0.445 1.26 1.415
v 0.235 1.26 1.415
v 0.255 1.255 1.5395
v 0.267931 1.255 1.524317
v 0.264144 1.265391 1.524317
v 0.255 1.269695 1.524317
v 0.245856 1.265391 1.524317
v 0.242069 1.255 1.524317
v 0.245856 1.244609 1.524317
v 0.255 1.240305 1.524317
v 0.264144 1.244609 1.524317
v 0.275923 1.255 1.484567
v 0.269795 1.271812 1.484567
v 0.255 1.278776 1.484567
v 0.240205 1.271812 1.484567
v 0.234077 1.255 1.484567
v 0.240205 1.238188 1.484567
v 0.255 1.231224 1.484567
v 0.269795 1.238188 1.484567
v 0.275923 1.255 1.435433
v 0.269795 1.271812 1.435433
v 0.255 1.278776 1.435433
v 0.240205 1.271812 1.435433
v 0.234077 1.255 1.435433
v 0.240205 1.238188 1.435433
v 0.255 1.231224 1.435433
v 0.269795 1.238188 1.435433
v 0.267931 1.255 1.395683
v 0.264144 1.265391 1.395683
v 0.255 1.269695 1.395683
v 0.245856 1.265391 1.395683
v 0.242069 1.255 1.395683
v 0.245856 1.244609 1.395683
v 0.255 1.240305 1.395683
v 0.264144 1.244609 1.395683
v 0.255 1.255 1.3805
v 0.312 1.255 1.5565
v 0.324931 1.255 1.53807
v 0.321144 1.265391 1.53807
v 0.312 1.269695 1.53807
v 0.302856 1.265391 1.53807
v 0.299069 1.255 1.53807
v 0.302856 1.244609 1.53807
v 0.312 1.240305 1.53807
v 0.321144 1.244609 1.53807
v 0.332923 1.255 1.48982
v 0.326795 1.271812 1.48982
v 0.312 1.278776 1.48982
v 0.297205 1.271812 1.48982
v 0.291077 1.255 1.48982
v 0.297205 1.238188 1.48982
v 0.312 1.231224 1.48982
v 0.326795 1.238188 1.48982
v 0.332923 1.255 1.43018
v 0.326795 1.271812 1.43018
v 0.312 1.278776 1.43018
v 0.297205 1.271812 1.43018
v 0.291077 1.255 1.43018
v 0.297205 1.238188 1.43018
v 0.312 1.231224 1.43018
v 0.326795 1.238188 1.43018
v 0.324931 1.255 1.38193
v 0.321144 1.265391 1.38193
v 0.312 1.269695 1.38193
v 0.302856 1.265391 1.38193
v 0.299069 1.255 1.38193
v 0.302856 1.244609 1.38193
v 0.312 1.240305 1.38193
v 0.321144 1.244609 1.38193
v 0.312 1.255 1.3635
v 0.369 1.255 1.5565
v 0.381931 1.255 1.53807
v 0.378144 1.265391 1.53807
v 0.369 1.269695 1.53807
v 0.359856 1.265391 1.53807
v 0.356069 1.255 1.53807
v 0.359856 1.244609 1.53807
v 0.369 1.240305 1.53807
v 0.378144 1.244609 1.53807
v 0.389923 1.255 1.48982
v 0.383795 1.271812 1.48982
v 0.369 1.278776 1.48982
v 0.354205 1.271812 1.48982
v 0.348077 1.255 1.48982
v 0.354205 1.238188 1.48982
v 0.369 1.231224 1.48982
v 0.383795 1.238188 1.48982
v 0.389923 1.255 1.43018
v 0.383795 1.271812 1.43018
v 0.369 1.278776 1.43018
v 0.354205 1.271812 1.43018
v 0.348077 1.255 1.43018
v 0.354205 1.238188 1.43018
v 0.369 1.231224 1.43018
v 0.383795 1.238188 1.43018
v 0.381931 1.255 1.38193
v 0.378144 1.265391 1.38193
v 0.369 1.269695 1.38193
v 0.359856 1.265391 1.38193
v 0.356069 1.255 1.38193
v 0.359856 1.244609 1.38193
v 0.369 1.240305 1.38193
v 0.378144 1.244609 1.38193
v 0.369 1.255 1.3635
v 0.426 1.255 1.5395
v 0.438931 1.255 1.524317
v 0.435144 1.265391 1.524317
v 0.426 1.269695 1.524317
v 0.416856 1.265391 1.524317
v 0.413069 1.255 1.524317
v 0.416856 1.244609 1.524317
v 0.426 1.240305 1.524317
v 0.435144 1.244609 1.524317
v 0.446923 1.255 1.484567
v 0.440795 1.271812 1.484567
v 0.426 1.278776 1.484567
v 0.411205 1.271812 1.484567
v 0.405077 1.255 1.484567
v 0.411205 1.238188 1.484567
v 0.426 1.231224 1.484567
v 0.440795 1.238188 1.484567
v 0.446923 1.255 1.435433
v 0.440795 1.271812 1.435433
v 0.426 1.278776 1.435433
v 0.411205 1.271812 1.435433
v 0.405077 1.255 1.435433
v 0.411205 1.238188 1.435433
v 0.426 1.231224 1.435433
v 0.440795 1.238188 1.435433
v 0.438931 1.255 1.395683
v 0.435144 1.265391 1.395683
v 0.426 1.269695 1.395683
v 0.416856 1.265391 1.395683
v 0.413069 1.255 1.395683
v 0.416856 1.244609 1.395683
v 0.426 1.240305 1.395683
v 0.435144 1.244609 1.395683
v 0.426 1.255 1.3805
v 0.2583 1.228349 1.260647
v 0.2417 1.228349 1.239353
v 0.2334 1.25 1.228706
v 0.2417 1.271651 1.239353
v 0.2583 1.271651 1.260647
v 0.2666 1.25 1.271294
v 0.234166 1.271651 1.279208
v 0.244166 1.25 1.288278
v 0.214167 1.271651 1.261069
v 0.204167 1.25 1.252
v 0.214167 1.228349 1.261069
v 0.234166 1.228349 1.279208
v 0.218955 1.271651 1.303369
v 0.231243 1.25 1.308959
v 0.194379 1.271651 1.292187
v 0.182091 1.25 1.286596
v 0.194379 1.228349 1.292187
v 0.218955 1.228349 1.303369
v 0.210823 1.271651 1.33093
v 0.224146 1.25 1.33311
v 0.184177 1.271651 1.32657
v 0.170854 1.25 1.32439
v 0.184177 1.228349 1.32657
v 0.210823 1.228349 1.33093
v 0.21007 1.271651 1.357272
v 0.223472 1.25 1.355656
v 0.183264 1.271651 1.360505
v 0.169861 1.25 1.362122
v 0.183264 1.228349 1.360505
v 0.21007 1.228349 1.357272
v 0.215907 1.271651 1.377364
v 0.227648 1.25 1.3707
v 0.192426 1.271651 1.390691
v 0.180685 1.25 1.397355
v 0.192426 1.228349 1.390691
v 0.215907 1.228349 1.377364
v 0.229588 1.271651 1.390496
v 0.239175 1.25 1.380992
v 0.210412 1.271651 1.409504
v 0.200825 1.25 1.419008
v 0.210412 1.228349 1.409504
v 0.229588 1.228349 1.390496
vn 0.436473 0.30804 0.845342
vn 0.492378 0.366107 0.789639
vn 0.521932 0.318693 0.791215
vn 0.506835 0.274828 0.81706
vn 0.550793 0.39739 0.733967
vn 0.571376 0.361409 0.736827
vn 0.586001 0.405046 0.701812
vn 0.599917 0.387527 0.699944
vn 0.607844 0.396529 0.687961
vn 0.617618 0.393534 0.68094
vn 0.623516 0.378733 0.683951
vn 0.631392 0.383507 0.673993
vn 0.636687 0.356624 0.683703
vn 0.643939 0.363787 0.673054
vn 0.64827 0.33349 0.684493
vn 0.655466 0.340714 0.674001
vn 0.65639 0.310705 0.68747
vn 0.664621 0.319567 0.675393
vn 0.656356 0.287612 0.697479
vn 0.668722 0.303397 0.678794
vn 0.642309 0.262099 0.720238
vn 0.664214 0.291668 0.688295
vn 0.610282 0.232747 0.757222
vn 0.648155 0.2806 0.707926
vn 0.560518 0.198902 0.803901
vn 0.619832 0.264827 0.738698
vn 0.499312 0.162151 0.851114
vn 0.581694 0.239925 0.777218
vn 0.437302 0.125508 0.890514
vn 0.538834 0.204319 0.817258
vn 0.385151 0.091859 0.91827
vn 0.497483 0.15979 0.85263
vn 0.350034 0.062789 0.93463
vn 0.463216 0.110556 0.879323
vn 0.335667 0.037679 0.941227
vn 0.440083 0.06048 0.895918
vn 0.344672 0.015173 0.938601
vn 0.431465 0.012183 0.902047
vn 0.378526 -0.005613 0.925574
vn 0.44048 -0.031577 0.897207
vn 0.435104 -0.025769 0.900011
vn 0.468476 -0.068446 0.880821
vn 0.506791 -0.046182 0.860831
vn 0.513429 -0.097149 0.852615
vn 0.580527 -0.067177 0.811465
vn 0.568782 -0.117582 0.81404
vn 0.642421 -0.088763 0.761194
vn 0.624245 -0.131432 0.770093
vn 0.684068 -0.110258 0.721037
vn 0.669973 -0.140997 0.728873
vn 0.704913 -0.132359 0.696835
vn 0.699567 -0.15079 0.698476
vn 0.710566 -0.155786 0.686168
vn 0.713114 -0.165274 0.681288
vn 0.707827 -0.180579 0.682915
vn 0.715016 -0.18575 0.67398
vn 0.701668 -0.205955 0.682088
vn 0.710588 -0.21026 0.671458
vn 0.694192 -0.230359 0.681933
vn 0.704131 -0.23488 0.670097
vn 0.684726 -0.25168 0.683965
vn 0.69802 -0.255327 0.669011
vn 0.670431 -0.267722 0.691988
vn 0.69231 -0.26839 0.669831
vn 0.647269 -0.276629 0.710295
vn 0.684818 -0.272821 0.675717
vn 0.611598 -0.277247 0.741
vn 0.671451 -0.269786 0.690195
vn 0.561767 -0.270034 0.781984
vn 0.647362 -0.262794 0.715446
vn 0.500412 -0.2577 0.826546
vn 0.609081 -0.256793 0.750385
vn 0.435252 -0.245392 0.866221
vn 0.556536 -0.256867 0.790118
vn 0.376849 -0.239658 0.894734
vn 0.494212 -0.267043 0.827311
vn 0.334122 -0.24874 0.909116
vn 0.428889 -0.291643 0.854985
vn 0.31606 -0.276924 0.907424
vn 0.372562 -0.331809 0.866661
vn 0.323074 -0.322753 0.889637
vn 0.336785 -0.383092 0.860126
vn 0.347682 -0.380004 0.857154
vn 0.32518 -0.438725 0.837722
vn 0.37948 -0.439481 0.814157
vn 0.334743 -0.491516 0.803964
vn 0.4084 -0.49257 0.768495
vn 0.358171 -0.53545 0.764857
vn 0.427613 -0.534591 0.728944
vn 0.385763 -0.567786 0.727191
vn 0.434411 -0.565396 0.701152
vn 0.4081 -0.589771 0.696867
vn 0.42926 -0.587665 0.685847
vn 0.418583 -0.605318 0.677037
vn 0.414705 -0.604769 0.679908
vn 0.415112 -0.618445 0.667239
vn 0.394409 -0.619398 0.678813
vn 0.400011 -0.631421 0.664303
vn 0.372054 -0.632724 0.679144
vn 0.378775 -0.64436 0.664327
vn 0.350272 -0.643637 0.680471
vn 0.358341 -0.655551 0.664714
vn 0.329674 -0.648684 0.685947
vn 0.344238 -0.662037 0.665738
vn 0.308615 -0.643193 0.700757
vn 0.337665 -0.660513 0.6706
vn 0.284129 -0.62346 0.728401
vn 0.334212 -0.648766 0.68367
vn 0.253615 -0.589329 0.767053
vn 0.325384 -0.627274 0.707568
vn 0.216499 -0.546215 0.809183
vn 0.302392 -0.59992 0.740713
vn 0.175171 -0.504784 0.845286
vn 0.260311 -0.573145 0.777009
vn 0.13373 -0.477089 0.868621
vn 0.200543 -0.553939 0.808043
vn 0.095896 -0.471757 0.876498
vn 0.13048 -0.547726 0.826421
vn 0.06389 -0.491372 0.868603
vn 0.060853 -0.557 0.82828
vn 0.0385 -0.532112 0.845798
vn 0.002217 -0.580908 0.813966
vn 0.019352 -0.584799 0.810947
vn -0.0381 -0.615488 0.787224
vn 0.004921 -0.637776 0.770206
vn -0.058059 -0.654443 0.753879
vn -0.007358 -0.68124 0.732024
vn -0.061603 -0.690682 0.72053
vn -0.020513 -0.710399 0.7035
vn -0.057421 -0.718554 0.693096
vn -0.037153 -0.725595 0.687118
vn -0.055638 -0.735683 0.675038
vn -0.058148 -0.730327 0.680619
vn -0.06302 -0.743032 0.666282
vn -0.082664 -0.729051 0.679449
vn -0.080806 -0.74341 0.663937
vn -0.108376 -0.72527 0.679881
vn -0.104832 -0.740097 0.664279
vn -0.132145 -0.719781 0.681508
vn -0.127658 -0.73559 0.66529
vn -0.151024 -0.709984 0.687833
vn -0.142116 -0.730306 0.668174
vn -0.16333 -0.690982 0.704178
vn -0.144927 -0.721888 0.676664
vn -0.169207 -0.658294 0.733497
vn -0.138616 -0.70612 0.694392
vn -0.170868 -0.610913 0.773039
vn -0.130814 -0.679377 0.722035
vn -0.172328 -0.553592 0.814763
vn -0.131184 -0.641199 0.756079
vn -0.178288 -0.496398 0.849589
vn -0.147367 -0.595224 0.789931
vn -0.192728 -0.450553 0.871698
vn -0.18207 -0.547984 0.816434
vn -0.21778 -0.423902 0.879135
vn -0.232552 -0.5067 0.830166
vn -0.253251 -0.418955 0.871975
vn -0.292066 -0.477367 0.828745
vn -0.296546 -0.433092 0.851171
vn -0.352211 -0.463495 0.813093
vn -0.342067 -0.459691 0.819557
vn -0.404131 -0.465674 0.78729
vn -0.385415 -0.489203 0.782391
vn -0.44349 -0.47988 0.756988
vn -0.423802 -0.513899 0.745855
vn -0.47086 -0.499624 0.727095
vn -0.455585 -0.529188 0.715823
vn -0.488615 -0.518499 0.701722
vn -0.481121 -0.533026 0.695993
vn -0.500671 -0.530731 0.683852
vn -0.502178 -0.52616 0.686275
vn -0.511639 -0.532687 0.674144
vn -0.520993 -0.511516 0.683314
vn -0.524942 -0.524127 0.670617
vn -0.539079 -0.492916 0.682955
vn -0.541368 -0.508055 0.669927
vn -0.556023 -0.473339 0.683219
vn -0.55859 -0.489213 0.669812
vn -0.569432 -0.453528 0.685609
vn -0.57247 -0.471715 0.670644
vn -0.575677 -0.432364 0.694015
vn -0.578836 -0.457537 0.674988
vn -0.571376 -0.407689 0.712263
vn -0.575115 -0.445667 0.68602
vn -0.554756 -0.377443 0.741473
vn -0.56132 -0.432569 0.705552
vn -0.526705 -0.340788 0.778746
vn -0.540176 -0.413668 0.732863
vn -0.491292 -0.298918 0.818095
vn -0.516359 -0.385284 0.764807
vn -0.454694 -0.255212 0.8533
vn -0.494661 -0.346497 0.797026
vn -0.421405 -0.214482 0.881144
vn -0.476717 -0.300797 0.825992
vn -0.396955 -0.176598 0.900688
vn -0.464972 -0.24937 0.84948
vn -0.38798 -0.143753 0.910388
vn -0.463723 -0.194493 0.864369
vn -0.400548 -0.117903 0.908658
vn -0.476735 -0.141222 0.867629
vn -0.438326 -0.099702 0.893269
vn -0.50661 -0.094902 0.856937
vn -0.499199 -0.088326 0.861974
vn -0.552551 -0.060066 0.831312
vn -0.569585 -0.083031 0.817728
vn -0.605835 -0.042026 0.79448
vn -0.63245 -0.077936 0.770671
vn -0.65471 -0.037885 0.75493
vn -0.678834 -0.068945 0.731047
vn -0.692523 -0.039096 0.720336
vn -0.707775 -0.054974 0.704296
vn -0.717773 -0.038689 0.695201
vn -0.722708 -0.036121 0.690209
vn -0.732187 -0.032067 0.680349
vn -0.728574 -0.013284 0.684838
vn -0.738937 -0.017299 0.673552
vn -0.729805 0.012097 0.683548
vn -0.741143 0.004638 0.671331
vn -0.729037 0.038259 0.683404
vn -0.741001 0.030406 0.670815
vn -0.726442 0.063286 0.684308
vn -0.739384 0.055435 0.670998
vn -0.719688 0.085174 0.689054
vn -0.735609 0.075224 0.673217
vn -0.704253 0.102323 0.702536
vn -0.727446 0.086867 0.680644
vn -0.674012 0.113202 0.729996
vn -0.711294 0.089473 0.697177
vn -0.622579 0.116846 0.773784
vn -0.68235 0.084916 0.726077
vn -0.547735 0.114034 0.828844
vn -0.636578 0.078366 0.76722
vn -0.458834 0.109176 0.881789
vn -0.574957 0.078219 0.814436
vn -0.377534 0.108329 0.919638
vn -0.50735 0.091738 0.856843
vn -0.322374 0.115995 0.939479
vn -0.447888 0.120249 0.885966
vn -0.299081 0.135265 0.944592
vn -0.405878 0.161788 0.899493
vn -0.305732 0.166732 0.937405
vn -0.384617 0.212673 0.898243
vn -0.33615 0.208861 0.918358
vn -0.383322 0.267688 0.883973
vn -0.381689 0.258041 0.887541
vn -0.398812 0.321166 0.858954
vn -0.432175 0.30721 0.847849
vn -0.427015 0.365873 0.826919
vn -0.476376 0.352678 0.805409
vn -0.459923 0.399722 0.792902
vn -0.508883 0.394906 0.76491
vn -0.489467 0.427648 0.75996
vn -0.529704 0.432472 0.729645
vn -0.513053 0.452521 0.729384
vn -0.537577 0.46383 0.704182
vn -0.528314 0.474496 0.704086
vn -0.544435 0.472749 0.692892
vn -0.535192 0.48175 0.693892
vn 0.58871 0.293568 0.753153
vn 0.57251 0.259634 0.777703
vn 0.619125 0.334704 0.710393
vn 0.633248 0.372053 0.678656
vn 0.641977 0.39058 0.659783
vn 0.651392 0.38838 0.651805
vn 0.662344 0.371206 0.650774
vn 0.673318 0.347416 0.652644
vn 0.68228 0.325452 0.654657
vn 0.687414 0.312085 0.655793
vn 0.687192 0.309599 0.657203
vn 0.680606 0.313824 0.662035
vn 0.667925 0.315805 0.673902
vn 0.651101 0.306216 0.694478
vn 0.632457 0.278501 0.722797
vn 0.613405 0.230904 0.75526
vn 0.594343 0.167034 0.786674
vn 0.575785 0.093551 0.812231
vn 0.559812 0.017676 0.828431
vn 0.550424 -0.052672 0.833222
vn 0.552141 -0.110583 0.826385
vn 0.56795 -0.152172 0.808873
vn 0.597377 -0.176683 0.782256
vn 0.635391 -0.186847 0.749244
vn 0.674478 -0.186519 0.714346
vn 0.705716 -0.183527 0.684311
vn 0.72404 -0.187189 0.663873
vn 0.730061 -0.20164 0.652957
vn 0.727657 -0.22469 0.648097
vn 0.721772 -0.250122 0.645356
vn 0.716899 -0.270935 0.642379
vn 0.715697 -0.282147 0.638882
vn 0.718251 -0.282186 0.635993
vn 0.721185 -0.273743 0.636363
vn 0.718217 -0.263527 0.643985
vn 0.702815 -0.259958 0.662173
vn 0.669952 -0.270295 0.691452
vn 0.617421 -0.298184 0.727927
vn 0.545593 -0.344818 0.763826
vn 0.46324 -0.406007 0.787761
vn 0.388707 -0.470536 0.792151
vn 0.337821 -0.528659 0.778714
vn 0.317374 -0.57524 0.753905
vn 0.325368 -0.608225 0.724015
vn 0.352399 -0.628038 0.693818
vn 0.384594 -0.637864 0.667245
vn 0.408343 -0.643267 0.64766
vn 0.415715 -0.649582 0.636572
vn 0.406388 -0.659184 0.632712
vn 0.386225 -0.671033 0.632887
vn 0.365347 -0.681937 0.633627
vn 0.354092 -0.688288 0.63315
vn 0.357633 -0.687314 0.632217
vn 0.371948 -0.678193 0.633805
vn 0.384319 -0.663386 0.642042
vn 0.379128 -0.648508 0.660075
vn 0.344398 -0.639463 0.68737
vn 0.275951 -0.638944 0.718054
vn 0.180027 -0.645526 0.742218
vn 0.073445 -0.656096 0.751095
vn -0.022089 -0.669227 0.74273
vn -0.089411 -0.685801 0.722276
vn -0.121671 -0.706473 0.697203
vn -0.122614 -0.729226 0.673198
vn -0.104585 -0.749633 0.653539
vn -0.084599 -0.763697 0.640008
vn -0.076467 -0.770323 0.633052
vn -0.085422 -0.770715 0.631428
vn -0.106963 -0.767124 0.632519
vn -0.129752 -0.762236 0.634162
vn -0.141608 -0.75829 0.636352
vn -0.13613 -0.755341 0.641037
vn -0.116826 -0.750453 0.650517
vn -0.096405 -0.73951 0.666206
vn -0.091043 -0.720066 0.687907
vn -0.113176 -0.691885 0.713082
vn -0.166666 -0.655741 0.73636
vn -0.245376 -0.61346 0.750638
vn -0.334986 -0.569522 0.750619
vn -0.418617 -0.531391 0.736467
vn -0.482255 -0.507263 0.714223
vn -0.521548 -0.500175 0.691241
vn -0.5399 -0.507298 0.671683
vn -0.542981 -0.52267 0.657257
vn -0.538515 -0.53811 0.648413
vn -0.535236 -0.545988 0.64453
vn -0.53949 -0.542507 0.643923
vn -0.552418 -0.528909 0.644275
vn -0.569606 -0.510432 0.644212
vn -0.584213 -0.493441 0.644369
vn -0.590348 -0.482956 0.646717
vn -0.585486 -0.479952 0.653339
vn -0.57128 -0.480666 0.665281
vn -0.553047 -0.478134 0.682295
vn -0.537785 -0.465019 0.703239
vn -0.530834 -0.436521 0.726405
vn -0.531686 -0.393374 0.750045
vn -0.539961 -0.335015 0.772144
vn -0.556767 -0.262403 0.788134
vn -0.581205 -0.18266 0.792992
vn -0.611969 -0.10639 0.783694
vn -0.64719 -0.04493 0.761004
vn -0.681616 -0.010143 0.731639
vn -0.710454 -0.001524 0.703742
vn -0.73217 -0.008033 0.681074
vn -0.746789 -0.018451 0.664805
vn -0.755505 -0.023526 0.654721
vn -0.760137 -0.017613 0.649524
vn -0.762185 -6.4e-05 0.647359
vn -0.762458 0.025147 0.646549
vn -0.761287 0.05117 0.646393
vn -0.758579 0.070691 0.647735
vn -0.753602 0.078796 0.652591
vn -0.744955 0.074076 0.66299
vn -0.730046 0.060343 0.680729
vn -0.70604 0.046926 0.706615
vn -0.672024 0.047172 0.739026
vn -0.630655 0.071614 0.772752
vn -0.586626 0.120793 0.800799
vn -0.543981 0.188532 0.817643
vn -0.506415 0.265226 0.820487
vn -0.477828 0.339648 0.810136
vn -0.461772 0.402553 0.790391
vn -0.461543 0.445875 0.766925
vn -0.474204 0.469628 0.744701
vn -0.491558 0.483218 0.72448
vn -0.509639 0.493174 0.705016
vn -0.525461 0.50188 0.687028
vn -0.534546 0.503327 0.678913
vn 0.626739 0.261639 0.733992
vn 0.610346 0.234855 0.756519
vn 0.652657 0.304877 0.693606
vn 0.661102 0.354509 0.661262
vn 0.664717 0.385851 0.639742
vn 0.670896 0.391801 0.629596
vn 0.680308 0.37777 0.628069
vn 0.690651 0.353647 0.630821
vn 0.69939 0.329898 0.634051
vn 0.704852 0.315928 0.635117
vn 0.706088 0.316725 0.633345
vn 0.702542 0.328933 0.631061
vn 0.694676 0.341629 0.63302
vn 0.684632 0.342467 0.643425
vn 0.674559 0.321756 0.664412
vn 0.664601 0.275284 0.69464
vn 0.652664 0.205441 0.729262
vn 0.636529 0.119645 0.761916
vn 0.616582 0.027427 0.786813
vn 0.596945 -0.060232 0.800018
vn 0.584207 -0.133432 0.800561
vn 0.584623 -0.186481 0.789583
vn 0.601297 -0.217874 0.768748
vn 0.632059 -0.230234 0.739928
vn 0.671002 -0.226607 0.705978
vn 0.707524 -0.215501 0.673029
vn 0.732446 -0.210228 0.647555
vn 0.743488 -0.218578 0.63202
vn 0.743612 -0.239467 0.624257
vn 0.738257 -0.265534 0.620055
vn 0.733338 -0.287697 0.615992
vn 0.733279 -0.29919 0.610564
vn 0.739812 -0.297322 0.603554
vn 0.750213 -0.284707 0.59676
vn 0.757284 -0.26947 0.594901
vn 0.752937 -0.262297 0.603561
vn 0.730177 -0.272705 0.626478
vn 0.683774 -0.305716 0.662564
vn 0.609879 -0.362354 0.704803
vn 0.512719 -0.436711 0.739191
vn 0.412769 -0.512746 0.752804
vn 0.334916 -0.576889 0.745003
vn 0.293892 -0.62449 0.72363
vn 0.291663 -0.655731 0.696384
vn 0.319385 -0.672335 0.667801
vn 0.360544 -0.677659 0.640926
vn 0.396329 -0.677816 0.619265
vn 0.413994 -0.679503 0.605711
vn 0.410857 -0.686139 0.600342
vn 0.392483 -0.696735 0.600431
vn 0.3707 -0.707397 0.601807
vn 0.359238 -0.713765 0.601238
vn 0.366931 -0.71265 0.597906
vn 0.391366 -0.703058 0.593753
vn 0.417703 -0.687946 0.59351
vn 0.425895 -0.674551 0.602987
vn 0.399469 -0.670455 0.625231
vn 0.33 -0.678075 0.656745
vn 0.220652 -0.692634 0.68671
vn 0.089954 -0.706154 0.702321
vn -0.03271 -0.71506 0.698298
vn -0.121951 -0.72293 0.680074
vn -0.166722 -0.735193 0.657035
vn -0.169772 -0.753089 0.635637
vn -0.144464 -0.772473 0.618398
vn -0.111652 -0.787476 0.606148
vn -0.090599 -0.795273 0.599443
vn -0.090815 -0.796357 0.59797
vn -0.109081 -0.792765 0.599687
vn -0.132146 -0.78738 0.602137
vn -0.144007 -0.783469 0.604514
vn -0.134716 -0.782509 0.607891
vn -0.106725 -0.782134 0.613902
vn -0.075192 -0.777642 0.624194
vn -0.060804 -0.765833 0.640159
vn -0.080162 -0.745595 0.66156
vn -0.139656 -0.715553 0.684456
vn -0.233195 -0.673966 0.700992
vn -0.342792 -0.622669 0.703404
vn -0.445316 -0.57036 0.690205
vn -0.521789 -0.530176 0.668318
vn -0.566913 -0.510039 0.646892
vn -0.585174 -0.509749 0.630655
vn -0.583188 -0.524089 0.620664
vn -0.570035 -0.54355 0.616128
vn -0.557082 -0.55758 0.615438
vn -0.553749 -0.559497 0.616705
vn -0.562934 -0.548933 0.617882
vn -0.579744 -0.531142 0.617887
vn -0.595536 -0.513801 0.617532
vn -0.602558 -0.504107 0.618709
vn -0.597258 -0.504817 0.623252
vn -0.581324 -0.512544 0.631951
vn -0.561178 -0.51914 0.64465
vn -0.545569 -0.515234 0.660975
vn -0.541242 -0.49394 0.6805
vn -0.547522 -0.454422 0.702652
vn -0.563403 -0.39444 0.725944
vn -0.589071 -0.312888 0.745048
vn -0.621067 -0.216774 0.753183
vn -0.65529 -0.119626 0.745845
vn -0.68874 -0.038009 0.724012
vn -0.717614 0.010526 0.696362
vn -0.740261 0.024371 0.671878
vn -0.757181 0.015812 0.653014
vn -0.768768 -0.001615 0.639526
vn -0.775909 -0.015564 0.630653
vn -0.780065 -0.017311 0.625458
vn -0.782341 -0.004295 0.622835
vn -0.783064 0.019801 0.621626
vn -0.782233 0.046972 0.621213
vn -0.779861 0.067914 0.622258
vn -0.775776 0.075825 0.626436
vn -0.769566 0.06794 0.634943
vn -0.759537 0.048195 0.648676
vn -0.743292 0.027744 0.668392
vn -0.719554 0.022984 0.694056
vn -0.688933 0.047542 0.723264
vn -0.652289 0.103541 0.750865
vn -0.610023 0.184149 0.770689
vn -0.564398 0.276804 0.777711
vn -0.521081 0.365922 0.771087
vn -0.487672 0.438932 0.754662
vn -0.472325 0.486064 0.73529
vn -0.475111 0.50776 0.718645
vn -0.486994 0.51627 0.704487
vn -0.503005 0.520575 0.689919
vn -0.520503 0.523712 0.674391
vn -0.532186 0.522312 0.666309
vn 0.657906 0.233248 0.71607
vn 0.640639 0.214582 0.737249
vn 0.682595 0.275579 0.676846
vn 0.687814 0.335375 0.643766
vn 0.687288 0.379026 0.619656
vn 0.690244 0.393508 0.607219
vn 0.697878 0.383336 0.604996
vn 0.707438 0.359478 0.608529
vn 0.715943 0.333788 0.613198
vn 0.721679 0.31771 0.615012
vn 0.723966 0.318921 0.611688
vn 0.722356 0.335786 0.604524
vn 0.717223 0.356467 0.598767
vn 0.710905 0.366345 0.600338
vn 0.705996 0.353101 0.613913
vn 0.702476 0.310321 0.640491
vn 0.696788 0.238785 0.676364
vn 0.684237 0.145651 0.714567
vn 0.663007 0.041687 0.747452
vn 0.636489 -0.059896 0.768957
vn 0.612528 -0.146616 0.776732
vn 0.600002 -0.211019 0.771666
vn 0.605062 -0.250821 0.755638
vn 0.628226 -0.268369 0.730281
vn 0.665898 -0.265112 0.697349
vn 0.707044 -0.248595 0.662035
vn 0.738659 -0.235197 0.631716
vn 0.755194 -0.236863 0.61121
vn 0.758362 -0.254646 0.600036
vn 0.753736 -0.280857 0.594139
vn 0.748264 -0.304718 0.589278
vn 0.747882 -0.317685 0.58288
vn 0.755986 -0.315666 0.573446
vn 0.770837 -0.300505 0.5617
vn 0.784782 -0.280849 0.552486
vn 0.788671 -0.269018 0.552836
vn 0.77442 -0.276636 0.568987
vn 0.735122 -0.310563 0.602616
vn 0.663847 -0.372596 0.648444
vn 0.559253 -0.456881 0.691734
vn 0.440042 -0.543721 0.714654
vn 0.338305 -0.614639 0.712579
vn 0.27717 -0.664512 0.693974
vn 0.263041 -0.695723 0.668415
vn 0.288428 -0.711367 0.640911
vn 0.335659 -0.714542 0.613811
vn 0.381842 -0.711115 0.590349
vn 0.409504 -0.708799 0.574379
vn 0.413216 -0.712352 0.56728
vn 0.397546 -0.721403 0.56704
vn 0.375039 -0.731753 0.569107
vn 0.36198 -0.738349 0.569045
vn 0.370813 -0.737385 0.564589
vn 0.401741 -0.72725 0.556517
vn 0.43921 -0.71069 0.549558
vn 0.459753 -0.696178 0.551329
vn 0.443288 -0.693543 0.567886
vn 0.377789 -0.706469 0.598479
vn 0.262304 -0.728493 0.632847
vn 0.114002 -0.746832 0.655168
vn -0.032241 -0.754046 0.65603
vn -0.142685 -0.755069 0.639931
vn -0.201574 -0.759908 0.617987
vn -0.210281 -0.773404 0.59802
vn -0.181967 -0.792218 0.582477
vn -0.139487 -0.808763 0.571355
vn -0.106583 -0.818223 0.564934
vn -0.097443 -0.820303 0.563568
vn -0.111334 -0.816957 0.56585
vn -0.134392 -0.81116 0.569173
vn -0.147576 -0.806847 0.572031
vn -0.137195 -0.806734 0.574767
vn -0.10345 -0.809135 0.578445
vn -0.062435 -0.808863 0.584673
vn -0.038331 -0.802188 0.59584
vn -0.051564 -0.787957 0.613567
vn -0.111477 -0.763956 0.635566
vn -0.213623 -0.725607 0.65411
vn -0.338591 -0.671138 0.659492
vn -0.45808 -0.608523 0.647968
vn -0.547723 -0.554622 0.626414
vn -0.600628 -0.522052 0.605564
vn -0.621908 -0.51357 0.591166
vn -0.618532 -0.525401 0.58427
vn -0.599922 -0.547606 0.583285
vn -0.579081 -0.567261 0.58556
vn -0.568373 -0.574786 0.588705
vn -0.573179 -0.567873 0.590751
vn -0.589047 -0.551275 0.590864
vn -0.606102 -0.533385 0.590035
vn -0.614805 -0.523199 0.590151
vn -0.610228 -0.525364 0.592971
vn -0.593444 -0.537417 0.599173
vn -0.571246 -0.550713 0.608599
vn -0.553697 -0.554446 0.621296
vn -0.549078 -0.540154 0.637767
vn -0.557324 -0.505668 0.658551
vn -0.57756 -0.447198 0.682963
vn -0.609734 -0.361399 0.705419
vn -0.648481 -0.25391 0.717636
vn -0.6869 -0.139718 0.713195
vn -0.720345 -0.039887 0.692468
vn -0.745954 0.022491 0.665617
vn -0.764726 0.043534 0.642884
vn -0.778804 0.035893 0.62624
vn -0.788786 0.014254 0.614502
vn -0.795174 -0.006816 0.606343
vn -0.799138 -0.015747 0.600941
vn -0.801647 -0.007718 0.597748
vn -0.802794 0.014546 0.596079
vn -0.802281 0.042601 0.595424
vn -0.800038 0.065676 0.596344
vn -0.796206 0.075232 0.60033
vn -0.791163 0.066845 0.607941
vn -0.783972 0.043726 0.619254
vn -0.772593 0.017652 0.634657
vn -0.755671 0.00691 0.654915
vn -0.732966 0.027774 0.679698
vn -0.703159 0.084843 0.705952
vn -0.663634 0.172401 0.72792
vn -0.614243 0.276655 0.739032
vn -0.560723 0.378498 0.73643
vn -0.513535 0.461721 0.723253
vn -0.48517 0.514268 0.707205
vn -0.478745 0.536411 0.695029
vn -0.484768 0.54261 0.685984
vn -0.497454 0.544086 0.675655
vn -0.514967 0.544273 0.66225
vn -0.528403 0.541245 0.654098
vn 0.684806 0.209301 0.698021
vn 0.666354 0.199899 0.71834
vn 0.709924 0.247547 0.659339
vn 0.713598 0.314982 0.625751
vn 0.709724 0.370163 0.599393
vn 0.709452 0.393446 0.584703
vn 0.715066 0.387793 0.581633
vn 0.723669 0.364877 0.585805
vn 0.731889 0.337468 0.591992
vn 0.737869 0.318512 0.595063
vn 0.741055 0.318172 0.591273
vn 0.740952 0.337158 0.580788
vn 0.737637 0.363678 0.568885
vn 0.733498 0.381437 0.562572
vn 0.731775 0.375777 0.568592
vn 0.732961 0.338258 0.590212
vn 0.732899 0.267951 0.625349
vn 0.724879 0.17113 0.667281
vn 0.704623 0.058939 0.70713
vn 0.674001 -0.053968 0.736757
vn 0.641256 -0.152875 0.751944
vn 0.617328 -0.228459 0.752803
vn 0.611089 -0.277541 0.741311
vn 0.625648 -0.302198 0.719195
vn 0.660249 -0.302074 0.687621
vn 0.704708 -0.282602 0.650786
vn 0.742734 -0.262043 0.616182
vn 0.76509 -0.256586 0.590594
vn 0.7718 -0.270299 0.575554
vn 0.768241 -0.295966 0.567635
vn 0.762045 -0.321513 0.562065
vn 0.760443 -0.336662 0.555324
vn 0.768492 -0.335779 0.544677
vn 0.785759 -0.319497 0.529627
vn 0.804565 -0.296278 0.514679
vn 0.814951 -0.279516 0.507667
vn 0.808116 -0.282753 0.516719
vn 0.776354 -0.314854 0.546023
vn 0.710921 -0.378837 0.592515
vn 0.605004 -0.470306 0.642481
vn 0.47217 -0.567463 0.674567
vn 0.349108 -0.645976 0.678851
vn 0.267837 -0.698923 0.663151
vn 0.239997 -0.730819 0.638988
vn 0.260044 -0.746541 0.612416
vn 0.310327 -0.748991 0.585414
vn 0.365065 -0.743218 0.560674
vn 0.402273 -0.737432 0.542559
vn 0.413382 -0.737802 0.533633
vn 0.401358 -0.744995 0.532817
vn 0.37865 -0.754882 0.535516
vn 0.36331 -0.761813 0.536327
vn 0.371175 -0.761301 0.531649
vn 0.405804 -0.75091 0.521016
vn 0.452179 -0.732643 0.508693
vn 0.484189 -0.715657 0.503385
vn 0.4786 -0.712152 0.513596
vn 0.420455 -0.728093 0.541385
vn 0.304549 -0.756909 0.57822
vn 0.144277 -0.781694 0.606744
vn -0.02259 -0.789611 0.613192
vn -0.153902 -0.785216 0.599792
vn -0.22824 -0.782864 0.578818
vn -0.245298 -0.79153 0.55974
vn -0.217468 -0.809406 0.545499
vn -0.168184 -0.827609 0.535517
vn -0.124547 -0.839092 0.529539
vn -0.105551 -0.842467 0.528307
vn -0.113926 -0.839622 0.53109
vn -0.136344 -0.833584 0.535303
vn -0.151523 -0.828681 0.538822
vn -0.142061 -0.828734 0.541312
vn -0.105041 -0.83292 0.543333
vn -0.056192 -0.8357 0.546303
vn -0.022316 -0.83277 0.553169
vn -0.027396 -0.823252 0.567015
vn -0.083842 -0.805022 0.58729
vn -0.189756 -0.771605 0.60714
vn -0.326202 -0.717286 0.615705
vn -0.461019 -0.647551 0.606744
vn -0.564042 -0.581642 0.586131
vn -0.62595 -0.536787 0.565727
vn -0.652162 -0.519098 0.552469
vn -0.649894 -0.526798 0.547833
vn -0.628356 -0.550301 0.549852
vn -0.601269 -0.574911 0.554935
vn -0.583508 -0.588168 0.55998
vn -0.58337 -0.585485 0.562926
vn -0.597636 -0.570671 0.563175
vn -0.615769 -0.552346 0.56191
vn -0.626616 -0.540946 0.561007
vn -0.623704 -0.543047 0.562221
vn -0.607064 -0.557544 0.566231
vn -0.583285 -0.575853 0.572863
vn -0.563285 -0.58613 0.582376
vn -0.55685 -0.578591 0.595946
vn -0.565029 -0.549862 0.615137
vn -0.587529 -0.494883 0.640235
vn -0.624482 -0.408255 0.665845
vn -0.669246 -0.293457 0.682637
vn -0.712246 -0.16551 0.682138
vn -0.746703 -0.049075 0.663345
vn -0.770187 0.027293 0.637234
vn -0.786096 0.057126 0.615459
vn -0.798166 0.052822 0.600118
vn -0.807234 0.02939 0.589499
vn -0.813356 0.002826 0.581759
vn -0.817334 -0.012772 0.576022
vn -0.82008 -0.010098 0.57216
vn -0.821623 0.009605 0.56995
vn -0.821426 0.038052 0.569044
vn -0.819226 0.06348 0.569946
vn -0.815312 0.075829 0.574035
vn -0.810746 0.068891 0.58133
vn -0.805335 0.044601 0.59114
vn -0.797377 0.014426 0.60331
vn -0.785477 -0.002411 0.618886
vn -0.769051 0.012585 0.639064
vn -0.745684 0.066899 0.662932
vn -0.710526 0.157004 0.685932
vn -0.660627 0.269323 0.700741
vn -0.600375 0.382215 0.702468
vn -0.541906 0.475652 0.692887
vn -0.501646 0.534667 0.68006
vn -0.485995 0.558837 0.671945
vn -0.485432 0.564395 0.667694
vn -0.493427 0.564786 0.661473
vn -0.509164 0.563866 0.650236
vn -0.523347 0.5602 0.642094
vn 0.70854 0.190309 0.679525
vn 0.688815 0.191135 0.699286
vn 0.73494 0.221572 0.640912
vn 0.738345 0.293885 0.607025
vn 0.73192 0.359473 0.578854
vn 0.728491 0.391636 0.562069
vn 0.73188 0.391058 0.558054
vn 0.739344 0.369769 0.562709
vn 0.747198 0.341088 0.570398
vn 0.753384 0.318965 0.575042
vn 0.757383 0.315701 0.57158
vn 0.758592 0.334719 0.559018
vn 0.756658 0.365162 0.542333
vn 0.753813 0.389652 0.52909
vn 0.753924 0.39141 0.527633
vn 0.758398 0.360071 0.543307
vn 0.763205 0.293026 0.575894
vn 0.760234 0.195355 0.61958
vn 0.742776 0.077917 0.664991
vn 0.710563 -0.043982 0.702258
vn 0.671332 -0.153817 0.72502
vn 0.637455 -0.240288 0.73206
vn 0.62024 -0.299106 0.725147
vn 0.625283 -0.332074 0.706221
vn 0.654943 -0.337147 0.6763
vn 0.701027 -0.317005 0.638803
vn 0.744818 -0.290517 0.600704
vn 0.773136 -0.277765 0.570181
vn 0.783829 -0.286509 0.550931
vn 0.781747 -0.310812 0.540617
vn 0.774891 -0.337769 0.534282
vn 0.771542 -0.355467 0.527603
vn 0.77836 -0.356665 0.516669
vn 0.796467 -0.340511 0.499693
vn 0.818598 -0.314693 0.480485
vn 0.834185 -0.293133 0.467127
vn 0.833816 -0.291054 0.469083
vn 0.809494 -0.319367 0.492671
vn 0.751838 -0.382463 0.537087
vn 0.649573 -0.478398 0.590923
vn 0.508788 -0.585234 0.631376
vn 0.367305 -0.672334 0.642693
vn 0.266039 -0.729243 0.630418
vn 0.222935 -0.762245 0.607686
vn 0.234922 -0.778501 0.582021
vn 0.285228 -0.781105 0.555446
vn 0.346414 -0.773996 0.530025
vn 0.39245 -0.7653 0.510196
vn 0.411318 -0.762454 0.499481
vn 0.403844 -0.767483 0.497875
vn 0.381666 -0.7767 0.501066
vn 0.363853 -0.783993 0.502958
vn 0.369236 -0.784173 0.498735
vn 0.405205 -0.773924 0.486673
vn 0.458456 -0.754117 0.470241
vn 0.500999 -0.733958 0.458592
vn 0.50666 -0.727844 0.462103
vn 0.45809 -0.744643 0.485449
vn 0.346318 -0.779105 0.52255
vn 0.179401 -0.811487 0.556151
vn -0.004999 -0.822558 0.56866
vn -0.156804 -0.814347 0.558795
vn -0.247676 -0.805001 0.539101
vn -0.275181 -0.808166 0.520714
vn -0.250763 -0.824356 0.507498
vn -0.197438 -0.844013 0.498659
vn -0.144428 -0.857783 0.493304
vn -0.115322 -0.862766 0.492276
vn -0.117089 -0.860682 0.495496
vn -0.137999 -0.854621 0.500579
vn -0.155372 -0.849091 0.504881
vn -0.148324 -0.848853 0.507394
vn -0.110222 -0.854144 0.508222
vn -0.055256 -0.859268 0.508532
vn -0.01196 -0.859204 0.511493
vn -0.007639 -0.853351 0.521281
vn -0.057776 -0.840314 0.539013
vn -0.163437 -0.812742 0.55923
vn -0.30768 -0.761244 0.570825
vn -0.456091 -0.687387 0.565227
vn -0.572579 -0.611178 0.546457
vn -0.644373 -0.554257 0.526861
vn -0.676804 -0.526497 0.514526
vn -0.677439 -0.528542 0.511586
vn -0.655093 -0.551817 0.516092
vn -0.623438 -0.580528 0.523748
vn -0.599192 -0.599488 0.530644
vn -0.593709 -0.601536 0.534475
vn -0.605682 -0.589129 0.534861
vn -0.624515 -0.570685 0.533197
vn -0.6377 -0.55771 0.531318
vn -0.637157 -0.558659 0.530972
vn -0.621599 -0.574122 0.532916
vn -0.596943 -0.596067 0.536994
vn -0.574505 -0.61195 0.543563
vn -0.565434 -0.610799 0.554265
vn -0.572253 -0.588072 0.571575
vn -0.595528 -0.53774 0.59681
vn -0.63578 -0.45279 0.625112
vn -0.685687 -0.334188 0.646647
vn -0.733359 -0.195714 0.651061
vn -0.769553 -0.064413 0.635325
vn -0.791689 0.02591 0.610375
vn -0.805285 0.065755 0.58923
vn -0.815718 0.066783 0.574582
vn -0.824221 0.04372 0.564578
vn -0.830411 0.013279 0.556992
vn -0.834601 -0.008335 0.550791
vn -0.837612 -0.011239 0.54615
vn -0.839523 0.005216 0.543299
vn -0.839646 0.033427 0.542104
vn -0.837467 0.061094 0.543061
vn -0.833281 0.076892 0.547476
vn -0.828742 0.072844 0.55487
vn -0.824425 0.049252 0.563824
vn -0.819008 0.016528 0.573544
vn -0.811014 -0.006039 0.584996
vn -0.799682 0.001837 0.600421
vn -0.782211 0.050709 0.620947
vn -0.752369 0.139855 0.643725
vn -0.704501 0.257061 0.661512
vn -0.640563 0.379311 0.667684
vn -0.573073 0.482839 0.662159
vn -0.521863 0.54915 0.652758
vn -0.496894 0.576547 0.648606
vn -0.489099 0.582634 0.649092
vn -0.491204 0.583123 0.647059
vn -0.503425 0.582503 0.638164
vn -0.517263 0.579052 0.630189
vn 0.729756 0.176636 0.660497
vn 0.708769 0.188399 0.679818
vn 0.757807 0.198441 0.621571
vn 0.761883 0.272764 0.587481
vn 0.753721 0.347278 0.557945
vn 0.747311 0.38816 0.539312
vn 0.74832 0.39308 0.534327
vn 0.754466 0.374068 0.53931
vn 0.761855 0.344692 0.548419
vn 0.7682 0.319457 0.554812
vn 0.772946 0.312356 0.552258
vn 0.775361 0.329666 0.538642
vn 0.774609 0.362241 0.518423
vn 0.772564 0.392271 0.499268
vn 0.773556 0.401077 0.49066
vn 0.780099 0.376397 0.499771
vn 0.788866 0.314008 0.528289
vn 0.791012 0.217692 0.571761
vn 0.777693 0.097583 0.621024
vn 0.746143 -0.031087 0.665059
vn 0.702722 -0.150542 0.695356
vn 0.660486 -0.247474 0.708883
vn 0.632844 -0.316209 0.706768
vn 0.627777 -0.358185 0.691086
vn 0.650811 -0.369914 0.66303
vn 0.696626 -0.35115 0.625624
vn 0.745172 -0.320215 0.584962
vn 0.779358 -0.30033 0.549912
vn 0.794369 -0.303347 0.526269
vn 0.794197 -0.325397 0.513193
vn 0.786912 -0.353285 0.505924
vn 0.781578 -0.373634 0.499533
vn 0.786319 -0.377583 0.489012
vn 0.80398 -0.362644 0.47128
vn 0.828148 -0.335248 0.449199
vn 0.84788 -0.309301 0.430619
vn 0.853127 -0.301412 0.425824
vn 0.835815 -0.324511 0.442838
vn 0.786831 -0.384345 0.482882
vn 0.691961 -0.481964 0.537495
vn 0.548837 -0.597415 0.584699
vn 0.39249 -0.69414 0.603424
vn 0.271786 -0.756161 0.595276
vn 0.212193 -0.79071 0.57424
vn 0.213747 -0.807661 0.549542
vn 0.261146 -0.810901 0.523681
vn 0.326441 -0.803274 0.498184
vn 0.380277 -0.792261 0.477191
vn 0.407039 -0.786265 0.464872
vn 0.404922 -0.788854 0.462328
vn 0.384132 -0.79715 0.465826
vn 0.364022 -0.804764 0.468874
vn 0.365885 -0.805817 0.465604
vn 0.401146 -0.796121 0.453071
vn 0.459293 -0.775196 0.433729
vn 0.511332 -0.751639 0.416628
vn 0.528247 -0.741634 0.413441
vn 0.490604 -0.757266 0.43111
vn 0.386478 -0.795749 0.466281
vn 0.217963 -0.836194 0.503261
vn 0.019544 -0.852817 0.521844
vn -0.152118 -0.842734 0.516391
vn -0.260416 -0.826809 0.498568
vn -0.300025 -0.823819 0.480945
vn -0.281474 -0.837377 0.468586
vn -0.226768 -0.858011 0.460861
vn -0.166019 -0.874207 0.456288
vn -0.126866 -0.881118 0.455562
vn -0.121064 -0.880062 0.459167
vn -0.139451 -0.874221 0.465071
vn -0.158836 -0.868132 0.470232
vn -0.155266 -0.867292 0.472966
vn -0.118033 -0.873156 0.472935
vn -0.05874 -0.880146 0.471055
vn -0.006698 -0.882386 0.470479
vn 0.007721 -0.879341 0.47613
vn -0.03403 -0.870708 0.490622
vn -0.136083 -0.849236 0.510176
vn -0.28455 -0.802587 0.524295
vn -0.444557 -0.727488 0.522619
vn -0.574408 -0.642889 0.506704
vn -0.656782 -0.574359 0.48862
vn -0.696347 -0.535919 0.477379
vn -0.701169 -0.530977 0.475842
vn -0.679782 -0.552471 0.482362
vn -0.645264 -0.584222 0.492258
vn -0.615376 -0.608651 0.500856
vn -0.604365 -0.615811 0.505489
vn -0.613381 -0.60643 0.505971
vn -0.632398 -0.588317 0.50394
vn -0.647887 -0.573672 0.501142
vn -0.650191 -0.572693 0.499274
vn -0.636536 -0.587897 0.499198
vn -0.611802 -0.61226 0.500836
vn -0.58725 -0.632873 0.504589
vn -0.575179 -0.637655 0.512411
vn -0.579854 -0.620851 0.527555
vn -0.602861 -0.57572 0.552364
vn -0.64513 -0.494195 0.582734
vn -0.699151 -0.374793 0.608866
vn -0.751287 -0.229048 0.618954
vn -0.789751 -0.084917 0.607522
vn -0.811181 0.019064 0.584484
vn -0.822824 0.069824 0.56399
vn -0.831752 0.077818 0.549666
vn -0.839814 0.057068 0.539866
vn -0.846287 0.024377 0.532169
vn -0.850876 -0.002446 0.52536
vn -0.854209 -0.010986 0.519813
vn -0.856471 0.001615 0.516193
vn -0.856917 0.028891 0.514644
vn -0.854771 0.058444 0.515703
vn -0.850214 0.077965 0.520631
vn -0.845386 0.077821 0.528457
vn -0.841649 0.056499 0.537061
vn -0.838151 0.022762 0.544963
vn -0.833306 -0.004836 0.552791
vn -0.826155 -0.004703 0.563423
vn -0.813918 0.036849 0.579811
vn -0.789774 0.122218 0.601099
vn -0.745835 0.24138 0.62086
vn -0.680955 0.371168 0.631296
vn -0.606697 0.484489 0.63023
vn -0.545544 0.558796 0.624603
vn -0.511239 0.590451 0.624502
vn -0.495732 0.597975 0.629821
vn -0.490994 0.599387 0.632187
vn -0.498101 0.600132 0.625889
vn -0.510469 0.597622 0.618279
vn 0.748902 0.168547 0.640889
vn 0.726667 0.191698 0.659703
vn 0.778678 0.178878 0.601384
vn 0.78406 0.252365 0.567065
vn 0.774951 0.333989 0.536565
vn 0.76584 0.38316 0.516409
vn 0.764376 0.393849 0.510502
vn 0.769037 0.377691 0.515686
vn 0.775851 0.348259 0.526089
vn 0.7823 0.320212 0.534295
vn 0.787735 0.308745 0.533057
vn 0.791286 0.322925 0.519217
vn 0.791637 0.355946 0.496601
vn 0.790153 0.390261 0.472604
vn 0.791381 0.405592 0.457396
vn 0.798962 0.387756 0.459679
vn 0.810689 0.330947 0.482967
vn 0.817626 0.237668 0.524407
vn 0.809277 0.117098 0.575638
vn 0.780311 -0.016209 0.625182
vn 0.734972 -0.143872 0.662658
vn 0.686158 -0.250691 0.682892
vn 0.648936 -0.329329 0.685875
vn 0.63355 -0.380654 0.673585
vn 0.648607 -0.399985 0.647549
vn 0.692213 -0.384336 0.61084
vn 0.744168 -0.350603 0.568587
vn 0.783846 -0.324112 0.529657
vn 0.803369 -0.320857 0.501646
vn 0.805516 -0.339759 0.485497
vn 0.798148 -0.367942 0.477051
vn 0.790821 -0.390827 0.471017
vn 0.792923 -0.397966 0.461406
vn 0.809081 -0.385166 0.443887
vn 0.834145 -0.357238 0.420218
vn 0.8571 -0.327534 0.397619
vn 0.867213 -0.313683 0.38671
vn 0.85632 -0.330557 0.396797
vn 0.816137 -0.385176 0.430766
vn 0.73113 -0.48169 0.483139
vn 0.590898 -0.604098 0.534701
vn 0.423966 -0.71129 0.560641
vn 0.284969 -0.779864 0.557319
vn 0.208017 -0.816602 0.538414
vn 0.197123 -0.834319 0.514834
vn 0.238868 -0.838392 0.48994
vn 0.305774 -0.830865 0.464936
vn 0.366075 -0.818154 0.443411
vn 0.400611 -0.80918 0.429812
vn 0.404528 -0.809101 0.426277
vn 0.386033 -0.816197 0.429885
vn 0.364084 -0.824036 0.434058
vn 0.361802 -0.826079 0.43208
vn 0.394593 -0.81732 0.419862
vn 0.455656 -0.795854 0.398741
vn 0.516018 -0.769056 0.377198
vn 0.543934 -0.754303 0.367644
vn 0.517937 -0.766944 0.378865
vn 0.423999 -0.807469 0.410145
vn 0.258508 -0.855635 0.448399
vn 0.050085 -0.87992 0.472475
vn -0.140348 -0.870266 0.472164
vn -0.266777 -0.848529 0.456978
vn -0.319838 -0.838885 0.440427
vn -0.309183 -0.848801 0.428885
vn -0.2556 -0.869706 0.422232
vn -0.188993 -0.888305 0.418564
vn -0.14021 -0.897444 0.418253
vn -0.12607 -0.897691 0.422206
vn -0.140852 -0.892324 0.428857
vn -0.161764 -0.885821 0.434917
vn -0.162343 -0.884182 0.438026
vn -0.127684 -0.890163 0.437387
vn -0.065915 -0.898649 0.433688
vn -0.006082 -0.902844 0.429925
vn 0.018711 -0.901937 0.431462
vn -0.013177 -0.89683 0.442179
vn -0.10887 -0.881186 0.460064
vn -0.258141 -0.840757 0.47591
vn -0.42742 -0.767116 0.478378
vn -0.57027 -0.676288 0.466291
vn -0.663785 -0.596918 0.450642
vn -0.711169 -0.547502 0.440999
vn -0.721088 -0.534489 0.440855
vn -0.702076 -0.552689 0.449025
vn -0.666361 -0.586221 0.460769
vn -0.631925 -0.615632 0.470816
vn -0.615462 -0.628128 0.47609
vn -0.620938 -0.622345 0.476574
vn -0.639531 -0.605104 0.474183
vn -0.657105 -0.588901 0.470541
vn -0.662525 -0.585468 0.467212
vn -0.651442 -0.599385 0.465145
vn -0.627434 -0.625038 0.464386
vn -0.601294 -0.649513 0.46538
vn -0.58619 -0.659706 0.470286
vn -0.588313 -0.648533 0.483003
vn -0.610379 -0.608723 0.506847
vn -0.653595 -0.531739 0.53858
vn -0.710603 -0.414017 0.568888
vn -0.766699 -0.264236 0.585109
vn -0.807776 -0.109673 0.579197
vn -0.829098 0.007348 0.559056
vn -0.839089 0.069641 0.539519
vn -0.846521 0.085929 0.525375
vn -0.854103 0.069223 0.515476
vn -0.860949 0.035898 0.507423
vn -0.866099 0.004826 0.499849
vn -0.869835 -0.009229 0.493256
vn -0.872441 -0.000977 0.488718
vn -0.873213 0.024647 0.486715
vn -0.871133 0.055559 0.487894
vn -0.866172 0.078774 0.493498
vn -0.860828 0.083177 0.502052
vn -0.857248 0.065399 0.510733
vn -0.855165 0.032135 0.517359
vn -0.852921 0.000452 0.52204
vn -0.849246 -0.0073 0.527948
vn -0.841535 0.025671 0.539592
vn -0.823031 0.105033 0.558201
vn -0.784307 0.223467 0.578727
vn -0.720905 0.358819 0.592913
vn -0.642181 0.481404 0.596535
vn -0.57224 0.564298 0.595071
vn -0.528712 0.60117 0.599214
vn -0.505195 0.610909 0.609563
vn -0.492934 0.613821 0.616636
vn -0.493541 0.616708 0.613261
vn -0.503333 0.615719 0.606256
vn 0.766286 0.166225 0.620625
vn 0.742757 0.200979 0.638686
vn 0.797725 0.163509 0.580431
vn 0.804769 0.233447 0.545756
vn 0.795433 0.320089 0.514616
vn 0.78399 0.376832 0.493312
vn 0.78003 0.393393 0.486616
vn 0.78306 0.380573 0.491916
vn 0.789182 0.351732 0.503465
vn 0.795675 0.321342 0.513459
vn 0.801749 0.305306 0.513797
vn 0.806372 0.315243 0.500386
vn 0.807807 0.347141 0.476384
vn 0.806814 0.384423 0.448632
vn 0.807882 0.405618 0.427551
vn 0.815668 0.394607 0.423051
vn 0.829342 0.343967 0.440316
vn 0.840442 0.254977 0.478167
vn 0.837396 0.135795 0.529459
vn 0.812518 -0.000124 0.582937
vn 0.767432 -0.134468 0.626871
vn 0.71399 -0.25043 0.653838
vn 0.668342 -0.338794 0.662222
vn 0.642829 -0.399561 0.653545
vn 0.648967 -0.427029 0.629673
vn 0.688529 -0.415874 0.594118
vn 0.742275 -0.381049 0.551207
vn 0.786766 -0.348834 0.50923
vn 0.810817 -0.339043 0.477101
vn 0.815628 -0.353955 0.457676
vn 0.808586 -0.381686 0.447777
vn 0.799442 -0.406808 0.44204
vn 0.798591 -0.417375 0.433649
vn 0.812395 -0.407475 0.417107
vn 0.837323 -0.380053 0.393002
vn 0.862655 -0.347399 0.367614
vn 0.876972 -0.327724 0.351449
vn 0.871866 -0.337709 0.354687
vn 0.840113 -0.385566 0.381509
vn 0.766251 -0.478324 0.429029
vn 0.633365 -0.605395 0.482022
vn 0.460723 -0.723399 0.514226
vn 0.305326 -0.800175 0.516232
vn 0.210543 -0.840048 0.499991
vn 0.185524 -0.858668 0.477777
vn 0.219122 -0.863592 0.454086
vn 0.28508 -0.856594 0.430088
vn 0.350234 -0.842795 0.408697
vn 0.392154 -0.831124 0.39427
vn 0.402613 -0.828222 0.389809
vn 0.387316 -0.833824 0.393348
vn 0.364196 -0.841742 0.398536
vn 0.35751 -0.844837 0.398041
vn 0.38636 -0.837345 0.386756
vn 0.448361 -0.815987 0.36488
vn 0.515709 -0.786423 0.339975
vn 0.55418 -0.766477 0.324651
vn 0.540105 -0.774582 0.329103
vn 0.458042 -0.814994 0.354941
vn 0.299577 -0.869732 0.3922
vn 0.085589 -0.90322 0.420557
vn -0.121915 -0.896567 0.425798
vn -0.266953 -0.870214 0.414082
vn -0.334597 -0.853673 0.399108
vn -0.333502 -0.85898 0.388495
vn -0.283322 -0.879273 0.382893
vn -0.212913 -0.900057 0.380218
vn -0.155286 -0.911676 0.380439
vn -0.132291 -0.913504 0.384719
vn -0.142396 -0.908867 0.392026
vn -0.164112 -0.902149 0.398991
vn -0.169149 -0.899612 0.4026
vn -0.138504 -0.905304 0.401548
vn -0.076127 -0.914947 0.396328
vn -0.009716 -0.920889 0.389704
vn 0.025378 -0.921633 0.387232
vn 0.004352 -0.919181 0.393812
vn -0.082796 -0.908716 0.409121
vn -0.229687 -0.875228 0.425699
vn -0.405603 -0.805441 0.432146
vn -0.56075 -0.710773 0.424689
vn -0.665837 -0.621688 0.412512
vn -0.721591 -0.561335 0.405229
vn -0.737245 -0.539463 0.406755
vn -0.721697 -0.55297 0.416386
vn -0.68633 -0.586862 0.429586
vn -0.648637 -0.620491 0.44075
vn -0.627073 -0.638342 0.44643
vn -0.628549 -0.636656 0.44676
vn -0.646064 -0.620873 0.443979
vn -0.665353 -0.603389 0.439576
vn -0.673968 -0.597195 0.434886
vn -0.665963 -0.608964 0.430879
vn -0.643439 -0.63484 0.427743
vn -0.616356 -0.662294 0.425995
vn -0.598429 -0.677314 0.427935
vn -0.597881 -0.671344 0.43799
vn -0.618633 -0.636671 0.460374
vn -0.661952 -0.564824 0.492741
vn -0.720798 -0.450728 0.526587
vn -0.78009 -0.300019 0.549043
vn -0.823922 -0.137776 0.5497
vn -0.845713 -0.008704 0.533567
vn -0.854363 0.065469 0.515537
vn -0.860259 0.091108 0.501651
vn -0.867207 0.079964 0.491485
vn -0.874398 0.047587 0.48287
vn -0.88022 0.013356 0.474377
vn -0.884454 -0.005905 0.46659
vn -0.887412 -0.002366 0.46097
vn -0.888508 0.02091 0.458384
vn -0.886537 0.052541 0.459665
vn -0.881192 0.079177 0.466081
vn -0.875184 0.088442 0.475637
vn -0.871395 0.075185 0.484786
vn -0.870271 0.043782 0.490624
vn -0.870192 0.009151 0.492628
vn -0.869454 -0.006237 0.493974
vn -0.865587 0.017386 0.500457
vn -0.85235 0.089024 0.515339
vn -0.81956 0.204326 0.535325
vn -0.759661 0.343141 0.552422
vn -0.678789 0.474192 0.560704
vn -0.6014 0.566139 0.563741
vn -0.548911 0.609166 0.572375
vn -0.517264 0.621839 0.588008
vn -0.497077 0.626661 0.600175
vn -0.490067 0.632208 0.600123
vn -0.49625 0.633168 0.593998
vn 0.782097 0.169795 0.599578
vn 0.757126 0.216134 0.616478
vn 0.815121 0.152854 0.558761
vn 0.823964 0.216738 0.523553
vn 0.815003 0.306107 0.492006
vn 0.801665 0.369426 0.469955
vn 0.795255 0.391784 0.462682
vn 0.796535 0.382676 0.468072
vn 0.801843 0.355041 0.480618
vn 0.808318 0.322884 0.492309
vn 0.814986 0.302339 0.494357
vn 0.820624 0.307225 0.481859
vn 0.823139 0.336573 0.45734
vn 0.822676 0.375453 0.426895
vn 0.823395 0.401726 0.400795
vn 0.83075 0.397365 0.389816
vn 0.845415 0.353247 0.400612
vn 0.859854 0.269456 0.43364
vn 0.862007 0.15317 0.483201
vn 0.842245 0.016511 0.538842
vn 0.799364 -0.122891 0.588145
vn 0.743352 -0.247065 0.6216
vn 0.690723 -0.344817 0.635613
vn 0.655664 -0.414934 0.630821
vn 0.652371 -0.450765 0.60928
vn 0.686282 -0.445127 0.575221
vn 0.740035 -0.410866 0.532482
vn 0.788349 -0.374116 0.488408
vn 0.816738 -0.357849 0.45264
vn 0.824461 -0.368054 0.429884
vn 0.818176 -0.394517 0.418264
vn 0.807534 -0.421423 0.412664
vn 0.803632 -0.435476 0.40563
vn 0.814437 -0.429077 0.390621
vn 0.838291 -0.403154 0.367063
vn 0.865188 -0.368498 0.340086
vn 0.883111 -0.343399 0.319674
vn 0.88319 -0.346137 0.316487
vn 0.859225 -0.386072 0.335678
vn 0.796809 -0.472705 0.376359
vn 0.674633 -0.601628 0.427684
vn 0.501439 -0.730002 0.464388
vn 0.332387 -0.816637 0.471829
vn 0.219783 -0.860937 0.458785
vn 0.179293 -0.880781 0.438268
vn 0.202537 -0.886512 0.416022
vn 0.265027 -0.880303 0.393481
vn 0.3332 -0.865987 0.372886
vn 0.38184 -0.852 0.358183
vn 0.399161 -0.846213 0.352979
vn 0.387911 -0.850034 0.356326
vn 0.364427 -0.857836 0.362366
vn 0.353403 -0.861994 0.363419
vn 0.377153 -0.856028 0.353513
vn 0.438148 -0.835438 0.331767
vn 0.510959 -0.803833 0.304587
vn 0.559364 -0.778646 0.284292
vn 0.557193 -0.781015 0.28205
vn 0.487984 -0.81917 0.301383
vn 0.339771 -0.87864 0.335479
vn 0.124871 -0.922057 0.366357
vn -0.097263 -0.921055 0.377092
vn -0.261072 -0.891749 0.369629
vn -0.344269 -0.868396 0.356886
vn -0.354097 -0.868261 0.347474
vn -0.30933 -0.886957 0.342961
vn -0.237255 -0.909503 0.341343
vn -0.171919 -0.923763 0.342207
vn -0.139857 -0.927448 0.346815
vn -0.144294 -0.923787 0.354678
vn -0.165919 -0.917089 0.362517
vn -0.175392 -0.913646 0.366727
vn -0.149909 -0.918687 0.365432
vn -0.088763 -0.929134 0.358931
vn -0.017216 -0.936688 0.349743
vn 0.027791 -0.938768 0.343428
vn 0.018236 -0.938181 0.345664
vn -0.05869 -0.932012 0.357645
vn -0.200354 -0.905583 0.37387
vn -0.38004 -0.84161 0.383748
vn -0.546384 -0.745635 0.381436
vn -0.663313 -0.648321 0.373758
vn -0.727902 -0.577427 0.369779
vn -0.749746 -0.546233 0.373512
vn -0.738463 -0.553832 0.384632
vn -0.704801 -0.586577 0.398978
vn -0.665255 -0.623379 0.410894
vn -0.63921 -0.646365 0.41668
vn -0.636393 -0.649163 0.416642
vn -0.65217 -0.635435 0.413396
vn -0.672685 -0.617075 0.408306
vn -0.684405 -0.608003 0.402395
vn -0.679819 -0.616924 0.396549
vn -0.659452 -0.642013 0.391078
vn -0.632132 -0.671531 0.386594
vn -0.611772 -0.690734 0.385514
vn -0.608645 -0.689449 0.392697
vn -0.627941 -0.659525 0.413179
vn -0.67074 -0.593011 0.445473
vn -0.730335 -0.483966 0.482066
vn -0.791862 -0.335186 0.510494
vn -0.838368 -0.1683 0.518473
vn -0.86119 -0.028573 0.50748
vn -0.868865 0.057549 0.491693
vn -0.873193 0.093355 0.478351
vn -0.87928 0.089081 0.4679
vn -0.886674 0.059166 0.458594
vn -0.893211 0.022971 0.449051
vn -0.898031 -0.001007 0.439931
vn -0.901364 -0.002392 0.433057
vn -0.90278 0.017893 0.42973
vn -0.900965 0.049536 0.431055
vn -0.895295 0.07913 0.43839
vn -0.888545 0.093289 0.449205
vn -0.884237 0.085235 0.459195
vn -0.883633 0.056938 0.464705
vn -0.885332 0.020637 0.464501
vn -0.887123 -0.001805 0.46153
vn -0.886483 0.01211 0.462602
vn -0.877944 0.074754 0.472891
vn -0.851306 0.184837 0.491033
vn -0.796474 0.324949 0.509938
vn -0.715705 0.463375 0.522541
vn -0.632393 0.564685 0.530293
vn -0.571363 0.614798 0.543661
vn -0.531634 0.631113 0.564856
vn -0.503395 0.63814 0.582556
vn -0.487962 0.646642 0.5863
vn -0.489626 0.649823 0.581375
vn 0.796407 0.179331 0.577561
vn 0.76972 0.237 0.592758
vn 0.831017 0.14734 0.536379
vn 0.841644 0.202912 0.500462
vn 0.833519 0.292602 0.468647
vn 0.818757 0.361236 0.446257
vn 0.810015 0.389131 0.438694
vn 0.809459 0.38399 0.444216
vn 0.813835 0.358116 0.45763
vn 0.820222 0.324817 0.470883
vn 0.827448 0.300037 0.474666
vn 0.834048 0.299355 0.463413
vn 0.837638 0.324906 0.439089
vn 0.837799 0.363989 0.406945
vn 0.838142 0.394426 0.376757
vn 0.844629 0.39641 0.359808
vn 0.859435 0.358995 0.363997
vn 0.876292 0.281051 0.39131
vn 0.883186 0.168855 0.437574
vn 0.869086 0.033137 0.493549
vn 0.83004 -0.109644 0.54682
vn 0.773522 -0.240901 0.5862
vn 0.715602 -0.347525 0.605921
vn 0.671938 -0.426748 0.605298
vn 0.659131 -0.470944 0.586308
vn 0.686092 -0.471533 0.554017
vn 0.738019 -0.43935 0.512151
vn 0.788889 -0.399491 0.46697
vn 0.821198 -0.377154 0.428239
vn 0.831961 -0.38212 0.402274
vn 0.826846 -0.406477 0.388719
vn 0.815122 -0.434586 0.383028
vn 0.808261 -0.452028 0.37734
vn 0.815621 -0.44957 0.36421
vn 0.837565 -0.426065 0.341984
vn 0.865229 -0.390451 0.314526
vn 0.886195 -0.360563 0.290952
vn 0.890922 -0.355979 0.282022
vn 0.873998 -0.387206 0.293597
vn 0.822619 -0.465742 0.326164
vn 0.713274 -0.593424 0.372945
vn 0.54452 -0.730752 0.411702
vn 0.365425 -0.828613 0.424105
vn 0.235608 -0.878939 0.414674
vn 0.178638 -0.900603 0.396236
vn 0.189623 -0.907135 0.375697
vn 0.246253 -0.90185 0.355002
vn 0.315461 -0.887528 0.335825
vn 0.369898 -0.871687 0.32146
vn 0.39419 -0.86306 0.31582
vn 0.387739 -0.864839 0.318924
vn 0.364782 -0.872294 0.325634
vn 0.34976 -0.877472 0.328193
vn 0.36758 -0.873222 0.31995
vn 0.425713 -0.854012 0.299052
vn 0.502276 -0.821265 0.270635
vn 0.559808 -0.791172 0.246295
vn 0.569326 -0.786982 0.237753
vn 0.513415 -0.820912 0.250018
vn 0.377836 -0.8828 0.279113
vn 0.166593 -0.935898 0.310389
vn -0.066944 -0.943 0.32599
vn -0.24924 -0.912853 0.323387
vn -0.348816 -0.883163 0.31361
vn -0.370698 -0.876958 0.305823
vn -0.333059 -0.893055 0.302531
vn -0.261432 -0.916749 0.302036
vn -0.18983 -0.933683 0.303647
vn -0.148823 -0.939477 0.308602
vn -0.146751 -0.93703 0.31692
vn -0.167288 -0.930603 0.325567
vn -0.180881 -0.926327 0.330455
vn -0.161398 -0.930409 0.329075
vn -0.103233 -0.941266 0.321498
vn -0.028191 -0.950313 0.310016
vn 0.02605 -0.953563 0.300064
vn 0.028246 -0.954185 0.297883
vn -0.037233 -0.951316 0.305961
vn -0.171222 -0.931557 0.320757
vn -0.351707 -0.874807 0.333189
vn -0.527727 -0.780064 0.336162
vn -0.656556 -0.676353 0.333888
vn -0.730378 -0.595678 0.33424
vn -0.75875 -0.55504 0.340924
vn -0.752293 -0.555771 0.3538
vn -0.721465 -0.585859 0.369132
vn -0.681492 -0.624543 0.381463
vn -0.651826 -0.652173 0.387031
vn -0.644615 -0.659694 0.386361
vn -0.658029 -0.648594 0.382521
vn -0.679193 -0.629858 0.376798
vn -0.693783 -0.617969 0.369836
vn -0.692799 -0.623503 0.362316
vn -0.675152 -0.646858 0.354605
vn -0.648315 -0.677488 0.347415
vn -0.626041 -0.700167 0.343276
vn -0.620573 -0.702989 0.347413
vn -0.638431 -0.6773 0.365609
vn -0.680281 -0.616018 0.397164
vn -0.739655 -0.51297 0.435629
vn -0.802351 -0.36861 0.469425
vn -0.851227 -0.200286 0.485075
vn -0.875603 -0.051726 0.480253
vn -0.88275 0.046118 0.467574
vn -0.885529 0.092676 0.455247
vn -0.890499 0.096379 0.444661
vn -0.897858 0.07034 0.434631
vn -0.905065 0.03345 0.423955
vn -0.91054 0.005416 0.413385
vn -0.914277 -0.000942 0.405089
vn -0.91601 0.015797 0.400844
vn -0.914394 0.046716 0.40212
vn -0.908489 0.078665 0.410439
vn -0.900986 0.09751 0.422747
vn -0.895912 0.095055 0.433942
vn -0.8954 0.070928 0.439577
vn -0.898495 0.034315 0.437641
vn -0.902494 0.005696 0.430665
vn -0.904562 0.009891 0.426226
vn -0.900055 0.062659 0.431248
vn -0.87938 0.165771 0.44633
vn -0.830675 0.30503 0.465762
vn -0.752086 0.449462 0.482027
vn -0.66452 0.560243 0.494511
vn -0.595531 0.618359 0.51281
vn -0.547925 0.639036 0.539825
vn -0.511771 0.648488 0.563519
vn -0.487452 0.660047 0.571602
vn -0.483858 0.66557 0.568242
vn 0.809161 0.194866 0.554333
vn 0.780352 0.263339 0.567188
vn 0.845512 0.147313 0.513233
vn 0.85784 0.192564 0.476476
vn 0.850868 0.280137 0.444462
vn 0.835159 0.352592 0.422123
vn 0.824267 0.385581 0.414622
vn 0.821827 0.384537 0.420395
vn 0.825158 0.360899 0.434588
vn 0.831382 0.327089 0.449241
vn 0.839134 0.298501 0.454699
vn 0.846649 0.292009 0.444879
vn 0.851299 0.312723 0.421302
vn 0.852198 0.350631 0.388352
vn 0.852258 0.384197 0.355034
vn 0.857625 0.392093 0.332779
vn 0.871863 0.361433 0.330485
vn 0.890202 0.289783 0.351521
vn 0.901134 0.182596 0.393212
vn 0.892791 0.04928 0.447768
vn 0.858798 -0.095197 0.503392
vn 0.80373 -0.232216 0.547808
vn 0.742391 -0.346988 0.57311
vn 0.691387 -0.434924 0.57691
vn 0.66938 -0.487332 0.560747
vn 0.688448 -0.494609 0.530473
vn 0.736783 -0.46583 0.490054
vn 0.78872 -0.424426 0.444729
vn 0.824299 -0.39677 0.403862
vn 0.838093 -0.396204 0.374998
vn 0.834514 -0.417645 0.359386
vn 0.822183 -0.446274 0.353347
vn 0.812606 -0.466869 0.348862
vn 0.816268 -0.468643 0.337758
vn 0.835587 -0.448369 0.317426
vn 0.863224 -0.412895 0.290451
vn 0.886675 -0.379057 0.264807
vn 0.895579 -0.367345 0.25099
vn 0.884956 -0.389423 0.255349
vn 0.843772 -0.458356 0.279212
vn 0.748183 -0.581713 0.319112
vn 0.58822 -0.725596 0.357082
vn 0.403413 -0.835408 0.373299
vn 0.257723 -0.893545 0.367636
vn 0.183641 -0.917942 0.351652
vn 0.180766 -0.9254 0.333105
vn 0.229336 -0.921106 0.314592
vn 0.297531 -0.907212 0.297391
vn 0.356609 -0.890041 0.284
vn 0.387756 -0.878736 0.278333
vn 0.386728 -0.878263 0.28124
vn 0.365215 -0.885109 0.288443
vn 0.346762 -0.891217 0.292384
vn 0.358155 -0.888799 0.28594
vn 0.411728 -0.871491 0.266427
vn 0.49016 -0.838594 0.237704
vn 0.555803 -0.804273 0.210303
vn 0.576652 -0.793107 0.196096
vn 0.534101 -0.821134 0.201183
vn 0.412721 -0.882907 0.223913
vn 0.209313 -0.944456 0.253361
vn -0.031686 -0.961601 0.272616
vn -0.231591 -0.933086 0.275166
vn -0.348205 -0.897964 0.2691
vn -0.383097 -0.885331 0.263486
vn -0.354014 -0.897891 0.261658
vn -0.28483 -0.921969 0.262383
vn -0.208639 -0.94145 0.264843
vn -0.159158 -0.949563 0.270184
vn -0.149948 -0.948552 0.278865
vn -0.16837 -0.942644 0.288224
vn -0.185518 -0.937679 0.293837
vn -0.172553 -0.940561 0.292524
vn -0.11896 -0.951396 0.284067
vn -0.042219 -0.961783 0.270539
vn 0.020287 -0.96615 0.25718
vn 0.034228 -0.967482 0.250614
vn -0.018967 -0.966915 0.254394
vn -0.143275 -0.953047 0.266785
vn -0.321624 -0.904317 0.280659
vn -0.505395 -0.813182 0.288637
vn -0.645911 -0.705184 0.292427
vn -0.729283 -0.61585 0.298119
vn -0.764453 -0.566 0.308635
vn -0.763203 -0.559199 0.323755
vn -0.736094 -0.585224 0.340116
vn -0.697055 -0.624314 0.352628
vn -0.664816 -0.655815 0.357668
vn -0.653318 -0.668121 0.356076
vn -0.663814 -0.660169 0.351465
vn -0.684994 -0.641615 0.345127
vn -0.702099 -0.627123 0.337304
vn -0.704754 -0.628897 0.328344
vn -0.690268 -0.649651 0.318565
vn -0.664608 -0.680415 0.308757
vn -0.641025 -0.705798 0.301557
vn -0.633548 -0.712108 0.30252
vn -0.650079 -0.690073 0.318114
vn -0.690706 -0.633715 0.348326
vn -0.749047 -0.537193 0.387753
vn -0.81183 -0.399296 0.426021
vn -0.862568 -0.232748 0.449227
vn -0.888951 -0.077594 0.451381
vn -0.896108 0.031422 0.442723
vn -0.897444 0.089095 0.432038
vn -0.901052 0.101681 0.421623
vn -0.908066 0.08081 0.410958
vn -0.91581 0.044528 0.399137
vn -0.921966 0.013258 0.387045
vn -0.926138 0.002049 0.37718
vn -0.928182 0.014796 0.371831
vn -0.926805 0.044263 0.372926
vn -0.920772 0.077867 0.38225
vn -0.912571 0.100992 0.396251
vn -0.906555 0.10427 0.409005
vn -0.905725 0.085165 0.415222
vn -0.909811 0.04962 0.412046
vn -0.915747 0.015955 0.401437
vn -0.92011 0.010728 0.391514
vn -0.918951 0.053075 0.390784
vn -0.903748 0.147798 0.401741
vn -0.861723 0.284158 0.420342
vn -0.787103 0.432982 0.439312
vn -0.69704 0.553102 0.456304
vn -0.620828 0.620102 0.479631
vn -0.565689 0.645881 0.512672
vn -0.522004 0.657933 0.542804
vn -0.488698 0.672485 0.555822
vn -0.479313 0.680332 0.554443
vn 0.820179 0.216379 0.52961
vn 0.78873 0.294808 0.539438
vn 0.858631 0.153058 0.48921
vn 0.872591 0.186212 0.451565
vn 0.866963 0.269262 0.419373
vn 0.850764 0.34385 0.397452
vn 0.837956 0.381318 0.390417
vn 0.833626 0.384375 0.39664
vn 0.835811 0.363352 0.411576
vn 0.841795 0.329628 0.427465
vn 0.850043 0.297763 0.434469
vn 0.858435 0.285461 0.426147
vn 0.864118 0.300535 0.403707
vn 0.865859 0.335947 0.370713
vn 0.865809 0.371499 0.335205
vn 0.869972 0.384744 0.308417
vn 0.883092 0.360779 0.29998
vn 0.902027 0.29572 0.314479
vn 0.916146 0.194233 0.350642
vn 0.91327 0.064549 0.402208
vn 0.8851 -0.079996 0.458474
vn 0.83321 -0.221285 0.506749
vn 0.770412 -0.343249 0.537258
vn 0.713615 -0.439334 0.545656
vn 0.683084 -0.499687 0.532643
vn 0.693678 -0.51394 0.504655
vn 0.736821 -0.489691 0.466152
vn 0.788198 -0.44836 0.421565
vn 0.826175 -0.416446 0.379485
vn 0.84284 -0.410332 0.348207
vn 0.841099 -0.42813 0.33054
vn 0.828659 -0.456522 0.323901
vn 0.816722 -0.47992 0.320377
vn 0.816609 -0.486074 0.311259
vn 0.832723 -0.469719 0.293149
vn 0.85956 -0.435478 0.267425
vn 0.884917 -0.398704 0.240743
vn 0.897574 -0.38031 0.222992
vn 0.892581 -0.393121 0.220806
vn 0.860549 -0.451422 0.235952
vn 0.778652 -0.567648 0.267352
vn 0.630804 -0.714893 0.301685
vn 0.445031 -0.83642 0.319921
vn 0.285629 -0.904116 0.317791
vn 0.19426 -0.932476 0.304553
vn 0.176232 -0.941187 0.288287
vn 0.214783 -0.937949 0.272251
vn 0.279934 -0.924841 0.257501
vn 0.342302 -0.906895 0.245705
vn 0.379961 -0.893192 0.240496
vn 0.384823 -0.890332 0.243351
vn 0.365646 -0.896296 0.250911
vn 0.344501 -0.903192 0.256055
vn 0.349295 -0.902654 0.251414
vn 0.396838 -0.887655 0.23364
vn 0.475136 -0.855604 0.205394
vn 0.547623 -0.818025 0.175908
vn 0.579315 -0.799875 0.156825
vn 0.549947 -0.820691 0.154998
vn 0.44362 -0.879839 0.17054
vn 0.251564 -0.947767 0.196095
vn 0.007564 -0.976077 0.217293
vn -0.208332 -0.95186 0.224858
vn -0.342411 -0.912664 0.223159
vn -0.391138 -0.893564 0.220352
vn -0.37178 -0.901791 0.220348
vn -0.306842 -0.925399 0.22245
vn -0.227882 -0.947128 0.225872
vn -0.170737 -0.957697 0.231658
vn -0.154022 -0.958319 0.240627
vn -0.169343 -0.953169 0.250581
vn -0.189286 -0.947712 0.25693
vn -0.183039 -0.949235 0.255833
vn -0.135396 -0.959589 0.246693
vn -0.058844 -0.971087 0.231359
vn 0.010677 -0.976591 0.21484
vn 0.036086 -0.978304 0.204005
vn -0.004315 -0.979115 0.20326
vn -0.117376 -0.970102 0.212425
vn -0.290834 -0.929574 0.226511
vn -0.480095 -0.844088 0.238799
vn -0.631761 -0.734091 0.248977
vn -0.724889 -0.637552 0.260889
vn -0.767076 -0.579072 0.276169
vn -0.771287 -0.564413 0.2942
vn -0.74855 -0.585164 0.311858
vn -0.711663 -0.623095 0.324482
vn -0.678022 -0.657422 0.328761
vn -0.662555 -0.674367 0.32596
vn -0.669681 -0.669995 0.320366
vn -0.690217 -0.652216 0.313391
vn -0.70938 -0.635467 0.304898
vn -0.715584 -0.633274 0.294794
vn -0.704577 -0.650663 0.283213
vn -0.680739 -0.68057 0.270958
vn -0.656501 -0.707821 0.260759
vn -0.647396 -0.716983 0.258483
vn -0.662739 -0.698003 0.271237
vn -0.701979 -0.646125 0.299579
vn -0.758658 -0.556305 0.339062
vn -0.820518 -0.426414 0.380685
vn -0.872436 -0.264699 0.410839
vn -0.901168 -0.105547 0.420424
vn -0.908958 0.013732 0.416662
vn -0.909075 0.082649 0.408353
vn -0.911128 0.10483 0.398569
vn -0.917444 0.09028 0.387487
vn -0.9255 0.055905 0.374599
vn -0.932309 0.022353 0.360972
vn -0.936939 0.006592 0.349431
vn -0.939288 0.015028 0.342799
vn -0.938177 0.042351 0.343554
vn -0.932138 0.076852 0.353853
vn -0.923346 0.103702 0.369701
vn -0.916294 0.112611 0.38435
vn -0.914773 0.099149 0.391611
vn -0.919414 0.066017 0.387711
vn -0.927027 0.028654 0.373898
vn -0.933366 0.014587 0.358628
vn -0.934917 0.046258 0.351838
vn -0.924497 0.131499 0.357789
vn -0.889238 0.26308 0.374225
vn -0.819993 0.414507 0.39471
vn -0.729191 0.543566 0.415712
vn -0.646624 0.620259 0.444023
vn -0.58442 0.651896 0.483203
vn -0.533814 0.666688 0.520163
vn -0.491792 0.684031 0.538742
vn -0.47632 0.694065 0.539808
vn 0.829147 0.243779 0.503077
vn 0.794472 0.33093 0.509215
vn 0.870296 0.164814 0.464136
vn 0.885912 0.184298 0.425669
vn 0.881733 0.260493 0.393308
vn 0.865467 0.335384 0.372135
vn 0.851025 0.376554 0.36601
vn 0.84484 0.383596 0.37296
vn 0.845797 0.365464 0.388669
vn 0.851462 0.33236 0.405647
vn 0.860175 0.2978 0.414022
vn 0.869414 0.279895 0.407159
vn 0.876095 0.288771 0.386095
vn 0.878757 0.320477 0.353668
vn 0.878808 0.356795 0.316851
vn 0.881821 0.374682 0.286367
vn 0.893439 0.357241 0.272296
vn 0.912184 0.298955 0.28026
vn 0.928579 0.20367 0.310258
vn 0.93059 0.078621 0.357521
vn 0.908562 -0.064466 0.412747
vn 0.861249 -0.208405 0.463485
vn 0.798935 -0.336351 0.498569
vn 0.738107 -0.43982 0.51162
vn 0.700051 -0.507756 0.502108
vn 0.701943 -0.529167 0.476717
vn 0.73853 -0.510398 0.440532
vn 0.787675 -0.470735 0.397462
vn 0.826983 -0.435878 0.355119
vn 0.846209 -0.424505 0.322065
vn 0.846527 -0.438059 0.302482
vn 0.83447 -0.465419 0.295034
vn 0.820604 -0.491174 0.292159
vn 0.816789 -0.501732 0.284818
vn 0.829265 -0.489844 0.269022
vn 0.854564 -0.457878 0.245086
vn 0.881217 -0.419303 0.21827
vn 0.897227 -0.394908 0.197564
vn 0.897283 -0.398632 0.189671
vn 0.873333 -0.445725 0.196515
vn 0.804368 -0.552476 0.218544
vn 0.67074 -0.699443 0.246754
vn 0.488717 -0.831302 0.264751
vn 0.3186 -0.909968 0.265429
vn 0.210322 -0.943775 0.255056
vn 0.176181 -0.954315 0.241335
vn 0.203018 -0.952253 0.228032
vn 0.263182 -0.940226 0.216125
vn 0.327352 -0.922064 0.206493
vn 0.370953 -0.906355 0.202273
vn 0.381995 -0.901069 0.205316
vn 0.365976 -0.905885 0.213153
vn 0.342991 -0.913382 0.219295
vn 0.34132 -0.914708 0.216357
vn 0.381648 -0.902298 0.200505
vn 0.457762 -0.872013 0.173341
vn 0.535558 -0.832359 0.142677
vn 0.577455 -0.807616 0.119593
vn 0.560943 -0.820326 0.11139
vn 0.469969 -0.874565 0.119439
vn 0.29196 -0.946213 0.139428
vn 0.049632 -0.985781 0.160539
vn -0.179805 -0.968465 0.172468
vn -0.331435 -0.926992 0.175604
vn -0.394707 -0.901741 0.176269
vn -0.386023 -0.905045 0.178549
vn -0.326897 -0.927318 0.182264
vn -0.247033 -0.950834 0.18679
vn -0.183341 -0.963896 0.193109
vn -0.15905 -0.966318 0.20232
vn -0.170395 -0.962137 0.212739
vn -0.192236 -0.956418 0.219794
vn -0.192607 -0.956514 0.219049
vn -0.152025 -0.965931 0.20944
vn -0.077571 -0.978217 0.192547
vn -0.002556 -0.984896 0.173128
vn 0.033776 -0.986829 0.158203
vn 0.006401 -0.988229 0.15285
vn -0.094258 -0.982904 0.158163
vn -0.260367 -0.950204 0.171233
vn -0.45263 -0.871917 0.186782
vn -0.614549 -0.762243 0.203262
vn -0.717483 -0.660238 0.222044
vn -0.766859 -0.594046 0.242976
vn -0.776698 -0.571553 0.264704
vn -0.758782 -0.586101 0.284142
vn -0.725071 -0.62133 0.297022
vn -0.69124 -0.65721 0.300436
vn -0.67232 -0.678423 0.296189
vn -0.675753 -0.677949 0.289383
vn -0.694992 -0.661532 0.281712
vn -0.715677 -0.642981 0.272729
vn -0.72523 -0.63678 0.261826
vn -0.717903 -0.650162 0.248807
vn -0.696464 -0.678235 0.234384
vn -0.672248 -0.706466 0.221335
vn -0.661904 -0.717843 0.215836
vn -0.676182 -0.701342 0.225605
vn -0.713944 -0.653426 0.251631
vn -0.768509 -0.570193 0.2903
vn -0.828577 -0.449332 0.334007
vn -0.880875 -0.295178 0.370039
vn -0.912136 -0.134893 0.387055
vn -0.921247 -0.006641 0.388921
vn -0.920504 0.073398 0.383778
vn -0.920896 0.105688 0.375209
vn -0.926157 0.098458 0.364059
vn -0.934225 0.06725 0.350288
vn -0.941588 0.032477 0.335196
vn -0.94668 0.012635 0.321927
vn -0.949325 0.016587 0.313858
vn -0.948499 0.041137 0.314098
vn -0.942574 0.075754 0.325293
vn -0.933342 0.105662 0.343086
vn -0.925243 0.119902 0.35993
vn -0.922721 0.112471 0.368696
vn -0.927453 0.083003 0.364612
vn -0.936455 0.043459 0.348085
vn -0.944536 0.021403 0.327708
vn -0.948243 0.042406 0.314703
vn -0.941817 0.117368 0.314969
vn -0.913015 0.242515 0.328009
vn -0.850103 0.394654 0.348674
vn -0.76022 0.531975 0.372917
vn -0.672272 0.619053 0.405986
vn -0.603568 0.6573 0.451289
vn -0.546846 0.674957 0.495372
vn -0.496747 0.694766 0.520137
vn -0.475151 0.706749 0.524154
vn 0.835628 0.276865 0.474417
vn 0.797149 0.371054 0.476311
vn 0.880305 0.182781 0.437784
vn 0.897776 0.187199 0.398691
vn 0.895118 0.254304 0.366188
vn 0.879167 0.327572 0.346066
vn 0.863406 0.371527 0.341318
vn 0.855445 0.382325 0.349345
vn 0.855113 0.367253 0.365933
vn 0.860384 0.335214 0.383888
vn 0.869531 0.298543 0.39343
vn 0.879593 0.275407 0.387902
vn 0.887233 0.277777 0.368317
vn 0.890861 0.304725 0.336911
vn 0.891228 0.340546 0.299569
vn 0.893254 0.362229 0.266246
vn 0.903153 0.351024 0.247179
vn 0.921048 0.299589 0.24883
vn 0.938819 0.210856 0.27232
vn 0.944942 0.091233 0.314262
vn 0.928967 -0.049016 0.366902
vn 0.887231 -0.193908 0.418593
vn 0.827213 -0.326373 0.457382
vn 0.764258 -0.436223 0.474994
vn 0.719951 -0.511274 0.46933
vn 0.71324 -0.539972 0.446898
vn 0.742189 -0.5275 0.4134
vn 0.787478 -0.491029 0.372517
vn 0.826898 -0.454735 0.330841
vn 0.848222 -0.438694 0.29676
vn 0.850735 -0.447575 0.275548
vn 0.839525 -0.473105 0.26715
vn 0.824196 -0.500705 0.264566
vn 0.816871 -0.515582 0.258645
vn 0.825427 -0.50856 0.245026
vn 0.848516 -0.479813 0.22316
vn 0.875819 -0.440634 0.196933
vn 0.894776 -0.411132 0.174205
vn 0.899386 -0.406223 0.16152
vn 0.882526 -0.441933 0.160759
vn 0.825337 -0.537419 0.173204
vn 0.706844 -0.680408 0.193433
vn 0.532794 -0.82009 0.208766
vn 0.355674 -0.910474 0.211031
vn 0.231518 -0.951334 0.203379
vn 0.180671 -0.964542 0.192396
vn 0.194384 -0.963885 0.182043
vn 0.247766 -0.953197 0.173285
vn 0.312171 -0.935355 0.166313
vn 0.360935 -0.918125 0.163621
vn 0.378247 -0.910484 0.167175
vn 0.366099 -0.913919 0.175283
vn 0.342185 -0.921795 0.182218
vn 0.334448 -0.924908 0.180804
vn 0.36671 -0.915241 0.166908
vn 0.438636 -0.887496 0.141241
vn 0.519937 -0.847068 0.110186
vn 0.571204 -0.8165 0.083989
vn 0.567127 -0.820639 0.070136
vn 0.491413 -0.868042 0.070829
vn 0.329286 -0.940477 0.084102
vn 0.093157 -0.990306 0.103032
vn -0.146537 -0.982123 0.118154
vn -0.315329 -0.940542 0.12629
vn -0.393728 -0.909837 0.131055
vn -0.396491 -0.907885 0.136159
vn -0.344484 -0.92802 0.141808
vn -0.265531 -0.952732 0.14763
vn -0.196658 -0.968206 0.154606
vn -0.165036 -0.972548 0.16405
vn -0.171703 -0.969516 0.174807
vn -0.194479 -0.96378 0.182499
vn -0.201097 -0.962474 0.182219
vn -0.168383 -0.970534 0.172368
vn -0.097873 -0.983183 0.154184
vn -0.019127 -0.991046 0.132143
vn 0.027305 -0.99318 0.113353
vn 0.012937 -0.994552 0.103433
vn -0.074529 -0.991732 0.104469
vn -0.231203 -0.966037 0.1154
vn -0.423885 -0.89591 0.132914
vn -0.594801 -0.788753 0.15518
vn -0.707383 -0.68322 0.181162
vn -0.76405 -0.610539 0.208495
vn -0.77962 -0.580592 0.234743
vn -0.766806 -0.588348 0.256623
vn -0.737076 -0.619474 0.270131
vn -0.704235 -0.65548 0.272762
vn -0.682547 -0.680353 0.266925
vn -0.682117 -0.683953 0.258697
vn -0.699436 -0.669454 0.25024
vn -0.721055 -0.649641 0.240927
vn -0.733663 -0.639547 0.229602
vn -0.730114 -0.64842 0.215603
vn -0.711572 -0.673722 0.199409
vn -0.688051 -0.702008 0.183769
vn -0.67684 -0.714987 0.175159
vn -0.690127 -0.700457 0.181894
vn -0.726362 -0.655949 0.205252
vn -0.778533 -0.578947 0.242295
vn -0.836126 -0.467629 0.286734
vn -0.887942 -0.323287 0.327176
vn -0.921708 -0.164865 0.351102
vn -0.932848 -0.029327 0.359076
vn -0.931749 0.061425 0.357869
vn -0.930494 0.10414 0.351192
vn -0.934376 0.105063 0.340447
vn -0.942098 0.078211 0.326091
vn -0.949846 0.043352 0.309698
vn -0.955371 0.020066 0.294726
vn -0.958297 0.019517 0.285108
vn -0.957763 0.040749 0.284658
vn -0.952066 0.074707 0.296629
vn -0.942578 0.106941 0.316403
vn -0.933501 0.126048 0.335691
vn -0.929744 0.12481 0.346408
vn -0.934092 0.100115 0.342708
vn -0.944146 0.060026 0.324014
vn -0.953789 0.031088 0.298864
vn -0.959204 0.041672 0.279625
vn -0.95597 0.105823 0.27372
vn -0.933016 0.223131 0.282302
vn -0.876928 0.374082 0.301761
vn -0.789426 0.518719 0.328235
vn -0.697121 0.616715 0.36563
vn -0.622552 0.662296 0.416885
vn -0.560679 0.682923 0.468247
vn -0.503503 0.704771 0.499782
vn -0.476015 0.718381 0.507285
vn 0.839076 0.315283 0.443336
vn 0.796342 0.414341 0.440638
vn 0.888315 0.207102 0.409884
vn 0.908084 0.195232 0.370498
vn 0.907051 0.251122 0.33793
vn 0.891766 0.320788 0.319136
vn 0.875027 0.366494 0.316242
vn 0.86541 0.380716 0.325763
vn 0.863755 0.36877 0.343418
vn 0.868569 0.338135 0.362288
vn 0.878117 0.2999 0.372788
vn 0.888979 0.272022 0.368403
vn 0.89754 0.267814 0.350282
vn 0.902147 0.289148 0.320195
vn 0.90302 0.323219 0.282991
vn 0.904296 0.347721 0.247668
vn 0.912407 0.342331 0.224329
vn 0.928941 0.297723 0.220068
vn 0.947255 0.215765 0.236967
vn 0.95661 0.10217 0.272872
vn 0.946265 -0.034033 0.321597
vn 0.910678 -0.178162 0.372726
vn 0.854526 -0.31345 0.414167
vn 0.791391 -0.428405 0.436084
vn 0.742336 -0.509977 0.434581
vn 0.727427 -0.546073 0.415517
vn 0.747953 -0.540631 0.385077
vn 0.787885 -0.508782 0.346956
vn 0.826102 -0.472674 0.306813
vn 0.848918 -0.452846 0.272524
vn 0.853672 -0.45683 0.250102
vn 0.843734 -0.479765 0.240704
vn 0.827405 -0.508666 0.238035
vn 0.816841 -0.527693 0.233048
vn 0.821337 -0.525787 0.221254
vn 0.841634 -0.50106 0.201474
vn 0.868921 -0.462474 0.176334
vn 0.890391 -0.428923 0.152409
vn 0.899122 -0.416085 0.135846
vn 0.888494 -0.440581 0.128326
vn 0.84178 -0.523563 0.131482
vn 0.73835 -0.659167 0.142611
vn 0.575619 -0.803272 0.153028
vn 0.395663 -0.905179 0.15525
vn 0.257385 -0.95462 0.149845
vn 0.189661 -0.971575 0.141671
vn 0.189139 -0.972704 0.134439
vn 0.234145 -0.963597 0.12906
vn 0.297199 -0.946578 0.125152
vn 0.35016 -0.928378 0.124506
vn 0.373626 -0.918573 0.12895
vn 0.365918 -0.920448 0.137403
vn 0.341985 -0.928459 0.144951
vn 0.328798 -0.933228 0.144833
vn 0.352497 -0.926342 0.132804
vn 0.418386 -0.901721 0.108867
vn 0.501149 -0.861834 0.078053
vn 0.560703 -0.826531 0.049584
vn 0.568555 -0.822065 0.030905
vn 0.507761 -0.861143 0.024719
vn 0.362562 -0.931454 0.03069
vn 0.136674 -0.989569 0.045541
vn -0.109282 -0.99206 0.062242
vn -0.294226 -0.952777 0.075149
vn -0.388162 -0.917707 0.084528
vn -0.403 -0.91046 0.09303
vn -0.359168 -0.92779 0.101015
vn -0.282811 -0.953032 0.108388
vn -0.210297 -0.970708 0.116193
vn -0.171904 -0.977034 0.125911
vn -0.173413 -0.975288 0.136896
vn -0.196161 -0.969773 0.145124
vn -0.20843 -0.967171 0.145384
vn -0.184067 -0.973525 0.135529
vn -0.119203 -0.986029 0.116352
vn -0.038685 -0.995008 0.091992
vn 0.016729 -0.997435 0.069602
vn 0.015116 -0.998358 0.055251
vn -0.05868 -0.996933 0.051776
vn -0.204237 -0.977103 0.059631
vn -0.394803 -0.915475 0.077693
vn -0.573128 -0.812734 0.104826
vn -0.694947 -0.705703 0.137956
vn -0.75891 -0.628012 0.172213
vn -0.780262 -0.591334 0.203755
vn -0.772693 -0.59209 0.228857
vn -0.747522 -0.617962 0.243584
vn -0.716748 -0.652602 0.24573
vn -0.693106 -0.680307 0.238298
vn -0.688804 -0.687997 0.228493
vn -0.703646 -0.675909 0.219157
vn -0.725577 -0.655427 0.209651
vn -0.740876 -0.641701 0.198301
vn -0.741112 -0.645716 0.183858
vn -0.72589 -0.667376 0.166411
vn -0.703716 -0.694775 0.148561
vn -0.691968 -0.708799 0.137057
vn -0.704266 -0.695832 0.14081
vn -0.738951 -0.654181 0.161242
vn -0.788608 -0.582849 0.195921
vn -0.843258 -0.481092 0.239723
vn -0.893732 -0.348228 0.282807
vn -0.929736 -0.194638 0.312582
vn -0.943563 -0.053882 0.326781
vn -0.942753 0.046854 0.330184
vn -0.940014 0.100089 0.326122
vn -0.942261 0.109828 0.316358
vn -0.949253 0.088422 0.301828
vn -0.957145 0.054652 0.284406
vn -0.963033 0.028708 0.26785
vn -0.966215 0.023806 0.256636
vn -0.965971 0.041275 0.255336
vn -0.960604 0.073834 0.267933
vn -0.951059 0.107627 0.28966
vn -0.941144 0.13102 0.311579
vn -0.936011 0.135928 0.324663
vn -0.939516 0.116937 0.321924
vn -0.950217 0.078 0.301669
vn -0.961264 0.04353 0.272172
vn -0.968058 0.044177 0.246804
vn -0.967262 0.097224 0.234418
vn -0.949348 0.205545 0.237677
vn -0.900133 0.353475 0.254591
vn -0.816187 0.504242 0.282098
vn -0.720548 0.613489 0.323176
vn -0.640776 0.66707 0.38003
vn -0.574838 0.690755 0.438655
vn -0.51192 0.71412 0.477461
vn -0.479052 0.728967 0.488996
vn 0.838875 0.358478 0.409612
vn 0.791708 0.459753 0.402277
vn 0.893826 0.237847 0.380138
vn 0.916641 0.208669 0.34092
vn 0.917443 0.251323 0.308439
vn 0.903166 0.315391 0.291237
vn 0.885811 0.361726 0.290678
vn 0.874694 0.378956 0.302164
vn 0.871713 0.370103 0.321154
vn 0.876023 0.341091 0.340942
vn 0.885944 0.301756 0.352201
vn 0.897582 0.269698 0.348725
vn 0.907027 0.259054 0.331955
vn 0.912596 0.274142 0.303338
vn 0.914127 0.305276 0.266794
vn 0.914923 0.33151 0.230256
vn 0.92131 0.331372 0.203423
vn 0.936124 0.293462 0.193785
vn 0.954252 0.218389 0.204228
vn 0.965931 0.111252 0.233666
vn 0.960545 -0.019879 0.277415
vn 0.931263 -0.161574 0.326563
vn 0.880223 -0.297788 0.3695
vn 0.8188 -0.416286 0.395313
vn 0.766667 -0.503625 0.398226
vn 0.744238 -0.547214 0.382972
vn 0.755859 -0.549504 0.355981
vn 0.789116 -0.523616 0.321127
vn 0.824775 -0.489373 0.283303
vn 0.848348 -0.466886 0.249645
vn 0.855302 -0.465977 0.226549
vn 0.847008 -0.485626 0.216204
vn 0.830108 -0.515287 0.213072
vn 0.816613 -0.538241 0.208424
vn 0.817037 -0.541557 0.197907
vn 0.83407 -0.521478 0.179967
vn 0.860679 -0.484611 0.156152
vn 0.884187 -0.448184 0.131696
vn 0.896639 -0.428336 0.112098
vn 0.891531 -0.442074 0.09871
vn 0.854027 -0.511811 0.093213
vn 0.764892 -0.63714 0.094832
vn 0.615749 -0.781756 0.09854
vn 0.43722 -0.893904 0.098871
vn 0.287299 -0.95313 0.094884
vn 0.20302 -0.975083 0.089416
vn 0.187467 -0.978551 0.08541
vn 0.222731 -0.971291 0.083576
vn 0.282898 -0.955548 0.083045
vn 0.338937 -0.93697 0.084907
vn 0.368227 -0.925306 0.090654
vn 0.365354 -0.925525 0.099599
vn 0.34226 -0.933421 0.107626
vn 0.324402 -0.93967 0.108552
vn 0.339391 -0.935504 0.098211
vn 0.397644 -0.914381 0.076073
vn 0.479662 -0.876249 0.045957
vn 0.54612 -0.837555 0.015962
vn 0.565284 -0.824869 -0.006698
vn 0.518928 -0.854606 -0.019056
vn 0.391058 -0.920139 -0.020449
vn 0.178718 -0.983837 -0.011167
vn -0.069034 -0.997601 0.005226
vn -0.268381 -0.963057 0.02222
vn -0.37801 -0.925081 0.036526
vn -0.405424 -0.912815 0.048983
vn -0.370595 -0.92687 0.059769
vn -0.29833 -0.951964 0.069019
vn -0.223807 -0.971517 0.077884
vn -0.17949 -0.979818 0.087975
vn -0.175628 -0.979454 0.099116
vn -0.197456 -0.974372 0.107756
vn -0.214602 -0.970646 0.108588
vn -0.198755 -0.975041 0.098956
vn -0.141011 -0.986842 0.079117
vn -0.060808 -0.996753 0.052781
vn 0.002166 -0.999631 0.027087
vn 0.012816 -0.999882 0.008515
vn -0.047101 -0.99889 0.000463
vn -0.180261 -0.983608 0.004534
vn -0.36634 -0.930227 0.021746
vn -0.550218 -0.833369 0.052503
vn -0.680582 -0.726833 0.092318
vn -0.751709 -0.645796 0.13372
vn -0.77883 -0.603419 0.171197
vn -0.776542 -0.597368 0.200336
vn -0.756294 -0.617178 0.217051
vn -0.728504 -0.649011 0.219239
vn -0.703799 -0.678529 0.210392
vn -0.695786 -0.690145 0.198954
vn -0.707682 -0.680875 0.188667
vn -0.729299 -0.66034 0.179093
vn -0.74687 -0.643366 0.168121
vn -0.750831 -0.64233 0.153834
vn -0.739279 -0.65957 0.135768
vn -0.71907 -0.685152 0.116216
vn -0.707054 -0.699745 0.102135
vn -0.718288 -0.688071 0.103052
vn -0.751421 -0.648746 0.120394
vn -0.798592 -0.582347 0.15206
vn -0.850053 -0.489707 0.193897
vn -0.898392 -0.369328 0.237674
vn -0.936102 -0.223337 0.271725
vn -0.953142 -0.079777 0.291813
vn -0.953376 0.029854 0.300306
vn -0.949485 0.093463 0.299571
vn -0.94995 0.112499 0.291441
vn -0.955835 0.097507 0.277257
vn -0.963569 0.066004 0.259189
vn -0.969701 0.038318 0.241273
vn -0.973101 0.029382 0.228498
vn -0.973135 0.042762 0.22623
vn -0.968182 0.073236 0.239289
vn -0.958784 0.10782 0.262885
vn -0.948228 0.134836 0.287546
vn -0.941676 0.145664 0.303361
vn -0.943918 0.133105 0.302162
vn -0.95479 0.097015 0.281005
vn -0.96707 0.058589 0.247677
vn -0.975024 0.050018 0.216392
vn -0.976014 0.091882 0.19737
vn -0.962233 0.190315 0.194648
vn -0.919556 0.333522 0.207799
vn -0.839997 0.489044 0.235032
vn -0.741976 0.609639 0.278947
vn -0.657654 0.671793 0.34086
vn -0.588804 0.698601 0.40653
vn -0.521789 0.722876 0.452975
vn -0.484326 0.738512 0.469071
vn 0.8344 0.405644 0.373136
vn 0.783063 0.506091 0.361504
vn 0.896171 0.274961 0.348243
vn 0.923139 0.22773 0.309762
vn 0.926169 0.255233 0.277609
vn 0.913263 0.311717 0.262265
vn 0.895672 0.3575 0.26451
vn 0.883249 0.377254 0.27848
vn 0.87897 0.371374 0.299155
vn 0.882753 0.344076 0.319935
vn 0.893032 0.303996 0.331784
vn 0.905418 0.26834 0.328954
vn 0.915706 0.251588 0.313345
vn 0.922202 0.260034 0.286225
vn 0.924488 0.287162 0.250718
vn 0.925079 0.313969 0.213663
vn 0.929912 0.318375 0.184124
vn 0.942797 0.286913 0.169751
vn 0.960138 0.218727 0.174048
vn 0.973269 0.118326 0.196841
vn 0.972011 -0.006896 0.234833
vn 0.948824 -0.144576 0.280767
vn 0.90376 -0.279681 0.324032
vn 0.84578 -0.399868 0.353215
vn 0.792335 -0.492021 0.360722
vn 0.763312 -0.543175 0.349735
vn 0.765844 -0.553898 0.326619
vn 0.791328 -0.535239 0.295498
vn 0.823089 -0.504545 0.260689
vn 0.846574 -0.480734 0.228489
vn 0.855599 -0.475168 0.205343
vn 0.849266 -0.490951 0.194203
vn 0.832161 -0.52088 0.190241
vn 0.816032 -0.547519 0.185244
vn 0.812471 -0.55603 0.175277
vn 0.825897 -0.54103 0.158684
vn 0.851201 -0.50687 0.136162
vn 0.87623 -0.468784 0.111634
vn 0.892009 -0.443023 0.089724
vn 0.89184 -0.446693 0.071319
vn 0.862423 -0.502855 0.057996
vn 0.786424 -0.615638 0.050277
vn 0.652057 -0.756766 0.04611
vn 0.47892 -0.876818 0.042734
vn 0.320474 -0.946453 0.039021
vn 0.220516 -0.974721 0.035935
vn 0.18948 -0.981254 0.035179
vn 0.213894 -0.976156 0.036995
vn 0.26974 -0.962099 0.040066
vn 0.32763 -0.943742 0.044831
vn 0.362204 -0.930631 0.052297
vn 0.364361 -0.929195 0.061944
vn 0.342861 -0.936747 0.070371
vn 0.321207 -0.944261 0.07209
vn 0.327667 -0.942677 0.063197
vn 0.377016 -0.925217 0.042802
vn 0.456021 -0.889864 0.013667
vn 0.527672 -0.849273 -0.017243
vn 0.557369 -0.829147 -0.043081
vn 0.524889 -0.848998 -0.060782
vn 0.414275 -0.907519 -0.06918
vn 0.217932 -0.973701 -0.066417
vn -0.027007 -0.998268 -0.052263
vn -0.238216 -0.970674 -0.032323
vn -0.363331 -0.931568 -0.013065
vn -0.40369 -0.914888 0.003831
vn -0.378487 -0.925433 0.017913
vn -0.311587 -0.949762 0.029433
vn -0.236693 -0.970775 0.039658
vn -0.18755 -0.980967 0.050294
vn -0.178388 -0.982032 0.06157
vn -0.198539 -0.977555 0.070494
vn -0.219679 -0.972921 0.071878
vn -0.212204 -0.975214 0.062673
vn -0.162768 -0.985747 0.042526
vn -0.085005 -0.996274 0.0146
vn -0.016198 -0.99977 -0.014062
vn 0.005962 -0.999312 -0.036594
vn -0.040101 -0.997986 -0.049149
vn -0.159947 -0.985892 -0.04933
vn -0.339424 -0.94001 -0.034232
vn -0.52682 -0.849976 -0.001304
vn -0.664742 -0.745756 0.044342
vn -0.742733 -0.663132 0.092757
vn -0.775531 -0.616355 0.136595
vn -0.778461 -0.604082 0.170541
vn -0.763306 -0.617429 0.190122
vn -0.739225 -0.645183 0.193093
vn -0.714365 -0.675361 0.183223
vn -0.702958 -0.690557 0.170236
vn -0.711561 -0.684399 0.158992
vn -0.732258 -0.66442 0.149481
vn -0.751653 -0.644682 0.139292
vn -0.759227 -0.638551 0.125807
vn -0.751634 -0.650703 0.107854
vn -0.73396 -0.673568 0.087232
vn -0.721872 -0.688377 0.070984
vn -0.73189 -0.677891 0.069284
vn -0.763497 -0.640395 0.083464
vn -0.80835 -0.578033 0.111568
vn -0.8566 -0.493636 0.1502
vn -0.902131 -0.386061 0.19266
vn -0.940762 -0.250063 0.228989
vn -0.961306 -0.106379 0.254113
vn -0.963395 0.010657 0.267876
vn -0.95886 0.084213 0.271102
vn -0.95754 0.112838 0.265302
vn -0.961985 0.105089 0.252074
vn -0.969218 0.077001 0.233854
vn -0.975422 0.048593 0.214919
vn -0.978983 0.036106 0.200721
vn -0.979276 0.045203 0.197423
vn -0.974804 0.072981 0.210787
vn -0.965747 0.107615 0.23612
vn -0.954787 0.137546 0.263558
vn -0.946867 0.153922 0.282401
vn -0.947494 0.148313 0.2833
vn -0.958002 0.116706 0.261939
vn -0.971294 0.076096 0.225384
vn -0.980284 0.059268 0.188498
vn -0.982537 0.090072 0.162814
vn -0.971971 0.177945 0.153647
vn -0.935199 0.314898 0.161996
vn -0.860488 0.473667 0.187617
vn -0.760902 0.605455 0.23335
vn -0.67262 0.676626 0.299599
vn -0.602025 0.706594 0.371875
vn -0.532827 0.731091 0.426148
vn -0.491827 0.747017 0.447294
vn 0.825104 0.455711 0.333963
vn 0.770455 0.552057 0.318798
vn 0.894536 0.318209 0.313925
vn 0.927136 0.252579 0.276809
vn 0.933048 0.263133 0.245319
vn 0.921941 0.310078 0.232112
vn 0.90452 0.35409 0.237621
vn 0.891016 0.375841 0.254623
vn 0.885499 0.372739 0.27741
vn 0.888765 0.347121 0.299338
vn 0.899405 0.306507 0.311648
vn 0.912509 0.267814 0.309198
vn 0.923598 0.245426 0.294505
vn 0.930969 0.247071 0.2688
vn 0.934057 0.26929 0.234565
vn 0.934691 0.295489 0.197584
vn 0.938212 0.303589 0.16611
vn 0.9491 0.278195 0.147704
vn 0.965194 0.216784 0.146305
vn 0.978982 0.123256 0.162487
vn 0.980949 0.004596 0.194213
vn 0.963352 -0.127617 0.235937
vn 0.924731 -0.2595 0.278447
vn 0.87167 -0.379259 0.310411
vn 0.818694 -0.47504 0.322608
vn 0.784224 -0.533777 0.316347
vn 0.777763 -0.553656 0.297573
vn 0.794619 -0.54345 0.270636
vn 0.821202 -0.517963 0.23946
vn 0.843661 -0.494312 0.209504
vn 0.854545 -0.484548 0.186991
vn 0.850429 -0.496023 0.175302
vn 0.833396 -0.525831 0.170158
vn 0.814877 -0.555938 0.164036
vn 0.807486 -0.569502 0.153736
vn 0.817097 -0.559797 0.137768
vn 0.840539 -0.529133 0.116242
vn 0.866545 -0.490571 0.091864
vn 0.885235 -0.460118 0.068197
vn 0.88953 -0.454602 0.045533
vn 0.867272 -0.497192 0.025281
vn 0.803106 -0.595771 0.00881
vn 0.68378 -0.729678 -0.003738
vn 0.51938 -0.854454 -0.012361
vn 0.355979 -0.934337 -0.017157
vn 0.241816 -0.970147 -0.018426
vn 0.19522 -0.980629 -0.016019
vn 0.207949 -0.978083 -0.0105
vn 0.258197 -0.966085 -0.003674
vn 0.316654 -0.948531 0.004311
vn 0.355772 -0.934469 0.013892
vn 0.362935 -0.931492 0.024497
vn 0.343636 -0.938512 0.033306
vn 0.319096 -0.947054 0.035588
vn 0.31749 -0.947852 0.027873
vn 0.35705 -0.934041 0.009068
vn 0.430835 -0.902232 -0.018958
vn 0.505648 -0.861271 -0.050325
vn 0.544863 -0.83483 -0.078633
vn 0.525637 -0.844714 -0.100817
vn 0.431894 -0.894491 -0.115559
vn 0.253148 -0.959993 -0.119704
vn 0.015421 -0.993865 -0.109518
vn -0.20435 -0.97492 -0.088157
vn -0.344265 -0.93667 -0.064278
vn -0.39777 -0.916495 -0.042601
vn -0.382637 -0.923567 -0.024738
vn -0.322139 -0.946634 -0.010501
vn -0.248442 -0.968646 0.001456
vn -0.195762 -0.980567 0.012885
vn -0.181665 -0.983059 0.024346
vn -0.199574 -0.979312 0.033443
vn -0.223779 -0.974 0.035312
vn -0.224262 -0.974163 0.026691
vn -0.183987 -0.982907 0.006601
vn -0.110729 -0.993596 -0.022482
vn -0.038098 -0.997828 -0.053736
vn -0.005473 -0.996786 -0.079927
vn -0.037923 -0.99458 -0.096808
vn -0.143861 -0.984381 -0.101481
vn -0.314922 -0.944884 -0.089543
vn -0.503712 -0.862056 -0.055974
vn -0.647932 -0.761677 -0.005682
vn -0.732282 -0.679219 0.049243
vn -0.770558 -0.629542 0.099587
vn -0.778552 -0.611999 0.138974
vn -0.768486 -0.618932 0.162333
vn -0.748625 -0.641616 0.167002
vn -0.724479 -0.671243 0.156725
vn -0.710136 -0.689501 0.14246
vn -0.715236 -0.686618 0.130358
vn -0.73446 -0.667764 0.121077
vn -0.755225 -0.645811 0.112086
vn -0.766272 -0.634674 0.100081
vn -0.762878 -0.641185 0.083053
vn -0.748259 -0.660494 0.062098
vn -0.736205 -0.675316 0.044164
vn -0.744783 -0.6661 0.040117
vn -0.774929 -0.629976 0.051139
vn -0.817771 -0.570604 0.075241
vn -0.863003 -0.493177 0.109557
vn -0.90523 -0.398042 0.148734
vn -0.943781 -0.273925 0.185045
vn -0.967784 -0.132956 0.213814
vn -0.972509 -0.010424 0.232632
vn -0.968003 0.072324 0.240289
vn -0.965067 0.110616 0.237509
vn -0.967826 0.110788 0.225917
vn -0.974203 0.087202 0.208144
vn -0.98026 0.059169 0.188653
vn -0.983898 0.043775 0.173286
vn -0.984424 0.048538 0.168976
vn -0.980483 0.073097 0.182512
vn -0.971943 0.107089 0.209426
vn -0.960838 0.139218 0.239603
vn -0.951687 0.16066 0.261688
vn -0.950433 0.162311 0.2652
vn -0.96 0.136706 0.244358
vn -0.974003 0.095846 0.205261
vn -0.983966 0.071982 0.163185
vn -0.98711 0.092048 0.130924
vn -0.978901 0.168891 0.115019
vn -0.947199 0.298251 0.117727
vn -0.877431 0.458683 0.140449
vn -0.776908 0.601247 0.186857
vn -0.68515 0.681727 0.256551
vn -0.613932 0.714854 0.33477
vn -0.544682 0.738809 0.396841
vn -0.501463 0.754473 0.423445
vn 0.810625 0.507366 0.292347
vn 0.754215 0.596353 0.274814
vn 0.887986 0.3671 0.276981
vn 0.928036 0.283305 0.241842
vn 0.937829 0.275265 0.211438
vn 0.929066 0.310752 0.200672
vn 0.912255 0.351767 0.209885
vn 0.897928 0.374965 0.230493
vn 0.891264 0.374392 0.25589
vn 0.894059 0.350291 0.279203
vn 0.905093 0.309191 0.291903
vn 0.918885 0.267953 0.289572
vn 0.930724 0.240507 0.275517
vn 0.938908 0.235415 0.251062
vn 0.942799 0.252026 0.218205
vn 0.943677 0.276469 0.181766
vn 0.94617 0.287296 0.149078
vn 0.955117 0.267445 0.127377
vn 0.969646 0.212575 0.120827
vn 0.983406 0.125919 0.130601
vn 0.987685 0.014297 0.155798
vn 0.974966 -0.111152 0.192579
vn 0.942883 -0.237683 0.233407
vn 0.895887 -0.354674 0.267568
vn 0.845092 -0.452643 0.284489
vn 0.806501 -0.518883 0.283403
vn 0.791416 -0.548669 0.269485
vn 0.79903 -0.548129 0.247195
vn 0.81925 -0.529468 0.22021
vn 0.839676 -0.507551 0.193226
vn 0.852122 -0.494251 0.172059
vn 0.850418 -0.501141 0.160145
vn 0.833619 -0.53059 0.153472
vn 0.81286 -0.564027 0.14537
vn 0.801822 -0.582412 0.133711
vn 0.80754 -0.578001 0.117449
vn 0.828675 -0.551371 0.09637
vn 0.855114 -0.5134 0.072121
vn 0.876259 -0.479537 0.047056
vn 0.884613 -0.465864 0.020752
vn 0.868792 -0.495146 -0.005554
vn 0.815199 -0.578406 -0.029939
vn 0.710499 -0.701863 -0.050792
vn 0.557357 -0.827665 -0.065748
vn 0.392766 -0.916733 -0.073039
vn 0.266473 -0.961052 -0.073291
vn 0.204661 -0.976472 -0.06794
vn 0.205167 -0.976964 -0.058718
vn 0.248734 -0.96738 -0.048041
vn 0.30647 -0.951177 -0.036593
vn 0.349217 -0.936721 -0.024538
vn 0.361128 -0.93243 -0.012691
vn 0.344444 -0.9388 -0.003462
vn 0.317899 -0.948124 -0.000809
vn 0.308913 -0.95106 -0.007626
vn 0.338203 -0.94074 -0.025051
vn 0.404754 -0.912948 -0.051961
vn 0.480427 -0.873052 -0.083486
vn 0.527839 -0.841701 -0.11369
vn 0.521158 -0.841975 -0.139543
vn 0.44372 -0.881804 -0.159797
vn 0.283425 -0.943675 -0.170728
vn 0.0568 -0.984515 -0.165842
vn -0.167624 -0.975157 -0.144816
vn -0.321056 -0.9398 -0.117044
vn -0.387687 -0.917343 -0.090453
vn -0.382896 -0.921257 -0.068383
vn -0.329603 -0.942744 -0.050953
vn -0.25854 -0.965298 -0.036824
vn -0.203737 -0.978725 -0.024265
vn -0.185351 -0.982593 -0.012488
vn -0.200694 -0.979648 -0.003292
vn -0.227059 -0.973881 -0.001037
vn -0.23486 -0.971988 -0.008978
vn -0.204244 -0.9785 -0.028664
vn -0.137393 -0.988792 -0.058429
vn -0.063176 -0.993767 -0.091849
vn -0.021456 -0.992376 -0.121368
vn -0.040763 -0.98898 -0.142327
vn -0.13247 -0.979534 -0.15154
vn -0.293611 -0.945087 -0.143541
vn -0.481673 -0.869317 -0.110808
vn -0.630688 -0.773918 -0.057295
vn -0.720675 -0.693265 0.003283
vn -0.764097 -0.642309 0.059954
vn -0.7769 -0.620772 0.105205
vn -0.771761 -0.621806 0.133195
vn -0.756408 -0.638813 0.140588
vn -0.733754 -0.666718 0.130741
vn -0.717042 -0.687364 0.115683
vn -0.718582 -0.687776 0.102979
vn -0.735868 -0.670544 0.094171
vn -0.75757 -0.646955 0.086817
vn -0.771947 -0.631006 0.076995
vn -0.772962 -0.63144 0.061758
vn -0.761857 -0.646428 0.041292
vn -0.749841 -0.661246 0.022196
vn -0.756686 -0.65358 0.016089
vn -0.785491 -0.618407 0.024029
vn -0.82677 -0.560832 0.043803
vn -0.869387 -0.488733 0.072845
vn -0.908038 -0.405016 0.106908
vn -0.945367 -0.294062 0.140745
vn -0.972363 -0.158674 0.171266
vn -0.980359 -0.032978 0.194444
vn -0.976685 0.057822 0.206742
vn -0.972494 0.105614 0.207609
vn -0.973447 0.114221 0.198378
vn -0.978634 0.096143 0.181745
vn -0.984285 0.069627 0.162281
vn -0.987892 0.05212 0.146123
vn -0.98862 0.052649 0.14092
vn -0.985242 0.07357 0.154547
vn -0.977373 0.106294 0.182876
vn -0.966385 0.13992 0.215692
vn -0.956209 0.165872 0.241146
vn -0.952912 0.174907 0.247721
vn -0.960947 0.156665 0.228117
vn -0.975251 0.117595 0.187235
vn -0.986149 0.088183 0.140476
vn -0.98996 0.098045 0.101815
vn -0.983362 0.16357 0.079019
vn -0.955794 0.284192 0.075449
vn -0.890733 0.44468 0.094098
vn -0.78967 0.597353 0.13997
vn -0.694766 0.687255 0.212086
vn -0.623947 0.723498 0.295367
vn -0.55694 0.746074 0.364954
vn -0.513064 0.760862 0.397308
vn 0.790887 0.559126 0.248749
vn 0.734969 0.637791 0.230311
vn 0.875543 0.420834 0.237325
vn 0.925086 0.319895 0.204656
vn 0.940172 0.29183 0.175819
vn 0.934477 0.313987 0.167826
vn 0.918765 0.350782 0.18117
vn 0.903902 0.374882 0.205971
vn 0.896212 0.376557 0.234541
vn 0.898625 0.353695 0.259564
vn 0.910132 0.311971 0.272644
vn 0.924587 0.268573 0.270201
vn 0.937115 0.236707 0.256488
vn 0.946042 0.225143 0.233055
vn 0.950698 0.235674 0.201573
vn 0.951963 0.257301 0.166019
vn 0.95372 0.269802 0.132762
vn 0.96088 0.254826 0.108503
vn 0.973665 0.206126 0.097414
vn 0.986839 0.126199 0.101106
vn 0.992567 0.021918 0.119711
vn 0.983885 -0.095638 0.151072
vn 0.958112 -0.214724 0.189511
vn 0.917961 -0.326437 0.225359
vn 0.870897 -0.424885 0.247003
vn 0.829652 -0.498404 0.251537
vn 0.806566 -0.538871 0.24304
vn 0.80456 -0.54923 0.225895
vn 0.817344 -0.538969 0.203618
vn 0.834677 -0.520402 0.180267
vn 0.848304 -0.504387 0.161163
vn 0.849141 -0.506593 0.149407
vn 0.832604 -0.535659 0.140857
vn 0.809613 -0.572423 0.129837
vn 0.795103 -0.595341 0.11567
vn 0.796973 -0.596008 0.098023
vn 0.815501 -0.573661 0.076623
vn 0.841868 -0.537149 0.05224
vn 0.864974 -0.501146 0.025921
vn 0.877012 -0.480455 -0.003567
vn 0.867097 -0.496899 -0.035133
vn 0.822972 -0.564178 -0.06649
vn 0.732067 -0.674558 -0.095129
vn 0.591835 -0.797527 -0.11697
vn 0.429729 -0.893833 -0.128045
vn 0.293932 -0.94718 -0.128272
vn 0.217705 -0.968566 -0.12035
vn 0.205764 -0.972681 -0.10748
vn 0.241798 -0.965869 -0.092896
vn 0.297581 -0.951521 -0.0778
vn 0.342893 -0.937262 -0.062957
vn 0.359055 -0.931999 -0.049578
vn 0.345176 -0.937692 -0.03984
vn 0.317411 -0.947567 -0.036963
vn 0.301892 -0.952365 -0.04315
vn 0.320819 -0.945274 -0.059434
vn 0.378427 -0.921692 -0.085305
vn 0.452482 -0.884089 -0.116824
vn 0.506407 -0.849411 -0.148505
vn 0.511418 -0.840837 -0.177326
vn 0.449615 -0.870035 -0.202201
vn 0.308048 -0.925726 -0.219404
vn 0.095703 -0.970652 -0.220628
vn -0.129092 -0.970898 -0.201725
vn -0.294091 -0.940324 -0.171176
vn -0.37352 -0.917026 -0.13981
vn -0.379167 -0.918376 -0.113213
vn -0.333653 -0.938184 -0.092119
vn -0.266485 -0.960892 -0.075319
vn -0.211031 -0.975561 -0.06121
vn -0.18926 -0.980709 -0.048892
vn -0.201986 -0.978587 -0.039612
vn -0.229698 -0.972555 -0.037086
vn -0.244011 -0.968759 -0.044319
vn -0.2232 -0.972716 -0.063294
vn -0.164393 -0.981978 -0.093243
vn -0.090977 -0.987548 -0.128348
vn -0.041884 -0.986093 -0.160833
vn -0.048772 -0.981417 -0.185583
vn -0.126166 -0.971797 -0.199232
vn -0.276171 -0.940978 -0.19568
vn -0.461454 -0.871666 -0.1651
vn -0.613581 -0.781945 -0.109913
vn -0.70826 -0.704526 -0.044847
vn -0.756331 -0.653952 0.017631
vn -0.773563 -0.629964 0.068891
vn -0.773035 -0.626073 0.102224
vn -0.76226 -0.637259 0.113404
vn -0.741738 -0.662418 0.105015
vn -0.723292 -0.684667 0.089889
vn -0.721378 -0.688243 0.077038
vn -0.736383 -0.673031 0.069068
vn -0.758646 -0.648367 0.063845
vn -0.776232 -0.627872 0.056929
vn -0.78185 -0.621885 0.044385
vn -0.774657 -0.631876 0.025287
vn -0.762565 -0.646887 0.005557
vn -0.767318 -0.641262 -0.002331
vn -0.794967 -0.606647 0.002655
vn -0.835281 -0.549533 0.017893
vn -0.875896 -0.480765 0.040878
vn -0.91096 -0.40682 0.068187
vn -0.94588 -0.309659 0.097069
vn -0.974943 -0.182617 0.12703
vn -0.986558 -0.056483 0.15334
vn -0.984576 0.040787 0.170137
vn -0.979691 0.097623 0.175146
vn -0.978883 0.115 0.169007
vn -0.982609 0.103331 0.154282
vn -0.987577 0.079492 0.135544
vn -0.991018 0.060803 0.11911
vn -0.99191 0.057358 0.113246
vn -0.989119 0.074338 0.126955
vn -0.982046 0.105247 0.156552
vn -0.971426 0.139713 0.191862
vn -0.960481 0.169583 0.220722
vn -0.955084 0.185959 0.230726
vn -0.961012 0.176251 0.213054
vn -0.975087 0.141064 0.171191
vn -0.986855 0.107856 0.120349
vn -0.991245 0.108285 0.075547
vn -0.985665 0.162373 0.045815
vn -0.961275 0.273291 0.035515
vn -0.900418 0.432249 0.049072
vn -0.79895 0.594134 0.09319
vn -0.701041 0.693384 0.166614
vn -0.631483 0.73265 0.253875
vn -0.56912 0.752944 0.330422
vn -0.526375 0.766166 0.368673
vn 0.76616 0.609482 0.203789
vn 0.713598 0.675396 0.18606
vn 0.856283 0.478272 0.195029
vn 0.917366 0.362202 0.165076
vn 0.93963 0.313001 0.138298
vn 0.937975 0.319996 0.133439
vn 0.923928 0.351365 0.151328
vn 0.90885 0.375846 0.180917
vn 0.900279 0.379483 0.213285
vn 0.90244 0.357484 0.24043
vn 0.914552 0.314803 0.253956
vn 0.929664 0.269484 0.251204
vn 0.94281 0.233851 0.237537
vn 0.952403 0.216249 0.214861
vn 0.957756 0.220463 0.18466
vn 0.95949 0.238357 0.150214
vn 0.960782 0.251443 0.11694
vn 0.966381 0.240533 0.090835
vn 0.977368 0.197482 0.075844
vn 0.989531 0.123985 0.073863
vn 0.995928 0.027176 0.085963
vn 0.990397 -0.081528 0.111658
vn 0.970455 -0.191146 0.14724
vn 0.937548 -0.294954 0.184405
vn 0.895529 -0.391914 0.210786
vn 0.853184 -0.472293 0.221395
vn 0.822956 -0.524218 0.218948
vn 0.811172 -0.546759 0.207498
vn 0.815562 -0.546441 0.190423
vn 0.828707 -0.532825 0.171298
vn 0.84305 -0.51503 0.154954
vn 0.846481 -0.512638 0.143775
vn 0.830075 -0.541563 0.132987
vn 0.804681 -0.581857 0.118032
vn 0.786824 -0.609006 0.1001
vn 0.784997 -0.614333 0.079839
vn 0.800794 -0.596206 0.057165
vn 0.826679 -0.561753 0.032166
vn 0.851224 -0.524783 0.004523
vn 0.86657 -0.498277 -0.027874
vn 0.862187 -0.502526 -0.06404
vn 0.826639 -0.553516 -0.101431
vn 0.748519 -0.648795 -0.137057
vn 0.622057 -0.765212 -0.165817
vn 0.465764 -0.866056 -0.181692
vn 0.323525 -0.928356 -0.182993
vn 0.23417 -0.956673 -0.173033
vn 0.209903 -0.965093 -0.15664
vn 0.237817 -0.96144 -0.138118
vn 0.290519 -0.949412 -0.119225
vn 0.337228 -0.935955 -0.101321
vn 0.356904 -0.930163 -0.086123
vn 0.345765 -0.935259 -0.075747
vn 0.317415 -0.945492 -0.072745
vn 0.29629 -0.951863 -0.078543
vn 0.305118 -0.947671 -0.093932
vn 0.352461 -0.928244 -0.118888
vn 0.422371 -0.893868 -0.150341
vn 0.480733 -0.857507 -0.18324
vn 0.496355 -0.841207 -0.214482
vn 0.44945 -0.859581 -0.243135
vn 0.326476 -0.907052 -0.265839
vn 0.130809 -0.952953 -0.273439
vn -0.089991 -0.961875 -0.25826
vn -0.263924 -0.937604 -0.226371
vn -0.355427 -0.915047 -0.190684
vn -0.3714 -0.914688 -0.159401
vn -0.334015 -0.932964 -0.134209
vn -0.271796 -0.955555 -0.114204
vn -0.217154 -0.971201 -0.098042
vn -0.193121 -0.977499 -0.084855
vn -0.203473 -0.976171 -0.075426
vn -0.231882 -0.97002 -0.072739
vn -0.251795 -0.964526 -0.079301
vn -0.240604 -0.965731 -0.097328
vn -0.191145 -0.973316 -0.126961
vn -0.120955 -0.979148 -0.163217
vn -0.066568 -0.977883 -0.198275
vn -0.06206 -0.97203 -0.226509
vn -0.125284 -0.961549 -0.244394
vn -0.263194 -0.932971 -0.245547
vn -0.443762 -0.869173 -0.218205
vn -0.597197 -0.785379 -0.162899
vn -0.695416 -0.712335 -0.094736
vn -0.747452 -0.663755 -0.0273
vn -0.76858 -0.63906 0.029796
vn -0.772175 -0.631657 0.068962
vn -0.765826 -0.637412 0.084945
vn -0.747906 -0.659064 0.079194
vn -0.728389 -0.682076 0.064972
vn -0.723286 -0.688537 0.052674
vn -0.73582 -0.675607 0.046081
vn -0.758367 -0.65037 0.043568
vn -0.779094 -0.62561 0.040313
vn -0.789515 -0.612929 0.031377
vn -0.786565 -0.617337 0.014539
vn -0.77415 -0.63298 -0.005324
vn -0.776377 -0.630096 -0.014754
vn -0.803133 -0.595668 -0.012548
vn -0.843244 -0.537527 -0.001935
vn -0.882683 -0.469749 0.014389
vn -0.91444 -0.403331 0.033532
vn -0.945837 -0.319939 0.055058
vn -0.975585 -0.203802 0.081846
vn -0.990736 -0.080294 0.109525
vn -0.991253 0.021366 0.130234
vn -0.986419 0.086437 0.139666
vn -0.984094 0.112714 0.137313
vn -0.986193 0.108246 0.125324
vn -0.990214 0.08824 0.108123
vn -0.993331 0.069418 0.092062
vn -0.994346 0.062426 0.085902
vn -0.992157 0.075288 0.099777
vn -0.985982 0.103924 0.130536
vn -0.975961 0.138633 0.168172
vn -0.96453 0.171825 0.200393
vn -0.957074 0.195375 0.214097
vn -0.960371 0.195167 0.198993
vn -0.973562 0.165935 0.156977
vn -0.986053 0.130936 0.102735
vn -0.991041 0.122965 0.052125
vn -0.98606 0.165665 0.015494
vn -0.963949 0.26608 -0.001837
vn -0.90659 0.421973 0.005782
vn -0.80458 0.591983 0.046977
vn -0.703578 0.700318 0.120548
vn -0.635938 0.742465 0.210543
vn -0.580674 0.759506 0.293203
vn -0.541051 0.770375 0.337322
vn 0.737054 0.657068 0.158156
vn 0.691151 0.708479 0.142716
vn 0.82944 0.537986 0.150335
vn 0.903788 0.409933 0.12297
vn 0.935622 0.338929 0.098684
vn 0.939312 0.328964 0.097343
vn 0.927603 0.353707 0.120183
vn 0.912669 0.378099 0.155163
vn 0.903385 0.383442 0.192011
vn 0.90547 0.361853 0.221781
vn 0.918384 0.317683 0.2359
vn 0.934175 0.2705 0.232695
vn 0.947857 0.231724 0.218796
vn 0.958029 0.20865 0.196585
vn 0.963993 0.206542 0.167506
vn 0.96622 0.21997 0.134284
vn 0.967276 0.232564 0.101442
vn 0.971582 0.224793 0.074143
vn 0.980825 0.186706 0.055887
vn 0.991681 0.119163 0.048675
vn 0.998072 0.029774 0.054453
vn 0.994818 -0.069282 0.074412
vn 0.98006 -0.167491 0.106906
vn 0.954441 -0.260688 0.145205
vn 0.918482 -0.353934 0.17641
vn 0.876622 -0.440516 0.193595
vn 0.840326 -0.504661 0.197912
vn 0.818799 -0.540746 0.192777
vn 0.813945 -0.5519 0.181385
vn 0.821779 -0.544784 0.167002
vn 0.836289 -0.526196 0.154073
vn 0.842282 -0.519472 0.143907
vn 0.825695 -0.548814 0.130501
vn 0.797499 -0.59311 0.110524
vn 0.77633 -0.624226 0.087486
vn 0.77105 -0.633624 0.063274
vn 0.784193 -0.619338 0.038232
vn 0.80934 -0.587219 0.011946
vn 0.834801 -0.550281 -0.017291
vn 0.853052 -0.519177 -0.05251
vn 0.853949 -0.512018 -0.092782
vn 0.826324 -0.546686 -0.135365
vn 0.759979 -0.625368 -0.177051
vn 0.647524 -0.731865 -0.212334
vn 0.499838 -0.83401 -0.233643
vn 0.354491 -0.904494 -0.237122
vn 0.253788 -0.940532 -0.225814
vn 0.217685 -0.954011 -0.2061
vn 0.237185 -0.953952 -0.183625
vn 0.285843 -0.944689 -0.1608
vn 0.332719 -0.932638 -0.139586
vn 0.354946 -0.926855 -0.122288
vn 0.346198 -0.931558 -0.111117
vn 0.317695 -0.942018 -0.10804
vn 0.291903 -0.949671 -0.113656
vn 0.291189 -0.948012 -0.128384
vn 0.327377 -0.932496 -0.152566
vn 0.390713 -0.901945 -0.183955
vn 0.451064 -0.865471 -0.217949
vn 0.475892 -0.84285 -0.251258
vn 0.443058 -0.850662 -0.282974
vn 0.338287 -0.888413 -0.310297
vn 0.160957 -0.932244 -0.324059
vn -0.051684 -0.948069 -0.313837
vn -0.231299 -0.931045 -0.282235
vn -0.333667 -0.910831 -0.243011
vn -0.359593 -0.909839 -0.20709
vn -0.330459 -0.92699 -0.177447
vn -0.274013 -0.949367 -0.153685
vn -0.22158 -0.965767 -0.134891
vn -0.196581 -0.973067 -0.120405
vn -0.205109 -0.972462 -0.110667
vn -0.233784 -0.966283 -0.107897
vn -0.258354 -0.959315 -0.113879
vn -0.256307 -0.957704 -0.130805
vn -0.217109 -0.963003 -0.159655
vn -0.152486 -0.968577 -0.196486
vn -0.095211 -0.96764 -0.233682
vn -0.080689 -0.960841 -0.265093
vn -0.13012 -0.949063 -0.286963
vn -0.255198 -0.921464 -0.292879
vn -0.429266 -0.862004 -0.269593
vn -0.582153 -0.783966 -0.215625
vn -0.682578 -0.716102 -0.145893
vn -0.737684 -0.671007 -0.074639
vn -0.761978 -0.647488 -0.012216
vn -0.769001 -0.638396 0.03299
vn -0.766683 -0.639694 0.054664
vn -0.751639 -0.657456 0.052828
vn -0.731699 -0.68041 0.040728
vn -0.723823 -0.689335 0.029961
vn -0.733892 -0.678787 0.025508
vn -0.756588 -0.653358 0.026414
vn -0.780474 -0.624578 0.027617
vn -0.795922 -0.604955 0.023192
vn -0.797474 -0.603279 0.009488
vn -0.784336 -0.620254 -0.010078
vn -0.783521 -0.621015 -0.020871
vn -0.809731 -0.586417 -0.021233
vn -0.850587 -0.525614 -0.015217
vn -0.889894 -0.456128 -0.00597
vn -0.918929 -0.394404 0.003829
vn -0.945878 -0.324139 0.015739
vn -0.974542 -0.221202 0.036564
vn -0.992593 -0.103652 0.06336
vn -0.996218 -0.000214 0.086885
vn -0.992316 0.071854 0.100725
vn -0.988942 0.106923 0.102767
vn -0.989405 0.110322 0.09438
vn -0.99226 0.095288 0.079628
vn -0.994889 0.07749 0.064733
vn -0.995982 0.067553 0.058786
vn -0.994411 0.076256 0.073021
vn -0.989211 0.102257 0.104903
vn -0.979989 0.136689 0.144699
vn -0.968368 0.172634 0.180171
vn -0.958983 0.203102 0.197741
vn -0.959197 0.213155 0.185759
vn -0.970739 0.191864 0.144406
vn -0.983666 0.157293 0.087516
vn -0.98933 0.142249 0.031503
vn -0.984709 0.173795 -0.01194
vn -0.964091 0.263053 -0.036495
vn -0.909391 0.414426 -0.035488
vn -0.80642 0.591341 0.001704
vn -0.701964 0.70833 0.074263
vn -0.636647 0.753163 0.165607
vn -0.590961 0.765918 0.253249
vn -0.556646 0.773516 0.303015
vn 0.704391 0.70085 0.11244
vn 0.668714 0.736672 0.100671
vn 0.794453 0.598424 0.103598
vn 0.883074 0.462665 0.078237
vn 0.927389 0.369772 0.056727
vn 0.938176 0.341043 0.059295
vn 0.929634 0.357946 0.0875
vn 0.915249 0.381849 0.128492
vn 0.905434 0.38871 0.170569
vn 0.907658 0.36704 0.203568
vn 0.921646 0.320654 0.218519
vn 0.938181 0.271453 0.214778
vn 0.952315 0.230082 0.200394
vn 0.962968 0.202192 0.178355
vn 0.969441 0.193974 0.150191
vn 0.972137 0.20242 0.118217
vn 0.973134 0.213515 0.086143
vn 0.976424 0.20786 0.058223
vn 0.984062 0.173871 0.037293
vn 0.993432 0.1116 0.025278
vn 0.999257 0.029374 0.024941
vn 0.997464 -0.059399 0.039204
vn 0.987152 -0.144319 0.068583
vn 0.968556 -0.224106 0.108052
vn 0.939339 -0.311157 0.144303
vn 0.899523 -0.403002 0.168664
vn 0.858427 -0.480096 0.180584
vn 0.827363 -0.531202 0.182471
vn 0.812496 -0.555373 0.177234
vn 0.813877 -0.556214 0.168016
vn 0.827918 -0.537814 0.159085
vn 0.836339 -0.527187 0.150366
vn 0.819051 -0.557863 0.133954
vn 0.787386 -0.606958 0.107824
vn 0.762803 -0.641873 0.078291
vn 0.754378 -0.654629 0.048726
vn 0.765171 -0.643512 0.020121
vn 0.789536 -0.613648 -0.00827
vn 0.81544 -0.577488 -0.039553
vn 0.836154 -0.542964 -0.077694
vn 0.842158 -0.5253 -0.121776
vn 0.822036 -0.543819 -0.168871
vn 0.76659 -0.604827 -0.215696
vn 0.667962 -0.698479 -0.256815
vn 0.531059 -0.798404 -0.283775
vn 0.386004 -0.875588 -0.290426
vn 0.276189 -0.919842 -0.278587
vn 0.229136 -0.93917 -0.255843
vn 0.240256 -0.943212 -0.229409
vn 0.28412 -0.937161 -0.202498
vn 0.329932 -0.927125 -0.17772
vn 0.353538 -0.921973 -0.158041
vn 0.346538 -0.926621 -0.145894
vn 0.318058 -0.937263 -0.142746
vn 0.288477 -0.945925 -0.148347
vn 0.279001 -0.94642 -0.162628
vn 0.303581 -0.93444 -0.186171
vn 0.358143 -0.907974 -0.217523
vn 0.41773 -0.872754 -0.252591
vn 0.449941 -0.84541 -0.287812
vn 0.430201 -0.843322 -0.322079
vn 0.34309 -0.870381 -0.353165
vn 0.185143 -0.909369 -0.372518
vn -0.015592 -0.929691 -0.368011
vn -0.197168 -0.920136 -0.33834
vn -0.308638 -0.903731 -0.296669
vn -0.343814 -0.903356 -0.256399
vn -0.32279 -0.920052 -0.222062
vn -0.272692 -0.942339 -0.193999
vn -0.223747 -0.959363 -0.171929
vn -0.199204 -0.967525 -0.155608
vn -0.20676 -0.967544 -0.145292
vn -0.235545 -0.961366 -0.142458
vn -0.263871 -0.953138 -0.147986
vn -0.270254 -0.948761 -0.163754
vn -0.241826 -0.951251 -0.191421
vn -0.184899 -0.955889 -0.228228
vn -0.127402 -0.955215 -0.267082
vn -0.104655 -0.947747 -0.30137
vn -0.140952 -0.934462 -0.326977
vn -0.252666 -0.906754 -0.337575
vn -0.418617 -0.85033 -0.318904
vn -0.569116 -0.777508 -0.267561
vn -0.670266 -0.715269 -0.197823
vn -0.727323 -0.674978 -0.124118
vn -0.753804 -0.654605 -0.057208
vn -0.763281 -0.646038 -0.006077
vn -0.764304 -0.644481 0.021977
vn -0.752187 -0.65846 0.025375
vn -0.732424 -0.68064 0.016853
vn -0.722334 -0.691488 0.008899
vn -0.730167 -0.683226 0.00762
vn -0.753078 -0.657806 0.012823
vn -0.780273 -0.62514 0.019333
vn -0.801012 -0.598305 0.020292
vn -0.807249 -0.590117 0.010525
vn -0.792822 -0.609396 -0.008412
vn -0.788342 -0.614896 -0.020463
vn -0.814441 -0.579784 -0.023149
vn -0.857201 -0.51453 -0.021579
vn -0.897655 -0.44026 -0.019649
vn -0.924852 -0.379792 -0.020143
vn -0.946718 -0.321445 -0.019959
vn -0.972262 -0.233758 -0.007974
vn -0.991951 -0.125698 0.015295
vn -0.998919 -0.023652 0.040013
vn -0.996881 0.053659 0.057872
vn -0.993162 0.097118 0.06478
vn -0.992184 0.108924 0.060882
vn -0.993753 0.099978 0.049593
vn -0.995747 0.084464 0.036803
vn -0.996873 0.072373 0.031737
vn -0.995937 0.077026 0.046663
vn -0.991776 0.10013 0.079718
vn -0.983521 0.13385 0.121535
vn -0.971994 0.172035 0.160101
vn -0.960881 0.209119 0.181598
vn -0.957656 0.230005 0.173185
vn -0.966697 0.218489 0.133265
vn -0.979583 0.186717 0.074519
vn -0.985992 0.166238 0.013567
vn -0.981664 0.187076 -0.036572
vn -0.961904 0.264669 -0.068483
vn -0.908946 0.410181 -0.074625
vn -0.804281 0.592735 -0.042401
vn -0.69567 0.717815 0.02802
vn -0.632788 0.765092 0.119221
vn -0.599195 0.772454 0.210427
vn -0.572586 0.775689 0.26543
vn 0.668924 0.740315 0.066892
vn 0.647223 0.759948 0.05985
vn 0.750826 0.658195 0.055129
vn 0.853635 0.519964 0.030732
vn 0.913894 0.405775 0.01204
vn 0.934155 0.356366 0.018906
vn 0.929847 0.364122 0.052924
vn 0.916482 0.387224 0.100592
vn 0.906323 0.395546 0.148737
vn 0.908928 0.373322 0.185689
vn 0.924343 0.323814 0.201826
vn 0.941744 0.272204 0.197542
vn 0.956254 0.228663 0.182462
vn 0.967278 0.196662 0.160306
vn 0.974148 0.182737 0.132823
vn 0.977253 0.185916 0.102041
vn 0.978308 0.194621 0.07096
vn 0.980849 0.189992 0.042877
vn 0.987075 0.159034 0.019764
vn 0.994872 0.101086 0.003285
vn 0.99967 0.025517 -0.003025
vn 0.998606 -0.052488 0.005591
vn 0.991987 -0.122229 0.031966
vn 0.979915 -0.185626 0.072871
vn 0.957778 -0.26368 0.114605
vn 0.921499 -0.359517 0.146922
vn 0.877055 -0.450255 0.167469
vn 0.836802 -0.518034 0.17721
vn 0.811199 -0.556833 0.178585
vn 0.80496 -0.566986 0.174834
vn 0.817813 -0.549684 0.170378
vn 0.828405 -0.53573 0.163517
vn 0.809662 -0.569025 0.143732
vn 0.773534 -0.624076 0.110334
vn 0.745249 -0.662785 0.07293
vn 0.734028 -0.678133 0.0366
vn 0.743011 -0.669271 0.003184
vn 0.766824 -0.641235 -0.028245
vn 0.792803 -0.606298 -0.062181
vn 0.815501 -0.569421 -0.103531
vn 0.826483 -0.542234 -0.151356
vn 0.813667 -0.544916 -0.202516
vn 0.768469 -0.587455 -0.253677
vn 0.683287 -0.665766 -0.299792
vn 0.55873 -0.759892 -0.332242
vn 0.417223 -0.841652 -0.342852
vn 0.30089 -0.894234 -0.331377
vn 0.244179 -0.920191 -0.305983
vn 0.247317 -0.928919 -0.275578
vn 0.285914 -0.92657 -0.244378
vn 0.329495 -0.919179 -0.215736
vn 0.353138 -0.91537 -0.193369
vn 0.346932 -0.920448 -0.180035
vn 0.318351 -0.931344 -0.176779
vn 0.285725 -0.940776 -0.182489
vn 0.268414 -0.943047 -0.19651
vn 0.281338 -0.934159 -0.219537
vn 0.325266 -0.911737 -0.250873
vn 0.381137 -0.878827 -0.287051
vn 0.418421 -0.848413 -0.324221
vn 0.410546 -0.837425 -0.360792
vn 0.34046 -0.853293 -0.394941
vn 0.202486 -0.885061 -0.419125
vn 0.016857 -0.90709 -0.420599
vn -0.162695 -0.904447 -0.394342
vn -0.280932 -0.893026 -0.351542
vn -0.324237 -0.894618 -0.307457
vn -0.310865 -0.911794 -0.26832
vn -0.2674 -0.934382 -0.235432
vn -0.223053 -0.952055 -0.209378
vn -0.200466 -0.960986 -0.190576
vn -0.208196 -0.961513 -0.179294
vn -0.237259 -0.955309 -0.176333
vn -0.268556 -0.946002 -0.181542
vn -0.282485 -0.938996 -0.196186
vn -0.264937 -0.938276 -0.222366
vn -0.217516 -0.941187 -0.258562
vn -0.162618 -0.940437 -0.298552
vn -0.133879 -0.932503 -0.335432
vn -0.158043 -0.917663 -0.364578
vn -0.256082 -0.888951 -0.379722
vn -0.412513 -0.83419 -0.366005
vn -0.558869 -0.765712 -0.318356
vn -0.659157 -0.709186 -0.250135
vn -0.716803 -0.674827 -0.175505
vn -0.744167 -0.659651 -0.105244
vn -0.754736 -0.654223 -0.04864
vn -0.758006 -0.652103 -0.013763
vn -0.748597 -0.663014 -0.003807
vn -0.729545 -0.683896 -0.007066
vn -0.71794 -0.696024 -0.010593
vn -0.724041 -0.689717 -0.007354
vn -0.747496 -0.664259 0.003226
vn -0.778325 -0.627659 0.015947
vn -0.804681 -0.593258 0.023098
vn -0.815707 -0.578187 0.017948
vn -0.799246 -0.601004 -0.000154
vn -0.790356 -0.612501 -0.013435
vn -0.816869 -0.576536 -0.018165
vn -0.862935 -0.504888 -0.020774
vn -0.90606 -0.422335 -0.026236
vn -0.932559 -0.359035 -0.037778
vn -0.949056 -0.310899 -0.051328
vn -0.969332 -0.24038 -0.051115
vn -0.98876 -0.145527 -0.034298
vn -0.998763 -0.048606 -0.0105
vn -0.999445 0.031578 0.010564
vn -0.99632 0.082667 0.022627
vn -0.994359 0.103285 0.024125
vn -0.994678 0.101546 0.017438
vn -0.995939 0.089692 0.007858
vn -0.997063 0.076449 0.004529
vn -0.996792 0.077328 0.020632
vn -0.993725 0.097377 0.055022
vn -0.986576 0.130042 0.098777
vn -0.975406 0.170033 0.140257
vn -0.962813 0.213427 0.16565
vn -0.955896 0.245563 0.161128
vn -0.961533 0.245452 0.123315
vn -0.973677 0.218908 0.063505
vn -0.980814 0.194938 -0.001882
vn -0.976846 0.205761 -0.058609
vn -0.95748 0.271341 -0.098014
vn -0.905289 0.409831 -0.111764
vn -0.797784 0.596869 -0.085366
vn -0.683826 0.729419 -0.018149
vn -0.623147 0.778846 0.07132
vn -0.604303 0.779615 0.164371
vn -0.588107 0.777133 0.22404
vn 0.630769 0.775686 0.021028
vn 0.627141 0.778666 0.019313
vn 0.697533 0.716537 0.004835
vn 0.813162 0.581695 -0.019956
vn 0.893575 0.44746 -0.036112
vn 0.926678 0.375053 -0.024548
vn 0.928062 0.372089 0.015832
vn 0.916288 0.394185 0.07096
vn 0.905955 0.404139 0.126168
vn 0.909186 0.381008 0.167972
vn 0.926463 0.327331 0.185795
vn 0.944922 0.272656 0.181058
vn 0.959747 0.227203 0.165122
vn 0.971023 0.191795 0.142579
vn 0.978171 0.172727 0.115525
vn 0.981599 0.170584 0.085814
vn 0.982778 0.176157 0.055824
vn 0.984806 0.171409 0.027868
vn 0.98984 0.142159 0.002873
vn 0.996028 0.087209 -0.017956
vn 0.999388 0.017443 -0.030325
vn 0.998399 -0.049452 -0.027457
vn 0.994781 -0.101957 -0.003953
vn 0.988591 -0.145518 0.03889
vn 0.973567 -0.211243 0.086858
vn 0.942254 -0.309381 0.128219
vn 0.896124 -0.414448 0.15873
vn 0.847157 -0.500867 0.177364
vn 0.810086 -0.556089 0.185808
vn 0.795013 -0.576828 0.18768
vn 0.80587 -0.561444 0.188028
vn 0.818225 -0.544861 0.183396
vn 0.797007 -0.582406 0.159945
vn 0.755045 -0.644918 0.118272
vn 0.722515 -0.687623 0.071735
vn 0.708838 -0.704843 0.027297
vn 0.716785 -0.697188 -0.012182
vn 0.740593 -0.670261 -0.047665
vn 0.766445 -0.63666 -0.085006
vn 0.790638 -0.598313 -0.130052
vn 0.806498 -0.562582 -0.18183
vn 0.801012 -0.549776 -0.236911
vn 0.765716 -0.573159 -0.291834
vn 0.693595 -0.633946 -0.342108
vn 0.582436 -0.7188 -0.379599
vn 0.447374 -0.802541 -0.394695
vn 0.327281 -0.863165 -0.38449
vn 0.262571 -0.896487 -0.356885
vn 0.258538 -0.91059 -0.322464
vn 0.291754 -0.912528 -0.286656
vn 0.332094 -0.908478 -0.253734
vn 0.354309 -0.906834 -0.228293
vn 0.347631 -0.912997 -0.213514
vn 0.318483 -0.924359 -0.210067
vn 0.283352 -0.934383 -0.215965
vn 0.259197 -0.938066 -0.229888
vn 0.260765 -0.931795 -0.252506
vn 0.292594 -0.913142 -0.283832
vn 0.341732 -0.883212 -0.321179
vn 0.38126 -0.851275 -0.360516
vn 0.383647 -0.832609 -0.399472
vn 0.329854 -0.837173 -0.436276
vn 0.212158 -0.859763 -0.464538
vn 0.044258 -0.880565 -0.471855
vn -0.12929 -0.883527 -0.450183
vn -0.251442 -0.877829 -0.407667
vn -0.301243 -0.88277 -0.360513
vn -0.294635 -0.901641 -0.316598
vn -0.257719 -0.925253 -0.278368
vn -0.218843 -0.943838 -0.247542
vn -0.199736 -0.953553 -0.225483
vn -0.209075 -0.954486 -0.212707
vn -0.238954 -0.948173 -0.20945
vn -0.272632 -0.937913 -0.214453
vn -0.293121 -0.928469 -0.228089
vn -0.286206 -0.924274 -0.252595
vn -0.249708 -0.92461 -0.287651
vn -0.200249 -0.923127 -0.328234
vn -0.168197 -0.914706 -0.367453
vn -0.181662 -0.898306 -0.400056
vn -0.266016 -0.867824 -0.419663
vn -0.411835 -0.813257 -0.411103
vn -0.552483 -0.747891 -0.367998
vn -0.650253 -0.696804 -0.302712
vn -0.706846 -0.669348 -0.228786
vn -0.733355 -0.661573 -0.156564
vn -0.743065 -0.662406 -0.095247
vn -0.746868 -0.662828 -0.053354
vn -0.73959 -0.67212 -0.03551
vn -0.721725 -0.69146 -0.031559
vn -0.709483 -0.704139 -0.028683
vn -0.714692 -0.699175 -0.01924
vn -0.739361 -0.673307 -0.001991
vn -0.774386 -0.632461 0.017886
vn -0.806766 -0.590008 0.031921
vn -0.822604 -0.567719 0.031885
vn -0.80319 -0.595542 0.01468
vn -0.789004 -0.614388 0.000125
vn -0.81656 -0.577226 -0.006337
vn -0.867623 -0.497059 -0.01275
vn -0.915191 -0.402208 -0.025567
vn -0.942267 -0.331288 -0.048804
vn -0.953449 -0.291262 -0.078112
vn -0.966349 -0.239936 -0.092738
vn -0.983032 -0.16229 -0.085495
vn -0.995068 -0.074823 -0.065117
vn -0.999101 0.005155 -0.042069
vn -0.997728 0.062672 -0.024738
vn -0.99558 0.092385 -0.016876
vn -0.994929 0.099026 -0.017636
vn -0.995466 0.092381 -0.022662
vn -0.996585 0.079259 -0.023161
vn -0.99703 0.076837 -0.0052
vn -0.995116 0.093777 0.030831
vn -0.989183 0.125143 0.076521
vn -0.978604 0.166601 0.120741
vn -0.964806 0.216043 0.149915
vn -0.954043 0.259733 0.14947
vn -0.955365 0.27242 0.1143
vn -0.965827 0.25347 0.054142
vn -0.973496 0.2282 -0.015196
vn -0.970028 0.229974 -0.078473
vn -0.950742 0.283389 -0.125617
vn -0.898231 0.414045 -0.147471
vn -0.786039 0.604845 -0.127693
vn -0.664699 0.744306 -0.064682
vn -0.605556 0.795517 0.021322
vn -0.604573 0.788331 0.114129
vn -0.602093 0.778375 0.177811
vn 0.587989 0.808408 -0.027298
vn 0.607644 0.793852 -0.02383
vn 0.631208 0.774091 -0.048583
vn 0.757202 0.648843 -0.075153
vn 0.863602 0.49618 -0.089423
vn 0.914838 0.397231 -0.072662
vn 0.924134 0.381246 -0.025072
vn 0.914706 0.40227 0.038613
vn 0.904302 0.414476 0.102218
vn 0.908326 0.390407 0.150089
vn 0.927966 0.331457 0.170339
vn 0.947759 0.27277 0.165374
vn 0.962873 0.225445 0.148489
vn 0.974278 0.187291 0.125315
vn 0.981578 0.16376 0.098428
vn 0.98523 0.156454 0.069594
vn 0.986555 0.1583 0.040615
vn 0.988271 0.152177 0.012781
vn 0.99232 0.122875 -0.014223
vn 0.996825 0.068946 -0.03983
vn 0.998255 0.003549 -0.058937
vn 0.996694 -0.052015 -0.062422
vn 0.995531 -0.084654 -0.041858
vn 0.994602 -0.103694 0.003676
vn 0.98652 -0.152574 0.059159
vn 0.961669 -0.250636 0.111237
vn 0.915899 -0.370829 0.153672
vn 0.858851 -0.478538 0.182692
vn 0.80946 -0.552504 0.198781
vn 0.784204 -0.585202 0.206307
vn 0.792114 -0.572511 0.211628
vn 0.805625 -0.554126 0.209554
vn 0.780618 -0.597832 0.182297
vn 0.731011 -0.669559 0.13158
vn 0.693362 -0.716685 0.074906
vn 0.677489 -0.735228 0.021202
vn 0.685357 -0.727759 -0.025534
vn 0.710029 -0.701057 -0.066165
vn 0.735768 -0.668592 -0.107844
vn 0.76102 -0.629357 -0.157348
vn 0.781735 -0.585861 -0.213676
vn 0.783876 -0.557696 -0.272973
vn 0.758551 -0.561023 -0.331442
vn 0.699315 -0.602149 -0.385194
vn 0.602233 -0.674434 -0.427148
vn 0.475911 -0.757415 -0.447025
vn 0.35458 -0.825599 -0.43893
vn 0.28372 -0.867063 -0.409518
vn 0.2738 -0.887399 -0.370887
vn 0.302039 -0.894392 -0.329903
vn 0.338449 -0.894526 -0.292021
vn 0.357747 -0.896039 -0.262929
vn 0.349022 -0.904157 -0.24634
vn 0.318441 -0.916386 -0.242555
vn 0.281072 -0.926908 -0.248677
vn 0.251044 -0.931665 -0.262634
vn 0.241819 -0.92754 -0.284945
vn 0.260485 -0.912206 -0.316272
vn 0.299941 -0.88549 -0.354884
vn 0.338391 -0.853252 -0.396804
vn 0.348944 -0.828141 -0.438658
vn 0.310582 -0.821498 -0.478205
vn 0.213308 -0.833269 -0.510061
vn 0.065186 -0.84991 -0.52288
vn -0.098743 -0.856526 -0.50657
vn -0.221658 -0.856757 -0.465655
vn -0.275713 -0.86643 -0.41627
vn -0.274338 -0.888582 -0.367641
vn -0.243304 -0.914425 -0.323465
vn -0.210391 -0.934572 -0.286898
vn -0.196242 -0.94529 -0.260606
vn -0.208907 -0.946587 -0.245625
vn -0.240565 -0.940041 -0.241766
vn -0.276312 -0.928885 -0.246624
vn -0.302356 -0.917213 -0.259424
vn -0.305534 -0.909401 -0.282204
vn -0.280962 -0.906306 -0.315706
vn -0.239667 -0.903074 -0.356394
vn -0.207378 -0.893726 -0.397804
vn -0.212107 -0.875575 -0.434027
vn -0.283265 -0.842473 -0.458257
vn -0.417989 -0.78626 -0.45506
vn -0.551764 -0.722171 -0.417163
vn -0.645338 -0.67581 -0.356117
vn -0.698863 -0.656193 -0.284608
vn -0.722107 -0.658482 -0.212045
vn -0.728033 -0.669592 -0.147015
vn -0.729593 -0.676816 -0.098055
vn -0.72331 -0.686878 -0.070861
vn -0.707107 -0.704776 -0.057361
vn -0.695394 -0.717177 -0.04565
vn -0.701021 -0.712593 -0.02794
vn -0.728033 -0.685537 -0.002529
vn -0.768118 -0.639802 0.025442
vn -0.807041 -0.588632 0.046872
vn -0.827648 -0.558815 0.052197
vn -0.804211 -0.593264 0.035797
vn -0.783729 -0.620786 0.019846
vn -0.813109 -0.581988 0.011966
vn -0.871235 -0.490862 0.002159
vn -0.925234 -0.378969 -0.018025
vn -0.95401 -0.294917 -0.053754
vn -0.960075 -0.260809 -0.10117
vn -0.9636 -0.231281 -0.134104
vn -0.974515 -0.17546 -0.139766
vn -0.986778 -0.102528 -0.125532
vn -0.994429 -0.026666 -0.101975
vn -0.996215 0.035578 -0.079302
vn -0.995165 0.07463 -0.063849
vn -0.994218 0.091043 -0.056941
vn -0.99425 0.091489 -0.055642
vn -0.995433 0.080167 -0.051832
vn -0.996687 0.07517 -0.031049
vn -0.996001 0.089059 0.007118
vn -0.99138 0.118978 0.054855
vn -0.981592 0.161682 0.101671
vn -0.966869 0.216994 0.134454
vn -0.952194 0.272484 0.138124
vn -0.948322 0.299108 0.105921
vn -0.955956 0.289895 0.045923
vn -0.963704 0.265597 -0.027065
vn -0.960844 0.259517 -0.097104
vn -0.941373 0.300899 -0.152564
vn -0.887055 0.423712 -0.183306
vn -0.766736 0.61877 -0.170995
vn -0.634199 0.76485 -0.113123
vn -0.575293 0.817297 -0.032615
vn -0.596607 0.800493 0.057204
vn -0.612581 0.78056 0.124377
vn 0.531239 0.842919 -0.085279
vn 0.583165 0.808509 -0.078942
vn 0.539293 0.834868 -0.110264
vn 0.673269 0.726127 -0.139458
vn 0.816875 0.556158 -0.152982
vn 0.896765 0.422979 -0.130004
vn 0.918146 0.389394 -0.073345
vn 0.912281 0.409564 0.001008
vn 0.901664 0.425824 0.075336
vn 0.9063 0.401726 0.131289
vn 0.928779 0.336566 0.155221
vn 0.950284 0.272601 0.150497
vn 0.965712 0.223159 0.132665
vn 0.977125 0.182816 0.108649
vn 0.984444 0.155578 0.081645
vn 0.988221 0.143435 0.05334
vn 0.989695 0.141009 0.024896
vn 0.991266 0.131831 -0.003594
vn 0.994449 0.099588 -0.033964
vn 0.996861 0.043075 -0.066427
vn 0.995283 -0.02073 -0.09477
vn 0.99217 -0.064772 -0.106789
vn 0.993255 -0.072979 -0.090103
vn 0.997435 -0.058859 -0.040741
vn 0.996256 -0.082829 0.024784
vn 0.980059 -0.176784 0.090727
vn 0.937882 -0.313458 0.148733
vn 0.873797 -0.447166 0.191104
vn 0.810763 -0.543994 0.216182
vn 0.773408 -0.59087 0.229592
vn 0.776988 -0.581955 0.240036
vn 0.790687 -0.562838 0.240889
vn 0.760228 -0.614794 0.209955
vn 0.700696 -0.697554 0.149813
vn 0.656636 -0.74969 0.082432
vn 0.638612 -0.769302 0.018655
vn 0.647413 -0.761269 -0.036409
vn 0.674031 -0.733976 -0.083441
vn 0.699885 -0.702176 -0.130804
vn 0.726015 -0.662005 -0.18615
vn 0.751968 -0.610598 -0.248423
vn 0.762652 -0.566013 -0.313037
vn 0.748087 -0.547173 -0.375456
vn 0.702058 -0.565827 -0.432383
vn 0.619477 -0.62242 -0.478373
vn 0.503006 -0.702598 -0.50333
vn 0.381556 -0.778684 -0.498063
vn 0.305896 -0.829728 -0.466882
vn 0.291927 -0.857688 -0.423262
vn 0.316579 -0.870953 -0.375792
vn 0.349179 -0.87645 -0.331525
vn 0.364314 -0.882424 -0.297662
vn 0.351688 -0.893698 -0.278604
vn 0.318332 -0.907453 -0.274213
vn 0.278632 -0.918511 -0.280538
vn 0.243593 -0.924041 -0.294636
vn 0.224285 -0.921602 -0.316774
vn 0.229059 -0.908994 -0.348227
vn 0.256072 -0.885184 -0.388428
vn 0.289808 -0.853124 -0.43381
vn 0.305964 -0.822251 -0.479884
vn 0.282036 -0.804164 -0.523237
vn 0.205214 -0.803373 -0.558999
vn 0.078116 -0.812841 -0.577223
vn -0.073897 -0.820608 -0.566694
vn -0.194865 -0.82643 -0.528244
vn -0.250269 -0.842411 -0.477189
vn -0.251388 -0.870269 -0.423599
vn -0.224304 -0.90057 -0.372373
vn -0.196959 -0.923735 -0.328513
vn -0.188978 -0.936146 -0.29651
vn -0.206975 -0.937939 -0.278265
vn -0.241898 -0.931021 -0.273286
vn -0.279781 -0.918943 -0.277966
vn -0.310446 -0.905233 -0.290131
vn -0.322983 -0.893746 -0.311287
vn -0.310973 -0.886341 -0.343069
vn -0.28033 -0.87989 -0.383677
vn -0.251146 -0.868392 -0.427576
vn -0.249713 -0.847561 -0.468277
vn -0.309288 -0.81011 -0.498059
vn -0.434146 -0.74883 -0.50077
vn -0.560978 -0.682437 -0.468597
vn -0.64871 -0.639203 -0.413031
vn -0.696455 -0.628735 -0.345893
vn -0.712691 -0.645354 -0.274937
vn -0.709845 -0.673169 -0.207276
vn -0.704105 -0.693878 -0.1509
vn -0.696634 -0.708605 -0.11216
vn -0.682778 -0.725569 -0.085816
vn -0.673427 -0.736646 -0.062038
vn -0.681559 -0.730996 -0.033492
vn -0.712696 -0.701471 0.001764
vn -0.759103 -0.64982 0.038682
vn -0.80523 -0.58908 0.067745
vn -0.830537 -0.551425 0.078352
vn -0.801955 -0.594108 0.062487
vn -0.774242 -0.631298 0.044863
vn -0.806661 -0.589936 0.035692
vn -0.874555 -0.484402 0.022553
vn -0.937036 -0.349184 -0.00576
vn -0.967653 -0.246006 -0.055938
vn -0.968143 -0.216819 -0.125255
vn -0.95996 -0.21363 -0.181216
vn -0.961254 -0.185901 -0.203549
vn -0.970985 -0.133949 -0.198107
vn -0.982235 -0.067184 -0.175217
vn -0.989214 -0.00231 -0.146457
vn -0.991542 0.04672 -0.121087
vn -0.99179 0.075093 -0.10351
vn -0.992002 0.085373 -0.092971
vn -0.993508 0.078356 -0.082478
vn -0.995762 0.071909 -0.057338
vn -0.996426 0.082902 -0.016218
vn -0.993209 0.111314 0.033846
vn -0.98438 0.155171 0.083179
vn -0.969001 0.216313 0.119355
vn -0.950416 0.283872 0.126992
vn -0.940554 0.325288 0.097701
vn -0.944125 0.327417 0.037771
vn -0.951243 0.305926 -0.03933
vn -0.948869 0.293075 -0.117278
vn -0.928591 0.323011 -0.182706
vn -0.869345 0.440435 -0.224181
vn -0.732483 0.644084 -0.220508
vn -0.579987 0.797016 -0.168463
vn -0.518887 0.849397 -0.09634
vn -0.571173 0.820709 -0.01407
vn -0.61479 0.786631 0.056962
vn 0.355625 0.909231 -0.216403
vn 0.477376 0.845416 -0.239551
vn 0.29855 0.92722 -0.226123
vn 0.450728 0.855185 -0.255935
vn 0.696942 0.662581 -0.274334
vn 0.86203 0.447692 -0.237649
vn 0.914237 0.372591 -0.159207
vn 0.916272 0.395711 -0.062118
vn 0.902853 0.428578 0.034311
vn 0.904319 0.413268 0.106848
vn 0.928858 0.343327 0.139103
vn 0.95248 0.272422 0.136261
vn 0.968333 0.220159 0.117733
vn 0.979655 0.178019 0.09266
vn 0.986882 0.147859 0.064826
vn 0.990725 0.131286 0.035053
vn 0.99241 0.122947 0.002572
vn 0.99395 0.104 -0.035314
vn 0.99501 0.05514 -0.083153
vn 0.98976 -0.021786 -0.141072
vn 0.975411 -0.096774 -0.198012
vn 0.963852 -0.126477 -0.234507
vn 0.969209 -0.086275 -0.230631
vn 0.98482 0.007574 -0.173415
vn 0.995251 0.048888 -0.084177
vn 0.999651 -0.023755 0.011575
vn 0.977214 -0.18498 0.104096
vn 0.911908 -0.369609 0.17836
vn 0.828967 -0.512169 0.224714
vn 0.77071 -0.586041 0.250126
vn 0.763885 -0.586712 0.268792
vn 0.774583 -0.569739 0.274624
vn 0.736116 -0.632399 0.241256
vn 0.663807 -0.72785 0.172032
vn 0.61156 -0.785594 0.094006
vn 0.590977 -0.806445 0.019804
vn 0.601196 -0.797834 -0.044982
vn 0.630092 -0.769831 -0.101709
vn 0.656653 -0.736923 -0.160471
vn 0.687228 -0.689348 -0.229167
vn 0.724852 -0.6176 -0.305221
vn 0.750538 -0.539956 -0.380973
vn 0.751143 -0.483055 -0.449936
vn 0.720262 -0.469166 -0.510985
vn 0.650867 -0.509189 -0.563115
vn 0.535951 -0.596979 -0.59697
vn 0.399332 -0.697329 -0.595203
vn 0.310578 -0.770012 -0.557335
vn 0.295549 -0.81325 -0.501274
vn 0.324955 -0.837757 -0.438825
vn 0.360977 -0.851613 -0.380066
vn 0.374458 -0.864377 -0.335609
vn 0.356651 -0.880914 -0.311111
vn 0.318499 -0.897478 -0.305111
vn 0.275834 -0.909339 -0.311479
vn 0.236369 -0.915383 -0.325889
vn 0.2076 -0.914001 -0.348576
vn 0.198365 -0.902555 -0.382158
vn 0.212156 -0.878516 -0.428018
vn 0.240633 -0.841768 -0.483242
vn 0.262903 -0.798681 -0.541285
vn 0.253973 -0.761842 -0.595898
vn 0.195718 -0.741695 -0.641547
vn 0.082813 -0.73873 -0.668894
vn -0.070416 -0.744229 -0.664202
vn -0.197482 -0.755509 -0.624665
vn -0.251586 -0.783808 -0.567758
vn -0.245534 -0.828018 -0.504083
vn -0.210878 -0.8735 -0.438781
vn -0.181017 -0.907063 -0.380093
vn -0.176878 -0.924916 -0.336518
vn -0.201943 -0.928495 -0.311635
vn -0.242488 -0.921244 -0.304152
vn -0.283168 -0.908129 -0.308411
vn -0.317762 -0.892463 -0.320214
vn -0.338937 -0.877024 -0.340515
vn -0.339492 -0.863731 -0.372444
vn -0.320389 -0.850663 -0.416802
vn -0.295951 -0.831868 -0.469477
vn -0.290968 -0.80124 -0.522831
vn -0.349805 -0.746316 -0.566259
vn -0.483262 -0.657313 -0.578271
vn -0.612571 -0.567185 -0.550507
vn -0.692761 -0.518613 -0.501121
vn -0.727595 -0.524061 -0.442679
vn -0.725264 -0.575558 -0.377789
vn -0.695885 -0.649005 -0.307468
vn -0.663897 -0.709131 -0.23743
vn -0.648327 -0.7407 -0.176171
vn -0.639911 -0.758127 -0.125532
vn -0.638381 -0.76543 -0.081161
vn -0.653834 -0.755746 -0.03672
vn -0.692301 -0.721529 0.010741
vn -0.746874 -0.662489 0.057336
vn -0.801093 -0.591133 0.093873
vn -0.831228 -0.545129 0.109061
vn -0.797356 -0.596382 0.092476
vn -0.764379 -0.640853 0.070932
vn -0.806163 -0.588969 0.056713
vn -0.890902 -0.452989 0.033086
vn -0.960982 -0.276172 -0.015574
vn -0.983214 -0.154254 -0.097446
vn -0.966281 -0.150349 -0.209037
vn -0.932864 -0.195827 -0.302353
vn -0.913367 -0.214037 -0.346335
vn -0.916294 -0.196964 -0.348726
vn -0.935809 -0.146553 -0.320599
vn -0.958422 -0.077785 -0.274547
vn -0.9745 -0.010788 -0.224127
vn -0.982816 0.03965 -0.18028
vn -0.986673 0.068893 -0.14741
vn -0.989957 0.073208 -0.120936
vn -0.994001 0.067344 -0.086185
vn -0.996381 0.075162 -0.039699
vn -0.994706 0.101874 0.013503
vn -0.986983 0.14693 0.065394
vn -0.97118 0.21417 0.104599
vn -0.948785 0.29423 0.115043
vn -0.932913 0.349799 0.085522
vn -0.93277 0.359952 0.019382
vn -0.93938 0.335358 -0.071412
vn -0.935353 0.310786 -0.168898
vn -0.907633 0.332162 -0.256653
vn -0.820465 0.473084 -0.320983
vn -0.606858 0.724572 -0.326678
vn -0.388567 0.879609 -0.274416
vn -0.321412 0.921012 -0.22007
vn -0.449913 0.877135 -0.167962
vn -0.571805 0.816622 -0.078529
vn 0.322374 0.899718 -0.294249
vn 0.460216 0.842015 -0.281447
vn 0.148303 0.948147 -0.281112
vn 0.237153 0.921317 -0.308114
vn 0.501807 0.788648 -0.35528
vn 0.782847 0.517134 -0.346009
vn 0.897996 0.352376 -0.263503
vn 0.923321 0.35191 -0.153745
vn 0.914482 0.403027 -0.035943
vn 0.905538 0.419405 0.064035
vn 0.923705 0.363471 0.121066
vn 0.950175 0.282669 0.131402
vn 0.967574 0.223808 0.117096
vn 0.979722 0.177482 0.092975
vn 0.987524 0.143239 0.065415
vn 0.991886 0.121959 0.035896
vn 0.993906 0.110196 0.002773
vn 0.995183 0.090422 -0.037877
vn 0.994976 0.03752 -0.092822
vn 0.984916 -0.051721 -0.165125
vn 0.958989 -0.144088 -0.244088
vn 0.933422 -0.184438 -0.307743
vn 0.933595 -0.132657 -0.33287
vn 0.955482 0.010391 -0.294866
vn 0.969487 0.140498 -0.200884
vn 0.986283 0.135814 -0.093813
vn 0.99985 -0.000425 0.017325
vn 0.968237 -0.217779 0.122837
vn 0.883295 -0.423851 0.200352
vn 0.798002 -0.550547 0.245135
vn 0.763167 -0.585453 0.273533
vn 0.768455 -0.569699 0.291411
vn 0.735506 -0.620668 0.271666
vn 0.64985 -0.731755 0.205496
vn 0.585497 -0.800939 0.125261
vn 0.55641 -0.829659 0.045542
vn 0.562658 -0.826279 -0.026064
vn 0.591041 -0.801692 -0.089219
vn 0.616266 -0.772821 -0.15154
vn 0.637895 -0.736515 -0.225023
vn 0.676828 -0.667549 -0.310295
vn 0.715543 -0.573644 -0.398662
vn 0.734371 -0.481688 -0.4782
vn 0.723134 -0.424001 -0.545252
vn 0.675394 -0.424141 -0.603281
vn 0.579963 -0.490267 -0.650601
vn 0.439546 -0.600438 -0.668037
vn 0.323008 -0.698092 -0.63901
vn 0.292511 -0.760008 -0.580367
vn 0.3201 -0.799485 -0.508291
vn 0.363814 -0.823958 -0.434433
vn 0.385247 -0.843859 -0.373479
vn 0.369938 -0.866351 -0.335531
vn 0.327945 -0.888386 -0.321282
vn 0.279877 -0.90382 -0.323696
vn 0.234539 -0.912329 -0.335628
vn 0.194823 -0.914248 -0.355238
vn 0.167758 -0.907436 -0.385251
vn 0.160897 -0.888633 -0.429469
vn 0.175287 -0.854924 -0.488241
vn 0.19892 -0.807272 -0.555646
vn 0.208112 -0.754774 -0.622097
vn 0.178525 -0.711733 -0.679386
vn 0.095451 -0.687653 -0.719738
vn -0.041745 -0.681291 -0.730821
vn -0.184139 -0.687678 -0.702276
vn -0.253547 -0.716872 -0.649468
vn -0.252596 -0.770821 -0.584833
vn -0.212458 -0.832712 -0.511323
vn -0.172419 -0.882578 -0.43741
vn -0.161462 -0.912195 -0.376604
vn -0.186771 -0.922706 -0.337239
vn -0.234132 -0.917939 -0.320267
vn -0.281358 -0.904717 -0.319882
vn -0.321922 -0.887844 -0.328785
vn -0.353425 -0.869486 -0.345087
vn -0.369615 -0.851472 -0.371994
vn -0.366688 -0.833535 -0.413232
vn -0.350469 -0.811101 -0.46828
vn -0.339815 -0.776604 -0.530483
vn -0.373447 -0.71728 -0.588257
vn -0.49248 -0.613761 -0.617058
vn -0.628721 -0.494171 -0.60042
vn -0.713064 -0.4211 -0.560549
vn -0.748796 -0.416278 -0.515769
vn -0.743151 -0.478671 -0.467548
vn -0.698419 -0.587786 -0.408311
vn -0.634166 -0.697025 -0.334649
vn -0.595134 -0.761828 -0.255801
vn -0.589085 -0.787069 -0.183034
vn -0.59432 -0.795228 -0.119986
vn -0.615035 -0.786021 -0.062474
vn -0.658183 -0.752838 -0.005551
vn -0.720293 -0.69185 0.050219
vn -0.784933 -0.611908 0.097208
vn -0.82759 -0.54759 0.123453
vn -0.809841 -0.575203 0.115317
vn -0.757574 -0.646372 0.091019
vn -0.78879 -0.609652 0.078326
vn -0.879585 -0.472125 0.05855
vn -0.963882 -0.266152 0.009748
vn -0.992412 -0.093222 -0.08017
vn -0.973663 -0.06929 -0.217207
vn -0.922588 -0.152995 -0.354153
vn -0.875636 -0.215793 -0.432081
vn -0.857107 -0.240618 -0.455489
vn -0.87165 -0.220167 -0.437896
vn -0.905922 -0.162518 -0.391015
vn -0.941032 -0.086411 -0.327098
vn -0.965227 -0.014437 -0.261013
vn -0.97802 0.038147 -0.204991
vn -0.98466 0.063909 -0.162359
vn -0.99049 0.066327 -0.120546
vn -0.994883 0.072346 -0.070525
vn -0.995361 0.095103 -0.014562
vn -0.98991 0.135505 0.041427
vn -0.975983 0.198877 0.088911
vn -0.95117 0.287174 0.113169
vn -0.925399 0.366041 0.098239
vn -0.915417 0.400387 0.041245
vn -0.920348 0.387837 -0.050426
vn -0.921458 0.353558 -0.160975
vn -0.89749 0.348753 -0.269969
vn -0.814364 0.454149 -0.361331
vn -0.579197 0.714379 -0.392674
vn -0.287149 0.895608 -0.339752
vn -0.168673 0.941188 -0.29277
vn -0.266201 0.923551 -0.276026
vn -0.481949 0.840225 -0.24849
vn -0.434022 0.619428 -0.654166
vn -0.502167 0.690023 -0.521245
vn -0.447541 0.641541 -0.623002
vn -0.550716 0.705367 -0.446283
vn -0.547399 0.730658 -0.408036
vn -0.542163 0.724703 -0.425283
vn -0.541899 0.716698 -0.438964
vn -0.547484 0.727161 -0.414124
vn -0.47184 0.553911 -0.685966
vn -0.514272 0.649617 -0.559931
vn -0.039823 -0.231973 -0.971907
vn -0.239668 0.103184 -0.965356
vn 0.252163 -0.658866 -0.708738
vn 0.204158 -0.591342 -0.78015
vn 0.306098 -0.734426 -0.605741
vn 0.298145 -0.722145 -0.624192
vn 0.300156 -0.719441 -0.626347
vn 0.307118 -0.733201 -0.606708
vn 0.241224 -0.573595 -0.782815
vn 0.270674 -0.648427 -0.711532
vn 0.07589 -0.110609 -0.990962
vn 0.146679 -0.312639 -0.938479
vn -0.062499 0.29279 -0.954132
vn -0.03377 0.204364 -0.978312
vn -0.111863 0.454797 -0.883542
vn -0.100879 0.415733 -0.903875
vn -0.126236 0.509275 -0.851295
vn -0.124234 0.500423 -0.856822
vn -0.122403 0.483888 -0.866527
vn -0.125386 0.501356 -0.856108
vn -0.106499 0.363107 -0.925641
vn -0.113272 0.416687 -0.901965
vn -0.079116 0.09965 -0.991872
vn -0.08979 0.206291 -0.974362
vn -0.049924 -0.226578 -0.972713
vn -0.058787 -0.120796 -0.990935
vn -0.034761 -0.435611 -0.899464
vn -0.037813 -0.3825 -0.923182
vn -0.031266 -0.519975 -0.853609
vn -0.031507 -0.502687 -0.863894
vn -0.030282 -0.518067 -0.854804
vn -0.030656 -0.527564 -0.848962
vn -0.022649 -0.428668 -0.903178
vn -0.026402 -0.470086 -0.882226
vn 0.004893 -0.205357 -0.978675
vn -0.007285 -0.298882 -0.954262
vn 0.072613 0.241415 -0.967702
vn 0.046168 0.071333 -0.996384
vn 0.133256 0.592745 -0.79429
vn 0.116323 0.502886 -0.85649
vn 0.164968 0.73502 -0.657671
vn 0.156446 0.702409 -0.694368
vn 0.181284 0.786731 -0.590077
vn 0.176935 0.775208 -0.606422
vn 0.186119 0.798846 -0.572018
vn 0.185716 0.798068 -0.573233
vn 0.174629 0.781314 -0.59921
vn 0.180753 0.790823 -0.584745
vn 0.129018 0.716599 -0.685449
vn 0.149901 0.746305 -0.648505
vn -0.002533 0.521725 -0.85311
vn 0.056386 0.612349 -0.788574
vn -0.184292 0.2076 -0.960697
vn -0.126745 0.311954 -0.941605
vn -0.252893 0.07389 -0.964669
vn -0.247179 0.084735 -0.965258
vn -0.264485 0.052511 -0.962959
vn -0.261557 0.057719 -0.963461
vn -0.267297 0.047465 -0.962445
vn -0.267397 0.047299 -0.962425
vn -0.260287 0.058175 -0.963777
vn -0.263804 0.052817 -0.963129
vn -0.242001 0.084191 -0.966616
vn -0.249454 0.073798 -0.965571
vn -0.206331 0.130447 -0.969748
vn -0.220549 0.112459 -0.968871
vn 0.007747 0.364178 -0.931297
vn -0.092105 0.260292 -0.961127
vn 0.277046 0.593135 -0.755934
vn 0.196741 0.532952 -0.822955
vn 0.417051 0.676932 -0.606491
vn 0.382442 0.659557 -0.647088
vn 0.47954 0.701441 -0.527277
vn 0.463877 0.696484 -0.547474
vn 0.503183 0.707449 -0.496308
vn 0.498712 0.706615 -0.501978
vn 0.492757 0.70656 -0.507902
vn 0.500549 0.707489 -0.498909
vn 0.424719 0.698468 -0.575982
vn 0.457034 0.702819 -0.545128
vn 0.202643 0.647394 -0.734722
vn 0.306046 0.676149 -0.670193
vn -0.27093 0.420204 -0.86604
vn -0.093192 0.52369 -0.846797
vn -0.599727 0.15701 -0.78465
vn -0.525884 0.225665 -0.820074
vn -0.714842 0.033603 -0.698478
vn -0.689568 0.062336 -0.721533
vn -0.745024 -0.002417 -0.667033
vn -0.741141 0.002111 -0.671346
vn -0.724455 0.018871 -0.689064
vn -0.737015 0.005784 -0.675852
vn -0.637542 0.095472 -0.764477
vn -0.676975 0.062714 -0.733329
vn -0.410981 0.242464 -0.878809
vn -0.509717 0.184784 -0.840264
vn -0.058382 0.393455 -0.917488
vn -0.180738 0.349544 -0.919322
vn 0.227868 0.464224 -0.855904
vn 0.147772 0.449285 -0.881082
vn 0.407978 0.482443 -0.775114
vn 0.357071 0.479783 -0.801441
vn 0.518387 0.480285 -0.707531
vn 0.487633 0.482207 -0.727799
vn 0.582969 0.472423 -0.661032
vn 0.565458 0.475215 -0.674112
vn 0.6154 0.465857 -0.635815
vn 0.607683 0.46768 -0.641869
vn 0.620336 0.464773 -0.631799
vn 0.621758 0.464365 -0.6307
vn 0.594212 0.472862 -0.650626
vn 0.606957 0.468978 -0.641609
vn 0.52254 0.49375 -0.695099
vn 0.553005 0.485264 -0.677277
vn 0.373628 0.527638 -0.76289
vn 0.434647 0.515411 -0.738535
vn 0.087091 0.558079 -0.825205
vn 0.200943 0.551283 -0.809759
vn -0.347349 0.522886 -0.778421
vn -0.19722 0.546653 -0.813803
vn -0.616327 0.443303 -0.650864
vn -0.552054 0.467173 -0.690641
vn -0.7152 0.399039 -0.573809
vn -0.693676 0.409314 -0.592685
vn -0.740269 0.386459 -0.550137
vn -0.737426 0.387825 -0.552987
vn -0.722639 0.393604 -0.568216
vn -0.733021 0.389365 -0.557742
vn -0.659303 0.413578 -0.627911
vn -0.686955 0.405711 -0.602902
vn -0.514072 0.437847 -0.737577
vn -0.576084 0.430218 -0.69501
vn -0.197573 0.432313 -0.879813
vn -0.329757 0.442037 -0.834185
vn 0.186293 0.353887 -0.916547
vn 0.068316 0.386007 -0.919963
vn 0.427851 0.26355 -0.864572
vn 0.365636 0.290687 -0.884201
vn 0.555733 0.197139 -0.807649
vn 0.521687 0.216608 -0.825181
vn 0.619561 0.156332 -0.769223
vn 0.603887 0.167107 -0.779356
vn 0.639292 0.142128 -0.755715
vn 0.637031 0.143873 -0.757292
vn 0.620292 0.157748 -0.768345
vn 0.6312 0.148915 -0.76119
vn 0.553782 0.211071 -0.805465
vn 0.582456 0.188522 -0.790699
vn 0.416055 0.311585 -0.854291
vn 0.471855 0.272639 -0.838463
vn 0.01634 0.53044 -0.847565
vn 0.187755 0.449838 -0.873152
vn -0.401533 0.650411 -0.644777
vn -0.28917 0.629764 -0.720956
vn -0.547783 0.661641 -0.512021
vn -0.51905 0.660637 -0.542353
vn -0.580353 0.661897 -0.47443
vn -0.57634 0.661752 -0.479496
vn -0.565309 0.659673 -0.495234
vn -0.574955 0.660943 -0.482266
vn -0.503278 0.643597 -0.576624
vn -0.531165 0.651903 -0.541189
vn -0.335791 0.56501 -0.753663
vn -0.412025 0.605307 -0.681057
vn 0.042869 0.287985 -0.956675
vn -0.109547 0.412567 -0.904316
vn 0.331522 0.004521 -0.943436
vn 0.269648 0.072551 -0.960222
vn 0.451809 -0.144458 -0.880341
vn 0.4213 -0.103646 -0.900979
vn 0.508815 -0.228888 -0.82989
vn 0.494688 -0.206397 -0.844206
vn 0.53085 -0.266706 -0.804404
vn 0.526483 -0.258612 -0.809898
vn 0.529628 -0.263258 -0.806343
vn 0.532369 -0.268953 -0.80265
vn 0.506818 -0.213006 -0.835322
vn 0.51716 -0.235647 -0.82281
vn 0.454365 -0.099066 -0.88529
vn 0.4762 -0.145506 -0.867215
vn 0.325451 0.150747 -0.933465
vn 0.38135 0.048549 -0.923155
vn 0.00198 0.619268 -0.785177
vn 0.125689 0.464266 -0.876732
vn -0.177485 0.799173 -0.574301
vn -0.140455 0.765694 -0.627682
vn -0.221221 0.836196 -0.501834
vn -0.214696 0.83032 -0.514271
vn -0.216251 0.829122 -0.51555
vn -0.222012 0.835651 -0.502392
vn -0.175613 0.767705 -0.61627
vn -0.194545 0.798226 -0.570076
vn -0.058366 0.509306 -0.858604
vn -0.112878 0.640512 -0.759607
vn 0.095932 0.045418 -0.994351
vn 0.053792 0.189798 -0.980348
vn 0.158622 -0.20309 -0.966226
vn 0.147892 -0.153425 -0.977031
vn 0.178978 -0.315254 -0.931977
vn 0.174021 -0.283785 -0.942965
vn 0.187117 -0.379339 -0.90614
vn 0.185429 -0.362753 -0.91325
vn 0.189139 -0.403623 -0.895162
vn 0.188939 -0.399662 -0.89698
vn 0.189243 -0.391107 -0.900679
vn 0.189298 -0.399451 -0.896998
vn 0.190466 -0.338702 -0.921414
vn 0.189862 -0.361057 -0.913012
vn 0.195002 -0.237913 -0.95151
vn 0.193112 -0.277577 -0.941094
vn 0.205588 -0.036212 -0.977968
vn 0.201698 -0.117841 -0.972333
vn 0.214853 0.427054 -0.87833
vn 0.215857 0.251536 -0.94347
vn 0.202601 0.698044 -0.686794
vn 0.205919 0.638709 -0.741383
vn 0.198298 0.773739 -0.601669
vn 0.198546 0.760119 -0.618707
vn 0.196807 0.772103 -0.604254
vn 0.197416 0.779364 -0.594659
vn 0.182994 0.697476 -0.692849
vn 0.190245 0.73409 -0.651859
vn 0.111649 0.428993 -0.896381
vn 0.147494 0.558053 -0.816592
vn -0.056767 -0.12302 -0.990779
vn 0.005629 0.074634 -0.997195
vn -0.177651 -0.484475 -0.856577
vn -0.148097 -0.40184 -0.903655
vn -0.227294 -0.612125 -0.75739
vn -0.215525 -0.584684 -0.782108
vn -0.239051 -0.63904 -0.731083
vn -0.238584 -0.638144 -0.732017
vn -0.21205 -0.594748 -0.775442
vn -0.22643 -0.618554 -0.75241
vn -0.110099 -0.435858 -0.893256
vn -0.156521 -0.50832 -0.846825
vn 0.247766 0.152138 -0.9568
vn 0.097249 -0.107673 -0.989419
vn 0.499441 0.637978 -0.586125
vn 0.452128 0.538856 -0.710784
vn 0.538466 0.721067 -0.436024
vn 0.531952 0.70972 -0.461872
vn 0.533152 0.718757 -0.446249
vn 0.538886 0.725156 -0.428663
vn 0.433809 0.630482 -0.643664
vn 0.490852 0.681671 -0.542577
vn 0.543976 0.701008 -0.46117
vn 0.420374 0.608281 -0.67326
vn -0.669131 0.743145 -0.0
vn -0.669131 0.743145 0.0
vn -0.669131 0.743145 0.0
vn -0.669131 0.743145 -0.0
vn -0.669131 0.743145 -0.0
vn -0.669131 0.743145 0.0
vn -0.669131 0.743145 -0.0
vn -0.669131 0.743145 -0.0
vn -0.669131 0.743145 0.0
vn -0.669131 0.743145 0.0
vn -0.669131 0.743145 0.0
vn -0.669131 0.743145 0.0
vn -0.669131 0.743145 -0.0
vn -0.669131 0.743145 0.0
vn -0.669131 0.743145 -0.0
vn -0.669131 0.743145 -0.0
vn -0.669131 0.743145 0.0
vn -0.669131 0.743145 -0.0
vn -0.669131 0.743145 -0.0
vn -0.669131 0.743145 0.0
vn -0.669131 0.743145 0.0
vn -0.669131 0.743145 -0.0
vn -0.669131 0.743145 -0.0
vn -0.669131 0.743145 -0.0
vn -0.669131 0.743145 0.0
vn -0.669131 0.743145 -0.0
vn -0.669131 0.743145 0.0
vn -0.669131 0.743145 0.0
vn -0.669131 0.743145 -0.0
vn -0.669131 0.743145 -0.0
vn -0.669131 0.743145 -0.0
vn -0.669131 0.743145 -0.0
vn -0.669131 0.743145 -0.0
vn -0.669131 0.743145 -0.0
vn -0.669131 0.743145 0.0
vn -0.669131 0.743145 0.0
vn -0.669131 0.743145 0.0
vn -0.669131 0.743145 0.0
vn -0.669131 0.743145 -0.0
vn -0.669131 0.743145 -0.0
vn -0.669131 0.743145 0.0
vn -0.669131 0.743145 0.0
vn -0.669131 0.743145 -0.0
vn -0.669131 0.743145 0.0
vn -0.669131 0.743145 -0.0
vn -0.669131 0.743145 -0.0
vn -0.669131 0.743145 -0.0
vn -0.669131 0.743145 0.0
vn -0.669131 0.743145 0.0
vn -0.669131 0.743145 0.0
vn -0.669131 0.743145 0.0
vn -0.669131 0.743145 0.0
vn -0.669131 0.743145 -0.0
vn -0.669131 0.743145 -0.0
vn -0.669131 0.743145 -0.0
vn -0.669131 0.743145 -0.0
vn -0.669131 0.743145 -0.0
vn -0.669131 0.743145 -0.0
vn -0.669131 0.743145 -0.0
vn -0.669131 0.743145 -0.0
vn 0.669131 0.743145 -0.0
vn 0.669131 0.743145 0.0
vn 0.669131 0.743145 -0.0
vn 0.669131 0.743145 -0.0
vn 0.669131 0.743145 -0.0
vn 0.669131 0.743145 0.0
vn 0.669131 0.743145 -0.0
vn 0.669131 0.743145 -0.0
vn 0.669131 0.743145 0.0
vn 0.669131 0.743145 0.0
vn 0.669131 0.743145 -0.0
vn 0.669131 0.743145 -0.0
vn 0.669131 0.743145 0.0
vn 0.669131 0.743145 -0.0
vn 0.669131 0.743145 0.0
vn 0.669131 0.743145 0.0
vn 0.669131 0.743145 0.0
vn 0.669131 0.743145 0.0
vn 0.669131 0.743145 -0.0
vn 0.669131 0.743145 -0.0
vn 0.669131 0.743145 -0.0
vn 0.669131 0.743145 -0.0
vn 0.669131 0.743145 0.0
vn 0.669131 0.743145 0.0
vn 0.669131 0.743145 0.0
vn 0.669131 0.743145 0.0
vn 0.669131 0.743145 -0.0
vn 0.669131 0.743145 -0.0
vn 0.669131 0.743145 -0.0
vn 0.669131 0.743145 -0.0
vn 0.669131 0.743145 0.0
vn 0.669131 0.743145 0.0
vn 0.669131 0.743145 -0.0
vn 0.669131 0.743145 -0.0
vn 0.669131 0.743145 0.0
vn 0.669131 0.743145 -0.0
vn 0.669131 0.743145 0.0
vn 0.669131 0.743145 0.0
vn 0.669131 0.743145 0.0
vn 0.669131 0.743145 0.0
vn 0.669131 0.743145 -0.0
vn 0.669131 0.743145 0.0
vn 0.669131 0.743145 0.0
vn 0.669131 0.743145 -0.0
vn 0.669131 0.743145 -0.0
vn 0.669131 0.743145 0.0
vn 0.669131 0.743145 -0.0
vn 0.669131 0.743145 -0.0
vn 0.669131 0.743145 0.0
vn 0.669131 0.743145 0.0
vn 0.669131 0.743145 0.0
vn 0.669131 0.743145 0.0
vn 0.669131 0.743145 -0.0
vn 0.669131 0.743145 -0.0
vn 0.669131 0.743145 0.0
vn 0.669131 0.743145 -0.0
vn 0.669131 0.743145 -0.0
vn 0.669131 0.743145 0.0
vn 0.669131 0.743145 -0.0
vn 0.669131 0.743145 -0.0
vn 0.724165 0.362842 0.586456
vn 0.991322 0.058138 -0.117904
vn 0.813786 0.544143 -0.204109
vn 0.369631 0.928947 0.02073
vn -0.099174 0.906509 0.410372
vn -0.288673 0.631323 0.719791
vn -0.209747 0.2637 0.941525
vn 0.270238 -0.220115 0.937294
vn -0.401088 -0.006331 0.916018
vn 0.362662 -0.330969 0.871169
vn -0.705896 0.369245 0.604457
vn -0.655963 0.740259 0.147409
vn -0.042568 0.901695 -0.430273
vn 0.682197 0.500506 -0.53301
vn 0.965117 0.087005 -0.246941
vn 0.94029 -0.233544 0.247614
vn -0.476679 -0.085742 0.874886
vn 0.369793 -0.264487 0.890674
vn -0.818474 0.238726 0.5226
vn -0.75398 0.652278 0.077764
vn -0.115264 0.86163 -0.494275
vn 0.631643 0.447494 -0.633069
vn 0.940529 0.039254 -0.337438
vn 0.95328 -0.191103 0.23396
vn -0.573082 -0.161887 0.803349
vn 0.344383 -0.40007 0.84932
vn -0.900769 0.080248 0.426821
vn -0.910905 0.412034 -0.021916
vn -0.246313 0.710224 -0.659478
vn 0.618877 0.339503 -0.708328
vn 0.902759 -0.046837 -0.427589
vn 0.946076 -0.316669 0.068266
vn -0.62027 -0.258226 0.740665
vn 0.317787 -0.553943 0.769518
vn -0.920108 0.020445 0.39113
vn -0.956396 0.281412 -0.078193
vn -0.348562 0.500527 -0.79245
vn 0.589755 0.240822 -0.77084
vn 0.904803 -0.038001 -0.42413
vn 0.947058 -0.318558 0.040025
vn -0.616239 -0.259557 0.743559
vn 0.335541 -0.502103 0.79706
vn -0.92768 -0.013499 0.373133
vn -0.970162 0.211998 -0.117657
vn -0.365621 0.412095 -0.834565
vn 0.584487 0.221728 -0.78052
vn 0.91341 -0.009212 -0.406935
vn 0.962096 -0.262345 0.074476
vn -0.609783 -0.241575 0.754855
vn 0.351284 -0.425984 0.833749
vn -0.932279 -0.039332 0.359595
vn -0.97708 0.148552 -0.152471
vn -0.370983 0.330257 -0.86793
vn 0.581636 0.200612 -0.788324
vn 0.919435 0.013312 -0.393018
vn 0.972683 -0.205144 0.108642
vn -0.605728 -0.208845 0.767774
vn 0.360418 -0.341746 0.867934
vn -0.935547 -0.054986 0.348895
vn -0.979036 0.088296 -0.183554
vn -0.369282 0.24094 -0.89754
vn 0.580853 0.166604 -0.796776
vn 0.923867 0.025459 -0.381867
vn 0.978411 -0.15293 0.139012
vn -0.606287 -0.157447 0.779504
vn 0.361705 -0.24758 0.898818
vn -0.939137 -0.057681 0.338665
vn -0.976737 0.032173 -0.212014
vn -0.35966 0.142649 -0.922115
vn 0.584056 0.116699 -0.803281
vn 0.928317 0.024326 -0.370993
vn 0.980016 -0.107449 0.167402
vn -0.602166 -0.170775 0.779892
vn 0.355456 -0.280346 0.89166
vn -0.94043 -0.101219 0.324572
vn -0.966922 -0.090304 -0.238551
vn -0.350321 -0.059736 -0.934723
vn 0.58526 -0.012734 -0.810746
vn 0.931325 -0.044193 -0.361498
vn 0.969335 -0.158804 0.187541
vn -0.588646 -0.192702 0.785087
vn 0.337294 -0.312579 0.88799
vn -0.939833 -0.141119 0.311127
vn -0.941834 -0.211083 -0.261518
vn -0.327844 -0.279142 -0.902551
vn 0.576521 -0.180623 -0.796868
vn 0.933269 -0.133523 -0.333437
vn 0.948025 -0.212042 0.237247
vn -0.588958 -0.091287 0.802991
vn 0.305506 -0.185845 0.933878
vn -0.950193 -0.108152 0.292296
vn -0.918186 -0.266815 -0.292821
vn -0.294923 -0.411868 -0.862198
vn 0.575899 -0.299844 -0.760548
vn 0.943938 -0.178183 -0.277907
vn 0.928527 -0.172902 0.328547
vn -0.574503 0.016909 0.818328
vn 0.255354 -0.088387 0.962799
vn -0.96423 -0.066293 0.256642
vn -0.874809 -0.359056 -0.32525
vn -0.262693 -0.580373 -0.770817
vn 0.555284 -0.44733 -0.70111
vn 0.954992 -0.219359 -0.199679
vn 0.880344 -0.134891 0.454751
vn -0.433228 0.070517 0.898521
vn 0.197664 -0.047483 0.979119
vn -0.973482 -0.050469 0.223129
vn -0.751983 -0.541852 -0.37539
vn -0.242406 -0.773617 -0.585454
vn 0.395166 -0.678818 -0.61891
vn 0.958129 -0.265873 -0.106301
vn 0.741245 -0.063491 0.668225
vn -0.118766 0.012294 0.992846
vn 0.151726 -0.107699 0.982538
vn -0.83215 -0.000662 0.55455
vn -0.579428 -0.679653 -0.449817
vn -0.235522 -0.869328 -0.434509
vn 0.033855 -0.888575 -0.457481
vn 0.773125 -0.592481 -0.22637
vn 0.564534 0.096772 0.819717
vn 0.796455 0.117449 0.593182
vn 0.967969 0.140168 -0.208299
vn 0.779977 0.595505 -0.192377
vn 0.21543 0.964541 0.152478
vn -0.441724 0.672888 0.593381
vn -0.5941 0.209189 0.776715
vn -0.446385 -0.206643 0.870654
vn 0.201678 -0.625422 0.753773
vn -0.52772 -0.408083 0.744969
vn 0.354411 -0.660798 0.661619
vn -0.826258 -0.014137 0.563114
vn -0.837461 0.459717 0.2955
vn -0.196049 0.959355 -0.202987
vn 0.650161 0.649101 -0.394917
vn 0.939887 0.225272 -0.256642
vn 0.973812 -0.217906 0.064868
vn -0.570926 -0.457691 0.681588
vn 0.357792 -0.578914 0.732696
vn -0.888872 -0.109561 0.444862
vn -0.907209 0.376153 0.188362
vn -0.261235 0.926148 -0.272042
vn 0.620409 0.65002 -0.438825
vn 0.929735 0.250319 -0.270062
vn 0.983085 -0.133301 0.125597
vn -0.633236 -0.497838 0.592596
vn 0.363733 -0.626328 0.689501
vn -0.923546 -0.220151 0.313999
vn -0.983718 0.177413 0.028683
vn -0.34829 0.818566 -0.456774
vn 0.632435 0.60193 -0.487552
vn 0.918856 0.243426 -0.31056
vn 0.992547 -0.119716 0.022791
vn -0.651772 -0.561027 0.510336
vn 0.3795 -0.696571 0.608908
vn -0.928252 -0.277245 0.247959
vn -0.99514 0.061333 -0.07704
vn -0.39706 0.65367 -0.644251
vn 0.62994 0.555242 -0.54303
vn 0.920397 0.272673 -0.280213
vn 0.996355 -0.077726 0.035152
vn -0.648606 -0.569915 0.504486
vn 0.382109 -0.637896 0.668641
vn -0.925398 -0.318528 0.205375
vn -0.987988 -0.010916 -0.154143
vn -0.387666 0.564669 -0.728604
vn 0.62949 0.54923 -0.549626
vn 0.919577 0.30974 -0.241741
vn 0.994686 -0.015868 0.101725
vn -0.648454 -0.561326 0.514218
vn 0.372144 -0.558781 0.741129
vn -0.919926 -0.351607 0.17352
vn -0.97221 -0.078476 -0.220567
vn -0.3633 0.476398 -0.800661
vn 0.632255 0.536415 -0.559029
vn 0.916396 0.33915 -0.212594
vn 0.985724 0.044007 0.162516
vn -0.656166 -0.535849 0.53133
vn 0.349658 -0.469481 0.810757
vn -0.915232 -0.373747 0.150542
vn -0.950034 -0.142826 -0.277553
vn -0.325362 0.378451 -0.866553
vn 0.641883 0.50886 -0.573627
vn 0.914205 0.356881 -0.192002
vn 0.972028 0.097251 0.213783
vn -0.67598 -0.488962 0.551332
vn 0.312636 -0.368606 0.875436
vn -0.91458 -0.381818 0.133265
vn -0.9234 -0.202438 -0.326115
vn -0.273185 0.270128 -0.923255
vn 0.661628 0.463882 -0.589119
vn 0.916248 0.359697 -0.176371
vn 0.955821 0.140851 0.258004
vn -0.671862 -0.496841 0.549318
vn 0.315763 -0.398011 0.861325
vn -0.90086 -0.420428 0.108126
vn -0.870471 -0.315812 -0.377549
vn -0.188163 0.058257 -0.980409
vn 0.706291 0.346395 -0.617385
vn 0.937967 0.300568 -0.172848
vn 0.957613 0.087276 0.274518
vn -0.655581 -0.515636 0.551664
vn 0.306078 -0.434697 0.846968
vn -0.886075 -0.455567 0.085616
vn -0.803255 -0.424941 -0.417381
vn -0.087958 -0.179105 -0.97989
vn 0.754838 0.182661 -0.629964
vn 0.964464 0.215495 -0.152878
vn 0.947192 0.019017 0.320104
vn -0.69357 -0.423322 0.582888
vn 0.219155 -0.31686 0.922806
vn -0.901401 -0.427652 0.067758
vn -0.757091 -0.473322 -0.450311
vn -0.00772 -0.326094 -0.945306
vn 0.793957 0.058503 -0.605153
vn 0.981282 0.166954 -0.095983
vn 0.905483 0.03398 0.42302
vn -0.717535 -0.32561 0.615729
vn 0.130947 -0.234371 0.963288
vn -0.92038 -0.389476 0.034766
vn -0.685139 -0.54488 -0.483416
vn 0.068756 -0.50908 -0.857969
vn 0.819483 -0.098838 -0.564516
vn 0.992552 0.120478 -0.018022
vn 0.833474 0.033762 0.551526
vn -0.611088 -0.265822 0.745594
vn 0.06723 -0.216016 0.974073
vn -0.927464 -0.373903 0.002603
vn -0.512728 -0.675464 -0.529961
vn 0.116866 -0.725355 -0.678382
vn 0.739585 -0.388471 -0.54964
vn 0.99549 0.065496 0.068625
vn 0.661166 0.013991 0.750109
vn -0.277389 -0.258172 0.92542
vn 0.053159 -0.291067 0.955225
vn -0.872894 -0.367343 0.321114
vn -0.296363 -0.753165 -0.587292
vn 0.122777 -0.839985 -0.528536
vn 0.416484 -0.759899 -0.499093
vn 0.963801 -0.251278 -0.089145
vn 0.433479 0.075515 0.897994
vn -0.62953 0.745695 0.218248
vn -0.93742 0.211566 -0.276555
vn -0.963303 0.067927 0.259678
vn -0.638676 0.124774 0.759292
vn -0.159026 0.29583 0.94191
vn 0.225194 0.509837 0.830273
vn 0.411683 0.771576 0.484962
vn 0.154074 0.973085 -0.171368
vn 0.681263 0.702278 0.206607
vn 0.135737 0.910719 -0.390086
vn 0.68231 0.33463 0.649982
vn 0.333326 -0.037555 0.942063
vn -0.454797 -0.335708 0.8249
vn -0.9622 -0.204544 0.179815
vn -0.947563 0.122442 -0.295182
vn -0.625795 0.544181 -0.558791
vn 0.797118 0.597645 0.086161
vn 0.18991 0.864351 -0.465651
vn 0.805729 0.230586 0.545556
vn 0.403674 -0.0454 0.913776
vn -0.443397 -0.264924 0.85628
vn -0.959138 -0.234344 0.158547
vn -0.931357 0.04974 -0.360694
vn -0.60712 0.505734 -0.612893
vn 0.8975 0.440916 0.00931
vn 0.283736 0.705599 -0.649326
vn 0.898235 0.088051 0.430606
vn 0.580379 -0.197858 0.789945
vn -0.380328 -0.395974 0.835796
vn -0.959948 -0.266372 0.086866
vn -0.901435 -0.050878 -0.429914
vn -0.595307 0.302952 -0.744197
vn 0.953946 0.289296 -0.079334
vn 0.343539 0.491739 -0.800108
vn 0.919224 0.029861 0.392601
vn 0.623089 -0.250892 0.74082
vn -0.309943 -0.546604 0.77792
vn -0.947926 -0.314942 0.047411
vn -0.904481 -0.043217 -0.42432
vn -0.588833 0.226267 -0.775938
vn 0.968308 0.21798 -0.121921
vn 0.35599 0.404837 -0.842246
vn 0.927526 -0.003494 0.373741
vn 0.620086 -0.247859 0.744351
vn -0.321884 -0.496084 0.806406
vn -0.960975 -0.264693 0.080404
vn -0.913379 -0.014807 -0.406842
vn -0.586317 0.210931 -0.782138
vn 0.975172 0.156175 -0.156998
vn 0.36063 0.325366 -0.874118
vn 0.932783 -0.028706 0.359293
vn 0.614847 -0.230799 0.754119
vn -0.335762 -0.421925 0.842165
vn -0.971265 -0.208439 0.11488
vn -0.919645 0.007296 -0.392683
vn -0.583943 0.190599 -0.789102
vn 0.97719 0.097951 -0.18843
vn 0.3589 0.239003 -0.902257
vn 0.936596 -0.043686 0.347678
vn 0.61152 -0.199374 0.765698
vn -0.343649 -0.339953 0.875407
vn -0.976755 -0.157336 0.145588
vn -0.924238 0.018957 -0.381346
vn -0.583191 0.157659 -0.796889
vn 0.975073 0.044234 -0.217431
vn 0.350042 0.144208 -0.925567
vn 0.940547 -0.045613 0.336586
vn 0.612063 -0.149531 0.776543
vn -0.344542 -0.248138 0.905383
vn -0.978155 -0.113093 0.174421
vn -0.928746 0.017231 -0.370316
vn -0.585902 0.109042 -0.803012
vn 0.964351 -0.067613 -0.255843
vn 0.32134 -0.053475 -0.945453
vn 0.944719 -0.088681 0.315661
vn 0.615814 -0.173329 0.76859
vn -0.317563 -0.280903 0.905675
vn -0.96565 -0.157279 0.206844
vn -0.933578 -0.053619 -0.35434
vn -0.594879 -0.027734 -0.803336
vn 0.934529 -0.197103 -0.296322
vn 0.274845 -0.268895 -0.923123
vn 0.947328 -0.128988 0.293139
vn 0.614338 -0.18248 0.767652
vn -0.274539 -0.310581 0.910037
vn -0.936123 -0.224926 0.270336
vn -0.937251 -0.146314 -0.316468
vn -0.598214 -0.185055 -0.779676
vn 0.906592 -0.256843 -0.334847
vn 0.234453 -0.40063 -0.885736
vn 0.957735 -0.098237 0.270359
vn 0.617953 -0.081479 0.781982
vn -0.236571 -0.181081 0.954591
vn -0.910918 -0.185771 0.368398
vn -0.947703 -0.191855 -0.255052
vn -0.6025 -0.299736 -0.739698
vn 0.855883 -0.341067 -0.388765
vn 0.174834 -0.57285 -0.800797
vn 0.971068 -0.06135 0.230787
vn 0.613641 0.001765 0.789583
vn -0.162719 -0.075966 0.983744
vn -0.855929 -0.122644 0.502339
vn -0.957198 -0.235741 -0.167926
vn -0.594003 -0.458468 -0.661035
vn 0.686224 -0.548801 -0.477404
vn 0.087888 -0.780711 -0.618681
vn 0.981365 -0.053823 0.18446
vn 0.535974 0.051931 0.842636
vn -0.04144 -0.023576 0.998863
vn -0.670605 -0.032682 0.741094
vn -0.956443 -0.287526 -0.050447
vn -0.49328 -0.67947 -0.543134
vn 0.305423 -0.816596 -0.489782
vn 0.029357 -0.916722 -0.398445
vn 0.936774 -0.343492 -0.066847
vn 0.418657 0.073264 0.905185
vn 0.069414 -0.057749 0.995915
vn -0.240043 -0.02825 0.970351
vn -0.90722 -0.209973 0.364503
vn -0.343147 -0.777623 -0.526832
vn -0.603388 0.742544 0.290776
vn -0.901516 0.316882 -0.294712
vn -0.995733 -0.004734 0.092159
vn -0.664667 -0.24692 0.705159
vn 0.068613 -0.190442 0.979298
vn 0.522227 0.05557 0.850994
vn 0.693959 0.411926 0.59054
vn 0.379903 0.923818 0.047268
vn 0.853331 0.40549 0.327725
vn 0.300007 0.938065 -0.173292
vn 0.80501 -0.048031 0.591313
vn 0.467894 -0.433302 0.770276
vn -0.454917 -0.63251 0.626882
vn -0.985467 -0.168233 0.023486
vn -0.922291 0.262005 -0.284134
vn -0.598009 0.686307 -0.413966
vn 0.92778 0.32748 0.17883
vn 0.340639 0.904125 -0.257921
vn 0.879607 -0.115749 0.461404
vn 0.525595 -0.432646 0.732508
vn -0.4326 -0.551839 0.712973
vn -0.988282 -0.137288 0.066713
vn -0.923009 0.259945 -0.283695
vn -0.594062 0.683872 -0.423568
vn 0.97965 0.193506 0.053303
vn 0.379181 0.801761 -0.461953
vn 0.924478 -0.209316 0.318635
vn 0.636429 -0.510683 0.578067
vn -0.387521 -0.609662 0.691477
vn -0.994264 -0.091758 0.054957
vn -0.920544 0.236753 -0.310719
vn -0.625609 0.57668 -0.525408
vn 0.994091 0.071912 -0.081317
vn 0.37589 0.647808 -0.66261
vn 0.931048 -0.264991 0.250856
vn 0.661703 -0.547175 0.51259
vn -0.348077 -0.69528 0.628831
vn -0.995401 -0.081531 0.0503
vn -0.923019 0.265301 -0.278659
vn -0.637354 0.538923 -0.550764
vn 0.987021 -0.000713 -0.160588
vn 0.362421 0.562064 -0.743461
vn 0.929211 -0.305874 0.207384
vn 0.660564 -0.554366 0.506294
vn -0.344694 -0.641149 0.685648
vn -0.993195 -0.02355 0.114059
vn -0.922443 0.302542 -0.239931
vn -0.638302 0.535848 -0.552665
vn 0.971777 -0.066753 -0.226259
vn 0.339385 0.476367 -0.811106
vn 0.924625 -0.33852 0.174567
vn 0.660891 -0.547726 0.51305
vn -0.334504 -0.565442 0.753912
vn -0.983995 0.036074 0.174506
vn -0.919419 0.332085 -0.210685
vn -0.640968 0.524339 -0.560562
vn 0.950455 -0.129203 -0.282739
vn 0.304076 0.381279 -0.87302
vn 0.920631 -0.360218 0.150607
vn 0.667973 -0.524693 0.527739
vn -0.313466 -0.479292 0.819767
vn -0.970198 0.089038 0.225363
vn -0.917293 0.349862 -0.190183
vn -0.649789 0.498223 -0.574062
vn 0.924889 -0.18662 -0.331291
vn 0.255662 0.276096 -0.926503
vn 0.920401 -0.367875 0.132402
vn 0.685826 -0.480579 0.546522
vn -0.279942 -0.380774 0.881274
vn -0.953974 0.132279 0.269138
vn -0.919333 0.352525 -0.174795
vn -0.668074 0.454719 -0.588989
vn 0.873484 -0.288721 -0.392003
vn 0.151711 0.077472 -0.985384
vn 0.908126 -0.406338 0.100981
vn 0.681891 -0.499338 0.534496
vn -0.263628 -0.416455 0.870095
vn -0.951449 0.082692 0.296492
vn -0.94236 0.290204 -0.166549
vn -0.719556 0.331403 -0.610255
vn 0.797622 -0.402168 -0.44951
vn 0.026845 -0.145174 -0.989042
vn 0.894176 -0.442178 0.070203
vn 0.677415 -0.507378 0.532613
vn -0.229377 -0.457297 0.859224
vn -0.936935 -0.005913 0.349455
vn -0.970029 0.19939 -0.138875
vn -0.772819 0.178248 -0.60908
vn 0.744567 -0.453701 -0.489669
vn -0.060494 -0.288279 -0.955634
vn 0.907455 -0.417304 0.048822
vn 0.715862 -0.416452 0.560454
vn -0.138515 -0.336917 0.93129
vn -0.889066 0.006218 0.457736
vn -0.985894 0.148658 -0.076898
vn -0.813131 0.059724 -0.579009
vn 0.664879 -0.514733 -0.541282
vn -0.167655 -0.465083 -0.869247
vn 0.922941 -0.384734 0.012623
vn 0.737713 -0.344446 0.580634
vn -0.024353 -0.254414 0.966789
vn -0.80253 0.026601 0.596018
vn -0.995182 0.097697 0.008312
vn -0.84834 -0.107145 -0.518497
vn 0.432159 -0.653072 -0.621881
vn -0.290041 -0.674215 -0.679198
vn 0.925866 -0.376625 -0.03043
vn 0.685391 -0.300138 0.663442
vn 0.109127 -0.246787 0.962906
vn -0.575329 0.003662 0.817914
vn -0.992913 0.033109 0.114142
vn -0.812029 -0.369888 -0.451434
vn -0.040962 -0.803312 -0.594148
vn -0.348098 -0.820006 -0.454333
vn 0.77143 -0.580691 -0.26018
vn 0.585797 -0.264401 0.766116
vn 0.197921 -0.31269 0.929006
vn -0.118009 -0.185844 0.975467
vn -0.878263 -0.00033 0.478178
vn -0.700226 -0.521082 -0.488013
vn 0.955739 0.024281 -0.293212
vn 0.941948 0.164885 -0.292484
vn 0.981193 0.15707 -0.112203
vn 0.993333 0.010555 -0.114794
vn 0.906733 0.305478 -0.290721
vn 0.947053 0.303072 -0.106011
vn 0.848115 0.444863 -0.287744
vn 0.889274 0.44708 -0.096496
vn 0.763904 0.579816 -0.283309
vn 0.806099 0.585759 -0.084206
vn 0.653177 0.704635 -0.277216
vn 0.697037 0.713604 -0.070057
vn 0.518155 0.811714 -0.269509
vn 0.564481 0.823587 -0.055362
vn 0.365549 0.893532 -0.260718
vn 0.414765 0.908973 -0.041681
vn 0.206277 0.945495 -0.251971
vn 0.257817 0.965715 -0.030398
vn 0.050583 0.968263 -0.244763
vn 0.102613 0.994515 -0.020259
vn -0.058901 0.968439 -0.242191
vn -0.010506 0.999653 -0.024161
vn -0.18228 0.95244 -0.244199
vn -0.129922 0.990982 -0.03279
vn -0.338638 0.907446 -0.24873
vn -0.288608 0.956731 -0.037032
vn -0.48915 0.834436 -0.25387
vn -0.447369 0.893076 -0.047708
vn -0.625117 0.736477 -0.258517
vn -0.596295 0.800454 -0.060867
vn -0.73891 0.620727 -0.262126
vn -0.725191 0.684497 -0.07457
vn -0.827634 0.494967 -0.264633
vn -0.82843 0.553263 -0.087207
vn -0.892011 0.365297 -0.266223
vn -0.9049 0.414275 -0.097633
vn -0.934496 0.235277 -0.267136
vn -0.956333 0.272701 -0.105177
vn -0.95767 0.106198 -0.267562
vn -0.985309 0.13105 -0.10951
vn -0.963273 -0.022161 -0.267609
vn -0.993823 -0.010161 -0.110508
vn -0.951755 -0.150693 -0.267309
vn -0.982538 -0.151399 -0.108152
vn -0.922191 -0.280146 -0.266613
vn -0.950587 -0.293049 -0.102505
vn -0.872474 -0.41031 -0.265394
vn -0.895848 -0.434359 -0.09375
vn -0.799929 -0.539173 -0.26345
vn -0.815787 -0.572467 -0.082295
vn -0.702498 -0.662276 -0.260551
vn -0.708983 -0.701851 -0.068903
vn -0.580525 -0.772761 -0.256576
vn -0.577104 -0.814832 -0.054774
vn -0.43854 -0.862736 -0.251733
vn -0.426395 -0.903588 -0.041434
vn -0.285909 -0.92594 -0.246759
vn -0.267427 -0.963101 -0.030316
vn -0.132787 -0.960918 -0.242907
vn -0.109421 -0.993789 -0.020244
vn -0.023478 -0.969856 -0.242545
vn 0.002292 -0.999705 -0.024163
vn 0.100433 -0.96377 -0.247104
vn 0.118938 -0.992359 -0.032836
vn 0.260687 -0.931081 -0.255208
vn 0.277003 -0.96015 -0.037165
vn 0.419298 -0.868541 -0.264246
vn 0.434253 -0.899508 -0.048052
vn 0.566963 -0.77725 -0.272829
vn 0.58271 -0.810341 -0.061619
vn 0.694162 -0.663117 -0.280027
vn 0.712833 -0.697208 -0.075955
vn 0.795825 -0.533996 -0.2855
vn 0.818775 -0.567112 -0.08939
vn 0.87103 -0.396989 -0.289319
vn 0.898605 -0.427059 -0.100646
vn 0.921344 -0.256939 -0.291731
vn 0.953114 -0.28234 -0.108895
vn 0.949022 -0.116286 -0.292976
vn 0.98416 -0.136038 -0.113678
vn 0.979657 0.144798 0.138946
vn 0.990235 -0.002821 0.139383
vn 0.946429 0.291131 0.139697
vn 0.889651 0.434163 0.141502
vn 0.808526 0.570551 0.144076
vn 0.703411 0.695415 0.147006
vn 0.577018 0.80287 0.149833
vn 0.435178 0.887387 0.152198
vn 0.28659 0.945582 0.154079
vn 0.138713 0.977763 0.157281
vn 0.028955 0.987545 0.154649
vn -0.079416 0.985013 0.153107
vn -0.229005 0.960527 0.157939
vn -0.382757 0.909892 0.159981
vn -0.532766 0.830928 0.160371
vn -0.669131 0.725899 0.159167
vn -0.78444 0.600076 0.156723
vn -0.8746 0.459863 0.153624
vn -0.938405 0.311037 0.150507
vn -0.976324 0.157835 0.147918
vn -0.989244 0.00296 0.146242
vn -0.977614 -0.151817 0.145682
vn -0.941122 -0.304794 0.146253
vn -0.878939 -0.453458 0.14779
vn -0.790507 -0.593813 0.14995
vn -0.676781 -0.720267 0.152259
vn -0.54151 -0.826426 0.154229
vn -0.39182 -0.906801 0.155528
vn -0.237465 -0.958751 0.156225
vn -0.085752 -0.983671 0.158231
vn 0.023629 -0.987683 0.154671
vn 0.130757 -0.979651 0.152274
vn 0.278899 -0.947596 0.155813
vn 0.427717 -0.890256 0.156529
vn 0.57014 -0.806661 0.155688
vn 0.697448 -0.700005 0.153489
vn 0.80371 -0.57571 0.150359
vn 0.886083 -0.439644 0.14687
vn 0.9441 -0.296743 0.14359
vn 0.978514 -0.15044 0.140987
vn 0.85258 0.108008 0.511314
vn 0.858799 -0.017443 0.512016
vn 0.828845 0.232553 0.508857
vn 0.787028 0.35493 0.504591
vn 0.726431 0.473099 0.498472
vn 0.646784 0.583942 0.490593
vn 0.54906 0.683241 0.481367
vn 0.436359 0.766162 0.471791
vn 0.314463 0.828222 0.463855
vn 0.189832 0.86439 0.465612
vn 0.08997 0.888035 0.450887
vn -0.001152 0.8958 0.444456
vn -0.125048 0.874551 0.468534
vn -0.25444 0.833297 0.490791
vn -0.3821 0.767689 0.514445
vn -0.500333 0.678761 0.53754
vn -0.603079 0.569786 0.558247
vn -0.686228 0.445144 0.575272
vn -0.747453 0.309376 0.587878
vn -0.785713 0.166606 0.595733
vn -0.800685 0.020398 0.598738
vn -0.792345 -0.126087 0.596901
vn -0.760782 -0.269767 0.590285
vn -0.706274 -0.407297 0.579039
vn -0.629618 -0.534826 0.563509
vn -0.53264 -0.648004 0.544413
vn -0.418744 -0.742363 0.523021
vn -0.293209 -0.814081 0.501299
vn -0.162923 -0.860826 0.482116
vn -0.032091 -0.879945 0.473991
vn 0.063462 -0.889854 0.451811
vn 0.150532 -0.885593 0.439392
vn 0.275507 -0.847356 0.453965
vn 0.399392 -0.789949 0.46526
vn 0.516225 -0.711475 0.476775
vn 0.61939 -0.615459 0.487408
vn 0.70497 -0.50661 0.49635
vn 0.771423 -0.389415 0.503252
vn 0.818751 -0.267385 0.508086
vn 0.847641 -0.142899 0.510965
vn 0.405601 0.046792 0.912852
vn 0.408336 -0.010208 0.912775
vn 0.393677 0.101932 0.91358
vn 0.373467 0.152996 0.91494
vn 0.346521 0.19807 0.916892
vn 0.314897 0.235736 0.919385
vn 0.280935 0.26526 0.922341
vn 0.246915 0.286705 0.925653
vn 0.214697 0.300898 0.929175
vn 0.184951 0.309261 0.932819
vn 0.162734 0.312452 0.935891
vn 0.143466 0.312195 0.939123
vn 0.115199 0.307888 0.944423
vn 0.083557 0.298566 0.950724
vn 0.048869 0.282464 0.958032
vn 0.012642 0.258042 0.966051
vn -0.022904 0.224368 0.974235
vn -0.055111 0.181411 0.981862
vn -0.081275 0.13015 0.988157
vn -0.099039 0.072503 0.992439
vn -0.106737 0.011119 0.994225
vn -0.103625 -0.050916 0.993312
vn -0.089989 -0.110437 0.989801
vn -0.067102 -0.164558 0.984082
vn -0.037049 -0.211008 0.976782
vn -0.00243 -0.248371 0.968662
vn 0.034012 -0.276231 0.960489
vn 0.069803 -0.295144 0.9529
vn 0.103087 -0.306441 0.946291
vn 0.133328 -0.31188 0.94072
vn 0.155649 -0.312813 0.936974
vn 0.174935 -0.310594 0.934307
vn 0.20297 -0.3035 0.930962
vn 0.23386 -0.291306 0.927605
vn 0.267121 -0.272526 0.924325
vn 0.301176 -0.246081 0.92127
vn 0.333906 -0.211546 0.918562
vn 0.36297 -0.169296 0.916292
vn 0.386161 -0.120453 0.914533
vn 0.401683 -0.066725 0.913345
vn 0.167595 -0.0 0.985856
vn 0.020173 0.000492 0.999796
vn 0.029718 0.001912 0.999557
vn 0.044598 0.00504 0.998992
vn 0.063414 0.010385 0.997933
vn 0.084461 0.018101 0.996262
vn 0.105955 0.027962 0.993978
vn 0.126246 0.039392 0.991216
vn 0.143989 0.051546 0.988236
vn 0.158519 0.063661 0.985301
vn 0.167155 0.072451 0.983265
vn 0.173766 0.081011 0.981449
vn 0.179466 0.089731 0.979663
vn 0.181947 0.094128 0.978793
vn 0.181786 0.093533 0.97888
vn 0.179731 0.087749 0.979794
vn 0.176616 0.077032 0.981261
vn 0.173239 0.061962 0.982929
vn 0.17029 0.043377 0.984439
vn 0.168298 0.022325 0.985483
vn 0.167595 0.0 0.985856
vn 0.168298 -0.022325 0.985483
vn 0.17029 -0.043377 0.984439
vn 0.173239 -0.061962 0.982929
vn 0.176616 -0.077032 0.981261
vn 0.179731 -0.087749 0.979794
vn 0.181786 -0.093533 0.97888
vn 0.181947 -0.094128 0.978793
vn 0.179466 -0.089731 0.979663
vn 0.173766 -0.081011 0.981449
vn 0.167155 -0.072451 0.983265
vn 0.158519 -0.063661 0.985301
vn 0.143989 -0.051546 0.988236
vn 0.126246 -0.039392 0.991216
vn 0.105955 -0.027962 0.993978
vn 0.084461 -0.018101 0.996262
vn 0.063414 -0.010385 0.997933
vn 0.044598 -0.00504 0.998992
vn 0.029718 -0.001912 0.999557
vn 0.020173 -0.000492 0.999796
vn 0.99971 0.024061 0.0
vn 0.985923 0.1672 0.0
vn 0.992804 0.119749 0.0
vn 0.99971 -0.024061 0.0
vn 0.952112 0.30575 0.0
vn 0.965542 0.260246 0.0
vn 0.899844 0.436212 0.0
vn 0.919214 0.393758 0.0
vn 0.831337 0.555769 0.0
vn 0.855853 0.51722 0.0
vn 0.749152 0.662399 0.0
vn 0.777939 0.62834 0.0
vn 0.655907 0.754842 0.0
vn 0.688101 0.725615 0.0
vn 0.554057 0.832479 0.0
vn 0.588866 0.80823 0.0
vn 0.445763 0.895151 0.0
vn 0.482504 0.875894 0.0
vn 0.332849 0.94298 0.0
vn 0.37095 0.928653 0.0
vn 0.216815 0.976213 0.0
vn 0.255808 0.966728 0.0
vn 0.098902 0.995097 0.0
vn 0.138397 0.990377 0.0
vn -0.019828 0.999803 0.0
vn 0.019828 0.999803 0.0
vn -0.138397 0.990377 0.0
vn -0.098902 0.995097 0.0
vn -0.255808 0.966728 0.0
vn -0.216815 0.976213 0.0
vn -0.37095 0.928653 0.0
vn -0.332849 0.94298 0.0
vn -0.482504 0.875894 0.0
vn -0.445763 0.895151 0.0
vn -0.588866 0.80823 0.0
vn -0.554057 0.832479 0.0
vn -0.688101 0.725615 0.0
vn -0.655907 0.754842 0.0
vn -0.777939 0.62834 0.0
vn -0.749152 0.662399 0.0
vn -0.855853 0.51722 0.0
vn -0.831337 0.555769 0.0
vn -0.919214 0.393758 0.0
vn -0.899844 0.436212 0.0
vn -0.965542 0.260246 0.0
vn -0.952112 0.30575 0.0
vn -0.992804 0.119749 0.0
vn -0.985923 0.1672 0.0
vn -0.99971 -0.024061 0.0
vn -0.99971 0.024061 0.0
vn -0.985923 -0.1672 0.0
vn -0.992804 -0.119749 0.0
vn -0.952112 -0.30575 0.0
vn -0.965542 -0.260246 0.0
vn -0.899844 -0.436212 0.0
vn -0.919214 -0.393758 0.0
vn -0.831337 -0.555769 0.0
vn -0.855853 -0.51722 0.0
vn -0.749152 -0.662399 0.0
vn -0.777939 -0.62834 0.0
vn -0.655907 -0.754842 0.0
vn -0.688101 -0.725615 0.0
vn -0.554057 -0.832479 0.0
vn -0.588866 -0.80823 0.0
vn -0.445763 -0.895151 0.0
vn -0.482504 -0.875894 0.0
vn -0.332849 -0.94298 0.0
vn -0.37095 -0.928653 0.0
vn -0.216815 -0.976213 0.0
vn -0.255808 -0.966728 0.0
vn -0.098902 -0.995097 0.0
vn -0.138397 -0.990377 0.0
vn 0.019828 -0.999803 0.0
vn -0.019828 -0.999803 0.0
vn 0.138397 -0.990377 0.0
vn 0.098902 -0.995097 0.0
vn 0.255808 -0.966728 0.0
vn 0.216815 -0.976213 0.0
vn 0.37095 -0.928653 0.0
vn 0.332849 -0.94298 0.0
vn 0.482504 -0.875894 0.0
vn 0.445763 -0.895151 0.0
vn 0.588866 -0.80823 0.0
vn 0.554057 -0.832479 0.0
vn 0.688101 -0.725615 0.0
vn 0.655907 -0.754842 0.0
vn 0.777939 -0.62834 0.0
vn 0.749152 -0.662399 0.0
vn 0.855853 -0.51722 0.0
vn 0.831337 -0.555769 0.0
vn 0.919214 -0.393758 0.0
vn 0.899844 -0.436212 0.0
vn 0.965542 -0.260246 0.0
vn 0.952112 -0.30575 0.0
vn 0.992804 -0.119749 0.0
vn 0.985923 -0.1672 0.0
vn -0.982426 0.169602 0.077943
vn -0.846779 0.323398 0.422349
vn -0.929564 0.25201 0.269077
vn -0.990634 0.130556 0.039999
vn 0.982426 -0.169602 -0.077943
vn 0.990634 -0.130556 -0.039999
vn 0.929564 -0.25201 -0.269077
vn 0.846779 -0.323398 -0.422349
vn -0.546988 0.352093 0.759496
vn -0.684516 0.340974 0.644341
vn 0.684516 -0.340974 -0.644341
vn 0.546988 -0.352093 -0.759496
vn -0.332821 0.298406 0.89453
vn -0.433003 0.309852 0.846463
vn 0.433003 -0.309852 -0.846463
vn 0.332821 -0.298406 -0.89453
vn -0.211255 0.249072 0.945164
vn -0.274452 0.261346 0.925405
vn 0.274452 -0.261346 -0.925405
vn 0.211255 -0.249072 -0.945164
vn -0.138728 0.213462 0.967051
vn -0.179497 0.223069 0.958134
vn 0.179497 -0.223069 -0.958134
vn 0.138728 -0.213462 -0.967051
vn -0.091425 0.188395 0.977829
vn -0.118869 0.195507 0.973472
vn 0.118869 -0.195507 -0.973472
vn 0.091425 -0.188395 -0.977829
vn -0.057925 0.170687 0.983621
vn -0.077034 0.175878 0.981393
vn 0.077034 -0.175878 -0.981393
vn 0.057925 -0.170687 -0.983621
vn -0.032439 0.158217 0.986871
vn -0.046006 0.161948 0.985726
vn 0.046006 -0.161948 -0.985726
vn 0.032439 -0.158217 -0.986871
vn -0.011779 0.149659 0.988667
vn -0.021434 0.152245 0.98811
vn 0.021434 -0.152245 -0.98811
vn 0.011779 -0.149659 -0.988667
vn 0.005971 0.144198 0.989531
vn -0.000752 0.145836 0.989309
vn 0.000752 -0.145836 -0.989309
vn -0.005971 -0.144198 -0.989531
vn 0.022081 0.141355 0.989713
vn 0.017695 0.142158 0.989686
vn -0.017695 -0.142158 -0.989686
vn -0.022081 -0.141355 -0.989713
vn 0.037501 0.140896 0.989314
vn 0.035104 0.140908 0.9894
vn -0.035104 -0.140908 -0.9894
vn -0.037501 -0.140896 -0.989314
vn 0.053057 0.142784 0.988331
vn 0.052477 0.141985 0.988477
vn -0.052477 -0.141985 -0.988477
vn -0.053057 -0.142784 -0.988331
vn 0.0696 0.14717 0.986659
vn 0.070808 0.14547 0.986826
vn -0.070808 -0.14547 -0.986826
vn -0.0696 -0.14717 -0.986659
vn 0.088166 0.154427 0.984062
vn 0.091266 0.151644 0.984213
vn -0.091266 -0.151644 -0.984213
vn -0.088166 -0.154427 -0.984062
vn 0.110201 0.165218 0.980081
vn 0.115444 0.161036 0.980173
vn -0.115444 -0.161036 -0.980173
vn -0.110201 -0.165218 -0.980081
vn 0.137967 0.180639 0.973825
vn 0.14578 0.174517 0.973803
vn -0.14578 -0.174517 -0.973803
vn -0.137967 -0.180639 -0.973825
vn 0.175336 0.202465 0.963465
vn 0.186351 0.193454 0.963249
vn -0.186351 -0.193454 -0.963249
vn -0.175336 -0.202465 -0.963465
vn 0.22952 0.233512 0.944877
vn 0.24451 0.219869 0.94439
vn -0.24451 -0.219869 -0.94439
vn -0.22952 -0.233512 -0.944877
vn 0.314901 0.277787 0.907564
vn 0.334217 0.256154 0.90702
vn -0.334217 -0.256154 -0.90702
vn -0.314901 -0.277787 -0.907564
vn 0.460075 0.337134 0.821384
vn 0.480856 0.301398 0.823369
vn -0.480856 -0.301398 -0.823369
vn -0.460075 -0.337134 -0.821384
vn 0.699165 0.38325 0.603562
vn 0.708518 0.330073 0.623742
vn -0.708518 -0.330073 -0.623742
vn -0.699165 -0.38325 -0.603562
vn 0.938469 0.278327 0.204477
vn 0.932276 0.247283 0.26403
vn -0.932276 -0.247283 -0.26403
vn -0.938469 -0.278327 -0.204477
vn 0.971791 0.235842 0.0
vn 0.985341 0.163113 0.049974
vn -0.985341 -0.163113 -0.049974
vn -0.971791 -0.235842 0.0
vn -0.957558 0.197035 0.210379
vn -0.99451 0.100048 0.030652
vn 0.99451 -0.100048 -0.030652
vn 0.957558 -0.197035 -0.210379
vn -0.770346 0.298236 0.56358
vn 0.770346 -0.298236 -0.56358
vn -0.519723 0.293676 0.802273
vn 0.519723 -0.293676 -0.802273
vn -0.337051 0.25588 0.906048
vn 0.337051 -0.25588 -0.906048
vn -0.22232 0.221077 0.949578
vn 0.22232 -0.221077 -0.949578
vn -0.148417 0.194723 0.969565
vn 0.148417 -0.194723 -0.969565
vn -0.097666 0.175558 0.979612
vn 0.097666 -0.175558 -0.979612
vn -0.060377 0.161824 0.984971
vn 0.060377 -0.161824 -0.984971
vn -0.031149 0.152206 0.987858
vn 0.031149 -0.152206 -0.987858
vn -0.006777 0.145832 0.989286
vn 0.006777 -0.145832 -0.989286
vn 0.014809 0.142165 0.989732
vn -0.014809 -0.142165 -0.989732
vn 0.035104 0.140908 0.9894
vn -0.035104 -0.140908 -0.9894
vn 0.055351 0.141963 0.988323
vn -0.055351 -0.141963 -0.988323
vn 0.076784 0.145405 0.986388
vn -0.076784 -0.145405 -0.986388
vn 0.100857 0.151503 0.983298
vn -0.100857 -0.151503 -0.983298
vn 0.129553 0.160754 0.978455
vn -0.129553 -0.160754 -0.978455
vn 0.165895 0.173957 0.970679
vn -0.165895 -0.173957 -0.970679
vn 0.214895 0.192303 0.957517
vn -0.214895 -0.192303 -0.957517
vn 0.285352 0.217324 0.933458
vn -0.285352 -0.217324 -0.933458
vn 0.392849 0.249932 0.884988
vn -0.392849 -0.249932 -0.884988
vn 0.560262 0.284732 0.77784
vn -0.560262 -0.284732 -0.77784
vn 0.786422 0.288911 0.545958
vn -0.786422 -0.288911 -0.545958
vn 0.958862 0.19405 0.207192
vn -0.958862 -0.19405 -0.207192
vn 0.992326 0.118227 0.036222
vn -0.992326 -0.118227 -0.036222
vn -0.97182 0.161135 0.172048
vn -0.9964 0.081055 0.024833
vn 0.9964 -0.081055 -0.024833
vn 0.97182 -0.161135 -0.172048
vn -0.828116 0.262189 0.49546
vn 0.828116 -0.262189 -0.49546
vn -0.592917 0.276808 0.756192
vn 0.592917 -0.276808 -0.756192
vn -0.395481 0.249625 0.883901
vn 0.395481 -0.249625 -0.883901
vn -0.263895 0.218714 0.939427
vn 0.263895 -0.218714 -0.939427
vn -0.177574 0.193774 0.964842
vn 0.177574 -0.193774 -0.964842
vn -0.118173 0.175166 0.977421
vn 0.118173 -0.175166 -0.977421
vn -0.074711 0.161667 0.984013
vn 0.074711 -0.161667 -0.984013
vn -0.040857 0.152152 0.987512
vn 0.040857 -0.152152 -0.987512
vn -0.012802 0.145824 0.989228
vn 0.012802 -0.145824 -0.989228
vn 0.011924 0.14217 0.98977
vn -0.011924 -0.14217 -0.98977
vn 0.035104 0.140908 0.9894
vn -0.035104 -0.140908 -0.9894
vn 0.058223 0.141939 0.988162
vn -0.058223 -0.141939 -0.988162
vn 0.082752 0.145335 0.985916
vn -0.082752 -0.145335 -0.985916
vn 0.110421 0.151348 0.982294
vn -0.110421 -0.151348 -0.982294
vn 0.143584 0.16044 0.976546
vn -0.143584 -0.16044 -0.976546
vn 0.185805 0.17333 0.967178
vn -0.185805 -0.17333 -0.967178
vn 0.242899 0.191006 0.951061
vn -0.242899 -0.191006 -0.951061
vn 0.324697 0.214466 0.921182
vn -0.324697 -0.214466 -0.921182
vn 0.447057 0.243111 0.860835
vn -0.447057 -0.243111 -0.860835
vn 0.626761 0.267852 0.731728
vn -0.626761 -0.267852 -0.731728
vn 0.839069 0.254457 0.480849
vn -0.839069 -0.254457 -0.480849
vn 0.972536 0.159104 0.16988
vn -0.972536 -0.159104 -0.16988
vn 0.995297 0.09262 0.028376
vn -0.995297 -0.09262 -0.028376
vn -0.97999 0.136066 0.145281
vn -0.99746 0.068107 0.020866
vn 0.99746 -0.068107 -0.020866
vn 0.97999 -0.136066 -0.145281
vn -0.867812 0.232411 0.43919
vn 0.867812 -0.232411 -0.43919
vn -0.653893 0.260075 0.710482
vn 0.653893 -0.260075 -0.710482
vn -0.449479 0.242781 0.859666
vn 0.449479 -0.242781 -0.859666
vn -0.30405 0.216017 0.927842
vn 0.30405 -0.216017 -0.927842
vn -0.20627 0.192669 0.959339
vn 0.20627 -0.192669 -0.959339
vn -0.13853 0.174701 0.974828
vn 0.13853 -0.174701 -0.974828
vn -0.088999 0.161477 0.982855
vn 0.088999 -0.161477 -0.982855
vn -0.050552 0.152085 0.987074
vn 0.050552 -0.152085 -0.987074
vn -0.018825 0.14581 0.989134
vn 0.018825 -0.14581 -0.989134
vn 0.009038 0.142175 0.9898
vn -0.009038 -0.142175 -0.9898
vn 0.035104 0.140908 0.9894
vn -0.035104 -0.140908 -0.9894
vn 0.061094 0.141915 0.987992
vn -0.061094 -0.141915 -0.987992
vn 0.088711 0.145261 0.985408
vn -0.088711 -0.145261 -0.985408
vn 0.119954 0.15118 0.981201
vn -0.119954 -0.15118 -0.981201
vn 0.157528 0.160096 0.974451
vn -0.157528 -0.160096 -0.974451
vn 0.205489 0.172637 0.963312
vn -0.205489 -0.172637 -0.963312
vn 0.270308 0.189573 0.943926
vn -0.270308 -0.189573 -0.943926
vn 0.362426 0.211336 0.907736
vn -0.362426 -0.211336 -0.907736
vn 0.496754 0.235878 0.835223
vn -0.496754 -0.235878 -0.835223
vn 0.681921 0.251426 0.686854
vn -0.681921 -0.251426 -0.686854
vn 0.875465 0.226045 0.427159
vn -0.875465 -0.226045 -0.427159
vn 0.980422 0.134603 0.143719
vn -0.980422 -0.134603 -0.143719
vn 0.996827 0.076102 0.023316
vn -0.996827 -0.076102 -0.023316
vn -0.98508 0.117642 0.125609
vn -0.998112 0.058719 0.01799
vn 0.998112 -0.058719 -0.01799
vn 0.98508 -0.117642 -0.125609
vn -0.895813 0.207873 0.39282
vn 0.895813 -0.207873 -0.39282
vn -0.704344 0.244012 0.666601
vn 0.704344 -0.244012 -0.666601
vn -0.498965 0.235533 0.834001
vn 0.498965 -0.235533 -0.834001
vn -0.342647 0.213025 0.914993
vn 0.342647 -0.213025 -0.914993
vn -0.234444 0.191416 0.953098
vn 0.234444 -0.191416 -0.953098
vn -0.158713 0.174166 0.971842
vn 0.158713 -0.174166 -0.971842
vn -0.103232 0.161254 0.981499
vn 0.103232 -0.161254 -0.981499
vn -0.060234 0.152003 0.986543
vn 0.060234 -0.152003 -0.986543
vn -0.024846 0.145791 0.989003
vn 0.024846 -0.145791 -0.989003
vn 0.006152 0.142178 0.989822
vn -0.006152 -0.142178 -0.989822
vn 0.035104 0.140908 0.9894
vn -0.035104 -0.140908 -0.9894
vn 0.063963 0.141889 0.987814
vn -0.063963 -0.141889 -0.987814
vn 0.094661 0.145181 0.984866
vn -0.094661 -0.145181 -0.984866
vn 0.129454 0.150998 0.980021
vn -0.129454 -0.150998 -0.980021
vn 0.171379 0.159722 0.972172
vn -0.171379 -0.159722 -0.972172
vn 0.224927 0.171882 0.959096
vn -0.224927 -0.171882 -0.959096
vn 0.297076 0.188014 0.936161
vn -0.297076 -0.188014 -0.936161
vn 0.398455 0.207974 0.893298
vn -0.398455 -0.207974 -0.893298
vn 0.542005 0.228399 0.808743
vn -0.542005 -0.228399 -0.808743
vn 0.727485 0.235854 0.644313
vn -0.727485 -0.235854 -0.644313
vn 0.901306 0.202612 0.382878
vn -0.901306 -0.202612 -0.382878
vn 0.98536 0.116541 0.124434
vn -0.98536 -0.116541 -0.124434
vn 0.997717 0.064572 0.019783
vn -0.997717 -0.064572 -0.019783
vn -0.988458 0.10356 0.110573
vn -0.998543 0.051602 0.01581
vn 0.998543 -0.051602 -0.01581
vn 0.988458 -0.10356 -0.110573
vn -0.916099 0.187537 0.354391
vn 0.916099 -0.187537 -0.354391
vn -0.745996 0.228919 0.625369
vn 0.745996 -0.228919 -0.625369
vn -0.544012 0.228047 0.807493
vn 0.544012 -0.228047 -0.807493
vn -0.379585 0.209781 0.901059
vn 0.379585 -0.209781 -0.901059
vn -0.262039 0.190023 0.946164
vn 0.262039 -0.190023 -0.946164
vn -0.178699 0.173562 0.968474
vn 0.178699 -0.173562 -0.968474
vn -0.117402 0.160999 0.979947
vn 0.117402 -0.160999 -0.979947
vn -0.069898 0.151907 0.98592
vn 0.069898 -0.151907 -0.98592
vn -0.030865 0.145766 0.988837
vn 0.030865 -0.145766 -0.988837
vn 0.003266 0.14218 0.989835
vn -0.003266 -0.14218 -0.989835
vn 0.035104 0.140908 0.9894
vn -0.035104 -0.140908 -0.9894
vn 0.066831 0.141863 0.987628
vn -0.066831 -0.141863 -0.987628
vn 0.100601 0.145096 0.98429
vn -0.100601 -0.145096 -0.98429
vn 0.138919 0.150803 0.978754
vn -0.138919 -0.150803 -0.978754
vn 0.185129 0.159318 0.969714
vn -0.185129 -0.159318 -0.969714
vn 0.244099 0.171066 0.954543
vn -0.244099 -0.171066 -0.954543
vn 0.323161 0.186338 0.927817
vn -0.323161 -0.186338 -0.927817
vn 0.432729 0.204422 0.878042
vn -0.432729 -0.204422 -0.878042
vn 0.582989 0.220818 0.781897
vn -0.582989 -0.220818 -0.781897
vn 0.765111 0.221339 0.604661
vn -0.765111 -0.221339 -0.604661
vn 0.920144 0.183153 0.346106
vn -0.920144 -0.183153 -0.346106
vn 0.988649 0.102703 0.109659
vn -0.988649 -0.102703 -0.109659
vn 0.998279 0.056071 0.017179
vn -0.998279 -0.056071 -0.017179
vn -0.99081 0.09246 0.098722
vn -0.998841 0.046022 0.0141
vn 0.998841 -0.046022 -0.0141
vn 0.99081 -0.09246 -0.098722
vn -0.931166 0.170532 0.322256
vn 0.931166 -0.170532 -0.322256
vn -0.78042 0.21493 0.587154
vn 0.78042 -0.21493 -0.587154
vn -0.584803 0.220463 0.780642
vn 0.584803 -0.220463 -0.780642
vn -0.414794 0.206325 0.886214
vn 0.414794 -0.206325 -0.886214
vn -0.289007 0.188501 0.938585
vn 0.289007 -0.188501 -0.938585
vn -0.198466 0.172893 0.964738
vn 0.198466 -0.172893 -0.964738
vn -0.1315 0.160712 0.978202
vn 0.1315 -0.160712 -0.978202
vn -0.079543 0.151797 0.985206
vn 0.079543 -0.151797 -0.985206
vn -0.03688 0.145736 0.988636
vn 0.03688 -0.145736 -0.988636
vn 0.000379 0.14218 0.989841
vn -0.000379 -0.14218 -0.989841
vn 0.035104 0.140908 0.9894
vn -0.035104 -0.140908 -0.9894
vn 0.069697 0.141835 0.987434
vn -0.069697 -0.141835 -0.987434
vn 0.106529 0.145006 0.983679
vn -0.106529 -0.145006 -0.983679
vn 0.148345 0.150595 0.977402
vn -0.148345 -0.150595 -0.977402
vn 0.198771 0.158885 0.967081
vn -0.198771 -0.158885 -0.967081
vn 0.26299 0.170192 0.949669
vn -0.26299 -0.170192 -0.949669
vn 0.34853 0.184557 0.918948
vn -0.34853 -0.184557 -0.918948
vn 0.465225 0.200719 0.862135
vn -0.465225 -0.200719 -0.862135
vn 0.619961 0.213249 0.755098
vn -0.619961 -0.213249 -0.755098
vn 0.796256 0.207954 0.568095
vn -0.796256 -0.207954 -0.568095
vn 0.934216 0.166843 0.315284
vn -0.934216 -0.166843 -0.315284
vn 0.990947 0.091775 0.097991
vn -0.990947 -0.091775 -0.097991
vn 0.998657 0.049545 0.015179
vn -0.998657 -0.049545 -0.015179
vn 0.991587 -0.123113 0.039988
vn 0.999051 -0.043548 0.0
vn 0.999051 -0.043548 0.0
vn 0.997221 -0.072757 -0.016036
vn 0.95783 -0.213454 0.192352
vn 0.984465 -0.158754 -0.075004
vn 0.853287 -0.28538 0.436416
vn 0.953884 -0.242343 -0.177131
vn 0.672687 -0.31159 0.671121
vn 0.894851 -0.318777 -0.312446
vn 0.485399 -0.298549 0.82174
vn 0.801335 -0.38036 -0.461723
vn 0.34028 -0.271928 0.900147
vn 0.679082 -0.421148 -0.601233
vn 0.238832 -0.246186 0.939336
vn 0.543645 -0.441399 -0.713874
vn 0.168316 -0.225339 0.959631
vn 0.41043 -0.446715 -0.79498
vn 0.117489 -0.2096 0.970703
vn 0.287881 -0.443888 -0.84858
vn 0.078663 -0.198306 0.976978
vn 0.177636 -0.438127 -0.881187
vn 0.046708 -0.190781 0.980521
vn 0.07744 -0.432574 -0.898266
vn 0.017975 -0.186527 0.982285
vn -0.016528 -0.428797 -0.90325
vn -0.0105 -0.185247 0.982636
vn -0.108496 -0.427315 -0.897569
vn -0.041586 -0.186821 0.981513
vn -0.202616 -0.427863 -0.88084
vn -0.078631 -0.191272 0.978382
vn -0.302641 -0.429358 -0.850917
vn -0.126166 -0.198699 0.971906
vn -0.411287 -0.429616 -0.803911
vn -0.190882 -0.209099 0.959084
vn -0.528881 -0.424942 -0.734649
vn -0.282829 -0.221784 0.933177
vn -0.651261 -0.410069 -0.638515
vn -0.41531 -0.233676 0.879155
vn -0.76832 -0.379333 -0.515549
vn -0.596237 -0.235275 0.767559
vn -0.866387 -0.329564 -0.375182
vn -0.797428 -0.207789 0.566509
vn -0.935526 -0.262665 -0.236216
vn -0.940999 -0.140155 0.308022
vn -0.97555 -0.184514 -0.119404
vn -0.993556 -0.051682 0.100872
vn -0.994114 -0.100874 -0.039522
vn -0.994078 -0.037049 0.102156
vn -0.999017 -0.043919 -0.006055
vn 0.999051 -0.043548 0.0
vn 0.999051 -0.043548 0.0
vn 0.997221 -0.072757 -0.016036
vn 0.991587 -0.123113 0.039988
vn 0.984465 -0.158754 -0.075004
vn 0.95783 -0.213454 0.192352
vn 0.953884 -0.242343 -0.177131
vn 0.853287 -0.28538 0.436416
vn 0.894851 -0.318777 -0.312446
vn 0.672687 -0.31159 0.671121
vn 0.801335 -0.38036 -0.461723
vn 0.485399 -0.298549 0.82174
vn 0.679082 -0.421148 -0.601233
vn 0.34028 -0.271928 0.900147
vn 0.543645 -0.441399 -0.713874
vn 0.238832 -0.246186 0.939336
vn 0.41043 -0.446715 -0.79498
vn 0.168316 -0.225339 0.959631
vn 0.287881 -0.443888 -0.84858
vn 0.117489 -0.2096 0.970703
vn 0.177636 -0.438127 -0.881187
vn 0.078663 -0.198306 0.976978
vn 0.07744 -0.432574 -0.898266
vn 0.046708 -0.190781 0.980521
vn -0.016528 -0.428797 -0.90325
vn 0.017975 -0.186527 0.982285
vn -0.108496 -0.427315 -0.897569
vn -0.0105 -0.185247 0.982636
vn -0.202616 -0.427863 -0.88084
vn -0.041586 -0.186821 0.981513
vn -0.302641 -0.429358 -0.850917
vn -0.078631 -0.191272 0.978382
vn -0.411287 -0.429616 -0.803911
vn -0.126166 -0.198699 0.971906
vn -0.528881 -0.424942 -0.734649
vn -0.190882 -0.209099 0.959084
vn -0.651261 -0.410069 -0.638515
vn -0.282829 -0.221784 0.933177
vn -0.76832 -0.379333 -0.515549
vn -0.41531 -0.233676 0.879155
vn -0.866387 -0.329564 -0.375182
vn -0.596237 -0.235275 0.767559
vn -0.935526 -0.262665 -0.236216
vn -0.797428 -0.207789 0.566509
vn -0.97555 -0.184514 -0.119404
vn -0.940999 -0.140155 0.308022
vn -0.994114 -0.100874 -0.039522
vn -0.993556 -0.051682 0.100872
vn -0.999017 -0.043919 -0.006055
vn -0.994078 -0.037049 0.102156
vn 0.439636 -0.775514 -0.453099
vn 0.969062 -0.217382 0.116894
vn 0.551401 -0.360994 0.752091
vn -0.171354 -0.415334 0.893384
vn -0.762334 -0.36793 0.532424
vn -0.958091 -0.257613 -0.125293
vn -0.623584 -0.130831 -0.770731
vn 0.11169 -0.054515 -0.992247
vn -0.486525 0.143515 -0.861798
vn 0.256222 -0.01031 -0.966563
vn -0.943342 0.213757 -0.2538
vn -0.850544 0.158951 0.501307
vn -0.262906 0.011874 0.964748
vn 0.47927 -0.140994 0.866268
vn 0.94254 -0.21092 0.259098
vn 0.850299 -0.157071 -0.502314
vn -0.465815 0.209055 -0.859833
vn 0.245591 -0.049922 -0.968087
vn -0.904306 0.345083 -0.251294
vn -0.81781 0.280443 0.502533
vn -0.255744 0.053234 0.965278
vn 0.457701 -0.205453 0.865042
vn 0.903594 -0.344463 0.254682
vn 0.815052 -0.280114 -0.507174
vn -0.435182 0.269891 -0.858939
vn 0.231448 -0.088277 -0.968834
vn -0.84702 0.469444 -0.249359
vn -0.767205 0.396182 0.504417
vn -0.241116 0.093011 0.966029
vn 0.427742 -0.265258 0.864103
vn 0.846379 -0.468918 0.252505
vn 0.76433 -0.395554 -0.50925
vn -0.397828 0.323373 -0.858582
vn 0.21274 -0.123464 -0.969277
vn -0.775614 0.580305 -0.248331
vn -0.703094 0.500013 0.505614
vn -0.22137 0.129266 0.966585
vn 0.391408 -0.31807 0.863499
vn 0.775037 -0.579859 0.251161
vn 0.700302 -0.499066 -0.510402
vn -0.356453 0.368218 -0.858695
vn 0.190764 -0.154305 -0.969432
vn -0.695187 0.674643 -0.248136
vn -0.630105 0.588892 0.506136
vn -0.198051 0.160721 0.966925
vn 0.351188 -0.362619 0.863235
vn 0.69468 -0.674239 0.250642
vn 0.627572 -0.58767 -0.510684
vn -0.313509 0.404397 -0.859171
vn 0.16689 -0.180325 -0.969346
vn -0.610588 0.751908 -0.248628
vn -0.552757 0.662088 0.506061
vn -0.172778 0.186937 0.967059
vn 0.309362 -0.398799 0.863281
vn 0.610165 -0.751515 0.250845
vn 0.550591 -0.66068 -0.510247
vn -0.2708 0.43271 -0.859901
vn 0.142277 -0.201623 -0.969075
vn -0.525548 0.813313 -0.249644
vn -0.474605 0.720573 0.505495
vn -0.146881 0.20813 0.96701
vn 0.267634 -0.427303 0.863588
vn 0.525216 -0.812917 0.251621
vn 0.472835 -0.719075 -0.509272
vn -0.229404 0.454318 -0.860796
vn 0.117745 -0.218653 -0.968673
vn -0.442434 0.860948 -0.251037
vn -0.397953 0.766205 0.504543
vn -0.121256 0.224885 0.966811
vn 0.227051 -0.449194 0.864102
vn 0.442192 -0.860549 0.252828
vn 0.396551 -0.764697 -0.507922
vn -0.189805 0.470415 -0.861791
vn 0.093774 -0.232015 -0.968182
vn -0.362422 0.897103 -0.252697
vn -0.323985 0.801079 0.503295
vn -0.096397 0.237906 0.966493
vn 0.188105 -0.465592 0.864778
vn 0.36226 -0.896702 0.254348
vn 0.322899 -0.79961 -0.506321
vn -0.152068 0.482048 -0.862847
vn 0.070567 -0.242306 -0.96763
vn -0.285815 0.92386 -0.254545
vn -0.253055 0.827128 0.501819
vn -0.072483 0.247862 0.96608
vn 0.15089 -0.477498 0.865579
vn 0.285725 -0.923458 0.256099
vn 0.252226 -0.825719 -0.504549
vn -0.116002 0.490046 -0.863944
vn 0.048135 -0.250049 -0.967036
vn -0.212355 0.942918 -0.256535
vn -0.18497 0.845946 0.500161
vn -0.049486 0.255317 0.96559
vn 0.115247 -0.485719 0.866484
vn 0.212329 -0.942517 0.258029
vn 0.184347 -0.844603 -0.502655
vn -0.081268 0.495021 -0.865072
vn 0.026363 -0.255656 -0.966408
vn -0.141449 0.95556 -0.258646
vn -0.119214 0.858745 0.498342
vn -0.027254 0.260706 0.965034
vn 0.080868 -0.490853 0.867481
vn 0.14148 -0.955157 0.260113
vn 0.118754 -0.85746 -0.50066
vn -0.047457 0.49738 -0.866234
vn 0.00506 -0.259427 -0.965749
vn -0.072323 0.96266 -0.260874
vn -0.055085 0.866361 0.496371
vn -0.005558 0.264338 0.964414
vn 0.047371 -0.493303 0.868567
vn 0.07241 -0.962253 0.262347
vn 0.054759 -0.86512 -0.498567
vn -0.014122 0.497345 -0.867438
vn -0.016011 -0.261551 -0.965057
vn -0.004112 0.964724 -0.263231
vn 0.008208 0.869288 0.494238
vn 0.015868 0.266407 0.96373
vn 0.014338 -0.493288 0.869748
vn 0.004259 -0.96431 0.264743
vn -0.008421 -0.868074 -0.496363
vn 0.019186 0.494972 -0.868697
vn -0.037109 -0.262109 -0.964324
vn 0.064081 0.961912 -0.265742
vn 0.071497 0.867699 0.491922
vn 0.037313 0.266996 0.962975
vn -0.018658 -0.490865 0.871036
vn -0.063867 -0.961487 0.267327
vn -0.071607 -0.866493 -0.494026
vn 0.052912 0.490149 -0.870031
vn -0.058502 -0.261082 -0.963542
vn 0.133152 0.954049 -0.268443
vn 0.135618 0.861455 0.48939
vn 0.059075 0.266085 0.962138
vn -0.052035 -0.485924 0.872451
vn -0.132858 -0.953611 0.270138
vn -0.135628 -0.86024 -0.49152
vn 0.087471 0.4826 -0.871462
vn -0.080459 -0.258342 -0.962697
vn 0.203954 0.940614 -0.271381
vn 0.201376 0.850101 0.486597
vn 0.08145 0.263544 0.961203
vn -0.086181 -0.478193 0.874016
vn -0.203561 -0.940165 0.273226
vn -0.201281 -0.848857 -0.488802
vn 0.123223 0.471864 -0.873018
vn -0.103228 -0.253647 -0.961773
vn 0.277244 0.920719 -0.274613
vn 0.269495 0.832834 0.483488
vn 0.104722 0.259125 0.96015
vn -0.121424 -0.467221 0.875763
vn -0.276728 -0.920264 0.27665
vn -0.269283 -0.831544 -0.48582
vn 0.160422 0.457286 -0.874731
vn -0.127015 -0.246631 -0.96075
vn 0.353586 0.893072 -0.278207
vn 0.340536 0.808478 0.479998
vn 0.129133 0.252444 0.958956
vn -0.157985 -0.452376 0.877722
vn -0.352917 -0.892626 0.280479
vn -0.340186 -0.807128 -0.482513
vn 0.199138 0.43801 -0.876637
vn -0.151942 -0.236792 -0.959606
vn 0.433198 0.855969 -0.282236
vn 0.414757 0.775464 0.476058
vn 0.154843 0.242971 0.957595
vn -0.195902 -0.432838 0.879928
vn -0.432346 -0.855555 0.284784
vn -0.414241 -0.774041 -0.478816
vn 0.239135 0.413006 -0.878772
vn -0.177981 -0.223502 -0.958316
vn 0.51572 0.807336 -0.286779
vn 0.491901 0.731865 0.471601
vn 0.181855 0.230021 0.956043
vn -0.234921 -0.407644 0.882405
vn -0.514664 -0.806994 0.289624
vn -0.491185 -0.730364 -0.474664
vn 0.279714 0.381176 -0.881172
vn -0.204869 -0.20605 -0.956855
vn 0.599908 0.74492 -0.291899
vn 0.570911 0.675547 0.466579
vn 0.209912 0.21279 0.954284
vn -0.274362 -0.375788 0.88516
vn -0.59865 -0.744696 0.295036
vn -0.569963 -0.67397 -0.470007
vn 0.319567 0.341577 -0.883856
vn -0.232007 -0.183735 -0.955204
vn 0.683322 0.666701 -0.297626
vn 0.649633 0.604538 0.460988
vn 0.23837 0.190456 0.952316
vn -0.312994 -0.336433 0.888171
vn -0.681906 -0.666636 0.301
vn -0.648427 -0.602895 -0.464823
vn 0.356716 0.293784 -0.886817
vn -0.258386 -0.15606 -0.953353
vn 0.762181 0.571586 -0.303924
vn 0.724643 0.51765 0.454896
vn 0.266095 0.162392 0.95017
vn -0.349001 -0.289242 0.891368
vn -0.7607 -0.571689 0.30742
vn -0.723167 -0.515961 -0.459144
vn 0.388706 0.238334 -0.890002
vn -0.28261 -0.122987 -0.951318
vn 0.831643 0.460284 -0.310658
vn 0.791453 0.4153 0.448474
vn 0.29148 0.128476 0.94791
vn -0.380148 -0.234764 0.894636
vn -0.83022 -0.460512 0.314108
vn -0.789717 -0.413606 -0.453075
vn 0.413116 0.177032 -0.893305
vn -0.303098 -0.085184 -0.949144
vn 0.886717 0.335971 -0.317579
vn 0.845301 0.300188 0.441987
vn 0.31269 0.089408 0.945638
vn -0.40422 -0.174696 0.897824
vn -0.885455 -0.336239 0.320799
vn -0.843343 -0.298564 -0.446802
vn 0.426872 0.112982 -0.897227
vn -0.31879 -0.044144 -0.946797
vn 0.922985 0.20538 -0.32545
vn 0.882192 0.178181 0.435878
vn 0.326849 0.046616 0.943926
vn -0.421608 -0.111683 0.899874
vn -0.923553 -0.203243 0.325182
vn -0.879961 -0.174869 -0.441689
vn 0.309682 -0.000629 -0.95084
vn -0.215238 -0.738453 -0.63903
vn 0.886708 -0.106742 -0.449839
vn 0.923054 -0.276243 0.267696
vn 0.471745 -0.416249 0.777298
vn -0.215253 -0.466361 0.858005
vn -0.814343 -0.384695 0.434575
vn -0.931004 -0.197579 -0.306912
vn 0.0 0.0 1.0
vn 0.675701 0.070248 0.733821
vn 0.55005 0.398687 0.733821
vn 0.277014 0.620298 0.733821
vn -0.070248 0.675701 0.733821
vn -0.398687 0.55005 0.733821
vn -0.620298 0.277014 0.733821
vn -0.675701 -0.070248 0.733821
vn -0.55005 -0.398687 0.733821
vn -0.277014 -0.620298 0.733821
vn 0.070248 -0.675701 0.733821
vn 0.398687 -0.55005 0.733821
vn 0.620298 -0.277014 0.733821
vn 0.925805 0.036021 0.376282
vn 0.78376 0.494098 0.376282
vn 0.431707 0.819781 0.376282
vn -0.036021 0.925805 0.376282
vn -0.494098 0.78376 0.376282
vn -0.819781 0.431707 0.376282
vn -0.925805 -0.036021 0.376282
vn -0.78376 -0.494098 0.376282
vn -0.431707 -0.819781 0.376282
vn 0.036021 -0.925805 0.376282
vn 0.494098 -0.78376 0.376282
vn 0.819781 -0.431707 0.376282
vn 1.0 -0.0 0.0
vn 0.866025 0.5 0.0
vn 0.5 0.866025 0.0
vn 0.0 1.0 0.0
vn -0.5 0.866025 -0.0
vn -0.866025 0.5 -0.0
vn -1.0 0.0 0.0
vn -0.866025 -0.5 0.0
vn -0.5 -0.866025 0.0
vn -0.0 -1.0 0.0
vn 0.5 -0.866025 -0.0
vn 0.866025 -0.5 -0.0
vn 0.925805 -0.036021 -0.376282
vn 0.819781 0.431707 -0.376282
vn 0.494098 0.78376 -0.376282
vn 0.036021 0.925805 -0.376282
vn -0.431707 0.819781 -0.376282
vn -0.78376 0.494098 -0.376282
vn -0.925805 0.036021 -0.376282
vn -0.819781 -0.431707 -0.376282
vn -0.494098 -0.78376 -0.376282
vn -0.036021 -0.925805 -0.376282
vn 0.431707 -0.819781 -0.376282
vn 0.78376 -0.494098 -0.376282
vn 0.675701 -0.070248 -0.733821
vn 0.620298 0.277014 -0.733821
vn 0.398687 0.55005 -0.733821
vn 0.070248 0.675701 -0.733821
vn -0.277014 0.620298 -0.733821
vn -0.55005 0.398687 -0.733821
vn -0.675701 0.070248 -0.733821
vn -0.620298 -0.277014 -0.733821
vn -0.398687 -0.55005 -0.733821
vn -0.070248 -0.675701 -0.733821
vn 0.277014 -0.620298 -0.733821
vn 0.55005 -0.398687 -0.733821
vn -0.0 0.0 -1.0
vn 0.0 0.0 1.0
vn 0.675701 0.070248 0.733821
vn 0.55005 0.398687 0.733821
vn 0.277014 0.620298 0.733821
vn -0.070248 0.675701 0.733821
vn -0.398687 0.55005 0.733821
vn -0.620298 0.277014 0.733821
vn -0.675701 -0.070248 0.733821
vn -0.55005 -0.398687 0.733821
vn -0.277014 -0.620298 0.733821
vn 0.070248 -0.675701 0.733821
vn 0.398687 -0.55005 0.733821
vn 0.620298 -0.277014 0.733821
vn 0.925805 0.036021 0.376282
vn 0.78376 0.494098 0.376282
vn 0.431707 0.819781 0.376282
vn -0.036021 0.925805 0.376282
vn -0.494098 0.78376 0.376282
vn -0.819781 0.431707 0.376282
vn -0.925805 -0.036021 0.376282
vn -0.78376 -0.494098 0.376282
vn -0.431707 -0.819781 0.376282
vn 0.036021 -0.925805 0.376282
vn 0.494098 -0.78376 0.376282
vn 0.819781 -0.431707 0.376282
vn 1.0 -0.0 0.0
vn 0.866025 0.5 0.0
vn 0.5 0.866025 0.0
vn 0.0 1.0 0.0
vn -0.5 0.866025 -0.0
vn -0.866025 0.5 -0.0
vn -1.0 0.0 0.0
vn -0.866025 -0.5 0.0
vn -0.5 -0.866025 0.0
vn -0.0 -1.0 0.0
vn 0.5 -0.866025 -0.0
vn 0.866025 -0.5 -0.0
vn 0.925805 -0.036021 -0.376282
vn 0.819781 0.431707 -0.376282
vn 0.494098 0.78376 -0.376282
vn 0.036021 0.925805 -0.376282
vn -0.431707 0.819781 -0.376282
vn -0.78376 0.494098 -0.376282
vn -0.925805 0.036021 -0.376282
vn -0.819781 -0.431707 -0.376282
vn -0.494098 -0.78376 -0.376282
vn -0.036021 -0.925805 -0.376282
vn 0.431707 -0.819781 -0.376282
vn 0.78376 -0.494098 -0.376282
vn 0.675701 -0.070248 -0.733821
vn 0.620298 0.277014 -0.733821
vn 0.398687 0.55005 -0.733821
vn 0.070248 0.675701 -0.733821
vn -0.277014 0.620298 -0.733821
vn -0.55005 0.398687 -0.733821
vn -0.675701 0.070248 -0.733821
vn -0.620298 -0.277014 -0.733821
vn -0.398687 -0.55005 -0.733821
vn -0.070248 -0.675701 -0.733821
vn 0.277014 -0.620298 -0.733821
vn 0.55005 -0.398687 -0.733821
vn -0.0 0.0 -1.0
vn 0.0 0.0 1.0
vn 0.522286 0.146689 0.840059
vn 0.365105 0.659347 0.657237
vn 0.202795 0.841316 0.50106
vn 0.082431 0.899734 0.428585
vn -0.020417 0.910173 0.413724
vn -0.127505 0.884017 0.449729
vn -0.262164 0.791224 0.552481
vn -0.440359 0.505138 0.742239
vn -0.522286 -0.146689 0.840059
vn -0.365105 -0.659347 0.657237
vn -0.202795 -0.841316 0.50106
vn -0.082431 -0.899734 0.428585
vn 0.020417 -0.910173 0.413724
vn 0.127505 -0.884017 0.449729
vn 0.262164 -0.791224 0.552481
vn 0.440359 -0.505138 0.742239
vn 0.817667 0.099027 0.567111
vn 0.489659 0.788158 0.372882
vn 0.247008 0.935977 0.250866
vn 0.103091 0.973597 0.20367
vn -0.009492 0.981282 0.192341
vn -0.124697 0.969986 0.208751
vn -0.279317 0.922935 0.264904
vn -0.550015 0.729195 0.407134
vn -0.817667 -0.099027 0.567111
vn -0.489659 -0.788158 0.372882
vn -0.247008 -0.935977 0.250866
vn -0.103091 -0.973597 0.20367
vn 0.009492 -0.981282 0.192341
vn 0.124697 -0.969986 0.208751
vn 0.279317 -0.922935 0.264904
vn 0.550015 -0.729195 0.407134
vn 0.979527 0.034628 0.198311
vn 0.548798 0.827186 0.120761
vn 0.266172 0.960847 0.076978
vn 0.112825 0.99173 0.061165
vn -0.002819 0.998363 0.057122
vn -0.119292 0.990945 0.061624
vn -0.276178 0.957912 0.078292
vn -0.570115 0.81209 0.124418
vn -0.979527 -0.034628 0.198311
vn -0.548798 -0.827186 0.120761
vn -0.266172 -0.960847 0.076978
vn -0.112825 -0.99173 0.061165
vn 0.002819 -0.998363 0.057122
vn 0.119292 -0.990945 0.061624
vn 0.276178 -0.957912 0.078292
vn 0.570115 -0.81209 0.124418
vn 0.979527 -0.034628 -0.198311
vn 0.570115 0.81209 -0.124418
vn 0.276178 0.957912 -0.078292
vn 0.119292 0.990945 -0.061624
vn 0.002819 0.998363 -0.057122
vn -0.112825 0.99173 -0.061165
vn -0.266172 0.960847 -0.076978
vn -0.548798 0.827186 -0.120761
vn -0.979527 0.034628 -0.198311
vn -0.570115 -0.81209 -0.124418
vn -0.276178 -0.957912 -0.078292
vn -0.119292 -0.990945 -0.061624
vn -0.002819 -0.998363 -0.057122
vn 0.112825 -0.99173 -0.061165
vn 0.266172 -0.960847 -0.076978
vn 0.548798 -0.827186 -0.120761
vn 0.817667 -0.099027 -0.567111
vn 0.550015 0.729195 -0.407134
vn 0.279317 0.922935 -0.264904
vn 0.124697 0.969986 -0.208751
vn 0.009492 0.981282 -0.192341
vn -0.103091 0.973597 -0.20367
vn -0.247008 0.935977 -0.250866
vn -0.489659 0.788158 -0.372882
vn -0.817667 0.099027 -0.567111
vn -0.550015 -0.729195 -0.407134
vn -0.279317 -0.922935 -0.264904
vn -0.124697 -0.969986 -0.208751
vn -0.009492 -0.981282 -0.192341
vn 0.103091 -0.973597 -0.20367
vn 0.247008 -0.935977 -0.250866
vn 0.489659 -0.788158 -0.372882
vn 0.522286 -0.146689 -0.840059
vn 0.440359 0.505138 -0.742239
vn 0.262164 0.791224 -0.552481
vn 0.127505 0.884017 -0.449729
vn 0.020417 0.910173 -0.413724
vn -0.082431 0.899734 -0.428585
vn -0.202795 0.841316 -0.50106
vn -0.365105 0.659347 -0.657237
vn -0.522286 0.146689 -0.840059
vn -0.440359 -0.505138 -0.742239
vn -0.262164 -0.791224 -0.552481
vn -0.127505 -0.884017 -0.449729
vn -0.020417 -0.910173 -0.413724
vn 0.082431 -0.899734 -0.428585
vn 0.202795 -0.841316 -0.50106
vn 0.365105 -0.659347 -0.657237
vn 0.0 -0.0 -1.0
vn -0.121744 -0.97395 -0.191312
vn -0.440467 0.880934 -0.173041
vn 0.121744 0.97395 -0.191312
vn 0.440467 -0.880934 -0.173041
vn -0.421924 -0.843848 0.331512
vn 0.12345 -0.987599 0.096996
vn 0.421924 0.843848 0.331512
vn -0.12345 0.987599 0.096996
vn -0.070535 -0.987484 -0.141069
vn -0.272166 0.952579 -0.136083
vn 0.070535 0.987484 -0.141069
vn 0.272166 -0.952579 -0.136083
vn -0.264906 -0.927173 0.264906
vn 0.071067 -0.994937 0.071067
vn 0.264906 0.927173 0.264906
vn -0.071067 0.994937 0.071067
vn 0.0 0.0 1.0
vn 0.946173 0.127349 0.297556
vn 0.607413 0.727556 0.318924
vn -0.161518 0.92931 0.332106
vn -0.798903 0.516509 0.308175
vn -0.946173 -0.127349 0.297556
vn -0.607413 -0.727556 0.318924
vn 0.161518 -0.92931 0.332106
vn 0.798903 -0.516509 0.308175
vn 0.995929 0.035465 0.082866
vn 0.720641 0.687653 0.088373
vn -0.045732 0.994518 0.094032
vn -0.773498 0.627732 0.087477
vn -0.995929 -0.035465 0.082866
vn -0.720641 -0.687653 0.088373
vn 0.045732 -0.994518 0.094032
vn 0.773498 -0.627732 0.087477
vn 0.995929 -0.035465 -0.082866
vn 0.773498 0.627732 -0.087477
vn 0.045732 0.994518 -0.094032
vn -0.720641 0.687653 -0.088373
vn -0.995929 0.035465 -0.082866
vn -0.773498 -0.627732 -0.087477
vn -0.045732 -0.994518 -0.094032
vn 0.720641 -0.687653 -0.088373
vn 0.946173 -0.127349 -0.297556
vn 0.798903 0.516509 -0.308175
vn 0.161518 0.92931 -0.332106
vn -0.607413 0.727556 -0.318924
vn -0.946173 0.127349 -0.297556
vn -0.798903 -0.516509 -0.308175
vn -0.161518 -0.92931 -0.332106
vn 0.607413 -0.727556 -0.318924
vn 0.0 0.0 -1.0
vn 0.0 0.0 1.0
vn 0.959925 0.1292 0.2487
vn 0.617588 0.739743 0.267142
vn -0.164458 0.946227 0.278581
vn -0.811379 0.524574 0.25785
vn -0.959925 -0.1292 0.2487
vn -0.617588 -0.739743 0.267142
vn 0.164458 -0.946227 0.278581
vn 0.811379 -0.524574 0.25785
vn 0.99703 0.035504 0.068343
vn 0.721547 0.688517 0.072896
vn -0.045797 0.995934 0.077577
vn -0.774451 0.628505 0.072155
vn -0.99703 -0.035504 0.068343
vn -0.721547 -0.688517 0.072896
vn 0.045797 -0.995934 0.077577
vn 0.774451 -0.628505 0.072155
vn 0.99703 -0.035504 -0.068343
vn 0.774451 0.628505 -0.072155
vn 0.045797 0.995934 -0.077577
vn -0.721547 0.688517 -0.072896
vn -0.99703 0.035504 -0.068343
vn -0.774451 -0.628505 -0.072155
vn -0.045797 -0.995934 -0.077577
vn 0.721547 -0.688517 -0.072896
vn 0.959925 -0.1292 -0.2487
vn 0.811379 0.524574 -0.25785
vn 0.164458 0.946227 -0.278581
vn -0.617588 0.739743 -0.267142
vn -0.959925 0.1292 -0.2487
vn -0.811379 -0.524574 -0.25785
vn -0.164458 -0.946227 -0.278581
vn 0.617588 -0.739743 -0.267142
vn -0.0 0.0 -1.0
vn 0.0 0.0 1.0
vn 0.959925 0.1292 0.2487
vn 0.617588 0.739743 0.267142
vn -0.164458 0.946227 0.278581
vn -0.811379 0.524574 0.25785
vn -0.959925 -0.1292 0.2487
vn -0.617588 -0.739743 0.267142
vn 0.164458 -0.946227 0.278581
vn 0.811379 -0.524574 0.25785
vn 0.99703 0.035504 0.068343
vn 0.721547 0.688517 0.072896
vn -0.045797 0.995934 0.077577
vn -0.774451 0.628505 0.072155
vn -0.99703 -0.035504 0.068343
vn -0.721547 -0.688517 0.072896
vn 0.045797 -0.995934 0.077577
vn 0.774451 -0.628505 0.072155
vn 0.99703 -0.035504 -0.068343
vn 0.774451 0.628505 -0.072155
vn 0.045797 0.995934 -0.077577
vn -0.721547 0.688517 -0.072896
vn -0.99703 0.035504 -0.068343
vn -0.774451 -0.628505 -0.072155
vn -0.045797 -0.995934 -0.077577
vn 0.721547 -0.688517 -0.072896
vn 0.959925 -0.1292 -0.2487
vn 0.811379 0.524574 -0.25785
vn 0.164458 0.946227 -0.278581
vn -0.617588 0.739743 -0.267142
vn -0.959925 0.1292 -0.2487
vn -0.811379 -0.524574 -0.25785
vn -0.164458 -0.946227 -0.278581
vn 0.617588 -0.739743 -0.267142
vn -0.0 0.0 -1.0
vn 0.0 0.0 1.0
vn 0.946173 0.127349 0.297556
vn 0.607413 0.727556 0.318924
vn -0.161518 0.92931 0.332106
vn -0.798903 0.516509 0.308175
vn -0.946173 -0.127349 0.297556
vn -0.607413 -0.727556 0.318924
vn 0.161518 -0.92931 0.332106
vn 0.798903 -0.516509 0.308175
vn 0.995929 0.035465 0.082866
vn 0.720641 0.687653 0.088373
vn -0.045732 0.994518 0.094032
vn -0.773498 0.627732 0.087477
vn -0.995929 -0.035465 0.082866
vn -0.720641 -0.687653 0.088373
vn 0.045732 -0.994518 0.094032
vn 0.773498 -0.627732 0.087477
vn 0.995929 -0.035465 -0.082866
vn 0.773498 0.627732 -0.087477
vn 0.045732 0.994518 -0.094032
vn -0.720641 0.687653 -0.088373
vn -0.995929 0.035465 -0.082866
vn -0.773498 -0.627732 -0.087477
vn -0.045732 -0.994518 -0.094032
vn 0.720641 -0.687653 -0.088373
vn 0.946173 -0.127349 -0.297556
vn 0.798903 0.516509 -0.308175
vn 0.161518 0.92931 -0.332106
vn -0.607413 0.727556 -0.318924
vn -0.946173 0.127349 -0.297556
vn -0.798903 -0.516509 -0.308175
vn -0.161518 -0.92931 -0.332106
vn 0.607413 -0.727556 -0.318924
vn 0.0 0.0 -1.0
vn 0.873085 -0.396654 -0.283526
vn -0.003771 -0.919115 -0.393972
vn -0.032145 -0.156746 -0.987116
vn 0.255916 0.56451 -0.784752
vn 0.623722 0.757143 -0.194181
vn 0.798621 0.202108 0.566883
vn 0.310936 0.894318 0.321737
vn 0.731404 -0.008324 0.681893
vn -0.38765 0.868936 -0.307696
vn -0.747272 -0.004014 -0.664506
vn -0.34662 -0.870839 -0.348559
vn 0.339924 -0.897732 0.280231
vn 0.392993 0.898223 0.196852
vn 0.912497 0.0016 0.409079
vn -0.461549 0.867778 -0.184211
vn -0.908675 0.00206 -0.4175
vn -0.443379 -0.866156 -0.230627
vn 0.407963 -0.898207 0.163677
vn 0.437543 0.894723 0.089589
vn 0.986479 -0.009989 0.163581
vn -0.49006 0.869891 -0.055953
vn -0.98709 0.00544 -0.160074
vn -0.492195 -0.864289 -0.103676
vn 0.429633 -0.901405 0.053716
vn 0.442577 0.896284 -0.028304
vn 0.994665 -0.029391 -0.09888
vn -0.489544 0.8669 0.093977
vn -0.991252 0.008423 0.131711
vn -0.514421 -0.856754 0.036643
vn 0.404311 -0.912592 -0.060901
vn 0.382533 0.904659 -0.187778
vn 0.854796 -0.010731 -0.518853
vn -0.411936 0.868499 0.275715
vn -0.877107 0.016943 0.479996
vn -0.475725 -0.853049 0.214463
vn 0.330256 -0.914011 -0.235617
vn 0.68607 0.720969 -0.09753
vn 0.881548 -0.067603 0.467229
vn 0.345223 0.644535 0.682199
vn 0.101867 0.115218 0.988103
vn 0.140646 -0.565847 0.812426
vn 0.431665 -0.89901 0.073801
usemtl color_0
f 1//1 2//2 3//3
f 1//1 3//3 4//4
f 2//2 5//5 6//6
f 2//2 6//6 3//3
f 5//5 7//7 8//8
f 5//5 8//8 6//6
f 7//7 9//9 10//10
f 7//7 10//10 8//8
f 9//9 11//11 12//12
f 9//9 12//12 10//10
f 11//11 13//13 14//14
f 11//11 14//14 12//12
f 13//13 15//15 16//16
f 13//13 16//16 14//14
f 15//15 17//17 18//18
f 15//15 18//18 16//16
f 17//17 19//19 20//20
f 17//17 20//20 18//18
f 19//19 21//21 22//22
f 19//19 22//22 20//20
f 21//21 23//23 24//24
f 21//21 24//24 22//22
f 23//23 25//25 26//26
f 23//23 26//26 24//24
f 25//25 27//27 28//28
f 25//25 28//28 26//26
f 27//27 29//29 30//30
f 27//27 30//30 28//28
f 29//29 31//31 32//32
f 29//29 32//32 30//30
f 31//31 33//33 34//34
f 31//31 34//34 32//32
f 33//33 35//35 36//36
f 33//33 36//36 34//34
f 35//35 37//37 38//38
f 35//35 38//38 36//36
f 37//37 39//39 40//40
f 37//37 40//40 38//38
f 39//39 41//41 42//42
f 39//39 42//42 40//40
f 41//41 43//43 44//44
f 41//41 44//44 42//42
f 43//43 45//45 46//46
f 43//43 46//46 44//44
f 45//45 47//47 48//48
f 45//45 48//48 46//46
f 47//47 49//49 50//50
f 47//47 50//50 48//48
f 49//49 51//51 52//52
f 49//49 52//52 50//50
f 51//51 53//53 54//54
f 51//51 54//54 52//52
f 53//53 55//55 56//56
f 53//53 56//56 54//54
f 55//55 57//57 58//58
f 55//55 58//58 56//56
f 57//57 59//59 60//60
f 57//57 60//60 58//58
f 59//59 61//61 62//62
f 59//59 62//62 60//60
f 61//61 63//63 64//64
f 61//61 64//64 62//62
f 63//63 65//65 66//66
f 63//63 66//66 64//64
f 65//65 67//67 68//68
f 65//65 68//68 66//66
f 67//67 69//69 70//70
f 67//67 70//70 68//68
f 69//69 71//71 72//72
f 69//69 72//72 70//70
f 71//71 73//73 74//74
f 71//71 74//74 72//72
f 73//73 75//75 76//76
f 73//73 76//76 74//74
f 75//75 77//77 78//78
f 75//75 78//78 76//76
f 77//77 79//79 80//80
f 77//77 80//80 78//78
f 79//79 81//81 82//82
f 79//79 82//82 80//80
f 81//81 83//83 84//84
f 81//81 84//84 82//82
f 83//83 85//85 86//86
f 83//83 86//86 84//84
f 85//85 87//87 88//88
f 85//85 88//88 86//86
f 87//87 89//89 90//90
f 87//87 90//90 88//88
f 89//89 91//91 92//92
f 89//89 92//92 90//90
f 91//91 93//93 94//94
f 91//91 94//94 92//92
f 93//93 95//95 96//96
f 93//93 96//96 94//94
f 95//95 97//97 98//98
f 95//95 98//98 96//96
f 97//97 99//99 100//100
f 97//97 100//100 98//98
f 99//99 101//101 102//102
f 99//99 102//102 100//100
f 101//101 103//103 104//104
f 101//101 104//104 102//102
f 103//103 105//105 106//106
f 103//103 106//106 104//104
f 105//105 107//107 108//108
f 105//105 108//108 106//106
f 107//107 109//109 110//110
f 107//107 110//110 108//108
f 109//109 111//111 112//112
f 109//109 112//112 110//110
f 111//111 113//113 114//114
f 111//111 114//114 112//112
f 113//113 115//115 116//116
f 113//113 116//116 114//114
f 115//115 117//117 118//118
f 115//115 118//118 116//116
f 117//117 119//119 120//120
f 117//117 120//120 118//118
f 119//119 121//121 122//122
f 119//119 122//122 120//120
f 121//121 123//123 124//124
f 121//121 124//124 122//122
f 123//123 125//125 126//126
f 123//123 126//126 124//124
f 125//125 127//127 128//128
f 125//125 128//128 126//126
f 127//127 129//129 130//130
f 127//127 130//130 128//128
f 129//129 131//131 132//132
f 129//129 132//132 130//130
f 131//131 133//133 134//134
f 131//131 134//134 132//132
f 133//133 135//135 136//136
f 133//133 136//136 134//134
f 135//135 137//137 138//138
f 135//135 138//138 136//136
f 137//137 139//139 140//140
f 137//137 140//140 138//138
f 139//139 141//141 142//142
f 139//139 142//142 140//140
f 141//141 143//143 144//144
f 141//141 144//144 142//142
f 143//143 145//145 146//146
f 143//143 146//146 144//144
f 145//145 147//147 148//148
f 145//145 148//148 146//146
f 147//147 149//149 150//150
f 147//147 150//150 148//148
f 149//149 151//151 152//152
f 149//149 152//152 150//150
f 151//151 153//153 154//154
f 151//151 154//154 152//152
f 153//153 155//155 156//156
f 153//153 156//156 154//154
f 155//155 157//157 158//158
f 155//155 158//158 156//156
f 157//157 159//159 160//160
f 157//157 160//160 158//158
f 159//159 161//161 162//162
f 159//159 162//162 160//160
f 161//161 163//163 164//164
f 161//161 164//164 162//162
f 163//163 165//165 166//166
f 163//163 166//166 164//164
f 165//165 167//167 168//168
f 165//165 168//168 166//166
f 167//167 169//169 170//170
f 167//167 170//170 168//168
f 169//169 171//171 172//172
f 169//169 172//172 170//170
f 171//171 173//173 174//174
f 171//171 174//174 172//172
f 173//173 175//175 176//176
f 173//173 176//176 174//174
f 175//175 177//177 178//178
f 175//175 178//178 176//176
f 177//177 179//179 180//180
f 177//177 180//180 178//178
f 179//179 181//181 182//182
f 179//179 182//182 180//180
f 181//181 183//183 184//184
f 181//181 184//184 182//182
f 183//183 185//185 186//186
f 183//183 186//186 184//184
f 185//185 187//187 188//188
f 185//185 188//188 186//186
f 187//187 189//189 190//190
f 187//187 190//190 188//188
f 189//189 191//191 192//192
f 189//189 192//192 190//190
f 191//191 193//193 194//194
f 191//191 194//194 192//192
f 193//193 195//195 196//196
f 193//193 196//196 194//194
f 195//195 197//197 198//198
f 195//195 198//198 196//196
f 197//197 199//199 200//200
f 197//197 200//200 198//198
f 199//199 201//201 202//202
f 199//199 202//202 200//200
f 201//201 203//203 204//204
f 201//201 204//204 202//202
f 203//203 205//205 206//206
f 203//203 206//206 204//204
f 205//205 207//207 208//208
f 205//205 208//208 206//206
f 207//207 209//209 210//210
f 207//207 210//210 208//208
f 209//209 211//211 212//212
f 209//209 212//212 210//210
f 211//211 213//213 214//214
f 211//211 214//214 212//212
f 213//213 215//215 216//216
f 213//213 216//216 214//214
f 215//215 217//217 218//218
f 215//215 218//218 216//216
f 217//217 219//219 220//220
f 217//217 220//220 218//218
f 219//219 221//221 222//222
f 219//219 222//222 220//220
f 221//221 223//223 224//224
f 221//221 224//224 222//222
f 223//223 225//225 226//226
f 223//223 226//226 224//224
f 225//225 227//227 228//228
f 225//225 228//228 226//226
f 227//227 229//229 230//230
f 227//227 230//230 228//228
f 229//229 231//231 232//232
f 229//229 232//232 230//230
f 231//231 233//233 234//234
f 231//231 234//234 232//232
f 233//233 235//235 236//236
f 233//233 236//236 234//234
f 235//235 237//237 238//238
f 235//235 238//238 236//236
f 237//237 239//239 240//240
f 237//237 240//240 238//238
f 239//239 241//241 242//242
f 239//239 242//242 240//240
f 241//241 243//243 244//244
f 241//241 244//244 242//242
f 243//243 245//245 246//246
f 243//243 246//246 244//244
f 245//245 247//247 248//248
f 245//245 248//248 246//246
f 247//247 249//249 250//250
f 247//247 250//250 248//248
f 249//249 251//251 252//252
f 249//249 252//252 250//250
f 251//251 253//253 254//254
f 251//251 254//254 252//252
f 253//253 255//255 256//256
f 253//253 256//256 254//254
f 255//255 257//257 258//258
f 255//255 258//258 256//256
f 4//4 3//3 259//259
f 4//4 259//259 260//260
f 3//3 6//6 261//261
f 3//3 261//261 259//259
f 6//6 8//8 262//262
f 6//6 262//262 261//261
f 8//8 10//10 263//263
f 8//8 263//263 262//262
f 10//10 12//12 264//264
f 10//10 264//264 263//263
f 12//12 14//14 265//265
f 12//12 265//265 264//264
f 14//14 16//16 266//266
f 14//14 266//266 265//265
f 16//16 18//18 267//267
f 16//16 267//267 266//266
f 18//18 20//20 268//268
f 18//18 268//268 267//267
f 20//20 22//22 269//269
f 20//20 269//269 268//268
f 22//22 24//24 270//270
f 22//22 270//270 269//269
f 24//24 26//26 271//271
f 24//24 271//271 270//270
f 26//26 28//28 272//272
f 26//26 272//272 271//271
f 28//28 30//30 273//273
f 28//28 273//273 272//272
f 30//30 32//32 274//274
f 30//30 274//274 273//273
f 32//32 34//34 275//275
f 32//32 275//275 274//274
f 34//34 36//36 276//276
f 34//34 276//276 275//275
f 36//36 38//38 277//277
f 36//36 277//277 276//276
f 38//38 40//40 278//278
f 38//38 278//278 277//277
f 40//40 42//42 279//279
f 40//40 279//279 278//278
f 42//42 44//44 280//280
f 42//42 280//280 279//279
f 44//44 46//46 281//281
f 44//44 281//281 280//280
f 46//46 48//48 282//282
f 46//46 282//282 281//281
f 48//48 50//50 283//283
f 48//48 283//283 282//282
f 50//50 52//52 284//284
f 50//50 284//284 283//283
f 52//52 54//54 285//285
f 52//52 285//285 284//284
f 54//54 56//56 286//286
f 54//54 286//286 285//285
f 56//56 58//58 287//287
f 56//56 287//287 286//286
f 58//58 60//60 288//288
f 58//58 288//288 287//287
f 60//60 62//62 289//289
f 60//60 289//289 288//288
f 62//62 64//64 290//290
f 62//62 290//290 289//289
f 64//64 66//66 291//291
f 64//64 291//291 290//290
f 66//66 68//68 292//292
f 66//66 292//292 291//291
f 68//68 70//70 293//293
f 68//68 293//293 292//292
f 70//70 72//72 294//294
f 70//70 294//294 293//293
f 72//72 74//74 295//295
f 72//72 295//295 294//294
f 74//74 76//76 296//296
f 74//74 296//296 295//295
f 76//76 78//78 297//297
f 76//76 297//297 296//296
f 78//78 80//80 298//298
f 78//78 298//298 297//297
f 80//80 82//82 299//299
f 80//80 299//299 298//298
f 82//82 84//84 300//300
f 82//82 300//300 299//299
f 84//84 86//86 301//301
f 84//84 301//301 300//300
f 86//86 88//88 302//302
f 86//86 302//302 301//301
f 88//88 90//90 303//303
f 88//88 303//303 302//302
f 90//90 92//92 304//304
f 90//90 304//304 303//303
f 92//92 94//94 305//305
f 92//92 305//305 304//304
f 94//94 96//96 306//306
f 94//94 306//306 305//305
f 96//96 98//98 307//307
f 96//96 307//307 306//306
f 98//98 100//100 308//308
f 98//98 308//308 307//307
f 100//100 102//102 309//309
f 100//100 309//309 308//308
f 102//102 104//104 310//310
f 102//102 310//310 309//309
f 104//104 106//106 311//311
f 104//104 311//311 310//310
f 106//106 108//108 312//312
f 106//106 312//312 311//311
f 108//108 110//110 313//313
f 108//108 313//313 312//312
f 110//110 112//112 314//314
f 110//110 314//314 313//313
f 112//112 114//114 315//315
f 112//112 315//315 314//314
f 114//114 116//116 316//316
f 114//114 316//316 315//315
f 116//116 118//118 317//317
f 116//116 317//317 316//316
f 118//118 120//120 318//318
f 118//118 318//318 317//317
f 120//120 122//122 319//319
f 120//120 319//319 318//318
f 122//122 124//124 320//320
f 122//122 320//320 319//319
f 124//124 126//126 321//321
f 124//124 321//321 320//320
f 126//126 128//128 322//322
f 126//126 322//322 321//321
f 128//128 130//130 323//323
f 128//128 323//323 322//322
f 130//130 132//132 324//324
f 130//130 324//324 323//323
f 132//132 134//134 325//325
f 132//132 325//325 324//324
f 134//134 136//136 326//326
f 134//134 326//326 325//325
f 136//136 138//138 327//327
f 136//136 327//327 326//326
f 138//138 140//140 328//328
f 138//138 328//328 327//327
f 140//140 142//142 329//329
f 140//140 329//329 328//328
f 142//142 144//144 330//330
f 142//142 330//330 329//329
f 144//144 146//146 331//331
f 144//144 331//331 330//330
f 146//146 148//148 332//332
f 146//146 332//332 331//331
f 148//148 150//150 333//333
f 148//148 333//333 332//332
f 150//150 152//152 334//334
f 150//150 334//334 333//333
f 152//152 154//154 335//335
f 152//152 335//335 334//334
f 154//154 156//156 336//336
f 154//154 336//336 335//335
f 156//156 158//158 337//337
f 156//156 337//337 336//336
f 158//158 160//160 338//338
f 158//158 338//338 337//337
f 160//160 162//162 339//339
f 160//160 339//339 338//338
f 162//162 164//164 340//340
f 162//162 340//340 339//339
f 164//164 166//166 341//341
f 164//164 341//341 340//340
f 166//166 168//168 342//342
f 166//166 342//342 341//341
f 168//168 170//170 343//343
f 168//168 343//343 342//342
f 170//170 172//172 344//344
f 170//170 344//344 343//343
f 172//172 174//174 345//345
f 172//172 345//345 344//344
f 174//174 176//176 346//346
f 174//174 346//346 345//345
f 176//176 178//178 347//347
f 176//176 347//347 346//346
f 178//178 180//180 348//348
f 178//178 348//348 347//347
f 180//180 182//182 349//349
f 180//180 349//349 348//348
f 182//182 184//184 350//350
f 182//182 350//350 349//349
f 184//184 186//186 351//351
f 184//184 351//351 350//350
f 186//186 188//188 352//352
f 186//186 352//352 351//351
f 188//188 190//190 353//353
f 188//188 353//353 352//352
f 190//190 192//192 354//354
f 190//190 354//354 353//353
f 192//192 194//194 355//355
f 192//192 355//355 354//354
f 194//194 196//196 356//356
f 194//194 356//356 355//355
f 196//196 198//198 357//357
f 196//196 357//357 356//356
f 198//198 200//200 358//358
f 198//198 358//358 357//357
f 200//200 202//202 359//359
f 200//200 359//359 358//358
f 202//202 204//204 360//360
f 202//202 360//360 359//359
f 204//204 206//206 361//361
f 204//204 361//361 360//360
f 206//206 208//208 362//362
f 206//206 362//362 361//361
f 208//208 210//210 363//363
f 208//208 363//363 362//362
f 210//210 212//212 364//364
f 210//210 364//364 363//363
f 212//212 214//214 365//365
f 212//212 365//365 364//364
f 214//214 216//216 366//366
f 214//214 366//366 365//365
f 216//216 218//218 367//367
f 216//216 367//367 366//366
f 218//218 220//220 368//368
f 218//218 368//368 367//367
f 220//220 222//222 369//369
f 220//220 369//369 368//368
f 222//222 224//224 370//370
f 222//222 370//370 369//369
f 224//224 226//226 371//371
f 224//224 371//371 370//370
f 226//226 228//228 372//372
f 226//226 372//372 371//371
f 228//228 230//230 373//373
f 228//228 373//373 372//372
f 230//230 232//232 374//374
f 230//230 374//374 373//373
f 232//232 234//234 375//375
f 232//232 375//375 374//374
f 234//234 236//236 376//376
f 234//234 376//376 375//375
f 236//236 238//238 377//377
f 236//236 377//377 376//376
f 238//238 240//240 378//378
f 238//238 378//378 377//377
f 240//240 242//242 379//379
f 240//240 379//379 378//378
f 242//242 244//244 380//380
f 242//242 380//380 379//379
f 244//244 246//246 381//381
f 244//244 381//381 380//380
f 246//246 248//248 382//382
f 246//246 382//382 381//381
f 248//248 250//250 383//383
f 248//248 383//383 382//382
f 250//250 252//252 384//384
f 250//250 384//384 383//383
f 252//252 254//254 385//385
f 252//252 385//385 384//384
f 254//254 256//256 386//386
f 254//254 386//386 385//385
f 256//256 258//258 387//387
f 256//256 387//387 386//386
f 260//260 259//259 388//388
f 260//260 388//388 389//389
f 259//259 261//261 390//390
f 259//259 390//390 388//388
f 261//261 262//262 391//391
f 261//261 391//391 390//390
f 262//262 263//263 392//392
f 262//262 392//392 391//391
f 263//263 264//264 393//393
f 263//263 393//393 392//392
f 264//264 265//265 394//394
f 264//264 394//394 393//393
f 265//265 266//266 395//395
f 265//265 395//395 394//394
f 266//266 267//267 396//396
f 266//266 396//396 395//395
f 267//267 268//268 397//397
f 267//267 397//397 396//396
f 268//268 269//269 398//398
f 268//268 398//398 397//397
f 269//269 270//270 399//399
f 269//269 399//399 398//398
f 270//270 271//271 400//400
f 270//270 400//400 399//399
f 271//271 272//272 401//401
f 271//271 401//401 400//400
f 272//272 273//273 402//402
f 272//272 402//402 401//401
f 273//273 274//274 403//403
f 273//273 403//403 402//402
f 274//274 275//275 404//404
f 274//274 404//404 403//403
f 275//275 276//276 405//405
f 275//275 405//405 404//404
f 276//276 277//277 406//406
f 276//276 406//406 405//405
f 277//277 278//278 407//407
f 277//277 407//407 406//406
f 278//278 279//279 408//408
f 278//278 408//408 407//407
f 279//279 280//280 409//409
f 279//279 409//409 408//408
f 280//280 281//281 410//410
f 280//280 410//410 409//409
f 281//281 282//282 411//411
f 281//281 411//411 410//410
f 282//282 283//283 412//412
f 282//282 412//412 411//411
f 283//283 284//284 413//413
f 283//283 413//413 412//412
f 284//284 285//285 414//414
f 284//284 414//414 413//413
f 285//285 286//286 415//415
f 285//285 415//415 414//414
f 286//286 287//287 416//416
f 286//286 416//416 415//415
f 287//287 288//288 417//417
f 287//287 417//417 416//416
f 288//288 289//289 418//418
f 288//288 418//418 417//417
f 289//289 290//290 419//419
f 289//289 419//419 418//418
f 290//290 291//291 420//420
f 290//290 420//420 419//419
f 291//291 292//292 421//421
f 291//291 421//421 420//420
f 292//292 293//293 422//422
f 292//292 422//422 421//421
f 293//293 294//294 423//423
f 293//293 423//423 422//422
f 294//294 295//295 424//424
f 294//294 424//424 423//423
f 295//295 296//296 425//425
f 295//295 425//425 424//424
f 296//296 297//297 426//426
f 296//296 426//426 425//425
f 297//297 298//298 427//427
f 297//297 427//427 426//426
f 298//298 299//299 428//428
f 298//298 428//428 427//427
f 299//299 300//300 429//429
f 299//299 429//429 428//428
f 300//300 301//301 430//430
f 300//300 430//430 429//429
f 301//301 302//302 431//431
f 301//301 431//431 430//430
f 302//302 303//303 432//432
f 302//302 432//432 431//431
f 303//303 304//304 433//433
f 303//303 433//433 432//432
f 304//304 305//305 434//434
f 304//304 434//434 433//433
f 305//305 306//306 435//435
f 305//305 435//435 434//434
f 306//306 307//307 436//436
f 306//306 436//436 435//435
f 307//307 308//308 437//437
f 307//307 437//437 436//436
f 308//308 309//309 438//438
f 308//308 438//438 437//437
f 309//309 310//310 439//439
f 309//309 439//439 438//438
f 310//310 311//311 440//440
f 310//310 440//440 439//439
f 311//311 312//312 441//441
f 311//311 441//441 440//440
f 312//312 313//313 442//442
f 312//312 442//442 441//441
f 313//313 314//314 443//443
f 313//313 443//443 442//442
f 314//314 315//315 444//444
f 314//314 444//444 443//443
f 315//315 316//316 445//445
f 315//315 445//445 444//444
f 316//316 317//317 446//446
f 316//316 446//446 445//445
f 317//317 318//318 447//447
f 317//317 447//447 446//446
f 318//318 319//319 448//448
f 318//318 448//448 447//447
f 319//319 320//320 449//449
f 319//319 449//449 448//448
f 320//320 321//321 450//450
f 320//320 450//450 449//449
f 321//321 322//322 451//451
f 321//321 451//451 450//450
f 322//322 323//323 452//452
f 322//322 452//452 451//451
f 323//323 324//324 453//453
f 323//323 453//453 452//452
f 324//324 325//325 454//454
f 324//324 454//454 453//453
f 325//325 326//326 455//455
f 325//325 455//455 454//454
f 326//326 327//327 456//456
f 326//326 456//456 455//455
f 327//327 328//328 457//457
f 327//327 457//457 456//456
f 328//328 329//329 458//458
f 328//328 458//458 457//457
f 329//329 330//330 459//459
f 329//329 459//459 458//458
f 330//330 331//331 460//460
f 330//330 460//460 459//459
f 331//331 332//332 461//461
f 331//331 461//461 460//460
f 332//332 333//333 462//462
f 332//332 462//462 461//461
f 333//333 334//334 463//463
f 333//333 463//463 462//462
f 334//334 335//335 464//464
f 334//334 464//464 463//463
f 335//335 336//336 465//465
f 335//335 465//465 464//464
f 336//336 337//337 466//466
f 336//336 466//466 465//465
f 337//337 338//338 467//467
f 337//337 467//467 466//466
f 338//338 339//339 468//468
f 338//338 468//468 467//467
f 339//339 340//340 469//469
f 339//339 469//469 468//468
f 340//340 341//341 470//470
f 340//340 470//470 469//469
f 341//341 342//342 471//471
f 341//341 471//471 470//470
f 342//342 343//343 472//472
f 342//342 472//472 471//471
f 343//343 344//344 473//473
f 343//343 473//473 472//472
f 344//344 345//345 474//474
f 344//344 474//474 473//473
f 345//345 346//346 475//475
f 345//345 475//475 474//474
f 346//346 347//347 476//476
f 346//346 476//476 475//475
f 347//347 348//348 477//477
f 347//347 477//477 476//476
f 348//348 349//349 478//478
f 348//348 478//478 477//477
f 349//349 350//350 479//479
f 349//349 479//479 478//478
f 350//350 351//351 480//480
f 350//350 480//480 479//479
f 351//351 352//352 481//481
f 351//351 481//481 480//480
f 352//352 353//353 482//482
f 352//352 482//482 481//481
f 353//353 354//354 483//483
f 353//353 483//483 482//482
f 354//354 355//355 484//484
f 354//354 484//484 483//483
f 355//355 356//356 485//485
f 355//355 485//485 484//484
f 356//356 357//357 486//486
f 356//356 486//486 485//485
f 357//357 358//358 487//487
f 357//357 487//487 486//486
f 358//358 359//359 488//488
f 358//358 488//488 487//487
f 359//359 360//360 489//489
f 359//359 489//489 488//488
f 360//360 361//361 490//490
f 360//360 490//490 489//489
f 361//361 362//362 491//491
f 361//361 491//491 490//490
f 362//362 363//363 492//492
f 362//362 492//492 491//491
f 363//363 364//364 493//493
f 363//363 493//493 492//492
f 364//364 365//365 494//494
f 364//364 494//494 493//493
f 365//365 366//366 495//495
f 365//365 495//495 494//494
f 366//366 367//367 496//496
f 366//366 496//496 495//495
f 367//367 368//368 497//497
f 367//367 497//497 496//496
f 368//368 369//369 498//498
f 368//368 498//498 497//497
f 369//369 370//370 499//499
f 369//369 499//499 498//498
f 370//370 371//371 500//500
f 370//370 500//500 499//499
f 371//371 372//372 501//501
f 371//371 501//501 500//500
f 372//372 373//373 502//502
f 372//372 502//502 501//501
f 373//373 374//374 503//503
f 373//373 503//503 502//502
f 374//374 375//375 504//504
f 374//374 504//504 503//503
f 375//375 376//376 505//505
f 375//375 505//505 504//504
f 376//376 377//377 506//506
f 376//376 506//506 505//505
f 377//377 378//378 507//507
f 377//377 507//507 506//506
f 378//378 379//379 508//508
f 378//378 508//508 507//507
f 379//379 380//380 509//509
f 379//379 509//509 508//508
f 380//380 381//381 510//510
f 380//380 510//510 509//509
f 381//381 382//382 511//511
f 381//381 511//511 510//510
f 382//382 383//383 512//512
f 382//382 512//512 511//511
f 383//383 384//384 513//513
f 383//383 513//513 512//512
f 384//384 385//385 514//514
f 384//384 514//514 513//513
f 385//385 386//386 515//515
f 385//385 515//515 514//514
f 386//386 387//387 516//516
f 386//386 516//516 515//515
f 389//389 388//388 517//517
f 389//389 517//517 518//518
f 388//388 390//390 519//519
f 388//388 519//519 517//517
f 390//390 391//391 520//520
f 390//390 520//520 519//519
f 391//391 392//392 521//521
f 391//391 521//521 520//520
f 392//392 393//393 522//522
f 392//392 522//522 521//521
f 393//393 394//394 523//523
f 393//393 523//523 522//522
f 394//394 395//395 524//524
f 394//394 524//524 523//523
f 395//395 396//396 525//525
f 395//395 525//525 524//524
f 396//396 397//397 526//526
f 396//396 526//526 525//525
f 397//397 398//398 527//527
f 397//397 527//527 526//526
f 398//398 399//399 528//528
f 398//398 528//528 527//527
f 399//399 400//400 529//529
f 399//399 529//529 528//528
f 400//400 401//401 530//530
f 400//400 530//530 529//529
f 401//401 402//402 531//531
f 401//401 531//531 530//530
f 402//402 403//403 532//532
f 402//402 532//532 531//531
f 403//403 404//404 533//533
f 403//403 533//533 532//532
f 404//404 405//405 534//534
f 404//404 534//534 533//533
f 405//405 406//406 535//535
f 405//405 535//535 534//534
f 406//406 407//407 536//536
f 406//406 536//536 535//535
f 407//407 408//408 537//537
f 407//407 537//537 536//536
f 408//408 409//409 538//538
f 408//408 538//538 537//537
f 409//409 410//410 539//539
f 409//409 539//539 538//538
f 410//410 411//411 540//540
f 410//410 540//540 539//539
f 411//411 412//412 541//541
f 411//411 541//541 540//540
f 412//412 413//413 542//542
f 412//412 542//542 541//541
f 413//413 414//414 543//543
f 413//413 543//543 542//542
f 414//414 415//415 544//544
f 414//414 544//544 543//543
f 415//415 416//416 545//545
f 415//415 545//545 544//544
f 416//416 417//417 546//546
f 416//416 546//546 545//545
f 417//417 418//418 547//547
f 417//417 547//547 546//546
f 418//418 419//419 548//548
f 418//418 548//548 547//547
f 419//419 420//420 549//549
f 419//419 549//549 548//548
f 420//420 421//421 550//550
f 420//420 550//550 549//549
f 421//421 422//422 551//551
f 421//421 551//551 550//550
f 422//422 423//423 552//552
f 422//422 552//552 551//551
f 423//423 424//424 553//553
f 423//423 553//553 552//552
f 424//424 425//425 554//554
f 424//424 554//554 553//553
f 425//425 426//426 555//555
f 425//425 555//555 554//554
f 426//426 427//427 556//556
f 426//426 556//556 555//555
f 427//427 428//428 557//557
f 427//427 557//557 556//556
f 428//428 429//429 558//558
f 428//428 558//558 557//557
f 429//429 430//430 559//559
f 429//429 559//559 558//558
f 430//430 431//431 560//560
f 430//430 560//560 559//559
f 431//431 432//432 561//561
f 431//431 561//561 560//560
f 432//432 433//433 562//562
f 432//432 562//562 561//561
f 433//433 434//434 563//563
f 433//433 563//563 562//562
f 434//434 435//435 564//564
f 434//434 564//564 563//563
f 435//435 436//436 565//565
f 435//435 565//565 564//564
f 436//436 437//437 566//566
f 436//436 566//566 565//565
f 437//437 438//438 567//567
f 437//437 567//567 566//566
f 438//438 439//439 568//568
f 438//438 568//568 567//567
f 439//439 440//440 569//569
f 439//439 569//569 568//568
f 440//440 441//441 570//570
f 440//440 570//570 569//569
f 441//441 442//442 571//571
f 441//441 571//571 570//570
f 442//442 443//443 572//572
f 442//442 572//572 571//571
f 443//443 444//444 573//573
f 443//443 573//573 572//572
f 444//444 445//445 574//574
f 444//444 574//574 573//573
f 445//445 446//446 575//575
f 445//445 575//575 574//574
f 446//446 447//447 576//576
f 446//446 576//576 575//575
f 447//447 448//448 577//577
f 447//447 577//577 576//576
f 448//448 449//449 578//578
f 448//448 578//578 577//577
f 449//449 450//450 579//579
f 449//449 579//579 578//578
f 450//450 451//451 580//580
f 450//450 580//580 579//579
f 451//451 452//452 581//581
f 451//451 581//581 580//580
f 452//452 453//453 582//582
f 452//452 582//582 581//581
f 453//453 454//454 583//583
f 453//453 583//583 582//582
f 454//454 455//455 584//584
f 454//454 584//584 583//583
f 455//455 456//456 585//585
f 455//455 585//585 584//584
f 456//456 457//457 586//586
f 456//456 586//586 585//585
f 457//457 458//458 587//587
f 457//457 587//587 586//586
f 458//458 459//459 588//588
f 458//458 588//588 587//587
f 459//459 460//460 589//589
f 459//459 589//589 588//588
f 460//460 461//461 590//590
f 460//460 590//590 589//589
f 461//461 462//462 591//591
f 461//461 591//591 590//590
f 462//462 463//463 592//592
f 462//462 592//592 591//591
f 463//463 464//464 593//593
f 463//463 593//593 592//592
f 464//464 465//465 594//594
f 464//464 594//594 593//593
f 465//465 466//466 595//595
f 465//465 595//595 594//594
f 466//466 467//467 596//596
f 466//466 596//596 595//595
f 467//467 468//468 597//597
f 467//467 597//597 596//596
f 468//468 469//469 598//598
f 468//468 598//598 597//597
f 469//469 470//470 599//599
f 469//469 599//599 598//598
f 470//470 471//471 600//600
f 470//470 600//600 599//599
f 471//471 472//472 601//601
f 471//471 601//601 600//600
f 472//472 473//473 602//602
f 472//472 602//602 601//601
f 473//473 474//474 603//603
f 473//473 603//603 602//602
f 474//474 475//475 604//604
f 474//474 604//604 603//603
f 475//475 476//476 605//605
f 475//475 605//605 604//604
f 476//476 477//477 606//606
f 476//476 606//606 605//605
f 477//477 478//478 607//607
f 477//477 607//607 606//606
f 478//478 479//479 608//608
f 478//478 608//608 607//607
f 479//479 480//480 609//609
f 479//479 609//609 608//608
f 480//480 481//481 610//610
f 480//480 610//610 609//609
f 481//481 482//482 611//611
f 481//481 611//611 610//610
f 482//482 483//483 612//612
f 482//482 612//612 611//611
f 483//483 484//484 613//613
f 483//483 613//613 612//612
f 484//484 485//485 614//614
f 484//484 614//614 613//613
f 485//485 486//486 615//615
f 485//485 615//615 614//614
f 486//486 487//487 616//616
f 486//486 616//616 615//615
f 487//487 488//488 617//617
f 487//487 617//617 616//616
f 488//488 489//489 618//618
f 488//488 618//618 617//617
f 489//489 490//490 619//619
f 489//489 619//619 618//618
f 490//490 491//491 620//620
f 490//490 620//620 619//619
f 491//491 492//492 621//621
f 491//491 621//621 620//620
f 492//492 493//493 622//622
f 492//492 622//622 621//621
f 493//493 494//494 623//623
f 493//493 623//623 622//622
f 494//494 495//495 624//624
f 494//494 624//624 623//623
f 495//495 496//496 625//625
f 495//495 625//625 624//624
f 496//496 497//497 626//626
f 496//496 626//626 625//625
f 497//497 498//498 627//627
f 497//497 627//627 626//626
f 498//498 499//499 628//628
f 498//498 628//628 627//627
f 499//499 500//500 629//629
f 499//499 629//629 628//628
f 500//500 501//501 630//630
f 500//500 630//630 629//629
f 501//501 502//502 631//631
f 501//501 631//631 630//630
f 502//502 503//503 632//632
f 502//502 632//632 631//631
f 503//503 504//504 633//633
f 503//503 633//633 632//632
f 504//504 505//505 634//634
f 504//504 634//634 633//633
f 505//505 506//506 635//635
f 505//505 635//635 634//634
f 506//506 507//507 636//636
f 506//506 636//636 635//635
f 507//507 508//508 637//637
f 507//507 637//637 636//636
f 508//508 509//509 638//638
f 508//508 638//638 637//637
f 509//509 510//510 639//639
f 509//509 639//639 638//638
f 510//510 511//511 640//640
f 510//510 640//640 639//639
f 511//511 512//512 641//641
f 511//511 641//641 640//640
f 512//512 513//513 642//642
f 512//512 642//642 641//641
f 513//513 514//514 643//643
f 513//513 643//643 642//642
f 514//514 515//515 644//644
f 514//514 644//644 643//643
f 515//515 516//516 645//645
f 515//515 645//645 644//644
f 518//518 517//517 646//646
f 518//518 646//646 647//647
f 517//517 519//519 648//648
f 517//517 648//648 646//646
f 519//519 520//520 649//649
f 519//519 649//649 648//648
f 520//520 521//521 650//650
f 520//520 650//650 649//649
f 521//521 522//522 651//651
f 521//521 651//651 650//650
f 522//522 523//523 652//652
f 522//522 652//652 651//651
f 523//523 524//524 653//653
f 523//523 653//653 652//652
f 524//524 525//525 654//654
f 524//524 654//654 653//653
f 525//525 526//526 655//655
f 525//525 655//655 654//654
f 526//526 527//527 656//656
f 526//526 656//656 655//655
f 527//527 528//528 657//657
f 527//527 657//657 656//656
f 528//528 529//529 658//658
f 528//528 658//658 657//657
f 529//529 530//530 659//659
f 529//529 659//659 658//658
f 530//530 531//531 660//660
f 530//530 660//660 659//659
f 531//531 532//532 661//661
f 531//531 661//661 660//660
f 532//532 533//533 662//662
f 532//532 662//662 661//661
f 533//533 534//534 663//663
f 533//533 663//663 662//662
f 534//534 535//535 664//664
f 534//534 664//664 663//663
f 535//535 536//536 665//665
f 535//535 665//665 664//664
f 536//536 537//537 666//666
f 536//536 666//666 665//665
f 537//537 538//538 667//667
f 537//537 667//667 666//666
f 538//538 539//539 668//668
f 538//538 668//668 667//667
f 539//539 540//540 669//669
f 539//539 669//669 668//668
f 540//540 541//541 670//670
f 540//540 670//670 669//669
f 541//541 542//542 671//671
f 541//541 671//671 670//670
f 542//542 543//543 672//672
f 542//542 672//672 671//671
f 543//543 544//544 673//673
f 543//543 673//673 672//672
f 544//544 545//545 674//674
f 544//544 674//674 673//673
f 545//545 546//546 675//675
f 545//545 675//675 674//674
f 546//546 547//547 676//676
f 546//546 676//676 675//675
f 547//547 548//548 677//677
f 547//547 677//677 676//676
f 548//548 549//549 678//678
f 548//548 678//678 677//677
f 549//549 550//550 679//679
f 549//549 679//679 678//678
f 550//550 551//551 680//680
f 550//550 680//680 679//679
f 551//551 552//552 681//681
f 551//551 681//681 680//680
f 552//552 553//553 682//682
f 552//552 682//682 681//681
f 553//553 554//554 683//683
f 553//553 683//683 682//682
f 554//554 555//555 684//684
f 554//554 684//684 683//683
f 555//555 556//556 685//685
f 555//555 685//685 684//684
f 556//556 557//557 686//686
f 556//556 686//686 685//685
f 557//557 558//558 687//687
f 557//557 687//687 686//686
f 558//558 559//559 688//688
f 558//558 688//688 687//687
f 559//559 560//560 689//689
f 559//559 689//689 688//688
f 560//560 561//561 690//690
f 560//560 690//690 689//689
f 561//561 562//562 691//691
f 561//561 691//691 690//690
f 562//562 563//563 692//692
f 562//562 692//692 691//691
f 563//563 564//564 693//693
f 563//563 693//693 692//692
f 564//564 565//565 694//694
f 564//564 694//694 693//693
f 565//565 566//566 695//695
f 565//565 695//695 694//694
f 566//566 567//567 696//696
f 566//566 696//696 695//695
f 567//567 568//568 697//697
f 567//567 697//697 696//696
f 568//568 569//569 698//698
f 568//568 698//698 697//697
f 569//569 570//570 699//699
f 569//569 699//699 698//698
f 570//570 571//571 700//700
f 570//570 700//700 699//699
f 571//571 572//572 701//701
f 571//571 701//701 700//700
f 572//572 573//573 702//702
f 572//572 702//702 701//701
f 573//573 574//574 703//703
f 573//573 703//703 702//702
f 574//574 575//575 704//704
f 574//574 704//704 703//703
f 575//575 576//576 705//705
f 575//575 705//705 704//704
f 576//576 577//577 706//706
f 576//576 706//706 705//705
f 577//577 578//578 707//707
f 577//577 707//707 706//706
f 578//578 579//579 708//708
f 578//578 708//708 707//707
f 579//579 580//580 709//709
f 579//579 709//709 708//708
f 580//580 581//581 710//710
f 580//580 710//710 709//709
f 581//581 582//582 711//711
f 581//581 711//711 710//710
f 582//582 583//583 712//712
f 582//582 712//712 711//711
f 583//583 584//584 713//713
f 583//583 713//713 712//712
f 584//584 585//585 714//714
f 584//584 714//714 713//713
f 585//585 586//586 715//715
f 585//585 715//715 714//714
f 586//586 587//587 716//716
f 586//586 716//716 715//715
f 587//587 588//588 717//717
f 587//587 717//717 716//716
f 588//588 589//589 718//718
f 588//588 718//718 717//717
f 589//589 590//590 719//719
f 589//589 719//719 718//718
f 590//590 591//591 720//720
f 590//590 720//720 719//719
f 591//591 592//592 721//721
f 591//591 721//721 720//720
f 592//592 593//593 722//722
f 592//592 722//722 721//721
f 593//593 594//594 723//723
f 593//593 723//723 722//722
f 594//594 595//595 724//724
f 594//594 724//724 723//723
f 595//595 596//596 725//725
f 595//595 725//725 724//724
f 596//596 597//597 726//726
f 596//596 726//726 725//725
f 597//597 598//598 727//727
f 597//597 727//727 726//726
f 598//598 599//599 728//728
f 598//598 728//728 727//727
f 599//599 600//600 729//729
f 599//599 729//729 728//728
f 600//600 601//601 730//730
f 600//600 730//730 729//729
f 601//601 602//602 731//731
f 601//601 731//731 730//730
f 602//602 603//603 732//732
f 602//602 732//732 731//731
f 603//603 604//604 733//733
f 603//603 733//733 732//732
f 604//604 605//605 734//734
f 604//604 734//734 733//733
f 605//605 606//606 735//735
f 605//605 735//735 734//734
f 606//606 607//607 736//736
f 606//606 736//736 735//735
f 607//607 608//608 737//737
f 607//607 737//737 736//736
f 608//608 609//609 738//738
f 608//608 738//738 737//737
f 609//609 610//610 739//739
f 609//609 739//739 738//738
f 610//610 611//611 740//740
f 610//610 740//740 739//739
f 611//611 612//612 741//741
f 611//611 741//741 740//740
f 612//612 613//613 742//742
f 612//612 742//742 741//741
f 613//613 614//614 743//743
f 613//613 743//743 742//742
f 614//614 615//615 744//744
f 614//614 744//744 743//743
f 615//615 616//616 745//745
f 615//615 745//745 744//744
f 616//616 617//617 746//746
f 616//616 746//746 745//745
f 617//617 618//618 747//747
f 617//617 747//747 746//746
f 618//618 619//619 748//748
f 618//618 748//748 747//747
f 619//619 620//620 749//749
f 619//619 749//749 748//748
f 620//620 621//621 750//750
f 620//620 750//750 749//749
f 621//621 622//622 751//751
f 621//621 751//751 750//750
f 622//622 623//623 752//752
f 622//622 752//752 751//751
f 623//623 624//624 753//753
f 623//623 753//753 752//752
f 624//624 625//625 754//754
f 624//624 754//754 753//753
f 625//625 626//626 755//755
f 625//625 755//755 754//754
f 626//626 627//627 756//756
f 626//626 756//756 755//755
f 627//627 628//628 757//757
f 627//627 757//757 756//756
f 628//628 629//629 758//758
f 628//628 758//758 757//757
f 629//629 630//630 759//759
f 629//629 759//759 758//758
f 630//630 631//631 760//760
f 630//630 760//760 759//759
f 631//631 632//632 761//761
f 631//631 761//761 760//760
f 632//632 633//633 762//762
f 632//632 762//762 761//761
f 633//633 634//634 763//763
f 633//633 763//763 762//762
f 634//634 635//635 764//764
f 634//634 764//764 763//763
f 635//635 636//636 765//765
f 635//635 765//765 764//764
f 636//636 637//637 766//766
f 636//636 766//766 765//765
f 637//637 638//638 767//767
f 637//637 767//767 766//766
f 638//638 639//639 768//768
f 638//638 768//768 767//767
f 639//639 640//640 769//769
f 639//639 769//769 768//768
f 640//640 641//641 770//770
f 640//640 770//770 769//769
f 641//641 642//642 771//771
f 641//641 771//771 770//770
f 642//642 643//643 772//772
f 642//642 772//772 771//771
f 643//643 644//644 773//773
f 643//643 773//773 772//772
f 644//644 645//645 774//774
f 644//644 774//774 773//773
f 647//647 646//646 775//775
f 647//647 775//775 776//776
f 646//646 648//648 777//777
f 646//646 777//777 775//775
f 648//648 649//649 778//778
f 648//648 778//778 777//777
f 649//649 650//650 779//779
f 649//649 779//779 778//778
f 650//650 651//651 780//780
f 650//650 780//780 779//779
f 651//651 652//652 781//781
f 651//651 781//781 780//780
f 652//652 653//653 782//782
f 652//652 782//782 781//781
f 653//653 654//654 783//783
f 653//653 783//783 782//782
f 654//654 655//655 784//784
f 654//654 784//784 783//783
f 655//655 656//656 785//785
f 655//655 785//785 784//784
f 656//656 657//657 786//786
f 656//656 786//786 785//785
f 657//657 658//658 787//787
f 657//657 787//787 786//786
f 658//658 659//659 788//788
f 658//658 788//788 787//787
f 659//659 660//660 789//789
f 659//659 789//789 788//788
f 660//660 661//661 790//790
f 660//660 790//790 789//789
f 661//661 662//662 791//791
f 661//661 791//791 790//790
f 662//662 663//663 792//792
f 662//662 792//792 791//791
f 663//663 664//664 793//793
f 663//663 793//793 792//792
f 664//664 665//665 794//794
f 664//664 794//794 793//793
f 665//665 666//666 795//795
f 665//665 795//795 794//794
f 666//666 667//667 796//796
f 666//666 796//796 795//795
f 667//667 668//668 797//797
f 667//667 797//797 796//796
f 668//668 669//669 798//798
f 668//668 798//798 797//797
f 669//669 670//670 799//799
f 669//669 799//799 798//798
f 670//670 671//671 800//800
f 670//670 800//800 799//799
f 671//671 672//672 801//801
f 671//671 801//801 800//800
f 672//672 673//673 802//802
f 672//672 802//802 801//801
f 673//673 674//674 803//803
f 673//673 803//803 802//802
f 674//674 675//675 804//804
f 674//674 804//804 803//803
f 675//675 676//676 805//805
f 675//675 805//805 804//804
f 676//676 677//677 806//806
f 676//676 806//806 805//805
f 677//677 678//678 807//807
f 677//677 807//807 806//806
f 678//678 679//679 808//808
f 678//678 808//808 807//807
f 679//679 680//680 809//809
f 679//679 809//809 808//808
f 680//680 681//681 810//810
f 680//680 810//810 809//809
f 681//681 682//682 811//811
f 681//681 811//811 810//810
f 682//682 683//683 812//812
f 682//682 812//812 811//811
f 683//683 684//684 813//813
f 683//683 813//813 812//812
f 684//684 685//685 814//814
f 684//684 814//814 813//813
f 685//685 686//686 815//815
f 685//685 815//815 814//814
f 686//686 687//687 816//816
f 686//686 816//816 815//815
f 687//687 688//688 817//817
f 687//687 817//817 816//816
f 688//688 689//689 818//818
f 688//688 818//818 817//817
f 689//689 690//690 819//819
f 689//689 819//819 818//818
f 690//690 691//691 820//820
f 690//690 820//820 819//819
f 691//691 692//692 821//821
f 691//691 821//821 820//820
f 692//692 693//693 822//822
f 692//692 822//822 821//821
f 693//693 694//694 823//823
f 693//693 823//823 822//822
f 694//694 695//695 824//824
f 694//694 824//824 823//823
f 695//695 696//696 825//825
f 695//695 825//825 824//824
f 696//696 697//697 826//826
f 696//696 826//826 825//825
f 697//697 698//698 827//827
f 697//697 827//827 826//826
f 698//698 699//699 828//828
f 698//698 828//828 827//827
f 699//699 700//700 829//829
f 699//699 829//829 828//828
f 700//700 701//701 830//830
f 700//700 830//830 829//829
f 701//701 702//702 831//831
f 701//701 831//831 830//830
f 702//702 703//703 832//832
f 702//702 832//832 831//831
f 703//703 704//704 833//833
f 703//703 833//833 832//832
f 704//704 705//705 834//834
f 704//704 834//834 833//833
f 705//705 706//706 835//835
f 705//705 835//835 834//834
f 706//706 707//707 836//836
f 706//706 836//836 835//835
f 707//707 708//708 837//837
f 707//707 837//837 836//836
f 708//708 709//709 838//838
f 708//708 838//838 837//837
f 709//709 710//710 839//839
f 709//709 839//839 838//838
f 710//710 711//711 840//840
f 710//710 840//840 839//839
f 711//711 712//712 841//841
f 711//711 841//841 840//840
f 712//712 713//713 842//842
f 712//712 842//842 841//841
f 713//713 714//714 843//843
f 713//713 843//843 842//842
f 714//714 715//715 844//844
f 714//714 844//844 843//843
f 715//715 716//716 845//845
f 715//715 845//845 844//844
f 716//716 717//717 846//846
f 716//716 846//846 845//845
f 717//717 718//718 847//847
f 717//717 847//847 846//846
f 718//718 719//719 848//848
f 718//718 848//848 847//847
f 719//719 720//720 849//849
f 719//719 849//849 848//848
f 720//720 721//721 850//850
f 720//720 850//850 849//849
f 721//721 722//722 851//851
f 721//721 851//851 850//850
f 722//722 723//723 852//852
f 722//722 852//852 851//851
f 723//723 724//724 853//853
f 723//723 853//853 852//852
f 724//724 725//725 854//854
f 724//724 854//854 853//853
f 725//725 726//726 855//855
f 725//725 855//855 854//854
f 726//726 727//727 856//856
f 726//726 856//856 855//855
f 727//727 728//728 857//857
f 727//727 857//857 856//856
f 728//728 729//729 858//858
f 728//728 858//858 857//857
f 729//729 730//730 859//859
f 729//729 859//859 858//858
f 730//730 731//731 860//860
f 730//730 860//860 859//859
f 731//731 732//732 861//861
f 731//731 861//861 860//860
f 732//732 733//733 862//862
f 732//732 862//862 861//861
f 733//733 734//734 863//863
f 733//733 863//863 862//862
f 734//734 735//735 864//864
f 734//734 864//864 863//863
f 735//735 736//736 865//865
f 735//735 865//865 864//864
f 736//736 737//737 866//866
f 736//736 866//866 865//865
f 737//737 738//738 867//867
f 737//737 867//867 866//866
f 738//738 739//739 868//868
f 738//738 868//868 867//867
f 739//739 740//740 869//869
f 739//739 869//869 868//868
f 740//740 741//741 870//870
f 740//740 870//870 869//869
f 741//741 742//742 871//871
f 741//741 871//871 870//870
f 742//742 743//743 872//872
f 742//742 872//872 871//871
f 743//743 744//744 873//873
f 743//743 873//873 872//872
f 744//744 745//745 874//874
f 744//744 874//874 873//873
f 745//745 746//746 875//875
f 745//745 875//875 874//874
f 746//746 747//747 876//876
f 746//746 876//876 875//875
f 747//747 748//748 877//877
f 747//747 877//877 876//876
f 748//748 749//749 878//878
f 748//748 878//878 877//877
f 749//749 750//750 879//879
f 749//749 879//879 878//878
f 750//750 751//751 880//880
f 750//750 880//880 879//879
f 751//751 752//752 881//881
f 751//751 881//881 880//880
f 752//752 753//753 882//882
f 752//752 882//882 881//881
f 753//753 754//754 883//883
f 753//753 883//883 882//882
f 754//754 755//755 884//884
f 754//754 884//884 883//883
f 755//755 756//756 885//885
f 755//755 885//885 884//884
f 756//756 757//757 886//886
f 756//756 886//886 885//885
f 757//757 758//758 887//887
f 757//757 887//887 886//886
f 758//758 759//759 888//888
f 758//758 888//888 887//887
f 759//759 760//760 889//889
f 759//759 889//889 888//888
f 760//760 761//761 890//890
f 760//760 890//890 889//889
f 761//761 762//762 891//891
f 761//761 891//891 890//890
f 762//762 763//763 892//892
f 762//762 892//892 891//891
f 763//763 764//764 893//893
f 763//763 893//893 892//892
f 764//764 765//765 894//894
f 764//764 894//894 893//893
f 765//765 766//766 895//895
f 765//765 895//895 894//894
f 766//766 767//767 896//896
f 766//766 896//896 895//895
f 767//767 768//768 897//897
f 767//767 897//897 896//896
f 768//768 769//769 898//898
f 768//768 898//898 897//897
f 769//769 770//770 899//899
f 769//769 899//899 898//898
f 770//770 771//771 900//900
f 770//770 900//900 899//899
f 771//771 772//772 901//901
f 771//771 901//901 900//900
f 772//772 773//773 902//902
f 772//772 902//902 901//901
f 773//773 774//774 903//903
f 773//773 903//903 902//902
f 776//776 775//775 904//904
f 776//776 904//904 905//905
f 775//775 777//777 906//906
f 775//775 906//906 904//904
f 777//777 778//778 907//907
f 777//777 907//907 906//906
f 778//778 779//779 908//908
f 778//778 908//908 907//907
f 779//779 780//780 909//909
f 779//779 909//909 908//908
f 780//780 781//781 910//910
f 780//780 910//910 909//909
f 781//781 782//782 911//911
f 781//781 911//911 910//910
f 782//782 783//783 912//912
f 782//782 912//912 911//911
f 783//783 784//784 913//913
f 783//783 913//913 912//912
f 784//784 785//785 914//914
f 784//784 914//914 913//913
f 785//785 786//786 915//915
f 785//785 915//915 914//914
f 786//786 787//787 916//916
f 786//786 916//916 915//915
f 787//787 788//788 917//917
f 787//787 917//917 916//916
f 788//788 789//789 918//918
f 788//788 918//918 917//917
f 789//789 790//790 919//919
f 789//789 919//919 918//918
f 790//790 791//791 920//920
f 790//790 920//920 919//919
f 791//791 792//792 921//921
f 791//791 921//921 920//920
f 792//792 793//793 922//922
f 792//792 922//922 921//921
f 793//793 794//794 923//923
f 793//793 923//923 922//922
f 794//794 795//795 924//924
f 794//794 924//924 923//923
f 795//795 796//796 925//925
f 795//795 925//925 924//924
f 796//796 797//797 926//926
f 796//796 926//926 925//925
f 797//797 798//798 927//927
f 797//797 927//927 926//926
f 798//798 799//799 928//928
f 798//798 928//928 927//927
f 799//799 800//800 929//929
f 799//799 929//929 928//928
f 800//800 801//801 930//930
f 800//800 930//930 929//929
f 801//801 802//802 931//931
f 801//801 931//931 930//930
f 802//802 803//803 932//932
f 802//802 932//932 931//931
f 803//803 804//804 933//933
f 803//803 933//933 932//932
f 804//804 805//805 934//934
f 804//804 934//934 933//933
f 805//805 806//806 935//935
f 805//805 935//935 934//934
f 806//806 807//807 936//936
f 806//806 936//936 935//935
f 807//807 808//808 937//937
f 807//807 937//937 936//936
f 808//808 809//809 938//938
f 808//808 938//938 937//937
f 809//809 810//810 939//939
f 809//809 939//939 938//938
f 810//810 811//811 940//940
f 810//810 940//940 939//939
f 811//811 812//812 941//941
f 811//811 941//941 940//940
f 812//812 813//813 942//942
f 812//812 942//942 941//941
f 813//813 814//814 943//943
f 813//813 943//943 942//942
f 814//814 815//815 944//944
f 814//814 944//944 943//943
f 815//815 816//816 945//945
f 815//815 945//945 944//944
f 816//816 817//817 946//946
f 816//816 946//946 945//945
f 817//817 818//818 947//947
f 817//817 947//947 946//946
f 818//818 819//819 948//948
f 818//818 948//948 947//947
f 819//819 820//820 949//949
f 819//819 949//949 948//948
f 820//820 821//821 950//950
f 820//820 950//950 949//949
f 821//821 822//822 951//951
f 821//821 951//951 950//950
f 822//822 823//823 952//952
f 822//822 952//952 951//951
f 823//823 824//824 953//953
f 823//823 953//953 952//952
f 824//824 825//825 954//954
f 824//824 954//954 953//953
f 825//825 826//826 955//955
f 825//825 955//955 954//954
f 826//826 827//827 956//956
f 826//826 956//956 955//955
f 827//827 828//828 957//957
f 827//827 957//957 956//956
f 828//828 829//829 958//958
f 828//828 958//958 957//957
f 829//829 830//830 959//959
f 829//829 959//959 958//958
f 830//830 831//831 960//960
f 830//830 960//960 959//959
f 831//831 832//832 961//961
f 831//831 961//961 960//960
f 832//832 833//833 962//962
f 832//832 962//962 961//961
f 833//833 834//834 963//963
f 833//833 963//963 962//962
f 834//834 835//835 964//964
f 834//834 964//964 963//963
f 835//835 836//836 965//965
f 835//835 965//965 964//964
f 836//836 837//837 966//966
f 836//836 966//966 965//965
f 837//837 838//838 967//967
f 837//837 967//967 966//966
f 838//838 839//839 968//968
f 838//838 968//968 967//967
f 839//839 840//840 969//969
f 839//839 969//969 968//968
f 840//840 841//841 970//970
f 840//840 970//970 969//969
f 841//841 842//842 971//971
f 841//841 971//971 970//970
f 842//842 843//843 972//972
f 842//842 972//972 971//971
f 843//843 844//844 973//973
f 843//843 973//973 972//972
f 844//844 845//845 974//974
f 844//844 974//974 973//973
f 845//845 846//846 975//975
f 845//845 975//975 974//974
f 846//846 847//847 976//976
f 846//846 976//976 975//975
f 847//847 848//848 977//977
f 847//847 977//977 976//976
f 848//848 849//849 978//978
f 848//848 978//978 977//977
f 849//849 850//850 979//979
f 849//849 979//979 978//978
f 850//850 851//851 980//980
f 850//850 980//980 979//979
f 851//851 852//852 981//981
f 851//851 981//981 980//980
f 852//852 853//853 982//982
f 852//852 982//982 981//981
f 853//853 854//854 983//983
f 853//853 983//983 982//982
f 854//854 855//855 984//984
f 854//854 984//984 983//983
f 855//855 856//856 985//985
f 855//855 985//985 984//984
f 856//856 857//857 986//986
f 856//856 986//986 985//985
f 857//857 858//858 987//987
f 857//857 987//987 986//986
f 858//858 859//859 988//988
f 858//858 988//988 987//987
f 859//859 860//860 989//989
f 859//859 989//989 988//988
f 860//860 861//861 990//990
f 860//860 990//990 989//989
f 861//861 862//862 991//991
f 861//861 991//991 990//990
f 862//862 863//863 992//992
f 862//862 992//992 991//991
f 863//863 864//864 993//993
f 863//863 993//993 992//992
f 864//864 865//865 994//994
f 864//864 994//994 993//993
f 865//865 866//866 995//995
f 865//865 995//995 994//994
f 866//866 867//867 996//996
f 866//866 996//996 995//995
f 867//867 868//868 997//997
f 867//867 997//997 996//996
f 868//868 869//869 998//998
f 868//868 998//998 997//997
f 869//869 870//870 999//999
f 869//869 999//999 998//998
f 870//870 871//871 1000//1000
f 870//870 1000//1000 999//999
f 871//871 872//872 1001//1001
f 871//871 1001//1001 1000//1000
f 872//872 873//873 1002//1002
f 872//872 1002//1002 1001//1001
f 873//873 874//874 1003//1003
f 873//873 1003//1003 1002//1002
f 874//874 875//875 1004//1004
f 874//874 1004//1004 1003//1003
f 875//875 876//876 1005//1005
f 875//875 1005//1005 1004//1004
f 876//876 877//877 1006//1006
f 876//876 1006//1006 1005//1005
f 877//877 878//878 1007//1007
f 877//877 1007//1007 1006//1006
f 878//878 879//879 1008//1008
f 878//878 1008//1008 1007//1007
f 879//879 880//880 1009//1009
f 879//879 1009//1009 1008//1008
f 880//880 881//881 1010//1010
f 880//880 1010//1010 1009//1009
f 881//881 882//882 1011//1011
f 881//881 1011//1011 1010//1010
f 882//882 883//883 1012//1012
f 882//882 1012//1012 1011//1011
f 883//883 884//884 1013//1013
f 883//883 1013//1013 1012//1012
f 884//884 885//885 1014//1014
f 884//884 1014//1014 1013//1013
f 885//885 886//886 1015//1015
f 885//885 1015//1015 1014//1014
f 886//886 887//887 1016//1016
f 886//886 1016//1016 1015//1015
f 887//887 888//888 1017//1017
f 887//887 1017//1017 1016//1016
f 888//888 889//889 1018//1018
f 888//888 1018//1018 1017//1017
f 889//889 890//890 1019//1019
f 889//889 1019//1019 1018//1018
f 890//890 891//891 1020//1020
f 890//890 1020//1020 1019//1019
f 891//891 892//892 1021//1021
f 891//891 1021//1021 1020//1020
f 892//892 893//893 1022//1022
f 892//892 1022//1022 1021//1021
f 893//893 894//894 1023//1023
f 893//893 1023//1023 1022//1022
f 894//894 895//895 1024//1024
f 894//894 1024//1024 1023//1023
f 895//895 896//896 1025//1025
f 895//895 1025//1025 1024//1024
f 896//896 897//897 1026//1026
f 896//896 1026//1026 1025//1025
f 897//897 898//898 1027//1027
f 897//897 1027//1027 1026//1026
f 898//898 899//899 1028//1028
f 898//898 1028//1028 1027//1027
f 899//899 900//900 1029//1029
f 899//899 1029//1029 1028//1028
f 900//900 901//901 1030//1030
f 900//900 1030//1030 1029//1029
f 901//901 902//902 1031//1031
f 901//901 1031//1031 1030//1030
f 902//902 903//903 1032//1032
f 902//902 1032//1032 1031//1031
f 905//905 904//904 1033//1033
f 905//905 1033//1033 1034//1034
f 904//904 906//906 1035//1035
f 904//904 1035//1035 1033//1033
f 906//906 907//907 1036//1036
f 906//906 1036//1036 1035//1035
f 907//907 908//908 1037//1037
f 907//907 1037//1037 1036//1036
f 908//908 909//909 1038//1038
f 908//908 1038//1038 1037//1037
f 909//909 910//910 1039//1039
f 909//909 1039//1039 1038//1038
f 910//910 911//911 1040//1040
f 910//910 1040//1040 1039//1039
f 911//911 912//912 1041//1041
f 911//911 1041//1041 1040//1040
f 912//912 913//913 1042//1042
f 912//912 1042//1042 1041//1041
f 913//913 914//914 1043//1043
f 913//913 1043//1043 1042//1042
f 914//914 915//915 1044//1044
f 914//914 1044//1044 1043//1043
f 915//915 916//916 1045//1045
f 915//915 1045//1045 1044//1044
f 916//916 917//917 1046//1046
f 916//916 1046//1046 1045//1045
f 917//917 918//918 1047//1047
f 917//917 1047//1047 1046//1046
f 918//918 919//919 1048//1048
f 918//918 1048//1048 1047//1047
f 919//919 920//920 1049//1049
f 919//919 1049//1049 1048//1048
f 920//920 921//921 1050//1050
f 920//920 1050//1050 1049//1049
f 921//921 922//922 1051//1051
f 921//921 1051//1051 1050//1050
f 922//922 923//923 1052//1052
f 922//922 1052//1052 1051//1051
f 923//923 924//924 1053//1053
f 923//923 1053//1053 1052//1052
f 924//924 925//925 1054//1054
f 924//924 1054//1054 1053//1053
f 925//925 926//926 1055//1055
f 925//925 1055//1055 1054//1054
f 926//926 927//927 1056//1056
f 926//926 1056//1056 1055//1055
f 927//927 928//928 1057//1057
f 927//927 1057//1057 1056//1056
f 928//928 929//929 1058//1058
f 928//928 1058//1058 1057//1057
f 929//929 930//930 1059//1059
f 929//929 1059//1059 1058//1058
f 930//930 931//931 1060//1060
f 930//930 1060//1060 1059//1059
f 931//931 932//932 1061//1061
f 931//931 1061//1061 1060//1060
f 932//932 933//933 1062//1062
f 932//932 1062//1062 1061//1061
f 933//933 934//934 1063//1063
f 933//933 1063//1063 1062//1062
f 934//934 935//935 1064//1064
f 934//934 1064//1064 1063//1063
f 935//935 936//936 1065//1065
f 935//935 1065//1065 1064//1064
f 936//936 937//937 1066//1066
f 936//936 1066//1066 1065//1065
f 937//937 938//938 1067//1067
f 937//937 1067//1067 1066//1066
f 938//938 939//939 1068//1068
f 938//938 1068//1068 1067//1067
f 939//939 940//940 1069//1069
f 939//939 1069//1069 1068//1068
f 940//940 941//941 1070//1070
f 940//940 1070//1070 1069//1069
f 941//941 942//942 1071//1071
f 941//941 1071//1071 1070//1070
f 942//942 943//943 1072//1072
f 942//942 1072//1072 1071//1071
f 943//943 944//944 1073//1073
f 943//943 1073//1073 1072//1072
f 944//944 945//945 1074//1074
f 944//944 1074//1074 1073//1073
f 945//945 946//946 1075//1075
f 945//945 1075//1075 1074//1074
f 946//946 947//947 1076//1076
f 946//946 1076//1076 1075//1075
f 947//947 948//948 1077//1077
f 947//947 1077//1077 1076//1076
f 948//948 949//949 1078//1078
f 948//948 1078//1078 1077//1077
f 949//949 950//950 1079//1079
f 949//949 1079//1079 1078//1078
f 950//950 951//951 1080//1080
f 950//950 1080//1080 1079//1079
f 951//951 952//952 1081//1081
f 951//951 1081//1081 1080//1080
f 952//952 953//953 1082//1082
f 952//952 1082//1082 1081//1081
f 953//953 954//954 1083//1083
f 953//953 1083//1083 1082//1082
f 954//954 955//955 1084//1084
f 954//954 1084//1084 1083//1083
f 955//955 956//956 1085//1085
f 955//955 1085//1085 1084//1084
f 956//956 957//957 1086//1086
f 956//956 1086//1086 1085//1085
f 957//957 958//958 1087//1087
f 957//957 1087//1087 1086//1086
f 958//958 959//959 1088//1088
f 958//958 1088//1088 1087//1087
f 959//959 960//960 1089//1089
f 959//959 1089//1089 1088//1088
f 960//960 961//961 1090//1090
f 960//960 1090//1090 1089//1089
f 961//961 962//962 1091//1091
f 961//961 1091//1091 1090//1090
f 962//962 963//963 1092//1092
f 962//962 1092//1092 1091//1091
f 963//963 964//964 1093//1093
f 963//963 1093//1093 1092//1092
f 964//964 965//965 1094//1094
f 964//964 1094//1094 1093//1093
f 965//965 966//966 1095//1095
f 965//965 1095//1095 1094//1094
f 966//966 967//967 1096//1096
f 966//966 1096//1096 1095//1095
f 967//967 968//968 1097//1097
f 967//967 1097//1097 1096//1096
f 968//968 969//969 1098//1098
f 968//968 1098//1098 1097//1097
f 969//969 970//970 1099//1099
f 969//969 1099//1099 1098//1098
f 970//970 971//971 1100//1100
f 970//970 1100//1100 1099//1099
f 971//971 972//972 1101//1101
f 971//971 1101//1101 1100//1100
f 972//972 973//973 1102//1102
f 972//972 1102//1102 1101//1101
f 973//973 974//974 1103//1103
f 973//973 1103//1103 1102//1102
f 974//974 975//975 1104//1104
f 974//974 1104//1104 1103//1103
f 975//975 976//976 1105//1105
f 975//975 1105//1105 1104//1104
f 976//976 977//977 1106//1106
f 976//976 1106//1106 1105//1105
f 977//977 978//978 1107//1107
f 977//977 1107//1107 1106//1106
f 978//978 979//979 1108//1108
f 978//978 1108//1108 1107//1107
f 979//979 980//980 1109//1109
f 979//979 1109//1109 1108//1108
f 980//980 981//981 1110//1110
f 980//980 1110//1110 1109//1109
f 981//981 982//982 1111//1111
f 981//981 1111//1111 1110//1110
f 982//982 983//983 1112//1112
f 982//982 1112//1112 1111//1111
f 983//983 984//984 1113//1113
f 983//983 1113//1113 1112//1112
f 984//984 985//985 1114//1114
f 984//984 1114//1114 1113//1113
f 985//985 986//986 1115//1115
f 985//985 1115//1115 1114//1114
f 986//986 987//987 1116//1116
f 986//986 1116//1116 1115//1115
f 987//987 988//988 1117//1117
f 987//987 1117//1117 1116//1116
f 988//988 989//989 1118//1118
f 988//988 1118//1118 1117//1117
f 989//989 990//990 1119//1119
f 989//989 1119//1119 1118//1118
f 990//990 991//991 1120//1120
f 990//990 1120//1120 1119//1119
f 991//991 992//992 1121//1121
f 991//991 1121//1121 1120//1120
f 992//992 993//993 1122//1122
f 992//992 1122//1122 1121//1121
f 993//993 994//994 1123//1123
f 993//993 1123//1123 1122//1122
f 994//994 995//995 1124//1124
f 994//994 1124//1124 1123//1123
f 995//995 996//996 1125//1125
f 995//995 1125//1125 1124//1124
f 996//996 997//997 1126//1126
f 996//996 1126//1126 1125//1125
f 997//997 998//998 1127//1127
f 997//997 1127//1127 1126//1126
f 998//998 999//999 1128//1128
f 998//998 1128//1128 1127//1127
f 999//999 1000//1000 1129//1129
f 999//999 1129//1129 1128//1128
f 1000//1000 1001//1001 1130//1130
f 1000//1000 1130//1130 1129//1129
f 1001//1001 1002//1002 1131//1131
f 1001//1001 1131//1131 1130//1130
f 1002//1002 1003//1003 1132//1132
f 1002//1002 1132//1132 1131//1131
f 1003//1003 1004//1004 1133//1133
f 1003//1003 1133//1133 1132//1132
f 1004//1004 1005//1005 1134//1134
f 1004//1004 1134//1134 1133//1133
f 1005//1005 1006//1006 1135//1135
f 1005//1005 1135//1135 1134//1134
f 1006//1006 1007//1007 1136//1136
f 1006//1006 1136//1136 1135//1135
f 1007//1007 1008//1008 1137//1137
f 1007//1007 1137//1137 1136//1136
f 1008//1008 1009//1009 1138//1138
f 1008//1008 1138//1138 1137//1137
f 1009//1009 1010//1010 1139//1139
f 1009//1009 1139//1139 1138//1138
f 1010//1010 1011//1011 1140//1140
f 1010//1010 1140//1140 1139//1139
f 1011//1011 1012//1012 1141//1141
f 1011//1011 1141//1141 1140//1140
f 1012//1012 1013//1013 1142//1142
f 1012//1012 1142//1142 1141//1141
f 1013//1013 1014//1014 1143//1143
f 1013//1013 1143//1143 1142//1142
f 1014//1014 1015//1015 1144//1144
f 1014//1014 1144//1144 1143//1143
f 1015//1015 1016//1016 1145//1145
f 1015//1015 1145//1145 1144//1144
f 1016//1016 1017//1017 1146//1146
f 1016//1016 1146//1146 1145//1145
f 1017//1017 1018//1018 1147//1147
f 1017//1017 1147//1147 1146//1146
f 1018//1018 1019//1019 1148//1148
f 1018//1018 1148//1148 1147//1147
f 1019//1019 1020//1020 1149//1149
f 1019//1019 1149//1149 1148//1148
f 1020//1020 1021//1021 1150//1150
f 1020//1020 1150//1150 1149//1149
f 1021//1021 1022//1022 1151//1151
f 1021//1021 1151//1151 1150//1150
f 1022//1022 1023//1023 1152//1152
f 1022//1022 1152//1152 1151//1151
f 1023//1023 1024//1024 1153//1153
f 1023//1023 1153//1153 1152//1152
f 1024//1024 1025//1025 1154//1154
f 1024//1024 1154//1154 1153//1153
f 1025//1025 1026//1026 1155//1155
f 1025//1025 1155//1155 1154//1154
f 1026//1026 1027//1027 1156//1156
f 1026//1026 1156//1156 1155//1155
f 1027//1027 1028//1028 1157//1157
f 1027//1027 1157//1157 1156//1156
f 1028//1028 1029//1029 1158//1158
f 1028//1028 1158//1158 1157//1157
f 1029//1029 1030//1030 1159//1159
f 1029//1029 1159//1159 1158//1158
f 1030//1030 1031//1031 1160//1160
f 1030//1030 1160//1160 1159//1159
f 1031//1031 1032//1032 1161//1161
f 1031//1031 1161//1161 1160//1160
f 1034//1034 1033//1033 1162//1162
f 1034//1034 1162//1162 1163//1163
f 1033//1033 1035//1035 1164//1164
f 1033//1033 1164//1164 1162//1162
f 1035//1035 1036//1036 1165//1165
f 1035//1035 1165//1165 1164//1164
f 1036//1036 1037//1037 1166//1166
f 1036//1036 1166//1166 1165//1165
f 1037//1037 1038//1038 1167//1167
f 1037//1037 1167//1167 1166//1166
f 1038//1038 1039//1039 1168//1168
f 1038//1038 1168//1168 1167//1167
f 1039//1039 1040//1040 1169//1169
f 1039//1039 1169//1169 1168//1168
f 1040//1040 1041//1041 1170//1170
f 1040//1040 1170//1170 1169//1169
f 1041//1041 1042//1042 1171//1171
f 1041//1041 1171//1171 1170//1170
f 1042//1042 1043//1043 1172//1172
f 1042//1042 1172//1172 1171//1171
f 1043//1043 1044//1044 1173//1173
f 1043//1043 1173//1173 1172//1172
f 1044//1044 1045//1045 1174//1174
f 1044//1044 1174//1174 1173//1173
f 1045//1045 1046//1046 1175//1175
f 1045//1045 1175//1175 1174//1174
f 1046//1046 1047//1047 1176//1176
f 1046//1046 1176//1176 1175//1175
f 1047//1047 1048//1048 1177//1177
f 1047//1047 1177//1177 1176//1176
f 1048//1048 1049//1049 1178//1178
f 1048//1048 1178//1178 1177//1177
f 1049//1049 1050//1050 1179//1179
f 1049//1049 1179//1179 1178//1178
f 1050//1050 1051//1051 1180//1180
f 1050//1050 1180//1180 1179//1179
f 1051//1051 1052//1052 1181//1181
f 1051//1051 1181//1181 1180//1180
f 1052//1052 1053//1053 1182//1182
f 1052//1052 1182//1182 1181//1181
f 1053//1053 1054//1054 1183//1183
f 1053//1053 1183//1183 1182//1182
f 1054//1054 1055//1055 1184//1184
f 1054//1054 1184//1184 1183//1183
f 1055//1055 1056//1056 1185//1185
f 1055//1055 1185//1185 1184//1184
f 1056//1056 1057//1057 1186//1186
f 1056//1056 1186//1186 1185//1185
f 1057//1057 1058//1058 1187//1187
f 1057//1057 1187//1187 1186//1186
f 1058//1058 1059//1059 1188//1188
f 1058//1058 1188//1188 1187//1187
f 1059//1059 1060//1060 1189//1189
f 1059//1059 1189//1189 1188//1188
f 1060//1060 1061//1061 1190//1190
f 1060//1060 1190//1190 1189//1189
f 1061//1061 1062//1062 1191//1191
f 1061//1061 1191//1191 1190//1190
f 1062//1062 1063//1063 1192//1192
f 1062//1062 1192//1192 1191//1191
f 1063//1063 1064//1064 1193//1193
f 1063//1063 1193//1193 1192//1192
f 1064//1064 1065//1065 1194//1194
f 1064//1064 1194//1194 1193//1193
f 1065//1065 1066//1066 1195//1195
f 1065//1065 1195//1195 1194//1194
f 1066//1066 1067//1067 1196//1196
f 1066//1066 1196//1196 1195//1195
f 1067//1067 1068//1068 1197//1197
f 1067//1067 1197//1197 1196//1196
f 1068//1068 1069//1069 1198//1198
f 1068//1068 1198//1198 1197//1197
f 1069//1069 1070//1070 1199//1199
f 1069//1069 1199//1199 1198//1198
f 1070//1070 1071//1071 1200//1200
f 1070//1070 1200//1200 1199//1199
f 1071//1071 1072//1072 1201//1201
f 1071//1071 1201//1201 1200//1200
f 1072//1072 1073//1073 1202//1202
f 1072//1072 1202//1202 1201//1201
f 1073//1073 1074//1074 1203//1203
f 1073//1073 1203//1203 1202//1202
f 1074//1074 1075//1075 1204//1204
f 1074//1074 1204//1204 1203//1203
f 1075//1075 1076//1076 1205//1205
f 1075//1075 1205//1205 1204//1204
f 1076//1076 1077//1077 1206//1206
f 1076//1076 1206//1206 1205//1205
f 1077//1077 1078//1078 1207//1207
f 1077//1077 1207//1207 1206//1206
f 1078//1078 1079//1079 1208//1208
f 1078//1078 1208//1208 1207//1207
f 1079//1079 1080//1080 1209//1209
f 1079//1079 1209//1209 1208//1208
f 1080//1080 1081//1081 1210//1210
f 1080//1080 1210//1210 1209//1209
f 1081//1081 1082//1082 1211//1211
f 1081//1081 1211//1211 1210//1210
f 1082//1082 1083//1083 1212//1212
f 1082//1082 1212//1212 1211//1211
f 1083//1083 1084//1084 1213//1213
f 1083//1083 1213//1213 1212//1212
f 1084//1084 1085//1085 1214//1214
f 1084//1084 1214//1214 1213//1213
f 1085//1085 1086//1086 1215//1215
f 1085//1085 1215//1215 1214//1214
f 1086//1086 1087//1087 1216//1216
f 1086//1086 1216//1216 1215//1215
f 1087//1087 1088//1088 1217//1217
f 1087//1087 1217//1217 1216//1216
f 1088//1088 1089//1089 1218//1218
f 1088//1088 1218//1218 1217//1217
f 1089//1089 1090//1090 1219//1219
f 1089//1089 1219//1219 1218//1218
f 1090//1090 1091//1091 1220//1220
f 1090//1090 1220//1220 1219//1219
f 1091//1091 1092//1092 1221//1221
f 1091//1091 1221//1221 1220//1220
f 1092//1092 1093//1093 1222//1222
f 1092//1092 1222//1222 1221//1221
f 1093//1093 1094//1094 1223//1223
f 1093//1093 1223//1223 1222//1222
f 1094//1094 1095//1095 1224//1224
f 1094//1094 1224//1224 1223//1223
f 1095//1095 1096//1096 1225//1225
f 1095//1095 1225//1225 1224//1224
f 1096//1096 1097//1097 1226//1226
f 1096//1096 1226//1226 1225//1225
f 1097//1097 1098//1098 1227//1227
f 1097//1097 1227//1227 1226//1226
f 1098//1098 1099//1099 1228//1228
f 1098//1098 1228//1228 1227//1227
f 1099//1099 1100//1100 1229//1229
f 1099//1099 1229//1229 1228//1228
f 1100//1100 1101//1101 1230//1230
f 1100//1100 1230//1230 1229//1229
f 1101//1101 1102//1102 1231//1231
f 1101//1101 1231//1231 1230//1230
f 1102//1102 1103//1103 1232//1232
f 1102//1102 1232//1232 1231//1231
f 1103//1103 1104//1104 1233//1233
f 1103//1103 1233//1233 1232//1232
f 1104//1104 1105//1105 1234//1234
f 1104//1104 1234//1234 1233//1233
f 1105//1105 1106//1106 1235//1235
f 1105//1105 1235//1235 1234//1234
f 1106//1106 1107//1107 1236//1236
f 1106//1106 1236//1236 1235//1235
f 1107//1107 1108//1108 1237//1237
f 1107//1107 1237//1237 1236//1236
f 1108//1108 1109//1109 1238//1238
f 1108//1108 1238//1238 1237//1237
f 1109//1109 1110//1110 1239//1239
f 1109//1109 1239//1239 1238//1238
f 1110//1110 1111//1111 1240//1240
f 1110//1110 1240//1240 1239//1239
f 1111//1111 1112//1112 1241//1241
f 1111//1111 1241//1241 1240//1240
f 1112//1112 1113//1113 1242//1242
f 1112//1112 1242//1242 1241//1241
f 1113//1113 1114//1114 1243//1243
f 1113//1113 1243//1243 1242//1242
f 1114//1114 1115//1115 1244//1244
f 1114//1114 1244//1244 1243//1243
f 1115//1115 1116//1116 1245//1245
f 1115//1115 1245//1245 1244//1244
f 1116//1116 1117//1117 1246//1246
f 1116//1116 1246//1246 1245//1245
f 1117//1117 1118//1118 1247//1247
f 1117//1117 1247//1247 1246//1246
f 1118//1118 1119//1119 1248//1248
f 1118//1118 1248//1248 1247//1247
f 1119//1119 1120//1120 1249//1249
f 1119//1119 1249//1249 1248//1248
f 1120//1120 1121//1121 1250//1250
f 1120//1120 1250//1250 1249//1249
f 1121//1121 1122//1122 1251//1251
f 1121//1121 1251//1251 1250//1250
f 1122//1122 1123//1123 1252//1252
f 1122//1122 1252//1252 1251//1251
f 1123//1123 1124//1124 1253//1253
f 1123//1123 1253//1253 1252//1252
f 1124//1124 1125//1125 1254//1254
f 1124//1124 1254//1254 1253//1253
f 1125//1125 1126//1126 1255//1255
f 1125//1125 1255//1255 1254//1254
f 1126//1126 1127//1127 1256//1256
f 1126//1126 1256//1256 1255//1255
f 1127//1127 1128//1128 1257//1257
f 1127//1127 1257//1257 1256//1256
f 1128//1128 1129//1129 1258//1258
f 1128//1128 1258//1258 1257//1257
f 1129//1129 1130//1130 1259//1259
f 1129//1129 1259//1259 1258//1258
f 1130//1130 1131//1131 1260//1260
f 1130//1130 1260//1260 1259//1259
f 1131//1131 1132//1132 1261//1261
f 1131//1131 1261//1261 1260//1260
f 1132//1132 1133//1133 1262//1262
f 1132//1132 1262//1262 1261//1261
f 1133//1133 1134//1134 1263//1263
f 1133//1133 1263//1263 1262//1262
f 1134//1134 1135//1135 1264//1264
f 1134//1134 1264//1264 1263//1263
f 1135//1135 1136//1136 1265//1265
f 1135//1135 1265//1265 1264//1264
f 1136//1136 1137//1137 1266//1266
f 1136//1136 1266//1266 1265//1265
f 1137//1137 1138//1138 1267//1267
f 1137//1137 1267//1267 1266//1266
f 1138//1138 1139//1139 1268//1268
f 1138//1138 1268//1268 1267//1267
f 1139//1139 1140//1140 1269//1269
f 1139//1139 1269//1269 1268//1268
f 1140//1140 1141//1141 1270//1270
f 1140//1140 1270//1270 1269//1269
f 1141//1141 1142//1142 1271//1271
f 1141//1141 1271//1271 1270//1270
f 1142//1142 1143//1143 1272//1272
f 1142//1142 1272//1272 1271//1271
f 1143//1143 1144//1144 1273//1273
f 1143//1143 1273//1273 1272//1272
f 1144//1144 1145//1145 1274//1274
f 1144//1144 1274//1274 1273//1273
f 1145//1145 1146//1146 1275//1275
f 1145//1145 1275//1275 1274//1274
f 1146//1146 1147//1147 1276//1276
f 1146//1146 1276//1276 1275//1275
f 1147//1147 1148//1148 1277//1277
f 1147//1147 1277//1277 1276//1276
f 1148//1148 1149//1149 1278//1278
f 1148//1148 1278//1278 1277//1277
f 1149//1149 1150//1150 1279//1279
f 1149//1149 1279//1279 1278//1278
f 1150//1150 1151//1151 1280//1280
f 1150//1150 1280//1280 1279//1279
f 1151//1151 1152//1152 1281//1281
f 1151//1151 1281//1281 1280//1280
f 1152//1152 1153//1153 1282//1282
f 1152//1152 1282//1282 1281//1281
f 1153//1153 1154//1154 1283//1283
f 1153//1153 1283//1283 1282//1282
f 1154//1154 1155//1155 1284//1284
f 1154//1154 1284//1284 1283//1283
f 1155//1155 1156//1156 1285//1285
f 1155//1155 1285//1285 1284//1284
f 1156//1156 1157//1157 1286//1286
f 1156//1156 1286//1286 1285//1285
f 1157//1157 1158//1158 1287//1287
f 1157//1157 1287//1287 1286//1286
f 1158//1158 1159//1159 1288//1288
f 1158//1158 1288//1288 1287//1287
f 1159//1159 1160//1160 1289//1289
f 1159//1159 1289//1289 1288//1288
f 1160//1160 1161//1161 1290//1290
f 1160//1160 1290//1290 1289//1289
f 1163//1163 1162//1162 1291//1291
f 1163//1163 1291//1291 1292//1292
f 1162//1162 1164//1164 1293//1293
f 1162//1162 1293//1293 1291//1291
f 1164//1164 1165//1165 1294//1294
f 1164//1164 1294//1294 1293//1293
f 1165//1165 1166//1166 1295//1295
f 1165//1165 1295//1295 1294//1294
f 1166//1166 1167//1167 1296//1296
f 1166//1166 1296//1296 1295//1295
f 1167//1167 1168//1168 1297//1297
f 1167//1167 1297//1297 1296//1296
f 1168//1168 1169//1169 1298//1298
f 1168//1168 1298//1298 1297//1297
f 1169//1169 1170//1170 1299//1299
f 1169//1169 1299//1299 1298//1298
f 1170//1170 1171//1171 1300//1300
f 1170//1170 1300//1300 1299//1299
f 1171//1171 1172//1172 1301//1301
f 1171//1171 1301//1301 1300//1300
f 1172//1172 1173//1173 1302//1302
f 1172//1172 1302//1302 1301//1301
f 1173//1173 1174//1174 1303//1303
f 1173//1173 1303//1303 1302//1302
f 1174//1174 1175//1175 1304//1304
f 1174//1174 1304//1304 1303//1303
f 1175//1175 1176//1176 1305//1305
f 1175//1175 1305//1305 1304//1304
f 1176//1176 1177//1177 1306//1306
f 1176//1176 1306//1306 1305//1305
f 1177//1177 1178//1178 1307//1307
f 1177//1177 1307//1307 1306//1306
f 1178//1178 1179//1179 1308//1308
f 1178//1178 1308//1308 1307//1307
f 1179//1179 1180//1180 1309//1309
f 1179//1179 1309//1309 1308//1308
f 1180//1180 1181//1181 1310//1310
f 1180//1180 1310//1310 1309//1309
f 1181//1181 1182//1182 1311//1311
f 1181//1181 1311//1311 1310//1310
f 1182//1182 1183//1183 1312//1312
f 1182//1182 1312//1312 1311//1311
f 1183//1183 1184//1184 1313//1313
f 1183//1183 1313//1313 1312//1312
f 1184//1184 1185//1185 1314//1314
f 1184//1184 1314//1314 1313//1313
f 1185//1185 1186//1186 1315//1315
f 1185//1185 1315//1315 1314//1314
f 1186//1186 1187//1187 1316//1316
f 1186//1186 1316//1316 1315//1315
f 1187//1187 1188//1188 1317//1317
f 1187//1187 1317//1317 1316//1316
f 1188//1188 1189//1189 1318//1318
f 1188//1188 1318//1318 1317//1317
f 1189//1189 1190//1190 1319//1319
f 1189//1189 1319//1319 1318//1318
f 1190//1190 1191//1191 1320//1320
f 1190//1190 1320//1320 1319//1319
f 1191//1191 1192//1192 1321//1321
f 1191//1191 1321//1321 1320//1320
f 1192//1192 1193//1193 1322//1322
f 1192//1192 1322//1322 1321//1321
f 1193//1193 1194//1194 1323//1323
f 1193//1193 1323//1323 1322//1322
f 1194//1194 1195//1195 1324//1324
f 1194//1194 1324//1324 1323//1323
f 1195//1195 1196//1196 1325//1325
f 1195//1195 1325//1325 1324//1324
f 1196//1196 1197//1197 1326//1326
f 1196//1196 1326//1326 1325//1325
f 1197//1197 1198//1198 1327//1327
f 1197//1197 1327//1327 1326//1326
f 1198//1198 1199//1199 1328//1328
f 1198//1198 1328//1328 1327//1327
f 1199//1199 1200//1200 1329//1329
f 1199//1199 1329//1329 1328//1328
f 1200//1200 1201//1201 1330//1330
f 1200//1200 1330//1330 1329//1329
f 1201//1201 1202//1202 1331//1331
f 1201//1201 1331//1331 1330//1330
f 1202//1202 1203//1203 1332//1332
f 1202//1202 1332//1332 1331//1331
f 1203//1203 1204//1204 1333//1333
f 1203//1203 1333//1333 1332//1332
f 1204//1204 1205//1205 1334//1334
f 1204//1204 1334//1334 1333//1333
f 1205//1205 1206//1206 1335//1335
f 1205//1205 1335//1335 1334//1334
f 1206//1206 1207//1207 1336//1336
f 1206//1206 1336//1336 1335//1335
f 1207//1207 1208//1208 1337//1337
f 1207//1207 1337//1337 1336//1336
f 1208//1208 1209//1209 1338//1338
f 1208//1208 1338//1338 1337//1337
f 1209//1209 1210//1210 1339//1339
f 1209//1209 1339//1339 1338//1338
f 1210//1210 1211//1211 1340//1340
f 1210//1210 1340//1340 1339//1339
f 1211//1211 1212//1212 1341//1341
f 1211//1211 1341//1341 1340//1340
f 1212//1212 1213//1213 1342//1342
f 1212//1212 1342//1342 1341//1341
f 1213//1213 1214//1214 1343//1343
f 1213//1213 1343//1343 1342//1342
f 1214//1214 1215//1215 1344//1344
f 1214//1214 1344//1344 1343//1343
f 1215//1215 1216//1216 1345//1345
f 1215//1215 1345//1345 1344//1344
f 1216//1216 1217//1217 1346//1346
f 1216//1216 1346//1346 1345//1345
f 1217//1217 1218//1218 1347//1347
f 1217//1217 1347//1347 1346//1346
f 1218//1218 1219//1219 1348//1348
f 1218//1218 1348//1348 1347//1347
f 1219//1219 1220//1220 1349//1349
f 1219//1219 1349//1349 1348//1348
f 1220//1220 1221//1221 1350//1350
f 1220//1220 1350//1350 1349//1349
f 1221//1221 1222//1222 1351//1351
f 1221//1221 1351//1351 1350//1350
f 1222//1222 1223//1223 1352//1352
f 1222//1222 1352//1352 1351//1351
f 1223//1223 1224//1224 1353//1353
f 1223//1223 1353//1353 1352//1352
f 1224//1224 1225//1225 1354//1354
f 1224//1224 1354//1354 1353//1353
f 1225//1225 1226//1226 1355//1355
f 1225//1225 1355//1355 1354//1354
f 1226//1226 1227//1227 1356//1356
f 1226//1226 1356//1356 1355//1355
f 1227//1227 1228//1228 1357//1357
f 1227//1227 1357//1357 1356//1356
f 1228//1228 1229//1229 1358//1358
f 1228//1228 1358//1358 1357//1357
f 1229//1229 1230//1230 1359//1359
f 1229//1229 1359//1359 1358//1358
f 1230//1230 1231//1231 1360//1360
f 1230//1230 1360//1360 1359//1359
f 1231//1231 1232//1232 1361//1361
f 1231//1231 1361//1361 1360//1360
f 1232//1232 1233//1233 1362//1362
f 1232//1232 1362//1362 1361//1361
f 1233//1233 1234//1234 1363//1363
f 1233//1233 1363//1363 1362//1362
f 1234//1234 1235//1235 1364//1364
f 1234//1234 1364//1364 1363//1363
f 1235//1235 1236//1236 1365//1365
f 1235//1235 1365//1365 1364//1364
f 1236//1236 1237//1237 1366//1366
f 1236//1236 1366//1366 1365//1365
f 1237//1237 1238//1238 1367//1367
f 1237//1237 1367//1367 1366//1366
f 1238//1238 1239//1239 1368//1368
f 1238//1238 1368//1368 1367//1367
f 1239//1239 1240//1240 1369//1369
f 1239//1239 1369//1369 1368//1368
f 1240//1240 1241//1241 1370//1370
f 1240//1240 1370//1370 1369//1369
f 1241//1241 1242//1242 1371//1371
f 1241//1241 1371//1371 1370//1370
f 1242//1242 1243//1243 1372//1372
f 1242//1242 1372//1372 1371//1371
f 1243//1243 1244//1244 1373//1373
f 1243//1243 1373//1373 1372//1372
f 1244//1244 1245//1245 1374//1374
f 1244//1244 1374//1374 1373//1373
f 1245//1245 1246//1246 1375//1375
f 1245//1245 1375//1375 1374//1374
f 1246//1246 1247//1247 1376//1376
f 1246//1246 1376//1376 1375//1375
f 1247//1247 1248//1248 1377//1377
f 1247//1247 1377//1377 1376//1376
f 1248//1248 1249//1249 1378//1378
f 1248//1248 1378//1378 1377//1377
f 1249//1249 1250//1250 1379//1379
f 1249//1249 1379//1379 1378//1378
f 1250//1250 1251//1251 1380//1380
f 1250//1250 1380//1380 1379//1379
f 1251//1251 1252//1252 1381//1381
f 1251//1251 1381//1381 1380//1380
f 1252//1252 1253//1253 1382//1382
f 1252//1252 1382//1382 1381//1381
f 1253//1253 1254//1254 1383//1383
f 1253//1253 1383//1383 1382//1382
f 1254//1254 1255//1255 1384//1384
f 1254//1254 1384//1384 1383//1383
f 1255//1255 1256//1256 1385//1385
f 1255//1255 1385//1385 1384//1384
f 1256//1256 1257//1257 1386//1386
f 1256//1256 1386//1386 1385//1385
f 1257//1257 1258//1258 1387//1387
f 1257//1257 1387//1387 1386//1386
f 1258//1258 1259//1259 1388//1388
f 1258//1258 1388//1388 1387//1387
f 1259//1259 1260//1260 1389//1389
f 1259//1259 1389//1389 1388//1388
f 1260//1260 1261//1261 1390//1390
f 1260//1260 1390//1390 1389//1389
f 1261//1261 1262//1262 1391//1391
f 1261//1261 1391//1391 1390//1390
f 1262//1262 1263//1263 1392//1392
f 1262//1262 1392//1392 1391//1391
f 1263//1263 1264//1264 1393//1393
f 1263//1263 1393//1393 1392//1392
f 1264//1264 1265//1265 1394//1394
f 1264//1264 1394//1394 1393//1393
f 1265//1265 1266//1266 1395//1395
f 1265//1265 1395//1395 1394//1394
f 1266//1266 1267//1267 1396//1396
f 1266//1266 1396//1396 1395//1395
f 1267//1267 1268//1268 1397//1397
f 1267//1267 1397//1397 1396//1396
f 1268//1268 1269//1269 1398//1398
f 1268//1268 1398//1398 1397//1397
f 1269//1269 1270//1270 1399//1399
f 1269//1269 1399//1399 1398//1398
f 1270//1270 1271//1271 1400//1400
f 1270//1270 1400//1400 1399//1399
f 1271//1271 1272//1272 1401//1401
f 1271//1271 1401//1401 1400//1400
f 1272//1272 1273//1273 1402//1402
f 1272//1272 1402//1402 1401//1401
f 1273//1273 1274//1274 1403//1403
f 1273//1273 1403//1403 1402//1402
f 1274//1274 1275//1275 1404//1404
f 1274//1274 1404//1404 1403//1403
f 1275//1275 1276//1276 1405//1405
f 1275//1275 1405//1405 1404//1404
f 1276//1276 1277//1277 1406//1406
f 1276//1276 1406//1406 1405//1405
f 1277//1277 1278//1278 1407//1407
f 1277//1277 1407//1407 1406//1406
f 1278//1278 1279//1279 1408//1408
f 1278//1278 1408//1408 1407//1407
f 1279//1279 1280//1280 1409//1409
f 1279//1279 1409//1409 1408//1408
f 1280//1280 1281//1281 1410//1410
f 1280//1280 1410//1410 1409//1409
f 1281//1281 1282//1282 1411//1411
f 1281//1281 1411//1411 1410//1410
f 1282//1282 1283//1283 1412//1412
f 1282//1282 1412//1412 1411//1411
f 1283//1283 1284//1284 1413//1413
f 1283//1283 1413//1413 1412//1412
f 1284//1284 1285//1285 1414//1414
f 1284//1284 1414//1414 1413//1413
f 1285//1285 1286//1286 1415//1415
f 1285//1285 1415//1415 1414//1414
f 1286//1286 1287//1287 1416//1416
f 1286//1286 1416//1416 1415//1415
f 1287//1287 1288//1288 1417//1417
f 1287//1287 1417//1417 1416//1416
f 1288//1288 1289//1289 1418//1418
f 1288//1288 1418//1418 1417//1417
f 1289//1289 1290//1290 1419//1419
f 1289//1289 1419//1419 1418//1418
f 1292//1292 1291//1291 1420//1420
f 1292//1292 1420//1420 1421//1421
f 1291//1291 1293//1293 1422//1422
f 1291//1291 1422//1422 1420//1420
f 1293//1293 1294//1294 1423//1423
f 1293//1293 1423//1423 1422//1422
f 1294//1294 1295//1295 1424//1424
f 1294//1294 1424//1424 1423//1423
f 1295//1295 1296//1296 1425//1425
f 1295//1295 1425//1425 1424//1424
f 1296//1296 1297//1297 1426//1426
f 1296//1296 1426//1426 1425//1425
f 1297//1297 1298//1298 1427//1427
f 1297//1297 1427//1427 1426//1426
f 1298//1298 1299//1299 1428//1428
f 1298//1298 1428//1428 1427//1427
f 1299//1299 1300//1300 1429//1429
f 1299//1299 1429//1429 1428//1428
f 1300//1300 1301//1301 1430//1430
f 1300//1300 1430//1430 1429//1429
f 1301//1301 1302//1302 1431//1431
f 1301//1301 1431//1431 1430//1430
f 1302//1302 1303//1303 1432//1432
f 1302//1302 1432//1432 1431//1431
f 1303//1303 1304//1304 1433//1433
f 1303//1303 1433//1433 1432//1432
f 1304//1304 1305//1305 1434//1434
f 1304//1304 1434//1434 1433//1433
f 1305//1305 1306//1306 1435//1435
f 1305//1305 1435//1435 1434//1434
f 1306//1306 1307//1307 1436//1436
f 1306//1306 1436//1436 1435//1435
f 1307//1307 1308//1308 1437//1437
f 1307//1307 1437//1437 1436//1436
f 1308//1308 1309//1309 1438//1438
f 1308//1308 1438//1438 1437//1437
f 1309//1309 1310//1310 1439//1439
f 1309//1309 1439//1439 1438//1438
f 1310//1310 1311//1311 1440//1440
f 1310//1310 1440//1440 1439//1439
f 1311//1311 1312//1312 1441//1441
f 1311//1311 1441//1441 1440//1440
f 1312//1312 1313//1313 1442//1442
f 1312//1312 1442//1442 1441//1441
f 1313//1313 1314//1314 1443//1443
f 1313//1313 1443//1443 1442//1442
f 1314//1314 1315//1315 1444//1444
f 1314//1314 1444//1444 1443//1443
f 1315//1315 1316//1316 1445//1445
f 1315//1315 1445//1445 1444//1444
f 1316//1316 1317//1317 1446//1446
f 1316//1316 1446//1446 1445//1445
f 1317//1317 1318//1318 1447//1447
f 1317//1317 1447//1447 1446//1446
f 1318//1318 1319//1319 1448//1448
f 1318//1318 1448//1448 1447//1447
f 1319//1319 1320//1320 1449//1449
f 1319//1319 1449//1449 1448//1448
f 1320//1320 1321//1321 1450//1450
f 1320//1320 1450//1450 1449//1449
f 1321//1321 1322//1322 1451//1451
f 1321//1321 1451//1451 1450//1450
f 1322//1322 1323//1323 1452//1452
f 1322//1322 1452//1452 1451//1451
f 1323//1323 1324//1324 1453//1453
f 1323//1323 1453//1453 1452//1452
f 1324//1324 1325//1325 1454//1454
f 1324//1324 1454//1454 1453//1453
f 1325//1325 1326//1326 1455//1455
f 1325//1325 1455//1455 1454//1454
f 1326//1326 1327//1327 1456//1456
f 1326//1326 1456//1456 1455//1455
f 1327//1327 1328//1328 1457//1457
f 1327//1327 1457//1457 1456//1456
f 1328//1328 1329//1329 1458//1458
f 1328//1328 1458//1458 1457//1457
f 1329//1329 1330//1330 1459//1459
f 1329//1329 1459//1459 1458//1458
f 1330//1330 1331//1331 1460//1460
f 1330//1330 1460//1460 1459//1459
f 1331//1331 1332//1332 1461//1461
f 1331//1331 1461//1461 1460//1460
f 1332//1332 1333//1333 1462//1462
f 1332//1332 1462//1462 1461//1461
f 1333//1333 1334//1334 1463//1463
f 1333//1333 1463//1463 1462//1462
f 1334//1334 1335//1335 1464//1464
f 1334//1334 1464//1464 1463//1463
f 1335//1335 1336//1336 1465//1465
f 1335//1335 1465//1465 1464//1464
f 1336//1336 1337//1337 1466//1466
f 1336//1336 1466//1466 1465//1465
f 1337//1337 1338//1338 1467//1467
f 1337//1337 1467//1467 1466//1466
f 1338//1338 1339//1339 1468//1468
f 1338//1338 1468//1468 1467//1467
f 1339//1339 1340//1340 1469//1469
f 1339//1339 1469//1469 1468//1468
f 1340//1340 1341//1341 1470//1470
f 1340//1340 1470//1470 1469//1469
f 1341//1341 1342//1342 1471//1471
f 1341//1341 1471//1471 1470//1470
f 1342//1342 1343//1343 1472//1472
f 1342//1342 1472//1472 1471//1471
f 1343//1343 1344//1344 1473//1473
f 1343//1343 1473//1473 1472//1472
f 1344//1344 1345//1345 1474//1474
f 1344//1344 1474//1474 1473//1473
f 1345//1345 1346//1346 1475//1475
f 1345//1345 1475//1475 1474//1474
f 1346//1346 1347//1347 1476//1476
f 1346//1346 1476//1476 1475//1475
f 1347//1347 1348//1348 1477//1477
f 1347//1347 1477//1477 1476//1476
f 1348//1348 1349//1349 1478//1478
f 1348//1348 1478//1478 1477//1477
f 1349//1349 1350//1350 1479//1479
f 1349//1349 1479//1479 1478//1478
f 1350//1350 1351//1351 1480//1480
f 1350//1350 1480//1480 1479//1479
f 1351//1351 1352//1352 1481//1481
f 1351//1351 1481//1481 1480//1480
f 1352//1352 1353//1353 1482//1482
f 1352//1352 1482//1482 1481//1481
f 1353//1353 1354//1354 1483//1483
f 1353//1353 1483//1483 1482//1482
f 1354//1354 1355//1355 1484//1484
f 1354//1354 1484//1484 1483//1483
f 1355//1355 1356//1356 1485//1485
f 1355//1355 1485//1485 1484//1484
f 1356//1356 1357//1357 1486//1486
f 1356//1356 1486//1486 1485//1485
f 1357//1357 1358//1358 1487//1487
f 1357//1357 1487//1487 1486//1486
f 1358//1358 1359//1359 1488//1488
f 1358//1358 1488//1488 1487//1487
f 1359//1359 1360//1360 1489//1489
f 1359//1359 1489//1489 1488//1488
f 1360//1360 1361//1361 1490//1490
f 1360//1360 1490//1490 1489//1489
f 1361//1361 1362//1362 1491//1491
f 1361//1361 1491//1491 1490//1490
f 1362//1362 1363//1363 1492//1492
f 1362//1362 1492//1492 1491//1491
f 1363//1363 1364//1364 1493//1493
f 1363//1363 1493//1493 1492//1492
f 1364//1364 1365//1365 1494//1494
f 1364//1364 1494//1494 1493//1493
f 1365//1365 1366//1366 1495//1495
f 1365//1365 1495//1495 1494//1494
f 1366//1366 1367//1367 1496//1496
f 1366//1366 1496//1496 1495//1495
f 1367//1367 1368//1368 1497//1497
f 1367//1367 1497//1497 1496//1496
f 1368//1368 1369//1369 1498//1498
f 1368//1368 1498//1498 1497//1497
f 1369//1369 1370//1370 1499//1499
f 1369//1369 1499//1499 1498//1498
f 1370//1370 1371//1371 1500//1500
f 1370//1370 1500//1500 1499//1499
f 1371//1371 1372//1372 1501//1501
f 1371//1371 1501//1501 1500//1500
f 1372//1372 1373//1373 1502//1502
f 1372//1372 1502//1502 1501//1501
f 1373//1373 1374//1374 1503//1503
f 1373//1373 1503//1503 1502//1502
f 1374//1374 1375//1375 1504//1504
f 1374//1374 1504//1504 1503//1503
f 1375//1375 1376//1376 1505//1505
f 1375//1375 1505//1505 1504//1504
f 1376//1376 1377//1377 1506//1506
f 1376//1376 1506//1506 1505//1505
f 1377//1377 1378//1378 1507//1507
f 1377//1377 1507//1507 1506//1506
f 1378//1378 1379//1379 1508//1508
f 1378//1378 1508//1508 1507//1507
f 1379//1379 1380//1380 1509//1509
f 1379//1379 1509//1509 1508//1508
f 1380//1380 1381//1381 1510//1510
f 1380//1380 1510//1510 1509//1509
f 1381//1381 1382//1382 1511//1511
f 1381//1381 1511//1511 1510//1510
f 1382//1382 1383//1383 1512//1512
f 1382//1382 1512//1512 1511//1511
f 1383//1383 1384//1384 1513//1513
f 1383//1383 1513//1513 1512//1512
f 1384//1384 1385//1385 1514//1514
f 1384//1384 1514//1514 1513//1513
f 1385//1385 1386//1386 1515//1515
f 1385//1385 1515//1515 1514//1514
f 1386//1386 1387//1387 1516//1516
f 1386//1386 1516//1516 1515//1515
f 1387//1387 1388//1388 1517//1517
f 1387//1387 1517//1517 1516//1516
f 1388//1388 1389//1389 1518//1518
f 1388//1388 1518//1518 1517//1517
f 1389//1389 1390//1390 1519//1519
f 1389//1389 1519//1519 1518//1518
f 1390//1390 1391//1391 1520//1520
f 1390//1390 1520//1520 1519//1519
f 1391//1391 1392//1392 1521//1521
f 1391//1391 1521//1521 1520//1520
f 1392//1392 1393//1393 1522//1522
f 1392//1392 1522//1522 1521//1521
f 1393//1393 1394//1394 1523//1523
f 1393//1393 1523//1523 1522//1522
f 1394//1394 1395//1395 1524//1524
f 1394//1394 1524//1524 1523//1523
f 1395//1395 1396//1396 1525//1525
f 1395//1395 1525//1525 1524//1524
f 1396//1396 1397//1397 1526//1526
f 1396//1396 1526//1526 1525//1525
f 1397//1397 1398//1398 1527//1527
f 1397//1397 1527//1527 1526//1526
f 1398//1398 1399//1399 1528//1528
f 1398//1398 1528//1528 1527//1527
f 1399//1399 1400//1400 1529//1529
f 1399//1399 1529//1529 1528//1528
f 1400//1400 1401//1401 1530//1530
f 1400//1400 1530//1530 1529//1529
f 1401//1401 1402//1402 1531//1531
f 1401//1401 1531//1531 1530//1530
f 1402//1402 1403//1403 1532//1532
f 1402//1402 1532//1532 1531//1531
f 1403//1403 1404//1404 1533//1533
f 1403//1403 1533//1533 1532//1532
f 1404//1404 1405//1405 1534//1534
f 1404//1404 1534//1534 1533//1533
f 1405//1405 1406//1406 1535//1535
f 1405//1405 1535//1535 1534//1534
f 1406//1406 1407//1407 1536//1536
f 1406//1406 1536//1536 1535//1535
f 1407//1407 1408//1408 1537//1537
f 1407//1407 1537//1537 1536//1536
f 1408//1408 1409//1409 1538//1538
f 1408//1408 1538//1538 1537//1537
f 1409//1409 1410//1410 1539//1539
f 1409//1409 1539//1539 1538//1538
f 1410//1410 1411//1411 1540//1540
f 1410//1410 1540//1540 1539//1539
f 1411//1411 1412//1412 1541//1541
f 1411//1411 1541//1541 1540//1540
f 1412//1412 1413//1413 1542//1542
f 1412//1412 1542//1542 1541//1541
f 1413//1413 1414//1414 1543//1543
f 1413//1413 1543//1543 1542//1542
f 1414//1414 1415//1415 1544//1544
f 1414//1414 1544//1544 1543//1543
f 1415//1415 1416//1416 1545//1545
f 1415//1415 1545//1545 1544//1544
f 1416//1416 1417//1417 1546//1546
f 1416//1416 1546//1546 1545//1545
f 1417//1417 1418//1418 1547//1547
f 1417//1417 1547//1547 1546//1546
f 1418//1418 1419//1419 1548//1548
f 1418//1418 1548//1548 1547//1547
f 1421//1421 1420//1420 1549//1549
f 1421//1421 1549//1549 1550//1550
f 1420//1420 1422//1422 1551//1551
f 1420//1420 1551//1551 1549//1549
f 1422//1422 1423//1423 1552//1552
f 1422//1422 1552//1552 1551//1551
f 1423//1423 1424//1424 1553//1553
f 1423//1423 1553//1553 1552//1552
f 1424//1424 1425//1425 1554//1554
f 1424//1424 1554//1554 1553//1553
f 1425//1425 1426//1426 1555//1555
f 1425//1425 1555//1555 1554//1554
f 1426//1426 1427//1427 1556//1556
f 1426//1426 1556//1556 1555//1555
f 1427//1427 1428//1428 1557//1557
f 1427//1427 1557//1557 1556//1556
f 1428//1428 1429//1429 1558//1558
f 1428//1428 1558//1558 1557//1557
f 1429//1429 1430//1430 1559//1559
f 1429//1429 1559//1559 1558//1558
f 1430//1430 1431//1431 1560//1560
f 1430//1430 1560//1560 1559//1559
f 1431//1431 1432//1432 1561//1561
f 1431//1431 1561//1561 1560//1560
f 1432//1432 1433//1433 1562//1562
f 1432//1432 1562//1562 1561//1561
f 1433//1433 1434//1434 1563//1563
f 1433//1433 1563//1563 1562//1562
f 1434//1434 1435//1435 1564//1564
f 1434//1434 1564//1564 1563//1563
f 1435//1435 1436//1436 1565//1565
f 1435//1435 1565//1565 1564//1564
f 1436//1436 1437//1437 1566//1566
f 1436//1436 1566//1566 1565//1565
f 1437//1437 1438//1438 1567//1567
f 1437//1437 1567//1567 1566//1566
f 1438//1438 1439//1439 1568//1568
f 1438//1438 1568//1568 1567//1567
f 1439//1439 1440//1440 1569//1569
f 1439//1439 1569//1569 1568//1568
f 1440//1440 1441//1441 1570//1570
f 1440//1440 1570//1570 1569//1569
f 1441//1441 1442//1442 1571//1571
f 1441//1441 1571//1571 1570//1570
f 1442//1442 1443//1443 1572//1572
f 1442//1442 1572//1572 1571//1571
f 1443//1443 1444//1444 1573//1573
f 1443//1443 1573//1573 1572//1572
f 1444//1444 1445//1445 1574//1574
f 1444//1444 1574//1574 1573//1573
f 1445//1445 1446//1446 1575//1575
f 1445//1445 1575//1575 1574//1574
f 1446//1446 1447//1447 1576//1576
f 1446//1446 1576//1576 1575//1575
f 1447//1447 1448//1448 1577//1577
f 1447//1447 1577//1577 1576//1576
f 1448//1448 1449//1449 1578//1578
f 1448//1448 1578//1578 1577//1577
f 1449//1449 1450//1450 1579//1579
f 1449//1449 1579//1579 1578//1578
f 1450//1450 1451//1451 1580//1580
f 1450//1450 1580//1580 1579//1579
f 1451//1451 1452//1452 1581//1581
f 1451//1451 1581//1581 1580//1580
f 1452//1452 1453//1453 1582//1582
f 1452//1452 1582//1582 1581//1581
f 1453//1453 1454//1454 1583//1583
f 1453//1453 1583//1583 1582//1582
f 1454//1454 1455//1455 1584//1584
f 1454//1454 1584//1584 1583//1583
f 1455//1455 1456//1456 1585//1585
f 1455//1455 1585//1585 1584//1584
f 1456//1456 1457//1457 1586//1586
f 1456//1456 1586//1586 1585//1585
f 1457//1457 1458//1458 1587//1587
f 1457//1457 1587//1587 1586//1586
f 1458//1458 1459//1459 1588//1588
f 1458//1458 1588//1588 1587//1587
f 1459//1459 1460//1460 1589//1589
f 1459//1459 1589//1589 1588//1588
f 1460//1460 1461//1461 1590//1590
f 1460//1460 1590//1590 1589//1589
f 1461//1461 1462//1462 1591//1591
f 1461//1461 1591//1591 1590//1590
f 1462//1462 1463//1463 1592//1592
f 1462//1462 1592//1592 1591//1591
f 1463//1463 1464//1464 1593//1593
f 1463//1463 1593//1593 1592//1592
f 1464//1464 1465//1465 1594//1594
f 1464//1464 1594//1594 1593//1593
f 1465//1465 1466//1466 1595//1595
f 1465//1465 1595//1595 1594//1594
f 1466//1466 1467//1467 1596//1596
f 1466//1466 1596//1596 1595//1595
f 1467//1467 1468//1468 1597//1597
f 1467//1467 1597//1597 1596//1596
f 1468//1468 1469//1469 1598//1598
f 1468//1468 1598//1598 1597//1597
f 1469//1469 1470//1470 1599//1599
f 1469//1469 1599//1599 1598//1598
f 1470//1470 1471//1471 1600//1600
f 1470//1470 1600//1600 1599//1599
f 1471//1471 1472//1472 1601//1601
f 1471//1471 1601//1601 1600//1600
f 1472//1472 1473//1473 1602//1602
f 1472//1472 1602//1602 1601//1601
f 1473//1473 1474//1474 1603//1603
f 1473//1473 1603//1603 1602//1602
f 1474//1474 1475//1475 1604//1604
f 1474//1474 1604//1604 1603//1603
f 1475//1475 1476//1476 1605//1605
f 1475//1475 1605//1605 1604//1604
f 1476//1476 1477//1477 1606//1606
f 1476//1476 1606//1606 1605//1605
f 1477//1477 1478//1478 1607//1607
f 1477//1477 1607//1607 1606//1606
f 1478//1478 1479//1479 1608//1608
f 1478//1478 1608//1608 1607//1607
f 1479//1479 1480//1480 1609//1609
f 1479//1479 1609//1609 1608//1608
f 1480//1480 1481//1481 1610//1610
f 1480//1480 1610//1610 1609//1609
f 1481//1481 1482//1482 1611//1611
f 1481//1481 1611//1611 1610//1610
f 1482//1482 1483//1483 1612//1612
f 1482//1482 1612//1612 1611//1611
f 1483//1483 1484//1484 1613//1613
f 1483//1483 1613//1613 1612//1612
f 1484//1484 1485//1485 1614//1614
f 1484//1484 1614//1614 1613//1613
f 1485//1485 1486//1486 1615//1615
f 1485//1485 1615//1615 1614//1614
f 1486//1486 1487//1487 1616//1616
f 1486//1486 1616//1616 1615//1615
f 1487//1487 1488//1488 1617//1617
f 1487//1487 1617//1617 1616//1616
f 1488//1488 1489//1489 1618//1618
f 1488//1488 1618//1618 1617//1617
f 1489//1489 1490//1490 1619//1619
f 1489//1489 1619//1619 1618//1618
f 1490//1490 1491//1491 1620//1620
f 1490//1490 1620//1620 1619//1619
f 1491//1491 1492//1492 1621//1621
f 1491//1491 1621//1621 1620//1620
f 1492//1492 1493//1493 1622//1622
f 1492//1492 1622//1622 1621//1621
f 1493//1493 1494//1494 1623//1623
f 1493//1493 1623//1623 1622//1622
f 1494//1494 1495//1495 1624//1624
f 1494//1494 1624//1624 1623//1623
f 1495//1495 1496//1496 1625//1625
f 1495//1495 1625//1625 1624//1624
f 1496//1496 1497//1497 1626//1626
f 1496//1496 1626//1626 1625//1625
f 1497//1497 1498//1498 1627//1627
f 1497//1497 1627//1627 1626//1626
f 1498//1498 1499//1499 1628//1628
f 1498//1498 1628//1628 1627//1627
f 1499//1499 1500//1500 1629//1629
f 1499//1499 1629//1629 1628//1628
f 1500//1500 1501//1501 1630//1630
f 1500//1500 1630//1630 1629//1629
f 1501//1501 1502//1502 1631//1631
f 1501//1501 1631//1631 1630//1630
f 1502//1502 1503//1503 1632//1632
f 1502//1502 1632//1632 1631//1631
f 1503//1503 1504//1504 1633//1633
f 1503//1503 1633//1633 1632//1632
f 1504//1504 1505//1505 1634//1634
f 1504//1504 1634//1634 1633//1633
f 1505//1505 1506//1506 1635//1635
f 1505//1505 1635//1635 1634//1634
f 1506//1506 1507//1507 1636//1636
f 1506//1506 1636//1636 1635//1635
f 1507//1507 1508//1508 1637//1637
f 1507//1507 1637//1637 1636//1636
f 1508//1508 1509//1509 1638//1638
f 1508//1508 1638//1638 1637//1637
f 1509//1509 1510//1510 1639//1639
f 1509//1509 1639//1639 1638//1638
f 1510//1510 1511//1511 1640//1640
f 1510//1510 1640//1640 1639//1639
f 1511//1511 1512//1512 1641//1641
f 1511//1511 1641//1641 1640//1640
f 1512//1512 1513//1513 1642//1642
f 1512//1512 1642//1642 1641//1641
f 1513//1513 1514//1514 1643//1643
f 1513//1513 1643//1643 1642//1642
f 1514//1514 1515//1515 1644//1644
f 1514//1514 1644//1644 1643//1643
f 1515//1515 1516//1516 1645//1645
f 1515//1515 1645//1645 1644//1644
f 1516//1516 1517//1517 1646//1646
f 1516//1516 1646//1646 1645//1645
f 1517//1517 1518//1518 1647//1647
f 1517//1517 1647//1647 1646//1646
f 1518//1518 1519//1519 1648//1648
f 1518//1518 1648//1648 1647//1647
f 1519//1519 1520//1520 1649//1649
f 1519//1519 1649//1649 1648//1648
f 1520//1520 1521//1521 1650//1650
f 1520//1520 1650//1650 1649//1649
f 1521//1521 1522//1522 1651//1651
f 1521//1521 1651//1651 1650//1650
f 1522//1522 1523//1523 1652//1652
f 1522//1522 1652//1652 1651//1651
f 1523//1523 1524//1524 1653//1653
f 1523//1523 1653//1653 1652//1652
f 1524//1524 1525//1525 1654//1654
f 1524//1524 1654//1654 1653//1653
f 1525//1525 1526//1526 1655//1655
f 1525//1525 1655//1655 1654//1654
f 1526//1526 1527//1527 1656//1656
f 1526//1526 1656//1656 1655//1655
f 1527//1527 1528//1528 1657//1657
f 1527//1527 1657//1657 1656//1656
f 1528//1528 1529//1529 1658//1658
f 1528//1528 1658//1658 1657//1657
f 1529//1529 1530//1530 1659//1659
f 1529//1529 1659//1659 1658//1658
f 1530//1530 1531//1531 1660//1660
f 1530//1530 1660//1660 1659//1659
f 1531//1531 1532//1532 1661//1661
f 1531//1531 1661//1661 1660//1660
f 1532//1532 1533//1533 1662//1662
f 1532//1532 1662//1662 1661//1661
f 1533//1533 1534//1534 1663//1663
f 1533//1533 1663//1663 1662//1662
f 1534//1534 1535//1535 1664//1664
f 1534//1534 1664//1664 1663//1663
f 1535//1535 1536//1536 1665//1665
f 1535//1535 1665//1665 1664//1664
f 1536//1536 1537//1537 1666//1666
f 1536//1536 1666//1666 1665//1665
f 1537//1537 1538//1538 1667//1667
f 1537//1537 1667//1667 1666//1666
f 1538//1538 1539//1539 1668//1668
f 1538//1538 1668//1668 1667//1667
f 1539//1539 1540//1540 1669//1669
f 1539//1539 1669//1669 1668//1668
f 1540//1540 1541//1541 1670//1670
f 1540//1540 1670//1670 1669//1669
f 1541//1541 1542//1542 1671//1671
f 1541//1541 1671//1671 1670//1670
f 1542//1542 1543//1543 1672//1672
f 1542//1542 1672//1672 1671//1671
f 1543//1543 1544//1544 1673//1673
f 1543//1543 1673//1673 1672//1672
f 1544//1544 1545//1545 1674//1674
f 1544//1544 1674//1674 1673//1673
f 1545//1545 1546//1546 1675//1675
f 1545//1545 1675//1675 1674//1674
f 1546//1546 1547//1547 1676//1676
f 1546//1546 1676//1676 1675//1675
f 1547//1547 1548//1548 1677//1677
f 1547//1547 1677//1677 1676//1676
f 1550//1550 1549//1549 1678//1678
f 1550//1550 1678//1678 1679//1679
f 1549//1549 1551//1551 1680//1680
f 1549//1549 1680//1680 1678//1678
f 1551//1551 1552//1552 1681//1681
f 1551//1551 1681//1681 1680//1680
f 1552//1552 1553//1553 1682//1682
f 1552//1552 1682//1682 1681//1681
f 1553//1553 1554//1554 1683//1683
f 1553//1553 1683//1683 1682//1682
f 1554//1554 1555//1555 1684//1684
f 1554//1554 1684//1684 1683//1683
f 1555//1555 1556//1556 1685//1685
f 1555//1555 1685//1685 1684//1684
f 1556//1556 1557//1557 1686//1686
f 1556//1556 1686//1686 1685//1685
f 1557//1557 1558//1558 1687//1687
f 1557//1557 1687//1687 1686//1686
f 1558//1558 1559//1559 1688//1688
f 1558//1558 1688//1688 1687//1687
f 1559//1559 1560//1560 1689//1689
f 1559//1559 1689//1689 1688//1688
f 1560//1560 1561//1561 1690//1690
f 1560//1560 1690//1690 1689//1689
f 1561//1561 1562//1562 1691//1691
f 1561//1561 1691//1691 1690//1690
f 1562//1562 1563//1563 1692//1692
f 1562//1562 1692//1692 1691//1691
f 1563//1563 1564//1564 1693//1693
f 1563//1563 1693//1693 1692//1692
f 1564//1564 1565//1565 1694//1694
f 1564//1564 1694//1694 1693//1693
f 1565//1565 1566//1566 1695//1695
f 1565//1565 1695//1695 1694//1694
f 1566//1566 1567//1567 1696//1696
f 1566//1566 1696//1696 1695//1695
f 1567//1567 1568//1568 1697//1697
f 1567//1567 1697//1697 1696//1696
f 1568//1568 1569//1569 1698//1698
f 1568//1568 1698//1698 1697//1697
f 1569//1569 1570//1570 1699//1699
f 1569//1569 1699//1699 1698//1698
f 1570//1570 1571//1571 1700//1700
f 1570//1570 1700//1700 1699//1699
f 1571//1571 1572//1572 1701//1701
f 1571//1571 1701//1701 1700//1700
f 1572//1572 1573//1573 1702//1702
f 1572//1572 1702//1702 1701//1701
f 1573//1573 1574//1574 1703//1703
f 1573//1573 1703//1703 1702//1702
f 1574//1574 1575//1575 1704//1704
f 1574//1574 1704//1704 1703//1703
f 1575//1575 1576//1576 1705//1705
f 1575//1575 1705//1705 1704//1704
f 1576//1576 1577//1577 1706//1706
f 1576//1576 1706//1706 1705//1705
f 1577//1577 1578//1578 1707//1707
f 1577//1577 1707//1707 1706//1706
f 1578//1578 1579//1579 1708//1708
f 1578//1578 1708//1708 1707//1707
f 1579//1579 1580//1580 1709//1709
f 1579//1579 1709//1709 1708//1708
f 1580//1580 1581//1581 1710//1710
f 1580//1580 1710//1710 1709//1709
f 1581//1581 1582//1582 1711//1711
f 1581//1581 1711//1711 1710//1710
f 1582//1582 1583//1583 1712//1712
f 1582//1582 1712//1712 1711//1711
f 1583//1583 1584//1584 1713//1713
f 1583//1583 1713//1713 1712//1712
f 1584//1584 1585//1585 1714//1714
f 1584//1584 1714//1714 1713//1713
f 1585//1585 1586//1586 1715//1715
f 1585//1585 1715//1715 1714//1714
f 1586//1586 1587//1587 1716//1716
f 1586//1586 1716//1716 1715//1715
f 1587//1587 1588//1588 1717//1717
f 1587//1587 1717//1717 1716//1716
f 1588//1588 1589//1589 1718//1718
f 1588//1588 1718//1718 1717//1717
f 1589//1589 1590//1590 1719//1719
f 1589//1589 1719//1719 1718//1718
f 1590//1590 1591//1591 1720//1720
f 1590//1590 1720//1720 1719//1719
f 1591//1591 1592//1592 1721//1721
f 1591//1591 1721//1721 1720//1720
f 1592//1592 1593//1593 1722//1722
f 1592//1592 1722//1722 1721//1721
f 1593//1593 1594//1594 1723//1723
f 1593//1593 1723//1723 1722//1722
f 1594//1594 1595//1595 1724//1724
f 1594//1594 1724//1724 1723//1723
f 1595//1595 1596//1596 1725//1725
f 1595//1595 1725//1725 1724//1724
f 1596//1596 1597//1597 1726//1726
f 1596//1596 1726//1726 1725//1725
f 1597//1597 1598//1598 1727//1727
f 1597//1597 1727//1727 1726//1726
f 1598//1598 1599//1599 1728//1728
f 1598//1598 1728//1728 1727//1727
f 1599//1599 1600//1600 1729//1729
f 1599//1599 1729//1729 1728//1728
f 1600//1600 1601//1601 1730//1730
f 1600//1600 1730//1730 1729//1729
f 1601//1601 1602//1602 1731//1731
f 1601//1601 1731//1731 1730//1730
f 1602//1602 1603//1603 1732//1732
f 1602//1602 1732//1732 1731//1731
f 1603//1603 1604//1604 1733//1733
f 1603//1603 1733//1733 1732//1732
f 1604//1604 1605//1605 1734//1734
f 1604//1604 1734//1734 1733//1733
f 1605//1605 1606//1606 1735//1735
f 1605//1605 1735//1735 1734//1734
f 1606//1606 1607//1607 1736//1736
f 1606//1606 1736//1736 1735//1735
f 1607//1607 1608//1608 1737//1737
f 1607//1607 1737//1737 1736//1736
f 1608//1608 1609//1609 1738//1738
f 1608//1608 1738//1738 1737//1737
f 1609//1609 1610//1610 1739//1739
f 1609//1609 1739//1739 1738//1738
f 1610//1610 1611//1611 1740//1740
f 1610//1610 1740//1740 1739//1739
f 1611//1611 1612//1612 1741//1741
f 1611//1611 1741//1741 1740//1740
f 1612//1612 1613//1613 1742//1742
f 1612//1612 1742//1742 1741//1741
f 1613//1613 1614//1614 1743//1743
f 1613//1613 1743//1743 1742//1742
f 1614//1614 1615//1615 1744//1744
f 1614//1614 1744//1744 1743//1743
f 1615//1615 1616//1616 1745//1745
f 1615//1615 1745//1745 1744//1744
f 1616//1616 1617//1617 1746//1746
f 1616//1616 1746//1746 1745//1745
f 1617//1617 1618//1618 1747//1747
f 1617//1617 1747//1747 1746//1746
f 1618//1618 1619//1619 1748//1748
f 1618//1618 1748//1748 1747//1747
f 1619//1619 1620//1620 1749//1749
f 1619//1619 1749//1749 1748//1748
f 1620//1620 1621//1621 1750//1750
f 1620//1620 1750//1750 1749//1749
f 1621//1621 1622//1622 1751//1751
f 1621//1621 1751//1751 1750//1750
f 1622//1622 1623//1623 1752//1752
f 1622//1622 1752//1752 1751//1751
f 1623//1623 1624//1624 1753//1753
f 1623//1623 1753//1753 1752//1752
f 1624//1624 1625//1625 1754//1754
f 1624//1624 1754//1754 1753//1753
f 1625//1625 1626//1626 1755//1755
f 1625//1625 1755//1755 1754//1754
f 1626//1626 1627//1627 1756//1756
f 1626//1626 1756//1756 1755//1755
f 1627//1627 1628//1628 1757//1757
f 1627//1627 1757//1757 1756//1756
f 1628//1628 1629//1629 1758//1758
f 1628//1628 1758//1758 1757//1757
f 1629//1629 1630//1630 1759//1759
f 1629//1629 1759//1759 1758//1758
f 1630//1630 1631//1631 1760//1760
f 1630//1630 1760//1760 1759//1759
f 1631//1631 1632//1632 1761//1761
f 1631//1631 1761//1761 1760//1760
f 1632//1632 1633//1633 1762//1762
f 1632//1632 1762//1762 1761//1761
f 1633//1633 1634//1634 1763//1763
f 1633//1633 1763//1763 1762//1762
f 1634//1634 1635//1635 1764//1764
f 1634//1634 1764//1764 1763//1763
f 1635//1635 1636//1636 1765//1765
f 1635//1635 1765//1765 1764//1764
f 1636//1636 1637//1637 1766//1766
f 1636//1636 1766//1766 1765//1765
f 1637//1637 1638//1638 1767//1767
f 1637//1637 1767//1767 1766//1766
f 1638//1638 1639//1639 1768//1768
f 1638//1638 1768//1768 1767//1767
f 1639//1639 1640//1640 1769//1769
f 1639//1639 1769//1769 1768//1768
f 1640//1640 1641//1641 1770//1770
f 1640//1640 1770//1770 1769//1769
f 1641//1641 1642//1642 1771//1771
f 1641//1641 1771//1771 1770//1770
f 1642//1642 1643//1643 1772//1772
f 1642//1642 1772//1772 1771//1771
f 1643//1643 1644//1644 1773//1773
f 1643//1643 1773//1773 1772//1772
f 1644//1644 1645//1645 1774//1774
f 1644//1644 1774//1774 1773//1773
f 1645//1645 1646//1646 1775//1775
f 1645//1645 1775//1775 1774//1774
f 1646//1646 1647//1647 1776//1776
f 1646//1646 1776//1776 1775//1775
f 1647//1647 1648//1648 1777//1777
f 1647//1647 1777//1777 1776//1776
f 1648//1648 1649//1649 1778//1778
f 1648//1648 1778//1778 1777//1777
f 1649//1649 1650//1650 1779//1779
f 1649//1649 1779//1779 1778//1778
f 1650//1650 1651//1651 1780//1780
f 1650//1650 1780//1780 1779//1779
f 1651//1651 1652//1652 1781//1781
f 1651//1651 1781//1781 1780//1780
f 1652//1652 1653//1653 1782//1782
f 1652//1652 1782//1782 1781//1781
f 1653//1653 1654//1654 1783//1783
f 1653//1653 1783//1783 1782//1782
f 1654//1654 1655//1655 1784//1784
f 1654//1654 1784//1784 1783//1783
f 1655//1655 1656//1656 1785//1785
f 1655//1655 1785//1785 1784//1784
f 1656//1656 1657//1657 1786//1786
f 1656//1656 1786//1786 1785//1785
f 1657//1657 1658//1658 1787//1787
f 1657//1657 1787//1787 1786//1786
f 1658//1658 1659//1659 1788//1788
f 1658//1658 1788//1788 1787//1787
f 1659//1659 1660//1660 1789//1789
f 1659//1659 1789//1789 1788//1788
f 1660//1660 1661//1661 1790//1790
f 1660//1660 1790//1790 1789//1789
f 1661//1661 1662//1662 1791//1791
f 1661//1661 1791//1791 1790//1790
f 1662//1662 1663//1663 1792//1792
f 1662//1662 1792//1792 1791//1791
f 1663//1663 1664//1664 1793//1793
f 1663//1663 1793//1793 1792//1792
f 1664//1664 1665//1665 1794//1794
f 1664//1664 1794//1794 1793//1793
f 1665//1665 1666//1666 1795//1795
f 1665//1665 1795//1795 1794//1794
f 1666//1666 1667//1667 1796//1796
f 1666//1666 1796//1796 1795//1795
f 1667//1667 1668//1668 1797//1797
f 1667//1667 1797//1797 1796//1796
f 1668//1668 1669//1669 1798//1798
f 1668//1668 1798//1798 1797//1797
f 1669//1669 1670//1670 1799//1799
f 1669//1669 1799//1799 1798//1798
f 1670//1670 1671//1671 1800//1800
f 1670//1670 1800//1800 1799//1799
f 1671//1671 1672//1672 1801//1801
f 1671//1671 1801//1801 1800//1800
f 1672//1672 1673//1673 1802//1802
f 1672//1672 1802//1802 1801//1801
f 1673//1673 1674//1674 1803//1803
f 1673//1673 1803//1803 1802//1802
f 1674//1674 1675//1675 1804//1804
f 1674//1674 1804//1804 1803//1803
f 1675//1675 1676//1676 1805//1805
f 1675//1675 1805//1805 1804//1804
f 1676//1676 1677//1677 1806//1806
f 1676//1676 1806//1806 1805//1805
f 1679//1679 1678//1678 1807//1807
f 1679//1679 1807//1807 1808//1808
f 1678//1678 1680//1680 1809//1809
f 1678//1678 1809//1809 1807//1807
f 1680//1680 1681//1681 1810//1810
f 1680//1680 1810//1810 1809//1809
f 1681//1681 1682//1682 1811//1811
f 1681//1681 1811//1811 1810//1810
f 1682//1682 1683//1683 1812//1812
f 1682//1682 1812//1812 1811//1811
f 1683//1683 1684//1684 1813//1813
f 1683//1683 1813//1813 1812//1812
f 1684//1684 1685//1685 1814//1814
f 1684//1684 1814//1814 1813//1813
f 1685//1685 1686//1686 1815//1815
f 1685//1685 1815//1815 1814//1814
f 1686//1686 1687//1687 1816//1816
f 1686//1686 1816//1816 1815//1815
f 1687//1687 1688//1688 1817//1817
f 1687//1687 1817//1817 1816//1816
f 1688//1688 1689//1689 1818//1818
f 1688//1688 1818//1818 1817//1817
f 1689//1689 1690//1690 1819//1819
f 1689//1689 1819//1819 1818//1818
f 1690//1690 1691//1691 1820//1820
f 1690//1690 1820//1820 1819//1819
f 1691//1691 1692//1692 1821//1821
f 1691//1691 1821//1821 1820//1820
f 1692//1692 1693//1693 1822//1822
f 1692//1692 1822//1822 1821//1821
f 1693//1693 1694//1694 1823//1823
f 1693//1693 1823//1823 1822//1822
f 1694//1694 1695//1695 1824//1824
f 1694//1694 1824//1824 1823//1823
f 1695//1695 1696//1696 1825//1825
f 1695//1695 1825//1825 1824//1824
f 1696//1696 1697//1697 1826//1826
f 1696//1696 1826//1826 1825//1825
f 1697//1697 1698//1698 1827//1827
f 1697//1697 1827//1827 1826//1826
f 1698//1698 1699//1699 1828//1828
f 1698//1698 1828//1828 1827//1827
f 1699//1699 1700//1700 1829//1829
f 1699//1699 1829//1829 1828//1828
f 1700//1700 1701//1701 1830//1830
f 1700//1700 1830//1830 1829//1829
f 1701//1701 1702//1702 1831//1831
f 1701//1701 1831//1831 1830//1830
f 1702//1702 1703//1703 1832//1832
f 1702//1702 1832//1832 1831//1831
f 1703//1703 1704//1704 1833//1833
f 1703//1703 1833//1833 1832//1832
f 1704//1704 1705//1705 1834//1834
f 1704//1704 1834//1834 1833//1833
f 1705//1705 1706//1706 1835//1835
f 1705//1705 1835//1835 1834//1834
f 1706//1706 1707//1707 1836//1836
f 1706//1706 1836//1836 1835//1835
f 1707//1707 1708//1708 1837//1837
f 1707//1707 1837//1837 1836//1836
f 1708//1708 1709//1709 1838//1838
f 1708//1708 1838//1838 1837//1837
f 1709//1709 1710//1710 1839//1839
f 1709//1709 1839//1839 1838//1838
f 1710//1710 1711//1711 1840//1840
f 1710//1710 1840//1840 1839//1839
f 1711//1711 1712//1712 1841//1841
f 1711//1711 1841//1841 1840//1840
f 1712//1712 1713//1713 1842//1842
f 1712//1712 1842//1842 1841//1841
f 1713//1713 1714//1714 1843//1843
f 1713//1713 1843//1843 1842//1842
f 1714//1714 1715//1715 1844//1844
f 1714//1714 1844//1844 1843//1843
f 1715//1715 1716//1716 1845//1845
f 1715//1715 1845//1845 1844//1844
f 1716//1716 1717//1717 1846//1846
f 1716//1716 1846//1846 1845//1845
f 1717//1717 1718//1718 1847//1847
f 1717//1717 1847//1847 1846//1846
f 1718//1718 1719//1719 1848//1848
f 1718//1718 1848//1848 1847//1847
f 1719//1719 1720//1720 1849//1849
f 1719//1719 1849//1849 1848//1848
f 1720//1720 1721//1721 1850//1850
f 1720//1720 1850//1850 1849//1849
f 1721//1721 1722//1722 1851//1851
f 1721//1721 1851//1851 1850//1850
f 1722//1722 1723//1723 1852//1852
f 1722//1722 1852//1852 1851//1851
f 1723//1723 1724//1724 1853//1853
f 1723//1723 1853//1853 1852//1852
f 1724//1724 1725//1725 1854//1854
f 1724//1724 1854//1854 1853//1853
f 1725//1725 1726//1726 1855//1855
f 1725//1725 1855//1855 1854//1854
f 1726//1726 1727//1727 1856//1856
f 1726//1726 1856//1856 1855//1855
f 1727//1727 1728//1728 1857//1857
f 1727//1727 1857//1857 1856//1856
f 1728//1728 1729//1729 1858//1858
f 1728//1728 1858//1858 1857//1857
f 1729//1729 1730//1730 1859//1859
f 1729//1729 1859//1859 1858//1858
f 1730//1730 1731//1731 1860//1860
f 1730//1730 1860//1860 1859//1859
f 1731//1731 1732//1732 1861//1861
f 1731//1731 1861//1861 1860//1860
f 1732//1732 1733//1733 1862//1862
f 1732//1732 1862//1862 1861//1861
f 1733//1733 1734//1734 1863//1863
f 1733//1733 1863//1863 1862//1862
f 1734//1734 1735//1735 1864//1864
f 1734//1734 1864//1864 1863//1863
f 1735//1735 1736//1736 1865//1865
f 1735//1735 1865//1865 1864//1864
f 1736//1736 1737//1737 1866//1866
f 1736//1736 1866//1866 1865//1865
f 1737//1737 1738//1738 1867//1867
f 1737//1737 1867//1867 1866//1866
f 1738//1738 1739//1739 1868//1868
f 1738//1738 1868//1868 1867//1867
f 1739//1739 1740//1740 1869//1869
f 1739//1739 1869//1869 1868//1868
f 1740//1740 1741//1741 1870//1870
f 1740//1740 1870//1870 1869//1869
f 1741//1741 1742//1742 1871//1871
f 1741//1741 1871//1871 1870//1870
f 1742//1742 1743//1743 1872//1872
f 1742//1742 1872//1872 1871//1871
f 1743//1743 1744//1744 1873//1873
f 1743//1743 1873//1873 1872//1872
f 1744//1744 1745//1745 1874//1874
f 1744//1744 1874//1874 1873//1873
f 1745//1745 1746//1746 1875//1875
f 1745//1745 1875//1875 1874//1874
f 1746//1746 1747//1747 1876//1876
f 1746//1746 1876//1876 1875//1875
f 1747//1747 1748//1748 1877//1877
f 1747//1747 1877//1877 1876//1876
f 1748//1748 1749//1749 1878//1878
f 1748//1748 1878//1878 1877//1877
f 1749//1749 1750//1750 1879//1879
f 1749//1749 1879//1879 1878//1878
f 1750//1750 1751//1751 1880//1880
f 1750//1750 1880//1880 1879//1879
f 1751//1751 1752//1752 1881//1881
f 1751//1751 1881//1881 1880//1880
f 1752//1752 1753//1753 1882//1882
f 1752//1752 1882//1882 1881//1881
f 1753//1753 1754//1754 1883//1883
f 1753//1753 1883//1883 1882//1882
f 1754//1754 1755//1755 1884//1884
f 1754//1754 1884//1884 1883//1883
f 1755//1755 1756//1756 1885//1885
f 1755//1755 1885//1885 1884//1884
f 1756//1756 1757//1757 1886//1886
f 1756//1756 1886//1886 1885//1885
f 1757//1757 1758//1758 1887//1887
f 1757//1757 1887//1887 1886//1886
f 1758//1758 1759//1759 1888//1888
f 1758//1758 1888//1888 1887//1887
f 1759//1759 1760//1760 1889//1889
f 1759//1759 1889//1889 1888//1888
f 1760//1760 1761//1761 1890//1890
f 1760//1760 1890//1890 1889//1889
f 1761//1761 1762//1762 1891//1891
f 1761//1761 1891//1891 1890//1890
f 1762//1762 1763//1763 1892//1892
f 1762//1762 1892//1892 1891//1891
f 1763//1763 1764//1764 1893//1893
f 1763//1763 1893//1893 1892//1892
f 1764//1764 1765//1765 1894//1894
f 1764//1764 1894//1894 1893//1893
f 1765//1765 1766//1766 1895//1895
f 1765//1765 1895//1895 1894//1894
f 1766//1766 1767//1767 1896//1896
f 1766//1766 1896//1896 1895//1895
f 1767//1767 1768//1768 1897//1897
f 1767//1767 1897//1897 1896//1896
f 1768//1768 1769//1769 1898//1898
f 1768//1768 1898//1898 1897//1897
f 1769//1769 1770//1770 1899//1899
f 1769//1769 1899//1899 1898//1898
f 1770//1770 1771//1771 1900//1900
f 1770//1770 1900//1900 1899//1899
f 1771//1771 1772//1772 1901//1901
f 1771//1771 1901//1901 1900//1900
f 1772//1772 1773//1773 1902//1902
f 1772//1772 1902//1902 1901//1901
f 1773//1773 1774//1774 1903//1903
f 1773//1773 1903//1903 1902//1902
f 1774//1774 1775//1775 1904//1904
f 1774//1774 1904//1904 1903//1903
f 1775//1775 1776//1776 1905//1905
f 1775//1775 1905//1905 1904//1904
f 1776//1776 1777//1777 1906//1906
f 1776//1776 1906//1906 1905//1905
f 1777//1777 1778//1778 1907//1907
f 1777//1777 1907//1907 1906//1906
f 1778//1778 1779//1779 1908//1908
f 1778//1778 1908//1908 1907//1907
f 1779//1779 1780//1780 1909//1909
f 1779//1779 1909//1909 1908//1908
f 1780//1780 1781//1781 1910//1910
f 1780//1780 1910//1910 1909//1909
f 1781//1781 1782//1782 1911//1911
f 1781//1781 1911//1911 1910//1910
f 1782//1782 1783//1783 1912//1912
f 1782//1782 1912//1912 1911//1911
f 1783//1783 1784//1784 1913//1913
f 1783//1783 1913//1913 1912//1912
f 1784//1784 1785//1785 1914//1914
f 1784//1784 1914//1914 1913//1913
f 1785//1785 1786//1786 1915//1915
f 1785//1785 1915//1915 1914//1914
f 1786//1786 1787//1787 1916//1916
f 1786//1786 1916//1916 1915//1915
f 1787//1787 1788//1788 1917//1917
f 1787//1787 1917//1917 1916//1916
f 1788//1788 1789//1789 1918//1918
f 1788//1788 1918//1918 1917//1917
f 1789//1789 1790//1790 1919//1919
f 1789//1789 1919//1919 1918//1918
f 1790//1790 1791//1791 1920//1920
f 1790//1790 1920//1920 1919//1919
f 1791//1791 1792//1792 1921//1921
f 1791//1791 1921//1921 1920//1920
f 1792//1792 1793//1793 1922//1922
f 1792//1792 1922//1922 1921//1921
f 1793//1793 1794//1794 1923//1923
f 1793//1793 1923//1923 1922//1922
f 1794//1794 1795//1795 1924//1924
f 1794//1794 1924//1924 1923//1923
f 1795//1795 1796//1796 1925//1925
f 1795//1795 1925//1925 1924//1924
f 1796//1796 1797//1797 1926//1926
f 1796//1796 1926//1926 1925//1925
f 1797//1797 1798//1798 1927//1927
f 1797//1797 1927//1927 1926//1926
f 1798//1798 1799//1799 1928//1928
f 1798//1798 1928//1928 1927//1927
f 1799//1799 1800//1800 1929//1929
f 1799//1799 1929//1929 1928//1928
f 1800//1800 1801//1801 1930//1930
f 1800//1800 1930//1930 1929//1929
f 1801//1801 1802//1802 1931//1931
f 1801//1801 1931//1931 1930//1930
f 1802//1802 1803//1803 1932//1932
f 1802//1802 1932//1932 1931//1931
f 1803//1803 1804//1804 1933//1933
f 1803//1803 1933//1933 1932//1932
f 1804//1804 1805//1805 1934//1934
f 1804//1804 1934//1934 1933//1933
f 1805//1805 1806//1806 1935//1935
f 1805//1805 1935//1935 1934//1934
f 1808//1808 1807//1807 1936//1936
f 1808//1808 1936//1936 1937//1937
f 1807//1807 1809//1809 1938//1938
f 1807//1807 1938//1938 1936//1936
f 1809//1809 1810//1810 1939//1939
f 1809//1809 1939//1939 1938//1938
f 1810//1810 1811//1811 1940//1940
f 1810//1810 1940//1940 1939//1939
f 1811//1811 1812//1812 1941//1941
f 1811//1811 1941//1941 1940//1940
f 1812//1812 1813//1813 1942//1942
f 1812//1812 1942//1942 1941//1941
f 1813//1813 1814//1814 1943//1943
f 1813//1813 1943//1943 1942//1942
f 1814//1814 1815//1815 1944//1944
f 1814//1814 1944//1944 1943//1943
f 1815//1815 1816//1816 1945//1945
f 1815//1815 1945//1945 1944//1944
f 1816//1816 1817//1817 1946//1946
f 1816//1816 1946//1946 1945//1945
f 1817//1817 1818//1818 1947//1947
f 1817//1817 1947//1947 1946//1946
f 1818//1818 1819//1819 1948//1948
f 1818//1818 1948//1948 1947//1947
f 1819//1819 1820//1820 1949//1949
f 1819//1819 1949//1949 1948//1948
f 1820//1820 1821//1821 1950//1950
f 1820//1820 1950//1950 1949//1949
f 1821//1821 1822//1822 1951//1951
f 1821//1821 1951//1951 1950//1950
f 1822//1822 1823//1823 1952//1952
f 1822//1822 1952//1952 1951//1951
f 1823//1823 1824//1824 1953//1953
f 1823//1823 1953//1953 1952//1952
f 1824//1824 1825//1825 1954//1954
f 1824//1824 1954//1954 1953//1953
f 1825//1825 1826//1826 1955//1955
f 1825//1825 1955//1955 1954//1954
f 1826//1826 1827//1827 1956//1956
f 1826//1826 1956//1956 1955//1955
f 1827//1827 1828//1828 1957//1957
f 1827//1827 1957//1957 1956//1956
f 1828//1828 1829//1829 1958//1958
f 1828//1828 1958//1958 1957//1957
f 1829//1829 1830//1830 1959//1959
f 1829//1829 1959//1959 1958//1958
f 1830//1830 1831//1831 1960//1960
f 1830//1830 1960//1960 1959//1959
f 1831//1831 1832//1832 1961//1961
f 1831//1831 1961//1961 1960//1960
f 1832//1832 1833//1833 1962//1962
f 1832//1832 1962//1962 1961//1961
f 1833//1833 1834//1834 1963//1963
f 1833//1833 1963//1963 1962//1962
f 1834//1834 1835//1835 1964//1964
f 1834//1834 1964//1964 1963//1963
f 1835//1835 1836//1836 1965//1965
f 1835//1835 1965//1965 1964//1964
f 1836//1836 1837//1837 1966//1966
f 1836//1836 1966//1966 1965//1965
f 1837//1837 1838//1838 1967//1967
f 1837//1837 1967//1967 1966//1966
f 1838//1838 1839//1839 1968//1968
f 1838//1838 1968//1968 1967//1967
f 1839//1839 1840//1840 1969//1969
f 1839//1839 1969//1969 1968//1968
f 1840//1840 1841//1841 1970//1970
f 1840//1840 1970//1970 1969//1969
f 1841//1841 1842//1842 1971//1971
f 1841//1841 1971//1971 1970//1970
f 1842//1842 1843//1843 1972//1972
f 1842//1842 1972//1972 1971//1971
f 1843//1843 1844//1844 1973//1973
f 1843//1843 1973//1973 1972//1972
f 1844//1844 1845//1845 1974//1974
f 1844//1844 1974//1974 1973//1973
f 1845//1845 1846//1846 1975//1975
f 1845//1845 1975//1975 1974//1974
f 1846//1846 1847//1847 1976//1976
f 1846//1846 1976//1976 1975//1975
f 1847//1847 1848//1848 1977//1977
f 1847//1847 1977//1977 1976//1976
f 1848//1848 1849//1849 1978//1978
f 1848//1848 1978//1978 1977//1977
f 1849//1849 1850//1850 1979//1979
f 1849//1849 1979//1979 1978//1978
f 1850//1850 1851//1851 1980//1980
f 1850//1850 1980//1980 1979//1979
f 1851//1851 1852//1852 1981//1981
f 1851//1851 1981//1981 1980//1980
f 1852//1852 1853//1853 1982//1982
f 1852//1852 1982//1982 1981//1981
f 1853//1853 1854//1854 1983//1983
f 1853//1853 1983//1983 1982//1982
f 1854//1854 1855//1855 1984//1984
f 1854//1854 1984//1984 1983//1983
f 1855//1855 1856//1856 1985//1985
f 1855//1855 1985//1985 1984//1984
f 1856//1856 1857//1857 1986//1986
f 1856//1856 1986//1986 1985//1985
f 1857//1857 1858//1858 1987//1987
f 1857//1857 1987//1987 1986//1986
f 1858//1858 1859//1859 1988//1988
f 1858//1858 1988//1988 1987//1987
f 1859//1859 1860//1860 1989//1989
f 1859//1859 1989//1989 1988//1988
f 1860//1860 1861//1861 1990//1990
f 1860//1860 1990//1990 1989//1989
f 1861//1861 1862//1862 1991//1991
f 1861//1861 1991//1991 1990//1990
f 1862//1862 1863//1863 1992//1992
f 1862//1862 1992//1992 1991//1991
f 1863//1863 1864//1864 1993//1993
f 1863//1863 1993//1993 1992//1992
f 1864//1864 1865//1865 1994//1994
f 1864//1864 1994//1994 1993//1993
f 1865//1865 1866//1866 1995//1995
f 1865//1865 1995//1995 1994//1994
f 1866//1866 1867//1867 1996//1996
f 1866//1866 1996//1996 1995//1995
f 1867//1867 1868//1868 1997//1997
f 1867//1867 1997//1997 1996//1996
f 1868//1868 1869//1869 1998//1998
f 1868//1868 1998//1998 1997//1997
f 1869//1869 1870//1870 1999//1999
f 1869//1869 1999//1999 1998//1998
f 1870//1870 1871//1871 2000//2000
f 1870//1870 2000//2000 1999//1999
f 1871//1871 1872//1872 2001//2001
f 1871//1871 2001//2001 2000//2000
f 1872//1872 1873//1873 2002//2002
f 1872//1872 2002//2002 2001//2001
f 1873//1873 1874//1874 2003//2003
f 1873//1873 2003//2003 2002//2002
f 1874//1874 1875//1875 2004//2004
f 1874//1874 2004//2004 2003//2003
f 1875//1875 1876//1876 2005//2005
f 1875//1875 2005//2005 2004//2004
f 1876//1876 1877//1877 2006//2006
f 1876//1876 2006//2006 2005//2005
f 1877//1877 1878//1878 2007//2007
f 1877//1877 2007//2007 2006//2006
f 1878//1878 1879//1879 2008//2008
f 1878//1878 2008//2008 2007//2007
f 1879//1879 1880//1880 2009//2009
f 1879//1879 2009//2009 2008//2008
f 1880//1880 1881//1881 2010//2010
f 1880//1880 2010//2010 2009//2009
f 1881//1881 1882//1882 2011//2011
f 1881//1881 2011//2011 2010//2010
f 1882//1882 1883//1883 2012//2012
f 1882//1882 2012//2012 2011//2011
f 1883//1883 1884//1884 2013//2013
f 1883//1883 2013//2013 2012//2012
f 1884//1884 1885//1885 2014//2014
f 1884//1884 2014//2014 2013//2013
f 1885//1885 1886//1886 2015//2015
f 1885//1885 2015//2015 2014//2014
f 1886//1886 1887//1887 2016//2016
f 1886//1886 2016//2016 2015//2015
f 1887//1887 1888//1888 2017//2017
f 1887//1887 2017//2017 2016//2016
f 1888//1888 1889//1889 2018//2018
f 1888//1888 2018//2018 2017//2017
f 1889//1889 1890//1890 2019//2019
f 1889//1889 2019//2019 2018//2018
f 1890//1890 1891//1891 2020//2020
f 1890//1890 2020//2020 2019//2019
f 1891//1891 1892//1892 2021//2021
f 1891//1891 2021//2021 2020//2020
f 1892//1892 1893//1893 2022//2022
f 1892//1892 2022//2022 2021//2021
f 1893//1893 1894//1894 2023//2023
f 1893//1893 2023//2023 2022//2022
f 1894//1894 1895//1895 2024//2024
f 1894//1894 2024//2024 2023//2023
f 1895//1895 1896//1896 2025//2025
f 1895//1895 2025//2025 2024//2024
f 1896//1896 1897//1897 2026//2026
f 1896//1896 2026//2026 2025//2025
f 1897//1897 1898//1898 2027//2027
f 1897//1897 2027//2027 2026//2026
f 1898//1898 1899//1899 2028//2028
f 1898//1898 2028//2028 2027//2027
f 1899//1899 1900//1900 2029//2029
f 1899//1899 2029//2029 2028//2028
f 1900//1900 1901//1901 2030//2030
f 1900//1900 2030//2030 2029//2029
f 1901//1901 1902//1902 2031//2031
f 1901//1901 2031//2031 2030//2030
f 1902//1902 1903//1903 2032//2032
f 1902//1902 2032//2032 2031//2031
f 1903//1903 1904//1904 2033//2033
f 1903//1903 2033//2033 2032//2032
f 1904//1904 1905//1905 2034//2034
f 1904//1904 2034//2034 2033//2033
f 1905//1905 1906//1906 2035//2035
f 1905//1905 2035//2035 2034//2034
f 1906//1906 1907//1907 2036//2036
f 1906//1906 2036//2036 2035//2035
f 1907//1907 1908//1908 2037//2037
f 1907//1907 2037//2037 2036//2036
f 1908//1908 1909//1909 2038//2038
f 1908//1908 2038//2038 2037//2037
f 1909//1909 1910//1910 2039//2039
f 1909//1909 2039//2039 2038//2038
f 1910//1910 1911//1911 2040//2040
f 1910//1910 2040//2040 2039//2039
f 1911//1911 1912//1912 2041//2041
f 1911//1911 2041//2041 2040//2040
f 1912//1912 1913//1913 2042//2042
f 1912//1912 2042//2042 2041//2041
f 1913//1913 1914//1914 2043//2043
f 1913//1913 2043//2043 2042//2042
f 1914//1914 1915//1915 2044//2044
f 1914//1914 2044//2044 2043//2043
f 1915//1915 1916//1916 2045//2045
f 1915//1915 2045//2045 2044//2044
f 1916//1916 1917//1917 2046//2046
f 1916//1916 2046//2046 2045//2045
f 1917//1917 1918//1918 2047//2047
f 1917//1917 2047//2047 2046//2046
f 1918//1918 1919//1919 2048//2048
f 1918//1918 2048//2048 2047//2047
f 1919//1919 1920//1920 2049//2049
f 1919//1919 2049//2049 2048//2048
f 1920//1920 1921//1921 2050//2050
f 1920//1920 2050//2050 2049//2049
f 1921//1921 1922//1922 2051//2051
f 1921//1921 2051//2051 2050//2050
f 1922//1922 1923//1923 2052//2052
f 1922//1922 2052//2052 2051//2051
f 1923//1923 1924//1924 2053//2053
f 1923//1923 2053//2053 2052//2052
f 1924//1924 1925//1925 2054//2054
f 1924//1924 2054//2054 2053//2053
f 1925//1925 1926//1926 2055//2055
f 1925//1925 2055//2055 2054//2054
f 1926//1926 1927//1927 2056//2056
f 1926//1926 2056//2056 2055//2055
f 1927//1927 1928//1928 2057//2057
f 1927//1927 2057//2057 2056//2056
f 1928//1928 1929//1929 2058//2058
f 1928//1928 2058//2058 2057//2057
f 1929//1929 1930//1930 2059//2059
f 1929//1929 2059//2059 2058//2058
f 1930//1930 1931//1931 2060//2060
f 1930//1930 2060//2060 2059//2059
f 1931//1931 1932//1932 2061//2061
f 1931//1931 2061//2061 2060//2060
f 1932//1932 1933//1933 2062//2062
f 1932//1932 2062//2062 2061//2061
f 1933//1933 1934//1934 2063//2063
f 1933//1933 2063//2063 2062//2062
f 1934//1934 1935//1935 2064//2064
f 1934//1934 2064//2064 2063//2063
f 1937//1937 1936//1936 2065//2065
f 1937//1937 2065//2065 2066//2066
f 1936//1936 1938//1938 2067//2067
f 1936//1936 2067//2067 2065//2065
f 1938//1938 1939//1939 2068//2068
f 1938//1938 2068//2068 2067//2067
f 1939//1939 1940//1940 2069//2069
f 1939//1939 2069//2069 2068//2068
f 1940//1940 1941//1941 2070//2070
f 1940//1940 2070//2070 2069//2069
f 1941//1941 1942//1942 2071//2071
f 1941//1941 2071//2071 2070//2070
f 1942//1942 1943//1943 2072//2072
f 1942//1942 2072//2072 2071//2071
f 1943//1943 1944//1944 2073//2073
f 1943//1943 2073//2073 2072//2072
f 1944//1944 1945//1945 2074//2074
f 1944//1944 2074//2074 2073//2073
f 1945//1945 1946//1946 2075//2075
f 1945//1945 2075//2075 2074//2074
f 1946//1946 1947//1947 2076//2076
f 1946//1946 2076//2076 2075//2075
f 1947//1947 1948//1948 2077//2077
f 1947//1947 2077//2077 2076//2076
f 1948//1948 1949//1949 2078//2078
f 1948//1948 2078//2078 2077//2077
f 1949//1949 1950//1950 2079//2079
f 1949//1949 2079//2079 2078//2078
f 1950//1950 1951//1951 2080//2080
f 1950//1950 2080//2080 2079//2079
f 1951//1951 1952//1952 2081//2081
f 1951//1951 2081//2081 2080//2080
f 1952//1952 1953//1953 2082//2082
f 1952//1952 2082//2082 2081//2081
f 1953//1953 1954//1954 2083//2083
f 1953//1953 2083//2083 2082//2082
f 1954//1954 1955//1955 2084//2084
f 1954//1954 2084//2084 2083//2083
f 1955//1955 1956//1956 2085//2085
f 1955//1955 2085//2085 2084//2084
f 1956//1956 1957//1957 2086//2086
f 1956//1956 2086//2086 2085//2085
f 1957//1957 1958//1958 2087//2087
f 1957//1957 2087//2087 2086//2086
f 1958//1958 1959//1959 2088//2088
f 1958//1958 2088//2088 2087//2087
f 1959//1959 1960//1960 2089//2089
f 1959//1959 2089//2089 2088//2088
f 1960//1960 1961//1961 2090//2090
f 1960//1960 2090//2090 2089//2089
f 1961//1961 1962//1962 2091//2091
f 1961//1961 2091//2091 2090//2090
f 1962//1962 1963//1963 2092//2092
f 1962//1962 2092//2092 2091//2091
f 1963//1963 1964//1964 2093//2093
f 1963//1963 2093//2093 2092//2092
f 1964//1964 1965//1965 2094//2094
f 1964//1964 2094//2094 2093//2093
f 1965//1965 1966//1966 2095//2095
f 1965//1965 2095//2095 2094//2094
f 1966//1966 1967//1967 2096//2096
f 1966//1966 2096//2096 2095//2095
f 1967//1967 1968//1968 2097//2097
f 1967//1967 2097//2097 2096//2096
f 1968//1968 1969//1969 2098//2098
f 1968//1968 2098//2098 2097//2097
f 1969//1969 1970//1970 2099//2099
f 1969//1969 2099//2099 2098//2098
f 1970//1970 1971//1971 2100//2100
f 1970//1970 2100//2100 2099//2099
f 1971//1971 1972//1972 2101//2101
f 1971//1971 2101//2101 2100//2100
f 1972//1972 1973//1973 2102//2102
f 1972//1972 2102//2102 2101//2101
f 1973//1973 1974//1974 2103//2103
f 1973//1973 2103//2103 2102//2102
f 1974//1974 1975//1975 2104//2104
f 1974//1974 2104//2104 2103//2103
f 1975//1975 1976//1976 2105//2105
f 1975//1975 2105//2105 2104//2104
f 1976//1976 1977//1977 2106//2106
f 1976//1976 2106//2106 2105//2105
f 1977//1977 1978//1978 2107//2107
f 1977//1977 2107//2107 2106//2106
f 1978//1978 1979//1979 2108//2108
f 1978//1978 2108//2108 2107//2107
f 1979//1979 1980//1980 2109//2109
f 1979//1979 2109//2109 2108//2108
f 1980//1980 1981//1981 2110//2110
f 1980//1980 2110//2110 2109//2109
f 1981//1981 1982//1982 2111//2111
f 1981//1981 2111//2111 2110//2110
f 1982//1982 1983//1983 2112//2112
f 1982//1982 2112//2112 2111//2111
f 1983//1983 1984//1984 2113//2113
f 1983//1983 2113//2113 2112//2112
f 1984//1984 1985//1985 2114//2114
f 1984//1984 2114//2114 2113//2113
f 1985//1985 1986//1986 2115//2115
f 1985//1985 2115//2115 2114//2114
f 1986//1986 1987//1987 2116//2116
f 1986//1986 2116//2116 2115//2115
f 1987//1987 1988//1988 2117//2117
f 1987//1987 2117//2117 2116//2116
f 1988//1988 1989//1989 2118//2118
f 1988//1988 2118//2118 2117//2117
f 1989//1989 1990//1990 2119//2119
f 1989//1989 2119//2119 2118//2118
f 1990//1990 1991//1991 2120//2120
f 1990//1990 2120//2120 2119//2119
f 1991//1991 1992//1992 2121//2121
f 1991//1991 2121//2121 2120//2120
f 1992//1992 1993//1993 2122//2122
f 1992//1992 2122//2122 2121//2121
f 1993//1993 1994//1994 2123//2123
f 1993//1993 2123//2123 2122//2122
f 1994//1994 1995//1995 2124//2124
f 1994//1994 2124//2124 2123//2123
f 1995//1995 1996//1996 2125//2125
f 1995//1995 2125//2125 2124//2124
f 1996//1996 1997//1997 2126//2126
f 1996//1996 2126//2126 2125//2125
f 1997//1997 1998//1998 2127//2127
f 1997//1997 2127//2127 2126//2126
f 1998//1998 1999//1999 2128//2128
f 1998//1998 2128//2128 2127//2127
f 1999//1999 2000//2000 2129//2129
f 1999//1999 2129//2129 2128//2128
f 2000//2000 2001//2001 2130//2130
f 2000//2000 2130//2130 2129//2129
f 2001//2001 2002//2002 2131//2131
f 2001//2001 2131//2131 2130//2130
f 2002//2002 2003//2003 2132//2132
f 2002//2002 2132//2132 2131//2131
f 2003//2003 2004//2004 2133//2133
f 2003//2003 2133//2133 2132//2132
f 2004//2004 2005//2005 2134//2134
f 2004//2004 2134//2134 2133//2133
f 2005//2005 2006//2006 2135//2135
f 2005//2005 2135//2135 2134//2134
f 2006//2006 2007//2007 2136//2136
f 2006//2006 2136//2136 2135//2135
f 2007//2007 2008//2008 2137//2137
f 2007//2007 2137//2137 2136//2136
f 2008//2008 2009//2009 2138//2138
f 2008//2008 2138//2138 2137//2137
f 2009//2009 2010//2010 2139//2139
f 2009//2009 2139//2139 2138//2138
f 2010//2010 2011//2011 2140//2140
f 2010//2010 2140//2140 2139//2139
f 2011//2011 2012//2012 2141//2141
f 2011//2011 2141//2141 2140//2140
f 2012//2012 2013//2013 2142//2142
f 2012//2012 2142//2142 2141//2141
f 2013//2013 2014//2014 2143//2143
f 2013//2013 2143//2143 2142//2142
f 2014//2014 2015//2015 2144//2144
f 2014//2014 2144//2144 2143//2143
f 2015//2015 2016//2016 2145//2145
f 2015//2015 2145//2145 2144//2144
f 2016//2016 2017//2017 2146//2146
f 2016//2016 2146//2146 2145//2145
f 2017//2017 2018//2018 2147//2147
f 2017//2017 2147//2147 2146//2146
f 2018//2018 2019//2019 2148//2148
f 2018//2018 2148//2148 2147//2147
f 2019//2019 2020//2020 2149//2149
f 2019//2019 2149//2149 2148//2148
f 2020//2020 2021//2021 2150//2150
f 2020//2020 2150//2150 2149//2149
f 2021//2021 2022//2022 2151//2151
f 2021//2021 2151//2151 2150//2150
f 2022//2022 2023//2023 2152//2152
f 2022//2022 2152//2152 2151//2151
f 2023//2023 2024//2024 2153//2153
f 2023//2023 2153//2153 2152//2152
f 2024//2024 2025//2025 2154//2154
f 2024//2024 2154//2154 2153//2153
f 2025//2025 2026//2026 2155//2155
f 2025//2025 2155//2155 2154//2154
f 2026//2026 2027//2027 2156//2156
f 2026//2026 2156//2156 2155//2155
f 2027//2027 2028//2028 2157//2157
f 2027//2027 2157//2157 2156//2156
f 2028//2028 2029//2029 2158//2158
f 2028//2028 2158//2158 2157//2157
f 2029//2029 2030//2030 2159//2159
f 2029//2029 2159//2159 2158//2158
f 2030//2030 2031//2031 2160//2160
f 2030//2030 2160//2160 2159//2159
f 2031//2031 2032//2032 2161//2161
f 2031//2031 2161//2161 2160//2160
f 2032//2032 2033//2033 2162//2162
f 2032//2032 2162//2162 2161//2161
f 2033//2033 2034//2034 2163//2163
f 2033//2033 2163//2163 2162//2162
f 2034//2034 2035//2035 2164//2164
f 2034//2034 2164//2164 2163//2163
f 2035//2035 2036//2036 2165//2165
f 2035//2035 2165//2165 2164//2164
f 2036//2036 2037//2037 2166//2166
f 2036//2036 2166//2166 2165//2165
f 2037//2037 2038//2038 2167//2167
f 2037//2037 2167//2167 2166//2166
f 2038//2038 2039//2039 2168//2168
f 2038//2038 2168//2168 2167//2167
f 2039//2039 2040//2040 2169//2169
f 2039//2039 2169//2169 2168//2168
f 2040//2040 2041//2041 2170//2170
f 2040//2040 2170//2170 2169//2169
f 2041//2041 2042//2042 2171//2171
f 2041//2041 2171//2171 2170//2170
f 2042//2042 2043//2043 2172//2172
f 2042//2042 2172//2172 2171//2171
f 2043//2043 2044//2044 2173//2173
f 2043//2043 2173//2173 2172//2172
f 2044//2044 2045//2045 2174//2174
f 2044//2044 2174//2174 2173//2173
f 2045//2045 2046//2046 2175//2175
f 2045//2045 2175//2175 2174//2174
f 2046//2046 2047//2047 2176//2176
f 2046//2046 2176//2176 2175//2175
f 2047//2047 2048//2048 2177//2177
f 2047//2047 2177//2177 2176//2176
f 2048//2048 2049//2049 2178//2178
f 2048//2048 2178//2178 2177//2177
f 2049//2049 2050//2050 2179//2179
f 2049//2049 2179//2179 2178//2178
f 2050//2050 2051//2051 2180//2180
f 2050//2050 2180//2180 2179//2179
f 2051//2051 2052//2052 2181//2181
f 2051//2051 2181//2181 2180//2180
f 2052//2052 2053//2053 2182//2182
f 2052//2052 2182//2182 2181//2181
f 2053//2053 2054//2054 2183//2183
f 2053//2053 2183//2183 2182//2182
f 2054//2054 2055//2055 2184//2184
f 2054//2054 2184//2184 2183//2183
f 2055//2055 2056//2056 2185//2185
f 2055//2055 2185//2185 2184//2184
f 2056//2056 2057//2057 2186//2186
f 2056//2056 2186//2186 2185//2185
f 2057//2057 2058//2058 2187//2187
f 2057//2057 2187//2187 2186//2186
f 2058//2058 2059//2059 2188//2188
f 2058//2058 2188//2188 2187//2187
f 2059//2059 2060//2060 2189//2189
f 2059//2059 2189//2189 2188//2188
f 2060//2060 2061//2061 2190//2190
f 2060//2060 2190//2190 2189//2189
f 2061//2061 2062//2062 2191//2191
f 2061//2061 2191//2191 2190//2190
f 2062//2062 2063//2063 2192//2192
f 2062//2062 2192//2192 2191//2191
f 2063//2063 2064//2064 2193//2193
f 2063//2063 2193//2193 2192//2192
f 2066//2066 2065//2065 2194//2194
f 2066//2066 2194//2194 2195//2195
f 2065//2065 2067//2067 2196//2196
f 2065//2065 2196//2196 2194//2194
f 2067//2067 2068//2068 2197//2197
f 2067//2067 2197//2197 2196//2196
f 2068//2068 2069//2069 2198//2198
f 2068//2068 2198//2198 2197//2197
f 2069//2069 2070//2070 2199//2199
f 2069//2069 2199//2199 2198//2198
f 2070//2070 2071//2071 2200//2200
f 2070//2070 2200//2200 2199//2199
f 2071//2071 2072//2072 2201//2201
f 2071//2071 2201//2201 2200//2200
f 2072//2072 2073//2073 2202//2202
f 2072//2072 2202//2202 2201//2201
f 2073//2073 2074//2074 2203//2203
f 2073//2073 2203//2203 2202//2202
f 2074//2074 2075//2075 2204//2204
f 2074//2074 2204//2204 2203//2203
f 2075//2075 2076//2076 2205//2205
f 2075//2075 2205//2205 2204//2204
f 2076//2076 2077//2077 2206//2206
f 2076//2076 2206//2206 2205//2205
f 2077//2077 2078//2078 2207//2207
f 2077//2077 2207//2207 2206//2206
f 2078//2078 2079//2079 2208//2208
f 2078//2078 2208//2208 2207//2207
f 2079//2079 2080//2080 2209//2209
f 2079//2079 2209//2209 2208//2208
f 2080//2080 2081//2081 2210//2210
f 2080//2080 2210//2210 2209//2209
f 2081//2081 2082//2082 2211//2211
f 2081//2081 2211//2211 2210//2210
f 2082//2082 2083//2083 2212//2212
f 2082//2082 2212//2212 2211//2211
f 2083//2083 2084//2084 2213//2213
f 2083//2083 2213//2213 2212//2212
f 2084//2084 2085//2085 2214//2214
f 2084//2084 2214//2214 2213//2213
f 2085//2085 2086//2086 2215//2215
f 2085//2085 2215//2215 2214//2214
f 2086//2086 2087//2087 2216//2216
f 2086//2086 2216//2216 2215//2215
f 2087//2087 2088//2088 2217//2217
f 2087//2087 2217//2217 2216//2216
f 2088//2088 2089//2089 2218//2218
f 2088//2088 2218//2218 2217//2217
f 2089//2089 2090//2090 2219//2219
f 2089//2089 2219//2219 2218//2218
f 2090//2090 2091//2091 2220//2220
f 2090//2090 2220//2220 2219//2219
f 2091//2091 2092//2092 2221//2221
f 2091//2091 2221//2221 2220//2220
f 2092//2092 2093//2093 2222//2222
f 2092//2092 2222//2222 2221//2221
f 2093//2093 2094//2094 2223//2223
f 2093//2093 2223//2223 2222//2222
f 2094//2094 2095//2095 2224//2224
f 2094//2094 2224//2224 2223//2223
f 2095//2095 2096//2096 2225//2225
f 2095//2095 2225//2225 2224//2224
f 2096//2096 2097//2097 2226//2226
f 2096//2096 2226//2226 2225//2225
f 2097//2097 2098//2098 2227//2227
f 2097//2097 2227//2227 2226//2226
f 2098//2098 2099//2099 2228//2228
f 2098//2098 2228//2228 2227//2227
f 2099//2099 2100//2100 2229//2229
f 2099//2099 2229//2229 2228//2228
f 2100//2100 2101//2101 2230//2230
f 2100//2100 2230//2230 2229//2229
f 2101//2101 2102//2102 2231//2231
f 2101//2101 2231//2231 2230//2230
f 2102//2102 2103//2103 2232//2232
f 2102//2102 2232//2232 2231//2231
f 2103//2103 2104//2104 2233//2233
f 2103//2103 2233//2233 2232//2232
f 2104//2104 2105//2105 2234//2234
f 2104//2104 2234//2234 2233//2233
f 2105//2105 2106//2106 2235//2235
f 2105//2105 2235//2235 2234//2234
f 2106//2106 2107//2107 2236//2236
f 2106//2106 2236//2236 2235//2235
f 2107//2107 2108//2108 2237//2237
f 2107//2107 2237//2237 2236//2236
f 2108//2108 2109//2109 2238//2238
f 2108//2108 2238//2238 2237//2237
f 2109//2109 2110//2110 2239//2239
f 2109//2109 2239//2239 2238//2238
f 2110//2110 2111//2111 2240//2240
f 2110//2110 2240//2240 2239//2239
f 2111//2111 2112//2112 2241//2241
f 2111//2111 2241//2241 2240//2240
f 2112//2112 2113//2113 2242//2242
f 2112//2112 2242//2242 2241//2241
f 2113//2113 2114//2114 2243//2243
f 2113//2113 2243//2243 2242//2242
f 2114//2114 2115//2115 2244//2244
f 2114//2114 2244//2244 2243//2243
f 2115//2115 2116//2116 2245//2245
f 2115//2115 2245//2245 2244//2244
f 2116//2116 2117//2117 2246//2246
f 2116//2116 2246//2246 2245//2245
f 2117//2117 2118//2118 2247//2247
f 2117//2117 2247//2247 2246//2246
f 2118//2118 2119//2119 2248//2248
f 2118//2118 2248//2248 2247//2247
f 2119//2119 2120//2120 2249//2249
f 2119//2119 2249//2249 2248//2248
f 2120//2120 2121//2121 2250//2250
f 2120//2120 2250//2250 2249//2249
f 2121//2121 2122//2122 2251//2251
f 2121//2121 2251//2251 2250//2250
f 2122//2122 2123//2123 2252//2252
f 2122//2122 2252//2252 2251//2251
f 2123//2123 2124//2124 2253//2253
f 2123//2123 2253//2253 2252//2252
f 2124//2124 2125//2125 2254//2254
f 2124//2124 2254//2254 2253//2253
f 2125//2125 2126//2126 2255//2255
f 2125//2125 2255//2255 2254//2254
f 2126//2126 2127//2127 2256//2256
f 2126//2126 2256//2256 2255//2255
f 2127//2127 2128//2128 2257//2257
f 2127//2127 2257//2257 2256//2256
f 2128//2128 2129//2129 2258//2258
f 2128//2128 2258//2258 2257//2257
f 2129//2129 2130//2130 2259//2259
f 2129//2129 2259//2259 2258//2258
f 2130//2130 2131//2131 2260//2260
f 2130//2130 2260//2260 2259//2259
f 2131//2131 2132//2132 2261//2261
f 2131//2131 2261//2261 2260//2260
f 2132//2132 2133//2133 2262//2262
f 2132//2132 2262//2262 2261//2261
f 2133//2133 2134//2134 2263//2263
f 2133//2133 2263//2263 2262//2262
f 2134//2134 2135//2135 2264//2264
f 2134//2134 2264//2264 2263//2263
f 2135//2135 2136//2136 2265//2265
f 2135//2135 2265//2265 2264//2264
f 2136//2136 2137//2137 2266//2266
f 2136//2136 2266//2266 2265//2265
f 2137//2137 2138//2138 2267//2267
f 2137//2137 2267//2267 2266//2266
f 2138//2138 2139//2139 2268//2268
f 2138//2138 2268//2268 2267//2267
f 2139//2139 2140//2140 2269//2269
f 2139//2139 2269//2269 2268//2268
f 2140//2140 2141//2141 2270//2270
f 2140//2140 2270//2270 2269//2269
f 2141//2141 2142//2142 2271//2271
f 2141//2141 2271//2271 2270//2270
f 2142//2142 2143//2143 2272//2272
f 2142//2142 2272//2272 2271//2271
f 2143//2143 2144//2144 2273//2273
f 2143//2143 2273//2273 2272//2272
f 2144//2144 2145//2145 2274//2274
f 2144//2144 2274//2274 2273//2273
f 2145//2145 2146//2146 2275//2275
f 2145//2145 2275//2275 2274//2274
f 2146//2146 2147//2147 2276//2276
f 2146//2146 2276//2276 2275//2275
f 2147//2147 2148//2148 2277//2277
f 2147//2147 2277//2277 2276//2276
f 2148//2148 2149//2149 2278//2278
f 2148//2148 2278//2278 2277//2277
f 2149//2149 2150//2150 2279//2279
f 2149//2149 2279//2279 2278//2278
f 2150//2150 2151//2151 2280//2280
f 2150//2150 2280//2280 2279//2279
f 2151//2151 2152//2152 2281//2281
f 2151//2151 2281//2281 2280//2280
f 2152//2152 2153//2153 2282//2282
f 2152//2152 2282//2282 2281//2281
f 2153//2153 2154//2154 2283//2283
f 2153//2153 2283//2283 2282//2282
f 2154//2154 2155//2155 2284//2284
f 2154//2154 2284//2284 2283//2283
f 2155//2155 2156//2156 2285//2285
f 2155//2155 2285//2285 2284//2284
f 2156//2156 2157//2157 2286//2286
f 2156//2156 2286//2286 2285//2285
f 2157//2157 2158//2158 2287//2287
f 2157//2157 2287//2287 2286//2286
f 2158//2158 2159//2159 2288//2288
f 2158//2158 2288//2288 2287//2287
f 2159//2159 2160//2160 2289//2289
f 2159//2159 2289//2289 2288//2288
f 2160//2160 2161//2161 2290//2290
f 2160//2160 2290//2290 2289//2289
f 2161//2161 2162//2162 2291//2291
f 2161//2161 2291//2291 2290//2290
f 2162//2162 2163//2163 2292//2292
f 2162//2162 2292//2292 2291//2291
f 2163//2163 2164//2164 2293//2293
f 2163//2163 2293//2293 2292//2292
f 2164//2164 2165//2165 2294//2294
f 2164//2164 2294//2294 2293//2293
f 2165//2165 2166//2166 2295//2295
f 2165//2165 2295//2295 2294//2294
f 2166//2166 2167//2167 2296//2296
f 2166//2166 2296//2296 2295//2295
f 2167//2167 2168//2168 2297//2297
f 2167//2167 2297//2297 2296//2296
f 2168//2168 2169//2169 2298//2298
f 2168//2168 2298//2298 2297//2297
f 2169//2169 2170//2170 2299//2299
f 2169//2169 2299//2299 2298//2298
f 2170//2170 2171//2171 2300//2300
f 2170//2170 2300//2300 2299//2299
f 2171//2171 2172//2172 2301//2301
f 2171//2171 2301//2301 2300//2300
f 2172//2172 2173//2173 2302//2302
f 2172//2172 2302//2302 2301//2301
f 2173//2173 2174//2174 2303//2303
f 2173//2173 2303//2303 2302//2302
f 2174//2174 2175//2175 2304//2304
f 2174//2174 2304//2304 2303//2303
f 2175//2175 2176//2176 2305//2305
f 2175//2175 2305//2305 2304//2304
f 2176//2176 2177//2177 2306//2306
f 2176//2176 2306//2306 2305//2305
f 2177//2177 2178//2178 2307//2307
f 2177//2177 2307//2307 2306//2306
f 2178//2178 2179//2179 2308//2308
f 2178//2178 2308//2308 2307//2307
f 2179//2179 2180//2180 2309//2309
f 2179//2179 2309//2309 2308//2308
f 2180//2180 2181//2181 2310//2310
f 2180//2180 2310//2310 2309//2309
f 2181//2181 2182//2182 2311//2311
f 2181//2181 2311//2311 2310//2310
f 2182//2182 2183//2183 2312//2312
f 2182//2182 2312//2312 2311//2311
f 2183//2183 2184//2184 2313//2313
f 2183//2183 2313//2313 2312//2312
f 2184//2184 2185//2185 2314//2314
f 2184//2184 2314//2314 2313//2313
f 2185//2185 2186//2186 2315//2315
f 2185//2185 2315//2315 2314//2314
f 2186//2186 2187//2187 2316//2316
f 2186//2186 2316//2316 2315//2315
f 2187//2187 2188//2188 2317//2317
f 2187//2187 2317//2317 2316//2316
f 2188//2188 2189//2189 2318//2318
f 2188//2188 2318//2318 2317//2317
f 2189//2189 2190//2190 2319//2319
f 2189//2189 2319//2319 2318//2318
f 2190//2190 2191//2191 2320//2320
f 2190//2190 2320//2320 2319//2319
f 2191//2191 2192//2192 2321//2321
f 2191//2191 2321//2321 2320//2320
f 2192//2192 2193//2193 2322//2322
f 2192//2192 2322//2322 2321//2321
f 2195//2195 2194//2194 2323//2323
f 2195//2195 2323//2323 2324//2324
f 2194//2194 2196//2196 2325//2325
f 2194//2194 2325//2325 2323//2323
f 2196//2196 2197//2197 2326//2326
f 2196//2196 2326//2326 2325//2325
f 2197//2197 2198//2198 2327//2327
f 2197//2197 2327//2327 2326//2326
f 2198//2198 2199//2199 2328//2328
f 2198//2198 2328//2328 2327//2327
f 2199//2199 2200//2200 2329//2329
f 2199//2199 2329//2329 2328//2328
f 2200//2200 2201//2201 2330//2330
f 2200//2200 2330//2330 2329//2329
f 2201//2201 2202//2202 2331//2331
f 2201//2201 2331//2331 2330//2330
f 2202//2202 2203//2203 2332//2332
f 2202//2202 2332//2332 2331//2331
f 2203//2203 2204//2204 2333//2333
f 2203//2203 2333//2333 2332//2332
f 2204//2204 2205//2205 2334//2334
f 2204//2204 2334//2334 2333//2333
f 2205//2205 2206//2206 2335//2335
f 2205//2205 2335//2335 2334//2334
f 2206//2206 2207//2207 2336//2336
f 2206//2206 2336//2336 2335//2335
f 2207//2207 2208//2208 2337//2337
f 2207//2207 2337//2337 2336//2336
f 2208//2208 2209//2209 2338//2338
f 2208//2208 2338//2338 2337//2337
f 2209//2209 2210//2210 2339//2339
f 2209//2209 2339//2339 2338//2338
f 2210//2210 2211//2211 2340//2340
f 2210//2210 2340//2340 2339//2339
f 2211//2211 2212//2212 2341//2341
f 2211//2211 2341//2341 2340//2340
f 2212//2212 2213//2213 2342//2342
f 2212//2212 2342//2342 2341//2341
f 2213//2213 2214//2214 2343//2343
f 2213//2213 2343//2343 2342//2342
f 2214//2214 2215//2215 2344//2344
f 2214//2214 2344//2344 2343//2343
f 2215//2215 2216//2216 2345//2345
f 2215//2215 2345//2345 2344//2344
f 2216//2216 2217//2217 2346//2346
f 2216//2216 2346//2346 2345//2345
f 2217//2217 2218//2218 2347//2347
f 2217//2217 2347//2347 2346//2346
f 2218//2218 2219//2219 2348//2348
f 2218//2218 2348//2348 2347//2347
f 2219//2219 2220//2220 2349//2349
f 2219//2219 2349//2349 2348//2348
f 2220//2220 2221//2221 2350//2350
f 2220//2220 2350//2350 2349//2349
f 2221//2221 2222//2222 2351//2351
f 2221//2221 2351//2351 2350//2350
f 2222//2222 2223//2223 2352//2352
f 2222//2222 2352//2352 2351//2351
f 2223//2223 2224//2224 2353//2353
f 2223//2223 2353//2353 2352//2352
f 2224//2224 2225//2225 2354//2354
f 2224//2224 2354//2354 2353//2353
f 2225//2225 2226//2226 2355//2355
f 2225//2225 2355//2355 2354//2354
f 2226//2226 2227//2227 2356//2356
f 2226//2226 2356//2356 2355//2355
f 2227//2227 2228//2228 2357//2357
f 2227//2227 2357//2357 2356//2356
f 2228//2228 2229//2229 2358//2358
f 2228//2228 2358//2358 2357//2357
f 2229//2229 2230//2230 2359//2359
f 2229//2229 2359//2359 2358//2358
f 2230//2230 2231//2231 2360//2360
f 2230//2230 2360//2360 2359//2359
f 2231//2231 2232//2232 2361//2361
f 2231//2231 2361//2361 2360//2360
f 2232//2232 2233//2233 2362//2362
f 2232//2232 2362//2362 2361//2361
f 2233//2233 2234//2234 2363//2363
f 2233//2233 2363//2363 2362//2362
f 2234//2234 2235//2235 2364//2364
f 2234//2234 2364//2364 2363//2363
f 2235//2235 2236//2236 2365//2365
f 2235//2235 2365//2365 2364//2364
f 2236//2236 2237//2237 2366//2366
f 2236//2236 2366//2366 2365//2365
f 2237//2237 2238//2238 2367//2367
f 2237//2237 2367//2367 2366//2366
f 2238//2238 2239//2239 2368//2368
f 2238//2238 2368//2368 2367//2367
f 2239//2239 2240//2240 2369//2369
f 2239//2239 2369//2369 2368//2368
f 2240//2240 2241//2241 2370//2370
f 2240//2240 2370//2370 2369//2369
f 2241//2241 2242//2242 2371//2371
f 2241//2241 2371//2371 2370//2370
f 2242//2242 2243//2243 2372//2372
f 2242//2242 2372//2372 2371//2371
f 2243//2243 2244//2244 2373//2373
f 2243//2243 2373//2373 2372//2372
f 2244//2244 2245//2245 2374//2374
f 2244//2244 2374//2374 2373//2373
f 2245//2245 2246//2246 2375//2375
f 2245//2245 2375//2375 2374//2374
f 2246//2246 2247//2247 2376//2376
f 2246//2246 2376//2376 2375//2375
f 2247//2247 2248//2248 2377//2377
f 2247//2247 2377//2377 2376//2376
f 2248//2248 2249//2249 2378//2378
f 2248//2248 2378//2378 2377//2377
f 2249//2249 2250//2250 2379//2379
f 2249//2249 2379//2379 2378//2378
f 2250//2250 2251//2251 2380//2380
f 2250//2250 2380//2380 2379//2379
f 2251//2251 2252//2252 2381//2381
f 2251//2251 2381//2381 2380//2380
f 2252//2252 2253//2253 2382//2382
f 2252//2252 2382//2382 2381//2381
f 2253//2253 2254//2254 2383//2383
f 2253//2253 2383//2383 2382//2382
f 2254//2254 2255//2255 2384//2384
f 2254//2254 2384//2384 2383//2383
f 2255//2255 2256//2256 2385//2385
f 2255//2255 2385//2385 2384//2384
f 2256//2256 2257//2257 2386//2386
f 2256//2256 2386//2386 2385//2385
f 2257//2257 2258//2258 2387//2387
f 2257//2257 2387//2387 2386//2386
f 2258//2258 2259//2259 2388//2388
f 2258//2258 2388//2388 2387//2387
f 2259//2259 2260//2260 2389//2389
f 2259//2259 2389//2389 2388//2388
f 2260//2260 2261//2261 2390//2390
f 2260//2260 2390//2390 2389//2389
f 2261//2261 2262//2262 2391//2391
f 2261//2261 2391//2391 2390//2390
f 2262//2262 2263//2263 2392//2392
f 2262//2262 2392//2392 2391//2391
f 2263//2263 2264//2264 2393//2393
f 2263//2263 2393//2393 2392//2392
f 2264//2264 2265//2265 2394//2394
f 2264//2264 2394//2394 2393//2393
f 2265//2265 2266//2266 2395//2395
f 2265//2265 2395//2395 2394//2394
f 2266//2266 2267//2267 2396//2396
f 2266//2266 2396//2396 2395//2395
f 2267//2267 2268//2268 2397//2397
f 2267//2267 2397//2397 2396//2396
f 2268//2268 2269//2269 2398//2398
f 2268//2268 2398//2398 2397//2397
f 2269//2269 2270//2270 2399//2399
f 2269//2269 2399//2399 2398//2398
f 2270//2270 2271//2271 2400//2400
f 2270//2270 2400//2400 2399//2399
f 2271//2271 2272//2272 2401//2401
f 2271//2271 2401//2401 2400//2400
f 2272//2272 2273//2273 2402//2402
f 2272//2272 2402//2402 2401//2401
f 2273//2273 2274//2274 2403//2403
f 2273//2273 2403//2403 2402//2402
f 2274//2274 2275//2275 2404//2404
f 2274//2274 2404//2404 2403//2403
f 2275//2275 2276//2276 2405//2405
f 2275//2275 2405//2405 2404//2404
f 2276//2276 2277//2277 2406//2406
f 2276//2276 2406//2406 2405//2405
f 2277//2277 2278//2278 2407//2407
f 2277//2277 2407//2407 2406//2406
f 2278//2278 2279//2279 2408//2408
f 2278//2278 2408//2408 2407//2407
f 2279//2279 2280//2280 2409//2409
f 2279//2279 2409//2409 2408//2408
f 2280//2280 2281//2281 2410//2410
f 2280//2280 2410//2410 2409//2409
f 2281//2281 2282//2282 2411//2411
f 2281//2281 2411//2411 2410//2410
f 2282//2282 2283//2283 2412//2412
f 2282//2282 2412//2412 2411//2411
f 2283//2283 2284//2284 2413//2413
f 2283//2283 2413//2413 2412//2412
f 2284//2284 2285//2285 2414//2414
f 2284//2284 2414//2414 2413//2413
f 2285//2285 2286//2286 2415//2415
f 2285//2285 2415//2415 2414//2414
f 2286//2286 2287//2287 2416//2416
f 2286//2286 2416//2416 2415//2415
f 2287//2287 2288//2288 2417//2417
f 2287//2287 2417//2417 2416//2416
f 2288//2288 2289//2289 2418//2418
f 2288//2288 2418//2418 2417//2417
f 2289//2289 2290//2290 2419//2419
f 2289//2289 2419//2419 2418//2418
f 2290//2290 2291//2291 2420//2420
f 2290//2290 2420//2420 2419//2419
f 2291//2291 2292//2292 2421//2421
f 2291//2291 2421//2421 2420//2420
f 2292//2292 2293//2293 2422//2422
f 2292//2292 2422//2422 2421//2421
f 2293//2293 2294//2294 2423//2423
f 2293//2293 2423//2423 2422//2422
f 2294//2294 2295//2295 2424//2424
f 2294//2294 2424//2424 2423//2423
f 2295//2295 2296//2296 2425//2425
f 2295//2295 2425//2425 2424//2424
f 2296//2296 2297//2297 2426//2426
f 2296//2296 2426//2426 2425//2425
f 2297//2297 2298//2298 2427//2427
f 2297//2297 2427//2427 2426//2426
f 2298//2298 2299//2299 2428//2428
f 2298//2298 2428//2428 2427//2427
f 2299//2299 2300//2300 2429//2429
f 2299//2299 2429//2429 2428//2428
f 2300//2300 2301//2301 2430//2430
f 2300//2300 2430//2430 2429//2429
f 2301//2301 2302//2302 2431//2431
f 2301//2301 2431//2431 2430//2430
f 2302//2302 2303//2303 2432//2432
f 2302//2302 2432//2432 2431//2431
f 2303//2303 2304//2304 2433//2433
f 2303//2303 2433//2433 2432//2432
f 2304//2304 2305//2305 2434//2434
f 2304//2304 2434//2434 2433//2433
f 2305//2305 2306//2306 2435//2435
f 2305//2305 2435//2435 2434//2434
f 2306//2306 2307//2307 2436//2436
f 2306//2306 2436//2436 2435//2435
f 2307//2307 2308//2308 2437//2437
f 2307//2307 2437//2437 2436//2436
f 2308//2308 2309//2309 2438//2438
f 2308//2308 2438//2438 2437//2437
f 2309//2309 2310//2310 2439//2439
f 2309//2309 2439//2439 2438//2438
f 2310//2310 2311//2311 2440//2440
f 2310//2310 2440//2440 2439//2439
f 2311//2311 2312//2312 2441//2441
f 2311//2311 2441//2441 2440//2440
f 2312//2312 2313//2313 2442//2442
f 2312//2312 2442//2442 2441//2441
f 2313//2313 2314//2314 2443//2443
f 2313//2313 2443//2443 2442//2442
f 2314//2314 2315//2315 2444//2444
f 2314//2314 2444//2444 2443//2443
f 2315//2315 2316//2316 2445//2445
f 2315//2315 2445//2445 2444//2444
f 2316//2316 2317//2317 2446//2446
f 2316//2316 2446//2446 2445//2445
f 2317//2317 2318//2318 2447//2447
f 2317//2317 2447//2447 2446//2446
f 2318//2318 2319//2319 2448//2448
f 2318//2318 2448//2448 2447//2447
f 2319//2319 2320//2320 2449//2449
f 2319//2319 2449//2449 2448//2448
f 2320//2320 2321//2321 2450//2450
f 2320//2320 2450//2450 2449//2449
f 2321//2321 2322//2322 2451//2451
f 2321//2321 2451//2451 2450//2450
f 2324//2324 2323//2323 2452//2452
f 2324//2324 2452//2452 2453//2453
f 2323//2323 2325//2325 2454//2454
f 2323//2323 2454//2454 2452//2452
f 2325//2325 2326//2326 2455//2455
f 2325//2325 2455//2455 2454//2454
f 2326//2326 2327//2327 2456//2456
f 2326//2326 2456//2456 2455//2455
f 2327//2327 2328//2328 2457//2457
f 2327//2327 2457//2457 2456//2456
f 2328//2328 2329//2329 2458//2458
f 2328//2328 2458//2458 2457//2457
f 2329//2329 2330//2330 2459//2459
f 2329//2329 2459//2459 2458//2458
f 2330//2330 2331//2331 2460//2460
f 2330//2330 2460//2460 2459//2459
f 2331//2331 2332//2332 2461//2461
f 2331//2331 2461//2461 2460//2460
f 2332//2332 2333//2333 2462//2462
f 2332//2332 2462//2462 2461//2461
f 2333//2333 2334//2334 2463//2463
f 2333//2333 2463//2463 2462//2462
f 2334//2334 2335//2335 2464//2464
f 2334//2334 2464//2464 2463//2463
f 2335//2335 2336//2336 2465//2465
f 2335//2335 2465//2465 2464//2464
f 2336//2336 2337//2337 2466//2466
f 2336//2336 2466//2466 2465//2465
f 2337//2337 2338//2338 2467//2467
f 2337//2337 2467//2467 2466//2466
f 2338//2338 2339//2339 2468//2468
f 2338//2338 2468//2468 2467//2467
f 2339//2339 2340//2340 2469//2469
f 2339//2339 2469//2469 2468//2468
f 2340//2340 2341//2341 2470//2470
f 2340//2340 2470//2470 2469//2469
f 2341//2341 2342//2342 2471//2471
f 2341//2341 2471//2471 2470//2470
f 2342//2342 2343//2343 2472//2472
f 2342//2342 2472//2472 2471//2471
f 2343//2343 2344//2344 2473//2473
f 2343//2343 2473//2473 2472//2472
f 2344//2344 2345//2345 2474//2474
f 2344//2344 2474//2474 2473//2473
f 2345//2345 2346//2346 2475//2475
f 2345//2345 2475//2475 2474//2474
f 2346//2346 2347//2347 2476//2476
f 2346//2346 2476//2476 2475//2475
f 2347//2347 2348//2348 2477//2477
f 2347//2347 2477//2477 2476//2476
f 2348//2348 2349//2349 2478//2478
f 2348//2348 2478//2478 2477//2477
f 2349//2349 2350//2350 2479//2479
f 2349//2349 2479//2479 2478//2478
f 2350//2350 2351//2351 2480//2480
f 2350//2350 2480//2480 2479//2479
f 2351//2351 2352//2352 2481//2481
f 2351//2351 2481//2481 2480//2480
f 2352//2352 2353//2353 2482//2482
f 2352//2352 2482//2482 2481//2481
f 2353//2353 2354//2354 2483//2483
f 2353//2353 2483//2483 2482//2482
f 2354//2354 2355//2355 2484//2484
f 2354//2354 2484//2484 2483//2483
f 2355//2355 2356//2356 2485//2485
f 2355//2355 2485//2485 2484//2484
f 2356//2356 2357//2357 2486//2486
f 2356//2356 2486//2486 2485//2485
f 2357//2357 2358//2358 2487//2487
f 2357//2357 2487//2487 2486//2486
f 2358//2358 2359//2359 2488//2488
f 2358//2358 2488//2488 2487//2487
f 2359//2359 2360//2360 2489//2489
f 2359//2359 2489//2489 2488//2488
f 2360//2360 2361//2361 2490//2490
f 2360//2360 2490//2490 2489//2489
f 2361//2361 2362//2362 2491//2491
f 2361//2361 2491//2491 2490//2490
f 2362//2362 2363//2363 2492//2492
f 2362//2362 2492//2492 2491//2491
f 2363//2363 2364//2364 2493//2493
f 2363//2363 2493//2493 2492//2492
f 2364//2364 2365//2365 2494//2494
f 2364//2364 2494//2494 2493//2493
f 2365//2365 2366//2366 2495//2495
f 2365//2365 2495//2495 2494//2494
f 2366//2366 2367//2367 2496//2496
f 2366//2366 2496//2496 2495//2495
f 2367//2367 2368//2368 2497//2497
f 2367//2367 2497//2497 2496//2496
f 2368//2368 2369//2369 2498//2498
f 2368//2368 2498//2498 2497//2497
f 2369//2369 2370//2370 2499//2499
f 2369//2369 2499//2499 2498//2498
f 2370//2370 2371//2371 2500//2500
f 2370//2370 2500//2500 2499//2499
f 2371//2371 2372//2372 2501//2501
f 2371//2371 2501//2501 2500//2500
f 2372//2372 2373//2373 2502//2502
f 2372//2372 2502//2502 2501//2501
f 2373//2373 2374//2374 2503//2503
f 2373//2373 2503//2503 2502//2502
f 2374//2374 2375//2375 2504//2504
f 2374//2374 2504//2504 2503//2503
f 2375//2375 2376//2376 2505//2505
f 2375//2375 2505//2505 2504//2504
f 2376//2376 2377//2377 2506//2506
f 2376//2376 2506//2506 2505//2505
f 2377//2377 2378//2378 2507//2507
f 2377//2377 2507//2507 2506//2506
f 2378//2378 2379//2379 2508//2508
f 2378//2378 2508//2508 2507//2507
f 2379//2379 2380//2380 2509//2509
f 2379//2379 2509//2509 2508//2508
f 2380//2380 2381//2381 2510//2510
f 2380//2380 2510//2510 2509//2509
f 2381//2381 2382//2382 2511//2511
f 2381//2381 2511//2511 2510//2510
f 2382//2382 2383//2383 2512//2512
f 2382//2382 2512//2512 2511//2511
f 2383//2383 2384//2384 2513//2513
f 2383//2383 2513//2513 2512//2512
f 2384//2384 2385//2385 2514//2514
f 2384//2384 2514//2514 2513//2513
f 2385//2385 2386//2386 2515//2515
f 2385//2385 2515//2515 2514//2514
f 2386//2386 2387//2387 2516//2516
f 2386//2386 2516//2516 2515//2515
f 2387//2387 2388//2388 2517//2517
f 2387//2387 2517//2517 2516//2516
f 2388//2388 2389//2389 2518//2518
f 2388//2388 2518//2518 2517//2517
f 2389//2389 2390//2390 2519//2519
f 2389//2389 2519//2519 2518//2518
f 2390//2390 2391//2391 2520//2520
f 2390//2390 2520//2520 2519//2519
f 2391//2391 2392//2392 2521//2521
f 2391//2391 2521//2521 2520//2520
f 2392//2392 2393//2393 2522//2522
f 2392//2392 2522//2522 2521//2521
f 2393//2393 2394//2394 2523//2523
f 2393//2393 2523//2523 2522//2522
f 2394//2394 2395//2395 2524//2524
f 2394//2394 2524//2524 2523//2523
f 2395//2395 2396//2396 2525//2525
f 2395//2395 2525//2525 2524//2524
f 2396//2396 2397//2397 2526//2526
f 2396//2396 2526//2526 2525//2525
f 2397//2397 2398//2398 2527//2527
f 2397//2397 2527//2527 2526//2526
f 2398//2398 2399//2399 2528//2528
f 2398//2398 2528//2528 2527//2527
f 2399//2399 2400//2400 2529//2529
f 2399//2399 2529//2529 2528//2528
f 2400//2400 2401//2401 2530//2530
f 2400//2400 2530//2530 2529//2529
f 2401//2401 2402//2402 2531//2531
f 2401//2401 2531//2531 2530//2530
f 2402//2402 2403//2403 2532//2532
f 2402//2402 2532//2532 2531//2531
f 2403//2403 2404//2404 2533//2533
f 2403//2403 2533//2533 2532//2532
f 2404//2404 2405//2405 2534//2534
f 2404//2404 2534//2534 2533//2533
f 2405//2405 2406//2406 2535//2535
f 2405//2405 2535//2535 2534//2534
f 2406//2406 2407//2407 2536//2536
f 2406//2406 2536//2536 2535//2535
f 2407//2407 2408//2408 2537//2537
f 2407//2407 2537//2537 2536//2536
f 2408//2408 2409//2409 2538//2538
f 2408//2408 2538//2538 2537//2537
f 2409//2409 2410//2410 2539//2539
f 2409//2409 2539//2539 2538//2538
f 2410//2410 2411//2411 2540//2540
f 2410//2410 2540//2540 2539//2539
f 2411//2411 2412//2412 2541//2541
f 2411//2411 2541//2541 2540//2540
f 2412//2412 2413//2413 2542//2542
f 2412//2412 2542//2542 2541//2541
f 2413//2413 2414//2414 2543//2543
f 2413//2413 2543//2543 2542//2542
f 2414//2414 2415//2415 2544//2544
f 2414//2414 2544//2544 2543//2543
f 2415//2415 2416//2416 2545//2545
f 2415//2415 2545//2545 2544//2544
f 2416//2416 2417//2417 2546//2546
f 2416//2416 2546//2546 2545//2545
f 2417//2417 2418//2418 2547//2547
f 2417//2417 2547//2547 2546//2546
f 2418//2418 2419//2419 2548//2548
f 2418//2418 2548//2548 2547//2547
f 2419//2419 2420//2420 2549//2549
f 2419//2419 2549//2549 2548//2548
f 2420//2420 2421//2421 2550//2550
f 2420//2420 2550//2550 2549//2549
f 2421//2421 2422//2422 2551//2551
f 2421//2421 2551//2551 2550//2550
f 2422//2422 2423//2423 2552//2552
f 2422//2422 2552//2552 2551//2551
f 2423//2423 2424//2424 2553//2553
f 2423//2423 2553//2553 2552//2552
f 2424//2424 2425//2425 2554//2554
f 2424//2424 2554//2554 2553//2553
f 2425//2425 2426//2426 2555//2555
f 2425//2425 2555//2555 2554//2554
f 2426//2426 2427//2427 2556//2556
f 2426//2426 2556//2556 2555//2555
f 2427//2427 2428//2428 2557//2557
f 2427//2427 2557//2557 2556//2556
f 2428//2428 2429//2429 2558//2558
f 2428//2428 2558//2558 2557//2557
f 2429//2429 2430//2430 2559//2559
f 2429//2429 2559//2559 2558//2558
f 2430//2430 2431//2431 2560//2560
f 2430//2430 2560//2560 2559//2559
f 2431//2431 2432//2432 2561//2561
f 2431//2431 2561//2561 2560//2560
f 2432//2432 2433//2433 2562//2562
f 2432//2432 2562//2562 2561//2561
f 2433//2433 2434//2434 2563//2563
f 2433//2433 2563//2563 2562//2562
f 2434//2434 2435//2435 2564//2564
f 2434//2434 2564//2564 2563//2563
f 2435//2435 2436//2436 2565//2565
f 2435//2435 2565//2565 2564//2564
f 2436//2436 2437//2437 2566//2566
f 2436//2436 2566//2566 2565//2565
f 2437//2437 2438//2438 2567//2567
f 2437//2437 2567//2567 2566//2566
f 2438//2438 2439//2439 2568//2568
f 2438//2438 2568//2568 2567//2567
f 2439//2439 2440//2440 2569//2569
f 2439//2439 2569//2569 2568//2568
f 2440//2440 2441//2441 2570//2570
f 2440//2440 2570//2570 2569//2569
f 2441//2441 2442//2442 2571//2571
f 2441//2441 2571//2571 2570//2570
f 2442//2442 2443//2443 2572//2572
f 2442//2442 2572//2572 2571//2571
f 2443//2443 2444//2444 2573//2573
f 2443//2443 2573//2573 2572//2572
f 2444//2444 2445//2445 2574//2574
f 2444//2444 2574//2574 2573//2573
f 2445//2445 2446//2446 2575//2575
f 2445//2445 2575//2575 2574//2574
f 2446//2446 2447//2447 2576//2576
f 2446//2446 2576//2576 2575//2575
f 2447//2447 2448//2448 2577//2577
f 2447//2447 2577//2577 2576//2576
f 2448//2448 2449//2449 2578//2578
f 2448//2448 2578//2578 2577//2577
f 2449//2449 2450//2450 2579//2579
f 2449//2449 2579//2579 2578//2578
f 2450//2450 2451//2451 2580//2580
f 2450//2450 2580//2580 2579//2579
f 2453//2453 2452//2452 2581//2581
f 2453//2453 2581//2581 2582//2582
f 2452//2452 2454//2454 2583//2583
f 2452//2452 2583//2583 2581//2581
f 2454//2454 2455//2455 2584//2584
f 2454//2454 2584//2584 2583//2583
f 2455//2455 2456//2456 2585//2585
f 2455//2455 2585//2585 2584//2584
f 2456//2456 2457//2457 2586//2586
f 2456//2456 2586//2586 2585//2585
f 2457//2457 2458//2458 2587//2587
f 2457//2457 2587//2587 2586//2586
f 2458//2458 2459//2459 2588//2588
f 2458//2458 2588//2588 2587//2587
f 2459//2459 2460//2460 2589//2589
f 2459//2459 2589//2589 2588//2588
f 2460//2460 2461//2461 2590//2590
f 2460//2460 2590//2590 2589//2589
f 2461//2461 2462//2462 2591//2591
f 2461//2461 2591//2591 2590//2590
f 2462//2462 2463//2463 2592//2592
f 2462//2462 2592//2592 2591//2591
f 2463//2463 2464//2464 2593//2593
f 2463//2463 2593//2593 2592//2592
f 2464//2464 2465//2465 2594//2594
f 2464//2464 2594//2594 2593//2593
f 2465//2465 2466//2466 2595//2595
f 2465//2465 2595//2595 2594//2594
f 2466//2466 2467//2467 2596//2596
f 2466//2466 2596//2596 2595//2595
f 2467//2467 2468//2468 2597//2597
f 2467//2467 2597//2597 2596//2596
f 2468//2468 2469//2469 2598//2598
f 2468//2468 2598//2598 2597//2597
f 2469//2469 2470//2470 2599//2599
f 2469//2469 2599//2599 2598//2598
f 2470//2470 2471//2471 2600//2600
f 2470//2470 2600//2600 2599//2599
f 2471//2471 2472//2472 2601//2601
f 2471//2471 2601//2601 2600//2600
f 2472//2472 2473//2473 2602//2602
f 2472//2472 2602//2602 2601//2601
f 2473//2473 2474//2474 2603//2603
f 2473//2473 2603//2603 2602//2602
f 2474//2474 2475//2475 2604//2604
f 2474//2474 2604//2604 2603//2603
f 2475//2475 2476//2476 2605//2605
f 2475//2475 2605//2605 2604//2604
f 2476//2476 2477//2477 2606//2606
f 2476//2476 2606//2606 2605//2605
f 2477//2477 2478//2478 2607//2607
f 2477//2477 2607//2607 2606//2606
f 2478//2478 2479//2479 2608//2608
f 2478//2478 2608//2608 2607//2607
f 2479//2479 2480//2480 2609//2609
f 2479//2479 2609//2609 2608//2608
f 2480//2480 2481//2481 2610//2610
f 2480//2480 2610//2610 2609//2609
f 2481//2481 2482//2482 2611//2611
f 2481//2481 2611//2611 2610//2610
f 2482//2482 2483//2483 2612//2612
f 2482//2482 2612//2612 2611//2611
f 2483//2483 2484//2484 2613//2613
f 2483//2483 2613//2613 2612//2612
f 2484//2484 2485//2485 2614//2614
f 2484//2484 2614//2614 2613//2613
f 2485//2485 2486//2486 2615//2615
f 2485//2485 2615//2615 2614//2614
f 2486//2486 2487//2487 2616//2616
f 2486//2486 2616//2616 2615//2615
f 2487//2487 2488//2488 2617//2617
f 2487//2487 2617//2617 2616//2616
f 2488//2488 2489//2489 2618//2618
f 2488//2488 2618//2618 2617//2617
f 2489//2489 2490//2490 2619//2619
f 2489//2489 2619//2619 2618//2618
f 2490//2490 2491//2491 2620//2620
f 2490//2490 2620//2620 2619//2619
f 2491//2491 2492//2492 2621//2621
f 2491//2491 2621//2621 2620//2620
f 2492//2492 2493//2493 2622//2622
f 2492//2492 2622//2622 2621//2621
f 2493//2493 2494//2494 2623//2623
f 2493//2493 2623//2623 2622//2622
f 2494//2494 2495//2495 2624//2624
f 2494//2494 2624//2624 2623//2623
f 2495//2495 2496//2496 2625//2625
f 2495//2495 2625//2625 2624//2624
f 2496//2496 2497//2497 2626//2626
f 2496//2496 2626//2626 2625//2625
f 2497//2497 2498//2498 2627//2627
f 2497//2497 2627//2627 2626//2626
f 2498//2498 2499//2499 2628//2628
f 2498//2498 2628//2628 2627//2627
f 2499//2499 2500//2500 2629//2629
f 2499//2499 2629//2629 2628//2628
f 2500//2500 2501//2501 2630//2630
f 2500//2500 2630//2630 2629//2629
f 2501//2501 2502//2502 2631//2631
f 2501//2501 2631//2631 2630//2630
f 2502//2502 2503//2503 2632//2632
f 2502//2502 2632//2632 2631//2631
f 2503//2503 2504//2504 2633//2633
f 2503//2503 2633//2633 2632//2632
f 2504//2504 2505//2505 2634//2634
f 2504//2504 2634//2634 2633//2633
f 2505//2505 2506//2506 2635//2635
f 2505//2505 2635//2635 2634//2634
f 2506//2506 2507//2507 2636//2636
f 2506//2506 2636//2636 2635//2635
f 2507//2507 2508//2508 2637//2637
f 2507//2507 2637//2637 2636//2636
f 2508//2508 2509//2509 2638//2638
f 2508//2508 2638//2638 2637//2637
f 2509//2509 2510//2510 2639//2639
f 2509//2509 2639//2639 2638//2638
f 2510//2510 2511//2511 2640//2640
f 2510//2510 2640//2640 2639//2639
f 2511//2511 2512//2512 2641//2641
f 2511//2511 2641//2641 2640//2640
f 2512//2512 2513//2513 2642//2642
f 2512//2512 2642//2642 2641//2641
f 2513//2513 2514//2514 2643//2643
f 2513//2513 2643//2643 2642//2642
f 2514//2514 2515//2515 2644//2644
f 2514//2514 2644//2644 2643//2643
f 2515//2515 2516//2516 2645//2645
f 2515//2515 2645//2645 2644//2644
f 2516//2516 2517//2517 2646//2646
f 2516//2516 2646//2646 2645//2645
f 2517//2517 2518//2518 2647//2647
f 2517//2517 2647//2647 2646//2646
f 2518//2518 2519//2519 2648//2648
f 2518//2518 2648//2648 2647//2647
f 2519//2519 2520//2520 2649//2649
f 2519//2519 2649//2649 2648//2648
f 2520//2520 2521//2521 2650//2650
f 2520//2520 2650//2650 2649//2649
f 2521//2521 2522//2522 2651//2651
f 2521//2521 2651//2651 2650//2650
f 2522//2522 2523//2523 2652//2652
f 2522//2522 2652//2652 2651//2651
f 2523//2523 2524//2524 2653//2653
f 2523//2523 2653//2653 2652//2652
f 2524//2524 2525//2525 2654//2654
f 2524//2524 2654//2654 2653//2653
f 2525//2525 2526//2526 2655//2655
f 2525//2525 2655//2655 2654//2654
f 2526//2526 2527//2527 2656//2656
f 2526//2526 2656//2656 2655//2655
f 2527//2527 2528//2528 2657//2657
f 2527//2527 2657//2657 2656//2656
f 2528//2528 2529//2529 2658//2658
f 2528//2528 2658//2658 2657//2657
f 2529//2529 2530//2530 2659//2659
f 2529//2529 2659//2659 2658//2658
f 2530//2530 2531//2531 2660//2660
f 2530//2530 2660//2660 2659//2659
f 2531//2531 2532//2532 2661//2661
f 2531//2531 2661//2661 2660//2660
f 2532//2532 2533//2533 2662//2662
f 2532//2532 2662//2662 2661//2661
f 2533//2533 2534//2534 2663//2663
f 2533//2533 2663//2663 2662//2662
f 2534//2534 2535//2535 2664//2664
f 2534//2534 2664//2664 2663//2663
f 2535//2535 2536//2536 2665//2665
f 2535//2535 2665//2665 2664//2664
f 2536//2536 2537//2537 2666//2666
f 2536//2536 2666//2666 2665//2665
f 2537//2537 2538//2538 2667//2667
f 2537//2537 2667//2667 2666//2666
f 2538//2538 2539//2539 2668//2668
f 2538//2538 2668//2668 2667//2667
f 2539//2539 2540//2540 2669//2669
f 2539//2539 2669//2669 2668//2668
f 2540//2540 2541//2541 2670//2670
f 2540//2540 2670//2670 2669//2669
f 2541//2541 2542//2542 2671//2671
f 2541//2541 2671//2671 2670//2670
f 2542//2542 2543//2543 2672//2672
f 2542//2542 2672//2672 2671//2671
f 2543//2543 2544//2544 2673//2673
f 2543//2543 2673//2673 2672//2672
f 2544//2544 2545//2545 2674//2674
f 2544//2544 2674//2674 2673//2673
f 2545//2545 2546//2546 2675//2675
f 2545//2545 2675//2675 2674//2674
f 2546//2546 2547//2547 2676//2676
f 2546//2546 2676//2676 2675//2675
f 2547//2547 2548//2548 2677//2677
f 2547//2547 2677//2677 2676//2676
f 2548//2548 2549//2549 2678//2678
f 2548//2548 2678//2678 2677//2677
f 2549//2549 2550//2550 2679//2679
f 2549//2549 2679//2679 2678//2678
f 2550//2550 2551//2551 2680//2680
f 2550//2550 2680//2680 2679//2679
f 2551//2551 2552//2552 2681//2681
f 2551//2551 2681//2681 2680//2680
f 2552//2552 2553//2553 2682//2682
f 2552//2552 2682//2682 2681//2681
f 2553//2553 2554//2554 2683//2683
f 2553//2553 2683//2683 2682//2682
f 2554//2554 2555//2555 2684//2684
f 2554//2554 2684//2684 2683//2683
f 2555//2555 2556//2556 2685//2685
f 2555//2555 2685//2685 2684//2684
f 2556//2556 2557//2557 2686//2686
f 2556//2556 2686//2686 2685//2685
f 2557//2557 2558//2558 2687//2687
f 2557//2557 2687//2687 2686//2686
f 2558//2558 2559//2559 2688//2688
f 2558//2558 2688//2688 2687//2687
f 2559//2559 2560//2560 2689//2689
f 2559//2559 2689//2689 2688//2688
f 2560//2560 2561//2561 2690//2690
f 2560//2560 2690//2690 2689//2689
f 2561//2561 2562//2562 2691//2691
f 2561//2561 2691//2691 2690//2690
f 2562//2562 2563//2563 2692//2692
f 2562//2562 2692//2692 2691//2691
f 2563//2563 2564//2564 2693//2693
f 2563//2563 2693//2693 2692//2692
f 2564//2564 2565//2565 2694//2694
f 2564//2564 2694//2694 2693//2693
f 2565//2565 2566//2566 2695//2695
f 2565//2565 2695//2695 2694//2694
f 2566//2566 2567//2567 2696//2696
f 2566//2566 2696//2696 2695//2695
f 2567//2567 2568//2568 2697//2697
f 2567//2567 2697//2697 2696//2696
f 2568//2568 2569//2569 2698//2698
f 2568//2568 2698//2698 2697//2697
f 2569//2569 2570//2570 2699//2699
f 2569//2569 2699//2699 2698//2698
f 2570//2570 2571//2571 2700//2700
f 2570//2570 2700//2700 2699//2699
f 2571//2571 2572//2572 2701//2701
f 2571//2571 2701//2701 2700//2700
f 2572//2572 2573//2573 2702//2702
f 2572//2572 2702//2702 2701//2701
f 2573//2573 2574//2574 2703//2703
f 2573//2573 2703//2703 2702//2702
f 2574//2574 2575//2575 2704//2704
f 2574//2574 2704//2704 2703//2703
f 2575//2575 2576//2576 2705//2705
f 2575//2575 2705//2705 2704//2704
f 2576//2576 2577//2577 2706//2706
f 2576//2576 2706//2706 2705//2705
f 2577//2577 2578//2578 2707//2707
f 2577//2577 2707//2707 2706//2706
f 2578//2578 2579//2579 2708//2708
f 2578//2578 2708//2708 2707//2707
f 2579//2579 2580//2580 2709//2709
f 2579//2579 2709//2709 2708//2708
f 2582//2582 2581//2581 2710//2710
f 2582//2582 2710//2710 2711//2711
f 2581//2581 2583//2583 2712//2712
f 2581//2581 2712//2712 2710//2710
f 2583//2583 2584//2584 2713//2713
f 2583//2583 2713//2713 2712//2712
f 2584//2584 2585//2585 2714//2714
f 2584//2584 2714//2714 2713//2713
f 2585//2585 2586//2586 2715//2715
f 2585//2585 2715//2715 2714//2714
f 2586//2586 2587//2587 2716//2716
f 2586//2586 2716//2716 2715//2715
f 2587//2587 2588//2588 2717//2717
f 2587//2587 2717//2717 2716//2716
f 2588//2588 2589//2589 2718//2718
f 2588//2588 2718//2718 2717//2717
f 2589//2589 2590//2590 2719//2719
f 2589//2589 2719//2719 2718//2718
f 2590//2590 2591//2591 2720//2720
f 2590//2590 2720//2720 2719//2719
f 2591//2591 2592//2592 2721//2721
f 2591//2591 2721//2721 2720//2720
f 2592//2592 2593//2593 2722//2722
f 2592//2592 2722//2722 2721//2721
f 2593//2593 2594//2594 2723//2723
f 2593//2593 2723//2723 2722//2722
f 2594//2594 2595//2595 2724//2724
f 2594//2594 2724//2724 2723//2723
f 2595//2595 2596//2596 2725//2725
f 2595//2595 2725//2725 2724//2724
f 2596//2596 2597//2597 2726//2726
f 2596//2596 2726//2726 2725//2725
f 2597//2597 2598//2598 2727//2727
f 2597//2597 2727//2727 2726//2726
f 2598//2598 2599//2599 2728//2728
f 2598//2598 2728//2728 2727//2727
f 2599//2599 2600//2600 2729//2729
f 2599//2599 2729//2729 2728//2728
f 2600//2600 2601//2601 2730//2730
f 2600//2600 2730//2730 2729//2729
f 2601//2601 2602//2602 2731//2731
f 2601//2601 2731//2731 2730//2730
f 2602//2602 2603//2603 2732//2732
f 2602//2602 2732//2732 2731//2731
f 2603//2603 2604//2604 2733//2733
f 2603//2603 2733//2733 2732//2732
f 2604//2604 2605//2605 2734//2734
f 2604//2604 2734//2734 2733//2733
f 2605//2605 2606//2606 2735//2735
f 2605//2605 2735//2735 2734//2734
f 2606//2606 2607//2607 2736//2736
f 2606//2606 2736//2736 2735//2735
f 2607//2607 2608//2608 2737//2737
f 2607//2607 2737//2737 2736//2736
f 2608//2608 2609//2609 2738//2738
f 2608//2608 2738//2738 2737//2737
f 2609//2609 2610//2610 2739//2739
f 2609//2609 2739//2739 2738//2738
f 2610//2610 2611//2611 2740//2740
f 2610//2610 2740//2740 2739//2739
f 2611//2611 2612//2612 2741//2741
f 2611//2611 2741//2741 2740//2740
f 2612//2612 2613//2613 2742//2742
f 2612//2612 2742//2742 2741//2741
f 2613//2613 2614//2614 2743//2743
f 2613//2613 2743//2743 2742//2742
f 2614//2614 2615//2615 2744//2744
f 2614//2614 2744//2744 2743//2743
f 2615//2615 2616//2616 2745//2745
f 2615//2615 2745//2745 2744//2744
f 2616//2616 2617//2617 2746//2746
f 2616//2616 2746//2746 2745//2745
f 2617//2617 2618//2618 2747//2747
f 2617//2617 2747//2747 2746//2746
f 2618//2618 2619//2619 2748//2748
f 2618//2618 2748//2748 2747//2747
f 2619//2619 2620//2620 2749//2749
f 2619//2619 2749//2749 2748//2748
f 2620//2620 2621//2621 2750//2750
f 2620//2620 2750//2750 2749//2749
f 2621//2621 2622//2622 2751//2751
f 2621//2621 2751//2751 2750//2750
f 2622//2622 2623//2623 2752//2752
f 2622//2622 2752//2752 2751//2751
f 2623//2623 2624//2624 2753//2753
f 2623//2623 2753//2753 2752//2752
f 2624//2624 2625//2625 2754//2754
f 2624//2624 2754//2754 2753//2753
f 2625//2625 2626//2626 2755//2755
f 2625//2625 2755//2755 2754//2754
f 2626//2626 2627//2627 2756//2756
f 2626//2626 2756//2756 2755//2755
f 2627//2627 2628//2628 2757//2757
f 2627//2627 2757//2757 2756//2756
f 2628//2628 2629//2629 2758//2758
f 2628//2628 2758//2758 2757//2757
f 2629//2629 2630//2630 2759//2759
f 2629//2629 2759//2759 2758//2758
f 2630//2630 2631//2631 2760//2760
f 2630//2630 2760//2760 2759//2759
f 2631//2631 2632//2632 2761//2761
f 2631//2631 2761//2761 2760//2760
f 2632//2632 2633//2633 2762//2762
f 2632//2632 2762//2762 2761//2761
f 2633//2633 2634//2634 2763//2763
f 2633//2633 2763//2763 2762//2762
f 2634//2634 2635//2635 2764//2764
f 2634//2634 2764//2764 2763//2763
f 2635//2635 2636//2636 2765//2765
f 2635//2635 2765//2765 2764//2764
f 2636//2636 2637//2637 2766//2766
f 2636//2636 2766//2766 2765//2765
f 2637//2637 2638//2638 2767//2767
f 2637//2637 2767//2767 2766//2766
f 2638//2638 2639//2639 2768//2768
f 2638//2638 2768//2768 2767//2767
f 2639//2639 2640//2640 2769//2769
f 2639//2639 2769//2769 2768//2768
f 2640//2640 2641//2641 2770//2770
f 2640//2640 2770//2770 2769//2769
f 2641//2641 2642//2642 2771//2771
f 2641//2641 2771//2771 2770//2770
f 2642//2642 2643//2643 2772//2772
f 2642//2642 2772//2772 2771//2771
f 2643//2643 2644//2644 2773//2773
f 2643//2643 2773//2773 2772//2772
f 2644//2644 2645//2645 2774//2774
f 2644//2644 2774//2774 2773//2773
f 2645//2645 2646//2646 2775//2775
f 2645//2645 2775//2775 2774//2774
f 2646//2646 2647//2647 2776//2776
f 2646//2646 2776//2776 2775//2775
f 2647//2647 2648//2648 2777//2777
f 2647//2647 2777//2777 2776//2776
f 2648//2648 2649//2649 2778//2778
f 2648//2648 2778//2778 2777//2777
f 2649//2649 2650//2650 2779//2779
f 2649//2649 2779//2779 2778//2778
f 2650//2650 2651//2651 2780//2780
f 2650//2650 2780//2780 2779//2779
f 2651//2651 2652//2652 2781//2781
f 2651//2651 2781//2781 2780//2780
f 2652//2652 2653//2653 2782//2782
f 2652//2652 2782//2782 2781//2781
f 2653//2653 2654//2654 2783//2783
f 2653//2653 2783//2783 2782//2782
f 2654//2654 2655//2655 2784//2784
f 2654//2654 2784//2784 2783//2783
f 2655//2655 2656//2656 2785//2785
f 2655//2655 2785//2785 2784//2784
f 2656//2656 2657//2657 2786//2786
f 2656//2656 2786//2786 2785//2785
f 2657//2657 2658//2658 2787//2787
f 2657//2657 2787//2787 2786//2786
f 2658//2658 2659//2659 2788//2788
f 2658//2658 2788//2788 2787//2787
f 2659//2659 2660//2660 2789//2789
f 2659//2659 2789//2789 2788//2788
f 2660//2660 2661//2661 2790//2790
f 2660//2660 2790//2790 2789//2789
f 2661//2661 2662//2662 2791//2791
f 2661//2661 2791//2791 2790//2790
f 2662//2662 2663//2663 2792//2792
f 2662//2662 2792//2792 2791//2791
f 2663//2663 2664//2664 2793//2793
f 2663//2663 2793//2793 2792//2792
f 2664//2664 2665//2665 2794//2794
f 2664//2664 2794//2794 2793//2793
f 2665//2665 2666//2666 2795//2795
f 2665//2665 2795//2795 2794//2794
f 2666//2666 2667//2667 2796//2796
f 2666//2666 2796//2796 2795//2795
f 2667//2667 2668//2668 2797//2797
f 2667//2667 2797//2797 2796//2796
f 2668//2668 2669//2669 2798//2798
f 2668//2668 2798//2798 2797//2797
f 2669//2669 2670//2670 2799//2799
f 2669//2669 2799//2799 2798//2798
f 2670//2670 2671//2671 2800//2800
f 2670//2670 2800//2800 2799//2799
f 2671//2671 2672//2672 2801//2801
f 2671//2671 2801//2801 2800//2800
f 2672//2672 2673//2673 2802//2802
f 2672//2672 2802//2802 2801//2801
f 2673//2673 2674//2674 2803//2803
f 2673//2673 2803//2803 2802//2802
f 2674//2674 2675//2675 2804//2804
f 2674//2674 2804//2804 2803//2803
f 2675//2675 2676//2676 2805//2805
f 2675//2675 2805//2805 2804//2804
f 2676//2676 2677//2677 2806//2806
f 2676//2676 2806//2806 2805//2805
f 2677//2677 2678//2678 2807//2807
f 2677//2677 2807//2807 2806//2806
f 2678//2678 2679//2679 2808//2808
f 2678//2678 2808//2808 2807//2807
f 2679//2679 2680//2680 2809//2809
f 2679//2679 2809//2809 2808//2808
f 2680//2680 2681//2681 2810//2810
f 2680//2680 2810//2810 2809//2809
f 2681//2681 2682//2682 2811//2811
f 2681//2681 2811//2811 2810//2810
f 2682//2682 2683//2683 2812//2812
f 2682//2682 2812//2812 2811//2811
f 2683//2683 2684//2684 2813//2813
f 2683//2683 2813//2813 2812//2812
f 2684//2684 2685//2685 2814//2814
f 2684//2684 2814//2814 2813//2813
f 2685//2685 2686//2686 2815//2815
f 2685//2685 2815//2815 2814//2814
f 2686//2686 2687//2687 2816//2816
f 2686//2686 2816//2816 2815//2815
f 2687//2687 2688//2688 2817//2817
f 2687//2687 2817//2817 2816//2816
f 2688//2688 2689//2689 2818//2818
f 2688//2688 2818//2818 2817//2817
f 2689//2689 2690//2690 2819//2819
f 2689//2689 2819//2819 2818//2818
f 2690//2690 2691//2691 2820//2820
f 2690//2690 2820//2820 2819//2819
f 2691//2691 2692//2692 2821//2821
f 2691//2691 2821//2821 2820//2820
f 2692//2692 2693//2693 2822//2822
f 2692//2692 2822//2822 2821//2821
f 2693//2693 2694//2694 2823//2823
f 2693//2693 2823//2823 2822//2822
f 2694//2694 2695//2695 2824//2824
f 2694//2694 2824//2824 2823//2823
f 2695//2695 2696//2696 2825//2825
f 2695//2695 2825//2825 2824//2824
f 2696//2696 2697//2697 2826//2826
f 2696//2696 2826//2826 2825//2825
f 2697//2697 2698//2698 2827//2827
f 2697//2697 2827//2827 2826//2826
f 2698//2698 2699//2699 2828//2828
f 2698//2698 2828//2828 2827//2827
f 2699//2699 2700//2700 2829//2829
f 2699//2699 2829//2829 2828//2828
f 2700//2700 2701//2701 2830//2830
f 2700//2700 2830//2830 2829//2829
f 2701//2701 2702//2702 2831//2831
f 2701//2701 2831//2831 2830//2830
f 2702//2702 2703//2703 2832//2832
f 2702//2702 2832//2832 2831//2831
f 2703//2703 2704//2704 2833//2833
f 2703//2703 2833//2833 2832//2832
f 2704//2704 2705//2705 2834//2834
f 2704//2704 2834//2834 2833//2833
f 2705//2705 2706//2706 2835//2835
f 2705//2705 2835//2835 2834//2834
f 2706//2706 2707//2707 2836//2836
f 2706//2706 2836//2836 2835//2835
f 2707//2707 2708//2708 2837//2837
f 2707//2707 2837//2837 2836//2836
f 2708//2708 2709//2709 2838//2838
f 2708//2708 2838//2838 2837//2837
f 2711//2711 2710//2710 2839//2839
f 2711//2711 2839//2839 2840//2840
f 2710//2710 2712//2712 2841//2841
f 2710//2710 2841//2841 2839//2839
f 2712//2712 2713//2713 2842//2842
f 2712//2712 2842//2842 2841//2841
f 2713//2713 2714//2714 2843//2843
f 2713//2713 2843//2843 2842//2842
f 2714//2714 2715//2715 2844//2844
f 2714//2714 2844//2844 2843//2843
f 2715//2715 2716//2716 2845//2845
f 2715//2715 2845//2845 2844//2844
f 2716//2716 2717//2717 2846//2846
f 2716//2716 2846//2846 2845//2845
f 2717//2717 2718//2718 2847//2847
f 2717//2717 2847//2847 2846//2846
f 2718//2718 2719//2719 2848//2848
f 2718//2718 2848//2848 2847//2847
f 2719//2719 2720//2720 2849//2849
f 2719//2719 2849//2849 2848//2848
f 2720//2720 2721//2721 2850//2850
f 2720//2720 2850//2850 2849//2849
f 2721//2721 2722//2722 2851//2851
f 2721//2721 2851//2851 2850//2850
f 2722//2722 2723//2723 2852//2852
f 2722//2722 2852//2852 2851//2851
f 2723//2723 2724//2724 2853//2853
f 2723//2723 2853//2853 2852//2852
f 2724//2724 2725//2725 2854//2854
f 2724//2724 2854//2854 2853//2853
f 2725//2725 2726//2726 2855//2855
f 2725//2725 2855//2855 2854//2854
f 2726//2726 2727//2727 2856//2856
f 2726//2726 2856//2856 2855//2855
f 2727//2727 2728//2728 2857//2857
f 2727//2727 2857//2857 2856//2856
f 2728//2728 2729//2729 2858//2858
f 2728//2728 2858//2858 2857//2857
f 2729//2729 2730//2730 2859//2859
f 2729//2729 2859//2859 2858//2858
f 2730//2730 2731//2731 2860//2860
f 2730//2730 2860//2860 2859//2859
f 2731//2731 2732//2732 2861//2861
f 2731//2731 2861//2861 2860//2860
f 2732//2732 2733//2733 2862//2862
f 2732//2732 2862//2862 2861//2861
f 2733//2733 2734//2734 2863//2863
f 2733//2733 2863//2863 2862//2862
f 2734//2734 2735//2735 2864//2864
f 2734//2734 2864//2864 2863//2863
f 2735//2735 2736//2736 2865//2865
f 2735//2735 2865//2865 2864//2864
f 2736//2736 2737//2737 2866//2866
f 2736//2736 2866//2866 2865//2865
f 2737//2737 2738//2738 2867//2867
f 2737//2737 2867//2867 2866//2866
f 2738//2738 2739//2739 2868//2868
f 2738//2738 2868//2868 2867//2867
f 2739//2739 2740//2740 2869//2869
f 2739//2739 2869//2869 2868//2868
f 2740//2740 2741//2741 2870//2870
f 2740//2740 2870//2870 2869//2869
f 2741//2741 2742//2742 2871//2871
f 2741//2741 2871//2871 2870//2870
f 2742//2742 2743//2743 2872//2872
f 2742//2742 2872//2872 2871//2871
f 2743//2743 2744//2744 2873//2873
f 2743//2743 2873//2873 2872//2872
f 2744//2744 2745//2745 2874//2874
f 2744//2744 2874//2874 2873//2873
f 2745//2745 2746//2746 2875//2875
f 2745//2745 2875//2875 2874//2874
f 2746//2746 2747//2747 2876//2876
f 2746//2746 2876//2876 2875//2875
f 2747//2747 2748//2748 2877//2877
f 2747//2747 2877//2877 2876//2876
f 2748//2748 2749//2749 2878//2878
f 2748//2748 2878//2878 2877//2877
f 2749//2749 2750//2750 2879//2879
f 2749//2749 2879//2879 2878//2878
f 2750//2750 2751//2751 2880//2880
f 2750//2750 2880//2880 2879//2879
f 2751//2751 2752//2752 2881//2881
f 2751//2751 2881//2881 2880//2880
f 2752//2752 2753//2753 2882//2882
f 2752//2752 2882//2882 2881//2881
f 2753//2753 2754//2754 2883//2883
f 2753//2753 2883//2883 2882//2882
f 2754//2754 2755//2755 2884//2884
f 2754//2754 2884//2884 2883//2883
f 2755//2755 2756//2756 2885//2885
f 2755//2755 2885//2885 2884//2884
f 2756//2756 2757//2757 2886//2886
f 2756//2756 2886//2886 2885//2885
f 2757//2757 2758//2758 2887//2887
f 2757//2757 2887//2887 2886//2886
f 2758//2758 2759//2759 2888//2888
f 2758//2758 2888//2888 2887//2887
f 2759//2759 2760//2760 2889//2889
f 2759//2759 2889//2889 2888//2888
f 2760//2760 2761//2761 2890//2890
f 2760//2760 2890//2890 2889//2889
f 2761//2761 2762//2762 2891//2891
f 2761//2761 2891//2891 2890//2890
f 2762//2762 2763//2763 2892//2892
f 2762//2762 2892//2892 2891//2891
f 2763//2763 2764//2764 2893//2893
f 2763//2763 2893//2893 2892//2892
f 2764//2764 2765//2765 2894//2894
f 2764//2764 2894//2894 2893//2893
f 2765//2765 2766//2766 2895//2895
f 2765//2765 2895//2895 2894//2894
f 2766//2766 2767//2767 2896//2896
f 2766//2766 2896//2896 2895//2895
f 2767//2767 2768//2768 2897//2897
f 2767//2767 2897//2897 2896//2896
f 2768//2768 2769//2769 2898//2898
f 2768//2768 2898//2898 2897//2897
f 2769//2769 2770//2770 2899//2899
f 2769//2769 2899//2899 2898//2898
f 2770//2770 2771//2771 2900//2900
f 2770//2770 2900//2900 2899//2899
f 2771//2771 2772//2772 2901//2901
f 2771//2771 2901//2901 2900//2900
f 2772//2772 2773//2773 2902//2902
f 2772//2772 2902//2902 2901//2901
f 2773//2773 2774//2774 2903//2903
f 2773//2773 2903//2903 2902//2902
f 2774//2774 2775//2775 2904//2904
f 2774//2774 2904//2904 2903//2903
f 2775//2775 2776//2776 2905//2905
f 2775//2775 2905//2905 2904//2904
f 2776//2776 2777//2777 2906//2906
f 2776//2776 2906//2906 2905//2905
f 2777//2777 2778//2778 2907//2907
f 2777//2777 2907//2907 2906//2906
f 2778//2778 2779//2779 2908//2908
f 2778//2778 2908//2908 2907//2907
f 2779//2779 2780//2780 2909//2909
f 2779//2779 2909//2909 2908//2908
f 2780//2780 2781//2781 2910//2910
f 2780//2780 2910//2910 2909//2909
f 2781//2781 2782//2782 2911//2911
f 2781//2781 2911//2911 2910//2910
f 2782//2782 2783//2783 2912//2912
f 2782//2782 2912//2912 2911//2911
f 2783//2783 2784//2784 2913//2913
f 2783//2783 2913//2913 2912//2912
f 2784//2784 2785//2785 2914//2914
f 2784//2784 2914//2914 2913//2913
f 2785//2785 2786//2786 2915//2915
f 2785//2785 2915//2915 2914//2914
f 2786//2786 2787//2787 2916//2916
f 2786//2786 2916//2916 2915//2915
f 2787//2787 2788//2788 2917//2917
f 2787//2787 2917//2917 2916//2916
f 2788//2788 2789//2789 2918//2918
f 2788//2788 2918//2918 2917//2917
f 2789//2789 2790//2790 2919//2919
f 2789//2789 2919//2919 2918//2918
f 2790//2790 2791//2791 2920//2920
f 2790//2790 2920//2920 2919//2919
f 2791//2791 2792//2792 2921//2921
f 2791//2791 2921//2921 2920//2920
f 2792//2792 2793//2793 2922//2922
f 2792//2792 2922//2922 2921//2921
f 2793//2793 2794//2794 2923//2923
f 2793//2793 2923//2923 2922//2922
f 2794//2794 2795//2795 2924//2924
f 2794//2794 2924//2924 2923//2923
f 2795//2795 2796//2796 2925//2925
f 2795//2795 2925//2925 2924//2924
f 2796//2796 2797//2797 2926//2926
f 2796//2796 2926//2926 2925//2925
f 2797//2797 2798//2798 2927//2927
f 2797//2797 2927//2927 2926//2926
f 2798//2798 2799//2799 2928//2928
f 2798//2798 2928//2928 2927//2927
f 2799//2799 2800//2800 2929//2929
f 2799//2799 2929//2929 2928//2928
f 2800//2800 2801//2801 2930//2930
f 2800//2800 2930//2930 2929//2929
f 2801//2801 2802//2802 2931//2931
f 2801//2801 2931//2931 2930//2930
f 2802//2802 2803//2803 2932//2932
f 2802//2802 2932//2932 2931//2931
f 2803//2803 2804//2804 2933//2933
f 2803//2803 2933//2933 2932//2932
f 2804//2804 2805//2805 2934//2934
f 2804//2804 2934//2934 2933//2933
f 2805//2805 2806//2806 2935//2935
f 2805//2805 2935//2935 2934//2934
f 2806//2806 2807//2807 2936//2936
f 2806//2806 2936//2936 2935//2935
f 2807//2807 2808//2808 2937//2937
f 2807//2807 2937//2937 2936//2936
f 2808//2808 2809//2809 2938//2938
f 2808//2808 2938//2938 2937//2937
f 2809//2809 2810//2810 2939//2939
f 2809//2809 2939//2939 2938//2938
f 2810//2810 2811//2811 2940//2940
f 2810//2810 2940//2940 2939//2939
f 2811//2811 2812//2812 2941//2941
f 2811//2811 2941//2941 2940//2940
f 2812//2812 2813//2813 2942//2942
f 2812//2812 2942//2942 2941//2941
f 2813//2813 2814//2814 2943//2943
f 2813//2813 2943//2943 2942//2942
f 2814//2814 2815//2815 2944//2944
f 2814//2814 2944//2944 2943//2943
f 2815//2815 2816//2816 2945//2945
f 2815//2815 2945//2945 2944//2944
f 2816//2816 2817//2817 2946//2946
f 2816//2816 2946//2946 2945//2945
f 2817//2817 2818//2818 2947//2947
f 2817//2817 2947//2947 2946//2946
f 2818//2818 2819//2819 2948//2948
f 2818//2818 2948//2948 2947//2947
f 2819//2819 2820//2820 2949//2949
f 2819//2819 2949//2949 2948//2948
f 2820//2820 2821//2821 2950//2950
f 2820//2820 2950//2950 2949//2949
f 2821//2821 2822//2822 2951//2951
f 2821//2821 2951//2951 2950//2950
f 2822//2822 2823//2823 2952//2952
f 2822//2822 2952//2952 2951//2951
f 2823//2823 2824//2824 2953//2953
f 2823//2823 2953//2953 2952//2952
f 2824//2824 2825//2825 2954//2954
f 2824//2824 2954//2954 2953//2953
f 2825//2825 2826//2826 2955//2955
f 2825//2825 2955//2955 2954//2954
f 2826//2826 2827//2827 2956//2956
f 2826//2826 2956//2956 2955//2955
f 2827//2827 2828//2828 2957//2957
f 2827//2827 2957//2957 2956//2956
f 2828//2828 2829//2829 2958//2958
f 2828//2828 2958//2958 2957//2957
f 2829//2829 2830//2830 2959//2959
f 2829//2829 2959//2959 2958//2958
f 2830//2830 2831//2831 2960//2960
f 2830//2830 2960//2960 2959//2959
f 2831//2831 2832//2832 2961//2961
f 2831//2831 2961//2961 2960//2960
f 2832//2832 2833//2833 2962//2962
f 2832//2832 2962//2962 2961//2961
f 2833//2833 2834//2834 2963//2963
f 2833//2833 2963//2963 2962//2962
f 2834//2834 2835//2835 2964//2964
f 2834//2834 2964//2964 2963//2963
f 2835//2835 2836//2836 2965//2965
f 2835//2835 2965//2965 2964//2964
f 2836//2836 2837//2837 2966//2966
f 2836//2836 2966//2966 2965//2965
f 2837//2837 2838//2838 2967//2967
f 2837//2837 2967//2967 2966//2966
f 2840//2840 2839//2839 2968//2968
f 2840//2840 2968//2968 2969//2969
f 2839//2839 2841//2841 2970//2970
f 2839//2839 2970//2970 2968//2968
f 2841//2841 2842//2842 2971//2971
f 2841//2841 2971//2971 2970//2970
f 2842//2842 2843//2843 2972//2972
f 2842//2842 2972//2972 2971//2971
f 2843//2843 2844//2844 2973//2973
f 2843//2843 2973//2973 2972//2972
f 2844//2844 2845//2845 2974//2974
f 2844//2844 2974//2974 2973//2973
f 2845//2845 2846//2846 2975//2975
f 2845//2845 2975//2975 2974//2974
f 2846//2846 2847//2847 2976//2976
f 2846//2846 2976//2976 2975//2975
f 2847//2847 2848//2848 2977//2977
f 2847//2847 2977//2977 2976//2976
f 2848//2848 2849//2849 2978//2978
f 2848//2848 2978//2978 2977//2977
f 2849//2849 2850//2850 2979//2979
f 2849//2849 2979//2979 2978//2978
f 2850//2850 2851//2851 2980//2980
f 2850//2850 2980//2980 2979//2979
f 2851//2851 2852//2852 2981//2981
f 2851//2851 2981//2981 2980//2980
f 2852//2852 2853//2853 2982//2982
f 2852//2852 2982//2982 2981//2981
f 2853//2853 2854//2854 2983//2983
f 2853//2853 2983//2983 2982//2982
f 2854//2854 2855//2855 2984//2984
f 2854//2854 2984//2984 2983//2983
f 2855//2855 2856//2856 2985//2985
f 2855//2855 2985//2985 2984//2984
f 2856//2856 2857//2857 2986//2986
f 2856//2856 2986//2986 2985//2985
f 2857//2857 2858//2858 2987//2987
f 2857//2857 2987//2987 2986//2986
f 2858//2858 2859//2859 2988//2988
f 2858//2858 2988//2988 2987//2987
f 2859//2859 2860//2860 2989//2989
f 2859//2859 2989//2989 2988//2988
f 2860//2860 2861//2861 2990//2990
f 2860//2860 2990//2990 2989//2989
f 2861//2861 2862//2862 2991//2991
f 2861//2861 2991//2991 2990//2990
f 2862//2862 2863//2863 2992//2992
f 2862//2862 2992//2992 2991//2991
f 2863//2863 2864//2864 2993//2993
f 2863//2863 2993//2993 2992//2992
f 2864//2864 2865//2865 2994//2994
f 2864//2864 2994//2994 2993//2993
f 2865//2865 2866//2866 2995//2995
f 2865//2865 2995//2995 2994//2994
f 2866//2866 2867//2867 2996//2996
f 2866//2866 2996//2996 2995//2995
f 2867//2867 2868//2868 2997//2997
f 2867//2867 2997//2997 2996//2996
f 2868//2868 2869//2869 2998//2998
f 2868//2868 2998//2998 2997//2997
f 2869//2869 2870//2870 2999//2999
f 2869//2869 2999//2999 2998//2998
f 2870//2870 2871//2871 3000//3000
f 2870//2870 3000//3000 2999//2999
f 2871//2871 2872//2872 3001//3001
f 2871//2871 3001//3001 3000//3000
f 2872//2872 2873//2873 3002//3002
f 2872//2872 3002//3002 3001//3001
f 2873//2873 2874//2874 3003//3003
f 2873//2873 3003//3003 3002//3002
f 2874//2874 2875//2875 3004//3004
f 2874//2874 3004//3004 3003//3003
f 2875//2875 2876//2876 3005//3005
f 2875//2875 3005//3005 3004//3004
f 2876//2876 2877//2877 3006//3006
f 2876//2876 3006//3006 3005//3005
f 2877//2877 2878//2878 3007//3007
f 2877//2877 3007//3007 3006//3006
f 2878//2878 2879//2879 3008//3008
f 2878//2878 3008//3008 3007//3007
f 2879//2879 2880//2880 3009//3009
f 2879//2879 3009//3009 3008//3008
f 2880//2880 2881//2881 3010//3010
f 2880//2880 3010//3010 3009//3009
f 2881//2881 2882//2882 3011//3011
f 2881//2881 3011//3011 3010//3010
f 2882//2882 2883//2883 3012//3012
f 2882//2882 3012//3012 3011//3011
f 2883//2883 2884//2884 3013//3013
f 2883//2883 3013//3013 3012//3012
f 2884//2884 2885//2885 3014//3014
f 2884//2884 3014//3014 3013//3013
f 2885//2885 2886//2886 3015//3015
f 2885//2885 3015//3015 3014//3014
f 2886//2886 2887//2887 3016//3016
f 2886//2886 3016//3016 3015//3015
f 2887//2887 2888//2888 3017//3017
f 2887//2887 3017//3017 3016//3016
f 2888//2888 2889//2889 3018//3018
f 2888//2888 3018//3018 3017//3017
f 2889//2889 2890//2890 3019//3019
f 2889//2889 3019//3019 3018//3018
f 2890//2890 2891//2891 3020//3020
f 2890//2890 3020//3020 3019//3019
f 2891//2891 2892//2892 3021//3021
f 2891//2891 3021//3021 3020//3020
f 2892//2892 2893//2893 3022//3022
f 2892//2892 3022//3022 3021//3021
f 2893//2893 2894//2894 3023//3023
f 2893//2893 3023//3023 3022//3022
f 2894//2894 2895//2895 3024//3024
f 2894//2894 3024//3024 3023//3023
f 2895//2895 2896//2896 3025//3025
f 2895//2895 3025//3025 3024//3024
f 2896//2896 2897//2897 3026//3026
f 2896//2896 3026//3026 3025//3025
f 2897//2897 2898//2898 3027//3027
f 2897//2897 3027//3027 3026//3026
f 2898//2898 2899//2899 3028//3028
f 2898//2898 3028//3028 3027//3027
f 2899//2899 2900//2900 3029//3029
f 2899//2899 3029//3029 3028//3028
f 2900//2900 2901//2901 3030//3030
f 2900//2900 3030//3030 3029//3029
f 2901//2901 2902//2902 3031//3031
f 2901//2901 3031//3031 3030//3030
f 2902//2902 2903//2903 3032//3032
f 2902//2902 3032//3032 3031//3031
f 2903//2903 2904//2904 3033//3033
f 2903//2903 3033//3033 3032//3032
f 2904//2904 2905//2905 3034//3034
f 2904//2904 3034//3034 3033//3033
f 2905//2905 2906//2906 3035//3035
f 2905//2905 3035//3035 3034//3034
f 2906//2906 2907//2907 3036//3036
f 2906//2906 3036//3036 3035//3035
f 2907//2907 2908//2908 3037//3037
f 2907//2907 3037//3037 3036//3036
f 2908//2908 2909//2909 3038//3038
f 2908//2908 3038//3038 3037//3037
f 2909//2909 2910//2910 3039//3039
f 2909//2909 3039//3039 3038//3038
f 2910//2910 2911//2911 3040//3040
f 2910//2910 3040//3040 3039//3039
f 2911//2911 2912//2912 3041//3041
f 2911//2911 3041//3041 3040//3040
f 2912//2912 2913//2913 3042//3042
f 2912//2912 3042//3042 3041//3041
f 2913//2913 2914//2914 3043//3043
f 2913//2913 3043//3043 3042//3042
f 2914//2914 2915//2915 3044//3044
f 2914//2914 3044//3044 3043//3043
f 2915//2915 2916//2916 3045//3045
f 2915//2915 3045//3045 3044//3044
f 2916//2916 2917//2917 3046//3046
f 2916//2916 3046//3046 3045//3045
f 2917//2917 2918//2918 3047//3047
f 2917//2917 3047//3047 3046//3046
f 2918//2918 2919//2919 3048//3048
f 2918//2918 3048//3048 3047//3047
f 2919//2919 2920//2920 3049//3049
f 2919//2919 3049//3049 3048//3048
f 2920//2920 2921//2921 3050//3050
f 2920//2920 3050//3050 3049//3049
f 2921//2921 2922//2922 3051//3051
f 2921//2921 3051//3051 3050//3050
f 2922//2922 2923//2923 3052//3052
f 2922//2922 3052//3052 3051//3051
f 2923//2923 2924//2924 3053//3053
f 2923//2923 3053//3053 3052//3052
f 2924//2924 2925//2925 3054//3054
f 2924//2924 3054//3054 3053//3053
f 2925//2925 2926//2926 3055//3055
f 2925//2925 3055//3055 3054//3054
f 2926//2926 2927//2927 3056//3056
f 2926//2926 3056//3056 3055//3055
f 2927//2927 2928//2928 3057//3057
f 2927//2927 3057//3057 3056//3056
f 2928//2928 2929//2929 3058//3058
f 2928//2928 3058//3058 3057//3057
f 2929//2929 2930//2930 3059//3059
f 2929//2929 3059//3059 3058//3058
f 2930//2930 2931//2931 3060//3060
f 2930//2930 3060//3060 3059//3059
f 2931//2931 2932//2932 3061//3061
f 2931//2931 3061//3061 3060//3060
f 2932//2932 2933//2933 3062//3062
f 2932//2932 3062//3062 3061//3061
f 2933//2933 2934//2934 3063//3063
f 2933//2933 3063//3063 3062//3062
f 2934//2934 2935//2935 3064//3064
f 2934//2934 3064//3064 3063//3063
f 2935//2935 2936//2936 3065//3065
f 2935//2935 3065//3065 3064//3064
f 2936//2936 2937//2937 3066//3066
f 2936//2936 3066//3066 3065//3065
f 2937//2937 2938//2938 3067//3067
f 2937//2937 3067//3067 3066//3066
f 2938//2938 2939//2939 3068//3068
f 2938//2938 3068//3068 3067//3067
f 2939//2939 2940//2940 3069//3069
f 2939//2939 3069//3069 3068//3068
f 2940//2940 2941//2941 3070//3070
f 2940//2940 3070//3070 3069//3069
f 2941//2941 2942//2942 3071//3071
f 2941//2941 3071//3071 3070//3070
f 2942//2942 2943//2943 3072//3072
f 2942//2942 3072//3072 3071//3071
f 2943//2943 2944//2944 3073//3073
f 2943//2943 3073//3073 3072//3072
f 2944//2944 2945//2945 3074//3074
f 2944//2944 3074//3074 3073//3073
f 2945//2945 2946//2946 3075//3075
f 2945//2945 3075//3075 3074//3074
f 2946//2946 2947//2947 3076//3076
f 2946//2946 3076//3076 3075//3075
f 2947//2947 2948//2948 3077//3077
f 2947//2947 3077//3077 3076//3076
f 2948//2948 2949//2949 3078//3078
f 2948//2948 3078//3078 3077//3077
f 2949//2949 2950//2950 3079//3079
f 2949//2949 3079//3079 3078//3078
f 2950//2950 2951//2951 3080//3080
f 2950//2950 3080//3080 3079//3079
f 2951//2951 2952//2952 3081//3081
f 2951//2951 3081//3081 3080//3080
f 2952//2952 2953//2953 3082//3082
f 2952//2952 3082//3082 3081//3081
f 2953//2953 2954//2954 3083//3083
f 2953//2953 3083//3083 3082//3082
f 2954//2954 2955//2955 3084//3084
f 2954//2954 3084//3084 3083//3083
f 2955//2955 2956//2956 3085//3085
f 2955//2955 3085//3085 3084//3084
f 2956//2956 2957//2957 3086//3086
f 2956//2956 3086//3086 3085//3085
f 2957//2957 2958//2958 3087//3087
f 2957//2957 3087//3087 3086//3086
f 2958//2958 2959//2959 3088//3088
f 2958//2958 3088//3088 3087//3087
f 2959//2959 2960//2960 3089//3089
f 2959//2959 3089//3089 3088//3088
f 2960//2960 2961//2961 3090//3090
f 2960//2960 3090//3090 3089//3089
f 2961//2961 2962//2962 3091//3091
f 2961//2961 3091//3091 3090//3090
f 2962//2962 2963//2963 3092//3092
f 2962//2962 3092//3092 3091//3091
f 2963//2963 2964//2964 3093//3093
f 2963//2963 3093//3093 3092//3092
f 2964//2964 2965//2965 3094//3094
f 2964//2964 3094//3094 3093//3093
f 2965//2965 2966//2966 3095//3095
f 2965//2965 3095//3095 3094//3094
f 2966//2966 2967//2967 3096//3096
f 2966//2966 3096//3096 3095//3095
f 2969//2969 2968//2968 3097//3097
f 2969//2969 3097//3097 3098//3098
f 2968//2968 2970//2970 3099//3099
f 2968//2968 3099//3099 3097//3097
f 2970//2970 2971//2971 3100//3100
f 2970//2970 3100//3100 3099//3099
f 2971//2971 2972//2972 3101//3101
f 2971//2971 3101//3101 3100//3100
f 2972//2972 2973//2973 3102//3102
f 2972//2972 3102//3102 3101//3101
f 2973//2973 2974//2974 3103//3103
f 2973//2973 3103//3103 3102//3102
f 2974//2974 2975//2975 3104//3104
f 2974//2974 3104//3104 3103//3103
f 2975//2975 2976//2976 3105//3105
f 2975//2975 3105//3105 3104//3104
f 2976//2976 2977//2977 3106//3106
f 2976//2976 3106//3106 3105//3105
f 2977//2977 2978//2978 3107//3107
f 2977//2977 3107//3107 3106//3106
f 2978//2978 2979//2979 3108//3108
f 2978//2978 3108//3108 3107//3107
f 2979//2979 2980//2980 3109//3109
f 2979//2979 3109//3109 3108//3108
f 2980//2980 2981//2981 3110//3110
f 2980//2980 3110//3110 3109//3109
f 2981//2981 2982//2982 3111//3111
f 2981//2981 3111//3111 3110//3110
f 2982//2982 2983//2983 3112//3112
f 2982//2982 3112//3112 3111//3111
f 2983//2983 2984//2984 3113//3113
f 2983//2983 3113//3113 3112//3112
f 2984//2984 2985//2985 3114//3114
f 2984//2984 3114//3114 3113//3113
f 2985//2985 2986//2986 3115//3115
f 2985//2985 3115//3115 3114//3114
f 2986//2986 2987//2987 3116//3116
f 2986//2986 3116//3116 3115//3115
f 2987//2987 2988//2988 3117//3117
f 2987//2987 3117//3117 3116//3116
f 2988//2988 2989//2989 3118//3118
f 2988//2988 3118//3118 3117//3117
f 2989//2989 2990//2990 3119//3119
f 2989//2989 3119//3119 3118//3118
f 2990//2990 2991//2991 3120//3120
f 2990//2990 3120//3120 3119//3119
f 2991//2991 2992//2992 3121//3121
f 2991//2991 3121//3121 3120//3120
f 2992//2992 2993//2993 3122//3122
f 2992//2992 3122//3122 3121//3121
f 2993//2993 2994//2994 3123//3123
f 2993//2993 3123//3123 3122//3122
f 2994//2994 2995//2995 3124//3124
f 2994//2994 3124//3124 3123//3123
f 2995//2995 2996//2996 3125//3125
f 2995//2995 3125//3125 3124//3124
f 2996//2996 2997//2997 3126//3126
f 2996//2996 3126//3126 3125//3125
f 2997//2997 2998//2998 3127//3127
f 2997//2997 3127//3127 3126//3126
f 2998//2998 2999//2999 3128//3128
f 2998//2998 3128//3128 3127//3127
f 2999//2999 3000//3000 3129//3129
f 2999//2999 3129//3129 3128//3128
f 3000//3000 3001//3001 3130//3130
f 3000//3000 3130//3130 3129//3129
f 3001//3001 3002//3002 3131//3131
f 3001//3001 3131//3131 3130//3130
f 3002//3002 3003//3003 3132//3132
f 3002//3002 3132//3132 3131//3131
f 3003//3003 3004//3004 3133//3133
f 3003//3003 3133//3133 3132//3132
f 3004//3004 3005//3005 3134//3134
f 3004//3004 3134//3134 3133//3133
f 3005//3005 3006//3006 3135//3135
f 3005//3005 3135//3135 3134//3134
f 3006//3006 3007//3007 3136//3136
f 3006//3006 3136//3136 3135//3135
f 3007//3007 3008//3008 3137//3137
f 3007//3007 3137//3137 3136//3136
f 3008//3008 3009//3009 3138//3138
f 3008//3008 3138//3138 3137//3137
f 3009//3009 3010//3010 3139//3139
f 3009//3009 3139//3139 3138//3138
f 3010//3010 3011//3011 3140//3140
f 3010//3010 3140//3140 3139//3139
f 3011//3011 3012//3012 3141//3141
f 3011//3011 3141//3141 3140//3140
f 3012//3012 3013//3013 3142//3142
f 3012//3012 3142//3142 3141//3141
f 3013//3013 3014//3014 3143//3143
f 3013//3013 3143//3143 3142//3142
f 3014//3014 3015//3015 3144//3144
f 3014//3014 3144//3144 3143//3143
f 3015//3015 3016//3016 3145//3145
f 3015//3015 3145//3145 3144//3144
f 3016//3016 3017//3017 3146//3146
f 3016//3016 3146//3146 3145//3145
f 3017//3017 3018//3018 3147//3147
f 3017//3017 3147//3147 3146//3146
f 3018//3018 3019//3019 3148//3148
f 3018//3018 3148//3148 3147//3147
f 3019//3019 3020//3020 3149//3149
f 3019//3019 3149//3149 3148//3148
f 3020//3020 3021//3021 3150//3150
f 3020//3020 3150//3150 3149//3149
f 3021//3021 3022//3022 3151//3151
f 3021//3021 3151//3151 3150//3150
f 3022//3022 3023//3023 3152//3152
f 3022//3022 3152//3152 3151//3151
f 3023//3023 3024//3024 3153//3153
f 3023//3023 3153//3153 3152//3152
f 3024//3024 3025//3025 3154//3154
f 3024//3024 3154//3154 3153//3153
f 3025//3025 3026//3026 3155//3155
f 3025//3025 3155//3155 3154//3154
f 3026//3026 3027//3027 3156//3156
f 3026//3026 3156//3156 3155//3155
f 3027//3027 3028//3028 3157//3157
f 3027//3027 3157//3157 3156//3156
f 3028//3028 3029//3029 3158//3158
f 3028//3028 3158//3158 3157//3157
f 3029//3029 3030//3030 3159//3159
f 3029//3029 3159//3159 3158//3158
f 3030//3030 3031//3031 3160//3160
f 3030//3030 3160//3160 3159//3159
f 3031//3031 3032//3032 3161//3161
f 3031//3031 3161//3161 3160//3160
f 3032//3032 3033//3033 3162//3162
f 3032//3032 3162//3162 3161//3161
f 3033//3033 3034//3034 3163//3163
f 3033//3033 3163//3163 3162//3162
f 3034//3034 3035//3035 3164//3164
f 3034//3034 3164//3164 3163//3163
f 3035//3035 3036//3036 3165//3165
f 3035//3035 3165//3165 3164//3164
f 3036//3036 3037//3037 3166//3166
f 3036//3036 3166//3166 3165//3165
f 3037//3037 3038//3038 3167//3167
f 3037//3037 3167//3167 3166//3166
f 3038//3038 3039//3039 3168//3168
f 3038//3038 3168//3168 3167//3167
f 3039//3039 3040//3040 3169//3169
f 3039//3039 3169//3169 3168//3168
f 3040//3040 3041//3041 3170//3170
f 3040//3040 3170//3170 3169//3169
f 3041//3041 3042//3042 3171//3171
f 3041//3041 3171//3171 3170//3170
f 3042//3042 3043//3043 3172//3172
f 3042//3042 3172//3172 3171//3171
f 3043//3043 3044//3044 3173//3173
f 3043//3043 3173//3173 3172//3172
f 3044//3044 3045//3045 3174//3174
f 3044//3044 3174//3174 3173//3173
f 3045//3045 3046//3046 3175//3175
f 3045//3045 3175//3175 3174//3174
f 3046//3046 3047//3047 3176//3176
f 3046//3046 3176//3176 3175//3175
f 3047//3047 3048//3048 3177//3177
f 3047//3047 3177//3177 3176//3176
f 3048//3048 3049//3049 3178//3178
f 3048//3048 3178//3178 3177//3177
f 3049//3049 3050//3050 3179//3179
f 3049//3049 3179//3179 3178//3178
f 3050//3050 3051//3051 3180//3180
f 3050//3050 3180//3180 3179//3179
f 3051//3051 3052//3052 3181//3181
f 3051//3051 3181//3181 3180//3180
f 3052//3052 3053//3053 3182//3182
f 3052//3052 3182//3182 3181//3181
f 3053//3053 3054//3054 3183//3183
f 3053//3053 3183//3183 3182//3182
f 3054//3054 3055//3055 3184//3184
f 3054//3054 3184//3184 3183//3183
f 3055//3055 3056//3056 3185//3185
f 3055//3055 3185//3185 3184//3184
f 3056//3056 3057//3057 3186//3186
f 3056//3056 3186//3186 3185//3185
f 3057//3057 3058//3058 3187//3187
f 3057//3057 3187//3187 3186//3186
f 3058//3058 3059//3059 3188//3188
f 3058//3058 3188//3188 3187//3187
f 3059//3059 3060//3060 3189//3189
f 3059//3059 3189//3189 3188//3188
f 3060//3060 3061//3061 3190//3190
f 3060//3060 3190//3190 3189//3189
f 3061//3061 3062//3062 3191//3191
f 3061//3061 3191//3191 3190//3190
f 3062//3062 3063//3063 3192//3192
f 3062//3062 3192//3192 3191//3191
f 3063//3063 3064//3064 3193//3193
f 3063//3063 3193//3193 3192//3192
f 3064//3064 3065//3065 3194//3194
f 3064//3064 3194//3194 3193//3193
f 3065//3065 3066//3066 3195//3195
f 3065//3065 3195//3195 3194//3194
f 3066//3066 3067//3067 3196//3196
f 3066//3066 3196//3196 3195//3195
f 3067//3067 3068//3068 3197//3197
f 3067//3067 3197//3197 3196//3196
f 3068//3068 3069//3069 3198//3198
f 3068//3068 3198//3198 3197//3197
f 3069//3069 3070//3070 3199//3199
f 3069//3069 3199//3199 3198//3198
f 3070//3070 3071//3071 3200//3200
f 3070//3070 3200//3200 3199//3199
f 3071//3071 3072//3072 3201//3201
f 3071//3071 3201//3201 3200//3200
f 3072//3072 3073//3073 3202//3202
f 3072//3072 3202//3202 3201//3201
f 3073//3073 3074//3074 3203//3203
f 3073//3073 3203//3203 3202//3202
f 3074//3074 3075//3075 3204//3204
f 3074//3074 3204//3204 3203//3203
f 3075//3075 3076//3076 3205//3205
f 3075//3075 3205//3205 3204//3204
f 3076//3076 3077//3077 3206//3206
f 3076//3076 3206//3206 3205//3205
f 3077//3077 3078//3078 3207//3207
f 3077//3077 3207//3207 3206//3206
f 3078//3078 3079//3079 3208//3208
f 3078//3078 3208//3208 3207//3207
f 3079//3079 3080//3080 3209//3209
f 3079//3079 3209//3209 3208//3208
f 3080//3080 3081//3081 3210//3210
f 3080//3080 3210//3210 3209//3209
f 3081//3081 3082//3082 3211//3211
f 3081//3081 3211//3211 3210//3210
f 3082//3082 3083//3083 3212//3212
f 3082//3082 3212//3212 3211//3211
f 3083//3083 3084//3084 3213//3213
f 3083//3083 3213//3213 3212//3212
f 3084//3084 3085//3085 3214//3214
f 3084//3084 3214//3214 3213//3213
f 3085//3085 3086//3086 3215//3215
f 3085//3085 3215//3215 3214//3214
f 3086//3086 3087//3087 3216//3216
f 3086//3086 3216//3216 3215//3215
f 3087//3087 3088//3088 3217//3217
f 3087//3087 3217//3217 3216//3216
f 3088//3088 3089//3089 3218//3218
f 3088//3088 3218//3218 3217//3217
f 3089//3089 3090//3090 3219//3219
f 3089//3089 3219//3219 3218//3218
f 3090//3090 3091//3091 3220//3220
f 3090//3090 3220//3220 3219//3219
f 3091//3091 3092//3092 3221//3221
f 3091//3091 3221//3221 3220//3220
f 3092//3092 3093//3093 3222//3222
f 3092//3092 3222//3222 3221//3221
f 3093//3093 3094//3094 3223//3223
f 3093//3093 3223//3223 3222//3222
f 3094//3094 3095//3095 3224//3224
f 3094//3094 3224//3224 3223//3223
f 3095//3095 3096//3096 3225//3225
f 3095//3095 3225//3225 3224//3224
f 3098//3098 3097//3097 3226//3226
f 3098//3098 3226//3226 3227//3227
f 3097//3097 3099//3099 3228//3228
f 3097//3097 3228//3228 3226//3226
f 3099//3099 3100//3100 3229//3229
f 3099//3099 3229//3229 3228//3228
f 3100//3100 3101//3101 3230//3230
f 3100//3100 3230//3230 3229//3229
f 3101//3101 3102//3102 3231//3231
f 3101//3101 3231//3231 3230//3230
f 3102//3102 3103//3103 3232//3232
f 3102//3102 3232//3232 3231//3231
f 3103//3103 3104//3104 3233//3233
f 3103//3103 3233//3233 3232//3232
f 3104//3104 3105//3105 3234//3234
f 3104//3104 3234//3234 3233//3233
f 3105//3105 3106//3106 3235//3235
f 3105//3105 3235//3235 3234//3234
f 3106//3106 3107//3107 3236//3236
f 3106//3106 3236//3236 3235//3235
f 3107//3107 3108//3108 3237//3237
f 3107//3107 3237//3237 3236//3236
f 3108//3108 3109//3109 3238//3238
f 3108//3108 3238//3238 3237//3237
f 3109//3109 3110//3110 3239//3239
f 3109//3109 3239//3239 3238//3238
f 3110//3110 3111//3111 3240//3240
f 3110//3110 3240//3240 3239//3239
f 3111//3111 3112//3112 3241//3241
f 3111//3111 3241//3241 3240//3240
f 3112//3112 3113//3113 3242//3242
f 3112//3112 3242//3242 3241//3241
f 3113//3113 3114//3114 3243//3243
f 3113//3113 3243//3243 3242//3242
f 3114//3114 3115//3115 3244//3244
f 3114//3114 3244//3244 3243//3243
f 3115//3115 3116//3116 3245//3245
f 3115//3115 3245//3245 3244//3244
f 3116//3116 3117//3117 3246//3246
f 3116//3116 3246//3246 3245//3245
f 3117//3117 3118//3118 3247//3247
f 3117//3117 3247//3247 3246//3246
f 3118//3118 3119//3119 3248//3248
f 3118//3118 3248//3248 3247//3247
f 3119//3119 3120//3120 3249//3249
f 3119//3119 3249//3249 3248//3248
f 3120//3120 3121//3121 3250//3250
f 3120//3120 3250//3250 3249//3249
f 3121//3121 3122//3122 3251//3251
f 3121//3121 3251//3251 3250//3250
f 3122//3122 3123//3123 3252//3252
f 3122//3122 3252//3252 3251//3251
f 3123//3123 3124//3124 3253//3253
f 3123//3123 3253//3253 3252//3252
f 3124//3124 3125//3125 3254//3254
f 3124//3124 3254//3254 3253//3253
f 3125//3125 3126//3126 3255//3255
f 3125//3125 3255//3255 3254//3254
f 3126//3126 3127//3127 3256//3256
f 3126//3126 3256//3256 3255//3255
f 3127//3127 3128//3128 3257//3257
f 3127//3127 3257//3257 3256//3256
f 3128//3128 3129//3129 3258//3258
f 3128//3128 3258//3258 3257//3257
f 3129//3129 3130//3130 3259//3259
f 3129//3129 3259//3259 3258//3258
f 3130//3130 3131//3131 3260//3260
f 3130//3130 3260//3260 3259//3259
f 3131//3131 3132//3132 3261//3261
f 3131//3131 3261//3261 3260//3260
f 3132//3132 3133//3133 3262//3262
f 3132//3132 3262//3262 3261//3261
f 3133//3133 3134//3134 3263//3263
f 3133//3133 3263//3263 3262//3262
f 3134//3134 3135//3135 3264//3264
f 3134//3134 3264//3264 3263//3263
f 3135//3135 3136//3136 3265//3265
f 3135//3135 3265//3265 3264//3264
f 3136//3136 3137//3137 3266//3266
f 3136//3136 3266//3266 3265//3265
f 3137//3137 3138//3138 3267//3267
f 3137//3137 3267//3267 3266//3266
f 3138//3138 3139//3139 3268//3268
f 3138//3138 3268//3268 3267//3267
f 3139//3139 3140//3140 3269//3269
f 3139//3139 3269//3269 3268//3268
f 3140//3140 3141//3141 3270//3270
f 3140//3140 3270//3270 3269//3269
f 3141//3141 3142//3142 3271//3271
f 3141//3141 3271//3271 3270//3270
f 3142//3142 3143//3143 3272//3272
f 3142//3142 3272//3272 3271//3271
f 3143//3143 3144//3144 3273//3273
f 3143//3143 3273//3273 3272//3272
f 3144//3144 3145//3145 3274//3274
f 3144//3144 3274//3274 3273//3273
f 3145//3145 3146//3146 3275//3275
f 3145//3145 3275//3275 3274//3274
f 3146//3146 3147//3147 3276//3276
f 3146//3146 3276//3276 3275//3275
f 3147//3147 3148//3148 3277//3277
f 3147//3147 3277//3277 3276//3276
f 3148//3148 3149//3149 3278//3278
f 3148//3148 3278//3278 3277//3277
f 3149//3149 3150//3150 3279//3279
f 3149//3149 3279//3279 3278//3278
f 3150//3150 3151//3151 3280//3280
f 3150//3150 3280//3280 3279//3279
f 3151//3151 3152//3152 3281//3281
f 3151//3151 3281//3281 3280//3280
f 3152//3152 3153//3153 3282//3282
f 3152//3152 3282//3282 3281//3281
f 3153//3153 3154//3154 3283//3283
f 3153//3153 3283//3283 3282//3282
f 3154//3154 3155//3155 3284//3284
f 3154//3154 3284//3284 3283//3283
f 3155//3155 3156//3156 3285//3285
f 3155//3155 3285//3285 3284//3284
f 3156//3156 3157//3157 3286//3286
f 3156//3156 3286//3286 3285//3285
f 3157//3157 3158//3158 3287//3287
f 3157//3157 3287//3287 3286//3286
f 3158//3158 3159//3159 3288//3288
f 3158//3158 3288//3288 3287//3287
f 3159//3159 3160//3160 3289//3289
f 3159//3159 3289//3289 3288//3288
f 3160//3160 3161//3161 3290//3290
f 3160//3160 3290//3290 3289//3289
f 3161//3161 3162//3162 3291//3291
f 3161//3161 3291//3291 3290//3290
f 3162//3162 3163//3163 3292//3292
f 3162//3162 3292//3292 3291//3291
f 3163//3163 3164//3164 3293//3293
f 3163//3163 3293//3293 3292//3292
f 3164//3164 3165//3165 3294//3294
f 3164//3164 3294//3294 3293//3293
f 3165//3165 3166//3166 3295//3295
f 3165//3165 3295//3295 3294//3294
f 3166//3166 3167//3167 3296//3296
f 3166//3166 3296//3296 3295//3295
f 3167//3167 3168//3168 3297//3297
f 3167//3167 3297//3297 3296//3296
f 3168//3168 3169//3169 3298//3298
f 3168//3168 3298//3298 3297//3297
f 3169//3169 3170//3170 3299//3299
f 3169//3169 3299//3299 3298//3298
f 3170//3170 3171//3171 3300//3300
f 3170//3170 3300//3300 3299//3299
f 3171//3171 3172//3172 3301//3301
f 3171//3171 3301//3301 3300//3300
f 3172//3172 3173//3173 3302//3302
f 3172//3172 3302//3302 3301//3301
f 3173//3173 3174//3174 3303//3303
f 3173//3173 3303//3303 3302//3302
f 3174//3174 3175//3175 3304//3304
f 3174//3174 3304//3304 3303//3303
f 3175//3175 3176//3176 3305//3305
f 3175//3175 3305//3305 3304//3304
f 3176//3176 3177//3177 3306//3306
f 3176//3176 3306//3306 3305//3305
f 3177//3177 3178//3178 3307//3307
f 3177//3177 3307//3307 3306//3306
f 3178//3178 3179//3179 3308//3308
f 3178//3178 3308//3308 3307//3307
f 3179//3179 3180//3180 3309//3309
f 3179//3179 3309//3309 3308//3308
f 3180//3180 3181//3181 3310//3310
f 3180//3180 3310//3310 3309//3309
f 3181//3181 3182//3182 3311//3311
f 3181//3181 3311//3311 3310//3310
f 3182//3182 3183//3183 3312//3312
f 3182//3182 3312//3312 3311//3311
f 3183//3183 3184//3184 3313//3313
f 3183//3183 3313//3313 3312//3312
f 3184//3184 3185//3185 3314//3314
f 3184//3184 3314//3314 3313//3313
f 3185//3185 3186//3186 3315//3315
f 3185//3185 3315//3315 3314//3314
f 3186//3186 3187//3187 3316//3316
f 3186//3186 3316//3316 3315//3315
f 3187//3187 3188//3188 3317//3317
f 3187//3187 3317//3317 3316//3316
f 3188//3188 3189//3189 3318//3318
f 3188//3188 3318//3318 3317//3317
f 3189//3189 3190//3190 3319//3319
f 3189//3189 3319//3319 3318//3318
f 3190//3190 3191//3191 3320//3320
f 3190//3190 3320//3320 3319//3319
f 3191//3191 3192//3192 3321//3321
f 3191//3191 3321//3321 3320//3320
f 3192//3192 3193//3193 3322//3322
f 3192//3192 3322//3322 3321//3321
f 3193//3193 3194//3194 3323//3323
f 3193//3193 3323//3323 3322//3322
f 3194//3194 3195//3195 3324//3324
f 3194//3194 3324//3324 3323//3323
f 3195//3195 3196//3196 3325//3325
f 3195//3195 3325//3325 3324//3324
f 3196//3196 3197//3197 3326//3326
f 3196//3196 3326//3326 3325//3325
f 3197//3197 3198//3198 3327//3327
f 3197//3197 3327//3327 3326//3326
f 3198//3198 3199//3199 3328//3328
f 3198//3198 3328//3328 3327//3327
f 3199//3199 3200//3200 3329//3329
f 3199//3199 3329//3329 3328//3328
f 3200//3200 3201//3201 3330//3330
f 3200//3200 3330//3330 3329//3329
f 3201//3201 3202//3202 3331//3331
f 3201//3201 3331//3331 3330//3330
f 3202//3202 3203//3203 3332//3332
f 3202//3202 3332//3332 3331//3331
f 3203//3203 3204//3204 3333//3333
f 3203//3203 3333//3333 3332//3332
f 3204//3204 3205//3205 3334//3334
f 3204//3204 3334//3334 3333//3333
f 3205//3205 3206//3206 3335//3335
f 3205//3205 3335//3335 3334//3334
f 3206//3206 3207//3207 3336//3336
f 3206//3206 3336//3336 3335//3335
f 3207//3207 3208//3208 3337//3337
f 3207//3207 3337//3337 3336//3336
f 3208//3208 3209//3209 3338//3338
f 3208//3208 3338//3338 3337//3337
f 3209//3209 3210//3210 3339//3339
f 3209//3209 3339//3339 3338//3338
f 3210//3210 3211//3211 3340//3340
f 3210//3210 3340//3340 3339//3339
f 3211//3211 3212//3212 3341//3341
f 3211//3211 3341//3341 3340//3340
f 3212//3212 3213//3213 3342//3342
f 3212//3212 3342//3342 3341//3341
f 3213//3213 3214//3214 3343//3343
f 3213//3213 3343//3343 3342//3342
f 3214//3214 3215//3215 3344//3344
f 3214//3214 3344//3344 3343//3343
f 3215//3215 3216//3216 3345//3345
f 3215//3215 3345//3345 3344//3344
f 3216//3216 3217//3217 3346//3346
f 3216//3216 3346//3346 3345//3345
f 3217//3217 3218//3218 3347//3347
f 3217//3217 3347//3347 3346//3346
f 3218//3218 3219//3219 3348//3348
f 3218//3218 3348//3348 3347//3347
f 3219//3219 3220//3220 3349//3349
f 3219//3219 3349//3349 3348//3348
f 3220//3220 3221//3221 3350//3350
f 3220//3220 3350//3350 3349//3349
f 3221//3221 3222//3222 3351//3351
f 3221//3221 3351//3351 3350//3350
f 3222//3222 3223//3223 3352//3352
f 3222//3222 3352//3352 3351//3351
f 3223//3223 3224//3224 3353//3353
f 3223//3223 3353//3353 3352//3352
f 3224//3224 3225//3225 3354//3354
f 3224//3224 3354//3354 3353//3353
f 3227//3227 3226//3226 3355//3355
f 3227//3227 3355//3355 3356//3356
f 3226//3226 3228//3228 3357//3357
f 3226//3226 3357//3357 3355//3355
f 3228//3228 3229//3229 3358//3358
f 3228//3228 3358//3358 3357//3357
f 3229//3229 3230//3230 3359//3359
f 3229//3229 3359//3359 3358//3358
f 3230//3230 3231//3231 3360//3360
f 3230//3230 3360//3360 3359//3359
f 3231//3231 3232//3232 3361//3361
f 3231//3231 3361//3361 3360//3360
f 3232//3232 3233//3233 3362//3362
f 3232//3232 3362//3362 3361//3361
f 3233//3233 3234//3234 3363//3363
f 3233//3233 3363//3363 3362//3362
f 3234//3234 3235//3235 3364//3364
f 3234//3234 3364//3364 3363//3363
f 3235//3235 3236//3236 3365//3365
f 3235//3235 3365//3365 3364//3364
f 3236//3236 3237//3237 3366//3366
f 3236//3236 3366//3366 3365//3365
f 3237//3237 3238//3238 3367//3367
f 3237//3237 3367//3367 3366//3366
f 3238//3238 3239//3239 3368//3368
f 3238//3238 3368//3368 3367//3367
f 3239//3239 3240//3240 3369//3369
f 3239//3239 3369//3369 3368//3368
f 3240//3240 3241//3241 3370//3370
f 3240//3240 3370//3370 3369//3369
f 3241//3241 3242//3242 3371//3371
f 3241//3241 3371//3371 3370//3370
f 3242//3242 3243//3243 3372//3372
f 3242//3242 3372//3372 3371//3371
f 3243//3243 3244//3244 3373//3373
f 3243//3243 3373//3373 3372//3372
f 3244//3244 3245//3245 3374//3374
f 3244//3244 3374//3374 3373//3373
f 3245//3245 3246//3246 3375//3375
f 3245//3245 3375//3375 3374//3374
f 3246//3246 3247//3247 3376//3376
f 3246//3246 3376//3376 3375//3375
f 3247//3247 3248//3248 3377//3377
f 3247//3247 3377//3377 3376//3376
f 3248//3248 3249//3249 3378//3378
f 3248//3248 3378//3378 3377//3377
f 3249//3249 3250//3250 3379//3379
f 3249//3249 3379//3379 3378//3378
f 3250//3250 3251//3251 3380//3380
f 3250//3250 3380//3380 3379//3379
f 3251//3251 3252//3252 3381//3381
f 3251//3251 3381//3381 3380//3380
f 3252//3252 3253//3253 3382//3382
f 3252//3252 3382//3382 3381//3381
f 3253//3253 3254//3254 3383//3383
f 3253//3253 3383//3383 3382//3382
f 3254//3254 3255//3255 3384//3384
f 3254//3254 3384//3384 3383//3383
f 3255//3255 3256//3256 3385//3385
f 3255//3255 3385//3385 3384//3384
f 3256//3256 3257//3257 3386//3386
f 3256//3256 3386//3386 3385//3385
f 3257//3257 3258//3258 3387//3387
f 3257//3257 3387//3387 3386//3386
f 3258//3258 3259//3259 3388//3388
f 3258//3258 3388//3388 3387//3387
f 3259//3259 3260//3260 3389//3389
f 3259//3259 3389//3389 3388//3388
f 3260//3260 3261//3261 3390//3390
f 3260//3260 3390//3390 3389//3389
f 3261//3261 3262//3262 3391//3391
f 3261//3261 3391//3391 3390//3390
f 3262//3262 3263//3263 3392//3392
f 3262//3262 3392//3392 3391//3391
f 3263//3263 3264//3264 3393//3393
f 3263//3263 3393//3393 3392//3392
f 3264//3264 3265//3265 3394//3394
f 3264//3264 3394//3394 3393//3393
f 3265//3265 3266//3266 3395//3395
f 3265//3265 3395//3395 3394//3394
f 3266//3266 3267//3267 3396//3396
f 3266//3266 3396//3396 3395//3395
f 3267//3267 3268//3268 3397//3397
f 3267//3267 3397//3397 3396//3396
f 3268//3268 3269//3269 3398//3398
f 3268//3268 3398//3398 3397//3397
f 3269//3269 3270//3270 3399//3399
f 3269//3269 3399//3399 3398//3398
f 3270//3270 3271//3271 3400//3400
f 3270//3270 3400//3400 3399//3399
f 3271//3271 3272//3272 3401//3401
f 3271//3271 3401//3401 3400//3400
f 3272//3272 3273//3273 3402//3402
f 3272//3272 3402//3402 3401//3401
f 3273//3273 3274//3274 3403//3403
f 3273//3273 3403//3403 3402//3402
f 3274//3274 3275//3275 3404//3404
f 3274//3274 3404//3404 3403//3403
f 3275//3275 3276//3276 3405//3405
f 3275//3275 3405//3405 3404//3404
f 3276//3276 3277//3277 3406//3406
f 3276//3276 3406//3406 3405//3405
f 3277//3277 3278//3278 3407//3407
f 3277//3277 3407//3407 3406//3406
f 3278//3278 3279//3279 3408//3408
f 3278//3278 3408//3408 3407//3407
f 3279//3279 3280//3280 3409//3409
f 3279//3279 3409//3409 3408//3408
f 3280//3280 3281//3281 3410//3410
f 3280//3280 3410//3410 3409//3409
f 3281//3281 3282//3282 3411//3411
f 3281//3281 3411//3411 3410//3410
f 3282//3282 3283//3283 3412//3412
f 3282//3282 3412//3412 3411//3411
f 3283//3283 3284//3284 3413//3413
f 3283//3283 3413//3413 3412//3412
f 3284//3284 3285//3285 3414//3414
f 3284//3284 3414//3414 3413//3413
f 3285//3285 3286//3286 3415//3415
f 3285//3285 3415//3415 3414//3414
f 3286//3286 3287//3287 3416//3416
f 3286//3286 3416//3416 3415//3415
f 3287//3287 3288//3288 3417//3417
f 3287//3287 3417//3417 3416//3416
f 3288//3288 3289//3289 3418//3418
f 3288//3288 3418//3418 3417//3417
f 3289//3289 3290//3290 3419//3419
f 3289//3289 3419//3419 3418//3418
f 3290//3290 3291//3291 3420//3420
f 3290//3290 3420//3420 3419//3419
f 3291//3291 3292//3292 3421//3421
f 3291//3291 3421//3421 3420//3420
f 3292//3292 3293//3293 3422//3422
f 3292//3292 3422//3422 3421//3421
f 3293//3293 3294//3294 3423//3423
f 3293//3293 3423//3423 3422//3422
f 3294//3294 3295//3295 3424//3424
f 3294//3294 3424//3424 3423//3423
f 3295//3295 3296//3296 3425//3425
f 3295//3295 3425//3425 3424//3424
f 3296//3296 3297//3297 3426//3426
f 3296//3296 3426//3426 3425//3425
f 3297//3297 3298//3298 3427//3427
f 3297//3297 3427//3427 3426//3426
f 3298//3298 3299//3299 3428//3428
f 3298//3298 3428//3428 3427//3427
f 3299//3299 3300//3300 3429//3429
f 3299//3299 3429//3429 3428//3428
f 3300//3300 3301//3301 3430//3430
f 3300//3300 3430//3430 3429//3429
f 3301//3301 3302//3302 3431//3431
f 3301//3301 3431//3431 3430//3430
f 3302//3302 3303//3303 3432//3432
f 3302//3302 3432//3432 3431//3431
f 3303//3303 3304//3304 3433//3433
f 3303//3303 3433//3433 3432//3432
f 3304//3304 3305//3305 3434//3434
f 3304//3304 3434//3434 3433//3433
f 3305//3305 3306//3306 3435//3435
f 3305//3305 3435//3435 3434//3434
f 3306//3306 3307//3307 3436//3436
f 3306//3306 3436//3436 3435//3435
f 3307//3307 3308//3308 3437//3437
f 3307//3307 3437//3437 3436//3436
f 3308//3308 3309//3309 3438//3438
f 3308//3308 3438//3438 3437//3437
f 3309//3309 3310//3310 3439//3439
f 3309//3309 3439//3439 3438//3438
f 3310//3310 3311//3311 3440//3440
f 3310//3310 3440//3440 3439//3439
f 3311//3311 3312//3312 3441//3441
f 3311//3311 3441//3441 3440//3440
f 3312//3312 3313//3313 3442//3442
f 3312//3312 3442//3442 3441//3441
f 3313//3313 3314//3314 3443//3443
f 3313//3313 3443//3443 3442//3442
f 3314//3314 3315//3315 3444//3444
f 3314//3314 3444//3444 3443//3443
f 3315//3315 3316//3316 3445//3445
f 3315//3315 3445//3445 3444//3444
f 3316//3316 3317//3317 3446//3446
f 3316//3316 3446//3446 3445//3445
f 3317//3317 3318//3318 3447//3447
f 3317//3317 3447//3447 3446//3446
f 3318//3318 3319//3319 3448//3448
f 3318//3318 3448//3448 3447//3447
f 3319//3319 3320//3320 3449//3449
f 3319//3319 3449//3449 3448//3448
f 3320//3320 3321//3321 3450//3450
f 3320//3320 3450//3450 3449//3449
f 3321//3321 3322//3322 3451//3451
f 3321//3321 3451//3451 3450//3450
f 3322//3322 3323//3323 3452//3452
f 3322//3322 3452//3452 3451//3451
f 3323//3323 3324//3324 3453//3453
f 3323//3323 3453//3453 3452//3452
f 3324//3324 3325//3325 3454//3454
f 3324//3324 3454//3454 3453//3453
f 3325//3325 3326//3326 3455//3455
f 3325//3325 3455//3455 3454//3454
f 3326//3326 3327//3327 3456//3456
f 3326//3326 3456//3456 3455//3455
f 3327//3327 3328//3328 3457//3457
f 3327//3327 3457//3457 3456//3456
f 3328//3328 3329//3329 3458//3458
f 3328//3328 3458//3458 3457//3457
f 3329//3329 3330//3330 3459//3459
f 3329//3329 3459//3459 3458//3458
f 3330//3330 3331//3331 3460//3460
f 3330//3330 3460//3460 3459//3459
f 3331//3331 3332//3332 3461//3461
f 3331//3331 3461//3461 3460//3460
f 3332//3332 3333//3333 3462//3462
f 3332//3332 3462//3462 3461//3461
f 3333//3333 3334//3334 3463//3463
f 3333//3333 3463//3463 3462//3462
f 3334//3334 3335//3335 3464//3464
f 3334//3334 3464//3464 3463//3463
f 3335//3335 3336//3336 3465//3465
f 3335//3335 3465//3465 3464//3464
f 3336//3336 3337//3337 3466//3466
f 3336//3336 3466//3466 3465//3465
f 3337//3337 3338//3338 3467//3467
f 3337//3337 3467//3467 3466//3466
f 3338//3338 3339//3339 3468//3468
f 3338//3338 3468//3468 3467//3467
f 3339//3339 3340//3340 3469//3469
f 3339//3339 3469//3469 3468//3468
f 3340//3340 3341//3341 3470//3470
f 3340//3340 3470//3470 3469//3469
f 3341//3341 3342//3342 3471//3471
f 3341//3341 3471//3471 3470//3470
f 3342//3342 3343//3343 3472//3472
f 3342//3342 3472//3472 3471//3471
f 3343//3343 3344//3344 3473//3473
f 3343//3343 3473//3473 3472//3472
f 3344//3344 3345//3345 3474//3474
f 3344//3344 3474//3474 3473//3473
f 3345//3345 3346//3346 3475//3475
f 3345//3345 3475//3475 3474//3474
f 3346//3346 3347//3347 3476//3476
f 3346//3346 3476//3476 3475//3475
f 3347//3347 3348//3348 3477//3477
f 3347//3347 3477//3477 3476//3476
f 3348//3348 3349//3349 3478//3478
f 3348//3348 3478//3478 3477//3477
f 3349//3349 3350//3350 3479//3479
f 3349//3349 3479//3479 3478//3478
f 3350//3350 3351//3351 3480//3480
f 3350//3350 3480//3480 3479//3479
f 3351//3351 3352//3352 3481//3481
f 3351//3351 3481//3481 3480//3480
f 3352//3352 3353//3353 3482//3482
f 3352//3352 3482//3482 3481//3481
f 3353//3353 3354//3354 3483//3483
f 3353//3353 3483//3483 3482//3482
f 3356//3356 3355//3355 3484//3484
f 3356//3356 3484//3484 3485//3485
f 3355//3355 3357//3357 3486//3486
f 3355//3355 3486//3486 3484//3484
f 3357//3357 3358//3358 3487//3487
f 3357//3357 3487//3487 3486//3486
f 3358//3358 3359//3359 3488//3488
f 3358//3358 3488//3488 3487//3487
f 3359//3359 3360//3360 3489//3489
f 3359//3359 3489//3489 3488//3488
f 3360//3360 3361//3361 3490//3490
f 3360//3360 3490//3490 3489//3489
f 3361//3361 3362//3362 3491//3491
f 3361//3361 3491//3491 3490//3490
f 3362//3362 3363//3363 3492//3492
f 3362//3362 3492//3492 3491//3491
f 3363//3363 3364//3364 3493//3493
f 3363//3363 3493//3493 3492//3492
f 3364//3364 3365//3365 3494//3494
f 3364//3364 3494//3494 3493//3493
f 3365//3365 3366//3366 3495//3495
f 3365//3365 3495//3495 3494//3494
f 3366//3366 3367//3367 3496//3496
f 3366//3366 3496//3496 3495//3495
f 3367//3367 3368//3368 3497//3497
f 3367//3367 3497//3497 3496//3496
f 3368//3368 3369//3369 3498//3498
f 3368//3368 3498//3498 3497//3497
f 3369//3369 3370//3370 3499//3499
f 3369//3369 3499//3499 3498//3498
f 3370//3370 3371//3371 3500//3500
f 3370//3370 3500//3500 3499//3499
f 3371//3371 3372//3372 3501//3501
f 3371//3371 3501//3501 3500//3500
f 3372//3372 3373//3373 3502//3502
f 3372//3372 3502//3502 3501//3501
f 3373//3373 3374//3374 3503//3503
f 3373//3373 3503//3503 3502//3502
f 3374//3374 3375//3375 3504//3504
f 3374//3374 3504//3504 3503//3503
f 3375//3375 3376//3376 3505//3505
f 3375//3375 3505//3505 3504//3504
f 3376//3376 3377//3377 3506//3506
f 3376//3376 3506//3506 3505//3505
f 3377//3377 3378//3378 3507//3507
f 3377//3377 3507//3507 3506//3506
f 3378//3378 3379//3379 3508//3508
f 3378//3378 3508//3508 3507//3507
f 3379//3379 3380//3380 3509//3509
f 3379//3379 3509//3509 3508//3508
f 3380//3380 3381//3381 3510//3510
f 3380//3380 3510//3510 3509//3509
f 3381//3381 3382//3382 3511//3511
f 3381//3381 3511//3511 3510//3510
f 3382//3382 3383//3383 3512//3512
f 3382//3382 3512//3512 3511//3511
f 3383//3383 3384//3384 3513//3513
f 3383//3383 3513//3513 3512//3512
f 3384//3384 3385//3385 3514//3514
f 3384//3384 3514//3514 3513//3513
f 3385//3385 3386//3386 3515//3515
f 3385//3385 3515//3515 3514//3514
f 3386//3386 3387//3387 3516//3516
f 3386//3386 3516//3516 3515//3515
f 3387//3387 3388//3388 3517//3517
f 3387//3387 3517//3517 3516//3516
f 3388//3388 3389//3389 3518//3518
f 3388//3388 3518//3518 3517//3517
f 3389//3389 3390//3390 3519//3519
f 3389//3389 3519//3519 3518//3518
f 3390//3390 3391//3391 3520//3520
f 3390//3390 3520//3520 3519//3519
f 3391//3391 3392//3392 3521//3521
f 3391//3391 3521//3521 3520//3520
f 3392//3392 3393//3393 3522//3522
f 3392//3392 3522//3522 3521//3521
f 3393//3393 3394//3394 3523//3523
f 3393//3393 3523//3523 3522//3522
f 3394//3394 3395//3395 3524//3524
f 3394//3394 3524//3524 3523//3523
f 3395//3395 3396//3396 3525//3525
f 3395//3395 3525//3525 3524//3524
f 3396//3396 3397//3397 3526//3526
f 3396//3396 3526//3526 3525//3525
f 3397//3397 3398//3398 3527//3527
f 3397//3397 3527//3527 3526//3526
f 3398//3398 3399//3399 3528//3528
f 3398//3398 3528//3528 3527//3527
f 3399//3399 3400//3400 3529//3529
f 3399//3399 3529//3529 3528//3528
f 3400//3400 3401//3401 3530//3530
f 3400//3400 3530//3530 3529//3529
f 3401//3401 3402//3402 3531//3531
f 3401//3401 3531//3531 3530//3530
f 3402//3402 3403//3403 3532//3532
f 3402//3402 3532//3532 3531//3531
f 3403//3403 3404//3404 3533//3533
f 3403//3403 3533//3533 3532//3532
f 3404//3404 3405//3405 3534//3534
f 3404//3404 3534//3534 3533//3533
f 3405//3405 3406//3406 3535//3535
f 3405//3405 3535//3535 3534//3534
f 3406//3406 3407//3407 3536//3536
f 3406//3406 3536//3536 3535//3535
f 3407//3407 3408//3408 3537//3537
f 3407//3407 3537//3537 3536//3536
f 3408//3408 3409//3409 3538//3538
f 3408//3408 3538//3538 3537//3537
f 3409//3409 3410//3410 3539//3539
f 3409//3409 3539//3539 3538//3538
f 3410//3410 3411//3411 3540//3540
f 3410//3410 3540//3540 3539//3539
f 3411//3411 3412//3412 3541//3541
f 3411//3411 3541//3541 3540//3540
f 3412//3412 3413//3413 3542//3542
f 3412//3412 3542//3542 3541//3541
f 3413//3413 3414//3414 3543//3543
f 3413//3413 3543//3543 3542//3542
f 3414//3414 3415//3415 3544//3544
f 3414//3414 3544//3544 3543//3543
f 3415//3415 3416//3416 3545//3545
f 3415//3415 3545//3545 3544//3544
f 3416//3416 3417//3417 3546//3546
f 3416//3416 3546//3546 3545//3545
f 3417//3417 3418//3418 3547//3547
f 3417//3417 3547//3547 3546//3546
f 3418//3418 3419//3419 3548//3548
f 3418//3418 3548//3548 3547//3547
f 3419//3419 3420//3420 3549//3549
f 3419//3419 3549//3549 3548//3548
f 3420//3420 3421//3421 3550//3550
f 3420//3420 3550//3550 3549//3549
f 3421//3421 3422//3422 3551//3551
f 3421//3421 3551//3551 3550//3550
f 3422//3422 3423//3423 3552//3552
f 3422//3422 3552//3552 3551//3551
f 3423//3423 3424//3424 3553//3553
f 3423//3423 3553//3553 3552//3552
f 3424//3424 3425//3425 3554//3554
f 3424//3424 3554//3554 3553//3553
f 3425//3425 3426//3426 3555//3555
f 3425//3425 3555//3555 3554//3554
f 3426//3426 3427//3427 3556//3556
f 3426//3426 3556//3556 3555//3555
f 3427//3427 3428//3428 3557//3557
f 3427//3427 3557//3557 3556//3556
f 3428//3428 3429//3429 3558//3558
f 3428//3428 3558//3558 3557//3557
f 3429//3429 3430//3430 3559//3559
f 3429//3429 3559//3559 3558//3558
f 3430//3430 3431//3431 3560//3560
f 3430//3430 3560//3560 3559//3559
f 3431//3431 3432//3432 3561//3561
f 3431//3431 3561//3561 3560//3560
f 3432//3432 3433//3433 3562//3562
f 3432//3432 3562//3562 3561//3561
f 3433//3433 3434//3434 3563//3563
f 3433//3433 3563//3563 3562//3562
f 3434//3434 3435//3435 3564//3564
f 3434//3434 3564//3564 3563//3563
f 3435//3435 3436//3436 3565//3565
f 3435//3435 3565//3565 3564//3564
f 3436//3436 3437//3437 3566//3566
f 3436//3436 3566//3566 3565//3565
f 3437//3437 3438//3438 3567//3567
f 3437//3437 3567//3567 3566//3566
f 3438//3438 3439//3439 3568//3568
f 3438//3438 3568//3568 3567//3567
f 3439//3439 3440//3440 3569//3569
f 3439//3439 3569//3569 3568//3568
f 3440//3440 3441//3441 3570//3570
f 3440//3440 3570//3570 3569//3569
f 3441//3441 3442//3442 3571//3571
f 3441//3441 3571//3571 3570//3570
f 3442//3442 3443//3443 3572//3572
f 3442//3442 3572//3572 3571//3571
f 3443//3443 3444//3444 3573//3573
f 3443//3443 3573//3573 3572//3572
f 3444//3444 3445//3445 3574//3574
f 3444//3444 3574//3574 3573//3573
f 3445//3445 3446//3446 3575//3575
f 3445//3445 3575//3575 3574//3574
f 3446//3446 3447//3447 3576//3576
f 3446//3446 3576//3576 3575//3575
f 3447//3447 3448//3448 3577//3577
f 3447//3447 3577//3577 3576//3576
f 3448//3448 3449//3449 3578//3578
f 3448//3448 3578//3578 3577//3577
f 3449//3449 3450//3450 3579//3579
f 3449//3449 3579//3579 3578//3578
f 3450//3450 3451//3451 3580//3580
f 3450//3450 3580//3580 3579//3579
f 3451//3451 3452//3452 3581//3581
f 3451//3451 3581//3581 3580//3580
f 3452//3452 3453//3453 3582//3582
f 3452//3452 3582//3582 3581//3581
f 3453//3453 3454//3454 3583//3583
f 3453//3453 3583//3583 3582//3582
f 3454//3454 3455//3455 3584//3584
f 3454//3454 3584//3584 3583//3583
f 3455//3455 3456//3456 3585//3585
f 3455//3455 3585//3585 3584//3584
f 3456//3456 3457//3457 3586//3586
f 3456//3456 3586//3586 3585//3585
f 3457//3457 3458//3458 3587//3587
f 3457//3457 3587//3587 3586//3586
f 3458//3458 3459//3459 3588//3588
f 3458//3458 3588//3588 3587//3587
f 3459//3459 3460//3460 3589//3589
f 3459//3459 3589//3589 3588//3588
f 3460//3460 3461//3461 3590//3590
f 3460//3460 3590//3590 3589//3589
f 3461//3461 3462//3462 3591//3591
f 3461//3461 3591//3591 3590//3590
f 3462//3462 3463//3463 3592//3592
f 3462//3462 3592//3592 3591//3591
f 3463//3463 3464//3464 3593//3593
f 3463//3463 3593//3593 3592//3592
f 3464//3464 3465//3465 3594//3594
f 3464//3464 3594//3594 3593//3593
f 3465//3465 3466//3466 3595//3595
f 3465//3465 3595//3595 3594//3594
f 3466//3466 3467//3467 3596//3596
f 3466//3466 3596//3596 3595//3595
f 3467//3467 3468//3468 3597//3597
f 3467//3467 3597//3597 3596//3596
f 3468//3468 3469//3469 3598//3598
f 3468//3468 3598//3598 3597//3597
f 3469//3469 3470//3470 3599//3599
f 3469//3469 3599//3599 3598//3598
f 3470//3470 3471//3471 3600//3600
f 3470//3470 3600//3600 3599//3599
f 3471//3471 3472//3472 3601//3601
f 3471//3471 3601//3601 3600//3600
f 3472//3472 3473//3473 3602//3602
f 3472//3472 3602//3602 3601//3601
f 3473//3473 3474//3474 3603//3603
f 3473//3473 3603//3603 3602//3602
f 3474//3474 3475//3475 3604//3604
f 3474//3474 3604//3604 3603//3603
f 3475//3475 3476//3476 3605//3605
f 3475//3475 3605//3605 3604//3604
f 3476//3476 3477//3477 3606//3606
f 3476//3476 3606//3606 3605//3605
f 3477//3477 3478//3478 3607//3607
f 3477//3477 3607//3607 3606//3606
f 3478//3478 3479//3479 3608//3608
f 3478//3478 3608//3608 3607//3607
f 3479//3479 3480//3480 3609//3609
f 3479//3479 3609//3609 3608//3608
f 3480//3480 3481//3481 3610//3610
f 3480//3480 3610//3610 3609//3609
f 3481//3481 3482//3482 3611//3611
f 3481//3481 3611//3611 3610//3610
f 3482//3482 3483//3483 3612//3612
f 3482//3482 3612//3612 3611//3611
f 3485//3485 3484//3484 3613//3613
f 3485//3485 3613//3613 3614//3614
f 3484//3484 3486//3486 3615//3615
f 3484//3484 3615//3615 3613//3613
f 3486//3486 3487//3487 3616//3616
f 3486//3486 3616//3616 3615//3615
f 3487//3487 3488//3488 3617//3617
f 3487//3487 3617//3617 3616//3616
f 3488//3488 3489//3489 3618//3618
f 3488//3488 3618//3618 3617//3617
f 3489//3489 3490//3490 3619//3619
f 3489//3489 3619//3619 3618//3618
f 3490//3490 3491//3491 3620//3620
f 3490//3490 3620//3620 3619//3619
f 3491//3491 3492//3492 3621//3621
f 3491//3491 3621//3621 3620//3620
f 3492//3492 3493//3493 3622//3622
f 3492//3492 3622//3622 3621//3621
f 3493//3493 3494//3494 3623//3623
f 3493//3493 3623//3623 3622//3622
f 3494//3494 3495//3495 3624//3624
f 3494//3494 3624//3624 3623//3623
f 3495//3495 3496//3496 3625//3625
f 3495//3495 3625//3625 3624//3624
f 3496//3496 3497//3497 3626//3626
f 3496//3496 3626//3626 3625//3625
f 3497//3497 3498//3498 3627//3627
f 3497//3497 3627//3627 3626//3626
f 3498//3498 3499//3499 3628//3628
f 3498//3498 3628//3628 3627//3627
f 3499//3499 3500//3500 3629//3629
f 3499//3499 3629//3629 3628//3628
f 3500//3500 3501//3501 3630//3630
f 3500//3500 3630//3630 3629//3629
f 3501//3501 3502//3502 3631//3631
f 3501//3501 3631//3631 3630//3630
f 3502//3502 3503//3503 3632//3632
f 3502//3502 3632//3632 3631//3631
f 3503//3503 3504//3504 3633//3633
f 3503//3503 3633//3633 3632//3632
f 3504//3504 3505//3505 3634//3634
f 3504//3504 3634//3634 3633//3633
f 3505//3505 3506//3506 3635//3635
f 3505//3505 3635//3635 3634//3634
f 3506//3506 3507//3507 3636//3636
f 3506//3506 3636//3636 3635//3635
f 3507//3507 3508//3508 3637//3637
f 3507//3507 3637//3637 3636//3636
f 3508//3508 3509//3509 3638//3638
f 3508//3508 3638//3638 3637//3637
f 3509//3509 3510//3510 3639//3639
f 3509//3509 3639//3639 3638//3638
f 3510//3510 3511//3511 3640//3640
f 3510//3510 3640//3640 3639//3639
f 3511//3511 3512//3512 3641//3641
f 3511//3511 3641//3641 3640//3640
f 3512//3512 3513//3513 3642//3642
f 3512//3512 3642//3642 3641//3641
f 3513//3513 3514//3514 3643//3643
f 3513//3513 3643//3643 3642//3642
f 3514//3514 3515//3515 3644//3644
f 3514//3514 3644//3644 3643//3643
f 3515//3515 3516//3516 3645//3645
f 3515//3515 3645//3645 3644//3644
f 3516//3516 3517//3517 3646//3646
f 3516//3516 3646//3646 3645//3645
f 3517//3517 3518//3518 3647//3647
f 3517//3517 3647//3647 3646//3646
f 3518//3518 3519//3519 3648//3648
f 3518//3518 3648//3648 3647//3647
f 3519//3519 3520//3520 3649//3649
f 3519//3519 3649//3649 3648//3648
f 3520//3520 3521//3521 3650//3650
f 3520//3520 3650//3650 3649//3649
f 3521//3521 3522//3522 3651//3651
f 3521//3521 3651//3651 3650//3650
f 3522//3522 3523//3523 3652//3652
f 3522//3522 3652//3652 3651//3651
f 3523//3523 3524//3524 3653//3653
f 3523//3523 3653//3653 3652//3652
f 3524//3524 3525//3525 3654//3654
f 3524//3524 3654//3654 3653//3653
f 3525//3525 3526//3526 3655//3655
f 3525//3525 3655//3655 3654//3654
f 3526//3526 3527//3527 3656//3656
f 3526//3526 3656//3656 3655//3655
f 3527//3527 3528//3528 3657//3657
f 3527//3527 3657//3657 3656//3656
f 3528//3528 3529//3529 3658//3658
f 3528//3528 3658//3658 3657//3657
f 3529//3529 3530//3530 3659//3659
f 3529//3529 3659//3659 3658//3658
f 3530//3530 3531//3531 3660//3660
f 3530//3530 3660//3660 3659//3659
f 3531//3531 3532//3532 3661//3661
f 3531//3531 3661//3661 3660//3660
f 3532//3532 3533//3533 3662//3662
f 3532//3532 3662//3662 3661//3661
f 3533//3533 3534//3534 3663//3663
f 3533//3533 3663//3663 3662//3662
f 3534//3534 3535//3535 3664//3664
f 3534//3534 3664//3664 3663//3663
f 3535//3535 3536//3536 3665//3665
f 3535//3535 3665//3665 3664//3664
f 3536//3536 3537//3537 3666//3666
f 3536//3536 3666//3666 3665//3665
f 3537//3537 3538//3538 3667//3667
f 3537//3537 3667//3667 3666//3666
f 3538//3538 3539//3539 3668//3668
f 3538//3538 3668//3668 3667//3667
f 3539//3539 3540//3540 3669//3669
f 3539//3539 3669//3669 3668//3668
f 3540//3540 3541//3541 3670//3670
f 3540//3540 3670//3670 3669//3669
f 3541//3541 3542//3542 3671//3671
f 3541//3541 3671//3671 3670//3670
f 3542//3542 3543//3543 3672//3672
f 3542//3542 3672//3672 3671//3671
f 3543//3543 3544//3544 3673//3673
f 3543//3543 3673//3673 3672//3672
f 3544//3544 3545//3545 3674//3674
f 3544//3544 3674//3674 3673//3673
f 3545//3545 3546//3546 3675//3675
f 3545//3545 3675//3675 3674//3674
f 3546//3546 3547//3547 3676//3676
f 3546//3546 3676//3676 3675//3675
f 3547//3547 3548//3548 3677//3677
f 3547//3547 3677//3677 3676//3676
f 3548//3548 3549//3549 3678//3678
f 3548//3548 3678//3678 3677//3677
f 3549//3549 3550//3550 3679//3679
f 3549//3549 3679//3679 3678//3678
f 3550//3550 3551//3551 3680//3680
f 3550//3550 3680//3680 3679//3679
f 3551//3551 3552//3552 3681//3681
f 3551//3551 3681//3681 3680//3680
f 3552//3552 3553//3553 3682//3682
f 3552//3552 3682//3682 3681//3681
f 3553//3553 3554//3554 3683//3683
f 3553//3553 3683//3683 3682//3682
f 3554//3554 3555//3555 3684//3684
f 3554//3554 3684//3684 3683//3683
f 3555//3555 3556//3556 3685//3685
f 3555//3555 3685//3685 3684//3684
f 3556//3556 3557//3557 3686//3686
f 3556//3556 3686//3686 3685//3685
f 3557//3557 3558//3558 3687//3687
f 3557//3557 3687//3687 3686//3686
f 3558//3558 3559//3559 3688//3688
f 3558//3558 3688//3688 3687//3687
f 3559//3559 3560//3560 3689//3689
f 3559//3559 3689//3689 3688//3688
f 3560//3560 3561//3561 3690//3690
f 3560//3560 3690//3690 3689//3689
f 3561//3561 3562//3562 3691//3691
f 3561//3561 3691//3691 3690//3690
f 3562//3562 3563//3563 3692//3692
f 3562//3562 3692//3692 3691//3691
f 3563//3563 3564//3564 3693//3693
f 3563//3563 3693//3693 3692//3692
f 3564//3564 3565//3565 3694//3694
f 3564//3564 3694//3694 3693//3693
f 3565//3565 3566//3566 3695//3695
f 3565//3565 3695//3695 3694//3694
f 3566//3566 3567//3567 3696//3696
f 3566//3566 3696//3696 3695//3695
f 3567//3567 3568//3568 3697//3697
f 3567//3567 3697//3697 3696//3696
f 3568//3568 3569//3569 3698//3698
f 3568//3568 3698//3698 3697//3697
f 3569//3569 3570//3570 3699//3699
f 3569//3569 3699//3699 3698//3698
f 3570//3570 3571//3571 3700//3700
f 3570//3570 3700//3700 3699//3699
f 3571//3571 3572//3572 3701//3701
f 3571//3571 3701//3701 3700//3700
f 3572//3572 3573//3573 3702//3702
f 3572//3572 3702//3702 3701//3701
f 3573//3573 3574//3574 3703//3703
f 3573//3573 3703//3703 3702//3702
f 3574//3574 3575//3575 3704//3704
f 3574//3574 3704//3704 3703//3703
f 3575//3575 3576//3576 3705//3705
f 3575//3575 3705//3705 3704//3704
f 3576//3576 3577//3577 3706//3706
f 3576//3576 3706//3706 3705//3705
f 3577//3577 3578//3578 3707//3707
f 3577//3577 3707//3707 3706//3706
f 3578//3578 3579//3579 3708//3708
f 3578//3578 3708//3708 3707//3707
f 3579//3579 3580//3580 3709//3709
f 3579//3579 3709//3709 3708//3708
f 3580//3580 3581//3581 3710//3710
f 3580//3580 3710//3710 3709//3709
f 3581//3581 3582//3582 3711//3711
f 3581//3581 3711//3711 3710//3710
f 3582//3582 3583//3583 3712//3712
f 3582//3582 3712//3712 3711//3711
f 3583//3583 3584//3584 3713//3713
f 3583//3583 3713//3713 3712//3712
f 3584//3584 3585//3585 3714//3714
f 3584//3584 3714//3714 3713//3713
f 3585//3585 3586//3586 3715//3715
f 3585//3585 3715//3715 3714//3714
f 3586//3586 3587//3587 3716//3716
f 3586//3586 3716//3716 3715//3715
f 3587//3587 3588//3588 3717//3717
f 3587//3587 3717//3717 3716//3716
f 3588//3588 3589//3589 3718//3718
f 3588//3588 3718//3718 3717//3717
f 3589//3589 3590//3590 3719//3719
f 3589//3589 3719//3719 3718//3718
f 3590//3590 3591//3591 3720//3720
f 3590//3590 3720//3720 3719//3719
f 3591//3591 3592//3592 3721//3721
f 3591//3591 3721//3721 3720//3720
f 3592//3592 3593//3593 3722//3722
f 3592//3592 3722//3722 3721//3721
f 3593//3593 3594//3594 3723//3723
f 3593//3593 3723//3723 3722//3722
f 3594//3594 3595//3595 3724//3724
f 3594//3594 3724//3724 3723//3723
f 3595//3595 3596//3596 3725//3725
f 3595//3595 3725//3725 3724//3724
f 3596//3596 3597//3597 3726//3726
f 3596//3596 3726//3726 3725//3725
f 3597//3597 3598//3598 3727//3727
f 3597//3597 3727//3727 3726//3726
f 3598//3598 3599//3599 3728//3728
f 3598//3598 3728//3728 3727//3727
f 3599//3599 3600//3600 3729//3729
f 3599//3599 3729//3729 3728//3728
f 3600//3600 3601//3601 3730//3730
f 3600//3600 3730//3730 3729//3729
f 3601//3601 3602//3602 3731//3731
f 3601//3601 3731//3731 3730//3730
f 3602//3602 3603//3603 3732//3732
f 3602//3602 3732//3732 3731//3731
f 3603//3603 3604//3604 3733//3733
f 3603//3603 3733//3733 3732//3732
f 3604//3604 3605//3605 3734//3734
f 3604//3604 3734//3734 3733//3733
f 3605//3605 3606//3606 3735//3735
f 3605//3605 3735//3735 3734//3734
f 3606//3606 3607//3607 3736//3736
f 3606//3606 3736//3736 3735//3735
f 3607//3607 3608//3608 3737//3737
f 3607//3607 3737//3737 3736//3736
f 3608//3608 3609//3609 3738//3738
f 3608//3608 3738//3738 3737//3737
f 3609//3609 3610//3610 3739//3739
f 3609//3609 3739//3739 3738//3738
f 3610//3610 3611//3611 3740//3740
f 3610//3610 3740//3740 3739//3739
f 3611//3611 3612//3612 3741//3741
f 3611//3611 3741//3741 3740//3740
f 3614//3614 3613//3613 3742//3742
f 3614//3614 3742//3742 3743//3743
f 3613//3613 3615//3615 3744//3744
f 3613//3613 3744//3744 3742//3742
f 3615//3615 3616//3616 3745//3745
f 3615//3615 3745//3745 3744//3744
f 3616//3616 3617//3617 3746//3746
f 3616//3616 3746//3746 3745//3745
f 3617//3617 3618//3618 3747//3747
f 3617//3617 3747//3747 3746//3746
f 3618//3618 3619//3619 3748//3748
f 3618//3618 3748//3748 3747//3747
f 3619//3619 3620//3620 3749//3749
f 3619//3619 3749//3749 3748//3748
f 3620//3620 3621//3621 3750//3750
f 3620//3620 3750//3750 3749//3749
f 3621//3621 3622//3622 3751//3751
f 3621//3621 3751//3751 3750//3750
f 3622//3622 3623//3623 3752//3752
f 3622//3622 3752//3752 3751//3751
f 3623//3623 3624//3624 3753//3753
f 3623//3623 3753//3753 3752//3752
f 3624//3624 3625//3625 3754//3754
f 3624//3624 3754//3754 3753//3753
f 3625//3625 3626//3626 3755//3755
f 3625//3625 3755//3755 3754//3754
f 3626//3626 3627//3627 3756//3756
f 3626//3626 3756//3756 3755//3755
f 3627//3627 3628//3628 3757//3757
f 3627//3627 3757//3757 3756//3756
f 3628//3628 3629//3629 3758//3758
f 3628//3628 3758//3758 3757//3757
f 3629//3629 3630//3630 3759//3759
f 3629//3629 3759//3759 3758//3758
f 3630//3630 3631//3631 3760//3760
f 3630//3630 3760//3760 3759//3759
f 3631//3631 3632//3632 3761//3761
f 3631//3631 3761//3761 3760//3760
f 3632//3632 3633//3633 3762//3762
f 3632//3632 3762//3762 3761//3761
f 3633//3633 3634//3634 3763//3763
f 3633//3633 3763//3763 3762//3762
f 3634//3634 3635//3635 3764//3764
f 3634//3634 3764//3764 3763//3763
f 3635//3635 3636//3636 3765//3765
f 3635//3635 3765//3765 3764//3764
f 3636//3636 3637//3637 3766//3766
f 3636//3636 3766//3766 3765//3765
f 3637//3637 3638//3638 3767//3767
f 3637//3637 3767//3767 3766//3766
f 3638//3638 3639//3639 3768//3768
f 3638//3638 3768//3768 3767//3767
f 3639//3639 3640//3640 3769//3769
f 3639//3639 3769//3769 3768//3768
f 3640//3640 3641//3641 3770//3770
f 3640//3640 3770//3770 3769//3769
f 3641//3641 3642//3642 3771//3771
f 3641//3641 3771//3771 3770//3770
f 3642//3642 3643//3643 3772//3772
f 3642//3642 3772//3772 3771//3771
f 3643//3643 3644//3644 3773//3773
f 3643//3643 3773//3773 3772//3772
f 3644//3644 3645//3645 3774//3774
f 3644//3644 3774//3774 3773//3773
f 3645//3645 3646//3646 3775//3775
f 3645//3645 3775//3775 3774//3774
f 3646//3646 3647//3647 3776//3776
f 3646//3646 3776//3776 3775//3775
f 3647//3647 3648//3648 3777//3777
f 3647//3647 3777//3777 3776//3776
f 3648//3648 3649//3649 3778//3778
f 3648//3648 3778//3778 3777//3777
f 3649//3649 3650//3650 3779//3779
f 3649//3649 3779//3779 3778//3778
f 3650//3650 3651//3651 3780//3780
f 3650//3650 3780//3780 3779//3779
f 3651//3651 3652//3652 3781//3781
f 3651//3651 3781//3781 3780//3780
f 3652//3652 3653//3653 3782//3782
f 3652//3652 3782//3782 3781//3781
f 3653//3653 3654//3654 3783//3783
f 3653//3653 3783//3783 3782//3782
f 3654//3654 3655//3655 3784//3784
f 3654//3654 3784//3784 3783//3783
f 3655//3655 3656//3656 3785//3785
f 3655//3655 3785//3785 3784//3784
f 3656//3656 3657//3657 3786//3786
f 3656//3656 3786//3786 3785//3785
f 3657//3657 3658//3658 3787//3787
f 3657//3657 3787//3787 3786//3786
f 3658//3658 3659//3659 3788//3788
f 3658//3658 3788//3788 3787//3787
f 3659//3659 3660//3660 3789//3789
f 3659//3659 3789//3789 3788//3788
f 3660//3660 3661//3661 3790//3790
f 3660//3660 3790//3790 3789//3789
f 3661//3661 3662//3662 3791//3791
f 3661//3661 3791//3791 3790//3790
f 3662//3662 3663//3663 3792//3792
f 3662//3662 3792//3792 3791//3791
f 3663//3663 3664//3664 3793//3793
f 3663//3663 3793//3793 3792//3792
f 3664//3664 3665//3665 3794//3794
f 3664//3664 3794//3794 3793//3793
f 3665//3665 3666//3666 3795//3795
f 3665//3665 3795//3795 3794//3794
f 3666//3666 3667//3667 3796//3796
f 3666//3666 3796//3796 3795//3795
f 3667//3667 3668//3668 3797//3797
f 3667//3667 3797//3797 3796//3796
f 3668//3668 3669//3669 3798//3798
f 3668//3668 3798//3798 3797//3797
f 3669//3669 3670//3670 3799//3799
f 3669//3669 3799//3799 3798//3798
f 3670//3670 3671//3671 3800//3800
f 3670//3670 3800//3800 3799//3799
f 3671//3671 3672//3672 3801//3801
f 3671//3671 3801//3801 3800//3800
f 3672//3672 3673//3673 3802//3802
f 3672//3672 3802//3802 3801//3801
f 3673//3673 3674//3674 3803//3803
f 3673//3673 3803//3803 3802//3802
f 3674//3674 3675//3675 3804//3804
f 3674//3674 3804//3804 3803//3803
f 3675//3675 3676//3676 3805//3805
f 3675//3675 3805//3805 3804//3804
f 3676//3676 3677//3677 3806//3806
f 3676//3676 3806//3806 3805//3805
f 3677//3677 3678//3678 3807//3807
f 3677//3677 3807//3807 3806//3806
f 3678//3678 3679//3679 3808//3808
f 3678//3678 3808//3808 3807//3807
f 3679//3679 3680//3680 3809//3809
f 3679//3679 3809//3809 3808//3808
f 3680//3680 3681//3681 3810//3810
f 3680//3680 3810//3810 3809//3809
f 3681//3681 3682//3682 3811//3811
f 3681//3681 3811//3811 3810//3810
f 3682//3682 3683//3683 3812//3812
f 3682//3682 3812//3812 3811//3811
f 3683//3683 3684//3684 3813//3813
f 3683//3683 3813//3813 3812//3812
f 3684//3684 3685//3685 3814//3814
f 3684//3684 3814//3814 3813//3813
f 3685//3685 3686//3686 3815//3815
f 3685//3685 3815//3815 3814//3814
f 3686//3686 3687//3687 3816//3816
f 3686//3686 3816//3816 3815//3815
f 3687//3687 3688//3688 3817//3817
f 3687//3687 3817//3817 3816//3816
f 3688//3688 3689//3689 3818//3818
f 3688//3688 3818//3818 3817//3817
f 3689//3689 3690//3690 3819//3819
f 3689//3689 3819//3819 3818//3818
f 3690//3690 3691//3691 3820//3820
f 3690//3690 3820//3820 3819//3819
f 3691//3691 3692//3692 3821//3821
f 3691//3691 3821//3821 3820//3820
f 3692//3692 3693//3693 3822//3822
f 3692//3692 3822//3822 3821//3821
f 3693//3693 3694//3694 3823//3823
f 3693//3693 3823//3823 3822//3822
f 3694//3694 3695//3695 3824//3824
f 3694//3694 3824//3824 3823//3823
f 3695//3695 3696//3696 3825//3825
f 3695//3695 3825//3825 3824//3824
f 3696//3696 3697//3697 3826//3826
f 3696//3696 3826//3826 3825//3825
f 3697//3697 3698//3698 3827//3827
f 3697//3697 3827//3827 3826//3826
f 3698//3698 3699//3699 3828//3828
f 3698//3698 3828//3828 3827//3827
f 3699//3699 3700//3700 3829//3829
f 3699//3699 3829//3829 3828//3828
f 3700//3700 3701//3701 3830//3830
f 3700//3700 3830//3830 3829//3829
f 3701//3701 3702//3702 3831//3831
f 3701//3701 3831//3831 3830//3830
f 3702//3702 3703//3703 3832//3832
f 3702//3702 3832//3832 3831//3831
f 3703//3703 3704//3704 3833//3833
f 3703//3703 3833//3833 3832//3832
f 3704//3704 3705//3705 3834//3834
f 3704//3704 3834//3834 3833//3833
f 3705//3705 3706//3706 3835//3835
f 3705//3705 3835//3835 3834//3834
f 3706//3706 3707//3707 3836//3836
f 3706//3706 3836//3836 3835//3835
f 3707//3707 3708//3708 3837//3837
f 3707//3707 3837//3837 3836//3836
f 3708//3708 3709//3709 3838//3838
f 3708//3708 3838//3838 3837//3837
f 3709//3709 3710//3710 3839//3839
f 3709//3709 3839//3839 3838//3838
f 3710//3710 3711//3711 3840//3840
f 3710//3710 3840//3840 3839//3839
f 3711//3711 3712//3712 3841//3841
f 3711//3711 3841//3841 3840//3840
f 3712//3712 3713//3713 3842//3842
f 3712//3712 3842//3842 3841//3841
f 3713//3713 3714//3714 3843//3843
f 3713//3713 3843//3843 3842//3842
f 3714//3714 3715//3715 3844//3844
f 3714//3714 3844//3844 3843//3843
f 3715//3715 3716//3716 3845//3845
f 3715//3715 3845//3845 3844//3844
f 3716//3716 3717//3717 3846//3846
f 3716//3716 3846//3846 3845//3845
f 3717//3717 3718//3718 3847//3847
f 3717//3717 3847//3847 3846//3846
f 3718//3718 3719//3719 3848//3848
f 3718//3718 3848//3848 3847//3847
f 3719//3719 3720//3720 3849//3849
f 3719//3719 3849//3849 3848//3848
f 3720//3720 3721//3721 3850//3850
f 3720//3720 3850//3850 3849//3849
f 3721//3721 3722//3722 3851//3851
f 3721//3721 3851//3851 3850//3850
f 3722//3722 3723//3723 3852//3852
f 3722//3722 3852//3852 3851//3851
f 3723//3723 3724//3724 3853//3853
f 3723//3723 3853//3853 3852//3852
f 3724//3724 3725//3725 3854//3854
f 3724//3724 3854//3854 3853//3853
f 3725//3725 3726//3726 3855//3855
f 3725//3725 3855//3855 3854//3854
f 3726//3726 3727//3727 3856//3856
f 3726//3726 3856//3856 3855//3855
f 3727//3727 3728//3728 3857//3857
f 3727//3727 3857//3857 3856//3856
f 3728//3728 3729//3729 3858//3858
f 3728//3728 3858//3858 3857//3857
f 3729//3729 3730//3730 3859//3859
f 3729//3729 3859//3859 3858//3858
f 3730//3730 3731//3731 3860//3860
f 3730//3730 3860//3860 3859//3859
f 3731//3731 3732//3732 3861//3861
f 3731//3731 3861//3861 3860//3860
f 3732//3732 3733//3733 3862//3862
f 3732//3732 3862//3862 3861//3861
f 3733//3733 3734//3734 3863//3863
f 3733//3733 3863//3863 3862//3862
f 3734//3734 3735//3735 3864//3864
f 3734//3734 3864//3864 3863//3863
f 3735//3735 3736//3736 3865//3865
f 3735//3735 3865//3865 3864//3864
f 3736//3736 3737//3737 3866//3866
f 3736//3736 3866//3866 3865//3865
f 3737//3737 3738//3738 3867//3867
f 3737//3737 3867//3867 3866//3866
f 3738//3738 3739//3739 3868//3868
f 3738//3738 3868//3868 3867//3867
f 3739//3739 3740//3740 3869//3869
f 3739//3739 3869//3869 3868//3868
f 3740//3740 3741//3741 3870//3870
f 3740//3740 3870//3870 3869//3869
f 3743//3743 3742//3742 3871//3871
f 3743//3743 3871//3871 3872//3872
f 3742//3742 3744//3744 3873//3873
f 3742//3742 3873//3873 3871//3871
f 3744//3744 3745//3745 3874//3874
f 3744//3744 3874//3874 3873//3873
f 3745//3745 3746//3746 3875//3875
f 3745//3745 3875//3875 3874//3874
f 3746//3746 3747//3747 3876//3876
f 3746//3746 3876//3876 3875//3875
f 3747//3747 3748//3748 3877//3877
f 3747//3747 3877//3877 3876//3876
f 3748//3748 3749//3749 3878//3878
f 3748//3748 3878//3878 3877//3877
f 3749//3749 3750//3750 3879//3879
f 3749//3749 3879//3879 3878//3878
f 3750//3750 3751//3751 3880//3880
f 3750//3750 3880//3880 3879//3879
f 3751//3751 3752//3752 3881//3881
f 3751//3751 3881//3881 3880//3880
f 3752//3752 3753//3753 3882//3882
f 3752//3752 3882//3882 3881//3881
f 3753//3753 3754//3754 3883//3883
f 3753//3753 3883//3883 3882//3882
f 3754//3754 3755//3755 3884//3884
f 3754//3754 3884//3884 3883//3883
f 3755//3755 3756//3756 3885//3885
f 3755//3755 3885//3885 3884//3884
f 3756//3756 3757//3757 3886//3886
f 3756//3756 3886//3886 3885//3885
f 3757//3757 3758//3758 3887//3887
f 3757//3757 3887//3887 3886//3886
f 3758//3758 3759//3759 3888//3888
f 3758//3758 3888//3888 3887//3887
f 3759//3759 3760//3760 3889//3889
f 3759//3759 3889//3889 3888//3888
f 3760//3760 3761//3761 3890//3890
f 3760//3760 3890//3890 3889//3889
f 3761//3761 3762//3762 3891//3891
f 3761//3761 3891//3891 3890//3890
f 3762//3762 3763//3763 3892//3892
f 3762//3762 3892//3892 3891//3891
f 3763//3763 3764//3764 3893//3893
f 3763//3763 3893//3893 3892//3892
f 3764//3764 3765//3765 3894//3894
f 3764//3764 3894//3894 3893//3893
f 3765//3765 3766//3766 3895//3895
f 3765//3765 3895//3895 3894//3894
f 3766//3766 3767//3767 3896//3896
f 3766//3766 3896//3896 3895//3895
f 3767//3767 3768//3768 3897//3897
f 3767//3767 3897//3897 3896//3896
f 3768//3768 3769//3769 3898//3898
f 3768//3768 3898//3898 3897//3897
f 3769//3769 3770//3770 3899//3899
f 3769//3769 3899//3899 3898//3898
f 3770//3770 3771//3771 3900//3900
f 3770//3770 3900//3900 3899//3899
f 3771//3771 3772//3772 3901//3901
f 3771//3771 3901//3901 3900//3900
f 3772//3772 3773//3773 3902//3902
f 3772//3772 3902//3902 3901//3901
f 3773//3773 3774//3774 3903//3903
f 3773//3773 3903//3903 3902//3902
f 3774//3774 3775//3775 3904//3904
f 3774//3774 3904//3904 3903//3903
f 3775//3775 3776//3776 3905//3905
f 3775//3775 3905//3905 3904//3904
f 3776//3776 3777//3777 3906//3906
f 3776//3776 3906//3906 3905//3905
f 3777//3777 3778//3778 3907//3907
f 3777//3777 3907//3907 3906//3906
f 3778//3778 3779//3779 3908//3908
f 3778//3778 3908//3908 3907//3907
f 3779//3779 3780//3780 3909//3909
f 3779//3779 3909//3909 3908//3908
f 3780//3780 3781//3781 3910//3910
f 3780//3780 3910//3910 3909//3909
f 3781//3781 3782//3782 3911//3911
f 3781//3781 3911//3911 3910//3910
f 3782//3782 3783//3783 3912//3912
f 3782//3782 3912//3912 3911//3911
f 3783//3783 3784//3784 3913//3913
f 3783//3783 3913//3913 3912//3912
f 3784//3784 3785//3785 3914//3914
f 3784//3784 3914//3914 3913//3913
f 3785//3785 3786//3786 3915//3915
f 3785//3785 3915//3915 3914//3914
f 3786//3786 3787//3787 3916//3916
f 3786//3786 3916//3916 3915//3915
f 3787//3787 3788//3788 3917//3917
f 3787//3787 3917//3917 3916//3916
f 3788//3788 3789//3789 3918//3918
f 3788//3788 3918//3918 3917//3917
f 3789//3789 3790//3790 3919//3919
f 3789//3789 3919//3919 3918//3918
f 3790//3790 3791//3791 3920//3920
f 3790//3790 3920//3920 3919//3919
f 3791//3791 3792//3792 3921//3921
f 3791//3791 3921//3921 3920//3920
f 3792//3792 3793//3793 3922//3922
f 3792//3792 3922//3922 3921//3921
f 3793//3793 3794//3794 3923//3923
f 3793//3793 3923//3923 3922//3922
f 3794//3794 3795//3795 3924//3924
f 3794//3794 3924//3924 3923//3923
f 3795//3795 3796//3796 3925//3925
f 3795//3795 3925//3925 3924//3924
f 3796//3796 3797//3797 3926//3926
f 3796//3796 3926//3926 3925//3925
f 3797//3797 3798//3798 3927//3927
f 3797//3797 3927//3927 3926//3926
f 3798//3798 3799//3799 3928//3928
f 3798//3798 3928//3928 3927//3927
f 3799//3799 3800//3800 3929//3929
f 3799//3799 3929//3929 3928//3928
f 3800//3800 3801//3801 3930//3930
f 3800//3800 3930//3930 3929//3929
f 3801//3801 3802//3802 3931//3931
f 3801//3801 3931//3931 3930//3930
f 3802//3802 3803//3803 3932//3932
f 3802//3802 3932//3932 3931//3931
f 3803//3803 3804//3804 3933//3933
f 3803//3803 3933//3933 3932//3932
f 3804//3804 3805//3805 3934//3934
f 3804//3804 3934//3934 3933//3933
f 3805//3805 3806//3806 3935//3935
f 3805//3805 3935//3935 3934//3934
f 3806//3806 3807//3807 3936//3936
f 3806//3806 3936//3936 3935//3935
f 3807//3807 3808//3808 3937//3937
f 3807//3807 3937//3937 3936//3936
f 3808//3808 3809//3809 3938//3938
f 3808//3808 3938//3938 3937//3937
f 3809//3809 3810//3810 3939//3939
f 3809//3809 3939//3939 3938//3938
f 3810//3810 3811//3811 3940//3940
f 3810//3810 3940//3940 3939//3939
f 3811//3811 3812//3812 3941//3941
f 3811//3811 3941//3941 3940//3940
f 3812//3812 3813//3813 3942//3942
f 3812//3812 3942//3942 3941//3941
f 3813//3813 3814//3814 3943//3943
f 3813//3813 3943//3943 3942//3942
f 3814//3814 3815//3815 3944//3944
f 3814//3814 3944//3944 3943//3943
f 3815//3815 3816//3816 3945//3945
f 3815//3815 3945//3945 3944//3944
f 3816//3816 3817//3817 3946//3946
f 3816//3816 3946//3946 3945//3945
f 3817//3817 3818//3818 3947//3947
f 3817//3817 3947//3947 3946//3946
f 3818//3818 3819//3819 3948//3948
f 3818//3818 3948//3948 3947//3947
f 3819//3819 3820//3820 3949//3949
f 3819//3819 3949//3949 3948//3948
f 3820//3820 3821//3821 3950//3950
f 3820//3820 3950//3950 3949//3949
f 3821//3821 3822//3822 3951//3951
f 3821//3821 3951//3951 3950//3950
f 3822//3822 3823//3823 3952//3952
f 3822//3822 3952//3952 3951//3951
f 3823//3823 3824//3824 3953//3953
f 3823//3823 3953//3953 3952//3952
f 3824//3824 3825//3825 3954//3954
f 3824//3824 3954//3954 3953//3953
f 3825//3825 3826//3826 3955//3955
f 3825//3825 3955//3955 3954//3954
f 3826//3826 3827//3827 3956//3956
f 3826//3826 3956//3956 3955//3955
f 3827//3827 3828//3828 3957//3957
f 3827//3827 3957//3957 3956//3956
f 3828//3828 3829//3829 3958//3958
f 3828//3828 3958//3958 3957//3957
f 3829//3829 3830//3830 3959//3959
f 3829//3829 3959//3959 3958//3958
f 3830//3830 3831//3831 3960//3960
f 3830//3830 3960//3960 3959//3959
f 3831//3831 3832//3832 3961//3961
f 3831//3831 3961//3961 3960//3960
f 3832//3832 3833//3833 3962//3962
f 3832//3832 3962//3962 3961//3961
f 3833//3833 3834//3834 3963//3963
f 3833//3833 3963//3963 3962//3962
f 3834//3834 3835//3835 3964//3964
f 3834//3834 3964//3964 3963//3963
f 3835//3835 3836//3836 3965//3965
f 3835//3835 3965//3965 3964//3964
f 3836//3836 3837//3837 3966//3966
f 3836//3836 3966//3966 3965//3965
f 3837//3837 3838//3838 3967//3967
f 3837//3837 3967//3967 3966//3966
f 3838//3838 3839//3839 3968//3968
f 3838//3838 3968//3968 3967//3967
f 3839//3839 3840//3840 3969//3969
f 3839//3839 3969//3969 3968//3968
f 3840//3840 3841//3841 3970//3970
f 3840//3840 3970//3970 3969//3969
f 3841//3841 3842//3842 3971//3971
f 3841//3841 3971//3971 3970//3970
f 3842//3842 3843//3843 3972//3972
f 3842//3842 3972//3972 3971//3971
f 3843//3843 3844//3844 3973//3973
f 3843//3843 3973//3973 3972//3972
f 3844//3844 3845//3845 3974//3974
f 3844//3844 3974//3974 3973//3973
f 3845//3845 3846//3846 3975//3975
f 3845//3845 3975//3975 3974//3974
f 3846//3846 3847//3847 3976//3976
f 3846//3846 3976//3976 3975//3975
f 3847//3847 3848//3848 3977//3977
f 3847//3847 3977//3977 3976//3976
f 3848//3848 3849//3849 3978//3978
f 3848//3848 3978//3978 3977//3977
f 3849//3849 3850//3850 3979//3979
f 3849//3849 3979//3979 3978//3978
f 3850//3850 3851//3851 3980//3980
f 3850//3850 3980//3980 3979//3979
f 3851//3851 3852//3852 3981//3981
f 3851//3851 3981//3981 3980//3980
f 3852//3852 3853//3853 3982//3982
f 3852//3852 3982//3982 3981//3981
f 3853//3853 3854//3854 3983//3983
f 3853//3853 3983//3983 3982//3982
f 3854//3854 3855//3855 3984//3984
f 3854//3854 3984//3984 3983//3983
f 3855//3855 3856//3856 3985//3985
f 3855//3855 3985//3985 3984//3984
f 3856//3856 3857//3857 3986//3986
f 3856//3856 3986//3986 3985//3985
f 3857//3857 3858//3858 3987//3987
f 3857//3857 3987//3987 3986//3986
f 3858//3858 3859//3859 3988//3988
f 3858//3858 3988//3988 3987//3987
f 3859//3859 3860//3860 3989//3989
f 3859//3859 3989//3989 3988//3988
f 3860//3860 3861//3861 3990//3990
f 3860//3860 3990//3990 3989//3989
f 3861//3861 3862//3862 3991//3991
f 3861//3861 3991//3991 3990//3990
f 3862//3862 3863//3863 3992//3992
f 3862//3862 3992//3992 3991//3991
f 3863//3863 3864//3864 3993//3993
f 3863//3863 3993//3993 3992//3992
f 3864//3864 3865//3865 3994//3994
f 3864//3864 3994//3994 3993//3993
f 3865//3865 3866//3866 3995//3995
f 3865//3865 3995//3995 3994//3994
f 3866//3866 3867//3867 3996//3996
f 3866//3866 3996//3996 3995//3995
f 3867//3867 3868//3868 3997//3997
f 3867//3867 3997//3997 3996//3996
f 3868//3868 3869//3869 3998//3998
f 3868//3868 3998//3998 3997//3997
f 3869//3869 3870//3870 3999//3999
f 3869//3869 3999//3999 3998//3998
f 4000//4000 4001//4001 4002//4002
f 4000//4000 4002//4002 4003//4003
f 4001//4001 4004//4004 4005//4005
f 4001//4001 4005//4005 4002//4002
f 4004//4004 4006//4006 4007//4007
f 4004//4004 4007//4007 4005//4005
f 4006//4006 4008//4008 4009//4009
f 4006//4006 4009//4009 4007//4007
f 4008//4008 4010//4010 4011//4011
f 4008//4008 4011//4011 4009//4009
f 4010//4010 4012//4012 4013//4013
f 4010//4010 4013//4013 4011//4011
f 4012//4012 4014//4014 4015//4015
f 4012//4012 4015//4015 4013//4013
f 4014//4014 4016//4016 4017//4017
f 4014//4014 4017//4017 4015//4015
f 4016//4016 4018//4018 4019//4019
f 4016//4016 4019//4019 4017//4017
f 4018//4018 4020//4020 4021//4021
f 4018//4018 4021//4021 4019//4019
f 4020//4020 4022//4022 4023//4023
f 4020//4020 4023//4023 4021//4021
f 4022//4022 4024//4024 4025//4025
f 4022//4022 4025//4025 4023//4023
f 4024//4024 4026//4026 4027//4027
f 4024//4024 4027//4027 4025//4025
f 4026//4026 4028//4028 4029//4029
f 4026//4026 4029//4029 4027//4027
f 4028//4028 4030//4030 4031//4031
f 4028//4028 4031//4031 4029//4029
f 4030//4030 4032//4032 4033//4033
f 4030//4030 4033//4033 4031//4031
f 4032//4032 4034//4034 4035//4035
f 4032//4032 4035//4035 4033//4033
f 4034//4034 4036//4036 4037//4037
f 4034//4034 4037//4037 4035//4035
f 4036//4036 4038//4038 4039//4039
f 4036//4036 4039//4039 4037//4037
f 4038//4038 4040//4040 4041//4041
f 4038//4038 4041//4041 4039//4039
f 4040//4040 4042//4042 4043//4043
f 4040//4040 4043//4043 4041//4041
f 4042//4042 4044//4044 4045//4045
f 4042//4042 4045//4045 4043//4043
f 4044//4044 4046//4046 4047//4047
f 4044//4044 4047//4047 4045//4045
f 4046//4046 4048//4048 4049//4049
f 4046//4046 4049//4049 4047//4047
f 4048//4048 4050//4050 4051//4051
f 4048//4048 4051//4051 4049//4049
f 4050//4050 4052//4052 4053//4053
f 4050//4050 4053//4053 4051//4051
f 4052//4052 4054//4054 4055//4055
f 4052//4052 4055//4055 4053//4053
f 4054//4054 4056//4056 4057//4057
f 4054//4054 4057//4057 4055//4055
f 4056//4056 4058//4058 4059//4059
f 4056//4056 4059//4059 4057//4057
f 4058//4058 4060//4060 4061//4061
f 4058//4058 4061//4061 4059//4059
f 4060//4060 4062//4062 4063//4063
f 4060//4060 4063//4063 4061//4061
f 4062//4062 4064//4064 4065//4065
f 4062//4062 4065//4065 4063//4063
f 4064//4064 4066//4066 4067//4067
f 4064//4064 4067//4067 4065//4065
f 4066//4066 4068//4068 4069//4069
f 4066//4066 4069//4069 4067//4067
f 4068//4068 4070//4070 4071//4071
f 4068//4068 4071//4071 4069//4069
f 4070//4070 4072//4072 4073//4073
f 4070//4070 4073//4073 4071//4071
f 4072//4072 4074//4074 4075//4075
f 4072//4072 4075//4075 4073//4073
f 4074//4074 4076//4076 4077//4077
f 4074//4074 4077//4077 4075//4075
f 4076//4076 4078//4078 4079//4079
f 4076//4076 4079//4079 4077//4077
f 4078//4078 4080//4080 4081//4081
f 4078//4078 4081//4081 4079//4079
f 4080//4080 4082//4082 4083//4083
f 4080//4080 4083//4083 4081//4081
f 4082//4082 4084//4084 4085//4085
f 4082//4082 4085//4085 4083//4083
f 4084//4084 4086//4086 4087//4087
f 4084//4084 4087//4087 4085//4085
f 4086//4086 4088//4088 4089//4089
f 4086//4086 4089//4089 4087//4087
f 4088//4088 4090//4090 4091//4091
f 4088//4088 4091//4091 4089//4089
f 4090//4090 4092//4092 4093//4093
f 4090//4090 4093//4093 4091//4091
f 4092//4092 4094//4094 4095//4095
f 4092//4092 4095//4095 4093//4093
f 4094//4094 4096//4096 4097//4097
f 4094//4094 4097//4097 4095//4095
f 4096//4096 4098//4098 4099//4099
f 4096//4096 4099//4099 4097//4097
f 4098//4098 4100//4100 4101//4101
f 4098//4098 4101//4101 4099//4099
f 4100//4100 4102//4102 4103//4103
f 4100//4100 4103//4103 4101//4101
f 4102//4102 4104//4104 4105//4105
f 4102//4102 4105//4105 4103//4103
f 4104//4104 4106//4106 4107//4107
f 4104//4104 4107//4107 4105//4105
f 4106//4106 4108//4108 4109//4109
f 4106//4106 4109//4109 4107//4107
f 4108//4108 4110//4110 4111//4111
f 4108//4108 4111//4111 4109//4109
f 4110//4110 4112//4112 4113//4113
f 4110//4110 4113//4113 4111//4111
f 4112//4112 4114//4114 4115//4115
f 4112//4112 4115//4115 4113//4113
f 4114//4114 4116//4116 4117//4117
f 4114//4114 4117//4117 4115//4115
f 4116//4116 4118//4118 4119//4119
f 4116//4116 4119//4119 4117//4117
f 4118//4118 4120//4120 4121//4121
f 4118//4118 4121//4121 4119//4119
f 4120//4120 4122//4122 4123//4123
f 4120//4120 4123//4123 4121//4121
f 4122//4122 4124//4124 4125//4125
f 4122//4122 4125//4125 4123//4123
f 4124//4124 4126//4126 4127//4127
f 4124//4124 4127//4127 4125//4125
f 4126//4126 4128//4128 4129//4129
f 4126//4126 4129//4129 4127//4127
f 4128//4128 4130//4130 4131//4131
f 4128//4128 4131//4131 4129//4129
f 4130//4130 4132//4132 4133//4133
f 4130//4130 4133//4133 4131//4131
f 4132//4132 4134//4134 4135//4135
f 4132//4132 4135//4135 4133//4133
f 4134//4134 4136//4136 4137//4137
f 4134//4134 4137//4137 4135//4135
f 4136//4136 4138//4138 4139//4139
f 4136//4136 4139//4139 4137//4137
f 4138//4138 4140//4140 4141//4141
f 4138//4138 4141//4141 4139//4139
f 4140//4140 4142//4142 4143//4143
f 4140//4140 4143//4143 4141//4141
f 4142//4142 4144//4144 4145//4145
f 4142//4142 4145//4145 4143//4143
f 4144//4144 4146//4146 4147//4147
f 4144//4144 4147//4147 4145//4145
f 4146//4146 4148//4148 4149//4149
f 4146//4146 4149//4149 4147//4147
f 4148//4148 4150//4150 4151//4151
f 4148//4148 4151//4151 4149//4149
f 4150//4150 4152//4152 4153//4153
f 4150//4150 4153//4153 4151//4151
f 4152//4152 4154//4154 4155//4155
f 4152//4152 4155//4155 4153//4153
f 4154//4154 4156//4156 4157//4157
f 4154//4154 4157//4157 4155//4155
f 4156//4156 4158//4158 4159//4159
f 4156//4156 4159//4159 4157//4157
f 4158//4158 4160//4160 4161//4161
f 4158//4158 4161//4161 4159//4159
f 4160//4160 4162//4162 4163//4163
f 4160//4160 4163//4163 4161//4161
f 4162//4162 4164//4164 4165//4165
f 4162//4162 4165//4165 4163//4163
f 4164//4164 4166//4166 4167//4167
f 4164//4164 4167//4167 4165//4165
f 4166//4166 4168//4168 4169//4169
f 4166//4166 4169//4169 4167//4167
f 4168//4168 4170//4170 4171//4171
f 4168//4168 4171//4171 4169//4169
f 4170//4170 4172//4172 4173//4173
f 4170//4170 4173//4173 4171//4171
f 4172//4172 4174//4174 4175//4175
f 4172//4172 4175//4175 4173//4173
f 4174//4174 4176//4176 4177//4177
f 4174//4174 4177//4177 4175//4175
f 4176//4176 4178//4178 4179//4179
f 4176//4176 4179//4179 4177//4177
f 4178//4178 4180//4180 4181//4181
f 4178//4178 4181//4181 4179//4179
f 4180//4180 4182//4182 4183//4183
f 4180//4180 4183//4183 4181//4181
f 4182//4182 4184//4184 4185//4185
f 4182//4182 4185//4185 4183//4183
f 4184//4184 4186//4186 4187//4187
f 4184//4184 4187//4187 4185//4185
f 4186//4186 4188//4188 4189//4189
f 4186//4186 4189//4189 4187//4187
f 4188//4188 4190//4190 4191//4191
f 4188//4188 4191//4191 4189//4189
f 4190//4190 4192//4192 4193//4193
f 4190//4190 4193//4193 4191//4191
f 4192//4192 4194//4194 4195//4195
f 4192//4192 4195//4195 4193//4193
f 4194//4194 4196//4196 4197//4197
f 4194//4194 4197//4197 4195//4195
f 4196//4196 4198//4198 4199//4199
f 4196//4196 4199//4199 4197//4197
f 4198//4198 4200//4200 4201//4201
f 4198//4198 4201//4201 4199//4199
f 4200//4200 4202//4202 4203//4203
f 4200//4200 4203//4203 4201//4201
f 4202//4202 4204//4204 4205//4205
f 4202//4202 4205//4205 4203//4203
f 4204//4204 4206//4206 4207//4207
f 4204//4204 4207//4207 4205//4205
f 4206//4206 4208//4208 4209//4209
f 4206//4206 4209//4209 4207//4207
f 4208//4208 4210//4210 4211//4211
f 4208//4208 4211//4211 4209//4209
f 4210//4210 4212//4212 4213//4213
f 4210//4210 4213//4213 4211//4211
f 4212//4212 4214//4214 4215//4215
f 4212//4212 4215//4215 4213//4213
f 4214//4214 4216//4216 4217//4217
f 4214//4214 4217//4217 4215//4215
f 4216//4216 4218//4218 4219//4219
f 4216//4216 4219//4219 4217//4217
f 4218//4218 4220//4220 4221//4221
f 4218//4218 4221//4221 4219//4219
f 4220//4220 4222//4222 4223//4223
f 4220//4220 4223//4223 4221//4221
f 4222//4222 4224//4224 4225//4225
f 4222//4222 4225//4225 4223//4223
f 4224//4224 4226//4226 4227//4227
f 4224//4224 4227//4227 4225//4225
f 4226//4226 4228//4228 4229//4229
f 4226//4226 4229//4229 4227//4227
f 4228//4228 4230//4230 4231//4231
f 4228//4228 4231//4231 4229//4229
f 4230//4230 4232//4232 4233//4233
f 4230//4230 4233//4233 4231//4231
f 4232//4232 4234//4234 4235//4235
f 4232//4232 4235//4235 4233//4233
f 4234//4234 4236//4236 4237//4237
f 4234//4234 4237//4237 4235//4235
f 4236//4236 4238//4238 4239//4239
f 4236//4236 4239//4239 4237//4237
f 4238//4238 4240//4240 4241//4241
f 4238//4238 4241//4241 4239//4239
f 4240//4240 4242//4242 4243//4243
f 4240//4240 4243//4243 4241//4241
f 4242//4242 4244//4244 4245//4245
f 4242//4242 4245//4245 4243//4243
f 4244//4244 4246//4246 4247//4247
f 4244//4244 4247//4247 4245//4245
f 4246//4246 4248//4248 4249//4249
f 4246//4246 4249//4249 4247//4247
f 4248//4248 4250//4250 4251//4251
f 4248//4248 4251//4251 4249//4249
f 4250//4250 4252//4252 4253//4253
f 4250//4250 4253//4253 4251//4251
f 4252//4252 4254//4254 4255//4255
f 4252//4252 4255//4255 4253//4253
f 4254//4254 4256//4256 4257//4257
f 4254//4254 4257//4257 4255//4255
f 4258//4258 4259//4259 4260//4260
f 4258//4258 4260//4260 4261//4261
f 4259//4259 4262//4262 4263//4263
f 4259//4259 4263//4263 4260//4260
f 4262//4262 4264//4264 4265//4265
f 4262//4262 4265//4265 4263//4263
f 4264//4264 4266//4266 4267//4267
f 4264//4264 4267//4267 4265//4265
f 4266//4266 4268//4268 4269//4269
f 4266//4266 4269//4269 4267//4267
f 4268//4268 4270//4270 4271//4271
f 4268//4268 4271//4271 4269//4269
f 4270//4270 4272//4272 4273//4273
f 4270//4270 4273//4273 4271//4271
f 4272//4272 4274//4274 4275//4275
f 4272//4272 4275//4275 4273//4273
f 4274//4274 4276//4276 4277//4277
f 4274//4274 4277//4277 4275//4275
f 4276//4276 4278//4278 4279//4279
f 4276//4276 4279//4279 4277//4277
f 4278//4278 4280//4280 4281//4281
f 4278//4278 4281//4281 4279//4279
f 4280//4280 4282//4282 4283//4283
f 4280//4280 4283//4283 4281//4281
f 4282//4282 4284//4284 4285//4285
f 4282//4282 4285//4285 4283//4283
f 4284//4284 4286//4286 4287//4287
f 4284//4284 4287//4287 4285//4285
f 4286//4286 4288//4288 4289//4289
f 4286//4286 4289//4289 4287//4287
f 4288//4288 4290//4290 4291//4291
f 4288//4288 4291//4291 4289//4289
f 4290//4290 4292//4292 4293//4293
f 4290//4290 4293//4293 4291//4291
f 4292//4292 4294//4294 4295//4295
f 4292//4292 4295//4295 4293//4293
f 4294//4294 4296//4296 4297//4297
f 4294//4294 4297//4297 4295//4295
f 4296//4296 4298//4298 4299//4299
f 4296//4296 4299//4299 4297//4297
f 4298//4298 4300//4300 4301//4301
f 4298//4298 4301//4301 4299//4299
f 4300//4300 4302//4302 4303//4303
f 4300//4300 4303//4303 4301//4301
f 4302//4302 4304//4304 4305//4305
f 4302//4302 4305//4305 4303//4303
f 4304//4304 4306//4306 4307//4307
f 4304//4304 4307//4307 4305//4305
f 4306//4306 4308//4308 4309//4309
f 4306//4306 4309//4309 4307//4307
f 4308//4308 4310//4310 4311//4311
f 4308//4308 4311//4311 4309//4309
f 4310//4310 4312//4312 4313//4313
f 4310//4310 4313//4313 4311//4311
f 4312//4312 4314//4314 4315//4315
f 4312//4312 4315//4315 4313//4313
f 4314//4314 4316//4316 4317//4317
f 4314//4314 4317//4317 4315//4315
f 4316//4316 4000//4000 4003//4003
f 4316//4316 4003//4003 4317//4317
f 4318//4318 4319//4319 4320//4320
f 4318//4318 4320//4320 4321//4321
f 4319//4319 4322//4322 4323//4323
f 4319//4319 4323//4323 4320//4320
f 4322//4322 4324//4324 4325//4325
f 4322//4322 4325//4325 4323//4323
f 4324//4324 4326//4326 4327//4327
f 4324//4324 4327//4327 4325//4325
f 4326//4326 4328//4328 4329//4329
f 4326//4326 4329//4329 4327//4327
f 4328//4328 4330//4330 4331//4331
f 4328//4328 4331//4331 4329//4329
f 4330//4330 4332//4332 4333//4333
f 4330//4330 4333//4333 4331//4331
f 4332//4332 4334//4334 4335//4335
f 4332//4332 4335//4335 4333//4333
f 4334//4334 4336//4336 4337//4337
f 4334//4334 4337//4337 4335//4335
f 4336//4336 4338//4338 4339//4339
f 4336//4336 4339//4339 4337//4337
f 4338//4338 4340//4340 4341//4341
f 4338//4338 4341//4341 4339//4339
f 4340//4340 4342//4342 4343//4343
f 4340//4340 4343//4343 4341//4341
f 4342//4342 4344//4344 4345//4345
f 4342//4342 4345//4345 4343//4343
f 4344//4344 4346//4346 4347//4347
f 4344//4344 4347//4347 4345//4345
f 4346//4346 4348//4348 4349//4349
f 4346//4346 4349//4349 4347//4347
f 4348//4348 4350//4350 4351//4351
f 4348//4348 4351//4351 4349//4349
f 4350//4350 4352//4352 4353//4353
f 4350//4350 4353//4353 4351//4351
f 4352//4352 4354//4354 4355//4355
f 4352//4352 4355//4355 4353//4353
f 4354//4354 4356//4356 4357//4357
f 4354//4354 4357//4357 4355//4355
f 4356//4356 4358//4358 4359//4359
f 4356//4356 4359//4359 4357//4357
f 4358//4358 4360//4360 4361//4361
f 4358//4358 4361//4361 4359//4359
f 4360//4360 4362//4362 4363//4363
f 4360//4360 4363//4363 4361//4361
f 4362//4362 4364//4364 4365//4365
f 4362//4362 4365//4365 4363//4363
f 4364//4364 4366//4366 4367//4367
f 4364//4364 4367//4367 4365//4365
f 4366//4366 4368//4368 4369//4369
f 4366//4366 4369//4369 4367//4367
f 4368//4368 4370//4370 4371//4371
f 4368//4368 4371//4371 4369//4369
f 4370//4370 4372//4372 4373//4373
f 4370//4370 4373//4373 4371//4371
f 4372//4372 4374//4374 4375//4375
f 4372//4372 4375//4375 4373//4373
f 4374//4374 4376//4376 4377//4377
f 4374//4374 4377//4377 4375//4375
f 4376//4376 4257//4257 4256//4256
f 4376//4376 4256//4256 4377//4377
f 4378//4378 4379//4379 4380//4380
f 4378//4378 4380//4380 4381//4381
f 4378//4378 4381//4381 4382//4382
f 4378//4378 4382//4382 4383//4383
f 4378//4378 4383//4383 4384//4384
f 4378//4378 4384//4384 4385//4385
f 4385//4385 4384//4384 4386//4386
f 4385//4385 4386//4386 4387//4387
f 4384//4384 4383//4383 4388//4388
f 4384//4384 4388//4388 4386//4386
f 4383//4383 4382//4382 4389//4389
f 4383//4383 4389//4389 4388//4388
f 4382//4382 4381//4381 4390//4390
f 4382//4382 4390//4390 4389//4389
f 4381//4381 4380//4380 4391//4391
f 4381//4381 4391//4391 4390//4390
f 4380//4380 4379//4379 4392//4392
f 4380//4380 4392//4392 4391//4391
f 4379//4379 4378//4378 4393//4393
f 4379//4379 4393//4393 4392//4392
f 4378//4378 4385//4385 4387//4387
f 4378//4378 4387//4387 4393//4393
f 4387//4387 4386//4386 4394//4394
f 4387//4387 4394//4394 4395//4395
f 4386//4386 4388//4388 4396//4396
f 4386//4386 4396//4396 4394//4394
f 4388//4388 4389//4389 4397//4397
f 4388//4388 4397//4397 4396//4396
f 4389//4389 4390//4390 4398//4398
f 4389//4389 4398//4398 4397//4397
f 4390//4390 4391//4391 4399//4399
f 4390//4390 4399//4399 4398//4398
f 4391//4391 4392//4392 4400//4400
f 4391//4391 4400//4400 4399//4399
f 4392//4392 4393//4393 4401//4401
f 4392//4392 4401//4401 4400//4400
f 4393//4393 4387//4387 4395//4395
f 4393//4393 4395//4395 4401//4401
f 4395//4395 4394//4394 4402//4402
f 4395//4395 4402//4402 4403//4403
f 4394//4394 4396//4396 4404//4404
f 4394//4394 4404//4404 4402//4402
f 4396//4396 4397//4397 4405//4405
f 4396//4396 4405//4405 4404//4404
f 4397//4397 4398//4398 4406//4406
f 4397//4397 4406//4406 4405//4405
f 4398//4398 4399//4399 4407//4407
f 4398//4398 4407//4407 4406//4406
f 4399//4399 4400//4400 4408//4408
f 4399//4399 4408//4408 4407//4407
f 4400//4400 4401//4401 4409//4409
f 4400//4400 4409//4409 4408//4408
f 4401//4401 4395//4395 4403//4403
f 4401//4401 4403//4403 4409//4409
f 4403//4403 4402//4402 4410//4410
f 4403//4403 4410//4410 4411//4411
f 4402//4402 4404//4404 4412//4412
f 4402//4402 4412//4412 4410//4410
f 4404//4404 4405//4405 4413//4413
f 4404//4404 4413//4413 4412//4412
f 4405//4405 4406//4406 4414//4414
f 4405//4405 4414//4414 4413//4413
f 4406//4406 4407//4407 4415//4415
f 4406//4406 4415//4415 4414//4414
f 4407//4407 4408//4408 4416//4416
f 4407//4407 4416//4416 4415//4415
f 4408//4408 4409//4409 4417//4417
f 4408//4408 4417//4417 4416//4416
f 4409//4409 4403//4403 4411//4411
f 4409//4409 4411//4411 4417//4417
f 4411//4411 4410//4410 4418//4418
f 4411//4411 4418//4418 4419//4419
f 4410//4410 4412//4412 4420//4420
f 4410//4410 4420//4420 4418//4418
f 4412//4412 4413//4413 4421//4421
f 4412//4412 4421//4421 4420//4420
f 4413//4413 4414//4414 4422//4422
f 4413//4413 4422//4422 4421//4421
f 4414//4414 4415//4415 4423//4423
f 4414//4414 4423//4423 4422//4422
f 4415//4415 4416//4416 4424//4424
f 4415//4415 4424//4424 4423//4423
f 4416//4416 4417//4417 4425//4425
f 4416//4416 4425//4425 4424//4424
f 4417//4417 4411//4411 4419//4419
f 4417//4417 4419//4419 4425//4425
f 4419//4419 4418//4418 4426//4426
f 4419//4419 4426//4426 4427//4427
f 4418//4418 4420//4420 4428//4428
f 4418//4418 4428//4428 4426//4426
f 4420//4420 4421//4421 4429//4429
f 4420//4420 4429//4429 4428//4428
f 4421//4421 4422//4422 4430//4430
f 4421//4421 4430//4430 4429//4429
f 4422//4422 4423//4423 4431//4431
f 4422//4422 4431//4431 4430//4430
f 4423//4423 4424//4424 4432//4432
f 4423//4423 4432//4432 4431//4431
f 4424//4424 4425//4425 4433//4433
f 4424//4424 4433//4433 4432//4432
f 4425//4425 4419//4419 4427//4427
f 4425//4425 4427//4427 4433//4433
f 4427//4427 4426//4426 4434//4434
f 4427//4427 4434//4434 4435//4435
f 4426//4426 4428//4428 4436//4436
f 4426//4426 4436//4436 4434//4434
f 4428//4428 4429//4429 4437//4437
f 4428//4428 4437//4437 4436//4436
f 4429//4429 4430//4430 4438//4438
f 4429//4429 4438//4438 4437//4437
f 4430//4430 4431//4431 4439//4439
f 4430//4430 4439//4439 4438//4438
f 4431//4431 4432//4432 4440//4440
f 4431//4431 4440//4440 4439//4439
f 4432//4432 4433//4433 4441//4441
f 4432//4432 4441//4441 4440//4440
f 4433//4433 4427//4427 4435//4435
f 4433//4433 4435//4435 4441//4441
f 4435//4435 4434//4434 4442//4442
f 4435//4435 4442//4442 4443//4443
f 4434//4434 4436//4436 4444//4444
f 4434//4434 4444//4444 4442//4442
f 4436//4436 4437//4437 4445//4445
f 4436//4436 4445//4445 4444//4444
f 4437//4437 4438//4438 4446//4446
f 4437//4437 4446//4446 4445//4445
f 4438//4438 4439//4439 4447//4447
f 4438//4438 4447//4447 4446//4446
f 4439//4439 4440//4440 4448//4448
f 4439//4439 4448//4448 4447//4447
f 4440//4440 4441//4441 4449//4449
f 4440//4440 4449//4449 4448//4448
f 4441//4441 4435//4435 4443//4443
f 4441//4441 4443//4443 4449//4449
f 4443//4443 4442//4442 4450//4450
f 4443//4443 4450//4450 4451//4451
f 4442//4442 4444//4444 4452//4452
f 4442//4442 4452//4452 4450//4450
f 4444//4444 4445//4445 4453//4453
f 4444//4444 4453//4453 4452//4452
f 4445//4445 4446//4446 4454//4454
f 4445//4445 4454//4454 4453//4453
f 4446//4446 4447//4447 4455//4455
f 4446//4446 4455//4455 4454//4454
f 4447//4447 4448//4448 4456//4456
f 4447//4447 4456//4456 4455//4455
f 4448//4448 4449//4449 4457//4457
f 4448//4448 4457//4457 4456//4456
f 4449//4449 4443//4443 4451//4451
f 4449//4449 4451//4451 4457//4457
f 4451//4451 4450//4450 4458//4458
f 4451//4451 4458//4458 4459//4459
f 4450//4450 4452//4452 4460//4460
f 4450//4450 4460//4460 4458//4458
f 4452//4452 4453//4453 4461//4461
f 4452//4452 4461//4461 4460//4460
f 4453//4453 4454//4454 4462//4462
f 4453//4453 4462//4462 4461//4461
f 4454//4454 4455//4455 4463//4463
f 4454//4454 4463//4463 4462//4462
f 4455//4455 4456//4456 4464//4464
f 4455//4455 4464//4464 4463//4463
f 4456//4456 4457//4457 4465//4465
f 4456//4456 4465//4465 4464//4464
f 4457//4457 4451//4451 4459//4459
f 4457//4457 4459//4459 4465//4465
f 4459//4459 4458//4458 4466//4466
f 4459//4459 4466//4466 4467//4467
f 4458//4458 4460//4460 4468//4468
f 4458//4458 4468//4468 4466//4466
f 4460//4460 4461//4461 4469//4469
f 4460//4460 4469//4469 4468//4468
f 4461//4461 4462//4462 4470//4470
f 4461//4461 4470//4470 4469//4469
f 4462//4462 4463//4463 4471//4471
f 4462//4462 4471//4471 4470//4470
f 4463//4463 4464//4464 4472//4472
f 4463//4463 4472//4472 4471//4471
f 4464//4464 4465//4465 4473//4473
f 4464//4464 4473//4473 4472//4472
f 4465//4465 4459//4459 4467//4467
f 4465//4465 4467//4467 4473//4473
f 4467//4467 4466//4466 4474//4474
f 4467//4467 4474//4474 4475//4475
f 4466//4466 4468//4468 4476//4476
f 4466//4466 4476//4476 4474//4474
f 4468//4468 4469//4469 4477//4477
f 4468//4468 4477//4477 4476//4476
f 4469//4469 4470//4470 4478//4478
f 4469//4469 4478//4478 4477//4477
f 4470//4470 4471//4471 4479//4479
f 4470//4470 4479//4479 4478//4478
f 4471//4471 4472//4472 4480//4480
f 4471//4471 4480//4480 4479//4479
f 4472//4472 4473//4473 4481//4481
f 4472//4472 4481//4481 4480//4480
f 4473//4473 4467//4467 4475//4475
f 4473//4473 4475//4475 4481//4481
f 4475//4475 4474//4474 4482//4482
f 4475//4475 4482//4482 4483//4483
f 4474//4474 4476//4476 4484//4484
f 4474//4474 4484//4484 4482//4482
f 4476//4476 4477//4477 4485//4485
f 4476//4476 4485//4485 4484//4484
f 4477//4477 4478//4478 4486//4486
f 4477//4477 4486//4486 4485//4485
f 4478//4478 4479//4479 4487//4487
f 4478//4478 4487//4487 4486//4486
f 4479//4479 4480//4480 4488//4488
f 4479//4479 4488//4488 4487//4487
f 4480//4480 4481//4481 4489//4489
f 4480//4480 4489//4489 4488//4488
f 4481//4481 4475//4475 4483//4483
f 4481//4481 4483//4483 4489//4489
f 4483//4483 4482//4482 4490//4490
f 4483//4483 4490//4490 4491//4491
f 4482//4482 4484//4484 4492//4492
f 4482//4482 4492//4492 4490//4490
f 4484//4484 4485//4485 4493//4493
f 4484//4484 4493//4493 4492//4492
f 4485//4485 4486//4486 4494//4494
f 4485//4485 4494//4494 4493//4493
f 4486//4486 4487//4487 4495//4495
f 4486//4486 4495//4495 4494//4494
f 4487//4487 4488//4488 4496//4496
f 4487//4487 4496//4496 4495//4495
f 4488//4488 4489//4489 4497//4497
f 4488//4488 4497//4497 4496//4496
f 4489//4489 4483//4483 4491//4491
f 4489//4489 4491//4491 4497//4497
f 4491//4491 4490//4490 4492//4492
f 4491//4491 4492//4492 4493//4493
f 4491//4491 4493//4493 4494//4494
f 4491//4491 4494//4494 4495//4495
f 4491//4491 4495//4495 4496//4496
f 4491//4491 4496//4496 4497//4497
f 4498//4498 4499//4499 4500//4500
f 4498//4498 4500//4500 4501//4501
f 4498//4498 4501//4501 4502//4502
f 4498//4498 4502//4502 4503//4503
f 4498//4498 4503//4503 4504//4504
f 4498//4498 4504//4504 4505//4505
f 4505//4505 4504//4504 4506//4506
f 4505//4505 4506//4506 4507//4507
f 4504//4504 4503//4503 4508//4508
f 4504//4504 4508//4508 4506//4506
f 4503//4503 4502//4502 4509//4509
f 4503//4503 4509//4509 4508//4508
f 4502//4502 4501//4501 4510//4510
f 4502//4502 4510//4510 4509//4509
f 4501//4501 4500//4500 4511//4511
f 4501//4501 4511//4511 4510//4510
f 4500//4500 4499//4499 4512//4512
f 4500//4500 4512//4512 4511//4511
f 4499//4499 4498//4498 4513//4513
f 4499//4499 4513//4513 4512//4512
f 4498//4498 4505//4505 4507//4507
f 4498//4498 4507//4507 4513//4513
f 4507//4507 4506//4506 4514//4514
f 4507//4507 4514//4514 4515//4515
f 4506//4506 4508//4508 4516//4516
f 4506//4506 4516//4516 4514//4514
f 4508//4508 4509//4509 4517//4517
f 4508//4508 4517//4517 4516//4516
f 4509//4509 4510//4510 4518//4518
f 4509//4509 4518//4518 4517//4517
f 4510//4510 4511//4511 4519//4519
f 4510//4510 4519//4519 4518//4518
f 4511//4511 4512//4512 4520//4520
f 4511//4511 4520//4520 4519//4519
f 4512//4512 4513//4513 4521//4521
f 4512//4512 4521//4521 4520//4520
f 4513//4513 4507//4507 4515//4515
f 4513//4513 4515//4515 4521//4521
f 4515//4515 4514//4514 4522//4522
f 4515//4515 4522//4522 4523//4523
f 4514//4514 4516//4516 4524//4524
f 4514//4514 4524//4524 4522//4522
f 4516//4516 4517//4517 4525//4525
f 4516//4516 4525//4525 4524//4524
f 4517//4517 4518//4518 4526//4526
f 4517//4517 4526//4526 4525//4525
f 4518//4518 4519//4519 4527//4527
f 4518//4518 4527//4527 4526//4526
f 4519//4519 4520//4520 4528//4528
f 4519//4519 4528//4528 4527//4527
f 4520//4520 4521//4521 4529//4529
f 4520//4520 4529//4529 4528//4528
f 4521//4521 4515//4515 4523//4523
f 4521//4521 4523//4523 4529//4529
f 4523//4523 4522//4522 4530//4530
f 4523//4523 4530//4530 4531//4531
f 4522//4522 4524//4524 4532//4532
f 4522//4522 4532//4532 4530//4530
f 4524//4524 4525//4525 4533//4533
f 4524//4524 4533//4533 4532//4532
f 4525//4525 4526//4526 4534//4534
f 4525//4525 4534//4534 4533//4533
f 4526//4526 4527//4527 4535//4535
f 4526//4526 4535//4535 4534//4534
f 4527//4527 4528//4528 4536//4536
f 4527//4527 4536//4536 4535//4535
f 4528//4528 4529//4529 4537//4537
f 4528//4528 4537//4537 4536//4536
f 4529//4529 4523//4523 4531//4531
f 4529//4529 4531//4531 4537//4537
f 4531//4531 4530//4530 4538//4538
f 4531//4531 4538//4538 4539//4539
f 4530//4530 4532//4532 4540//4540
f 4530//4530 4540//4540 4538//4538
f 4532//4532 4533//4533 4541//4541
f 4532//4532 4541//4541 4540//4540
f 4533//4533 4534//4534 4542//4542
f 4533//4533 4542//4542 4541//4541
f 4534//4534 4535//4535 4543//4543
f 4534//4534 4543//4543 4542//4542
f 4535//4535 4536//4536 4544//4544
f 4535//4535 4544//4544 4543//4543
f 4536//4536 4537//4537 4545//4545
f 4536//4536 4545//4545 4544//4544
f 4537//4537 4531//4531 4539//4539
f 4537//4537 4539//4539 4545//4545
f 4539//4539 4538//4538 4546//4546
f 4539//4539 4546//4546 4547//4547
f 4538//4538 4540//4540 4548//4548
f 4538//4538 4548//4548 4546//4546
f 4540//4540 4541//4541 4549//4549
f 4540//4540 4549//4549 4548//4548
f 4541//4541 4542//4542 4550//4550
f 4541//4541 4550//4550 4549//4549
f 4542//4542 4543//4543 4551//4551
f 4542//4542 4551//4551 4550//4550
f 4543//4543 4544//4544 4552//4552
f 4543//4543 4552//4552 4551//4551
f 4544//4544 4545//4545 4553//4553
f 4544//4544 4553//4553 4552//4552
f 4545//4545 4539//4539 4547//4547
f 4545//4545 4547//4547 4553//4553
f 4547//4547 4546//4546 4554//4554
f 4547//4547 4554//4554 4555//4555
f 4546//4546 4548//4548 4556//4556
f 4546//4546 4556//4556 4554//4554
f 4548//4548 4549//4549 4557//4557
f 4548//4548 4557//4557 4556//4556
f 4549//4549 4550//4550 4558//4558
f 4549//4549 4558//4558 4557//4557
f 4550//4550 4551//4551 4559//4559
f 4550//4550 4559//4559 4558//4558
f 4551//4551 4552//4552 4560//4560
f 4551//4551 4560//4560 4559//4559
f 4552//4552 4553//4553 4561//4561
f 4552//4552 4561//4561 4560//4560
f 4553//4553 4547//4547 4555//4555
f 4553//4553 4555//4555 4561//4561
f 4555//4555 4554//4554 4562//4562
f 4555//4555 4562//4562 4563//4563
f 4554//4554 4556//4556 4564//4564
f 4554//4554 4564//4564 4562//4562
f 4556//4556 4557//4557 4565//4565
f 4556//4556 4565//4565 4564//4564
f 4557//4557 4558//4558 4566//4566
f 4557//4557 4566//4566 4565//4565
f 4558//4558 4559//4559 4567//4567
f 4558//4558 4567//4567 4566//4566
f 4559//4559 4560//4560 4568//4568
f 4559//4559 4568//4568 4567//4567
f 4560//4560 4561//4561 4569//4569
f 4560//4560 4569//4569 4568//4568
f 4561//4561 4555//4555 4563//4563
f 4561//4561 4563//4563 4569//4569
f 4563//4563 4562//4562 4570//4570
f 4563//4563 4570//4570 4571//4571
f 4562//4562 4564//4564 4572//4572
f 4562//4562 4572//4572 4570//4570
f 4564//4564 4565//4565 4573//4573
f 4564//4564 4573//4573 4572//4572
f 4565//4565 4566//4566 4574//4574
f 4565//4565 4574//4574 4573//4573
f 4566//4566 4567//4567 4575//4575
f 4566//4566 4575//4575 4574//4574
f 4567//4567 4568//4568 4576//4576
f 4567//4567 4576//4576 4575//4575
f 4568//4568 4569//4569 4577//4577
f 4568//4568 4577//4577 4576//4576
f 4569//4569 4563//4563 4571//4571
f 4569//4569 4571//4571 4577//4577
f 4571//4571 4570//4570 4578//4578
f 4571//4571 4578//4578 4579//4579
f 4570//4570 4572//4572 4580//4580
f 4570//4570 4580//4580 4578//4578
f 4572//4572 4573//4573 4581//4581
f 4572//4572 4581//4581 4580//4580
f 4573//4573 4574//4574 4582//4582
f 4573//4573 4582//4582 4581//4581
f 4574//4574 4575//4575 4583//4583
f 4574//4574 4583//4583 4582//4582
f 4575//4575 4576//4576 4584//4584
f 4575//4575 4584//4584 4583//4583
f 4576//4576 4577//4577 4585//4585
f 4576//4576 4585//4585 4584//4584
f 4577//4577 4571//4571 4579//4579
f 4577//4577 4579//4579 4585//4585
f 4579//4579 4578//4578 4586//4586
f 4579//4579 4586//4586 4587//4587
f 4578//4578 4580//4580 4588//4588
f 4578//4578 4588//4588 4586//4586
f 4580//4580 4581//4581 4589//4589
f 4580//4580 4589//4589 4588//4588
f 4581//4581 4582//4582 4590//4590
f 4581//4581 4590//4590 4589//4589
f 4582//4582 4583//4583 4591//4591
f 4582//4582 4591//4591 4590//4590
f 4583//4583 4584//4584 4592//4592
f 4583//4583 4592//4592 4591//4591
f 4584//4584 4585//4585 4593//4593
f 4584//4584 4593//4593 4592//4592
f 4585//4585 4579//4579 4587//4587
f 4585//4585 4587//4587 4593//4593
f 4587//4587 4586//4586 4594//4594
f 4587//4587 4594//4594 4595//4595
f 4586//4586 4588//4588 4596//4596
f 4586//4586 4596//4596 4594//4594
f 4588//4588 4589//4589 4597//4597
f 4588//4588 4597//4597 4596//4596
f 4589//4589 4590//4590 4598//4598
f 4589//4589 4598//4598 4597//4597
f 4590//4590 4591//4591 4599//4599
f 4590//4590 4599//4599 4598//4598
f 4591//4591 4592//4592 4600//4600
f 4591//4591 4600//4600 4599//4599
f 4592//4592 4593//4593 4601//4601
f 4592//4592 4601//4601 4600//4600
f 4593//4593 4587//4587 4595//4595
f 4593//4593 4595//4595 4601//4601
f 4595//4595 4594//4594 4602//4602
f 4595//4595 4602//4602 4603//4603
f 4594//4594 4596//4596 4604//4604
f 4594//4594 4604//4604 4602//4602
f 4596//4596 4597//4597 4605//4605
f 4596//4596 4605//4605 4604//4604
f 4597//4597 4598//4598 4606//4606
f 4597//4597 4606//4606 4605//4605
f 4598//4598 4599//4599 4607//4607
f 4598//4598 4607//4607 4606//4606
f 4599//4599 4600//4600 4608//4608
f 4599//4599 4608//4608 4607//4607
f 4600//4600 4601//4601 4609//4609
f 4600//4600 4609//4609 4608//4608
f 4601//4601 4595//4595 4603//4603
f 4601//4601 4603//4603 4609//4609
f 4603//4603 4602//4602 4610//4610
f 4603//4603 4610//4610 4611//4611
f 4602//4602 4604//4604 4612//4612
f 4602//4602 4612//4612 4610//4610
f 4604//4604 4605//4605 4613//4613
f 4604//4604 4613//4613 4612//4612
f 4605//4605 4606//4606 4614//4614
f 4605//4605 4614//4614 4613//4613
f 4606//4606 4607//4607 4615//4615
f 4606//4606 4615//4615 4614//4614
f 4607//4607 4608//4608 4616//4616
f 4607//4607 4616//4616 4615//4615
f 4608//4608 4609//4609 4617//4617
f 4608//4608 4617//4617 4616//4616
f 4609//4609 4603//4603 4611//4611
f 4609//4609 4611//4611 4617//4617
f 4611//4611 4610//4610 4612//4612
f 4611//4611 4612//4612 4613//4613
f 4611//4611 4613//4613 4614//4614
f 4611//4611 4614//4614 4615//4615
f 4611//4611 4615//4615 4616//4616
f 4611//4611 4616//4616 4617//4617
f 4618//4618 4619//4619 4620//4620
f 4618//4618 4620//4620 4621//4621
f 4618//4618 4621//4621 4622//4622
f 4618//4618 4622//4622 4623//4623
f 4618//4618 4623//4623 4624//4624
f 4618//4618 4624//4624 4625//4625
f 4625//4625 4624//4624 4626//4626
f 4625//4625 4626//4626 4627//4627
f 4624//4624 4623//4623 4628//4628
f 4624//4624 4628//4628 4626//4626
f 4623//4623 4622//4622 4629//4629
f 4623//4623 4629//4629 4628//4628
f 4622//4622 4621//4621 4630//4630
f 4622//4622 4630//4630 4629//4629
f 4621//4621 4620//4620 4631//4631
f 4621//4621 4631//4631 4630//4630
f 4620//4620 4619//4619 4632//4632
f 4620//4620 4632//4632 4631//4631
f 4619//4619 4618//4618 4633//4633
f 4619//4619 4633//4633 4632//4632
f 4618//4618 4625//4625 4627//4627
f 4618//4618 4627//4627 4633//4633
f 4627//4627 4626//4626 4634//4634
f 4627//4627 4634//4634 4635//4635
f 4626//4626 4628//4628 4636//4636
f 4626//4626 4636//4636 4634//4634
f 4628//4628 4629//4629 4637//4637
f 4628//4628 4637//4637 4636//4636
f 4629//4629 4630//4630 4638//4638
f 4629//4629 4638//4638 4637//4637
f 4630//4630 4631//4631 4639//4639
f 4630//4630 4639//4639 4638//4638
f 4631//4631 4632//4632 4640//4640
f 4631//4631 4640//4640 4639//4639
f 4632//4632 4633//4633 4641//4641
f 4632//4632 4641//4641 4640//4640
f 4633//4633 4627//4627 4635//4635
f 4633//4633 4635//4635 4641//4641
f 4635//4635 4634//4634 4642//4642
f 4635//4635 4642//4642 4643//4643
f 4634//4634 4636//4636 4644//4644
f 4634//4634 4644//4644 4642//4642
f 4636//4636 4637//4637 4645//4645
f 4636//4636 4645//4645 4644//4644
f 4637//4637 4638//4638 4646//4646
f 4637//4637 4646//4646 4645//4645
f 4638//4638 4639//4639 4647//4647
f 4638//4638 4647//4647 4646//4646
f 4639//4639 4640//4640 4648//4648
f 4639//4639 4648//4648 4647//4647
f 4640//4640 4641//4641 4649//4649
f 4640//4640 4649//4649 4648//4648
f 4641//4641 4635//4635 4643//4643
f 4641//4641 4643//4643 4649//4649
f 4643//4643 4642//4642 4650//4650
f 4643//4643 4650//4650 4651//4651
f 4642//4642 4644//4644 4652//4652
f 4642//4642 4652//4652 4650//4650
f 4644//4644 4645//4645 4653//4653
f 4644//4644 4653//4653 4652//4652
f 4645//4645 4646//4646 4654//4654
f 4645//4645 4654//4654 4653//4653
f 4646//4646 4647//4647 4655//4655
f 4646//4646 4655//4655 4654//4654
f 4647//4647 4648//4648 4656//4656
f 4647//4647 4656//4656 4655//4655
f 4648//4648 4649//4649 4657//4657
f 4648//4648 4657//4657 4656//4656
f 4649//4649 4643//4643 4651//4651
f 4649//4649 4651//4651 4657//4657
f 4651//4651 4650//4650 4658//4658
f 4651//4651 4658//4658 4659//4659
f 4650//4650 4652//4652 4660//4660
f 4650//4650 4660//4660 4658//4658
f 4652//4652 4653//4653 4661//4661
f 4652//4652 4661//4661 4660//4660
f 4653//4653 4654//4654 4662//4662
f 4653//4653 4662//4662 4661//4661
f 4654//4654 4655//4655 4663//4663
f 4654//4654 4663//4663 4662//4662
f 4655//4655 4656//4656 4664//4664
f 4655//4655 4664//4664 4663//4663
f 4656//4656 4657//4657 4665//4665
f 4656//4656 4665//4665 4664//4664
f 4657//4657 4651//4651 4659//4659
f 4657//4657 4659//4659 4665//4665
f 4659//4659 4658//4658 4666//4666
f 4659//4659 4666//4666 4667//4667
f 4658//4658 4660//4660 4668//4668
f 4658//4658 4668//4668 4666//4666
f 4660//4660 4661//4661 4669//4669
f 4660//4660 4669//4669 4668//4668
f 4661//4661 4662//4662 4670//4670
f 4661//4661 4670//4670 4669//4669
f 4662//4662 4663//4663 4671//4671
f 4662//4662 4671//4671 4670//4670
f 4663//4663 4664//4664 4672//4672
f 4663//4663 4672//4672 4671//4671
f 4664//4664 4665//4665 4673//4673
f 4664//4664 4673//4673 4672//4672
f 4665//4665 4659//4659 4667//4667
f 4665//4665 4667//4667 4673//4673
f 4667//4667 4666//4666 4674//4674
f 4667//4667 4674//4674 4675//4675
f 4666//4666 4668//4668 4676//4676
f 4666//4666 4676//4676 4674//4674
f 4668//4668 4669//4669 4677//4677
f 4668//4668 4677//4677 4676//4676
f 4669//4669 4670//4670 4678//4678
f 4669//4669 4678//4678 4677//4677
f 4670//4670 4671//4671 4679//4679
f 4670//4670 4679//4679 4678//4678
f 4671//4671 4672//4672 4680//4680
f 4671//4671 4680//4680 4679//4679
f 4672//4672 4673//4673 4681//4681
f 4672//4672 4681//4681 4680//4680
f 4673//4673 4667//4667 4675//4675
f 4673//4673 4675//4675 4681//4681
f 4675//4675 4674//4674 4682//4682
f 4675//4675 4682//4682 4683//4683
f 4674//4674 4676//4676 4684//4684
f 4674//4674 4684//4684 4682//4682
f 4676//4676 4677//4677 4685//4685
f 4676//4676 4685//4685 4684//4684
f 4677//4677 4678//4678 4686//4686
f 4677//4677 4686//4686 4685//4685
f 4678//4678 4679//4679 4687//4687
f 4678//4678 4687//4687 4686//4686
f 4679//4679 4680//4680 4688//4688
f 4679//4679 4688//4688 4687//4687
f 4680//4680 4681//4681 4689//4689
f 4680//4680 4689//4689 4688//4688
f 4681//4681 4675//4675 4683//4683
f 4681//4681 4683//4683 4689//4689
f 4683//4683 4682//4682 4690//4690
f 4683//4683 4690//4690 4691//4691
f 4682//4682 4684//4684 4692//4692
f 4682//4682 4692//4692 4690//4690
f 4684//4684 4685//4685 4693//4693
f 4684//4684 4693//4693 4692//4692
f 4685//4685 4686//4686 4694//4694
f 4685//4685 4694//4694 4693//4693
f 4686//4686 4687//4687 4695//4695
f 4686//4686 4695//4695 4694//4694
f 4687//4687 4688//4688 4696//4696
f 4687//4687 4696//4696 4695//4695
f 4688//4688 4689//4689 4697//4697
f 4688//4688 4697//4697 4696//4696
f 4689//4689 4683//4683 4691//4691
f 4689//4689 4691//4691 4697//4697
f 4691//4691 4690//4690 4698//4698
f 4691//4691 4698//4698 4699//4699
f 4690//4690 4692//4692 4700//4700
f 4690//4690 4700//4700 4698//4698
f 4692//4692 4693//4693 4701//4701
f 4692//4692 4701//4701 4700//4700
f 4693//4693 4694//4694 4702//4702
f 4693//4693 4702//4702 4701//4701
f 4694//4694 4695//4695 4703//4703
f 4694//4694 4703//4703 4702//4702
f 4695//4695 4696//4696 4704//4704
f 4695//4695 4704//4704 4703//4703
f 4696//4696 4697//4697 4705//4705
f 4696//4696 4705//4705 4704//4704
f 4697//4697 4691//4691 4699//4699
f 4697//4697 4699//4699 4705//4705
f 4699//4699 4698//4698 4706//4706
f 4699//4699 4706//4706 4707//4707
f 4698//4698 4700//4700 4708//4708
f 4698//4698 4708//4708 4706//4706
f 4700//4700 4701//4701 4709//4709
f 4700//4700 4709//4709 4708//4708
f 4701//4701 4702//4702 4710//4710
f 4701//4701 4710//4710 4709//4709
f 4702//4702 4703//4703 4711//4711
f 4702//4702 4711//4711 4710//4710
f 4703//4703 4704//4704 4712//4712
f 4703//4703 4712//4712 4711//4711
f 4704//4704 4705//4705 4713//4713
f 4704//4704 4713//4713 4712//4712
f 4705//4705 4699//4699 4707//4707
f 4705//4705 4707//4707 4713//4713
f 4707//4707 4706//4706 4714//4714
f 4707//4707 4714//4714 4715//4715
f 4706//4706 4708//4708 4716//4716
f 4706//4706 4716//4716 4714//4714
f 4708//4708 4709//4709 4717//4717
f 4708//4708 4717//4717 4716//4716
f 4709//4709 4710//4710 4718//4718
f 4709//4709 4718//4718 4717//4717
f 4710//4710 4711//4711 4719//4719
f 4710//4710 4719//4719 4718//4718
f 4711//4711 4712//4712 4720//4720
f 4711//4711 4720//4720 4719//4719
f 4712//4712 4713//4713 4721//4721
f 4712//4712 4721//4721 4720//4720
f 4713//4713 4707//4707 4715//4715
f 4713//4713 4715//4715 4721//4721
f 4715//4715 4714//4714 4722//4722
f 4715//4715 4722//4722 4723//4723
f 4714//4714 4716//4716 4724//4724
f 4714//4714 4724//4724 4722//4722
f 4716//4716 4717//4717 4725//4725
f 4716//4716 4725//4725 4724//4724
f 4717//4717 4718//4718 4726//4726
f 4717//4717 4726//4726 4725//4725
f 4718//4718 4719//4719 4727//4727
f 4718//4718 4727//4727 4726//4726
f 4719//4719 4720//4720 4728//4728
f 4719//4719 4728//4728 4727//4727
f 4720//4720 4721//4721 4729//4729
f 4720//4720 4729//4729 4728//4728
f 4721//4721 4715//4715 4723//4723
f 4721//4721 4723//4723 4729//4729
f 4723//4723 4722//4722 4730//4730
f 4723//4723 4730//4730 4731//4731
f 4722//4722 4724//4724 4732//4732
f 4722//4722 4732//4732 4730//4730
f 4724//4724 4725//4725 4733//4733
f 4724//4724 4733//4733 4732//4732
f 4725//4725 4726//4726 4734//4734
f 4725//4725 4734//4734 4733//4733
f 4726//4726 4727//4727 4735//4735
f 4726//4726 4735//4735 4734//4734
f 4727//4727 4728//4728 4736//4736
f 4727//4727 4736//4736 4735//4735
f 4728//4728 4729//4729 4737//4737
f 4728//4728 4737//4737 4736//4736
f 4729//4729 4723//4723 4731//4731
f 4729//4729 4731//4731 4737//4737
f 4731//4731 4730//4730 4732//4732
f 4731//4731 4732//4732 4733//4733
f 4731//4731 4733//4733 4734//4734
f 4731//4731 4734//4734 4735//4735
f 4731//4731 4735//4735 4736//4736
f 4731//4731 4736//4736 4737//4737
f 4738//4738 4739//4739 4740//4740
f 4738//4738 4740//4740 4741//4741
f 4738//4738 4741//4741 4742//4742
f 4738//4738 4742//4742 4743//4743
f 4738//4738 4743//4743 4744//4744
f 4738//4738 4744//4744 4745//4745
f 4745//4745 4744//4744 4746//4746
f 4745//4745 4746//4746 4747//4747
f 4744//4744 4743//4743 4748//4748
f 4744//4744 4748//4748 4746//4746
f 4743//4743 4742//4742 4749//4749
f 4743//4743 4749//4749 4748//4748
f 4742//4742 4741//4741 4750//4750
f 4742//4742 4750//4750 4749//4749
f 4741//4741 4740//4740 4751//4751
f 4741//4741 4751//4751 4750//4750
f 4740//4740 4739//4739 4752//4752
f 4740//4740 4752//4752 4751//4751
f 4739//4739 4738//4738 4753//4753
f 4739//4739 4753//4753 4752//4752
f 4738//4738 4745//4745 4747//4747
f 4738//4738 4747//4747 4753//4753
f 4747//4747 4746//4746 4754//4754
f 4747//4747 4754//4754 4755//4755
f 4746//4746 4748//4748 4756//4756
f 4746//4746 4756//4756 4754//4754
f 4748//4748 4749//4749 4757//4757
f 4748//4748 4757//4757 4756//4756
f 4749//4749 4750//4750 4758//4758
f 4749//4749 4758//4758 4757//4757
f 4750//4750 4751//4751 4759//4759
f 4750//4750 4759//4759 4758//4758
f 4751//4751 4752//4752 4760//4760
f 4751//4751 4760//4760 4759//4759
f 4752//4752 4753//4753 4761//4761
f 4752//4752 4761//4761 4760//4760
f 4753//4753 4747//4747 4755//4755
f 4753//4753 4755//4755 4761//4761
f 4755//4755 4754//4754 4762//4762
f 4755//4755 4762//4762 4763//4763
f 4754//4754 4756//4756 4764//4764
f 4754//4754 4764//4764 4762//4762
f 4756//4756 4757//4757 4765//4765
f 4756//4756 4765//4765 4764//4764
f 4757//4757 4758//4758 4766//4766
f 4757//4757 4766//4766 4765//4765
f 4758//4758 4759//4759 4767//4767
f 4758//4758 4767//4767 4766//4766
f 4759//4759 4760//4760 4768//4768
f 4759//4759 4768//4768 4767//4767
f 4760//4760 4761//4761 4769//4769
f 4760//4760 4769//4769 4768//4768
f 4761//4761 4755//4755 4763//4763
f 4761//4761 4763//4763 4769//4769
f 4763//4763 4762//4762 4770//4770
f 4763//4763 4770//4770 4771//4771
f 4762//4762 4764//4764 4772//4772
f 4762//4762 4772//4772 4770//4770
f 4764//4764 4765//4765 4773//4773
f 4764//4764 4773//4773 4772//4772
f 4765//4765 4766//4766 4774//4774
f 4765//4765 4774//4774 4773//4773
f 4766//4766 4767//4767 4775//4775
f 4766//4766 4775//4775 4774//4774
f 4767//4767 4768//4768 4776//4776
f 4767//4767 4776//4776 4775//4775
f 4768//4768 4769//4769 4777//4777
f 4768//4768 4777//4777 4776//4776
f 4769//4769 4763//4763 4771//4771
f 4769//4769 4771//4771 4777//4777
f 4771//4771 4770//4770 4778//4778
f 4771//4771 4778//4778 4779//4779
f 4770//4770 4772//4772 4780//4780
f 4770//4770 4780//4780 4778//4778
f 4772//4772 4773//4773 4781//4781
f 4772//4772 4781//4781 4780//4780
f 4773//4773 4774//4774 4782//4782
f 4773//4773 4782//4782 4781//4781
f 4774//4774 4775//4775 4783//4783
f 4774//4774 4783//4783 4782//4782
f 4775//4775 4776//4776 4784//4784
f 4775//4775 4784//4784 4783//4783
f 4776//4776 4777//4777 4785//4785
f 4776//4776 4785//4785 4784//4784
f 4777//4777 4771//4771 4779//4779
f 4777//4777 4779//4779 4785//4785
f 4779//4779 4778//4778 4786//4786
f 4779//4779 4786//4786 4787//4787
f 4778//4778 4780//4780 4788//4788
f 4778//4778 4788//4788 4786//4786
f 4780//4780 4781//4781 4789//4789
f 4780//4780 4789//4789 4788//4788
f 4781//4781 4782//4782 4790//4790
f 4781//4781 4790//4790 4789//4789
f 4782//4782 4783//4783 4791//4791
f 4782//4782 4791//4791 4790//4790
f 4783//4783 4784//4784 4792//4792
f 4783//4783 4792//4792 4791//4791
f 4784//4784 4785//4785 4793//4793
f 4784//4784 4793//4793 4792//4792
f 4785//4785 4779//4779 4787//4787
f 4785//4785 4787//4787 4793//4793
f 4787//4787 4786//4786 4794//4794
f 4787//4787 4794//4794 4795//4795
f 4786//4786 4788//4788 4796//4796
f 4786//4786 4796//4796 4794//4794
f 4788//4788 4789//4789 4797//4797
f 4788//4788 4797//4797 4796//4796
f 4789//4789 4790//4790 4798//4798
f 4789//4789 4798//4798 4797//4797
f 4790//4790 4791//4791 4799//4799
f 4790//4790 4799//4799 4798//4798
f 4791//4791 4792//4792 4800//4800
f 4791//4791 4800//4800 4799//4799
f 4792//4792 4793//4793 4801//4801
f 4792//4792 4801//4801 4800//4800
f 4793//4793 4787//4787 4795//4795
f 4793//4793 4795//4795 4801//4801
f 4795//4795 4794//4794 4802//4802
f 4795//4795 4802//4802 4803//4803
f 4794//4794 4796//4796 4804//4804
f 4794//4794 4804//4804 4802//4802
f 4796//4796 4797//4797 4805//4805
f 4796//4796 4805//4805 4804//4804
f 4797//4797 4798//4798 4806//4806
f 4797//4797 4806//4806 4805//4805
f 4798//4798 4799//4799 4807//4807
f 4798//4798 4807//4807 4806//4806
f 4799//4799 4800//4800 4808//4808
f 4799//4799 4808//4808 4807//4807
f 4800//4800 4801//4801 4809//4809
f 4800//4800 4809//4809 4808//4808
f 4801//4801 4795//4795 4803//4803
f 4801//4801 4803//4803 4809//4809
f 4803//4803 4802//4802 4810//4810
f 4803//4803 4810//4810 4811//4811
f 4802//4802 4804//4804 4812//4812
f 4802//4802 4812//4812 4810//4810
f 4804//4804 4805//4805 4813//4813
f 4804//4804 4813//4813 4812//4812
f 4805//4805 4806//4806 4814//4814
f 4805//4805 4814//4814 4813//4813
f 4806//4806 4807//4807 4815//4815
f 4806//4806 4815//4815 4814//4814
f 4807//4807 4808//4808 4816//4816
f 4807//4807 4816//4816 4815//4815
f 4808//4808 4809//4809 4817//4817
f 4808//4808 4817//4817 4816//4816
f 4809//4809 4803//4803 4811//4811
f 4809//4809 4811//4811 4817//4817
f 4811//4811 4810//4810 4818//4818
f 4811//4811 4818//4818 4819//4819
f 4810//4810 4812//4812 4820//4820
f 4810//4810 4820//4820 4818//4818
f 4812//4812 4813//4813 4821//4821
f 4812//4812 4821//4821 4820//4820
f 4813//4813 4814//4814 4822//4822
f 4813//4813 4822//4822 4821//4821
f 4814//4814 4815//4815 4823//4823
f 4814//4814 4823//4823 4822//4822
f 4815//4815 4816//4816 4824//4824
f 4815//4815 4824//4824 4823//4823
f 4816//4816 4817//4817 4825//4825
f 4816//4816 4825//4825 4824//4824
f 4817//4817 4811//4811 4819//4819
f 4817//4817 4819//4819 4825//4825
f 4819//4819 4818//4818 4826//4826
f 4819//4819 4826//4826 4827//4827
f 4818//4818 4820//4820 4828//4828
f 4818//4818 4828//4828 4826//4826
f 4820//4820 4821//4821 4829//4829
f 4820//4820 4829//4829 4828//4828
f 4821//4821 4822//4822 4830//4830
f 4821//4821 4830//4830 4829//4829
f 4822//4822 4823//4823 4831//4831
f 4822//4822 4831//4831 4830//4830
f 4823//4823 4824//4824 4832//4832
f 4823//4823 4832//4832 4831//4831
f 4824//4824 4825//4825 4833//4833
f 4824//4824 4833//4833 4832//4832
f 4825//4825 4819//4819 4827//4827
f 4825//4825 4827//4827 4833//4833
f 4827//4827 4826//4826 4834//4834
f 4827//4827 4834//4834 4835//4835
f 4826//4826 4828//4828 4836//4836
f 4826//4826 4836//4836 4834//4834
f 4828//4828 4829//4829 4837//4837
f 4828//4828 4837//4837 4836//4836
f 4829//4829 4830//4830 4838//4838
f 4829//4829 4838//4838 4837//4837
f 4830//4830 4831//4831 4839//4839
f 4830//4830 4839//4839 4838//4838
f 4831//4831 4832//4832 4840//4840
f 4831//4831 4840//4840 4839//4839
f 4832//4832 4833//4833 4841//4841
f 4832//4832 4841//4841 4840//4840
f 4833//4833 4827//4827 4835//4835
f 4833//4833 4835//4835 4841//4841
f 4835//4835 4834//4834 4842//4842
f 4835//4835 4842//4842 4843//4843
f 4834//4834 4836//4836 4844//4844
f 4834//4834 4844//4844 4842//4842
f 4836//4836 4837//4837 4845//4845
f 4836//4836 4845//4845 4844//4844
f 4837//4837 4838//4838 4846//4846
f 4837//4837 4846//4846 4845//4845
f 4838//4838 4839//4839 4847//4847
f 4838//4838 4847//4847 4846//4846
f 4839//4839 4840//4840 4848//4848
f 4839//4839 4848//4848 4847//4847
f 4840//4840 4841//4841 4849//4849
f 4840//4840 4849//4849 4848//4848
f 4841//4841 4835//4835 4843//4843
f 4841//4841 4843//4843 4849//4849
f 4843//4843 4842//4842 4850//4850
f 4843//4843 4850//4850 4851//4851
f 4842//4842 4844//4844 4852//4852
f 4842//4842 4852//4852 4850//4850
f 4844//4844 4845//4845 4853//4853
f 4844//4844 4853//4853 4852//4852
f 4845//4845 4846//4846 4854//4854
f 4845//4845 4854//4854 4853//4853
f 4846//4846 4847//4847 4855//4855
f 4846//4846 4855//4855 4854//4854
f 4847//4847 4848//4848 4856//4856
f 4847//4847 4856//4856 4855//4855
f 4848//4848 4849//4849 4857//4857
f 4848//4848 4857//4857 4856//4856
f 4849//4849 4843//4843 4851//4851
f 4849//4849 4851//4851 4857//4857
f 4851//4851 4850//4850 4852//4852
f 4851//4851 4852//4852 4853//4853
f 4851//4851 4853//4853 4854//4854
f 4851//4851 4854//4854 4855//4855
f 4851//4851 4855//4855 4856//4856
f 4851//4851 4856//4856 4857//4857
f 4858//4858 4859//4859 4860//4860
f 4858//4858 4860//4860 4861//4861
f 4859//4859 4862//4862 4863//4863
f 4859//4859 4863//4863 4860//4860
f 4862//4862 4864//4864 4865//4865
f 4862//4862 4865//4865 4863//4863
f 4864//4864 4866//4866 4867//4867
f 4864//4864 4867//4867 4865//4865
f 4866//4866 4868//4868 4869//4869
f 4866//4866 4869//4869 4867//4867
f 4868//4868 4870//4870 4871//4871
f 4868//4868 4871//4871 4869//4869
f 4870//4870 4872//4872 4873//4873
f 4870//4870 4873//4873 4871//4871
f 4872//4872 4874//4874 4875//4875
f 4872//4872 4875//4875 4873//4873
f 4874//4874 4876//4876 4877//4877
f 4874//4874 4877//4877 4875//4875
f 4876//4876 4878//4878 4879//4879
f 4876//4876 4879//4879 4877//4877
f 4878//4878 4880//4880 4881//4881
f 4878//4878 4881//4881 4879//4879
f 4880//4880 4882//4882 4883//4883
f 4880//4880 4883//4883 4881//4881
f 4882//4882 4884//4884 4885//4885
f 4882//4882 4885//4885 4883//4883
f 4884//4884 4886//4886 4887//4887
f 4884//4884 4887//4887 4885//4885
f 4886//4886 4888//4888 4889//4889
f 4886//4886 4889//4889 4887//4887
f 4888//4888 4890//4890 4891//4891
f 4888//4888 4891//4891 4889//4889
f 4890//4890 4892//4892 4893//4893
f 4890//4890 4893//4893 4891//4891
f 4892//4892 4894//4894 4895//4895
f 4892//4892 4895//4895 4893//4893
f 4894//4894 4896//4896 4897//4897
f 4894//4894 4897//4897 4895//4895
f 4896//4896 4898//4898 4899//4899
f 4896//4896 4899//4899 4897//4897
f 4898//4898 4900//4900 4901//4901
f 4898//4898 4901//4901 4899//4899
f 4900//4900 4902//4902 4903//4903
f 4900//4900 4903//4903 4901//4901
f 4902//4902 4904//4904 4905//4905
f 4902//4902 4905//4905 4903//4903
f 4904//4904 4906//4906 4907//4907
f 4904//4904 4907//4907 4905//4905
f 4906//4906 4908//4908 4909//4909
f 4906//4906 4909//4909 4907//4907
f 4908//4908 4910//4910 4911//4911
f 4908//4908 4911//4911 4909//4909
f 4910//4910 4912//4912 4913//4913
f 4910//4910 4913//4913 4911//4911
f 4912//4912 4914//4914 4915//4915
f 4912//4912 4915//4915 4913//4913
f 4914//4914 4916//4916 4917//4917
f 4914//4914 4917//4917 4915//4915
f 4916//4916 4918//4918 4919//4919
f 4916//4916 4919//4919 4917//4917
f 4918//4918 4920//4920 4921//4921
f 4918//4918 4921//4921 4919//4919
f 4920//4920 4922//4922 4923//4923
f 4920//4920 4923//4923 4921//4921
f 4922//4922 4924//4924 4925//4925
f 4922//4922 4925//4925 4923//4923
f 4924//4924 4926//4926 4927//4927
f 4924//4924 4927//4927 4925//4925
f 4926//4926 4928//4928 4929//4929
f 4926//4926 4929//4929 4927//4927
f 4928//4928 4930//4930 4931//4931
f 4928//4928 4931//4931 4929//4929
f 4930//4930 4932//4932 4933//4933
f 4930//4930 4933//4933 4931//4931
f 4932//4932 4934//4934 4935//4935
f 4932//4932 4935//4935 4933//4933
f 4934//4934 4936//4936 4937//4937
f 4934//4934 4937//4937 4935//4935
f 4936//4936 4858//4858 4861//4861
f 4936//4936 4861//4861 4937//4937
f 4861//4861 4860//4860 4938//4938
f 4861//4861 4938//4938 4939//4939
f 4860//4860 4863//4863 4940//4940
f 4860//4860 4940//4940 4938//4938
f 4863//4863 4865//4865 4941//4941
f 4863//4863 4941//4941 4940//4940
f 4865//4865 4867//4867 4942//4942
f 4865//4865 4942//4942 4941//4941
f 4867//4867 4869//4869 4943//4943
f 4867//4867 4943//4943 4942//4942
f 4869//4869 4871//4871 4944//4944
f 4869//4869 4944//4944 4943//4943
f 4871//4871 4873//4873 4945//4945
f 4871//4871 4945//4945 4944//4944
f 4873//4873 4875//4875 4946//4946
f 4873//4873 4946//4946 4945//4945
f 4875//4875 4877//4877 4947//4947
f 4875//4875 4947//4947 4946//4946
f 4877//4877 4879//4879 4948//4948
f 4877//4877 4948//4948 4947//4947
f 4879//4879 4881//4881 4949//4949
f 4879//4879 4949//4949 4948//4948
f 4881//4881 4883//4883 4950//4950
f 4881//4881 4950//4950 4949//4949
f 4883//4883 4885//4885 4951//4951
f 4883//4883 4951//4951 4950//4950
f 4885//4885 4887//4887 4952//4952
f 4885//4885 4952//4952 4951//4951
f 4887//4887 4889//4889 4953//4953
f 4887//4887 4953//4953 4952//4952
f 4889//4889 4891//4891 4954//4954
f 4889//4889 4954//4954 4953//4953
f 4891//4891 4893//4893 4955//4955
f 4891//4891 4955//4955 4954//4954
f 4893//4893 4895//4895 4956//4956
f 4893//4893 4956//4956 4955//4955
f 4895//4895 4897//4897 4957//4957
f 4895//4895 4957//4957 4956//4956
f 4897//4897 4899//4899 4958//4958
f 4897//4897 4958//4958 4957//4957
f 4899//4899 4901//4901 4959//4959
f 4899//4899 4959//4959 4958//4958
f 4901//4901 4903//4903 4960//4960
f 4901//4901 4960//4960 4959//4959
f 4903//4903 4905//4905 4961//4961
f 4903//4903 4961//4961 4960//4960
f 4905//4905 4907//4907 4962//4962
f 4905//4905 4962//4962 4961//4961
f 4907//4907 4909//4909 4963//4963
f 4907//4907 4963//4963 4962//4962
f 4909//4909 4911//4911 4964//4964
f 4909//4909 4964//4964 4963//4963
f 4911//4911 4913//4913 4965//4965
f 4911//4911 4965//4965 4964//4964
f 4913//4913 4915//4915 4966//4966
f 4913//4913 4966//4966 4965//4965
f 4915//4915 4917//4917 4967//4967
f 4915//4915 4967//4967 4966//4966
f 4917//4917 4919//4919 4968//4968
f 4917//4917 4968//4968 4967//4967
f 4919//4919 4921//4921 4969//4969
f 4919//4919 4969//4969 4968//4968
f 4921//4921 4923//4923 4970//4970
f 4921//4921 4970//4970 4969//4969
f 4923//4923 4925//4925 4971//4971
f 4923//4923 4971//4971 4970//4970
f 4925//4925 4927//4927 4972//4972
f 4925//4925 4972//4972 4971//4971
f 4927//4927 4929//4929 4973//4973
f 4927//4927 4973//4973 4972//4972
f 4929//4929 4931//4931 4974//4974
f 4929//4929 4974//4974 4973//4973
f 4931//4931 4933//4933 4975//4975
f 4931//4931 4975//4975 4974//4974
f 4933//4933 4935//4935 4976//4976
f 4933//4933 4976//4976 4975//4975
f 4935//4935 4937//4937 4977//4977
f 4935//4935 4977//4977 4976//4976
f 4937//4937 4861//4861 4939//4939
f 4937//4937 4939//4939 4977//4977
f 4939//4939 4938//4938 4978//4978
f 4939//4939 4978//4978 4979//4979
f 4938//4938 4940//4940 4980//4980
f 4938//4938 4980//4980 4978//4978
f 4940//4940 4941//4941 4981//4981
f 4940//4940 4981//4981 4980//4980
f 4941//4941 4942//4942 4982//4982
f 4941//4941 4982//4982 4981//4981
f 4942//4942 4943//4943 4983//4983
f 4942//4942 4983//4983 4982//4982
f 4943//4943 4944//4944 4984//4984
f 4943//4943 4984//4984 4983//4983
f 4944//4944 4945//4945 4985//4985
f 4944//4944 4985//4985 4984//4984
f 4945//4945 4946//4946 4986//4986
f 4945//4945 4986//4986 4985//4985
f 4946//4946 4947//4947 4987//4987
f 4946//4946 4987//4987 4986//4986
f 4947//4947 4948//4948 4988//4988
f 4947//4947 4988//4988 4987//4987
f 4948//4948 4949//4949 4989//4989
f 4948//4948 4989//4989 4988//4988
f 4949//4949 4950//4950 4990//4990
f 4949//4949 4990//4990 4989//4989
f 4950//4950 4951//4951 4991//4991
f 4950//4950 4991//4991 4990//4990
f 4951//4951 4952//4952 4992//4992
f 4951//4951 4992//4992 4991//4991
f 4952//4952 4953//4953 4993//4993
f 4952//4952 4993//4993 4992//4992
f 4953//4953 4954//4954 4994//4994
f 4953//4953 4994//4994 4993//4993
f 4954//4954 4955//4955 4995//4995
f 4954//4954 4995//4995 4994//4994
f 4955//4955 4956//4956 4996//4996
f 4955//4955 4996//4996 4995//4995
f 4956//4956 4957//4957 4997//4997
f 4956//4956 4997//4997 4996//4996
f 4957//4957 4958//4958 4998//4998
f 4957//4957 4998//4998 4997//4997
f 4958//4958 4959//4959 4999//4999
f 4958//4958 4999//4999 4998//4998
f 4959//4959 4960//4960 5000//5000
f 4959//4959 5000//5000 4999//4999
f 4960//4960 4961//4961 5001//5001
f 4960//4960 5001//5001 5000//5000
f 4961//4961 4962//4962 5002//5002
f 4961//4961 5002//5002 5001//5001
f 4962//4962 4963//4963 5003//5003
f 4962//4962 5003//5003 5002//5002
f 4963//4963 4964//4964 5004//5004
f 4963//4963 5004//5004 5003//5003
f 4964//4964 4965//4965 5005//5005
f 4964//4964 5005//5005 5004//5004
f 4965//4965 4966//4966 5006//5006
f 4965//4965 5006//5006 5005//5005
f 4966//4966 4967//4967 5007//5007
f 4966//4966 5007//5007 5006//5006
f 4967//4967 4968//4968 5008//5008
f 4967//4967 5008//5008 5007//5007
f 4968//4968 4969//4969 5009//5009
f 4968//4968 5009//5009 5008//5008
f 4969//4969 4970//4970 5010//5010
f 4969//4969 5010//5010 5009//5009
f 4970//4970 4971//4971 5011//5011
f 4970//4970 5011//5011 5010//5010
f 4971//4971 4972//4972 5012//5012
f 4971//4971 5012//5012 5011//5011
f 4972//4972 4973//4973 5013//5013
f 4972//4972 5013//5013 5012//5012
f 4973//4973 4974//4974 5014//5014
f 4973//4973 5014//5014 5013//5013
f 4974//4974 4975//4975 5015//5015
f 4974//4974 5015//5015 5014//5014
f 4975//4975 4976//4976 5016//5016
f 4975//4975 5016//5016 5015//5015
f 4976//4976 4977//4977 5017//5017
f 4976//4976 5017//5017 5016//5016
f 4977//4977 4939//4939 4979//4979
f 4977//4977 4979//4979 5017//5017
f 4979//4979 4978//4978 5018//5018
f 4979//4979 5018//5018 5019//5019
f 4978//4978 4980//4980 5020//5020
f 4978//4978 5020//5020 5018//5018
f 4980//4980 4981//4981 5021//5021
f 4980//4980 5021//5021 5020//5020
f 4981//4981 4982//4982 5022//5022
f 4981//4981 5022//5022 5021//5021
f 4982//4982 4983//4983 5023//5023
f 4982//4982 5023//5023 5022//5022
f 4983//4983 4984//4984 5024//5024
f 4983//4983 5024//5024 5023//5023
f 4984//4984 4985//4985 5025//5025
f 4984//4984 5025//5025 5024//5024
f 4985//4985 4986//4986 5026//5026
f 4985//4985 5026//5026 5025//5025
f 4986//4986 4987//4987 5027//5027
f 4986//4986 5027//5027 5026//5026
f 4987//4987 4988//4988 5028//5028
f 4987//4987 5028//5028 5027//5027
f 4988//4988 4989//4989 5029//5029
f 4988//4988 5029//5029 5028//5028
f 4989//4989 4990//4990 5030//5030
f 4989//4989 5030//5030 5029//5029
f 4990//4990 4991//4991 5031//5031
f 4990//4990 5031//5031 5030//5030
f 4991//4991 4992//4992 5032//5032
f 4991//4991 5032//5032 5031//5031
f 4992//4992 4993//4993 5033//5033
f 4992//4992 5033//5033 5032//5032
f 4993//4993 4994//4994 5034//5034
f 4993//4993 5034//5034 5033//5033
f 4994//4994 4995//4995 5035//5035
f 4994//4994 5035//5035 5034//5034
f 4995//4995 4996//4996 5036//5036
f 4995//4995 5036//5036 5035//5035
f 4996//4996 4997//4997 5037//5037
f 4996//4996 5037//5037 5036//5036
f 4997//4997 4998//4998 5038//5038
f 4997//4997 5038//5038 5037//5037
f 4998//4998 4999//4999 5039//5039
f 4998//4998 5039//5039 5038//5038
f 4999//4999 5000//5000 5040//5040
f 4999//4999 5040//5040 5039//5039
f 5000//5000 5001//5001 5041//5041
f 5000//5000 5041//5041 5040//5040
f 5001//5001 5002//5002 5042//5042
f 5001//5001 5042//5042 5041//5041
f 5002//5002 5003//5003 5043//5043
f 5002//5002 5043//5043 5042//5042
f 5003//5003 5004//5004 5044//5044
f 5003//5003 5044//5044 5043//5043
f 5004//5004 5005//5005 5045//5045
f 5004//5004 5045//5045 5044//5044
f 5005//5005 5006//5006 5046//5046
f 5005//5005 5046//5046 5045//5045
f 5006//5006 5007//5007 5047//5047
f 5006//5006 5047//5047 5046//5046
f 5007//5007 5008//5008 5048//5048
f 5007//5007 5048//5048 5047//5047
f 5008//5008 5009//5009 5049//5049
f 5008//5008 5049//5049 5048//5048
f 5009//5009 5010//5010 5050//5050
f 5009//5009 5050//5050 5049//5049
f 5010//5010 5011//5011 5051//5051
f 5010//5010 5051//5051 5050//5050
f 5011//5011 5012//5012 5052//5052
f 5011//5011 5052//5052 5051//5051
f 5012//5012 5013//5013 5053//5053
f 5012//5012 5053//5053 5052//5052
f 5013//5013 5014//5014 5054//5054
f 5013//5013 5054//5054 5053//5053
f 5014//5014 5015//5015 5055//5055
f 5014//5014 5055//5055 5054//5054
f 5015//5015 5016//5016 5056//5056
f 5015//5015 5056//5056 5055//5055
f 5016//5016 5017//5017 5057//5057
f 5016//5016 5057//5057 5056//5056
f 5017//5017 4979//4979 5019//5019
f 5017//5017 5019//5019 5057//5057
f 5058//5058 5059//5059 5060//5060
f 5058//5058 5060//5060 5061//5061
f 5058//5058 5061//5061 5062//5062
f 5058//5058 5062//5062 5063//5063
f 5058//5058 5063//5063 5064//5064
f 5058//5058 5064//5064 5065//5065
f 5058//5058 5065//5065 5066//5066
f 5058//5058 5066//5066 5067//5067
f 5058//5058 5067//5067 5068//5068
f 5058//5058 5068//5068 5069//5069
f 5058//5058 5069//5069 5070//5070
f 5058//5058 5070//5070 5071//5071
f 5058//5058 5071//5071 5072//5072
f 5058//5058 5072//5072 5073//5073
f 5058//5058 5073//5073 5074//5074
f 5058//5058 5074//5074 5075//5075
f 5058//5058 5075//5075 5076//5076
f 5058//5058 5076//5076 5077//5077
f 5058//5058 5077//5077 5078//5078
f 5058//5058 5078//5078 5079//5079
f 5058//5058 5079//5079 5080//5080
f 5058//5058 5080//5080 5081//5081
f 5058//5058 5081//5081 5082//5082
f 5058//5058 5082//5082 5083//5083
f 5058//5058 5083//5083 5084//5084
f 5058//5058 5084//5084 5085//5085
f 5058//5058 5085//5085 5086//5086
f 5058//5058 5086//5086 5087//5087
f 5058//5058 5087//5087 5088//5088
f 5058//5058 5088//5088 5089//5089
f 5058//5058 5089//5089 5090//5090
f 5058//5058 5090//5090 5091//5091
f 5058//5058 5091//5091 5092//5092
f 5058//5058 5092//5092 5093//5093
f 5058//5058 5093//5093 5094//5094
f 5058//5058 5094//5094 5095//5095
f 5058//5058 5095//5095 5096//5096
f 5058//5058 5096//5096 5097//5097
usemtl color_1
f 5098//5098 5099//5099 5100//5100
f 5098//5098 5100//5100 5101//5101
f 5099//5099 5102//5102 5103//5103
f 5099//5099 5103//5103 5100//5100
f 5102//5102 5104//5104 5105//5105
f 5102//5102 5105//5105 5103//5103
f 5104//5104 5106//5106 5107//5107
f 5104//5104 5107//5107 5105//5105
f 5106//5106 5108//5108 5109//5109
f 5106//5106 5109//5109 5107//5107
f 5108//5108 5110//5110 5111//5111
f 5108//5108 5111//5111 5109//5109
f 5110//5110 5112//5112 5113//5113
f 5110//5110 5113//5113 5111//5111
f 5112//5112 5114//5114 5115//5115
f 5112//5112 5115//5115 5113//5113
f 5114//5114 5116//5116 5117//5117
f 5114//5114 5117//5117 5115//5115
f 5116//5116 5118//5118 5119//5119
f 5116//5116 5119//5119 5117//5117
f 5118//5118 5120//5120 5121//5121
f 5118//5118 5121//5121 5119//5119
f 5120//5120 5122//5122 5123//5123
f 5120//5120 5123//5123 5121//5121
f 5122//5122 5124//5124 5125//5125
f 5122//5122 5125//5125 5123//5123
f 5124//5124 5126//5126 5127//5127
f 5124//5124 5127//5127 5125//5125
f 5126//5126 5128//5128 5129//5129
f 5126//5126 5129//5129 5127//5127
f 5128//5128 5130//5130 5131//5131
f 5128//5128 5131//5131 5129//5129
f 5130//5130 5132//5132 5133//5133
f 5130//5130 5133//5133 5131//5131
f 5132//5132 5134//5134 5135//5135
f 5132//5132 5135//5135 5133//5133
f 5134//5134 5136//5136 5137//5137
f 5134//5134 5137//5137 5135//5135
f 5136//5136 5138//5138 5139//5139
f 5136//5136 5139//5139 5137//5137
f 5138//5138 5140//5140 5141//5141
f 5138//5138 5141//5141 5139//5139
f 5140//5140 5142//5142 5143//5143
f 5140//5140 5143//5143 5141//5141
f 5142//5142 5144//5144 5145//5145
f 5142//5142 5145//5145 5143//5143
f 5144//5144 5146//5146 5147//5147
f 5144//5144 5147//5147 5145//5145
f 5146//5146 5148//5148 5149//5149
f 5146//5146 5149//5149 5147//5147
f 5148//5148 5150//5150 5151//5151
f 5148//5148 5151//5151 5149//5149
f 5150//5150 5152//5152 5153//5153
f 5150//5150 5153//5153 5151//5151
f 5152//5152 5154//5154 5155//5155
f 5152//5152 5155//5155 5153//5153
f 5154//5154 5156//5156 5157//5157
f 5154//5154 5157//5157 5155//5155
f 5156//5156 5158//5158 5159//5159
f 5156//5156 5159//5159 5157//5157
f 5158//5158 5160//5160 5161//5161
f 5158//5158 5161//5161 5159//5159
f 5160//5160 5162//5162 5163//5163
f 5160//5160 5163//5163 5161//5161
f 5162//5162 5164//5164 5165//5165
f 5162//5162 5165//5165 5163//5163
f 5164//5164 5166//5166 5167//5167
f 5164//5164 5167//5167 5165//5165
f 5166//5166 5168//5168 5169//5169
f 5166//5166 5169//5169 5167//5167
f 5168//5168 5170//5170 5171//5171
f 5168//5168 5171//5171 5169//5169
f 5170//5170 5172//5172 5173//5173
f 5170//5170 5173//5173 5171//5171
f 5172//5172 5174//5174 5175//5175
f 5172//5172 5175//5175 5173//5173
f 5174//5174 5176//5176 5177//5177
f 5174//5174 5177//5177 5175//5175
f 5176//5176 5178//5178 5179//5179
f 5176//5176 5179//5179 5177//5177
f 5178//5178 5180//5180 5181//5181
f 5178//5178 5181//5181 5179//5179
f 5180//5180 5182//5182 5183//5183
f 5180//5180 5183//5183 5181//5181
f 5182//5182 5184//5184 5185//5185
f 5182//5182 5185//5185 5183//5183
f 5184//5184 5186//5186 5187//5187
f 5184//5184 5187//5187 5185//5185
f 5186//5186 5188//5188 5189//5189
f 5186//5186 5189//5189 5187//5187
f 5188//5188 5190//5190 5191//5191
f 5188//5188 5191//5191 5189//5189
f 5190//5190 5192//5192 5193//5193
f 5190//5190 5193//5193 5191//5191
f 5192//5192 5098//5098 5101//5101
f 5192//5192 5101//5101 5193//5193
usemtl color_0
f 5194//5194 5195//5195 5196//5196
f 5194//5194 5196//5196 5197//5197
f 5198//5198 5199//5199 5200//5200
f 5198//5198 5200//5200 5201//5201
f 5195//5195 5202//5202 5203//5203
f 5195//5195 5203//5203 5196//5196
f 5201//5201 5200//5200 5204//5204
f 5201//5201 5204//5204 5205//5205
f 5202//5202 5206//5206 5207//5207
f 5202//5202 5207//5207 5203//5203
f 5205//5205 5204//5204 5208//5208
f 5205//5205 5208//5208 5209//5209
f 5206//5206 5210//5210 5211//5211
f 5206//5206 5211//5211 5207//5207
f 5209//5209 5208//5208 5212//5212
f 5209//5209 5212//5212 5213//5213
f 5210//5210 5214//5214 5215//5215
f 5210//5210 5215//5215 5211//5211
f 5213//5213 5212//5212 5216//5216
f 5213//5213 5216//5216 5217//5217
f 5214//5214 5218//5218 5219//5219
f 5214//5214 5219//5219 5215//5215
f 5217//5217 5216//5216 5220//5220
f 5217//5217 5220//5220 5221//5221
f 5218//5218 5222//5222 5223//5223
f 5218//5218 5223//5223 5219//5219
f 5221//5221 5220//5220 5224//5224
f 5221//5221 5224//5224 5225//5225
f 5222//5222 5226//5226 5227//5227
f 5222//5222 5227//5227 5223//5223
f 5225//5225 5224//5224 5228//5228
f 5225//5225 5228//5228 5229//5229
f 5226//5226 5230//5230 5231//5231
f 5226//5226 5231//5231 5227//5227
f 5229//5229 5228//5228 5232//5232
f 5229//5229 5232//5232 5233//5233
f 5230//5230 5234//5234 5235//5235
f 5230//5230 5235//5235 5231//5231
f 5233//5233 5232//5232 5236//5236
f 5233//5233 5236//5236 5237//5237
f 5234//5234 5238//5238 5239//5239
f 5234//5234 5239//5239 5235//5235
f 5237//5237 5236//5236 5240//5240
f 5237//5237 5240//5240 5241//5241
f 5238//5238 5242//5242 5243//5243
f 5238//5238 5243//5243 5239//5239
f 5241//5241 5240//5240 5244//5244
f 5241//5241 5244//5244 5245//5245
f 5242//5242 5246//5246 5247//5247
f 5242//5242 5247//5247 5243//5243
f 5245//5245 5244//5244 5248//5248
f 5245//5245 5248//5248 5249//5249
f 5246//5246 5250//5250 5251//5251
f 5246//5246 5251//5251 5247//5247
f 5249//5249 5248//5248 5252//5252
f 5249//5249 5252//5252 5253//5253
f 5250//5250 5254//5254 5255//5255
f 5250//5250 5255//5255 5251//5251
f 5253//5253 5252//5252 5256//5256
f 5253//5253 5256//5256 5257//5257
f 5254//5254 5258//5258 5259//5259
f 5254//5254 5259//5259 5255//5255
f 5257//5257 5256//5256 5260//5260
f 5257//5257 5260//5260 5261//5261
f 5258//5258 5262//5262 5263//5263
f 5258//5258 5263//5263 5259//5259
f 5261//5261 5260//5260 5264//5264
f 5261//5261 5264//5264 5265//5265
f 5262//5262 5266//5266 5267//5267
f 5262//5262 5267//5267 5263//5263
f 5265//5265 5264//5264 5268//5268
f 5265//5265 5268//5268 5269//5269
f 5266//5266 5270//5270 5271//5271
f 5266//5266 5271//5271 5267//5267
f 5269//5269 5268//5268 5272//5272
f 5269//5269 5272//5272 5273//5273
f 5270//5270 5274//5274 5275//5275
f 5270//5270 5275//5275 5271//5271
f 5273//5273 5272//5272 5276//5276
f 5273//5273 5276//5276 5277//5277
f 5274//5274 5278//5278 5279//5279
f 5274//5274 5279//5279 5275//5275
f 5277//5277 5276//5276 5280//5280
f 5277//5277 5280//5280 5281//5281
f 5278//5278 5282//5282 5283//5283
f 5278//5278 5283//5283 5279//5279
f 5281//5281 5280//5280 5284//5284
f 5281//5281 5284//5284 5285//5285
f 5282//5282 5286//5286 5287//5287
f 5282//5282 5287//5287 5283//5283
f 5285//5285 5284//5284 5288//5288
f 5285//5285 5288//5288 5289//5289
f 5286//5286 5290//5290 5291//5291
f 5286//5286 5291//5291 5287//5287
f 5289//5289 5288//5288 5292//5292
f 5289//5289 5292//5292 5293//5293
f 5197//5197 5196//5196 5294//5294
f 5197//5197 5294//5294 5295//5295
f 5199//5199 5296//5296 5297//5297
f 5199//5199 5297//5297 5200//5200
f 5196//5196 5203//5203 5298//5298
f 5196//5196 5298//5298 5294//5294
f 5200//5200 5297//5297 5299//5299
f 5200//5200 5299//5299 5204//5204
f 5203//5203 5207//5207 5300//5300
f 5203//5203 5300//5300 5298//5298
f 5204//5204 5299//5299 5301//5301
f 5204//5204 5301//5301 5208//5208
f 5207//5207 5211//5211 5302//5302
f 5207//5207 5302//5302 5300//5300
f 5208//5208 5301//5301 5303//5303
f 5208//5208 5303//5303 5212//5212
f 5211//5211 5215//5215 5304//5304
f 5211//5211 5304//5304 5302//5302
f 5212//5212 5303//5303 5305//5305
f 5212//5212 5305//5305 5216//5216
f 5215//5215 5219//5219 5306//5306
f 5215//5215 5306//5306 5304//5304
f 5216//5216 5305//5305 5307//5307
f 5216//5216 5307//5307 5220//5220
f 5219//5219 5223//5223 5308//5308
f 5219//5219 5308//5308 5306//5306
f 5220//5220 5307//5307 5309//5309
f 5220//5220 5309//5309 5224//5224
f 5223//5223 5227//5227 5310//5310
f 5223//5223 5310//5310 5308//5308
f 5224//5224 5309//5309 5311//5311
f 5224//5224 5311//5311 5228//5228
f 5227//5227 5231//5231 5312//5312
f 5227//5227 5312//5312 5310//5310
f 5228//5228 5311//5311 5313//5313
f 5228//5228 5313//5313 5232//5232
f 5231//5231 5235//5235 5314//5314
f 5231//5231 5314//5314 5312//5312
f 5232//5232 5313//5313 5315//5315
f 5232//5232 5315//5315 5236//5236
f 5235//5235 5239//5239 5316//5316
f 5235//5235 5316//5316 5314//5314
f 5236//5236 5315//5315 5317//5317
f 5236//5236 5317//5317 5240//5240
f 5239//5239 5243//5243 5318//5318
f 5239//5239 5318//5318 5316//5316
f 5240//5240 5317//5317 5319//5319
f 5240//5240 5319//5319 5244//5244
f 5243//5243 5247//5247 5320//5320
f 5243//5243 5320//5320 5318//5318
f 5244//5244 5319//5319 5321//5321
f 5244//5244 5321//5321 5248//5248
f 5247//5247 5251//5251 5322//5322
f 5247//5247 5322//5322 5320//5320
f 5248//5248 5321//5321 5323//5323
f 5248//5248 5323//5323 5252//5252
f 5251//5251 5255//5255 5324//5324
f 5251//5251 5324//5324 5322//5322
f 5252//5252 5323//5323 5325//5325
f 5252//5252 5325//5325 5256//5256
f 5255//5255 5259//5259 5326//5326
f 5255//5255 5326//5326 5324//5324
f 5256//5256 5325//5325 5327//5327
f 5256//5256 5327//5327 5260//5260
f 5259//5259 5263//5263 5328//5328
f 5259//5259 5328//5328 5326//5326
f 5260//5260 5327//5327 5329//5329
f 5260//5260 5329//5329 5264//5264
f 5263//5263 5267//5267 5330//5330
f 5263//5263 5330//5330 5328//5328
f 5264//5264 5329//5329 5331//5331
f 5264//5264 5331//5331 5268//5268
f 5267//5267 5271//5271 5332//5332
f 5267//5267 5332//5332 5330//5330
f 5268//5268 5331//5331 5333//5333
f 5268//5268 5333//5333 5272//5272
f 5271//5271 5275//5275 5334//5334
f 5271//5271 5334//5334 5332//5332
f 5272//5272 5333//5333 5335//5335
f 5272//5272 5335//5335 5276//5276
f 5275//5275 5279//5279 5336//5336
f 5275//5275 5336//5336 5334//5334
f 5276//5276 5335//5335 5337//5337
f 5276//5276 5337//5337 5280//5280
f 5279//5279 5283//5283 5338//5338
f 5279//5279 5338//5338 5336//5336
f 5280//5280 5337//5337 5339//5339
f 5280//5280 5339//5339 5284//5284
f 5283//5283 5287//5287 5340//5340
f 5283//5283 5340//5340 5338//5338
f 5284//5284 5339//5339 5341//5341
f 5284//5284 5341//5341 5288//5288
f 5287//5287 5291//5291 5342//5342
f 5287//5287 5342//5342 5340//5340
f 5288//5288 5341//5341 5343//5343
f 5288//5288 5343//5343 5292//5292
f 5295//5295 5294//5294 5344//5344
f 5295//5295 5344//5344 5345//5345
f 5296//5296 5346//5346 5347//5347
f 5296//5296 5347//5347 5297//5297
f 5294//5294 5298//5298 5348//5348
f 5294//5294 5348//5348 5344//5344
f 5297//5297 5347//5347 5349//5349
f 5297//5297 5349//5349 5299//5299
f 5298//5298 5300//5300 5350//5350
f 5298//5298 5350//5350 5348//5348
f 5299//5299 5349//5349 5351//5351
f 5299//5299 5351//5351 5301//5301
f 5300//5300 5302//5302 5352//5352
f 5300//5300 5352//5352 5350//5350
f 5301//5301 5351//5351 5353//5353
f 5301//5301 5353//5353 5303//5303
f 5302//5302 5304//5304 5354//5354
f 5302//5302 5354//5354 5352//5352
f 5303//5303 5353//5353 5355//5355
f 5303//5303 5355//5355 5305//5305
f 5304//5304 5306//5306 5356//5356
f 5304//5304 5356//5356 5354//5354
f 5305//5305 5355//5355 5357//5357
f 5305//5305 5357//5357 5307//5307
f 5306//5306 5308//5308 5358//5358
f 5306//5306 5358//5358 5356//5356
f 5307//5307 5357//5357 5359//5359
f 5307//5307 5359//5359 5309//5309
f 5308//5308 5310//5310 5360//5360
f 5308//5308 5360//5360 5358//5358
f 5309//5309 5359//5359 5361//5361
f 5309//5309 5361//5361 5311//5311
f 5310//5310 5312//5312 5362//5362
f 5310//5310 5362//5362 5360//5360
f 5311//5311 5361//5361 5363//5363
f 5311//5311 5363//5363 5313//5313
f 5312//5312 5314//5314 5364//5364
f 5312//5312 5364//5364 5362//5362
f 5313//5313 5363//5363 5365//5365
f 5313//5313 5365//5365 5315//5315
f 5314//5314 5316//5316 5366//5366
f 5314//5314 5366//5366 5364//5364
f 5315//5315 5365//5365 5367//5367
f 5315//5315 5367//5367 5317//5317
f 5316//5316 5318//5318 5368//5368
f 5316//5316 5368//5368 5366//5366
f 5317//5317 5367//5367 5369//5369
f 5317//5317 5369//5369 5319//5319
f 5318//5318 5320//5320 5370//5370
f 5318//5318 5370//5370 5368//5368
f 5319//5319 5369//5369 5371//5371
f 5319//5319 5371//5371 5321//5321
f 5320//5320 5322//5322 5372//5372
f 5320//5320 5372//5372 5370//5370
f 5321//5321 5371//5371 5373//5373
f 5321//5321 5373//5373 5323//5323
f 5322//5322 5324//5324 5374//5374
f 5322//5322 5374//5374 5372//5372
f 5323//5323 5373//5373 5375//5375
f 5323//5323 5375//5375 5325//5325
f 5324//5324 5326//5326 5376//5376
f 5324//5324 5376//5376 5374//5374
f 5325//5325 5375//5375 5377//5377
f 5325//5325 5377//5377 5327//5327
f 5326//5326 5328//5328 5378//5378
f 5326//5326 5378//5378 5376//5376
f 5327//5327 5377//5377 5379//5379
f 5327//5327 5379//5379 5329//5329
f 5328//5328 5330//5330 5380//5380
f 5328//5328 5380//5380 5378//5378
f 5329//5329 5379//5379 5381//5381
f 5329//5329 5381//5381 5331//5331
f 5330//5330 5332//5332 5382//5382
f 5330//5330 5382//5382 5380//5380
f 5331//5331 5381//5381 5383//5383
f 5331//5331 5383//5383 5333//5333
f 5332//5332 5334//5334 5384//5384
f 5332//5332 5384//5384 5382//5382
f 5333//5333 5383//5383 5385//5385
f 5333//5333 5385//5385 5335//5335
f 5334//5334 5336//5336 5386//5386
f 5334//5334 5386//5386 5384//5384
f 5335//5335 5385//5385 5387//5387
f 5335//5335 5387//5387 5337//5337
f 5336//5336 5338//5338 5388//5388
f 5336//5336 5388//5388 5386//5386
f 5337//5337 5387//5387 5389//5389
f 5337//5337 5389//5389 5339//5339
f 5338//5338 5340//5340 5390//5390
f 5338//5338 5390//5390 5388//5388
f 5339//5339 5389//5389 5391//5391
f 5339//5339 5391//5391 5341//5341
f 5340//5340 5342//5342 5392//5392
f 5340//5340 5392//5392 5390//5390
f 5341//5341 5391//5391 5393//5393
f 5341//5341 5393//5393 5343//5343
f 5345//5345 5344//5344 5394//5394
f 5345//5345 5394//5394 5395//5395
f 5346//5346 5396//5396 5397//5397
f 5346//5346 5397//5397 5347//5347
f 5344//5344 5348//5348 5398//5398
f 5344//5344 5398//5398 5394//5394
f 5347//5347 5397//5397 5399//5399
f 5347//5347 5399//5399 5349//5349
f 5348//5348 5350//5350 5400//5400
f 5348//5348 5400//5400 5398//5398
f 5349//5349 5399//5399 5401//5401
f 5349//5349 5401//5401 5351//5351
f 5350//5350 5352//5352 5402//5402
f 5350//5350 5402//5402 5400//5400
f 5351//5351 5401//5401 5403//5403
f 5351//5351 5403//5403 5353//5353
f 5352//5352 5354//5354 5404//5404
f 5352//5352 5404//5404 5402//5402
f 5353//5353 5403//5403 5405//5405
f 5353//5353 5405//5405 5355//5355
f 5354//5354 5356//5356 5406//5406
f 5354//5354 5406//5406 5404//5404
f 5355//5355 5405//5405 5407//5407
f 5355//5355 5407//5407 5357//5357
f 5356//5356 5358//5358 5408//5408
f 5356//5356 5408//5408 5406//5406
f 5357//5357 5407//5407 5409//5409
f 5357//5357 5409//5409 5359//5359
f 5358//5358 5360//5360 5410//5410
f 5358//5358 5410//5410 5408//5408
f 5359//5359 5409//5409 5411//5411
f 5359//5359 5411//5411 5361//5361
f 5360//5360 5362//5362 5412//5412
f 5360//5360 5412//5412 5410//5410
f 5361//5361 5411//5411 5413//5413
f 5361//5361 5413//5413 5363//5363
f 5362//5362 5364//5364 5414//5414
f 5362//5362 5414//5414 5412//5412
f 5363//5363 5413//5413 5415//5415
f 5363//5363 5415//5415 5365//5365
f 5364//5364 5366//5366 5416//5416
f 5364//5364 5416//5416 5414//5414
f 5365//5365 5415//5415 5417//5417
f 5365//5365 5417//5417 5367//5367
f 5366//5366 5368//5368 5418//5418
f 5366//5366 5418//5418 5416//5416
f 5367//5367 5417//5417 5419//5419
f 5367//5367 5419//5419 5369//5369
f 5368//5368 5370//5370 5420//5420
f 5368//5368 5420//5420 5418//5418
f 5369//5369 5419//5419 5421//5421
f 5369//5369 5421//5421 5371//5371
f 5370//5370 5372//5372 5422//5422
f 5370//5370 5422//5422 5420//5420
f 5371//5371 5421//5421 5423//5423
f 5371//5371 5423//5423 5373//5373
f 5372//5372 5374//5374 5424//5424
f 5372//5372 5424//5424 5422//5422
f 5373//5373 5423//5423 5425//5425
f 5373//5373 5425//5425 5375//5375
f 5374//5374 5376//5376 5426//5426
f 5374//5374 5426//5426 5424//5424
f 5375//5375 5425//5425 5427//5427
f 5375//5375 5427//5427 5377//5377
f 5376//5376 5378//5378 5428//5428
f 5376//5376 5428//5428 5426//5426
f 5377//5377 5427//5427 5429//5429
f 5377//5377 5429//5429 5379//5379
f 5378//5378 5380//5380 5430//5430
f 5378//5378 5430//5430 5428//5428
f 5379//5379 5429//5429 5431//5431
f 5379//5379 5431//5431 5381//5381
f 5380//5380 5382//5382 5432//5432
f 5380//5380 5432//5432 5430//5430
f 5381//5381 5431//5431 5433//5433
f 5381//5381 5433//5433 5383//5383
f 5382//5382 5384//5384 5434//5434
f 5382//5382 5434//5434 5432//5432
f 5383//5383 5433//5433 5435//5435
f 5383//5383 5435//5435 5385//5385
f 5384//5384 5386//5386 5436//5436
f 5384//5384 5436//5436 5434//5434
f 5385//5385 5435//5435 5437//5437
f 5385//5385 5437//5437 5387//5387
f 5386//5386 5388//5388 5438//5438
f 5386//5386 5438//5438 5436//5436
f 5387//5387 5437//5437 5439//5439
f 5387//5387 5439//5439 5389//5389
f 5388//5388 5390//5390 5440//5440
f 5388//5388 5440//5440 5438//5438
f 5389//5389 5439//5439 5441//5441
f 5389//5389 5441//5441 5391//5391
f 5390//5390 5392//5392 5442//5442
f 5390//5390 5442//5442 5440//5440
f 5391//5391 5441//5441 5443//5443
f 5391//5391 5443//5443 5393//5393
f 5395//5395 5394//5394 5444//5444
f 5395//5395 5444//5444 5445//5445
f 5396//5396 5446//5446 5447//5447
f 5396//5396 5447//5447 5397//5397
f 5394//5394 5398//5398 5448//5448
f 5394//5394 5448//5448 5444//5444
f 5397//5397 5447//5447 5449//5449
f 5397//5397 5449//5449 5399//5399
f 5398//5398 5400//5400 5450//5450
f 5398//5398 5450//5450 5448//5448
f 5399//5399 5449//5449 5451//5451
f 5399//5399 5451//5451 5401//5401
f 5400//5400 5402//5402 5452//5452
f 5400//5400 5452//5452 5450//5450
f 5401//5401 5451//5451 5453//5453
f 5401//5401 5453//5453 5403//5403
f 5402//5402 5404//5404 5454//5454
f 5402//5402 5454//5454 5452//5452
f 5403//5403 5453//5453 5455//5455
f 5403//5403 5455//5455 5405//5405
f 5404//5404 5406//5406 5456//5456
f 5404//5404 5456//5456 5454//5454
f 5405//5405 5455//5455 5457//5457
f 5405//5405 5457//5457 5407//5407
f 5406//5406 5408//5408 5458//5458
f 5406//5406 5458//5458 5456//5456
f 5407//5407 5457//5457 5459//5459
f 5407//5407 5459//5459 5409//5409
f 5408//5408 5410//5410 5460//5460
f 5408//5408 5460//5460 5458//5458
f 5409//5409 5459//5459 5461//5461
f 5409//5409 5461//5461 5411//5411
f 5410//5410 5412//5412 5462//5462
f 5410//5410 5462//5462 5460//5460
f 5411//5411 5461//5461 5463//5463
f 5411//5411 5463//5463 5413//5413
f 5412//5412 5414//5414 5464//5464
f 5412//5412 5464//5464 5462//5462
f 5413//5413 5463//5463 5465//5465
f 5413//5413 5465//5465 5415//5415
f 5414//5414 5416//5416 5466//5466
f 5414//5414 5466//5466 5464//5464
f 5415//5415 5465//5465 5467//5467
f 5415//5415 5467//5467 5417//5417
f 5416//5416 5418//5418 5468//5468
f 5416//5416 5468//5468 5466//5466
f 5417//5417 5467//5467 5469//5469
f 5417//5417 5469//5469 5419//5419
f 5418//5418 5420//5420 5470//5470
f 5418//5418 5470//5470 5468//5468
f 5419//5419 5469//5469 5471//5471
f 5419//5419 5471//5471 5421//5421
f 5420//5420 5422//5422 5472//5472
f 5420//5420 5472//5472 5470//5470
f 5421//5421 5471//5471 5473//5473
f 5421//5421 5473//5473 5423//5423
f 5422//5422 5424//5424 5474//5474
f 5422//5422 5474//5474 5472//5472
f 5423//5423 5473//5473 5475//5475
f 5423//5423 5475//5475 5425//5425
f 5424//5424 5426//5426 5476//5476
f 5424//5424 5476//5476 5474//5474
f 5425//5425 5475//5475 5477//5477
f 5425//5425 5477//5477 5427//5427
f 5426//5426 5428//5428 5478//5478
f 5426//5426 5478//5478 5476//5476
f 5427//5427 5477//5477 5479//5479
f 5427//5427 5479//5479 5429//5429
f 5428//5428 5430//5430 5480//5480
f 5428//5428 5480//5480 5478//5478
f 5429//5429 5479//5479 5481//5481
f 5429//5429 5481//5481 5431//5431
f 5430//5430 5432//5432 5482//5482
f 5430//5430 5482//5482 5480//5480
f 5431//5431 5481//5481 5483//5483
f 5431//5431 5483//5483 5433//5433
f 5432//5432 5434//5434 5484//5484
f 5432//5432 5484//5484 5482//5482
f 5433//5433 5483//5483 5485//5485
f 5433//5433 5485//5485 5435//5435
f 5434//5434 5436//5436 5486//5486
f 5434//5434 5486//5486 5484//5484
f 5435//5435 5485//5485 5487//5487
f 5435//5435 5487//5487 5437//5437
f 5436//5436 5438//5438 5488//5488
f 5436//5436 5488//5488 5486//5486
f 5437//5437 5487//5487 5489//5489
f 5437//5437 5489//5489 5439//5439
f 5438//5438 5440//5440 5490//5490
f 5438//5438 5490//5490 5488//5488
f 5439//5439 5489//5489 5491//5491
f 5439//5439 5491//5491 5441//5441
f 5440//5440 5442//5442 5492//5492
f 5440//5440 5492//5492 5490//5490
f 5441//5441 5491//5491 5493//5493
f 5441//5441 5493//5493 5443//5443
f 5445//5445 5444//5444 5494//5494
f 5445//5445 5494//5494 5495//5495
f 5446//5446 5496//5496 5497//5497
f 5446//5446 5497//5497 5447//5447
f 5444//5444 5448//5448 5498//5498
f 5444//5444 5498//5498 5494//5494
f 5447//5447 5497//5497 5499//5499
f 5447//5447 5499//5499 5449//5449
f 5448//5448 5450//5450 5500//5500
f 5448//5448 5500//5500 5498//5498
f 5449//5449 5499//5499 5501//5501
f 5449//5449 5501//5501 5451//5451
f 5450//5450 5452//5452 5502//5502
f 5450//5450 5502//5502 5500//5500
f 5451//5451 5501//5501 5503//5503
f 5451//5451 5503//5503 5453//5453
f 5452//5452 5454//5454 5504//5504
f 5452//5452 5504//5504 5502//5502
f 5453//5453 5503//5503 5505//5505
f 5453//5453 5505//5505 5455//5455
f 5454//5454 5456//5456 5506//5506
f 5454//5454 5506//5506 5504//5504
f 5455//5455 5505//5505 5507//5507
f 5455//5455 5507//5507 5457//5457
f 5456//5456 5458//5458 5508//5508
f 5456//5456 5508//5508 5506//5506
f 5457//5457 5507//5507 5509//5509
f 5457//5457 5509//5509 5459//5459
f 5458//5458 5460//5460 5510//5510
f 5458//5458 5510//5510 5508//5508
f 5459//5459 5509//5509 5511//5511
f 5459//5459 5511//5511 5461//5461
f 5460//5460 5462//5462 5512//5512
f 5460//5460 5512//5512 5510//5510
f 5461//5461 5511//5511 5513//5513
f 5461//5461 5513//5513 5463//5463
f 5462//5462 5464//5464 5514//5514
f 5462//5462 5514//5514 5512//5512
f 5463//5463 5513//5513 5515//5515
f 5463//5463 5515//5515 5465//5465
f 5464//5464 5466//5466 5516//5516
f 5464//5464 5516//5516 5514//5514
f 5465//5465 5515//5515 5517//5517
f 5465//5465 5517//5517 5467//5467
f 5466//5466 5468//5468 5518//5518
f 5466//5466 5518//5518 5516//5516
f 5467//5467 5517//5517 5519//5519
f 5467//5467 5519//5519 5469//5469
f 5468//5468 5470//5470 5520//5520
f 5468//5468 5520//5520 5518//5518
f 5469//5469 5519//5519 5521//5521
f 5469//5469 5521//5521 5471//5471
f 5470//5470 5472//5472 5522//5522
f 5470//5470 5522//5522 5520//5520
f 5471//5471 5521//5521 5523//5523
f 5471//5471 5523//5523 5473//5473
f 5472//5472 5474//5474 5524//5524
f 5472//5472 5524//5524 5522//5522
f 5473//5473 5523//5523 5525//5525
f 5473//5473 5525//5525 5475//5475
f 5474//5474 5476//5476 5526//5526
f 5474//5474 5526//5526 5524//5524
f 5475//5475 5525//5525 5527//5527
f 5475//5475 5527//5527 5477//5477
f 5476//5476 5478//5478 5528//5528
f 5476//5476 5528//5528 5526//5526
f 5477//5477 5527//5527 5529//5529
f 5477//5477 5529//5529 5479//5479
f 5478//5478 5480//5480 5530//5530
f 5478//5478 5530//5530 5528//5528
f 5479//5479 5529//5529 5531//5531
f 5479//5479 5531//5531 5481//5481
f 5480//5480 5482//5482 5532//5532
f 5480//5480 5532//5532 5530//5530
f 5481//5481 5531//5531 5533//5533
f 5481//5481 5533//5533 5483//5483
f 5482//5482 5484//5484 5534//5534
f 5482//5482 5534//5534 5532//5532
f 5483//5483 5533//5533 5535//5535
f 5483//5483 5535//5535 5485//5485
f 5484//5484 5486//5486 5536//5536
f 5484//5484 5536//5536 5534//5534
f 5485//5485 5535//5535 5537//5537
f 5485//5485 5537//5537 5487//5487
f 5486//5486 5488//5488 5538//5538
f 5486//5486 5538//5538 5536//5536
f 5487//5487 5537//5537 5539//5539
f 5487//5487 5539//5539 5489//5489
f 5488//5488 5490//5490 5540//5540
f 5488//5488 5540//5540 5538//5538
f 5489//5489 5539//5539 5541//5541
f 5489//5489 5541//5541 5491//5491
f 5490//5490 5492//5492 5542//5542
f 5490//5490 5542//5542 5540//5540
f 5491//5491 5541//5541 5543//5543
f 5491//5491 5543//5543 5493//5493
f 5495//5495 5494//5494 5544//5544
f 5495//5495 5544//5544 5545//5545
f 5496//5496 5546//5546 5547//5547
f 5496//5496 5547//5547 5497//5497
f 5494//5494 5498//5498 5548//5548
f 5494//5494 5548//5548 5544//5544
f 5497//5497 5547//5547 5549//5549
f 5497//5497 5549//5549 5499//5499
f 5498//5498 5500//5500 5550//5550
f 5498//5498 5550//5550 5548//5548
f 5499//5499 5549//5549 5551//5551
f 5499//5499 5551//5551 5501//5501
f 5500//5500 5502//5502 5552//5552
f 5500//5500 5552//5552 5550//5550
f 5501//5501 5551//5551 5553//5553
f 5501//5501 5553//5553 5503//5503
f 5502//5502 5504//5504 5554//5554
f 5502//5502 5554//5554 5552//5552
f 5503//5503 5553//5553 5555//5555
f 5503//5503 5555//5555 5505//5505
f 5504//5504 5506//5506 5556//5556
f 5504//5504 5556//5556 5554//5554
f 5505//5505 5555//5555 5557//5557
f 5505//5505 5557//5557 5507//5507
f 5506//5506 5508//5508 5558//5558
f 5506//5506 5558//5558 5556//5556
f 5507//5507 5557//5557 5559//5559
f 5507//5507 5559//5559 5509//5509
f 5508//5508 5510//5510 5560//5560
f 5508//5508 5560//5560 5558//5558
f 5509//5509 5559//5559 5561//5561
f 5509//5509 5561//5561 5511//5511
f 5510//5510 5512//5512 5562//5562
f 5510//5510 5562//5562 5560//5560
f 5511//5511 5561//5561 5563//5563
f 5511//5511 5563//5563 5513//5513
f 5512//5512 5514//5514 5564//5564
f 5512//5512 5564//5564 5562//5562
f 5513//5513 5563//5563 5565//5565
f 5513//5513 5565//5565 5515//5515
f 5514//5514 5516//5516 5566//5566
f 5514//5514 5566//5566 5564//5564
f 5515//5515 5565//5565 5567//5567
f 5515//5515 5567//5567 5517//5517
f 5516//5516 5518//5518 5568//5568
f 5516//5516 5568//5568 5566//5566
f 5517//5517 5567//5567 5569//5569
f 5517//5517 5569//5569 5519//5519
f 5518//5518 5520//5520 5570//5570
f 5518//5518 5570//5570 5568//5568
f 5519//5519 5569//5569 5571//5571
f 5519//5519 5571//5571 5521//5521
f 5520//5520 5522//5522 5572//5572
f 5520//5520 5572//5572 5570//5570
f 5521//5521 5571//5571 5573//5573
f 5521//5521 5573//5573 5523//5523
f 5522//5522 5524//5524 5574//5574
f 5522//5522 5574//5574 5572//5572
f 5523//5523 5573//5573 5575//5575
f 5523//5523 5575//5575 5525//5525
f 5524//5524 5526//5526 5576//5576
f 5524//5524 5576//5576 5574//5574
f 5525//5525 5575//5575 5577//5577
f 5525//5525 5577//5577 5527//5527
f 5526//5526 5528//5528 5578//5578
f 5526//5526 5578//5578 5576//5576
f 5527//5527 5577//5577 5579//5579
f 5527//5527 5579//5579 5529//5529
f 5528//5528 5530//5530 5580//5580
f 5528//5528 5580//5580 5578//5578
f 5529//5529 5579//5579 5581//5581
f 5529//5529 5581//5581 5531//5531
f 5530//5530 5532//5532 5582//5582
f 5530//5530 5582//5582 5580//5580
f 5531//5531 5581//5581 5583//5583
f 5531//5531 5583//5583 5533//5533
f 5532//5532 5534//5534 5584//5584
f 5532//5532 5584//5584 5582//5582
f 5533//5533 5583//5583 5585//5585
f 5533//5533 5585//5585 5535//5535
f 5534//5534 5536//5536 5586//5586
f 5534//5534 5586//5586 5584//5584
f 5535//5535 5585//5585 5587//5587
f 5535//5535 5587//5587 5537//5537
f 5536//5536 5538//5538 5588//5588
f 5536//5536 5588//5588 5586//5586
f 5537//5537 5587//5587 5589//5589
f 5537//5537 5589//5589 5539//5539
f 5538//5538 5540//5540 5590//5590
f 5538//5538 5590//5590 5588//5588
f 5539//5539 5589//5589 5591//5591
f 5539//5539 5591//5591 5541//5541
f 5540//5540 5542//5542 5592//5592
f 5540//5540 5592//5592 5590//5590
f 5541//5541 5591//5591 5593//5593
f 5541//5541 5593//5593 5543//5543
f 5545//5545 5544//5544 5594//5594
f 5545//5545 5594//5594 5595//5595
f 5546//5546 5596//5596 5597//5597
f 5546//5546 5597//5597 5547//5547
f 5544//5544 5548//5548 5598//5598
f 5544//5544 5598//5598 5594//5594
f 5547//5547 5597//5597 5599//5599
f 5547//5547 5599//5599 5549//5549
f 5548//5548 5550//5550 5600//5600
f 5548//5548 5600//5600 5598//5598
f 5549//5549 5599//5599 5601//5601
f 5549//5549 5601//5601 5551//5551
f 5550//5550 5552//5552 5602//5602
f 5550//5550 5602//5602 5600//5600
f 5551//5551 5601//5601 5603//5603
f 5551//5551 5603//5603 5553//5553
f 5552//5552 5554//5554 5604//5604
f 5552//5552 5604//5604 5602//5602
f 5553//5553 5603//5603 5605//5605
f 5553//5553 5605//5605 5555//5555
f 5554//5554 5556//5556 5606//5606
f 5554//5554 5606//5606 5604//5604
f 5555//5555 5605//5605 5607//5607
f 5555//5555 5607//5607 5557//5557
f 5556//5556 5558//5558 5608//5608
f 5556//5556 5608//5608 5606//5606
f 5557//5557 5607//5607 5609//5609
f 5557//5557 5609//5609 5559//5559
f 5558//5558 5560//5560 5610//5610
f 5558//5558 5610//5610 5608//5608
f 5559//5559 5609//5609 5611//5611
f 5559//5559 5611//5611 5561//5561
f 5560//5560 5562//5562 5612//5612
f 5560//5560 5612//5612 5610//5610
f 5561//5561 5611//5611 5613//5613
f 5561//5561 5613//5613 5563//5563
f 5562//5562 5564//5564 5614//5614
f 5562//5562 5614//5614 5612//5612
f 5563//5563 5613//5613 5615//5615
f 5563//5563 5615//5615 5565//5565
f 5564//5564 5566//5566 5616//5616
f 5564//5564 5616//5616 5614//5614
f 5565//5565 5615//5615 5617//5617
f 5565//5565 5617//5617 5567//5567
f 5566//5566 5568//5568 5618//5618
f 5566//5566 5618//5618 5616//5616
f 5567//5567 5617//5617 5619//5619
f 5567//5567 5619//5619 5569//5569
f 5568//5568 5570//5570 5620//5620
f 5568//5568 5620//5620 5618//5618
f 5569//5569 5619//5619 5621//5621
f 5569//5569 5621//5621 5571//5571
f 5570//5570 5572//5572 5622//5622
f 5570//5570 5622//5622 5620//5620
f 5571//5571 5621//5621 5623//5623
f 5571//5571 5623//5623 5573//5573
f 5572//5572 5574//5574 5624//5624
f 5572//5572 5624//5624 5622//5622
f 5573//5573 5623//5623 5625//5625
f 5573//5573 5625//5625 5575//5575
f 5574//5574 5576//5576 5626//5626
f 5574//5574 5626//5626 5624//5624
f 5575//5575 5625//5625 5627//5627
f 5575//5575 5627//5627 5577//5577
f 5576//5576 5578//5578 5628//5628
f 5576//5576 5628//5628 5626//5626
f 5577//5577 5627//5627 5629//5629
f 5577//5577 5629//5629 5579//5579
f 5578//5578 5580//5580 5630//5630
f 5578//5578 5630//5630 5628//5628
f 5579//5579 5629//5629 5631//5631
f 5579//5579 5631//5631 5581//5581
f 5580//5580 5582//5582 5632//5632
f 5580//5580 5632//5632 5630//5630
f 5581//5581 5631//5631 5633//5633
f 5581//5581 5633//5633 5583//5583
f 5582//5582 5584//5584 5634//5634
f 5582//5582 5634//5634 5632//5632
f 5583//5583 5633//5633 5635//5635
f 5583//5583 5635//5635 5585//5585
f 5584//5584 5586//5586 5636//5636
f 5584//5584 5636//5636 5634//5634
f 5585//5585 5635//5635 5637//5637
f 5585//5585 5637//5637 5587//5587
f 5586//5586 5588//5588 5638//5638
f 5586//5586 5638//5638 5636//5636
f 5587//5587 5637//5637 5639//5639
f 5587//5587 5639//5639 5589//5589
f 5588//5588 5590//5590 5640//5640
f 5588//5588 5640//5640 5638//5638
f 5589//5589 5639//5639 5641//5641
f 5589//5589 5641//5641 5591//5591
f 5590//5590 5592//5592 5642//5642
f 5590//5590 5642//5642 5640//5640
f 5591//5591 5641//5641 5643//5643
f 5591//5591 5643//5643 5593//5593
usemtl color_1
f 5644//5644 5645//5645 5646//5646
f 5644//5644 5646//5646 5647//5647
f 5647//5647 5646//5646 5648//5648
f 5647//5647 5648//5648 5649//5649
f 5649//5649 5648//5648 5650//5650
f 5649//5649 5650//5650 5651//5651
f 5651//5651 5650//5650 5652//5652
f 5651//5651 5652//5652 5653//5653
f 5653//5653 5652//5652 5654//5654
f 5653//5653 5654//5654 5655//5655
f 5655//5655 5654//5654 5656//5656
f 5655//5655 5656//5656 5657//5657
f 5657//5657 5656//5656 5658//5658
f 5657//5657 5658//5658 5659//5659
f 5659//5659 5658//5658 5660//5660
f 5659//5659 5660//5660 5661//5661
f 5661//5661 5660//5660 5662//5662
f 5661//5661 5662//5662 5663//5663
f 5663//5663 5662//5662 5664//5664
f 5663//5663 5664//5664 5665//5665
f 5665//5665 5664//5664 5666//5666
f 5665//5665 5666//5666 5667//5667
f 5667//5667 5666//5666 5668//5668
f 5667//5667 5668//5668 5669//5669
f 5669//5669 5668//5668 5670//5670
f 5669//5669 5670//5670 5671//5671
f 5671//5671 5670//5670 5672//5672
f 5671//5671 5672//5672 5673//5673
f 5673//5673 5672//5672 5674//5674
f 5673//5673 5674//5674 5675//5675
f 5675//5675 5674//5674 5676//5676
f 5675//5675 5676//5676 5677//5677
f 5677//5677 5676//5676 5678//5678
f 5677//5677 5678//5678 5679//5679
f 5679//5679 5678//5678 5680//5680
f 5679//5679 5680//5680 5681//5681
f 5681//5681 5680//5680 5682//5682
f 5681//5681 5682//5682 5683//5683
f 5683//5683 5682//5682 5684//5684
f 5683//5683 5684//5684 5685//5685
f 5685//5685 5684//5684 5686//5686
f 5685//5685 5686//5686 5687//5687
f 5687//5687 5686//5686 5688//5688
f 5687//5687 5688//5688 5689//5689
f 5689//5689 5688//5688 5690//5690
f 5689//5689 5690//5690 5691//5691
f 5691//5691 5690//5690 5692//5692
f 5691//5691 5692//5692 5693//5693
usemtl color_3
f 5694//5694 5695//5695 5696//5696
f 5694//5694 5696//5696 5697//5697
f 5694//5694 5697//5697 5698//5698
f 5694//5694 5698//5698 5699//5699
f 5694//5694 5699//5699 5700//5700
f 5694//5694 5700//5700 5701//5701
f 5701//5701 5700//5700 5702//5702
f 5701//5701 5702//5702 5703//5703
f 5700//5700 5699//5699 5704//5704
f 5700//5700 5704//5704 5702//5702
f 5699//5699 5698//5698 5705//5705
f 5699//5699 5705//5705 5704//5704
f 5698//5698 5697//5697 5706//5706
f 5698//5698 5706//5706 5705//5705
f 5697//5697 5696//5696 5707//5707
f 5697//5697 5707//5707 5706//5706
f 5696//5696 5695//5695 5708//5708
f 5696//5696 5708//5708 5707//5707
f 5695//5695 5694//5694 5709//5709
f 5695//5695 5709//5709 5708//5708
f 5694//5694 5701//5701 5703//5703
f 5694//5694 5703//5703 5709//5709
f 5703//5703 5702//5702 5710//5710
f 5703//5703 5710//5710 5711//5711
f 5702//5702 5704//5704 5712//5712
f 5702//5702 5712//5712 5710//5710
f 5704//5704 5705//5705 5713//5713
f 5704//5704 5713//5713 5712//5712
f 5705//5705 5706//5706 5714//5714
f 5705//5705 5714//5714 5713//5713
f 5706//5706 5707//5707 5715//5715
f 5706//5706 5715//5715 5714//5714
f 5707//5707 5708//5708 5716//5716
f 5707//5707 5716//5716 5715//5715
f 5708//5708 5709//5709 5717//5717
f 5708//5708 5717//5717 5716//5716
f 5709//5709 5703//5703 5711//5711
f 5709//5709 5711//5711 5717//5717
f 5711//5711 5710//5710 5718//5718
f 5711//5711 5718//5718 5719//5719
f 5710//5710 5712//5712 5720//5720
f 5710//5710 5720//5720 5718//5718
f 5712//5712 5713//5713 5721//5721
f 5712//5712 5721//5721 5720//5720
f 5713//5713 5714//5714 5722//5722
f 5713//5713 5722//5722 5721//5721
f 5714//5714 5715//5715 5723//5723
f 5714//5714 5723//5723 5722//5722
f 5715//5715 5716//5716 5724//5724
f 5715//5715 5724//5724 5723//5723
f 5716//5716 5717//5717 5725//5725
f 5716//5716 5725//5725 5724//5724
f 5717//5717 5711//5711 5719//5719
f 5717//5717 5719//5719 5725//5725
f 5719//5719 5718//5718 5726//5726
f 5719//5719 5726//5726 5727//5727
f 5718//5718 5720//5720 5728//5728
f 5718//5718 5728//5728 5726//5726
f 5720//5720 5721//5721 5729//5729
f 5720//5720 5729//5729 5728//5728
f 5721//5721 5722//5722 5730//5730
f 5721//5721 5730//5730 5729//5729
f 5722//5722 5723//5723 5731//5731
f 5722//5722 5731//5731 5730//5730
f 5723//5723 5724//5724 5732//5732
f 5723//5723 5732//5732 5731//5731
f 5724//5724 5725//5725 5733//5733
f 5724//5724 5733//5733 5732//5732
f 5725//5725 5719//5719 5727//5727
f 5725//5725 5727//5727 5733//5733
f 5727//5727 5726//5726 5734//5734
f 5727//5727 5734//5734 5735//5735
f 5726//5726 5728//5728 5736//5736
f 5726//5726 5736//5736 5734//5734
f 5728//5728 5729//5729 5737//5737
f 5728//5728 5737//5737 5736//5736
f 5729//5729 5730//5730 5738//5738
f 5729//5729 5738//5738 5737//5737
f 5730//5730 5731//5731 5739//5739
f 5730//5730 5739//5739 5738//5738
f 5731//5731 5732//5732 5740//5740
f 5731//5731 5740//5740 5739//5739
f 5732//5732 5733//5733 5741//5741
f 5732//5732 5741//5741 5740//5740
f 5733//5733 5727//5727 5735//5735
f 5733//5733 5735//5735 5741//5741
f 5735//5735 5734//5734 5742//5742
f 5735//5735 5742//5742 5743//5743
f 5734//5734 5736//5736 5744//5744
f 5734//5734 5744//5744 5742//5742
f 5736//5736 5737//5737 5745//5745
f 5736//5736 5745//5745 5744//5744
f 5737//5737 5738//5738 5746//5746
f 5737//5737 5746//5746 5745//5745
f 5738//5738 5739//5739 5747//5747
f 5738//5738 5747//5747 5746//5746
f 5739//5739 5740//5740 5748//5748
f 5739//5739 5748//5748 5747//5747
f 5740//5740 5741//5741 5749//5749
f 5740//5740 5749//5749 5748//5748
f 5741//5741 5735//5735 5743//5743
f 5741//5741 5743//5743 5749//5749
f 5743//5743 5742//5742 5750//5750
f 5743//5743 5750//5750 5751//5751
f 5742//5742 5744//5744 5752//5752
f 5742//5742 5752//5752 5750//5750
f 5744//5744 5745//5745 5753//5753
f 5744//5744 5753//5753 5752//5752
f 5745//5745 5746//5746 5754//5754
f 5745//5745 5754//5754 5753//5753
f 5746//5746 5747//5747 5755//5755
f 5746//5746 5755//5755 5754//5754
f 5747//5747 5748//5748 5756//5756
f 5747//5747 5756//5756 5755//5755
f 5748//5748 5749//5749 5757//5757
f 5748//5748 5757//5757 5756//5756
f 5749//5749 5743//5743 5751//5751
f 5749//5749 5751//5751 5757//5757
f 5751//5751 5750//5750 5758//5758
f 5751//5751 5758//5758 5759//5759
f 5750//5750 5752//5752 5760//5760
f 5750//5750 5760//5760 5758//5758
f 5752//5752 5753//5753 5761//5761
f 5752//5752 5761//5761 5760//5760
f 5753//5753 5754//5754 5762//5762
f 5753//5753 5762//5762 5761//5761
f 5754//5754 5755//5755 5763//5763
f 5754//5754 5763//5763 5762//5762
f 5755//5755 5756//5756 5764//5764
f 5755//5755 5764//5764 5763//5763
f 5756//5756 5757//5757 5765//5765
f 5756//5756 5765//5765 5764//5764
f 5757//5757 5751//5751 5759//5759
f 5757//5757 5759//5759 5765//5765
f 5759//5759 5758//5758 5766//5766
f 5759//5759 5766//5766 5767//5767
f 5758//5758 5760//5760 5768//5768
f 5758//5758 5768//5768 5766//5766
f 5760//5760 5761//5761 5769//5769
f 5760//5760 5769//5769 5768//5768
f 5761//5761 5762//5762 5770//5770
f 5761//5761 5770//5770 5769//5769
f 5762//5762 5763//5763 5771//5771
f 5762//5762 5771//5771 5770//5770
f 5763//5763 5764//5764 5772//5772
f 5763//5763 5772//5772 5771//5771
f 5764//5764 5765//5765 5773//5773
f 5764//5764 5773//5773 5772//5772
f 5765//5765 5759//5759 5767//5767
f 5765//5765 5767//5767 5773//5773
f 5767//5767 5766//5766 5774//5774
f 5767//5767 5774//5774 5775//5775
f 5766//5766 5768//5768 5776//5776
f 5766//5766 5776//5776 5774//5774
f 5768//5768 5769//5769 5777//5777
f 5768//5768 5777//5777 5776//5776
f 5769//5769 5770//5770 5778//5778
f 5769//5769 5778//5778 5777//5777
f 5770//5770 5771//5771 5779//5779
f 5770//5770 5779//5779 5778//5778
f 5771//5771 5772//5772 5780//5780
f 5771//5771 5780//5780 5779//5779
f 5772//5772 5773//5773 5781//5781
f 5772//5772 5781//5781 5780//5780
f 5773//5773 5767//5767 5775//5775
f 5773//5773 5775//5775 5781//5781
f 5775//5775 5774//5774 5782//5782
f 5775//5775 5782//5782 5783//5783
f 5774//5774 5776//5776 5784//5784
f 5774//5774 5784//5784 5782//5782
f 5776//5776 5777//5777 5785//5785
f 5776//5776 5785//5785 5784//5784
f 5777//5777 5778//5778 5786//5786
f 5777//5777 5786//5786 5785//5785
f 5778//5778 5779//5779 5787//5787
f 5778//5778 5787//5787 5786//5786
f 5779//5779 5780//5780 5788//5788
f 5779//5779 5788//5788 5787//5787
f 5780//5780 5781//5781 5789//5789
f 5780//5780 5789//5789 5788//5788
f 5781//5781 5775//5775 5783//5783
f 5781//5781 5783//5783 5789//5789
f 5783//5783 5782//5782 5790//5790
f 5783//5783 5790//5790 5791//5791
f 5782//5782 5784//5784 5792//5792
f 5782//5782 5792//5792 5790//5790
f 5784//5784 5785//5785 5793//5793
f 5784//5784 5793//5793 5792//5792
f 5785//5785 5786//5786 5794//5794
f 5785//5785 5794//5794 5793//5793
f 5786//5786 5787//5787 5795//5795
f 5786//5786 5795//5795 5794//5794
f 5787//5787 5788//5788 5796//5796
f 5787//5787 5796//5796 5795//5795
f 5788//5788 5789//5789 5797//5797
f 5788//5788 5797//5797 5796//5796
f 5789//5789 5783//5783 5791//5791
f 5789//5789 5791//5791 5797//5797
f 5791//5791 5790//5790 5798//5798
f 5791//5791 5798//5798 5799//5799
f 5790//5790 5792//5792 5800//5800
f 5790//5790 5800//5800 5798//5798
f 5792//5792 5793//5793 5801//5801
f 5792//5792 5801//5801 5800//5800
f 5793//5793 5794//5794 5802//5802
f 5793//5793 5802//5802 5801//5801
f 5794//5794 5795//5795 5803//5803
f 5794//5794 5803//5803 5802//5802
f 5795//5795 5796//5796 5804//5804
f 5795//5795 5804//5804 5803//5803
f 5796//5796 5797//5797 5805//5805
f 5796//5796 5805//5805 5804//5804
f 5797//5797 5791//5791 5799//5799
f 5797//5797 5799//5799 5805//5805
f 5799//5799 5798//5798 5806//5806
f 5799//5799 5806//5806 5807//5807
f 5798//5798 5800//5800 5808//5808
f 5798//5798 5808//5808 5806//5806
f 5800//5800 5801//5801 5809//5809
f 5800//5800 5809//5809 5808//5808
f 5801//5801 5802//5802 5810//5810
f 5801//5801 5810//5810 5809//5809
f 5802//5802 5803//5803 5811//5811
f 5802//5802 5811//5811 5810//5810
f 5803//5803 5804//5804 5812//5812
f 5803//5803 5812//5812 5811//5811
f 5804//5804 5805//5805 5813//5813
f 5804//5804 5813//5813 5812//5812
f 5805//5805 5799//5799 5807//5807
f 5805//5805 5807//5807 5813//5813
f 5807//5807 5806//5806 5814//5814
f 5807//5807 5814//5814 5815//5815
f 5806//5806 5808//5808 5816//5816
f 5806//5806 5816//5816 5814//5814
f 5808//5808 5809//5809 5817//5817
f 5808//5808 5817//5817 5816//5816
f 5809//5809 5810//5810 5818//5818
f 5809//5809 5818//5818 5817//5817
f 5810//5810 5811//5811 5819//5819
f 5810//5810 5819//5819 5818//5818
f 5811//5811 5812//5812 5820//5820
f 5811//5811 5820//5820 5819//5819
f 5812//5812 5813//5813 5821//5821
f 5812//5812 5821//5821 5820//5820
f 5813//5813 5807//5807 5815//5815
f 5813//5813 5815//5815 5821//5821
f 5815//5815 5814//5814 5822//5822
f 5815//5815 5822//5822 5823//5823
f 5814//5814 5816//5816 5824//5824
f 5814//5814 5824//5824 5822//5822
f 5816//5816 5817//5817 5825//5825
f 5816//5816 5825//5825 5824//5824
f 5817//5817 5818//5818 5826//5826
f 5817//5817 5826//5826 5825//5825
f 5818//5818 5819//5819 5827//5827
f 5818//5818 5827//5827 5826//5826
f 5819//5819 5820//5820 5828//5828
f 5819//5819 5828//5828 5827//5827
f 5820//5820 5821//5821 5829//5829
f 5820//5820 5829//5829 5828//5828
f 5821//5821 5815//5815 5823//5823
f 5821//5821 5823//5823 5829//5829
f 5823//5823 5822//5822 5830//5830
f 5823//5823 5830//5830 5831//5831
f 5822//5822 5824//5824 5832//5832
f 5822//5822 5832//5832 5830//5830
f 5824//5824 5825//5825 5833//5833
f 5824//5824 5833//5833 5832//5832
f 5825//5825 5826//5826 5834//5834
f 5825//5825 5834//5834 5833//5833
f 5826//5826 5827//5827 5835//5835
f 5826//5826 5835//5835 5834//5834
f 5827//5827 5828//5828 5836//5836
f 5827//5827 5836//5836 5835//5835
f 5828//5828 5829//5829 5837//5837
f 5828//5828 5837//5837 5836//5836
f 5829//5829 5823//5823 5831//5831
f 5829//5829 5831//5831 5837//5837
f 5831//5831 5830//5830 5838//5838
f 5831//5831 5838//5838 5839//5839
f 5830//5830 5832//5832 5840//5840
f 5830//5830 5840//5840 5838//5838
f 5832//5832 5833//5833 5841//5841
f 5832//5832 5841//5841 5840//5840
f 5833//5833 5834//5834 5842//5842
f 5833//5833 5842//5842 5841//5841
f 5834//5834 5835//5835 5843//5843
f 5834//5834 5843//5843 5842//5842
f 5835//5835 5836//5836 5844//5844
f 5835//5835 5844//5844 5843//5843
f 5836//5836 5837//5837 5845//5845
f 5836//5836 5845//5845 5844//5844
f 5837//5837 5831//5831 5839//5839
f 5837//5837 5839//5839 5845//5845
f 5839//5839 5838//5838 5846//5846
f 5839//5839 5846//5846 5847//5847
f 5838//5838 5840//5840 5848//5848
f 5838//5838 5848//5848 5846//5846
f 5840//5840 5841//5841 5849//5849
f 5840//5840 5849//5849 5848//5848
f 5841//5841 5842//5842 5850//5850
f 5841//5841 5850//5850 5849//5849
f 5842//5842 5843//5843 5851//5851
f 5842//5842 5851//5851 5850//5850
f 5843//5843 5844//5844 5852//5852
f 5843//5843 5852//5852 5851//5851
f 5844//5844 5845//5845 5853//5853
f 5844//5844 5853//5853 5852//5852
f 5845//5845 5839//5839 5847//5847
f 5845//5845 5847//5847 5853//5853
f 5847//5847 5846//5846 5854//5854
f 5847//5847 5854//5854 5855//5855
f 5846//5846 5848//5848 5856//5856
f 5846//5846 5856//5856 5854//5854
f 5848//5848 5849//5849 5857//5857
f 5848//5848 5857//5857 5856//5856
f 5849//5849 5850//5850 5858//5858
f 5849//5849 5858//5858 5857//5857
f 5850//5850 5851//5851 5859//5859
f 5850//5850 5859//5859 5858//5858
f 5851//5851 5852//5852 5860//5860
f 5851//5851 5860//5860 5859//5859
f 5852//5852 5853//5853 5861//5861
f 5852//5852 5861//5861 5860//5860
f 5853//5853 5847//5847 5855//5855
f 5853//5853 5855//5855 5861//5861
f 5855//5855 5854//5854 5862//5862
f 5855//5855 5862//5862 5863//5863
f 5854//5854 5856//5856 5864//5864
f 5854//5854 5864//5864 5862//5862
f 5856//5856 5857//5857 5865//5865
f 5856//5856 5865//5865 5864//5864
f 5857//5857 5858//5858 5866//5866
f 5857//5857 5866//5866 5865//5865
f 5858//5858 5859//5859 5867//5867
f 5858//5858 5867//5867 5866//5866
f 5859//5859 5860//5860 5868//5868
f 5859//5859 5868//5868 5867//5867
f 5860//5860 5861//5861 5869//5869
f 5860//5860 5869//5869 5868//5868
f 5861//5861 5855//5855 5863//5863
f 5861//5861 5863//5863 5869//5869
f 5863//5863 5862//5862 5870//5870
f 5863//5863 5870//5870 5871//5871
f 5862//5862 5864//5864 5872//5872
f 5862//5862 5872//5872 5870//5870
f 5864//5864 5865//5865 5873//5873
f 5864//5864 5873//5873 5872//5872
f 5865//5865 5866//5866 5874//5874
f 5865//5865 5874//5874 5873//5873
f 5866//5866 5867//5867 5875//5875
f 5866//5866 5875//5875 5874//5874
f 5867//5867 5868//5868 5876//5876
f 5867//5867 5876//5876 5875//5875
f 5868//5868 5869//5869 5877//5877
f 5868//5868 5877//5877 5876//5876
f 5869//5869 5863//5863 5871//5871
f 5869//5869 5871//5871 5877//5877
f 5871//5871 5870//5870 5878//5878
f 5871//5871 5878//5878 5879//5879
f 5870//5870 5872//5872 5880//5880
f 5870//5870 5880//5880 5878//5878
f 5872//5872 5873//5873 5881//5881
f 5872//5872 5881//5881 5880//5880
f 5873//5873 5874//5874 5882//5882
f 5873//5873 5882//5882 5881//5881
f 5874//5874 5875//5875 5883//5883
f 5874//5874 5883//5883 5882//5882
f 5875//5875 5876//5876 5884//5884
f 5875//5875 5884//5884 5883//5883
f 5876//5876 5877//5877 5885//5885
f 5876//5876 5885//5885 5884//5884
f 5877//5877 5871//5871 5879//5879
f 5877//5877 5879//5879 5885//5885
f 5879//5879 5878//5878 5886//5886
f 5879//5879 5886//5886 5887//5887
f 5878//5878 5880//5880 5888//5888
f 5878//5878 5888//5888 5886//5886
f 5880//5880 5881//5881 5889//5889
f 5880//5880 5889//5889 5888//5888
f 5881//5881 5882//5882 5890//5890
f 5881//5881 5890//5890 5889//5889
f 5882//5882 5883//5883 5891//5891
f 5882//5882 5891//5891 5890//5890
f 5883//5883 5884//5884 5892//5892
f 5883//5883 5892//5892 5891//5891
f 5884//5884 5885//5885 5893//5893
f 5884//5884 5893//5893 5892//5892
f 5885//5885 5879//5879 5887//5887
f 5885//5885 5887//5887 5893//5893
f 5887//5887 5886//5886 5894//5894
f 5887//5887 5894//5894 5895//5895
f 5886//5886 5888//5888 5896//5896
f 5886//5886 5896//5896 5894//5894
f 5888//5888 5889//5889 5897//5897
f 5888//5888 5897//5897 5896//5896
f 5889//5889 5890//5890 5898//5898
f 5889//5889 5898//5898 5897//5897
f 5890//5890 5891//5891 5899//5899
f 5890//5890 5899//5899 5898//5898
f 5891//5891 5892//5892 5900//5900
f 5891//5891 5900//5900 5899//5899
f 5892//5892 5893//5893 5901//5901
f 5892//5892 5901//5901 5900//5900
f 5893//5893 5887//5887 5895//5895
f 5893//5893 5895//5895 5901//5901
f 5895//5895 5894//5894 5902//5902
f 5895//5895 5902//5902 5903//5903
f 5894//5894 5896//5896 5904//5904
f 5894//5894 5904//5904 5902//5902
f 5896//5896 5897//5897 5905//5905
f 5896//5896 5905//5905 5904//5904
f 5897//5897 5898//5898 5906//5906
f 5897//5897 5906//5906 5905//5905
f 5898//5898 5899//5899 5907//5907
f 5898//5898 5907//5907 5906//5906
f 5899//5899 5900//5900 5908//5908
f 5899//5899 5908//5908 5907//5907
f 5900//5900 5901//5901 5909//5909
f 5900//5900 5909//5909 5908//5908
f 5901//5901 5895//5895 5903//5903
f 5901//5901 5903//5903 5909//5909
f 5903//5903 5902//5902 5910//5910
f 5903//5903 5910//5910 5911//5911
f 5902//5902 5904//5904 5912//5912
f 5902//5902 5912//5912 5910//5910
f 5904//5904 5905//5905 5913//5913
f 5904//5904 5913//5913 5912//5912
f 5905//5905 5906//5906 5914//5914
f 5905//5905 5914//5914 5913//5913
f 5906//5906 5907//5907 5915//5915
f 5906//5906 5915//5915 5914//5914
f 5907//5907 5908//5908 5916//5916
f 5907//5907 5916//5916 5915//5915
f 5908//5908 5909//5909 5917//5917
f 5908//5908 5917//5917 5916//5916
f 5909//5909 5903//5903 5911//5911
f 5909//5909 5911//5911 5917//5917
f 5911//5911 5910//5910 5918//5918
f 5911//5911 5918//5918 5919//5919
f 5910//5910 5912//5912 5920//5920
f 5910//5910 5920//5920 5918//5918
f 5912//5912 5913//5913 5921//5921
f 5912//5912 5921//5921 5920//5920
f 5913//5913 5914//5914 5922//5922
f 5913//5913 5922//5922 5921//5921
f 5914//5914 5915//5915 5923//5923
f 5914//5914 5923//5923 5922//5922
f 5915//5915 5916//5916 5924//5924
f 5915//5915 5924//5924 5923//5923
f 5916//5916 5917//5917 5925//5925
f 5916//5916 5925//5925 5924//5924
f 5917//5917 5911//5911 5919//5919
f 5917//5917 5919//5919 5925//5925
f 5919//5919 5918//5918 5920//5920
f 5919//5919 5920//5920 5921//5921
f 5919//5919 5921//5921 5922//5922
f 5919//5919 5922//5922 5923//5923
f 5919//5919 5923//5923 5924//5924
f 5919//5919 5924//5924 5925//5925
f 5926//5926 5927//5927 5928//5928
f 5926//5926 5928//5928 5929//5929
f 5926//5926 5929//5929 5930//5930
f 5926//5926 5930//5930 5931//5931
f 5926//5926 5931//5931 5932//5932
f 5926//5926 5932//5932 5933//5933
f 5926//5926 5933//5933 5934//5934
f 5926//5926 5934//5934 5935//5935
f 5926//5926 5935//5935 5936//5936
f 5926//5926 5936//5936 5937//5937
f 5926//5926 5937//5937 5938//5938
f 5926//5926 5938//5938 5927//5927
f 5927//5927 5939//5939 5940//5940
f 5927//5927 5940//5940 5928//5928
f 5928//5928 5940//5940 5941//5941
f 5928//5928 5941//5941 5929//5929
f 5929//5929 5941//5941 5942//5942
f 5929//5929 5942//5942 5930//5930
f 5930//5930 5942//5942 5943//5943
f 5930//5930 5943//5943 5931//5931
f 5931//5931 5943//5943 5944//5944
f 5931//5931 5944//5944 5932//5932
f 5932//5932 5944//5944 5945//5945
f 5932//5932 5945//5945 5933//5933
f 5933//5933 5945//5945 5946//5946
f 5933//5933 5946//5946 5934//5934
f 5934//5934 5946//5946 5947//5947
f 5934//5934 5947//5947 5935//5935
f 5935//5935 5947//5947 5948//5948
f 5935//5935 5948//5948 5936//5936
f 5936//5936 5948//5948 5949//5949
f 5936//5936 5949//5949 5937//5937
f 5937//5937 5949//5949 5950//5950
f 5937//5937 5950//5950 5938//5938
f 5938//5938 5950//5950 5939//5939
f 5938//5938 5939//5939 5927//5927
f 5939//5939 5951//5951 5952//5952
f 5939//5939 5952//5952 5940//5940
f 5940//5940 5952//5952 5953//5953
f 5940//5940 5953//5953 5941//5941
f 5941//5941 5953//5953 5954//5954
f 5941//5941 5954//5954 5942//5942
f 5942//5942 5954//5954 5955//5955
f 5942//5942 5955//5955 5943//5943
f 5943//5943 5955//5955 5956//5956
f 5943//5943 5956//5956 5944//5944
f 5944//5944 5956//5956 5957//5957
f 5944//5944 5957//5957 5945//5945
f 5945//5945 5957//5957 5958//5958
f 5945//5945 5958//5958 5946//5946
f 5946//5946 5958//5958 5959//5959
f 5946//5946 5959//5959 5947//5947
f 5947//5947 5959//5959 5960//5960
f 5947//5947 5960//5960 5948//5948
f 5948//5948 5960//5960 5961//5961
f 5948//5948 5961//5961 5949//5949
f 5949//5949 5961//5961 5962//5962
f 5949//5949 5962//5962 5950//5950
f 5950//5950 5962//5962 5951//5951
f 5950//5950 5951//5951 5939//5939
f 5951//5951 5963//5963 5964//5964
f 5951//5951 5964//5964 5952//5952
f 5952//5952 5964//5964 5965//5965
f 5952//5952 5965//5965 5953//5953
f 5953//5953 5965//5965 5966//5966
f 5953//5953 5966//5966 5954//5954
f 5954//5954 5966//5966 5967//5967
f 5954//5954 5967//5967 5955//5955
f 5955//5955 5967//5967 5968//5968
f 5955//5955 5968//5968 5956//5956
f 5956//5956 5968//5968 5969//5969
f 5956//5956 5969//5969 5957//5957
f 5957//5957 5969//5969 5970//5970
f 5957//5957 5970//5970 5958//5958
f 5958//5958 5970//5970 5971//5971
f 5958//5958 5971//5971 5959//5959
f 5959//5959 5971//5971 5972//5972
f 5959//5959 5972//5972 5960//5960
f 5960//5960 5972//5972 5973//5973
f 5960//5960 5973//5973 5961//5961
f 5961//5961 5973//5973 5974//5974
f 5961//5961 5974//5974 5962//5962
f 5962//5962 5974//5974 5963//5963
f 5962//5962 5963//5963 5951//5951
f 5963//5963 5975//5975 5976//5976
f 5963//5963 5976//5976 5964//5964
f 5964//5964 5976//5976 5977//5977
f 5964//5964 5977//5977 5965//5965
f 5965//5965 5977//5977 5978//5978
f 5965//5965 5978//5978 5966//5966
f 5966//5966 5978//5978 5979//5979
f 5966//5966 5979//5979 5967//5967
f 5967//5967 5979//5979 5980//5980
f 5967//5967 5980//5980 5968//5968
f 5968//5968 5980//5980 5981//5981
f 5968//5968 5981//5981 5969//5969
f 5969//5969 5981//5981 5982//5982
f 5969//5969 5982//5982 5970//5970
f 5970//5970 5982//5982 5983//5983
f 5970//5970 5983//5983 5971//5971
f 5971//5971 5983//5983 5984//5984
f 5971//5971 5984//5984 5972//5972
f 5972//5972 5984//5984 5985//5985
f 5972//5972 5985//5985 5973//5973
f 5973//5973 5985//5985 5986//5986
f 5973//5973 5986//5986 5974//5974
f 5974//5974 5986//5986 5975//5975
f 5974//5974 5975//5975 5963//5963
f 5975//5975 5987//5987 5976//5976
f 5976//5976 5987//5987 5977//5977
f 5977//5977 5987//5987 5978//5978
f 5978//5978 5987//5987 5979//5979
f 5979//5979 5987//5987 5980//5980
f 5980//5980 5987//5987 5981//5981
f 5981//5981 5987//5987 5982//5982
f 5982//5982 5987//5987 5983//5983
f 5983//5983 5987//5987 5984//5984
f 5984//5984 5987//5987 5985//5985
f 5985//5985 5987//5987 5986//5986
f 5986//5986 5987//5987 5975//5975
f 5988//5988 5989//5989 5990//5990
f 5988//5988 5990//5990 5991//5991
f 5988//5988 5991//5991 5992//5992
f 5988//5988 5992//5992 5993//5993
f 5988//5988 5993//5993 5994//5994
f 5988//5988 5994//5994 5995//5995
f 5988//5988 5995//5995 5996//5996
f 5988//5988 5996//5996 5997//5997
f 5988//5988 5997//5997 5998//5998
f 5988//5988 5998//5998 5999//5999
f 5988//5988 5999//5999 6000//6000
f 5988//5988 6000//6000 5989//5989
f 5989//5989 6001//6001 6002//6002
f 5989//5989 6002//6002 5990//5990
f 5990//5990 6002//6002 6003//6003
f 5990//5990 6003//6003 5991//5991
f 5991//5991 6003//6003 6004//6004
f 5991//5991 6004//6004 5992//5992
f 5992//5992 6004//6004 6005//6005
f 5992//5992 6005//6005 5993//5993
f 5993//5993 6005//6005 6006//6006
f 5993//5993 6006//6006 5994//5994
f 5994//5994 6006//6006 6007//6007
f 5994//5994 6007//6007 5995//5995
f 5995//5995 6007//6007 6008//6008
f 5995//5995 6008//6008 5996//5996
f 5996//5996 6008//6008 6009//6009
f 5996//5996 6009//6009 5997//5997
f 5997//5997 6009//6009 6010//6010
f 5997//5997 6010//6010 5998//5998
f 5998//5998 6010//6010 6011//6011
f 5998//5998 6011//6011 5999//5999
f 5999//5999 6011//6011 6012//6012
f 5999//5999 6012//6012 6000//6000
f 6000//6000 6012//6012 6001//6001
f 6000//6000 6001//6001 5989//5989
f 6001//6001 6013//6013 6014//6014
f 6001//6001 6014//6014 6002//6002
f 6002//6002 6014//6014 6015//6015
f 6002//6002 6015//6015 6003//6003
f 6003//6003 6015//6015 6016//6016
f 6003//6003 6016//6016 6004//6004
f 6004//6004 6016//6016 6017//6017
f 6004//6004 6017//6017 6005//6005
f 6005//6005 6017//6017 6018//6018
f 6005//6005 6018//6018 6006//6006
f 6006//6006 6018//6018 6019//6019
f 6006//6006 6019//6019 6007//6007
f 6007//6007 6019//6019 6020//6020
f 6007//6007 6020//6020 6008//6008
f 6008//6008 6020//6020 6021//6021
f 6008//6008 6021//6021 6009//6009
f 6009//6009 6021//6021 6022//6022
f 6009//6009 6022//6022 6010//6010
f 6010//6010 6022//6022 6023//6023
f 6010//6010 6023//6023 6011//6011
f 6011//6011 6023//6023 6024//6024
f 6011//6011 6024//6024 6012//6012
f 6012//6012 6024//6024 6013//6013
f 6012//6012 6013//6013 6001//6001
f 6013//6013 6025//6025 6026//6026
f 6013//6013 6026//6026 6014//6014
f 6014//6014 6026//6026 6027//6027
f 6014//6014 6027//6027 6015//6015
f 6015//6015 6027//6027 6028//6028
f 6015//6015 6028//6028 6016//6016
f 6016//6016 6028//6028 6029//6029
f 6016//6016 6029//6029 6017//6017
f 6017//6017 6029//6029 6030//6030
f 6017//6017 6030//6030 6018//6018
f 6018//6018 6030//6030 6031//6031
f 6018//6018 6031//6031 6019//6019
f 6019//6019 6031//6031 6032//6032
f 6019//6019 6032//6032 6020//6020
f 6020//6020 6032//6032 6033//6033
f 6020//6020 6033//6033 6021//6021
f 6021//6021 6033//6033 6034//6034
f 6021//6021 6034//6034 6022//6022
f 6022//6022 6034//6034 6035//6035
f 6022//6022 6035//6035 6023//6023
f 6023//6023 6035//6035 6036//6036
f 6023//6023 6036//6036 6024//6024
f 6024//6024 6036//6036 6025//6025
f 6024//6024 6025//6025 6013//6013
f 6025//6025 6037//6037 6038//6038
f 6025//6025 6038//6038 6026//6026
f 6026//6026 6038//6038 6039//6039
f 6026//6026 6039//6039 6027//6027
f 6027//6027 6039//6039 6040//6040
f 6027//6027 6040//6040 6028//6028
f 6028//6028 6040//6040 6041//6041
f 6028//6028 6041//6041 6029//6029
f 6029//6029 6041//6041 6042//6042
f 6029//6029 6042//6042 6030//6030
f 6030//6030 6042//6042 6043//6043
f 6030//6030 6043//6043 6031//6031
f 6031//6031 6043//6043 6044//6044
f 6031//6031 6044//6044 6032//6032
f 6032//6032 6044//6044 6045//6045
f 6032//6032 6045//6045 6033//6033
f 6033//6033 6045//6045 6046//6046
f 6033//6033 6046//6046 6034//6034
f 6034//6034 6046//6046 6047//6047
f 6034//6034 6047//6047 6035//6035
f 6035//6035 6047//6047 6048//6048
f 6035//6035 6048//6048 6036//6036
f 6036//6036 6048//6048 6037//6037
f 6036//6036 6037//6037 6025//6025
f 6037//6037 6049//6049 6038//6038
f 6038//6038 6049//6049 6039//6039
f 6039//6039 6049//6049 6040//6040
f 6040//6040 6049//6049 6041//6041
f 6041//6041 6049//6049 6042//6042
f 6042//6042 6049//6049 6043//6043
f 6043//6043 6049//6049 6044//6044
f 6044//6044 6049//6049 6045//6045
f 6045//6045 6049//6049 6046//6046
f 6046//6046 6049//6049 6047//6047
f 6047//6047 6049//6049 6048//6048
f 6048//6048 6049//6049 6037//6037
f 6050//6050 6051//6051 6052//6052
f 6050//6050 6052//6052 6053//6053
f 6050//6050 6053//6053 6054//6054
f 6050//6050 6054//6054 6055//6055
f 6050//6050 6055//6055 6056//6056
f 6050//6050 6056//6056 6057//6057
f 6050//6050 6057//6057 6058//6058
f 6050//6050 6058//6058 6059//6059
f 6050//6050 6059//6059 6060//6060
f 6050//6050 6060//6060 6061//6061
f 6050//6050 6061//6061 6062//6062
f 6050//6050 6062//6062 6063//6063
f 6050//6050 6063//6063 6064//6064
f 6050//6050 6064//6064 6065//6065
f 6050//6050 6065//6065 6066//6066
f 6050//6050 6066//6066 6051//6051
f 6051//6051 6067//6067 6068//6068
f 6051//6051 6068//6068 6052//6052
f 6052//6052 6068//6068 6069//6069
f 6052//6052 6069//6069 6053//6053
f 6053//6053 6069//6069 6070//6070
f 6053//6053 6070//6070 6054//6054
f 6054//6054 6070//6070 6071//6071
f 6054//6054 6071//6071 6055//6055
f 6055//6055 6071//6071 6072//6072
f 6055//6055 6072//6072 6056//6056
f 6056//6056 6072//6072 6073//6073
f 6056//6056 6073//6073 6057//6057
f 6057//6057 6073//6073 6074//6074
f 6057//6057 6074//6074 6058//6058
f 6058//6058 6074//6074 6075//6075
f 6058//6058 6075//6075 6059//6059
f 6059//6059 6075//6075 6076//6076
f 6059//6059 6076//6076 6060//6060
f 6060//6060 6076//6076 6077//6077
f 6060//6060 6077//6077 6061//6061
f 6061//6061 6077//6077 6078//6078
f 6061//6061 6078//6078 6062//6062
f 6062//6062 6078//6078 6079//6079
f 6062//6062 6079//6079 6063//6063
f 6063//6063 6079//6079 6080//6080
f 6063//6063 6080//6080 6064//6064
f 6064//6064 6080//6080 6081//6081
f 6064//6064 6081//6081 6065//6065
f 6065//6065 6081//6081 6082//6082
f 6065//6065 6082//6082 6066//6066
f 6066//6066 6082//6082 6067//6067
f 6066//6066 6067//6067 6051//6051
f 6067//6067 6083//6083 6084//6084
f 6067//6067 6084//6084 6068//6068
f 6068//6068 6084//6084 6085//6085
f 6068//6068 6085//6085 6069//6069
f 6069//6069 6085//6085 6086//6086
f 6069//6069 6086//6086 6070//6070
f 6070//6070 6086//6086 6087//6087
f 6070//6070 6087//6087 6071//6071
f 6071//6071 6087//6087 6088//6088
f 6071//6071 6088//6088 6072//6072
f 6072//6072 6088//6088 6089//6089
f 6072//6072 6089//6089 6073//6073
f 6073//6073 6089//6089 6090//6090
f 6073//6073 6090//6090 6074//6074
f 6074//6074 6090//6090 6091//6091
f 6074//6074 6091//6091 6075//6075
f 6075//6075 6091//6091 6092//6092
f 6075//6075 6092//6092 6076//6076
f 6076//6076 6092//6092 6093//6093
f 6076//6076 6093//6093 6077//6077
f 6077//6077 6093//6093 6094//6094
f 6077//6077 6094//6094 6078//6078
f 6078//6078 6094//6094 6095//6095
f 6078//6078 6095//6095 6079//6079
f 6079//6079 6095//6095 6096//6096
f 6079//6079 6096//6096 6080//6080
f 6080//6080 6096//6096 6097//6097
f 6080//6080 6097//6097 6081//6081
f 6081//6081 6097//6097 6098//6098
f 6081//6081 6098//6098 6082//6082
f 6082//6082 6098//6098 6083//6083
f 6082//6082 6083//6083 6067//6067
f 6083//6083 6099//6099 6100//6100
f 6083//6083 6100//6100 6084//6084
f 6084//6084 6100//6100 6101//6101
f 6084//6084 6101//6101 6085//6085
f 6085//6085 6101//6101 6102//6102
f 6085//6085 6102//6102 6086//6086
f 6086//6086 6102//6102 6103//6103
f 6086//6086 6103//6103 6087//6087
f 6087//6087 6103//6103 6104//6104
f 6087//6087 6104//6104 6088//6088
f 6088//6088 6104//6104 6105//6105
f 6088//6088 6105//6105 6089//6089
f 6089//6089 6105//6105 6106//6106
f 6089//6089 6106//6106 6090//6090
f 6090//6090 6106//6106 6107//6107
f 6090//6090 6107//6107 6091//6091
f 6091//6091 6107//6107 6108//6108
f 6091//6091 6108//6108 6092//6092
f 6092//6092 6108//6108 6109//6109
f 6092//6092 6109//6109 6093//6093
f 6093//6093 6109//6109 6110//6110
f 6093//6093 6110//6110 6094//6094
f 6094//6094 6110//6110 6111//6111
f 6094//6094 6111//6111 6095//6095
f 6095//6095 6111//6111 6112//6112
f 6095//6095 6112//6112 6096//6096
f 6096//6096 6112//6112 6113//6113
f 6096//6096 6113//6113 6097//6097
f 6097//6097 6113//6113 6114//6114
f 6097//6097 6114//6114 6098//6098
f 6098//6098 6114//6114 6099//6099
f 6098//6098 6099//6099 6083//6083
f 6099//6099 6115//6115 6116//6116
f 6099//6099 6116//6116 6100//6100
f 6100//6100 6116//6116 6117//6117
f 6100//6100 6117//6117 6101//6101
f 6101//6101 6117//6117 6118//6118
f 6101//6101 6118//6118 6102//6102
f 6102//6102 6118//6118 6119//6119
f 6102//6102 6119//6119 6103//6103
f 6103//6103 6119//6119 6120//6120
f 6103//6103 6120//6120 6104//6104
f 6104//6104 6120//6120 6121//6121
f 6104//6104 6121//6121 6105//6105
f 6105//6105 6121//6121 6122//6122
f 6105//6105 6122//6122 6106//6106
f 6106//6106 6122//6122 6123//6123
f 6106//6106 6123//6123 6107//6107
f 6107//6107 6123//6123 6124//6124
f 6107//6107 6124//6124 6108//6108
f 6108//6108 6124//6124 6125//6125
f 6108//6108 6125//6125 6109//6109
f 6109//6109 6125//6125 6126//6126
f 6109//6109 6126//6126 6110//6110
f 6110//6110 6126//6126 6127//6127
f 6110//6110 6127//6127 6111//6111
f 6111//6111 6127//6127 6128//6128
f 6111//6111 6128//6128 6112//6112
f 6112//6112 6128//6128 6129//6129
f 6112//6112 6129//6129 6113//6113
f 6113//6113 6129//6129 6130//6130
f 6113//6113 6130//6130 6114//6114
f 6114//6114 6130//6130 6115//6115
f 6114//6114 6115//6115 6099//6099
f 6115//6115 6131//6131 6132//6132
f 6115//6115 6132//6132 6116//6116
f 6116//6116 6132//6132 6133//6133
f 6116//6116 6133//6133 6117//6117
f 6117//6117 6133//6133 6134//6134
f 6117//6117 6134//6134 6118//6118
f 6118//6118 6134//6134 6135//6135
f 6118//6118 6135//6135 6119//6119
f 6119//6119 6135//6135 6136//6136
f 6119//6119 6136//6136 6120//6120
f 6120//6120 6136//6136 6137//6137
f 6120//6120 6137//6137 6121//6121
f 6121//6121 6137//6137 6138//6138
f 6121//6121 6138//6138 6122//6122
f 6122//6122 6138//6138 6139//6139
f 6122//6122 6139//6139 6123//6123
f 6123//6123 6139//6139 6140//6140
f 6123//6123 6140//6140 6124//6124
f 6124//6124 6140//6140 6141//6141
f 6124//6124 6141//6141 6125//6125
f 6125//6125 6141//6141 6142//6142
f 6125//6125 6142//6142 6126//6126
f 6126//6126 6142//6142 6143//6143
f 6126//6126 6143//6143 6127//6127
f 6127//6127 6143//6143 6144//6144
f 6127//6127 6144//6144 6128//6128
f 6128//6128 6144//6144 6145//6145
f 6128//6128 6145//6145 6129//6129
f 6129//6129 6145//6145 6146//6146
f 6129//6129 6146//6146 6130//6130
f 6130//6130 6146//6146 6131//6131
f 6130//6130 6131//6131 6115//6115
f 6131//6131 6147//6147 6132//6132
f 6132//6132 6147//6147 6133//6133
f 6133//6133 6147//6147 6134//6134
f 6134//6134 6147//6147 6135//6135
f 6135//6135 6147//6147 6136//6136
f 6136//6136 6147//6147 6137//6137
f 6137//6137 6147//6147 6138//6138
f 6138//6138 6147//6147 6139//6139
f 6139//6139 6147//6147 6140//6140
f 6140//6140 6147//6147 6141//6141
f 6141//6141 6147//6147 6142//6142
f 6142//6142 6147//6147 6143//6143
f 6143//6143 6147//6147 6144//6144
f 6144//6144 6147//6147 6145//6145
f 6145//6145 6147//6147 6146//6146
f 6146//6146 6147//6147 6131//6131
f 6148//6148 6149//6149 6150//6150
f 6148//6148 6150//6150 6151//6151
f 6152//6152 6153//6153 6154//6154
f 6152//6152 6154//6154 6155//6155
f 6148//6148 6151//6151 6153//6153
f 6148//6148 6153//6153 6152//6152
f 6151//6151 6150//6150 6154//6154
f 6151//6151 6154//6154 6153//6153
f 6150//6150 6149//6149 6155//6155
f 6150//6150 6155//6155 6154//6154
f 6149//6149 6148//6148 6152//6152
f 6149//6149 6152//6152 6155//6155
usemtl color_4
f 6156//6156 6157//6157 6158//6158
f 6156//6156 6158//6158 6159//6159
f 6160//6160 6161//6161 6162//6162
f 6160//6160 6162//6162 6163//6163
f 6156//6156 6159//6159 6161//6161
f 6156//6156 6161//6161 6160//6160
f 6159//6159 6158//6158 6162//6162
f 6159//6159 6162//6162 6161//6161
f 6158//6158 6157//6157 6163//6163
f 6158//6158 6163//6163 6162//6162
f 6157//6157 6156//6156 6160//6160
f 6157//6157 6160//6160 6163//6163
f 6164//6164 6165//6165 6166//6166
f 6164//6164 6166//6166 6167//6167
f 6164//6164 6167//6167 6168//6168
f 6164//6164 6168//6168 6169//6169
f 6164//6164 6169//6169 6170//6170
f 6164//6164 6170//6170 6171//6171
f 6164//6164 6171//6171 6172//6172
f 6164//6164 6172//6172 6165//6165
f 6165//6165 6173//6173 6174//6174
f 6165//6165 6174//6174 6166//6166
f 6166//6166 6174//6174 6175//6175
f 6166//6166 6175//6175 6167//6167
f 6167//6167 6175//6175 6176//6176
f 6167//6167 6176//6176 6168//6168
f 6168//6168 6176//6176 6177//6177
f 6168//6168 6177//6177 6169//6169
f 6169//6169 6177//6177 6178//6178
f 6169//6169 6178//6178 6170//6170
f 6170//6170 6178//6178 6179//6179
f 6170//6170 6179//6179 6171//6171
f 6171//6171 6179//6179 6180//6180
f 6171//6171 6180//6180 6172//6172
f 6172//6172 6180//6180 6173//6173
f 6172//6172 6173//6173 6165//6165
f 6173//6173 6181//6181 6182//6182
f 6173//6173 6182//6182 6174//6174
f 6174//6174 6182//6182 6183//6183
f 6174//6174 6183//6183 6175//6175
f 6175//6175 6183//6183 6184//6184
f 6175//6175 6184//6184 6176//6176
f 6176//6176 6184//6184 6185//6185
f 6176//6176 6185//6185 6177//6177
f 6177//6177 6185//6185 6186//6186
f 6177//6177 6186//6186 6178//6178
f 6178//6178 6186//6186 6187//6187
f 6178//6178 6187//6187 6179//6179
f 6179//6179 6187//6187 6188//6188
f 6179//6179 6188//6188 6180//6180
f 6180//6180 6188//6188 6181//6181
f 6180//6180 6181//6181 6173//6173
f 6181//6181 6189//6189 6190//6190
f 6181//6181 6190//6190 6182//6182
f 6182//6182 6190//6190 6191//6191
f 6182//6182 6191//6191 6183//6183
f 6183//6183 6191//6191 6192//6192
f 6183//6183 6192//6192 6184//6184
f 6184//6184 6192//6192 6193//6193
f 6184//6184 6193//6193 6185//6185
f 6185//6185 6193//6193 6194//6194
f 6185//6185 6194//6194 6186//6186
f 6186//6186 6194//6194 6195//6195
f 6186//6186 6195//6195 6187//6187
f 6187//6187 6195//6195 6196//6196
f 6187//6187 6196//6196 6188//6188
f 6188//6188 6196//6196 6189//6189
f 6188//6188 6189//6189 6181//6181
f 6189//6189 6197//6197 6190//6190
f 6190//6190 6197//6197 6191//6191
f 6191//6191 6197//6197 6192//6192
f 6192//6192 6197//6197 6193//6193
f 6193//6193 6197//6197 6194//6194
f 6194//6194 6197//6197 6195//6195
f 6195//6195 6197//6197 6196//6196
f 6196//6196 6197//6197 6189//6189
f 6198//6198 6199//6199 6200//6200
f 6198//6198 6200//6200 6201//6201
f 6198//6198 6201//6201 6202//6202
f 6198//6198 6202//6202 6203//6203
f 6198//6198 6203//6203 6204//6204
f 6198//6198 6204//6204 6205//6205
f 6198//6198 6205//6205 6206//6206
f 6198//6198 6206//6206 6199//6199
f 6199//6199 6207//6207 6208//6208
f 6199//6199 6208//6208 6200//6200
f 6200//6200 6208//6208 6209//6209
f 6200//6200 6209//6209 6201//6201
f 6201//6201 6209//6209 6210//6210
f 6201//6201 6210//6210 6202//6202
f 6202//6202 6210//6210 6211//6211
f 6202//6202 6211//6211 6203//6203
f 6203//6203 6211//6211 6212//6212
f 6203//6203 6212//6212 6204//6204
f 6204//6204 6212//6212 6213//6213
f 6204//6204 6213//6213 6205//6205
f 6205//6205 6213//6213 6214//6214
f 6205//6205 6214//6214 6206//6206
f 6206//6206 6214//6214 6207//6207
f 6206//6206 6207//6207 6199//6199
f 6207//6207 6215//6215 6216//6216
f 6207//6207 6216//6216 6208//6208
f 6208//6208 6216//6216 6217//6217
f 6208//6208 6217//6217 6209//6209
f 6209//6209 6217//6217 6218//6218
f 6209//6209 6218//6218 6210//6210
f 6210//6210 6218//6218 6219//6219
f 6210//6210 6219//6219 6211//6211
f 6211//6211 6219//6219 6220//6220
f 6211//6211 6220//6220 6212//6212
f 6212//6212 6220//6220 6221//6221
f 6212//6212 6221//6221 6213//6213
f 6213//6213 6221//6221 6222//6222
f 6213//6213 6222//6222 6214//6214
f 6214//6214 6222//6222 6215//6215
f 6214//6214 6215//6215 6207//6207
f 6215//6215 6223//6223 6224//6224
f 6215//6215 6224//6224 6216//6216
f 6216//6216 6224//6224 6225//6225
f 6216//6216 6225//6225 6217//6217
f 6217//6217 6225//6225 6226//6226
f 6217//6217 6226//6226 6218//6218
f 6218//6218 6226//6226 6227//6227
f 6218//6218 6227//6227 6219//6219
f 6219//6219 6227//6227 6228//6228
f 6219//6219 6228//6228 6220//6220
f 6220//6220 6228//6228 6229//6229
f 6220//6220 6229//6229 6221//6221
f 6221//6221 6229//6229 6230//6230
f 6221//6221 6230//6230 6222//6222
f 6222//6222 6230//6230 6223//6223
f 6222//6222 6223//6223 6215//6215
f 6223//6223 6231//6231 6224//6224
f 6224//6224 6231//6231 6225//6225
f 6225//6225 6231//6231 6226//6226
f 6226//6226 6231//6231 6227//6227
f 6227//6227 6231//6231 6228//6228
f 6228//6228 6231//6231 6229//6229
f 6229//6229 6231//6231 6230//6230
f 6230//6230 6231//6231 6223//6223
f 6232//6232 6233//6233 6234//6234
f 6232//6232 6234//6234 6235//6235
f 6232//6232 6235//6235 6236//6236
f 6232//6232 6236//6236 6237//6237
f 6232//6232 6237//6237 6238//6238
f 6232//6232 6238//6238 6239//6239
f 6232//6232 6239//6239 6240//6240
f 6232//6232 6240//6240 6233//6233
f 6233//6233 6241//6241 6242//6242
f 6233//6233 6242//6242 6234//6234
f 6234//6234 6242//6242 6243//6243
f 6234//6234 6243//6243 6235//6235
f 6235//6235 6243//6243 6244//6244
f 6235//6235 6244//6244 6236//6236
f 6236//6236 6244//6244 6245//6245
f 6236//6236 6245//6245 6237//6237
f 6237//6237 6245//6245 6246//6246
f 6237//6237 6246//6246 6238//6238
f 6238//6238 6246//6246 6247//6247
f 6238//6238 6247//6247 6239//6239
f 6239//6239 6247//6247 6248//6248
f 6239//6239 6248//6248 6240//6240
f 6240//6240 6248//6248 6241//6241
f 6240//6240 6241//6241 6233//6233
f 6241//6241 6249//6249 6250//6250
f 6241//6241 6250//6250 6242//6242
f 6242//6242 6250//6250 6251//6251
f 6242//6242 6251//6251 6243//6243
f 6243//6243 6251//6251 6252//6252
f 6243//6243 6252//6252 6244//6244
f 6244//6244 6252//6252 6253//6253
f 6244//6244 6253//6253 6245//6245
f 6245//6245 6253//6253 6254//6254
f 6245//6245 6254//6254 6246//6246
f 6246//6246 6254//6254 6255//6255
f 6246//6246 6255//6255 6247//6247
f 6247//6247 6255//6255 6256//6256
f 6247//6247 6256//6256 6248//6248
f 6248//6248 6256//6256 6249//6249
f 6248//6248 6249//6249 6241//6241
f 6249//6249 6257//6257 6258//6258
f 6249//6249 6258//6258 6250//6250
f 6250//6250 6258//6258 6259//6259
f 6250//6250 6259//6259 6251//6251
f 6251//6251 6259//6259 6260//6260
f 6251//6251 6260//6260 6252//6252
f 6252//6252 6260//6260 6261//6261
f 6252//6252 6261//6261 6253//6253
f 6253//6253 6261//6261 6262//6262
f 6253//6253 6262//6262 6254//6254
f 6254//6254 6262//6262 6263//6263
f 6254//6254 6263//6263 6255//6255
f 6255//6255 6263//6263 6264//6264
f 6255//6255 6264//6264 6256//6256
f 6256//6256 6264//6264 6257//6257
f 6256//6256 6257//6257 6249//6249
f 6257//6257 6265//6265 6258//6258
f 6258//6258 6265//6265 6259//6259
f 6259//6259 6265//6265 6260//6260
f 6260//6260 6265//6265 6261//6261
f 6261//6261 6265//6265 6262//6262
f 6262//6262 6265//6265 6263//6263
f 6263//6263 6265//6265 6264//6264
f 6264//6264 6265//6265 6257//6257
f 6266//6266 6267//6267 6268//6268
f 6266//6266 6268//6268 6269//6269
f 6266//6266 6269//6269 6270//6270
f 6266//6266 6270//6270 6271//6271
f 6266//6266 6271//6271 6272//6272
f 6266//6266 6272//6272 6273//6273
f 6266//6266 6273//6273 6274//6274
f 6266//6266 6274//6274 6267//6267
f 6267//6267 6275//6275 6276//6276
f 6267//6267 6276//6276 6268//6268
f 6268//6268 6276//6276 6277//6277
f 6268//6268 6277//6277 6269//6269
f 6269//6269 6277//6277 6278//6278
f 6269//6269 6278//6278 6270//6270
f 6270//6270 6278//6278 6279//6279
f 6270//6270 6279//6279 6271//6271
f 6271//6271 6279//6279 6280//6280
f 6271//6271 6280//6280 6272//6272
f 6272//6272 6280//6280 6281//6281
f 6272//6272 6281//6281 6273//6273
f 6273//6273 6281//6281 6282//6282
f 6273//6273 6282//6282 6274//6274
f 6274//6274 6282//6282 6275//6275
f 6274//6274 6275//6275 6267//6267
f 6275//6275 6283//6283 6284//6284
f 6275//6275 6284//6284 6276//6276
f 6276//6276 6284//6284 6285//6285
f 6276//6276 6285//6285 6277//6277
f 6277//6277 6285//6285 6286//6286
f 6277//6277 6286//6286 6278//6278
f 6278//6278 6286//6286 6287//6287
f 6278//6278 6287//6287 6279//6279
f 6279//6279 6287//6287 6288//6288
f 6279//6279 6288//6288 6280//6280
f 6280//6280 6288//6288 6289//6289
f 6280//6280 6289//6289 6281//6281
f 6281//6281 6289//6289 6290//6290
f 6281//6281 6290//6290 6282//6282
f 6282//6282 6290//6290 6283//6283
f 6282//6282 6283//6283 6275//6275
f 6283//6283 6291//6291 6292//6292
f 6283//6283 6292//6292 6284//6284
f 6284//6284 6292//6292 6293//6293
f 6284//6284 6293//6293 6285//6285
f 6285//6285 6293//6293 6294//6294
f 6285//6285 6294//6294 6286//6286
f 6286//6286 6294//6294 6295//6295
f 6286//6286 6295//6295 6287//6287
f 6287//6287 6295//6295 6296//6296
f 6287//6287 6296//6296 6288//6288
f 6288//6288 6296//6296 6297//6297
f 6288//6288 6297//6297 6289//6289
f 6289//6289 6297//6297 6298//6298
f 6289//6289 6298//6298 6290//6290
f 6290//6290 6298//6298 6291//6291
f 6290//6290 6291//6291 6283//6283
f 6291//6291 6299//6299 6292//6292
f 6292//6292 6299//6299 6293//6293
f 6293//6293 6299//6299 6294//6294
f 6294//6294 6299//6299 6295//6295
f 6295//6295 6299//6299 6296//6296
f 6296//6296 6299//6299 6297//6297
f 6297//6297 6299//6299 6298//6298
f 6298//6298 6299//6299 6291//6291
f 6300//6300 6301//6301 6302//6302
f 6300//6300 6302//6302 6303//6303
f 6300//6300 6303//6303 6304//6304
f 6300//6300 6304//6304 6305//6305
f 6305//6305 6304//6304 6306//6306
f 6305//6305 6306//6306 6307//6307
f 6304//6304 6303//6303 6308//6308
f 6304//6304 6308//6308 6306//6306
f 6303//6303 6302//6302 6309//6309
f 6303//6303 6309//6309 6308//6308
f 6302//6302 6301//6301 6310//6310
f 6302//6302 6310//6310 6309//6309
f 6301//6301 6300//6300 6311//6311
f 6301//6301 6311//6311 6310//6310
f 6300//6300 6305//6305 6307//6307
f 6300//6300 6307//6307 6311//6311
f 6307//6307 6306//6306 6312//6312
f 6307//6307 6312//6312 6313//6313
f 6306//6306 6308//6308 6314//6314
f 6306//6306 6314//6314 6312//6312
f 6308//6308 6309//6309 6315//6315
f 6308//6308 6315//6315 6314//6314
f 6309//6309 6310//6310 6316//6316
f 6309//6309 6316//6316 6315//6315
f 6310//6310 6311//6311 6317//6317
f 6310//6310 6317//6317 6316//6316
f 6311//6311 6307//6307 6313//6313
f 6311//6311 6313//6313 6317//6317
f 6313//6313 6312//6312 6318//6318
f 6313//6313 6318//6318 6319//6319
f 6312//6312 6314//6314 6320//6320
f 6312//6312 6320//6320 6318//6318
f 6314//6314 6315//6315 6321//6321
f 6314//6314 6321//6321 6320//6320
f 6315//6315 6316//6316 6322//6322
f 6315//6315 6322//6322 6321//6321
f 6316//6316 6317//6317 6323//6323
f 6316//6316 6323//6323 6322//6322
f 6317//6317 6313//6313 6319//6319
f 6317//6317 6319//6319 6323//6323
f 6319//6319 6318//6318 6324//6324
f 6319//6319 6324//6324 6325//6325
f 6318//6318 6320//6320 6326//6326
f 6318//6318 6326//6326 6324//6324
f 6320//6320 6321//6321 6327//6327
f 6320//6320 6327//6327 6326//6326
f 6321//6321 6322//6322 6328//6328
f 6321//6321 6328//6328 6327//6327
f 6322//6322 6323//6323 6329//6329
f 6322//6322 6329//6329 6328//6328
f 6323//6323 6319//6319 6325//6325
f 6323//6323 6325//6325 6329//6329
f 6325//6325 6324//6324 6330//6330
f 6325//6325 6330//6330 6331//6331
f 6324//6324 6326//6326 6332//6332
f 6324//6324 6332//6332 6330//6330
f 6326//6326 6327//6327 6333//6333
f 6326//6326 6333//6333 6332//6332
f 6327//6327 6328//6328 6334//6334
f 6327//6327 6334//6334 6333//6333
f 6328//6328 6329//6329 6335//6335
f 6328//6328 6335//6335 6334//6334
f 6329//6329 6325//6325 6331//6331
f 6329//6329 6331//6331 6335//6335
f 6331//6331 6330//6330 6336//6336
f 6331//6331 6336//6336 6337//6337
f 6330//6330 6332//6332 6338//6338
f 6330//6330 6338//6338 6336//6336
f 6332//6332 6333//6333 6339//6339
f 6332//6332 6339//6339 6338//6338
f 6333//6333 6334//6334 6340//6340
f 6333//6333 6340//6340 6339//6339
f 6334//6334 6335//6335 6341//6341
f 6334//6334 6341//6341 6340//6340
f 6335//6335 6331//6331 6337//6337
f 6335//6335 6337//6337 6341//6341
f 6337//6337 6336//6336 6338//6338
f 6337//6337 6338//6338 6339//6339
f 6337//6337 6339//6339 6340//6340
f 6337//6337 6340//6340 6341//6341