# JOJO v0.4.2, +Y forward +Z up
mtllib palette.mtl
o 03_giorno_rolls
v 0.0 0.0 1.63
v 0.00663 0.067314 1.628274
v 0.0 0.067616 1.628275
v 0.013222 0.066472 1.628267
v 0.019765 0.065155 1.628251
v 0.026265 0.063408 1.628222
v 0.032741 0.061254 1.62818
v 0.039217 0.058693 1.62812
v 0.045714 0.055703 1.62804
v 0.052245 0.052245 1.62794
v 0.058806 0.048261 1.627816
v 0.065373 0.043681 1.627667
v 0.071901 0.038432 1.627491
v 0.078315 0.032439 1.627288
v 0.084517 0.025638 1.627055
v 0.090382 0.017978 1.626794
v 0.095764 0.009432 1.626504
v 0.1005 0.0 1.626186
v 0.104416 -0.010284 1.625843
v 0.107334 -0.02135 1.625477
v 0.109083 -0.03309 1.625092
v 0.109503 -0.045357 1.624693
v 0.108456 -0.057971 1.624286
v 0.105837 -0.070718 1.623878
v 0.101573 -0.083359 1.623475
v 0.095639 -0.095639 1.623086
v 0.088051 -0.10729 1.622718
v 0.078877 -0.118048 1.62238
v 0.068234 -0.127657 1.622079
v 0.056283 -0.135879 1.621821
v 0.043229 -0.142506 1.621614
v 0.029313 -0.147368 1.621463
v 0.014807 -0.150338 1.62137
v 0.0 -0.151337 1.621339
v -0.014807 -0.150338 1.62137
v -0.029313 -0.147368 1.621463
v -0.043229 -0.142506 1.621614
v -0.056283 -0.135879 1.621821
v -0.068234 -0.127657 1.622079
v -0.078877 -0.118048 1.62238
v -0.088051 -0.10729 1.622718
v -0.095639 -0.095639 1.623086
v -0.101573 -0.083359 1.623475
v -0.105837 -0.070718 1.623878
v -0.108456 -0.057971 1.624286
v -0.109503 -0.045357 1.624693
v -0.109083 -0.03309 1.625092
v -0.107334 -0.02135 1.625477
v -0.104416 -0.010284 1.625843
v -0.1005 -0.0 1.626186
v -0.095764 0.009432 1.626504
v -0.090382 0.017978 1.626794
v -0.084517 0.025638 1.627055
v -0.078315 0.032439 1.627288
v -0.071901 0.038432 1.627491
v -0.065373 0.043681 1.627667
v -0.058806 0.048261 1.627816
v -0.052245 0.052245 1.62794
v -0.045714 0.055703 1.62804
v -0.039217 0.058693 1.62812
v -0.032741 0.061254 1.62818
v -0.026265 0.063408 1.628222
v -0.019765 0.065155 1.628251
v -0.013222 0.066472 1.628267
v -0.00663 0.067314 1.628274
v 0.013246 0.134486 1.623098
v 0.0 0.135088 1.623103
v 0.026416 0.132802 1.62307
v 0.039487 0.13017 1.623006
v 0.052472 0.126678 1.622894
v 0.065409 0.122371 1.622722
v 0.078344 0.11725 1.622483
v 0.091319 0.111273 1.622166
v 0.104358 0.104358 1.621764
v 0.117454 0.096392 1.621269
v 0.130559 0.087237 1.620674
v 0.14358 0.076745 1.619973
v 0.156369 0.06477 1.61916
v 0.168728 0.051183 1.618232
v 0.180409 0.035886 1.617189
v 0.191118 0.018823 1.61603
v 0.20053 0.0 1.614762
v 0.2083 -0.020516 1.613392
v 0.214073 -0.042582 1.611932
v 0.217509 -0.065981 1.610397
v 0.218292 -0.09042 1.608807
v 0.216152 -0.115536 1.607184
v 0.210878 -0.140904 1.605557
v 0.202334 -0.166051 1.603952
v 0.190466 -0.190466 1.602402
v 0.175315 -0.213622 1.600937
v 0.157017 -0.234993 1.59959
v 0.135805 -0.254073 1.598391
v 0.112001 -0.270393 1.597367
v 0.086013 -0.283546 1.596544
v 0.05832 -0.293193 1.59594
v 0.029457 -0.299085 1.595572
v 0.0 -0.301066 1.595448
v -0.029457 -0.299085 1.595572
v -0.05832 -0.293193 1.59594
v -0.086013 -0.283546 1.596544
v -0.112001 -0.270393 1.597367
v -0.135805 -0.254073 1.598391
v -0.157017 -0.234993 1.59959
v -0.175315 -0.213622 1.600937
v -0.190466 -0.190466 1.602402
v -0.202334 -0.166051 1.603952
v -0.210878 -0.140904 1.605557
v -0.216152 -0.115536 1.607184
v -0.218292 -0.09042 1.608807
v -0.217509 -0.065981 1.610397
v -0.214073 -0.042582 1.611932
v -0.2083 -0.020516 1.613392
v -0.20053 -0.0 1.614762
v -0.191118 0.018823 1.61603
v -0.180409 0.035886 1.617189
v -0.168728 0.051183 1.618232
v -0.156369 0.06477 1.61916
v -0.14358 0.076745 1.619973
v -0.130559 0.087237 1.620674
v -0.117454 0.096392 1.621269
v -0.104358 0.104358 1.621764
v -0.091319 0.111273 1.622166
v -0.078344 0.11725 1.622483
v -0.065409 0.122371 1.622722
v -0.052472 0.126678 1.622894
v -0.039487 0.13017 1.623006
v -0.026416 0.132802 1.62307
v -0.013246 0.134486 1.623098
v 0.019834 0.201373 1.614484
v 0.0 0.202275 1.614495
v 0.039554 0.19885 1.614422
v 0.059124 0.194906 1.614278
v 0.078565 0.189672 1.614025
v 0.09793 0.183214 1.613641
v 0.11729 0.175536 1.613103
v 0.136704 0.166574 1.612392
v 0.156207 0.156207 1.611489
v 0.175787 0.144265 1.610378
v 0.195371 0.130543 1.609042
v 0.214817 0.114822 1.607467
v 0.233903 0.096886 1.605643
v 0.25233 0.076544 1.603562
v 0.269726 0.053652 1.601221
v 0.285651 0.028134 1.598625
v 0.299622 0.0 1.595782
v 0.31112 -0.030643 1.592712
v 0.319624 -0.063577 1.589441
v 0.324625 -0.098474 1.586004
v 0.32566 -0.134893 1.582444
v 0.322332 -0.17229 1.578815
v 0.314336 -0.210032 1.575174
v 0.301474 -0.247413 1.571588
v 0.283677 -0.283677 1.568124
v 0.261013 -0.318045 1.564853
v 0.233689 -0.349741 1.561845
v 0.202055 -0.378019 1.559168
v 0.166595 -0.402195 1.556883
v 0.127912 -0.421668 1.555046
v 0.086715 -0.435947 1.5537
v 0.043796 -0.444664 1.552878
v 0.0 -0.447595 1.552602
v -0.043796 -0.444664 1.552878
v -0.086715 -0.435947 1.5537
v -0.127912 -0.421668 1.555046
v -0.166595 -0.402195 1.556883
v -0.202055 -0.378019 1.559168
v -0.233689 -0.349741 1.561845
v -0.261013 -0.318045 1.564853
v -0.283677 -0.283677 1.568124
v -0.301474 -0.247413 1.571588
v -0.314336 -0.210032 1.575174
v -0.322332 -0.17229 1.578815
v -0.32566 -0.134893 1.582444
v -0.324625 -0.098474 1.586004
v -0.319624 -0.063577 1.589441
v -0.31112 -0.030643 1.592712
v -0.299622 -0.0 1.595782
v -0.285651 0.028134 1.598625
v -0.269726 0.053652 1.601221
v -0.25233 0.076544 1.603562
v -0.233903 0.096886 1.605643
v -0.214817 0.114822 1.607467
v -0.195371 0.130543 1.609042
v -0.175787 0.144265 1.610378
v -0.156207 0.156207 1.611489
v -0.136704 0.166574 1.612392
v -0.11729 0.175536 1.613103
v -0.09793 0.183214 1.613641
v -0.078565 0.189672 1.614025
v -0.059124 0.194906 1.614278
v -0.039554 0.19885 1.614422
v -0.019834 0.201373 1.614484
v 0.026379 0.267833 1.602449
v 0.0 0.269033 1.602469
v 0.052607 0.264476 1.60234
v 0.078635 0.259223 1.602085
v 0.104486 0.252251 1.601637
v 0.130233 0.243649 1.600954
v 0.155965 0.233418 1.600001
v 0.18176 0.221476 1.59874
v 0.207661 0.207661 1.59714
v 0.233649 0.191751 1.595171
v 0.259624 0.173475 1.592803
v 0.285393 0.152546 1.590014
v 0.310659 0.128679 1.586783
v 0.335021 0.101627 1.583098
v 0.357981 0.071207 1.578955
v 0.37896 0.037324 1.574361
v 0.397311 0.0 1.569334
v 0.412354 -0.040613 1.563908
v 0.4234 -0.08422 1.558128
v 0.429786 -0.130374 1.552059
v 0.430908 -0.178488 1.545778
v 0.426253 -0.227837 1.539376
v 0.415432 -0.277583 1.532959
v 0.398201 -0.326795 1.526641
v 0.374482 -0.374482 1.520542
v 0.344379 -0.419627 1.514786
v 0.308176 -0.461218 1.509496
v 0.266342 -0.498291 1.50479
v 0.219517 -0.52996 1.500776
v 0.168495 -0.555452 1.497548
v 0.114202 -0.574133 1.495184
v 0.05767 -0.585535 1.493741
v 0.0 -0.589368 1.493257
v -0.05767 -0.585535 1.493741
v -0.114202 -0.574133 1.495184
v -0.168495 -0.555452 1.497548
v -0.219517 -0.52996 1.500776
v -0.266342 -0.498291 1.50479
v -0.308176 -0.461218 1.509496
v -0.344379 -0.419627 1.514786
v -0.374482 -0.374482 1.520542
v -0.398201 -0.326795 1.526641
v -0.415432 -0.277583 1.532959
v -0.426253 -0.227837 1.539376
v -0.430908 -0.178488 1.545778
v -0.429786 -0.130374 1.552059
v -0.4234 -0.08422 1.558128
v -0.412354 -0.040613 1.563908
v -0.397311 -0.0 1.569334
v -0.37896 0.037324 1.574361
v -0.357981 0.071207 1.578955
v -0.335021 0.101627 1.583098
v -0.310659 0.128679 1.586783
v -0.285393 0.152546 1.590014
v -0.259624 0.173475 1.592803
v -0.233649 0.191751 1.595171
v -0.207661 0.207661 1.59714
v -0.18176 0.221476 1.59874
v -0.155965 0.233418 1.600001
v -0.130233 0.243649 1.600954
v -0.104486 0.252251 1.601637
v -0.078635 0.259223 1.602085
v -0.052607 0.264476 1.60234
v -0.026379 0.267833 1.602449
v 0.032869 0.333726 1.587021
v 0.0 0.335222 1.587052
v 0.065549 0.329538 1.586851
v 0.097976 0.322984 1.586453
v 0.130179 0.314281 1.585755
v 0.162245 0.303539 1.584692
v 0.19428 0.290761 1.583207
v 0.22638 0.275844 1.581244
v 0.258591 0.258591 1.578754
v 0.290885 0.238723 1.575689
v 0.323134 0.215911 1.572005
v 0.355091 0.1898 1.567666
v 0.38638 0.160044 1.562642
v 0.4165 0.126344 1.556914
v 0.444829 0.088482 1.550478
v 0.470642 0.046354 1.543344
v 0.493141 0.0 1.535543
v 0.511485 -0.050377 1.527126
v 0.524827 -0.104395 1.518168
v 0.532359 -0.161489 1.508767
v 0.533349 -0.22092 1.499045
v 0.527185 -0.281786 1.489145
v 0.513407 -0.343048 1.479229
v 0.491739 -0.40356 1.469472
v 0.46211 -0.46211 1.46006
v 0.424668 -0.517459 1.451185
v 0.379782 -0.568383 1.443034
v 0.32804 -0.61372 1.435786
v 0.270236 -0.652407 1.429607
v 0.207344 -0.683521 1.424641
v 0.140493 -0.706306 1.421005
v 0.070934 -0.720206 1.418788
v 0.0 -0.724877 1.418043
v -0.070934 -0.720206 1.418788
v -0.140493 -0.706306 1.421005
v -0.207344 -0.683521 1.424641
v -0.270236 -0.652407 1.429607
v -0.32804 -0.61372 1.435786
v -0.379782 -0.568383 1.443034
v -0.424668 -0.517459 1.451185
v -0.46211 -0.46211 1.46006
v -0.491739 -0.40356 1.469472
v -0.513407 -0.343048 1.479229
v -0.527185 -0.281786 1.489145
v -0.533349 -0.22092 1.499045
v -0.532359 -0.161489 1.508767
v -0.524827 -0.104395 1.518168
v -0.511485 -0.050377 1.527126
v -0.493141 -0.0 1.535543
v -0.470642 0.046354 1.543344
v -0.444829 0.088482 1.550478
v -0.4165 0.126344 1.556914
v -0.38638 0.160044 1.562642
v -0.355091 0.1898 1.567666
v -0.323134 0.215911 1.572005
v -0.290885 0.238723 1.575689
v -0.258591 0.258591 1.578754
v -0.22638 0.275844 1.581244
v -0.19428 0.290761 1.583207
v -0.162245 0.303539 1.584692
v -0.130179 0.314281 1.585755
v -0.097976 0.322984 1.586453
v -0.065549 0.329538 1.586851
v -0.032869 0.333726 1.587021
v 0.039289 0.398912 1.56823
v 0.0 0.400701 1.568274
v 0.078352 0.3939 1.567986
v 0.117108 0.386052 1.567416
v 0.155589 0.375625 1.566415
v 0.193895 0.362751 1.564891
v 0.232147 0.347433 1.562761
v 0.270455 0.32955 1.559947
v 0.308866 0.308866 1.556377
v 0.347341 0.285056 1.551984
v 0.385719 0.257729 1.546706
v 0.423695 0.22647 1.540492
v 0.460816 0.190876 1.5333
v 0.496475 0.150604 1.525106
v 0.529927 0.105409 1.515902
v 0.560306 0.055185 1.505707
v 0.586664 0.0 1.494565
v 0.608006 -0.059883 1.482554
v 0.623341 -0.12399 1.469781
v 0.631726 -0.191632 1.456389
v 0.632318 -0.261915 1.442552
v 0.624421 -0.33376 1.428474
v 0.607526 -0.405936 1.414386
v 0.581341 -0.477094 1.400537
v 0.545818 -0.545818 1.387192
v 0.501162 -0.610668 1.374618
v 0.447836 -0.670234 1.363079
v 0.38655 -0.723184 1.352827
v 0.318243 -0.768307 1.344093
v 0.24406 -0.804556 1.337076
v 0.165312 -0.83108 1.331941
v 0.083447 -0.84725 1.328811
v 0.0 -0.852684 1.327759
v -0.083447 -0.84725 1.328811
v -0.165312 -0.83108 1.331941
v -0.24406 -0.804556 1.337076
v -0.318243 -0.768307 1.344093
v -0.38655 -0.723184 1.352827
v -0.447836 -0.670234 1.363079
v -0.501162 -0.610668 1.374618
v -0.545818 -0.545818 1.387192
v -0.581341 -0.477094 1.400537
v -0.607526 -0.405936 1.414386
v -0.624421 -0.33376 1.428474
v -0.632318 -0.261915 1.442552
v -0.631726 -0.191632 1.456389
v -0.623341 -0.12399 1.469781
v -0.608006 -0.059883 1.482554
v -0.586664 -0.0 1.494565
v -0.560306 0.055185 1.505707
v -0.529927 0.105409 1.515902
v -0.496475 0.150604 1.525106
v -0.460816 0.190876 1.5333
v -0.423695 0.22647 1.540492
v -0.385719 0.257729 1.546706
v -0.347341 0.285056 1.551984
v -0.308866 0.308866 1.556377
v -0.270455 0.32955 1.559947
v -0.232147 0.347433 1.562761
v -0.193895 0.362751 1.564891
v -0.155589 0.375625 1.566415
v -0.117108 0.386052 1.567416
v -0.078352 0.3939 1.567986
v -0.039289 0.398912 1.56823
v 0.045626 0.463253 1.546117
v 0.0 0.465332 1.546177
v 0.090987 0.457424 1.545787
v 0.135988 0.448291 1.545014
v 0.180659 0.43615 1.543658
v 0.225111 0.421153 1.541594
v 0.269479 0.403304 1.538709
v 0.313879 0.382463 1.534898
v 0.358361 0.358361 1.530065
v 0.402867 0.330624 1.52412
v 0.447199 0.298809 1.51698
v 0.490995 0.262442 1.508576
v 0.533718 0.221073 1.498856
v 0.574657 0.17432 1.487786
v 0.61294 0.121921 1.475362
v 0.647566 0.06378 1.46161
v 0.677441 0.0 1.446594
v 0.701427 -0.069084 1.43042
v 0.718395 -0.142898 1.413238
v 0.727288 -0.22062 1.39524
v 0.727169 -0.301203 1.376665
v 0.717279 -0.383394 1.357788
v 0.69708 -0.465774 1.338918
v 0.666288 -0.546809 1.32039
v 0.624895 -0.624895 1.302555
v 0.573179 -0.69842 1.285769
v 0.511703 -0.765818 1.27038
v 0.441303 -0.825619 1.256719
v 0.363057 -0.876497 1.24509
v 0.278264 -0.917314 1.235753
v 0.188399 -0.947148 1.228925
v 0.095076 -0.965324 1.224763
v 0.0 -0.971428 1.223365
v -0.095076 -0.965324 1.224763
v -0.188399 -0.947148 1.228925
v -0.278264 -0.917314 1.235753
v -0.363057 -0.876497 1.24509
v -0.441303 -0.825619 1.256719
v -0.511703 -0.765818 1.27038
v -0.573179 -0.69842 1.285769
v -0.624895 -0.624895 1.302555
v -0.666288 -0.546809 1.32039
v -0.69708 -0.465774 1.338918
v -0.717279 -0.383394 1.357788
v -0.727169 -0.301203 1.376665
v -0.727288 -0.22062 1.39524
v -0.718395 -0.142898 1.413238
v -0.701427 -0.069084 1.43042
v -0.677441 -0.0 1.446594
v -0.647566 0.06378 1.46161
v -0.61294 0.121921 1.475362
v -0.574657 0.17432 1.487786
v -0.533718 0.221073 1.498856
v -0.490995 0.262442 1.508576
v -0.447199 0.298809 1.51698
v -0.402867 0.330624 1.52412
v -0.358361 0.358361 1.530065
v -0.313879 0.382463 1.534898
v -0.269479 0.403304 1.538709
v -0.225111 0.421153 1.541594
v -0.180659 0.43615 1.543658
v -0.135988 0.448291 1.545014
v -0.090987 0.457424 1.545787
v -0.045626 0.463253 1.546117
v 0.051867 0.526613 1.520729
v 0.0 0.528978 1.520807
v 0.10343 0.519975 1.5203
v 0.154576 0.509568 1.519296
v 0.205336 0.495724 1.517534
v 0.255825 0.478614 1.514853
v 0.306189 0.458244 1.511106
v 0.356549 0.434456 1.506159
v 0.40695 0.40695 1.499886
v 0.457313 0.375307 1.492171
v 0.507399 0.339033 1.482911
v 0.556784 0.297607 1.472017
v 0.604844 0.250535 1.459423
v 0.650762 0.197406 1.445092
v 0.693542 0.137954 1.429019
v 0.732048 0.0721 1.411243
v 0.765048 0.0 1.391853
v 0.791269 -0.077933 1.37099
v 0.809463 -0.161012 1.34885
v 0.81847 -0.24828 1.325689
v 0.817285 -0.33853 1.301814
v 0.805109 -0.43034 1.277582
v 0.781399 -0.522114 1.253392
v 0.745901 -0.612145 1.229672
v 0.69867 -0.69867 1.206868
v 0.640074 -0.779932 1.185432
v 0.570786 -0.854242 1.165802
v 0.491766 -0.920029 1.148396
v 0.404227 -0.975891 1.133592
v 0.309606 -1.020633 1.121716
v 0.209513 -1.053294 1.113036
v 0.105699 -1.073175 1.107747
v 0.0 -1.07985 1.10597
v -0.105699 -1.073175 1.107747
v -0.209513 -1.053294 1.113036
v -0.309606 -1.020633 1.121716
v -0.404227 -0.975891 1.133592
v -0.491766 -0.920029 1.148396
v -0.570786 -0.854242 1.165802
v -0.640074 -0.779932 1.185432
v -0.69867 -0.69867 1.206868
v -0.745901 -0.612145 1.229672
v -0.781399 -0.522114 1.253392
v -0.805109 -0.43034 1.277582
v -0.817285 -0.33853 1.301814
v -0.81847 -0.24828 1.325689
v -0.809463 -0.161012 1.34885
v -0.791269 -0.077933 1.37099
v -0.765048 -0.0 1.391853
v -0.732048 0.0721 1.411243
v -0.693542 0.137954 1.429019
v -0.650762 0.197406 1.445092
v -0.604844 0.250535 1.459423
v -0.556784 0.297607 1.472017
v -0.507399 0.339033 1.482911
v -0.457313 0.375307 1.492171
v -0.40695 0.40695 1.499886
v -0.356549 0.434456 1.506159
v -0.306189 0.458244 1.511106
v -0.255825 0.478614 1.514853
v -0.205336 0.495724 1.517534
v -0.154576 0.509568 1.519296
v -0.10343 0.519975 1.5203
v -0.051867 0.526613 1.520729
v 0.057997 0.588857 1.49212
v 0.0 0.591504 1.492218
v 0.115652 0.581421 1.49158
v 0.172832 0.569751 1.490317
v 0.229564 0.554217 1.488101
v 0.285967 0.535007 1.484729
v 0.342192 0.512127 1.480018
v 0.398362 0.485405 1.473799
v 0.45451 0.45451 1.465915
v 0.510533 0.418984 1.456224
v 0.566147 0.378287 1.444596
v 0.620859 0.331856 1.430926
v 0.673957 0.279162 1.415134
v 0.724515 0.219779 1.397176
v 0.771416 0.153444 1.377054
v 0.81339 0.080112 1.354823
v 0.849075 0.0 1.330599
v 0.877075 -0.086384 1.304566
v 0.896037 -0.178233 1.276977
v 0.904723 -0.274445 1.248154
v 0.902079 -0.373653 1.218486
v 0.887294 -0.474268 1.188419
v 0.859847 -0.574531 1.158451
v 0.819542 -0.672581 1.129109
v 0.766518 -0.766518 1.100942
v 0.70125 -0.854476 1.074503
v 0.624532 -0.934678 1.050325
v 0.537449 -1.005497 1.028912
v 0.441341 -1.065492 1.010718
v 0.337762 -1.113451 0.996137
v 0.228432 -1.148407 0.985487
v 0.115202 -1.169663 0.979001
v 0.0 -1.176796 0.976823
v -0.115202 -1.169663 0.979001
v -0.228432 -1.148407 0.985487
v -0.337762 -1.113451 0.996137
v -0.441341 -1.065492 1.010718
v -0.537449 -1.005497 1.028912
v -0.624532 -0.934678 1.050325
v -0.70125 -0.854476 1.074503
v -0.766518 -0.766518 1.100942
v -0.819542 -0.672581 1.129109
v -0.859847 -0.574531 1.158451
v -0.887294 -0.474268 1.188419
v -0.902079 -0.373653 1.218486
v -0.904723 -0.274445 1.248154
v -0.896037 -0.178233 1.276977
v -0.877075 -0.086384 1.304566
v -0.849075 -0.0 1.330599
v -0.81339 0.080112 1.354823
v -0.771416 0.153444 1.377054
v -0.724515 0.219779 1.397176
v -0.673957 0.279162 1.415134
v -0.620859 0.331856 1.430926
v -0.566147 0.378287 1.444596
v -0.510533 0.418984 1.456224
v -0.45451 0.45451 1.465915
v -0.398362 0.485405 1.473799
v -0.342192 0.512127 1.480018
v -0.285967 0.535007 1.484729
v -0.229564 0.554217 1.488101
v -0.172832 0.569751 1.490317
v -0.115652 0.581421 1.49158
v -0.057997 0.588857 1.49212
v 0.064005 0.649853 1.460349
v 0.0 0.652778 1.46047
v 0.127628 0.641629 1.459687
v 0.190717 0.628711 1.458139
v 0.253292 0.6115 1.455422
v 0.31547 0.590204 1.451288
v 0.377406 0.564828 1.445514
v 0.439217 0.535187 1.437894
v 0.500921 0.500921 1.428238
v 0.562385 0.461538 1.416374
v 0.623274 0.416458 1.402147
v 0.683023 0.365083 1.385431
v 0.740827 0.306861 1.366135
v 0.795651 0.241358 1.344212
v 0.846255 0.168331 1.319672
v 0.891243 0.08778 1.29259
v 0.929129 0.0 1.263118
v 0.958407 -0.094395 1.231488
v 0.977639 -0.194464 1.198016
v 0.985528 -0.298957 1.163102
v 0.980999 -0.406343 1.127223
v 0.963258 -0.514872 1.090925
v 0.931836 -0.622633 1.054807
v 0.886622 -0.727632 1.019505
v 0.827864 -0.827864 0.985676
v 0.756161 -0.921385 0.953973
v 0.672439 -1.006376 0.925027
v 0.577909 -1.081192 0.899426
v 0.474026 -1.1444 0.877702
v 0.362442 -1.194812 0.860309
v 0.244959 -1.23149 0.847614
v 0.123485 -1.253766 0.839888
v 0.0 -1.261236 0.837294
v -0.123485 -1.253766 0.839888
v -0.244959 -1.23149 0.847614
v -0.362442 -1.194812 0.860309
v -0.474026 -1.1444 0.877702
v -0.577909 -1.081192 0.899426
v -0.672439 -1.006376 0.925027
v -0.756161 -0.921385 0.953973
v -0.827864 -0.827864 0.985676
v -0.886622 -0.727632 1.019505
v -0.931836 -0.622633 1.054807
v -0.963258 -0.514872 1.090925
v -0.980999 -0.406343 1.127223
v -0.985528 -0.298957 1.163102
v -0.977639 -0.194464 1.198016
v -0.958407 -0.094395 1.231488
v -0.929129 -0.0 1.263118
v -0.891243 0.08778 1.29259
v -0.846255 0.168331 1.319672
v -0.795651 0.241358 1.344212
v -0.740827 0.306861 1.366135
v -0.683023 0.365083 1.385431
v -0.623274 0.416458 1.402147
v -0.562385 0.461538 1.416374
v -0.500921 0.500921 1.428238
v -0.439217 0.535187 1.437894
v -0.377406 0.564828 1.445514
v -0.31547 0.590204 1.451288
v -0.253292 0.6115 1.455422
v -0.190717 0.628711 1.458139
v -0.127628 0.641629 1.459687
v -0.064005 0.649853 1.460349
v 0.069877 0.709473 1.425485
v 0.0 0.71267 1.42563
v 0.139333 0.700474 1.424691
v 0.208193 0.686322 1.422832
v 0.276467 0.66745 1.419569
v 0.344269 0.644083 1.414606
v 0.411749 0.616226 1.407676
v 0.479015 0.583682 1.398533
v 0.546066 0.546066 1.386951
v 0.61273 0.502855 1.372728
v 0.678617 0.453437 1.355683
v 0.743084 0.397187 1.335671
v 0.805232 0.333538 1.312589
v 0.863912 0.262065 1.286391
v 0.917765 0.182555 1.257099
v 0.965272 0.095071 1.224813
v 1.004834 0.0 1.189727
v 1.034851 -0.101924 1.152128
v 1.053814 -0.209617 1.112406
v 1.060398 -0.321668 1.071045
v 1.053532 -0.436387 1.02862
v 1.032468 -0.551866 0.985782
v 0.996825 -0.666057 0.943239
v 0.946603 -0.776857 0.90174
v 0.882185 -0.882185 0.862048
v 0.804316 -0.980061 0.82492
v 0.714058 -1.068664 0.791079
v 0.612752 -1.146377 0.761199
v 0.501954 -1.211824 0.735877
v 0.383394 -1.263879 0.715629
v 0.258919 -1.301673 0.700863
v 0.130461 -1.324592 0.691882
v 0.0 -1.332272 0.688868
v -0.130461 -1.324592 0.691882
v -0.258919 -1.301673 0.700863
v -0.383394 -1.263879 0.715629
v -0.501954 -1.211824 0.735877
v -0.612752 -1.146377 0.761199
v -0.714058 -1.068664 0.791079
v -0.804316 -0.980061 0.82492
v -0.882185 -0.882185 0.862048
v -0.946603 -0.776857 0.90174
v -0.996825 -0.666057 0.943239
v -1.032468 -0.551866 0.985782
v -1.053532 -0.436387 1.02862
v -1.060398 -0.321668 1.071045
v -1.053814 -0.209617 1.112406
v -1.034851 -0.101924 1.152128
v -1.004834 -0.0 1.189727
v -0.965272 0.095071 1.224813
v -0.917765 0.182555 1.257099
v -0.863912 0.262065 1.286391
v -0.805232 0.333538 1.312589
v -0.743084 0.397187 1.335671
v -0.678617 0.453437 1.355683
v -0.61273 0.502855 1.372728
v -0.546066 0.546066 1.386951
v -0.479015 0.583682 1.398533
v -0.411749 0.616226 1.407676
v -0.344269 0.644083 1.414606
v -0.276467 0.66745 1.419569
v -0.208193 0.686322 1.422832
v -0.139333 0.700474 1.424691
v -0.069877 0.709473 1.425485
v 0.075601 0.76759 1.387602
v 0.0 0.771054 1.387773
v 0.150741 0.757828 1.386664
v 0.225223 0.742459 1.38447
v 0.299039 0.721945 1.38062
v 0.372299 0.696523 1.374764
v 0.445142 0.666202 1.36659
v 0.517662 0.630773 1.355808
v 0.589831 0.589831 1.342158
v 0.661433 0.542824 1.325403
v 0.732016 0.489118 1.305338
v 0.800858 0.428067 1.281799
v 0.866956 0.359105 1.254675
v 0.929052 0.281825 1.223923
v 0.985665 0.196061 1.18958
v 1.035161 0.101954 1.151782
v 1.075838 0.0 1.110768
v 1.106015 -0.108933 1.066892
v 1.124141 -0.223606 1.020622
v 1.128881 -0.342442 0.972539
v 1.119204 -0.463589 0.92332
v 1.094441 -0.584991 0.873727
v 1.054326 -0.704478 0.824585
v 0.999006 -0.819863 0.776755
v 0.929023 -0.929023 0.731107
v 0.845284 -1.029981 0.688496
v 0.749001 -1.12096 0.649736
v 0.641638 -1.200421 0.615572
v 0.524845 -1.267088 0.586668
v 0.4004 -1.319942 0.563585
v 0.270167 -1.35822 0.54677
v 0.136055 -1.381393 0.53655
v 0.0 -1.389151 0.533121
v -0.136055 -1.381393 0.53655
v -0.270167 -1.35822 0.54677
v -0.4004 -1.319942 0.563585
v -0.524845 -1.267088 0.586668
v -0.641638 -1.200421 0.615572
v -0.749001 -1.12096 0.649736
v -0.845284 -1.029981 0.688496
v -0.929023 -0.929023 0.731107
v -0.999006 -0.819863 0.776755
v -1.054326 -0.704478 0.824585
v -1.094441 -0.584991 0.873727
v -1.119204 -0.463589 0.92332
v -1.128881 -0.342442 0.972539
v -1.124141 -0.223606 1.020622
v -1.106015 -0.108933 1.066892
v -1.075838 -0.0 1.110768
v -1.035161 0.101954 1.151782
v -0.985665 0.196061 1.18958
v -0.929052 0.281825 1.223923
v -0.866956 0.359105 1.254675
v -0.800858 0.428067 1.281799
v -0.732016 0.489118 1.305338
v -0.661433 0.542824 1.325403
v -0.589831 0.589831 1.342158
v -0.517662 0.630773 1.355808
v -0.445142 0.666202 1.36659
v -0.372299 0.696523 1.374764
v -0.299039 0.721945 1.38062
v -0.225223 0.742459 1.38447
v -0.150741 0.757828 1.386664
v -0.075601 0.76759 1.387602
v 0.081165 0.824081 1.346778
v 0.0 0.827805 1.346977
v 0.161829 0.813571 1.345688
v 0.241768 0.797003 1.343136
v 0.320959 0.774865 1.338659
v 0.399497 0.747407 1.331852
v 0.477508 0.714642 1.32235
v 0.555064 0.676348 1.309824
v 0.632104 0.632104 1.293972
v 0.708364 0.581339 1.274527
v 0.783321 0.523398 1.251256
v 0.856166 0.45763 1.223981
v 0.925796 0.383477 1.192585
v 0.990835 0.300567 1.157032
v 1.049687 0.208796 1.117382
v 1.100609 0.108401 1.07381
v 1.141806 0.0 1.026611
v 1.171538 -0.115386 0.976213
v 1.188229 -0.236353 0.923174
v 1.190566 -0.361154 0.868175
v 1.177588 -0.487773 0.812007
v 1.14874 -0.614014 0.755548
v 1.103907 -0.737607 0.699738
v 1.04341 -0.856304 0.645551
v 0.967979 -0.967979 0.593963
v 0.878699 -1.070698 0.545921
v 0.776941 -1.162774 0.502317
v 0.664289 -1.242797 0.463963
v 0.542469 -1.309635 0.431572
v 0.413287 -1.362424 0.405743
v 0.278585 -1.40054 0.38695
v 0.140209 -1.423567 0.375536
v 0.0 -1.431267 0.371708
v -0.140209 -1.423567 0.375536
v -0.278585 -1.40054 0.38695
v -0.413287 -1.362424 0.405743
v -0.542469 -1.309635 0.431572
v -0.664289 -1.242797 0.463963
v -0.776941 -1.162774 0.502317
v -0.878699 -1.070698 0.545921
v -0.967979 -0.967979 0.593963
v -1.04341 -0.856304 0.645551
v -1.103907 -0.737607 0.699738
v -1.14874 -0.614014 0.755548
v -1.177588 -0.487773 0.812007
v -1.190566 -0.361154 0.868175
v -1.188229 -0.236353 0.923174
v -1.171538 -0.115386 0.976213
v -1.141806 -0.0 1.026611
v -1.100609 0.108401 1.07381
v -1.049687 0.208796 1.117382
v -0.990835 0.300567 1.157032
v -0.925796 0.383477 1.192585
v -0.856166 0.45763 1.223981
v -0.783321 0.523398 1.251256
v -0.708364 0.581339 1.274527
v -0.632104 0.632104 1.293972
v -0.555064 0.676348 1.309824
v -0.477508 0.714642 1.32235
v -0.399497 0.747407 1.331852
v -0.320959 0.774865 1.338659
v -0.241768 0.797003 1.343136
v -0.161829 0.813571 1.345688
v -0.081165 0.824081 1.346778
v 0.086557 0.878826 1.303102
v 0.0 0.882804 1.303331
v 0.172573 0.867583 1.30185
v 0.257795 0.849836 1.29892
v 0.34218 0.826094 1.293779
v 0.425803 0.796622 1.285964
v 0.508773 0.761432 1.27506
v 0.591132 0.720296 1.26069
v 0.67278 0.67278 1.242515
v 0.753396 0.618296 1.220234
v 0.832383 0.55618 1.193593
v 0.908839 0.485785 1.162396
v 0.981554 0.406573 1.126527
v 1.049038 0.318222 1.085961
v 1.109581 0.220709 1.040789
v 1.161336 0.114382 0.991231
v 1.202432 0.0 0.93765
v 1.231086 -0.121251 0.880555
v 1.245722 -0.24779 0.820602
v 1.245081 -0.377691 0.758583
v 1.228304 -0.50878 0.695407
v 1.194985 -0.638733 0.632071
v 1.145195 -0.765195 0.569633
v 1.079461 -0.88589 0.509179
v 0.998724 -0.998724 0.45178
v 0.904264 -1.101849 0.398468
v 0.797617 -1.193718 0.350202
v 0.680483 -1.273093 0.307844
v 0.554649 -1.33904 0.272145
v 0.421921 -1.390888 0.243726
v 0.284084 -1.428189 0.223076
v 0.142878 -1.450666 0.210546
v 0.0 -1.458174 0.206346
v -0.142878 -1.450666 0.210546
v -0.284084 -1.428189 0.223076
v -0.421921 -1.390888 0.243726
v -0.554649 -1.33904 0.272145
v -0.680483 -1.273093 0.307844
v -0.797617 -1.193718 0.350202
v -0.904264 -1.101849 0.398468
v -0.998724 -0.998724 0.45178
v -1.079461 -0.88589 0.509179
v -1.145195 -0.765195 0.569633
v -1.194985 -0.638733 0.632071
v -1.228304 -0.50878 0.695407
v -1.245081 -0.377691 0.758583
v -1.245722 -0.24779 0.820602
v -1.231086 -0.121251 0.880555
v -1.202432 -0.0 0.93765
v -1.161336 0.114382 0.991231
v -1.109581 0.220709 1.040789
v -1.049038 0.318222 1.085961
v -0.981554 0.406573 1.126527
v -0.908839 0.485785 1.162396
v -0.832383 0.55618 1.193593
v -0.753396 0.618296 1.220234
v -0.67278 0.67278 1.242515
v -0.591132 0.720296 1.26069
v -0.508773 0.761432 1.27506
v -0.425803 0.796622 1.285964
v -0.34218 0.826094 1.293779
v -0.257795 0.849836 1.29892
v -0.172573 0.867583 1.30185
v -0.086557 0.878826 1.303102
v 0.091765 0.93171 1.256666
v 0.0 0.935935 1.256925
v 0.18295 0.91975 1.255243
v 0.273268 0.900845 1.251915
v 0.362653 0.875522 1.246077
v 0.451158 0.844058 1.237204
v 0.538863 0.806466 1.224828
v 0.625778 0.762513 1.208525
v 0.711755 0.711755 1.187918
v 0.796409 0.653596 1.162672
v 0.879062 0.58737 1.132512
v 0.958715 0.512444 1.097233
v 1.034046 0.428316 1.056719
v 1.103451 0.334728 1.010966
v 1.165109 0.231755 0.960101
v 1.217081 0.119872 0.9044
v 1.257431 0.0 0.844301
v 1.284353 -0.126498 0.780405
v 1.296301 -0.25785 0.713476
v 1.292098 -0.391954 0.644423
v 1.271022 -0.526475 0.574278
v 1.232853 -0.658973 0.504162
v 1.17788 -0.787034 0.43525
v 1.106869 -0.908384 0.36873
v 1.020995 -1.020995 0.305764
v 0.921749 -1.123155 0.247455
v 0.810834 -1.213499 0.194812
v 0.690062 -1.291016 0.148733
v 0.561263 -1.355008 0.109986
v 0.426214 -1.405041 0.079201
v 0.286608 -1.440877 0.056865
v 0.144034 -1.462405 0.043326
v 0.0 -1.469584 0.03879
v -0.144034 -1.462405 0.043326
v -0.286608 -1.440877 0.056865
v -0.426214 -1.405041 0.079201
v -0.561263 -1.355008 0.109986
v -0.690062 -1.291016 0.148733
v -0.810834 -1.213499 0.194812
v -0.921749 -1.123155 0.247455
v -1.020995 -1.020995 0.305764
v -1.106869 -0.908384 0.36873
v -1.17788 -0.787034 0.43525
v -1.232853 -0.658973 0.504162
v -1.271022 -0.526475 0.574278
v -1.292098 -0.391954 0.644423
v -1.296301 -0.25785 0.713476
v -1.284353 -0.126498 0.780405
v -1.257431 -0.0 0.844301
v -1.217081 0.119872 0.9044
v -1.165109 0.231755 0.960101
v -1.103451 0.334728 1.010966
v -1.034046 0.428316 1.056719
v -0.958715 0.512444 1.097233
v -0.879062 0.58737 1.132512
v -0.796409 0.653596 1.162672
v -0.711755 0.711755 1.187918
v -0.625778 0.762513 1.208525
v -0.538863 0.806466 1.224828
v -0.451158 0.844058 1.237204
v -0.362653 0.875522 1.246077
v -0.273268 0.900845 1.251915
v -0.18295 0.91975 1.255243
v -0.091765 0.93171 1.256666
v 0.09678 0.98262 1.207567
v 0.0 0.987084 1.207859
v 0.192937 0.969961 1.205966
v 0.288155 0.94992 1.202223
v 0.382336 0.923041 1.195658
v 0.475505 0.889608 1.185681
v 0.56771 0.849639 1.17177
v 0.65892 0.802896 1.153454
v 0.748931 0.748931 1.130317
v 0.837287 0.687144 1.101994
v 0.923224 0.616879 1.068189
v 1.005639 0.537525 1.028692
v 1.083097 0.448633 0.983395
v 1.153877 0.350025 0.932319
v 1.216054 0.241888 0.875637
v 1.267605 0.124848 0.81369
v 1.306546 0.0 0.747001
v 1.331069 -0.131099 0.676274
v 1.339686 -0.26648 0.602389
v 1.331334 -0.403856 0.526382
v 1.305463 -0.540741 0.44941
v 1.262077 -0.674594 0.372719
v 1.201717 -0.802961 0.297597
v 1.125415 -0.923605 0.225329
v 1.034605 -1.034605 0.157155
v 0.930999 -1.134425 0.094231
v 0.816471 -1.221935 0.037601
v 0.692935 -1.29639 -0.010735
v 0.562244 -1.357377 -0.048373
v 0.426122 -1.404737 -0.078212
v 0.28613 -1.438471 -0.099824
v 0.143665 -1.458658 -0.112909
v 0.0 -1.465377 -0.11729
v -0.143665 -1.458658 -0.112909
v -0.28613 -1.438471 -0.099824
v -0.426122 -1.404737 -0.078212
v -0.562244 -1.357377 -0.048373
v -0.692935 -1.29639 -0.010735
v -0.816471 -1.221935 0.037601
v -0.930999 -1.134425 0.094231
v -1.034605 -1.034605 0.157155
v -1.125415 -0.923605 0.225329
v -1.201717 -0.802961 0.297597
v -1.262077 -0.674594 0.372719
v -1.305463 -0.540741 0.44941
v -1.331334 -0.403856 0.526382
v -1.339686 -0.26648 0.602389
v -1.331069 -0.131099 0.676274
v -1.306546 -0.0 0.747001
v -1.267605 0.124848 0.81369
v -1.216054 0.241888 0.875637
v -1.153877 0.350025 0.932319
v -1.083097 0.448633 0.983395
v -1.005639 0.537525 1.028692
v -0.923224 0.616879 1.068189
v -0.837287 0.687144 1.101994
v -0.748931 0.748931 1.130317
v -0.65892 0.802896 1.153454
v -0.56771 0.849639 1.17177
v -0.475505 0.889608 1.185681
v -0.382336 0.923041 1.195658
v -0.288155 0.94992 1.202223
v -0.192937 0.969961 1.205966
v -0.09678 0.98262 1.207567
v 0.101588 1.031445 1.155869
v 0.0 1.03614 1.156194
v 0.202514 1.018107 1.154084
v 0.302423 0.996953 1.149909
v 0.401184 0.968544 1.142589
v 0.498789 0.933169 1.131469
v 0.595246 0.890849 1.115968
v 0.690475 0.841346 1.095571
v 0.784211 0.784211 1.06982
v 0.87592 0.718849 1.038325
v 0.964741 0.644619 1.000773
v 1.049464 0.56095 0.95695
v 1.128539 0.467456 0.906765
v 1.200131 0.364056 0.850272
v 1.262212 0.25107 0.7877
v 1.312688 0.129288 0.719463
v 1.349542 0.0 0.646182
v 1.370992 -0.135031 0.568673
v 1.375631 -0.27363 0.487942
v 1.362547 -0.413324 0.405156
v 1.3314 -0.551484 0.321604
v 1.282449 -0.685483 0.238654
v 1.216522 -0.812854 0.157703
v 1.134948 -0.931428 0.080121
v 1.039434 -1.039434 0.007211
v 0.931927 -1.135556 -0.054329
v 0.814471 -1.218942 -0.108922
v 0.689071 -1.28916 -0.156412
v 0.557582 -1.346122 -0.196125
v 0.421644 -1.389975 -0.227531
v 0.282653 -1.420993 -0.250234
v 0.141775 -1.439462 -0.263961
v 0.0 -1.445593 -0.268554
v -0.141775 -1.439462 -0.263961
v -0.282653 -1.420993 -0.250234
v -0.421644 -1.389975 -0.227531
v -0.557582 -1.346122 -0.196125
v -0.689071 -1.28916 -0.156412
v -0.814471 -1.218942 -0.108922
v -0.931927 -1.135556 -0.054329
v -1.039434 -1.039434 0.007211
v -1.134948 -0.931428 0.080121
v -1.216522 -0.812854 0.157703
v -1.282449 -0.685483 0.238654
v -1.3314 -0.551484 0.321604
v -1.362547 -0.413324 0.405156
v -1.375631 -0.27363 0.487942
v -1.370992 -0.135031 0.568673
v -1.349542 -0.0 0.646182
v -1.312688 0.129288 0.719463
v -1.262212 0.25107 0.7877
v -1.200131 0.364056 0.850272
v -1.128539 0.467456 0.906765
v -1.049464 0.56095 0.95695
v -0.964741 0.644619 1.000773
v -0.87592 0.718849 1.038325
v -0.784211 0.784211 1.06982
v -0.690475 0.841346 1.095571
v -0.595246 0.890849 1.115968
v -0.498789 0.933169 1.131469
v -0.401184 0.968544 1.142589
v -0.302423 0.996953 1.149909
v -0.202514 1.018107 1.154084
v -0.101588 1.031445 1.155869
v 0.106101 1.077261 1.091086
v 0.0 1.082175 1.091443
v 0.211498 1.063272 1.089129
v 0.315799 1.04105 1.084555
v 0.418836 1.011159 1.076535
v 0.52056 0.973899 1.064354
v 0.620933 0.929292 1.047382
v 0.719819 0.877102 1.025061
v 0.816883 0.816883 0.996902
v 0.911507 0.748054 0.962492
v 1.002728 0.670002 0.92151
v 1.089226 0.582203 0.873748
v 1.169331 0.484353 0.819135
v 1.241098 0.376483 0.757771
v 1.302408 0.259065 0.689942
v 1.351105 0.133072 0.616149
v 1.385163 0.0 0.537109
v 1.402847 -0.138168 0.453755
v 1.402868 -0.279048 0.367214
v 1.384496 -0.419982 0.27878
v 1.347636 -0.558209 0.189861
v 1.29284 -0.691037 0.101932
v 1.221255 -0.816016 0.016473
v 1.134526 -0.931082 -0.059674
v 1.034653 -1.034653 -0.129652
v 0.923822 -1.12568 -0.193732
v 0.804241 -1.203631 -0.250967
v 0.67799 -1.26843 -0.300569
v 0.546906 -1.320347 -0.34191
v 0.412512 -1.359871 -0.37451
v 0.276004 -1.387568 -0.398023
v 0.138277 -1.403949 -0.412218
v 0.0 -1.409368 -0.416964
v -0.138277 -1.403949 -0.412218
v -0.276004 -1.387568 -0.398023
v -0.412512 -1.359871 -0.37451
v -0.546906 -1.320347 -0.34191
v -0.67799 -1.26843 -0.300569
v -0.804241 -1.203631 -0.250967
v -0.923822 -1.12568 -0.193732
v -1.034653 -1.034653 -0.129652
v -1.134526 -0.931082 -0.059674
v -1.221255 -0.816016 0.016473
v -1.29284 -0.691037 0.101932
v -1.347636 -0.558209 0.189861
v -1.384496 -0.419982 0.27878
v -1.402868 -0.279048 0.367214
v -1.402847 -0.138168 0.453755
v -1.385163 -0.0 0.537109
v -1.351105 0.133072 0.616149
v -1.302408 0.259065 0.689942
v -1.241098 0.376483 0.757771
v -1.169331 0.484353 0.819135
v -1.089226 0.582203 0.873748
v -1.002728 0.670002 0.92151
v -0.911507 0.748054 0.962492
v -0.816883 0.816883 0.996902
v -0.719819 0.877102 1.025061
v -0.620933 0.929292 1.047382
v -0.52056 0.973899 1.064354
v -0.418836 1.011159 1.076535
v -0.315799 1.04105 1.084555
v -0.211498 1.063272 1.089129
v -0.106101 1.077261 1.091086
v 0.110279 1.119685 1.012838
v 0.0 1.124804 1.013222
v 0.219814 1.105082 1.010735
v 0.328173 1.08184 1.005817
v 0.435144 1.05053 0.997195
v 0.540633 1.011453 0.984106
v 0.64455 0.964637 0.965876
v 0.746694 0.90985 0.941914
v 0.846655 0.846655 0.911709
v 0.943721 0.774491 0.874834
v 1.036825 0.692784 0.830967
v 1.12453 0.601074 0.779915
v 1.205051 0.499148 0.721639
v 1.276335 0.387172 0.656286
v 1.33618 0.265783 0.58421
v 1.382386 0.136153 0.505996
v 1.412939 0.0 0.422461
v 1.426178 -0.140466 0.334647
v 1.420961 -0.282647 0.243797
v 1.39678 -0.423709 0.151313
v 1.35382 -0.56077 0.058704
v 1.292956 -0.691099 -0.030433
v 1.215683 -0.812293 -0.1131
v 1.123984 -0.92243 -0.191622
v 1.02016 -1.02016 -0.264752
v 0.906638 -1.104742 -0.331404
v 0.785781 -1.176005 -0.390665
v 0.659728 -1.234264 -0.441804
v 0.530268 -1.280181 -0.484263
v 0.398782 -1.31461 -0.517635
v 0.266229 -1.338426 -0.541643
v 0.133198 -1.352379 -0.556111
v 0.0 -1.356971 -0.560943
v -0.133198 -1.352379 -0.556111
v -0.266229 -1.338426 -0.541643
v -0.398782 -1.31461 -0.517635
v -0.530268 -1.280181 -0.484263
v -0.659728 -1.234264 -0.441804
v -0.785781 -1.176005 -0.390665
v -0.906638 -1.104742 -0.331404
v -1.02016 -1.02016 -0.264752
v -1.123984 -0.92243 -0.191622
v -1.215683 -0.812293 -0.1131
v -1.292956 -0.691099 -0.030433
v -1.35382 -0.56077 0.058704
v -1.39678 -0.423709 0.151313
v -1.420961 -0.282647 0.243797
v -1.426178 -0.140466 0.334647
v -1.412939 -0.0 0.422461
v -1.382386 0.136153 0.505996
v -1.33618 0.265783 0.58421
v -1.276335 0.387172 0.656286
v -1.205051 0.499148 0.721639
v -1.12453 0.601074 0.779915
v -1.036825 0.692784 0.830967
v -0.943721 0.774491 0.874834
v -0.846655 0.846655 0.911709
v -0.746694 0.90985 0.941914
v -0.64455 0.964637 0.965876
v -0.540633 1.011453 0.984106
v -0.435144 1.05053 0.997195
v -0.328173 1.08184 1.005817
v -0.219814 1.105082 1.010735
v -0.110279 1.119685 1.012838
v 0.114176 1.159245 0.931217
v 0.0 1.164559 0.931625
v 0.227567 1.144057 0.928979
v 0.339698 1.119834 0.923749
v 0.450312 1.087149 0.914582
v 0.559263 1.046307 0.900667
v 0.6664 0.997338 0.881298
v 0.771452 0.940017 0.855855
v 0.873924 0.873924 0.823808
v 0.973006 0.798525 0.784725
v 1.06752 0.713294 0.738291
v 1.155908 0.617846 0.684333
v 1.236272 0.51208 0.62285
v 1.306453 0.396308 0.554044
v 1.364177 0.271352 0.478345
v 1.407215 0.138599 0.396425
v 1.433585 0.0 0.309203
v 1.441729 -0.141998 0.217832
v 1.430687 -0.284581 0.123664
v 1.400201 -0.424746 0.028204
v 1.350772 -0.559508 -0.064414
v 1.283633 -0.686116 -0.154114
v 1.200649 -0.802248 -0.240455
v 1.104159 -0.90616 -0.322035
v 0.996774 -0.996774 -0.397606
v 0.881158 -1.073694 -0.466115
v 0.75982 -1.13715 -0.52671
v 0.634934 -1.187877 -0.578746
v 0.508221 -1.226955 -0.621757
v 0.380887 -1.255617 -0.655434
v 0.253626 -1.275066 -0.679589
v 0.126689 -1.286297 -0.694114
v 0.0 -1.289965 -0.698961
v -0.126689 -1.286297 -0.694114
v -0.253626 -1.275066 -0.679589
v -0.380887 -1.255617 -0.655434
v -0.508221 -1.226955 -0.621757
v -0.634934 -1.187877 -0.578746
v -0.75982 -1.13715 -0.52671
v -0.881158 -1.073694 -0.466115
v -0.996774 -0.996774 -0.397606
v -1.104159 -0.90616 -0.322035
v -1.200649 -0.802248 -0.240455
v -1.283633 -0.686116 -0.154114
v -1.350772 -0.559508 -0.064414
v -1.400201 -0.424746 0.028204
v -1.430687 -0.284581 0.123664
v -1.441729 -0.141998 0.217832
v -1.433585 -0.0 0.309203
v -1.407215 0.138599 0.396425
v -1.364177 0.271352 0.478345
v -1.306453 0.396308 0.554044
v -1.236272 0.51208 0.62285
v -1.155908 0.617846 0.684333
v -1.06752 0.713294 0.738291
v -0.973006 0.798525 0.784725
v -0.873924 0.873924 0.823808
v -0.771452 0.940017 0.855855
v -0.6664 0.997338 0.881298
v -0.559263 1.046307 0.900667
v -0.450312 1.087149 0.914582
v -0.339698 1.119834 0.923749
v -0.227567 1.144057 0.928979
v -0.114176 1.159245 0.931217
v 0.117854 1.196591 0.854527
v 0.0 1.20209 0.85496
v 0.234883 1.180836 0.852152
v 0.350565 1.155657 0.8466
v 0.464592 1.121625 0.836872
v 0.576761 1.079044 0.822111
v 0.686854 1.027949 0.801574
v 0.794521 0.968127 0.774614
v 0.899175 0.899175 0.740687
v 0.9999 0.820597 0.699356
v 1.095401 0.731924 0.650317
v 1.183999 0.632861 0.593424
v 1.263676 0.523432 0.528723
v 1.332177 0.404112 0.456478
v 1.387161 0.275924 0.377202
v 1.426389 0.140487 0.291667
v 1.447928 0.0 0.200903
v 1.450355 -0.142848 0.106179
v 1.432919 -0.285025 0.008965
v 1.39565 -0.423366 -0.087695
v 1.339398 -0.554797 -0.183422
v 1.26578 -0.676574 -0.276715
v 1.177059 -0.786486 -0.366004
v 1.075943 -0.883003 -0.449869
v 0.965358 -0.965358 -0.527087
v 0.848201 -1.033536 -0.596661
v 0.72711 -1.088196 -0.657831
v 0.604277 -1.130524 -0.710062
v 0.48133 -1.162033 -0.753011
v 0.35927 -1.184355 -0.786489
v 0.2385 -1.199023 -0.810416
v 0.118907 -1.207281 -0.824768
v 0.0 -1.20994 -0.829551
v -0.118907 -1.207281 -0.824768
v -0.2385 -1.199023 -0.810416
v -0.35927 -1.184355 -0.786489
v -0.48133 -1.162033 -0.753011
v -0.604277 -1.130524 -0.710062
v -0.72711 -1.088196 -0.657831
v -0.848201 -1.033536 -0.596661
v -0.965358 -0.965358 -0.527087
v -1.075943 -0.883003 -0.449869
v -1.177059 -0.786486 -0.366004
v -1.26578 -0.676574 -0.276715
v -1.339398 -0.554797 -0.183422
v -1.39565 -0.423366 -0.087695
v -1.432919 -0.285025 0.008965
v -1.450355 -0.142848 0.106179
v -1.447928 -0.0 0.200903
v -1.426389 0.140487 0.291667
v -1.387161 0.275924 0.377202
v -1.332177 0.404112 0.456478
v -1.263676 0.523432 0.528723
v -1.183999 0.632861 0.593424
v -1.095401 0.731924 0.650317
v -0.9999 0.820597 0.699356
v -0.899175 0.899175 0.740687
v -0.794521 0.968127 0.774614
v -0.686854 1.027949 0.801574
v -0.576761 1.079044 0.822111
v -0.464592 1.121625 0.836872
v -0.350565 1.155657 0.8466
v -0.234883 1.180836 0.852152
v -0.117854 1.196591 0.854527
v 0.121388 1.23247 0.789116
v 0.0 1.23815 0.78958
v 0.241909 1.216159 0.786576
v 0.360993 1.190033 0.780639
v 0.478275 1.154658 0.770238
v 0.593488 1.110338 0.754462
v 0.706339 1.057111 0.732524
v 0.816394 0.994779 0.703746
v 0.922964 0.922964 0.667563
v 1.025019 0.841211 0.623537
v 1.121142 0.749123 0.571376
v 1.209526 0.646505 0.510966
v 1.288035 0.533521 0.442407
v 1.354318 0.410828 0.366039
v 1.405979 0.279667 0.282474
v 1.44078 0.141904 0.1926
v 1.456866 0.0 0.09758
v 1.452969 -0.143105 -0.00117
v 1.428583 -0.284163 -0.101384
v 1.384059 -0.41985 -0.201996
v 1.320628 -0.547022 -0.301236
v 1.240325 -0.662968 -0.397375
v 1.145826 -0.765616 -0.488803
v 1.040225 -0.85369 -0.574102
v 0.926765 -0.926765 -0.652096
v 0.808567 -0.985242 -0.721876
v 0.688385 -1.030242 -0.782801
v 0.568408 -1.063417 -0.834476
v 0.45014 -1.086734 -0.876708
v 0.334357 -1.102227 -0.909452
v 0.221144 -1.111765 -0.932753
v 0.109999 -1.116843 -0.946689
v 0.0 -1.118425 -0.951326
v -0.109999 -1.116843 -0.946689
v -0.221144 -1.111765 -0.932753
v -0.334357 -1.102227 -0.909452
v -0.45014 -1.086734 -0.876708
v -0.568408 -1.063417 -0.834476
v -0.688385 -1.030242 -0.782801
v -0.808567 -0.985242 -0.721876
v -0.926765 -0.926765 -0.652096
v -1.040225 -0.85369 -0.574102
v -1.145826 -0.765616 -0.488803
v -1.240325 -0.662968 -0.397375
v -1.320628 -0.547022 -0.301236
v -1.384059 -0.41985 -0.201996
v -1.428583 -0.284163 -0.101384
v -1.452969 -0.143105 -0.00117
v -1.456866 -0.0 0.09758
v -1.44078 0.141904 0.1926
v -1.405979 0.279667 0.282474
v -1.354318 0.410828 0.366039
v -1.288035 0.533521 0.442407
v -1.209526 0.646505 0.510966
v -1.121142 0.749123 0.571376
v -1.025019 0.841211 0.623537
v -0.922964 0.922964 0.667563
v -0.816394 0.994779 0.703746
v -0.706339 1.057111 0.732524
v -0.593488 1.110338 0.754462
v -0.478275 1.154658 0.770238
v -0.360993 1.190033 0.780639
v -0.241909 1.216159 0.786576
v -0.121388 1.23247 0.789116
v -0.239474 0.34582 1.488116
v -0.190747 0.428511 1.448255
v -0.146942 0.522225 1.438266
v -0.133718 0.572066 1.463999
v -0.158823 0.548837 1.510381
v -0.20755 0.466145 1.550242
v -0.251355 0.372431 1.560231
v -0.264579 0.322591 1.534498
v -0.296236 0.359183 1.598345
v -0.293382 0.278331 1.545747
v -0.273424 0.500024 1.583913
v -0.238309 0.618353 1.510904
v -0.211461 0.644853 1.422086
v -0.208607 0.564002 1.369488
v -0.231419 0.42316 1.38392
v -0.266534 0.304832 1.456929
v -0.351764 0.338368 1.635027
v -0.323029 0.229468 1.557411
v -0.364361 0.519969 1.61379
v -0.353442 0.667892 1.506141
v -0.325402 0.695485 1.375139
v -0.296667 0.586585 1.297524
v -0.284069 0.404984 1.31876
v -0.294989 0.257061 1.426409
v -0.410495 0.296818 1.648631
v -0.353034 0.173854 1.569376
v -0.468733 0.506018 1.609299
v -0.493632 0.678908 1.47442
v -0.470608 0.714211 1.323003
v -0.413146 0.591247 1.243748
v -0.354909 0.382047 1.28308
v -0.330009 0.209157 1.417959
v -0.474591 0.250339 1.638327
v -0.390836 0.13292 1.569262
v -0.579119 0.455609 1.581594
v -0.643187 0.628486 1.432299
v -0.629267 0.6677 1.277895
v -0.545512 0.550281 1.208831
v -0.440985 0.345011 1.265563
v -0.376916 0.172134 1.414859
v -0.552359 0.197216 1.615666
v -0.446838 0.098613 1.552979
v -0.692367 0.371609 1.551085
v -0.784845 0.519634 1.397067
v -0.775623 0.554581 1.243832
v -0.670101 0.455977 1.181145
v -0.530094 0.281585 1.245726
v -0.437615 0.13356 1.399745
v -0.630156 0.114233 1.58966
v -0.506936 0.039061 1.533262
v -0.797646 0.251749 1.517778
v -0.911294 0.371053 1.359723
v -0.904525 0.402259 1.208082
v -0.781305 0.327087 1.151683
v -0.613814 0.189572 1.223565
v -0.500167 0.070267 1.38162
v -0.697522 0.000691 1.560427
v -0.561865 -0.04763 1.510256
v -0.883321 0.097636 1.481714
v -1.010425 0.186415 1.320226
v -1.004377 0.215023 1.17056
v -0.86872 0.166702 1.120388
v -0.68292 0.069757 1.199101
v -0.555816 -0.019022 1.360589
v -0.744248 -0.140358 1.528045
v -0.602185 -0.160069 1.484026
v -0.938737 -0.084895 1.442967
v -1.071724 -0.02617 1.278632
v -1.065307 0.001418 1.131304
v -0.923245 -0.018292 1.087286
v -0.728755 -0.073755 1.172363
v -0.595768 -0.132481 1.336698
v -0.761985 -0.302298 1.492558
v -0.619666 -0.29355 1.454582
v -0.956104 -0.286337 1.401628
v -1.088311 -0.255018 1.235057
v -1.08116 -0.226687 1.090421
v -0.938841 -0.217939 1.052446
v -0.744723 -0.2339 1.143376
v -0.612516 -0.265219 1.309946
v -0.74574 -0.475924 1.453979
v -0.608687 -0.440758 1.421869
v -0.932014 -0.494915 1.357794
v -1.05839 -0.486607 1.189658
v -1.05084 -0.455865 1.048062
v -0.913787 -0.420699 1.015952
v -0.727514 -0.401708 1.112136
v -0.601137 -0.410017 1.280273
v -0.699828 -0.64995 1.39847
v -0.580336 -0.595657 1.373596
v -0.862176 -0.694432 1.304197
v -0.972279 -0.703045 1.146001
v -0.965641 -0.670744 1.016551
v -0.846149 -0.616451 0.991677
v -0.683801 -0.57197 1.08595
v -0.573697 -0.563357 1.244146
v -0.625775 -0.816382 1.330223
v -0.529958 -0.753394 1.312345
v -0.756712 -0.873062 1.244161
v -0.846069 -0.890232 1.104575
v -0.841501 -0.857834 0.993231
v -0.745684 -0.794847 0.975353
v -0.614747 -0.738166 1.061415
v -0.52539 -0.720996 1.201001
v -0.528212 -0.968434 1.258328
v -0.454058 -0.9048 1.245735
v -0.631095 -1.026803 1.182847
v -0.70244 -1.045717 1.06351
v -0.700454 -1.014094 0.970222
v -0.6263 -0.95046 0.95763
v -0.523417 -0.892091 1.03311
v -0.452072 -0.873178 1.152447
v -0.418564 -1.10209 1.182637
v -0.362503 -1.044353 1.173455
v -0.498452 -1.154227 1.120197
v -0.55537 -1.170221 1.02271
v -0.555976 -1.140705 0.947284
v -0.499915 -1.082968 0.938102
v -0.420027 -1.030832 1.000542
v -0.36311 -1.014837 1.098029
v -0.322952 -1.223627 1.088495
v -0.286258 -1.179137 1.074736
v -0.37231 -1.258198 1.055942
v -0.405417 -1.262599 0.996146
v -0.40288 -1.234252 0.944135
v -0.366186 -1.189763 0.930376
v -0.316829 -1.155192 0.96293
v -0.283722 -1.15079 1.022726
v -0.255951 -1.332419 0.982848
v -0.24088 -1.305003 0.959619
v -0.265628 -1.344999 0.989299
v -0.264245 -1.335373 0.975193
v -0.25261 -1.309181 0.948793
v -0.23754 -1.281765 0.925564
v -0.227862 -1.269185 0.919113
v -0.229246 -1.278811 0.933219
v 0.044038 0.49737 1.458148
v 0.109633 0.409281 1.465564
v 0.17807 0.33175 1.503286
v 0.209259 0.310195 1.549217
v 0.184929 0.357242 1.576451
v 0.119333 0.445331 1.569035
v 0.050897 0.522862 1.531313
v 0.019708 0.544417 1.485382
v 0.116906 0.60904 1.533804
v 0.08465 0.636848 1.444828
v 0.175659 0.488666 1.604963
v 0.226491 0.346238 1.616622
v 0.239626 0.265189 1.561951
v 0.20737 0.292996 1.472975
v 0.148617 0.413371 1.401816
v 0.097785 0.555799 1.390157
v 0.224053 0.680194 1.531016
v 0.192702 0.71174 1.3991
v 0.259296 0.52221 1.6373
v 0.277787 0.330331 1.655693
v 0.268693 0.216959 1.57542
v 0.237342 0.248504 1.443504
v 0.202099 0.406489 1.33722
v 0.183609 0.598367 1.318827
v 0.364917 0.715793 1.50089
v 0.340097 0.757163 1.348058
v 0.362575 0.52485 1.634906
v 0.334442 0.296187 1.671601
v 0.297 0.163751 1.589481
v 0.272181 0.205121 1.436649
v 0.274523 0.396064 1.302633
v 0.302655 0.624727 1.265937
v 0.526017 0.687731 1.459912
v 0.512398 0.733972 1.303726
v 0.478264 0.491661 1.609022
v 0.397114 0.260617 1.663709
v 0.330103 0.129941 1.591939
v 0.316485 0.176181 1.435753
v 0.364237 0.372252 1.286643
v 0.445387 0.603296 1.231956
v 0.686578 0.595294 1.425772
v 0.680451 0.636449 1.270343
v 0.601707 0.423546 1.580402
v 0.475556 0.221815 1.643653
v 0.382022 0.10827 1.578473
v 0.375896 0.149425 1.423044
v 0.460766 0.321172 1.268414
v 0.586917 0.522904 1.205163
v 0.835163 0.457379 1.389614
v 0.833679 0.493234 1.235385
v 0.721264 0.316251 1.549046
v 0.558703 0.152523 1.620286
v 0.442706 0.062103 1.561604
v 0.441223 0.097959 1.407374
v 0.555121 0.239086 1.247943
v 0.717682 0.402815 1.176702
v 0.957393 0.276646 1.351385
v 0.958078 0.30789 1.198753
v 0.823653 0.169892 1.514993
v 0.635199 0.050162 1.593738
v 0.502426 -0.012407 1.541491
v 0.503111 0.018836 1.388859
v 0.636851 0.125591 1.22525
v 0.825305 0.245321 1.146506
v 1.04016 0.061273 1.311136
v 1.041152 0.089334 1.160481
v 0.896057 -0.010309 1.478314
v 0.693259 -0.08348 1.564085
v 0.55056 -0.115377 1.518204
v 0.551552 -0.087316 1.367549
v 0.695654 -0.015734 1.200371
v 0.898453 0.057437 1.114601
v 1.074268 -0.175849 1.268987
v 1.074519 -0.149077 1.120683
v 0.928515 -0.214414 1.439101
v 0.72264 -0.242181 1.531374
v 0.577242 -0.242885 1.491754
v 0.577492 -0.216113 1.34345
v 0.723245 -0.177549 1.173336
v 0.92912 -0.149781 1.081063
v 1.056447 -0.419124 1.225101
v 1.055779 -0.391641 1.079519
v 0.915958 -0.429316 1.397455
v 0.716609 -0.416246 1.495617
v 0.575176 -0.38757 1.462087
v 0.574509 -0.360087 1.316505
v 0.714997 -0.349895 1.144151
v 0.914346 -0.362965 1.045989
v 0.975905 -0.648453 1.183124
v 0.974951 -0.620381 1.04967
v 0.853391 -0.637347 1.345868
v 0.679175 -0.593568 1.442568
v 0.555312 -0.542761 1.416579
v 0.554358 -0.514689 1.283125
v 0.676872 -0.525796 1.120382
v 0.851088 -0.569575 1.023682
v 0.850016 -0.84675 1.143652
v 0.849732 -0.818752 1.028562
v 0.751097 -0.824567 1.287742
v 0.61092 -0.765199 1.376425
v 0.511599 -0.703421 1.357752
v 0.511314 -0.675423 1.242661
v 0.610234 -0.697605 1.098572
v 0.750411 -0.756974 1.009889
v 0.703914 -1.010136 1.10484
v 0.705056 -0.982593 1.008172
v 0.625668 -0.985369 1.228422
v 0.516153 -0.922802 1.306526
v 0.439522 -0.859084 1.2934
v 0.440664 -0.831541 1.196733
v 0.51891 -0.856308 1.073151
v 0.628425 -0.918875 0.995046
v 0.553683 -1.139205 1.066652
v 0.556565 -1.113134 0.988327
v 0.491875 -1.117774 1.167882
v 0.407349 -1.061396 1.232718
v 0.349618 -1.003095 1.223179
v 0.3525 -0.977024 1.144854
v 0.414307 -0.998454 1.043624
v 0.498834 -1.054833 0.978788
v 0.400947 -1.23253 1.043737
v 0.399777 -1.206469 0.989656
v 0.364985 -1.22483 1.105901
v 0.312957 -1.187879 1.139734
v 0.27534 -1.143322 1.125417
v 0.27417 -1.11726 1.071336
v 0.310132 -1.12496 1.009171
v 0.36216 -1.161912 0.975338
v 0.258526 -1.304488 1.027067
v 0.247139 -1.279361 0.999534
v 0.259546 -1.313511 1.041741
v 0.249602 -1.301144 1.03496
v 0.234519 -1.274633 1.010697
v 0.223132 -1.249506 0.983165
v 0.222112 -1.240483 0.96849
v 0.232056 -1.252849 0.975271
v -0.653831 0.428759 1.292771
v -0.660379 0.497706 1.232738
v -0.683448 0.579074 1.19742
v -0.709523 0.6252 1.207504
v -0.723331 0.609064 1.257085
v -0.716783 0.540118 1.317118
v -0.693714 0.458749 1.352436
v -0.667638 0.412623 1.342351
v -0.759017 0.416088 1.37752
v -0.701092 0.349824 1.349204
v -0.812791 0.52089 1.330198
v -0.830913 0.602838 1.234958
v -0.802769 0.613928 1.147591
v -0.744843 0.547664 1.119275
v -0.69107 0.442862 1.166598
v -0.672947 0.360914 1.261837
v -0.832431 0.353535 1.399368
v -0.737023 0.273467 1.354953
v -0.922341 0.474451 1.338082
v -0.954085 0.565385 1.206995
v -0.909068 0.573069 1.082896
v -0.81366 0.493002 1.03848
v -0.72375 0.372085 1.099767
v -0.692006 0.281151 1.230854
v -0.893757 0.261812 1.400696
v -0.771586 0.182502 1.359497
v -1.017574 0.38763 1.316378
v -1.070507 0.486252 1.155935
v -1.021547 0.499908 1.013352
v -0.899376 0.420598 0.972153
v -0.775559 0.29478 1.056471
v -0.722627 0.196158 1.216914
v -0.948647 0.154639 1.37657
v -0.813332 0.089521 1.346036
v -1.094227 0.266763 1.274889
v -1.164792 0.360212 1.100556
v -1.119007 0.380246 0.955693
v -0.983691 0.315128 0.925159
v -0.838112 0.203004 1.02684
v -0.767546 0.109555 1.201172
v -1.004251 0.033803 1.336252
v -0.862235 -0.010666 1.311134
v -1.158453 0.120019 1.230149
v -1.234512 0.197479 1.05498
v -1.187874 0.220806 0.913355
v -1.045858 0.176337 0.888237
v -0.891656 0.09012 0.994339
v -0.815597 0.012661 1.169509
v -1.044389 -0.109649 1.292253
v -0.898873 -0.132344 1.272454
v -1.202912 -0.049439 1.182204
v -1.281582 0.013015 1.006773
v -1.234314 0.041128 0.868724
v -1.088798 0.018433 0.848926
v -0.930275 -0.041776 0.958975
v -0.851606 -0.10423 1.134406
v -1.062729 -0.271459 1.244674
v -0.917178 -0.27209 1.230096
v -1.221371 -0.236378 1.13112
v -1.300175 -0.187398 0.955952
v -1.252977 -0.153211 0.821782
v -1.107425 -0.153842 0.807204
v -0.948783 -0.188923 0.920759
v -0.86998 -0.237903 1.095926
v -1.054545 -0.445708 1.193579
v -0.912407 -0.424924 1.184098
v -1.209509 -0.43386 1.076973
v -1.286522 -0.396321 0.902587
v -1.24047 -0.35508 0.772572
v -1.098332 -0.334295 0.763091
v -0.943368 -0.346143 0.879696
v -0.866356 -0.383683 1.054083
v -1.017321 -0.625364 1.138995
v -0.881703 -0.584738 1.134437
v -1.165539 -0.633941 1.019839
v -1.239533 -0.605443 0.84677
v -1.195958 -0.556564 0.721168
v -1.060339 -0.515938 0.716611
v -0.912121 -0.507362 0.835766
v -0.838128 -0.535859 1.008836
v -0.951111 -0.80308 1.0809
v -0.824469 -0.744987 1.081021
v -1.090536 -0.828582 0.959777
v -1.161071 -0.806556 0.788604
v -1.121397 -0.749903 0.667652
v -0.994755 -0.691811 0.667773
v -0.855329 -0.666308 0.788896
v -0.784795 -0.688334 0.960069
v -0.860099 -0.968414 1.006409
v -0.751338 -0.900418 1.010549
v -0.981654 -1.004512 0.891829
v -1.044798 -0.987565 0.733927
v -1.012542 -0.927501 0.625201
v -0.903782 -0.859505 0.629341
v -0.782227 -0.823407 0.743921
v -0.719083 -0.840354 0.901823
v -0.749483 -1.116501 0.919907
v -0.662425 -1.047079 0.926602
v -0.849286 -1.15592 0.818531
v -0.90337 -1.142245 0.681859
v -0.880055 -1.083486 0.589951
v -0.792998 -1.014064 0.596645
v -0.693195 -0.974645 0.698021
v -0.63911 -0.98832 0.834694
v -0.625748 -1.246081 0.829882
v -0.557863 -1.180407 0.837598
v -0.706589 -1.283927 0.743322
v -0.753029 -1.271775 0.628623
v -0.737864 -1.216744 0.552975
v -0.669979 -1.15107 0.560691
v -0.589138 -1.113225 0.647251
v -0.542699 -1.125376 0.76195
v -0.497508 -1.356103 0.73611
v -0.445706 -1.29824 0.743257
v -0.562399 -1.388911 0.665925
v -0.602365 -1.377446 0.573814
v -0.593996 -1.328423 0.513735
v -0.542193 -1.27056 0.520882
v -0.477303 -1.237752 0.591067
v -0.437337 -1.249217 0.683178
v -0.384046 -1.449717 0.623858
v -0.349498 -1.403283 0.622908
v -0.425414 -1.473643 0.585805
v -0.449369 -1.461047 0.531039
v -0.441879 -1.419307 0.491642
v -0.407331 -1.372873 0.490691
v -0.365963 -1.348947 0.528744
v -0.342008 -1.361543 0.58351
v -0.294707 -1.52871 0.499643
v -0.279347 -1.495528 0.486225
v -0.303786 -1.542782 0.501953
v -0.301266 -1.529501 0.491802
v -0.288623 -1.496647 0.475136
v -0.273263 -1.463465 0.461718
v -0.264184 -1.449393 0.459408
v -0.266704 -1.462674 0.469559
v 0.663474 0.556167 1.225744
v 0.637416 0.46318 1.264154
v 0.627364 0.381797 1.328004
v 0.639207 0.359691 1.37989
v 0.666007 0.409811 1.38942
v 0.692065 0.502799 1.35101
v 0.702117 0.584182 1.28716
v 0.690274 0.606288 1.235274
v 0.81103 0.582238 1.26497
v 0.787115 0.601448 1.173479
v 0.785325 0.484377 1.366595
v 0.725057 0.365193 1.418823
v 0.66553 0.2945 1.391059
v 0.641614 0.313711 1.299568
v 0.66732 0.411571 1.197943
v 0.727588 0.530756 1.145715
v 0.935685 0.549119 1.236746
v 0.897602 0.566463 1.106523
v 0.891463 0.439903 1.37712
v 0.790841 0.302792 1.445416
v 0.692761 0.218104 1.401627
v 0.654679 0.235448 1.271404
v 0.698901 0.344664 1.13103
v 0.799523 0.481775 1.062734
v 1.054308 0.474825 1.184665
v 1.014848 0.498493 1.034378
v 0.983632 0.356984 1.357355
v 0.844223 0.213998 1.451289
v 0.717743 0.129627 1.411441
v 0.678283 0.153295 1.261154
v 0.748959 0.271136 1.088464
v 0.888368 0.414122 0.99453
v 1.14986 0.352271 1.128766
v 1.115213 0.381147 0.975345
v 1.057883 0.2415 1.317314
v 0.893163 0.113723 1.430542
v 0.752189 0.043789 1.402121
v 0.717543 0.072665 1.2487
v 0.809519 0.183436 1.060152
v 0.97424 0.311213 0.946924
v 1.219137 0.191917 1.083908
v 1.184255 0.222063 0.933371
v 1.120356 0.100986 1.274064
v 0.945774 0.002537 1.392447
v 0.797661 -0.045761 1.369711
v 0.762779 -0.015614 1.219174
v 0.861561 0.075317 1.029018
v 1.036142 0.173766 0.910635
v 1.266098 0.01043 1.036537
v 1.230861 0.043316 0.889256
v 1.164058 -0.061653 1.227646
v 0.984515 -0.130708 1.350633
v 0.832641 -0.156284 1.333456
v 0.797403 -0.123398 1.186175
v 0.899443 -0.051315 0.995066
v 1.078987 0.01774 0.872079
v 1.285192 -0.186621 0.986661
v 1.249955 -0.149651 0.842972
v 1.183005 -0.241534 1.178124
v 1.003254 -0.282222 1.305204
v 0.851234 -0.284851 1.29346
v 0.815996 -0.247881 1.149772
v 0.918183 -0.192968 0.958309
v 1.097934 -0.152279 0.831229
v 1.272821 -0.392074 0.934351
v 1.238342 -0.349896 0.794566
v 1.172981 -0.432139 1.125576
v 0.997306 -0.446619 1.256225
v 0.848704 -0.427034 1.249764
v 0.814224 -0.384855 1.109978
v 0.914065 -0.344791 0.918753
v 1.08974 -0.33031 0.788105
v 1.227946 -0.597924 0.879708
v 1.195286 -0.549732 0.74412
v 1.132144 -0.625953 1.07008
v 0.964 -0.617398 1.203719
v 0.822009 -0.577272 1.202341
v 0.789349 -0.52908 1.066753
v 0.88515 -0.501051 0.876381
v 1.053295 -0.509606 0.742742
v 1.152355 -0.796249 0.822849
v 1.122747 -0.741624 0.691735
v 1.061354 -0.815322 1.011701
v 0.903053 -0.78767 1.147664
v 0.770181 -0.729492 1.151092
v 0.740573 -0.674866 1.019978
v 0.831574 -0.655793 0.831126
v 0.989875 -0.683445 0.695163
v 1.03846 -0.974979 0.770467
v 1.014743 -0.917773 0.652104
v 0.957558 -0.987366 0.94518
v 0.819429 -0.947678 1.073897
v 0.704988 -0.879164 1.081219
v 0.681271 -0.821958 0.962857
v 0.762173 -0.809571 0.788144
v 0.900302 -0.849259 0.659427
v 0.899119 -1.127884 0.721515
v 0.882563 -1.072229 0.621034
v 0.830585 -1.136432 0.873152
v 0.717108 -1.092864 0.987119
v 0.625161 -1.022702 0.996656
v 0.608605 -0.967046 0.896176
v 0.677139 -0.958498 0.744539
v 0.790616 -1.002067 0.630571
v 0.750997 -1.256352 0.671686
v 0.741058 -1.204276 0.588644
v 0.693033 -1.263538 0.79927
v 0.601121 -1.221624 0.89666
v 0.529102 -1.155164 0.906806
v 0.519164 -1.103088 0.823764
v 0.577128 -1.095902 0.696179
v 0.66904 -1.137815 0.59879
v 0.602333 -1.361708 0.620576
v 0.597933 -1.315222 0.554392
v 0.553337 -1.368893 0.723274
v 0.479646 -1.332568 0.802327
v 0.424428 -1.274011 0.811426
v 0.420028 -1.227525 0.745241
v 0.469024 -1.22034 0.642543
v 0.542715 -1.256665 0.563491
v 0.449135 -1.444996 0.583535
v 0.443938 -1.404929 0.540145
v 0.419883 -1.455019 0.644649
v 0.373318 -1.429126 0.687687
v 0.336717 -1.382485 0.687438
v 0.33152 -1.342417 0.644048
v 0.360772 -1.332394 0.582934
v 0.407337 -1.358287 0.539896
v 0.298606 -1.513436 0.55128
v 0.286218 -1.481203 0.533226
v 0.300611 -1.526304 0.562412
v 0.29106 -1.512269 0.560102
v 0.275548 -1.479553 0.545703
v 0.26316 -1.44732 0.52765
v 0.261155 -1.434452 0.516517
v 0.270706 -1.448486 0.518827
v -1.076647 0.172312 0.975139
v -1.093472 0.212628 0.908799
v -1.136764 0.25806 0.860104
v -1.181163 0.281995 0.857579
v -1.20066 0.270413 0.902703
v -1.183835 0.230097 0.969044
v -1.140543 0.184664 1.017739
v -1.096144 0.160729 1.020264
v -1.19486 0.099033 1.025125
v -1.111397 0.069582 1.018091
v -1.266026 0.154244 0.960895
v -1.283205 0.202873 0.863026
v -1.236335 0.216433 0.788848
v -1.152871 0.186982 0.781814
v -1.081706 0.131772 0.846044
v -1.064527 0.083143 0.943914
v -1.245678 -0.004772 1.028199
v -1.121487 -0.032926 1.013884
v -1.345936 0.054932 0.946737
v -1.363532 0.111212 0.817217
v -1.288157 0.131099 0.71551
v -1.163966 0.102944 0.701196
v -1.063708 0.04324 0.782658
v -1.046113 -0.013039 0.912178
v -1.268313 -0.125913 1.015164
v -1.123785 -0.146059 1.007406
v -1.389334 -0.066748 0.910109
v -1.415956 -0.003222 0.753779
v -1.332584 0.027453 0.637752
v -1.188056 0.007307 0.629993
v -1.067035 -0.051858 0.735049
v -1.040413 -0.115384 0.891378
v -1.272554 -0.253628 0.978888
v -1.12559 -0.261418 0.980964
v -1.400874 -0.202931 0.858625
v -1.435381 -0.139024 0.690624
v -1.355861 -0.099342 0.573298
v -1.208897 -0.107132 0.575374
v -1.080578 -0.157829 0.695637
v -1.046071 -0.221737 0.863638
v -1.270329 -0.386801 0.925627
v -1.125641 -0.379666 0.93199
v -1.397005 -0.349946 0.803726
v -1.431464 -0.290689 0.637695
v -1.35352 -0.243743 0.524793
v -1.208831 -0.236608 0.531157
v -1.082155 -0.273463 0.653057
v -1.047696 -0.332719 0.819088
v -1.251616 -0.528379 0.868667
v -1.110844 -0.506687 0.87922
v -1.375317 -0.504301 0.745492
v -1.409486 -0.448558 0.581849
v -1.334107 -0.393803 0.473597
v -1.193335 -0.372112 0.48415
v -1.069633 -0.39619 0.607325
v -1.035464 -0.451933 0.770968
v -1.214684 -0.674663 0.808083
v -1.079379 -0.639172 0.8227
v -1.334319 -0.662045 0.684007
v -1.368202 -0.608708 0.523155
v -1.296486 -0.545897 0.419751
v -1.161181 -0.510405 0.434368
v -1.041547 -0.523024 0.558444
v -1.007663 -0.576361 0.719296
v -1.158795 -0.821708 0.743917
v -1.030306 -0.773537 0.762434
v -1.273585 -0.819018 0.619346
v -1.307434 -0.767042 0.461692
v -1.240513 -0.696228 0.363306
v -1.112023 -0.648057 0.381823
v -0.997234 -0.650747 0.506394
v -0.963385 -0.702723 0.664048
v -1.084279 -0.96558 0.676174
v -0.96365 -0.906161 0.698369
v -1.19383 -0.971143 0.55156
v -1.22813 -0.91959 0.397525
v -1.167087 -0.841122 0.3043
v -1.046458 -0.781703 0.326495
v -0.936907 -0.77614 0.451109
v -0.902607 -0.827692 0.605145
v -0.992524 -1.102645 0.6048
v -0.88041 -1.033638 0.630381
v -1.096869 -1.11473 0.480665
v -1.132321 -1.062816 0.330694
v -1.078112 -0.977311 0.242737
v -0.965997 -0.908305 0.268318
v -0.861652 -0.896219 0.392453
v -0.826201 -0.948134 0.542424
v -0.885504 -1.223362 0.519411
v -0.788655 -1.151414 0.546159
v -0.978794 -1.239221 0.404209
v -1.013876 -1.189701 0.268036
v -0.9702 -1.103811 0.19066
v -0.87335 -1.031864 0.217408
v -0.780061 -1.016005 0.33261
v -0.744979 -1.065524 0.468783
v -0.767908 -1.326542 0.423889
v -0.689261 -1.257914 0.449496
v -0.847155 -1.343335 0.323751
v -0.880581 -1.298456 0.20774
v -0.848606 -1.218194 0.143816
v -0.769959 -1.149566 0.169423
v -0.690712 -1.132773 0.269561
v -0.657286 -1.177652 0.385572
v -0.644409 -1.415035 0.325044
v -0.581931 -1.352537 0.348273
v -0.710962 -1.431058 0.240837
v -0.742605 -1.39122 0.144981
v -0.720801 -1.318858 0.093626
v -0.658324 -1.25636 0.116855
v -0.591771 -1.240337 0.201061
v -0.560128 -1.280174 0.296917
v -0.519433 -1.488735 0.222567
v -0.471033 -1.434544 0.24224
v -0.574387 -1.502892 0.154993
v -0.603703 -1.468721 0.079101
v -0.590208 -1.406239 0.039348
v -0.541808 -1.352047 0.059021
v -0.486854 -1.33789 0.126595
v -0.457538 -1.372061 0.202487
v -0.405739 -1.546687 0.103396
v -0.372958 -1.501574 0.113262
v -0.441434 -1.560293 0.065486
v -0.459134 -1.53442 0.02174
v -0.44847 -1.484225 -0.002217
v -0.415689 -1.439111 0.007649
v -0.379994 -1.425506 0.045559
v -0.362294 -1.451379 0.089305
v -0.307484 -1.591154 -0.024313
v -0.291764 -1.555687 -0.027601
v -0.316048 -1.605403 -0.02595
v -0.312438 -1.590086 -0.031554
v -0.298771 -1.554176 -0.037841
v -0.283051 -1.518709 -0.041129
v -0.274487 -1.50446 -0.039492
v -0.278096 -1.519777 -0.033888
v 1.122484 0.196688 0.902835
v 1.074213 0.151047 0.951723
v 1.052036 0.109046 1.019157
v 1.068943 0.095288 1.065634
v 1.11503 0.117833 1.063929
v 1.1633 0.163474 1.01504
v 1.185478 0.205475 0.947607
v 1.168571 0.219233 0.90113
v 1.26571 0.137669 0.909721
v 1.22273 0.155222 0.833009
v 1.241287 0.086364 1.009344
v 1.163767 0.031359 1.07352
v 1.07856 0.004877 1.064657
v 1.03558 0.022429 0.987945
v 1.060004 0.073734 0.888322
v 1.137524 0.128739 0.824145
v 1.343053 0.047439 0.86566
v 1.273072 0.072871 0.760169
v 1.316262 -0.012262 0.997706
v 1.208392 -0.071261 1.078957
v 1.082634 -0.094996 1.061816
v 1.012653 -0.069565 0.956324
v 1.039444 -0.009863 0.824278
v 1.147313 0.049135 0.743028
v 1.392739 -0.062848 0.803225
v 1.315987 -0.026435 0.682785
v 1.355117 -0.129839 0.962679
v 1.22516 -0.188164 1.067742
v 1.078996 -0.203658 1.056869
v 1.002244 -0.167244 0.936429
v 1.039866 -0.100254 0.776975
v 1.169823 -0.041928 0.671912
v 1.409269 -0.192509 0.740696
v 1.33688 -0.147813 0.618814
v 1.363052 -0.259333 0.912165
v 1.225303 -0.309142 1.032778
v 1.076712 -0.312758 1.03188
v 1.004323 -0.268063 0.909998
v 1.050539 -0.201238 0.738529
v 1.188289 -0.151429 0.617917
v 1.402465 -0.336918 0.688553
v 1.331656 -0.285836 0.57101
v 1.356621 -0.398365 0.85825
v 1.220979 -0.434181 0.980695
v 1.074996 -0.423387 0.984162
v 1.004187 -0.372305 0.866619
v 1.050031 -0.310858 0.696922
v 1.185673 -0.275042 0.574477
v 1.378977 -0.486685 0.633501
v 1.31062 -0.42873 0.520521
v 1.333796 -0.543867 0.80101
v 1.201543 -0.566781 0.924924
v 1.05969 -0.542004 0.932655
v 0.991332 -0.484049 0.819675
v 1.036514 -0.426866 0.652165
v 1.168767 -0.403952 0.528252
v 1.337792 -0.63838 0.575616
v 1.272849 -0.573316 0.467395
v 1.293331 -0.692405 0.74053
v 1.165511 -0.703746 0.865531
v 1.029207 -0.665758 0.877397
v 0.964264 -0.600694 0.769176
v 1.008725 -0.546668 0.604263
v 1.136545 -0.535328 0.479261
v 1.278795 -0.788442 0.514982
v 1.218259 -0.71629 0.411692
v 1.234875 -0.840377 0.676885
v 1.112227 -0.841671 0.802559
v 0.982695 -0.791567 0.818388
v 0.922159 -0.719415 0.715098
v 0.966079 -0.667481 0.553196
v 1.088728 -0.666187 0.427521
v 1.20282 -0.933431 0.451668
v 1.147644 -0.854464 0.353455
v 1.159029 -0.984254 0.610129
v 1.041925 -0.977162 0.736012
v 0.920105 -0.916308 0.755577
v 0.864929 -0.837341 0.657364
v 0.90872 -0.786517 0.498903
v 1.025824 -0.79361 0.37302
v 1.111603 -1.07027 0.38572
v 1.062642 -0.984994 0.292694
v 1.067317 -1.120832 0.540282
v 0.955726 -1.10706 0.66584
v 0.842199 -1.037022 0.688845
v 0.793237 -0.951746 0.595819
v 0.837523 -0.901185 0.441257
v 0.949114 -0.914957 0.315699
v 0.998188 -1.192175 0.323935
v 0.958784 -1.107049 0.241744
v 0.955511 -1.23992 0.464553
v 0.855752 -1.222316 0.581226
v 0.757349 -1.149674 0.605609
v 0.717944 -1.064548 0.523418
v 0.760622 -1.016803 0.382799
v 0.860381 -1.034408 0.266126
v 0.869939 -1.297581 0.264544
v 0.841151 -1.218354 0.19631
v 0.830454 -1.340528 0.384604
v 0.745824 -1.322037 0.486162
v 0.665625 -1.25294 0.509725
v 0.636837 -1.173713 0.441492
v 0.676322 -1.130766 0.321432
v 0.760952 -1.149257 0.219874
v 0.736706 -1.388715 0.202756
v 0.717162 -1.317447 0.147646
v 0.700434 -1.426651 0.302213
v 0.629594 -1.409032 0.387756
v 0.565682 -1.346179 0.409275
v 0.546137 -1.274911 0.354165
v 0.582409 -1.236976 0.254708
v 0.653249 -1.254595 0.169165
v 0.601688 -1.46616 0.137922
v 0.589706 -1.404675 0.095017
v 0.569037 -1.498619 0.216915
v 0.51088 -1.483039 0.285723
v 0.461285 -1.428546 0.30404
v 0.449303 -1.367062 0.261136
v 0.481954 -1.334602 0.182143
v 0.540111 -1.350182 0.113335
v 0.459125 -1.532806 0.082131
v 0.449195 -1.483287 0.055859
v 0.439739 -1.557586 0.127999
v 0.402393 -1.543111 0.166592
v 0.368964 -1.49786 0.175303
v 0.359035 -1.448341 0.14903
v 0.378421 -1.423561 0.103163
v 0.415766 -1.438036 0.06457
v 0.312678 -1.590139 0.028261
v 0.299563 -1.55428 0.020629
v 0.315824 -1.605388 0.034441
v 0.307157 -1.591095 0.035548
v 0.291755 -1.555633 0.030934
v 0.27864 -1.519774 0.023301
v 0.275494 -1.504524 0.017121
v 0.284161 -1.518817 0.016014
v -1.264639 -0.369757 0.519624
v -1.274074 -0.341296 0.452683
v -1.313505 -0.320905 0.394291
v -1.359835 -0.320529 0.378654
v -1.385923 -0.340388 0.414932
v -1.376488 -0.368849 0.481873
v -1.337057 -0.38924 0.540265
v -1.290728 -0.389616 0.555902
v -1.346606 -0.502642 0.529131
v -1.261681 -0.492526 0.545648
v -1.409787 -0.478884 0.451935
v -1.414213 -0.43517 0.35928
v -1.357291 -0.397107 0.305441
v -1.272366 -0.386992 0.321958
v -1.209185 -0.410749 0.399154
v -1.204759 -0.454463 0.49181
v -1.347678 -0.620828 0.512324
v -1.225486 -0.595503 0.531696
v -1.434358 -0.59553 0.415681
v -1.434749 -0.534429 0.29838
v -1.348622 -0.473317 0.229133
v -1.22643 -0.447992 0.248505
v -1.13975 -0.47329 0.345148
v -1.139359 -0.534391 0.462449
v -1.318239 -0.73258 0.48518
v -1.181761 -0.697934 0.514071
v -1.419235 -0.703214 0.366512
v -1.425587 -0.627038 0.227582
v -1.333574 -0.548675 0.149774
v -1.197096 -0.514029 0.178665
v -1.0961 -0.543395 0.297333
v -1.089748 -0.619571 0.436263
v -1.27128 -0.831723 0.439007
v -1.137399 -0.792132 0.475927
v -1.375757 -0.800507 0.309022
v -1.389627 -0.716771 0.162115
v -1.304767 -0.629565 0.084342
v -1.170885 -0.589974 0.121262
v -1.066409 -0.62119 0.251247
v -1.052538 -0.704927 0.398154
v -1.221813 -0.922953 0.376529
v -1.093232 -0.876644 0.416156
v -1.324226 -0.895089 0.248213
v -1.340477 -0.809374 0.106373
v -1.261047 -0.71602 0.034097
v -1.132466 -0.669711 0.073724
v -1.030053 -0.697575 0.20204
v -1.013802 -0.783289 0.34388
v -1.164379 -1.010805 0.310833
v -1.041511 -0.958274 0.353193
v -1.26463 -0.986123 0.184209
v -1.283539 -0.898688 0.047494
v -1.210028 -0.799717 -0.019224
v -1.087161 -0.747186 0.023136
v -0.986909 -0.771867 0.149761
v -0.968001 -0.859303 0.286475
v -1.099036 -1.094453 0.242013
v -0.982239 -1.036251 0.287101
v -1.19707 -1.07275 0.117133
v -1.218915 -0.983855 -0.014386
v -1.151774 -0.879842 -0.075502
v -1.034977 -0.821639 -0.030414
v -0.936942 -0.843342 0.094466
v -0.915098 -0.932237 0.225985
v -1.025957 -1.173049 0.170164
v -0.915522 -1.109769 0.217941
v -1.121766 -1.154098 0.047113
v -1.146826 -1.064018 -0.079132
v -1.086457 -0.955575 -0.134618
v -0.976023 -0.892295 -0.086841
v -0.880214 -0.911246 0.036211
v -0.855154 -1.001327 0.162456
v -0.949455 -1.242195 0.101172
v -0.847295 -1.172974 0.152984
v -1.039033 -1.229321 -0.023382
v -1.063556 -1.141894 -0.147715
v -1.008657 -1.031129 -0.198996
v -0.906497 -0.961908 -0.147185
v -0.816918 -0.974782 -0.022631
v -0.792396 -1.062208 0.101703
v -0.861663 -1.308399 0.030216
v -0.766498 -1.235199 0.084414
v -0.949059 -1.297785 -0.092242
v -0.977491 -1.209575 -0.211227
v -0.930304 -1.095441 -0.257039
v -0.83514 -1.022242 -0.202841
v -0.747744 -1.032856 -0.080383
v -0.719312 -1.121066 0.038602
v -0.767061 -1.3578 -0.05022
v -0.684561 -1.286134 0.002667
v -0.84699 -1.349777 -0.162782
v -0.877526 -1.266766 -0.269083
v -0.840782 -1.157392 -0.306853
v -0.758282 -1.085725 -0.253966
v -0.678353 -1.093748 -0.141404
v -0.647817 -1.17676 -0.035103
v -0.667975 -1.392014 -0.136871
v -0.600906 -1.326397 -0.088392
v -0.737033 -1.386527 -0.234231
v -0.767626 -1.313151 -0.323439
v -0.741832 -1.214868 -0.352238
v -0.674763 -1.149252 -0.303759
v -0.605705 -1.154739 -0.206399
v -0.575112 -1.228115 -0.117191
v -0.565901 -1.416481 -0.224803
v -0.512965 -1.358191 -0.181581
v -0.624272 -1.413119 -0.306786
v -0.653885 -1.350073 -0.379505
v -0.637393 -1.264276 -0.400361
v -0.584457 -1.205986 -0.357139
v -0.526086 -1.209348 -0.275156
v -0.496473 -1.272394 -0.202438
v -0.461873 -1.430793 -0.313947
v -0.421705 -1.380898 -0.276822
v -0.509665 -1.429216 -0.380442
v -0.537085 -1.377089 -0.437356
v -0.52807 -1.304948 -0.451349
v -0.487901 -1.255053 -0.414224
v -0.440109 -1.25663 -0.347728
v -0.41269 -1.308757 -0.290815
v -0.364208 -1.42983 -0.415216
v -0.338395 -1.387191 -0.389542
v -0.394218 -1.434565 -0.455242
v -0.410846 -1.398624 -0.486174
v -0.404352 -1.343058 -0.489892
v -0.378539 -1.300419 -0.464219
v -0.348529 -1.295684 -0.424193
v -0.331901 -1.331626 -0.393261
v -0.272846 -1.41524 -0.524261
v -0.262438 -1.379282 -0.513582
v -0.278997 -1.428993 -0.531266
v -0.277285 -1.412485 -0.530492
v -0.268715 -1.375386 -0.522394
v -0.258307 -1.339428 -0.511715
v -0.252157 -1.325675 -0.504711
v -0.253868 -1.342183 -0.505484
v 1.278139 -0.428989 0.412494
v 1.2326 -0.448536 0.478428
v 1.216108 -0.478689 0.553408
v 1.238323 -0.501785 0.593512
v 1.286233 -0.504293 0.575247
v 1.331771 -0.484746 0.509313
v 1.348263 -0.454593 0.434333
v 1.326048 -0.431498 0.39423
v 1.371392 -0.547858 0.37724
v 1.320957 -0.50322 0.318046
v 1.35655 -0.595645 0.480436
v 1.285123 -0.61859 0.567185
v 1.198954 -0.603251 0.58667
v 1.148519 -0.558613 0.527476
v 1.163362 -0.510826 0.42428
v 1.234788 -0.487881 0.337531
v 1.388185 -0.642106 0.315251
v 1.311505 -0.571268 0.239261
v 1.373656 -0.709993 0.445245
v 1.276428 -0.73516 0.553095
v 1.153457 -0.702865 0.575623
v 1.076776 -0.632027 0.499633
v 1.091305 -0.56414 0.369639
v 1.188533 -0.538973 0.261789
v 1.378096 -0.725099 0.243308
v 1.297727 -0.635864 0.157866
v 1.353983 -0.810221 0.39661
v 1.239514 -0.841368 0.52797
v 1.101743 -0.800292 0.560439
v 1.021374 -0.711057 0.474998
v 1.045487 -0.625935 0.321696
v 1.159956 -0.594788 0.190336
v 1.342574 -0.802761 0.177873
v 1.270241 -0.704997 0.092414
v 1.308933 -0.896647 0.339295
v 1.189024 -0.931657 0.482121
v 1.053089 -0.887283 0.522686
v 0.980756 -0.789518 0.437228
v 1.014397 -0.695633 0.275806
v 1.134306 -0.660623 0.132979
v 1.294332 -0.883047 0.123371
v 1.227444 -0.779885 0.043853
v 1.25804 -0.979198 0.278652
v 1.139827 -1.012015 0.418734
v 1.00894 -0.962273 0.461559
v 0.942052 -0.859112 0.382041
v 0.978344 -0.762961 0.22676
v 1.096557 -0.730144 0.086678
v 1.240265 -0.959836 0.065536
v 1.179083 -0.851969 -0.008068
v 1.201252 -1.057652 0.214802
v 1.084897 -1.088117 0.352295
v 0.95936 -1.033385 0.397471
v 0.898179 -0.925517 0.323868
v 0.937192 -0.827701 0.174601
v 1.053547 -0.797236 0.037109
v 1.180281 -1.032816 0.004475
v 1.125032 -0.920916 -0.063264
v 1.138509 -1.131738 0.147867
v 1.024185 -1.159736 0.282916
v 0.904278 -1.100408 0.330511
v 0.849029 -0.988508 0.262772
v 0.890802 -0.889585 0.11938
v 1.005126 -0.861588 -0.015669
v 1.114306 -1.101615 -0.05969
v 1.065186 -0.986335 -0.121633
v 1.069755 -1.201136 0.077966
v 0.957628 -1.2266 0.210699
v 0.84361 -1.16309 0.260754
v 0.794489 -1.04781 0.198811
v 0.839041 -0.948289 0.061155
v 0.951167 -0.922825 -0.071578
v 1.042293 -1.165806 -0.126835
v 0.999473 -1.047775 -0.183061
v 0.994946 -1.265469 0.005209
v 0.885168 -1.288382 0.135724
v 0.777265 -1.221125 0.188254
v 0.734445 -1.103094 0.132029
v 0.781792 -1.003431 -1.6e-05
v 0.89157 -0.980517 -0.13053
v 0.959355 -1.228608 -0.19498
v 0.921181 -1.109818 -0.247464
v 0.913883 -1.32443 -0.063993
v 0.811402 -1.341152 0.068766
v 0.711944 -1.268979 0.125529
v 0.67377 -1.150189 0.073045
v 0.719242 -1.054367 -0.057942
v 0.821723 -1.037645 -0.190701
v 0.866487 -1.279359 -0.252335
v 0.837214 -1.166403 -0.296364
v 0.821056 -1.368711 -0.134749
v 0.727533 -1.38212 -0.012486
v 0.640704 -1.311729 0.042833
v 0.611431 -1.198773 -0.001195
v 0.656862 -1.10942 -0.118782
v 0.750384 -1.096012 -0.241044
v 0.762651 -1.32143 -0.305914
v 0.742565 -1.220552 -0.34029
v 0.72 -1.399744 -0.206587
v 0.639596 -1.409618 -0.100494
v 0.568538 -1.34527 -0.049782
v 0.548452 -1.244392 -0.084159
v 0.591104 -1.166078 -0.183486
v 0.671508 -1.156203 -0.289579
v 0.654001 -1.355902 -0.361232
v 0.641673 -1.268241 -0.386959
v 0.615035 -1.4227 -0.279585
v 0.547603 -1.429506 -0.189847
v 0.491204 -1.372333 -0.144584
v 0.478877 -1.284672 -0.170312
v 0.517842 -1.217874 -0.251958
v 0.585274 -1.211068 -0.341697
v 0.540811 -1.382169 -0.418296
v 0.534683 -1.308689 -0.436402
v 0.506514 -1.43708 -0.353735
v 0.451884 -1.441256 -0.280539
v 0.408921 -1.392252 -0.241585
v 0.402793 -1.318772 -0.259692
v 0.437089 -1.263861 -0.324253
v 0.49172 -1.259684 -0.397449
v 0.415104 -1.404833 -0.464836
v 0.410033 -1.348496 -0.471271
v 0.394884 -1.442322 -0.429067
v 0.361218 -1.439001 -0.384917
v 0.333827 -1.396817 -0.358248
v 0.328757 -1.340479 -0.364683
v 0.348976 -1.302991 -0.400452
v 0.382642 -1.306311 -0.444602
v 0.279281 -1.421112 -0.505541
v 0.270761 -1.383834 -0.498202
v 0.280732 -1.437801 -0.505643
v 0.274264 -1.424124 -0.498451
v 0.263667 -1.388092 -0.488176
v 0.255148 -1.350814 -0.480837
v 0.253697 -1.334125 -0.480734
v 0.260164 -1.347802 -0.487927
v -0.016789 0.748218 1.273973
v -0.084191 0.756577 1.257887
v -0.157631 0.789161 1.257887
v -0.209059 0.833524 1.273973
v -0.218829 0.872722 1.3
v -0.183211 0.891782 1.326027
v -0.115809 0.883423 1.342113
v -0.042369 0.850839 1.342113
v 0.009059 0.806476 1.326027
v 0.018829 0.767278 1.3
v 0.00089 0.694643 1.479073
v 0.015123 0.643943 1.439873
v -0.070894 0.750368 1.507279
v -0.172811 0.789833 1.513718
v -0.265931 0.797964 1.49593
v -0.314686 0.771654 1.46071
v -0.300453 0.720955 1.42151
v -0.228668 0.66523 1.393304
v -0.126752 0.625765 1.386865
v -0.033632 0.617634 1.404653
v 0.0209 0.584598 1.595018
v 0.040084 0.529304 1.535827
v -0.072403 0.640452 1.646947
v -0.204188 0.675532 1.671779
v -0.324117 0.676438 1.660029
v -0.386381 0.642825 1.616184
v -0.367198 0.58753 1.556993
v -0.273894 0.531676 1.505064
v -0.14211 0.496596 1.480232
v -0.022181 0.49569 1.491983
v 0.061249 0.473957 1.683091
v 0.083821 0.420013 1.600945
v -0.051177 0.520916 1.763283
v -0.210515 0.542954 1.810889
v -0.355904 0.531652 1.807726
v -0.431809 0.491328 1.755002
v -0.409238 0.437384 1.672856
v -0.296811 0.390425 1.592665
v -0.137473 0.368387 1.545058
v 0.007916 0.379689 1.548221
v 0.117136 0.361576 1.747736
v 0.140677 0.31476 1.641534
v -0.010813 0.391554 1.857487
v -0.1943 0.393243 1.928865
v -0.363237 0.365998 1.934607
v -0.453097 0.320226 1.872519
v -0.429556 0.273409 1.766316
v -0.301606 0.243431 1.656566
v -0.11812 0.241742 1.585187
v 0.050817 0.268987 1.579446
v 0.167878 0.240858 1.79403
v 0.188506 0.207802 1.671492
v 0.035882 0.247768 1.924194
v -0.157064 0.225892 2.012265
v -0.337262 0.183586 2.024604
v -0.435882 0.137009 1.956497
v -0.415255 0.103952 1.833958
v -0.283258 0.097042 1.703794
v -0.090312 0.118918 1.615723
v 0.089886 0.161225 1.603385
v 0.194834 0.101305 1.826583
v 0.209029 0.085385 1.704561
v 0.075539 0.086659 1.957439
v -0.103289 0.047042 2.047145
v -0.273344 -0.002414 2.061437
v -0.36967 -0.042819 1.994856
v -0.355475 -0.058739 1.872833
v -0.23618 -0.044094 1.741978
v -0.057352 -0.004477 1.652272
v 0.112702 0.04498 1.63798
v 0.230506 -0.050535 1.842048
v 0.238732 -0.051966 1.723177
v 0.122775 -0.081367 1.969685
v -0.04331 -0.132684 2.057336
v -0.204311 -0.184887 2.071521
v -0.298732 -0.218034 2.006823
v -0.290506 -0.219465 1.887952
v -0.182775 -0.188633 1.760315
v -0.01669 -0.137316 1.672664
v 0.144311 -0.085113 1.658479
v 0.271217 -0.212864 1.839226
v 0.274301 -0.202253 1.725304
v 0.173469 -0.255066 1.96135
v 0.018392 -0.312737 2.045029
v -0.134778 -0.363851 2.058301
v -0.227537 -0.388884 1.996095
v -0.224453 -0.378273 1.882173
v -0.126705 -0.336072 1.760049
v 0.028372 -0.2784 1.67637
v 0.181542 -0.227286 1.663099
v 0.312768 -0.383718 1.817526
v 0.311669 -0.363159 1.709722
v 0.223404 -0.433242 1.933013
v 0.077711 -0.492814 2.01207
v -0.068661 -0.53968 2.0245
v -0.159803 -0.555938 1.965555
v -0.160902 -0.535378 1.857751
v -0.071538 -0.485854 1.742264
v 0.074154 -0.426282 1.663207
v 0.220527 -0.379417 1.650777
v 0.326103 -0.568054 1.778443
v 0.322583 -0.542438 1.688821
v 0.252336 -0.615827 1.875017
v 0.129458 -0.667511 1.941658
v 0.004403 -0.703364 1.952909
v -0.075061 -0.70969 1.904473
v -0.078582 -0.684075 1.814852
v -0.004814 -0.636301 1.718277
v 0.118064 -0.584617 1.651637
v 0.243119 -0.548765 1.640386
v 0.31819 -0.757585 1.722497
v 0.314137 -0.732386 1.656336
v 0.262955 -0.796786 1.794792
v 0.169531 -0.835015 1.845607
v 0.073603 -0.857671 1.855532
v 0.011811 -0.856098 1.820777
v 0.007758 -0.830899 1.754617
v 0.062992 -0.791698 1.682322
v 0.156416 -0.753469 1.631507
v 0.252345 -0.730813 1.621581
v 0.296605 -0.944949 1.650731
v 0.293211 -0.924085 1.607025
v 0.259157 -0.972788 1.699581
v 0.195171 -0.996966 1.734916
v 0.129087 -1.00825 1.743239
v 0.086148 -1.002329 1.721371
v 0.082754 -0.981465 1.677665
v 0.120202 -0.953626 1.628816
v 0.184188 -0.929448 1.593481
v 0.250271 -0.918164 1.585158
v 0.257368 -1.12684 1.565401
v 0.255302 -1.113801 1.542785
v 0.237516 -1.141882 1.591455
v 0.203329 -1.153181 1.610996
v 0.167864 -1.156423 1.616559
v 0.144669 -1.150368 1.606019
v 0.142603 -1.137329 1.583403
v 0.162455 -1.122287 1.557349
v 0.196642 -1.110988 1.537809
v 0.232106 -1.107746 1.532246
v 0.197336 -1.299992 1.469285
v 0.196674 -1.297964 1.466087
v 0.195195 -1.302022 1.472755
v 0.19107 -1.30328 1.475174
v 0.186537 -1.303286 1.475616
v 0.183326 -1.302036 1.473913
v 0.182664 -1.300008 1.470715
v 0.184805 -1.297978 1.467245
v 0.18893 -1.29672 1.464826
v 0.193463 -1.296714 1.464384
v -1.162006 0.5997 0.549847
v -1.158102 0.615875 0.478409
v -1.181514 0.646538 0.416024
v -1.218527 0.673727 0.399236
v -1.24746 0.681515 0.43788
v -1.251364 0.66534 0.509317
v -1.227952 0.634677 0.571702
v -1.190939 0.607488 0.58849
v -1.301089 0.559997 0.584652
v -1.230027 0.517883 0.602479
v -1.34221 0.603052 0.50162
v -1.3293 0.621827 0.402021
v -1.269923 0.605323 0.3442
v -1.198861 0.563209 0.362027
v -1.15774 0.520155 0.44506
v -1.17065 0.50138 0.544658
v -1.371312 0.476301 0.59577
v -1.264148 0.423924 0.615609
v -1.43137 0.529186 0.49155
v -1.409141 0.551598 0.364
v -1.317646 0.530409 0.287836
v -1.210482 0.478031 0.307675
v -1.150424 0.425147 0.411895
v -1.172653 0.402735 0.539446
v -1.416795 0.377866 0.599879
v -1.292583 0.326211 0.628138
v -1.488225 0.435319 0.471666
v -1.465031 0.464913 0.318605
v -1.360799 0.449314 0.230356
v -1.236587 0.397659 0.258615
v -1.165156 0.340206 0.386828
v -1.188351 0.310612 0.539889
v -1.444497 0.274903 0.586669
v -1.318082 0.23093 0.62175
v -1.51946 0.330074 0.445852
v -1.499059 0.364124 0.281788
v -1.395243 0.357107 0.190584
v -1.268828 0.313135 0.225665
v -1.193865 0.257964 0.366482
v -1.214267 0.223914 0.530546
v -1.467852 0.172915 0.558997
v -1.340939 0.138379 0.59497
v -1.543465 0.221362 0.41978
v -1.523485 0.25534 0.25887
v -1.419616 0.254946 0.170525
v -1.292703 0.22041 0.206498
v -1.21709 0.171963 0.345715
v -1.23707 0.137985 0.506625
v -1.484108 0.068385 0.531335
v -1.35739 0.043083 0.568119
v -1.559904 0.110148 0.393751
v -1.540378 0.143909 0.23596
v -1.436969 0.14989 0.150396
v -1.310251 0.124587 0.18718
v -1.234455 0.082824 0.324765
v -1.253981 0.049064 0.482555
v -1.49315 -0.037783 0.503968
v -1.367289 -0.054188 0.541461
v -1.568663 -0.00258 0.368064
v -1.549594 0.0308 0.213359
v -1.447114 0.042803 0.130477
v -1.321253 0.026399 0.16797
v -1.24574 -0.008804 0.303874
v -1.264808 -0.042184 0.458579
v -1.495073 -0.144698 0.477176
v -1.370672 -0.152667 0.515257
v -1.569856 -0.115858 0.343013
v -1.551213 -0.083042 0.191357
v -1.450065 -0.065472 0.111047
v -1.325665 -0.073441 0.149127
v -1.250882 -0.102281 0.283291
v -1.269525 -0.135097 0.434946
v -1.490177 -0.251525 0.451236
v -1.367759 -0.251636 0.489769
v -1.563809 -0.228788 0.318882
v -1.545523 -0.196744 0.170238
v -1.44603 -0.174165 0.092378
v -1.323612 -0.174276 0.13091
v -1.249979 -0.197013 0.263264
v -1.268266 -0.229057 0.411908
v -1.478946 -0.357528 0.426416
v -1.358935 -0.350463 0.465258
v -1.551048 -0.340579 0.295947
v -1.533005 -0.309545 0.150277
v -1.435387 -0.282606 0.074739
v -1.315377 -0.275541 0.113581
v -1.243275 -0.292489 0.24405
v -1.261318 -0.323523 0.38972
v -1.457143 -0.459434 0.393286
v -1.347097 -0.446774 0.429774
v -1.523 -0.448671 0.272973
v -1.506089 -0.42079 0.139314
v -1.416317 -0.392123 0.070604
v -1.306271 -0.379463 0.107092
v -1.240414 -0.390226 0.227405
v -1.257324 -0.418107 0.361064
v -1.427238 -0.557433 0.355373
v -1.331988 -0.541519 0.387522
v -1.483799 -0.552166 0.250899
v -1.468539 -0.528803 0.135301
v -1.390397 -0.50103 0.076294
v -1.295146 -0.485116 0.108443
v -1.238585 -0.490383 0.212917
v -1.253845 -0.513746 0.328515
v -1.393306 -0.65321 0.319373
v -1.312659 -0.635944 0.346878
v -1.440604 -0.652086 0.230976
v -1.426846 -0.633232 0.13347
v -1.360092 -0.60769 0.083972
v -1.279445 -0.590425 0.111477
v -1.232148 -0.591548 0.199873
v -1.245905 -0.610403 0.297379
v -1.356151 -0.747001 0.285518
v -1.289806 -0.730074 0.308122
v -1.39434 -0.748735 0.213418
v -1.382003 -0.73426 0.134058
v -1.326366 -0.712055 0.093925
v -1.26002 -0.695127 0.116529
v -1.221831 -0.693393 0.188629
v -1.234169 -0.707868 0.267989
v -1.318721 -0.838454 0.240301
v -1.267221 -0.822959 0.252089
v -1.345893 -0.84266 0.198471
v -1.332822 -0.833116 0.151101
v -1.287163 -0.815411 0.125941
v -1.235664 -0.799917 0.137729
v -1.208491 -0.79571 0.179559
v -1.221563 -0.805254 0.226929
v -1.280429 -0.929477 0.188509
v -1.243779 -0.916725 0.185435
v -1.296085 -0.934643 0.18645
v -1.281575 -0.929198 0.180463
v -1.245399 -0.91633 0.174057
v -1.208748 -0.903578 0.170983
v -1.193093 -0.898412 0.173042
v -1.207603 -0.903858 0.179028
v 1.181514 0.646538 0.416024
v 1.158102 0.615875 0.478409
v 1.162006 0.5997 0.549847
v 1.190939 0.607488 0.58849
v 1.227952 0.634677 0.571702
v 1.251364 0.66534 0.509317
v 1.24746 0.681515 0.43788
v 1.218527 0.673727 0.399236
v 1.3293 0.621827 0.402021
v 1.269923 0.605323 0.3442
v 1.34221 0.603052 0.50162
v 1.301089 0.559997 0.584652
v 1.230027 0.517883 0.602479
v 1.17065 0.50138 0.544658
v 1.15774 0.520155 0.44506
v 1.198861 0.563209 0.362027
v 1.409141 0.551598 0.364
v 1.317646 0.530409 0.287836
v 1.43137 0.529186 0.49155
v 1.371312 0.476301 0.59577
v 1.264148 0.423924 0.615609
v 1.172653 0.402735 0.539446
v 1.150424 0.425147 0.411895
v 1.210482 0.478031 0.307675
v 1.465031 0.464913 0.318605
v 1.360799 0.449314 0.230356
v 1.488225 0.435319 0.471666
v 1.416795 0.377866 0.599879
v 1.292583 0.326211 0.628138
v 1.188351 0.310612 0.539889
v 1.165156 0.340206 0.386828
v 1.236587 0.397659 0.258615
v 1.499059 0.364124 0.281788
v 1.395243 0.357107 0.190584
v 1.51946 0.330074 0.445852
v 1.444497 0.274903 0.586669
v 1.318082 0.23093 0.62175
v 1.214267 0.223914 0.530546
v 1.193865 0.257964 0.366482
v 1.268828 0.313135 0.225665
v 1.523485 0.25534 0.25887
v 1.419616 0.254946 0.170525
v 1.543465 0.221362 0.41978
v 1.467852 0.172915 0.558997
v 1.340939 0.138379 0.59497
v 1.23707 0.137985 0.506625
v 1.21709 0.171963 0.345715
v 1.292703 0.22041 0.206498
v 1.540378 0.143909 0.23596
v 1.436969 0.14989 0.150396
v 1.559904 0.110148 0.393751
v 1.484108 0.068385 0.531335
v 1.35739 0.043083 0.568119
v 1.253981 0.049064 0.482555
v 1.234455 0.082824 0.324765
v 1.310251 0.124587 0.18718
v 1.549594 0.0308 0.213359
v 1.447114 0.042803 0.130477
v 1.568663 -0.00258 0.368064
v 1.49315 -0.037783 0.503968
v 1.367289 -0.054188 0.541461
v 1.264808 -0.042184 0.458579
v 1.24574 -0.008804 0.303874
v 1.321253 0.026399 0.16797
v 1.551213 -0.083042 0.191357
v 1.450065 -0.065472 0.111047
v 1.569856 -0.115858 0.343013
v 1.495073 -0.144698 0.477176
v 1.370672 -0.152667 0.515257
v 1.269525 -0.135097 0.434946
v 1.250882 -0.102281 0.283291
v 1.325665 -0.073441 0.149127
v 1.545523 -0.196744 0.170238
v 1.44603 -0.174165 0.092378
v 1.563809 -0.228788 0.318882
v 1.490177 -0.251525 0.451236
v 1.367759 -0.251636 0.489769
v 1.268266 -0.229057 0.411908
v 1.249979 -0.197013 0.263264
v 1.323612 -0.174276 0.13091
v 1.533005 -0.309545 0.150277
v 1.435387 -0.282606 0.074739
v 1.551048 -0.340579 0.295947
v 1.478946 -0.357528 0.426416
v 1.358935 -0.350463 0.465258
v 1.261318 -0.323523 0.38972
v 1.243275 -0.292489 0.24405
v 1.315377 -0.275541 0.113581
v 1.506089 -0.42079 0.139314
v 1.416317 -0.392123 0.070604
v 1.523 -0.448671 0.272973
v 1.457143 -0.459434 0.393286
v 1.347097 -0.446774 0.429774
v 1.257324 -0.418107 0.361064
v 1.240414 -0.390226 0.227405
v 1.306271 -0.379463 0.107092
v 1.468539 -0.528803 0.135301
v 1.390397 -0.50103 0.076294
v 1.483799 -0.552166 0.250899
v 1.427238 -0.557433 0.355373
v 1.331988 -0.541519 0.387522
v 1.253845 -0.513746 0.328515
v 1.238585 -0.490383 0.212917
v 1.295146 -0.485116 0.108443
v 1.426846 -0.633232 0.13347
v 1.360092 -0.60769 0.083972
v 1.440604 -0.652086 0.230976
v 1.393306 -0.65321 0.319373
v 1.312659 -0.635944 0.346878
v 1.245905 -0.610403 0.297379
v 1.232148 -0.591548 0.199873
v 1.279445 -0.590425 0.111477
v 1.382003 -0.73426 0.134058
v 1.326366 -0.712055 0.093925
v 1.39434 -0.748735 0.213418
v 1.356151 -0.747001 0.285518
v 1.289806 -0.730074 0.308122
v 1.234169 -0.707868 0.267989
v 1.221831 -0.693393 0.188629
v 1.26002 -0.695127 0.116529
v 1.332822 -0.833116 0.151101
v 1.287163 -0.815411 0.125941
v 1.345893 -0.84266 0.198471
v 1.318721 -0.838454 0.240301
v 1.267221 -0.822959 0.252089
v 1.221563 -0.805254 0.226929
v 1.208491 -0.79571 0.179559
v 1.235664 -0.799917 0.137729
v 1.281575 -0.929198 0.180463
v 1.245399 -0.91633 0.174057
v 1.296085 -0.934643 0.18645
v 1.280429 -0.929477 0.188509
v 1.243779 -0.916725 0.185435
v 1.207603 -0.903858 0.179028
v 1.193093 -0.898412 0.173042
v 1.208748 -0.903578 0.170983
v -1.188839 -0.612046 0.379369
v -1.199755 -0.585012 0.31538
v -1.238897 -0.571798 0.258477
v -1.283338 -0.580145 0.241995
v -1.307045 -0.605163 0.275587
v -1.296129 -0.632197 0.339576
v -1.256987 -0.645411 0.396479
v -1.212546 -0.637065 0.412961
v -1.213505 -0.790366 0.358787
v -1.146988 -0.769442 0.381794
v -1.269249 -0.776725 0.280932
v -1.281567 -0.73651 0.193834
v -1.243243 -0.693277 0.148516
v -1.176726 -0.672353 0.171522
v -1.120982 -0.685994 0.249378
v -1.108664 -0.72621 0.336475
v -1.152965 -0.933757 0.315173
v -1.066938 -0.896563 0.346859
v -1.224388 -0.921062 0.215581
v -1.239368 -0.865916 0.106423
v -1.18913 -0.800622 0.051642
v -1.103102 -0.763429 0.083328
v -1.031679 -0.776123 0.18292
v -1.016699 -0.831269 0.292078
v -1.064706 -1.062486 0.264503
v -0.973062 -1.015946 0.308326
v -1.146445 -1.047462 0.14204
v -1.170399 -0.979676 0.012674
v -1.122535 -0.898835 -0.047814
v -1.030892 -0.852296 -0.003991
v -0.949152 -0.867319 0.118473
v -0.925198 -0.935106 0.247838
v -0.960872 -1.17017 0.19764
v -0.873722 -1.119725 0.249879
v -1.045323 -1.153219 0.064029
v -1.077607 -1.078804 -0.072688
v -1.038811 -0.990514 -0.132423
v -0.951661 -0.94007 -0.080185
v -0.86721 -0.95702 0.053426
v -0.834926 -1.031436 0.190143
v -0.852682 -1.259636 0.115936
v -0.772449 -1.204635 0.171201
v -0.934814 -1.244351 -0.015824
v -0.970732 -1.167734 -0.146895
v -0.939397 -1.074667 -0.200498
v -0.859164 -1.019666 -0.145232
v -0.777032 -1.034951 -0.013473
v -0.741114 -1.111568 0.117598
v -0.737266 -1.333814 0.03259
v -0.663667 -1.27551 0.090502
v -0.818168 -1.319297 -0.096523
v -0.85898 -1.240462 -0.221205
v -0.835796 -1.143491 -0.268418
v -0.762196 -1.085186 -0.210506
v -0.681294 -1.099703 -0.081393
v -0.640482 -1.178538 0.043289
v -0.618346 -1.391494 -0.052
v -0.550951 -1.330979 0.008205
v -0.698966 -1.37728 -0.17781
v -0.745586 -1.296663 -0.295527
v -0.730896 -1.196867 -0.336194
v -0.663501 -1.136352 -0.275989
v -0.582881 -1.150566 -0.150179
v -0.536261 -1.231183 -0.032462
v -0.499451 -1.432503 -0.137253
v -0.437601 -1.370735 -0.075189
v -0.580848 -1.418366 -0.259014
v -0.63411 -1.336605 -0.369148
v -0.628037 -1.235114 -0.403139
v -0.566187 -1.173346 -0.341076
v -0.48479 -1.187483 -0.219315
v -0.431528 -1.269244 -0.109181
v -0.38402 -1.457426 -0.222628
v -0.326851 -1.395177 -0.159237
v -0.467315 -1.443404 -0.339485
v -0.527943 -1.361325 -0.441355
v -0.53039 -1.259269 -0.468564
v -0.473221 -1.197019 -0.405172
v -0.389926 -1.211041 -0.288315
v -0.329297 -1.293121 -0.186445
v -0.27521 -1.467505 -0.30766
v -0.221701 -1.405315 -0.243588
v -0.361546 -1.453924 -0.418605
v -0.430134 -1.372526 -0.511434
v -0.440797 -1.270994 -0.531769
v -0.387288 -1.208803 -0.467697
v -0.300952 -1.222385 -0.356752
v -0.232363 -1.303782 -0.263923
v -0.180244 -1.457321 -0.396607
v -0.132321 -1.398475 -0.336446
v -0.265057 -1.445998 -0.493923
v -0.337078 -1.371138 -0.571388
v -0.354118 -1.276592 -0.583623
v -0.306196 -1.217746 -0.523462
v -0.221382 -1.229069 -0.426146
v -0.149361 -1.30393 -0.348681
v -0.101971 -1.431647 -0.485894
v -0.060562 -1.378168 -0.433087
v -0.181224 -1.424111 -0.564876
v -0.251894 -1.359974 -0.623765
v -0.272585 -1.276808 -0.628067
v -0.231175 -1.223329 -0.57526
v -0.151923 -1.230865 -0.496278
v -0.081252 -1.295002 -0.437389
v -0.039757 -1.39799 -0.571478
v -0.004121 -1.349672 -0.526855
v -0.112361 -1.394929 -0.632223
v -0.179403 -1.342283 -0.673507
v -0.20161 -1.27089 -0.671147
v -0.165974 -1.222572 -0.626524
v -0.09337 -1.225633 -0.565779
v -0.026329 -1.278279 -0.524495
v 0.005034 -1.359103 -0.652769
v 0.035107 -1.315638 -0.616958
v -0.059162 -1.361003 -0.6958
v -0.119877 -1.320224 -0.720844
v -0.141544 -1.260654 -0.713231
v -0.111472 -1.217189 -0.67742
v -0.047276 -1.21529 -0.634388
v 0.013439 -1.256069 -0.609344
v 0.019074 -1.315082 -0.733437
v 0.038044 -1.275175 -0.70848
v -0.021867 -1.324566 -0.755632
v -0.060795 -1.298073 -0.762063
v -0.074908 -1.251121 -0.748963
v -0.055938 -1.211214 -0.724006
v -0.014997 -1.20173 -0.701812
v 0.023931 -1.228223 -0.69538
v 0.003716 -1.273053 -0.804817
v 0.006293 -1.237652 -0.788841
v -0.000512 -1.287392 -0.811966
v -0.003915 -1.272271 -0.806102
v -0.0045 -1.236547 -0.790658
v -0.001923 -1.201146 -0.774682
v 0.002306 -1.186806 -0.767533
v 0.005709 -1.201927 -0.773397
v -1.237782 -0.624125 0.065942
v -1.231408 -0.600446 3.8e-05
v -1.25397 -0.590934 -0.065879
v -1.292252 -0.601161 -0.093197
v -1.323828 -0.625137 -0.065912
v -1.330202 -0.648817 -8e-06
v -1.30764 -0.658328 0.065909
v -1.269358 -0.648101 0.093226
v -1.255892 -0.800933 0.047155
v -1.197516 -0.778614 0.0857
v -1.290315 -0.789623 -0.042523
v -1.280621 -0.75131 -0.130802
v -1.232488 -0.708437 -0.165969
v -1.174112 -0.686118 -0.127423
v -1.139689 -0.697428 -0.037745
v -1.149383 -0.735741 0.050533
v -1.187696 -0.941 0.022105
v -1.11171 -0.903509 0.073179
v -1.233879 -0.928226 -0.091407
v -1.223206 -0.872669 -0.200863
v -1.161928 -0.806874 -0.242144
v -1.085941 -0.769383 -0.19107
v -1.039758 -0.782157 -0.077558
v -1.050432 -0.837714 0.031897
v -1.092731 -1.06551 -0.007679
v -1.012823 -1.020283 0.055992
v -1.146201 -1.047286 -0.144475
v -1.141911 -0.976285 -0.274263
v -1.082374 -0.894099 -0.321014
v -1.002466 -0.848872 -0.257343
v -0.948995 -0.867096 -0.120547
v -0.953285 -0.938097 0.00924
v -0.981168 -1.167974 -0.053278
v -0.90597 -1.120447 0.017113
v -1.037697 -1.144873 -0.200051
v -1.042442 -1.064678 -0.337228
v -0.992625 -0.974365 -0.384453
v -0.917426 -0.926838 -0.314062
v -0.860898 -0.949938 -0.167289
v -0.856152 -1.030133 -0.030112
v -0.864549 -1.25124 -0.115262
v -0.79508 -1.200449 -0.04377
v -0.922189 -1.227625 -0.2583
v -0.934235 -1.143436 -0.389094
v -0.893632 -1.047992 -0.431027
v -0.824163 -0.997201 -0.359535
v -0.766523 -1.020816 -0.216497
v -0.754477 -1.105005 -0.085703
v -0.743347 -1.318675 -0.179622
v -0.67938 -1.265516 -0.107148
v -0.802752 -1.29448 -0.318588
v -0.822796 -1.207103 -0.442642
v -0.791739 -1.107728 -0.479115
v -0.727772 -1.054569 -0.406642
v -0.668367 -1.078764 -0.267676
v -0.648322 -1.166141 -0.143621
v -0.620728 -1.369822 -0.245807
v -0.56182 -1.315128 -0.172546
v -0.68265 -1.345101 -0.380285
v -0.711312 -1.255446 -0.497205
v -0.689925 -1.153376 -0.528077
v -0.631016 -1.098682 -0.454816
v -0.569094 -1.123403 -0.320338
v -0.540432 -1.213058 -0.203418
v -0.499886 -1.404916 -0.313291
v -0.445392 -1.349408 -0.239523
v -0.565151 -1.379875 -0.44277
v -0.602954 -1.288954 -0.552112
v -0.59115 -1.185413 -0.577266
v -0.536656 -1.129906 -0.503497
v -0.471391 -1.154947 -0.374018
v -0.433588 -1.245868 -0.264676
v -0.383862 -1.424831 -0.381595
v -0.332957 -1.369069 -0.307696
v -0.453347 -1.399857 -0.505443
v -0.50071 -1.308776 -0.606692
v -0.498206 -1.204942 -0.626032
v -0.447301 -1.14918 -0.552133
v -0.377815 -1.174155 -0.428285
v -0.330452 -1.265236 -0.327036
v -0.275392 -1.430984 -0.450307
v -0.227102 -1.37532 -0.376784
v -0.350016 -1.406675 -0.567727
v -0.407259 -1.316632 -0.660262
v -0.413591 -1.213602 -0.673705
v -0.365301 -1.157938 -0.600182
v -0.290677 -1.182247 -0.482762
v -0.233433 -1.27229 -0.390227
v -0.180671 -1.417565 -0.523565
v -0.136696 -1.364738 -0.455342
v -0.256313 -1.396597 -0.62667
v -0.319311 -1.314117 -0.704259
v -0.332763 -1.21844 -0.710882
v -0.288788 -1.165613 -0.642659
v -0.213147 -1.186581 -0.539555
v -0.150148 -1.269062 -0.461965
v -0.102574 -1.389531 -0.598074
v -0.063825 -1.34118 -0.53871
v -0.175237 -1.373979 -0.682062
v -0.23925 -1.303635 -0.741475
v -0.257114 -1.219705 -0.74151
v -0.218365 -1.171355 -0.682147
v -0.145701 -1.186907 -0.598159
v -0.081689 -1.257251 -0.538745
v -0.040571 -1.3546 -0.670044
v -0.006484 -1.310422 -0.620224
v -0.108816 -1.345213 -0.735046
v -0.171241 -1.28776 -0.777153
v -0.191278 -1.215896 -0.771699
v -0.15719 -1.171718 -0.721879
v -0.088946 -1.181105 -0.656877
v -0.026521 -1.238558 -0.614771
v 0.004212 -1.315354 -0.739
v 0.033665 -1.274958 -0.699293
v -0.05754 -1.31267 -0.785433
v -0.115417 -1.268479 -0.811391
v -0.135515 -1.208666 -0.80167
v -0.106062 -1.16827 -0.761963
v -0.044311 -1.170954 -0.71553
v 0.013566 -1.215145 -0.689572
v 0.018776 -1.271128 -0.809074
v 0.037899 -1.232924 -0.781687
v -0.021504 -1.278384 -0.833231
v -0.059346 -1.250442 -0.840007
v -0.072582 -1.203669 -0.825434
v -0.053459 -1.165465 -0.798047
v -0.013179 -1.158209 -0.77389
v 0.024662 -1.186152 -0.767113
v 0.003661 -1.229851 -0.871086
v 0.006563 -1.194974 -0.854047
v -0.000684 -1.243899 -0.878727
v -0.003927 -1.22889 -0.872496
v -0.004169 -1.193615 -0.856042
v -0.001267 -1.158739 -0.839003
v 0.003078 -1.144691 -0.831361
v 0.006322 -1.1597 -0.837593
v -1.22404 -0.605078 -0.250322
v -1.199757 -0.584981 -0.313179
v -1.203701 -0.578716 -0.383107
v -1.233561 -0.589952 -0.419141
v -1.271846 -0.612107 -0.400174
v -1.296129 -0.632204 -0.337316
v -1.292185 -0.63847 -0.267389
v -1.262325 -0.627234 -0.231355
v -1.243725 -0.777278 -0.266565
v -1.196423 -0.754992 -0.215015
v -1.254269 -0.767585 -0.36222
v -1.221876 -0.731592 -0.445946
v -1.165523 -0.690382 -0.468699
v -1.11822 -0.668096 -0.417149
v -1.107677 -0.677789 -0.321494
v -1.14007 -0.713782 -0.237767
v -1.178296 -0.913831 -0.272385
v -1.115623 -0.877985 -0.204744
v -1.196349 -0.90003 -0.393483
v -1.159207 -0.844666 -0.497099
v -1.088628 -0.780171 -0.522537
v -1.025955 -0.744325 -0.454896
v -1.007902 -0.758126 -0.333798
v -1.045044 -0.81349 -0.230182
v -1.086228 -1.03529 -0.280742
v -1.021082 -0.993446 -0.200181
v -1.108472 -1.012853 -0.425331
v -1.074784 -0.939278 -0.549251
v -1.004898 -0.857664 -0.57991
v -0.939752 -0.815819 -0.49935
v -0.917508 -0.838256 -0.35476
v -0.951196 -0.911832 -0.230841
v -0.975214 -1.134686 -0.3042
v -0.914484 -1.092016 -0.218413
v -1.001054 -1.104476 -0.458119
v -0.976865 -1.019082 -0.590006
v -0.916819 -0.928527 -0.622604
v -0.856088 -0.885856 -0.536816
v -0.830249 -0.916066 -0.382897
v -0.854437 -1.00146 -0.25101
v -0.857229 -1.214211 -0.345118
v -0.800683 -1.169309 -0.25966
v -0.887613 -1.181603 -0.494629
v -0.874036 -1.090586 -0.620611
v -0.824452 -0.994477 -0.649265
v -0.767906 -0.949575 -0.563808
v -0.737522 -0.982183 -0.414297
v -0.751099 -1.0732 -0.288315
v -0.735777 -1.277943 -0.38936
v -0.683234 -1.231429 -0.304237
v -0.771135 -1.243455 -0.534226
v -0.768597 -1.148168 -0.653976
v -0.72965 -1.0479 -0.678461
v -0.677107 -1.001387 -0.593338
v -0.641748 -1.035875 -0.448471
v -0.644286 -1.131161 -0.328722
v -0.613894 -1.325747 -0.436358
v -0.564982 -1.278208 -0.351644
v -0.654715 -1.289924 -0.576287
v -0.663531 -1.191724 -0.689463
v -0.635179 -1.088671 -0.709589
v -0.586267 -1.041132 -0.624875
v -0.545446 -1.076955 -0.484946
v -0.53663 -1.175155 -0.37177
v -0.494566 -1.35811 -0.48558
v -0.448727 -1.31005 -0.401428
v -0.54139 -1.321557 -0.6202
v -0.561768 -1.221801 -0.72643
v -0.543765 -1.117279 -0.742042
v -0.497925 -1.069219 -0.65789
v -0.451102 -1.105772 -0.52327
v -0.430723 -1.205528 -0.41704
v -0.380578 -1.376083 -0.536541
v -0.337081 -1.327873 -0.453201
v -0.434001 -1.339497 -0.665374
v -0.466057 -1.239546 -0.76423
v -0.457967 -1.13478 -0.775202
v -0.41447 -1.08657 -0.691862
v -0.361047 -1.123156 -0.56303
v -0.328991 -1.223107 -0.464173
v -0.274386 -1.381174 -0.588829
v -0.232343 -1.333009 -0.50668
v -0.335075 -1.345387 -0.711236
v -0.378859 -1.246612 -0.802195
v -0.38009 -1.14271 -0.808425
v -0.338047 -1.094545 -0.726275
v -0.277358 -1.130332 -0.603869
v -0.233574 -1.229107 -0.512909
v -0.181149 -1.367134 -0.646355
v -0.141994 -1.321188 -0.570627
v -0.245561 -1.335692 -0.754312
v -0.297498 -1.245282 -0.831256
v -0.306537 -1.148864 -0.832116
v -0.267382 -1.102919 -0.756388
v -0.20297 -1.13436 -0.648432
v -0.151033 -1.22477 -0.571487
v -0.103897 -1.339027 -0.706135
v -0.068491 -1.296552 -0.640518
v -0.168197 -1.314579 -0.7947
v -0.223723 -1.23753 -0.854333
v -0.23795 -1.153014 -0.850102
v -0.202543 -1.110539 -0.784485
v -0.138244 -1.134987 -0.69592
v -0.082718 -1.212036 -0.636287
v -0.042381 -1.30476 -0.764645
v -0.010313 -1.265364 -0.709733
v -0.104837 -1.28814 -0.833882
v -0.161094 -1.225239 -0.876885
v -0.178199 -1.152905 -0.868465
v -0.146131 -1.11351 -0.813553
v -0.083675 -1.13013 -0.744316
v -0.027418 -1.19303 -0.701313
v 0.002459 -1.266724 -0.821518
v 0.031073 -1.229912 -0.777905
v -0.055861 -1.258593 -0.871609
v -0.109725 -1.210282 -0.898834
v -0.127579 -1.150091 -0.887246
v -0.098965 -1.11328 -0.843633
v -0.040645 -1.12141 -0.793542
v 0.013219 -1.169721 -0.766317
v 0.018031 -1.223294 -0.881496
v 0.037405 -1.187042 -0.851736
v -0.021264 -1.227807 -0.907845
v -0.05746 -1.197938 -0.915347
v -0.069356 -1.151182 -0.899609
v -0.049981 -1.11493 -0.869849
v -0.010687 -1.110416 -0.8435
v 0.02551 -1.140286 -0.835998
v 0.003572 -1.183331 -0.934915
v 0.007005 -1.148885 -0.917117
v -0.000965 -1.197101 -0.942942
v -0.003948 -1.182128 -0.936498
v -0.003629 -1.147183 -0.919355
v -0.000196 -1.112736 -0.901558
v 0.004341 -1.098967 -0.89353
v 0.007324 -1.11394 -0.899975
v 1.238897 -0.571798 0.258477
v 1.199755 -0.585012 0.31538
v 1.188839 -0.612046 0.379369
v 1.212546 -0.637065 0.412961
v 1.256987 -0.645411 0.396479
v 1.296129 -0.632197 0.339576
v 1.307045 -0.605163 0.275587
v 1.283338 -0.580145 0.241995
v 1.281567 -0.73651 0.193834
v 1.243243 -0.693277 0.148516
v 1.269249 -0.776725 0.280932
v 1.213505 -0.790366 0.358787
v 1.146988 -0.769442 0.381794
v 1.108664 -0.72621 0.336475
v 1.120982 -0.685994 0.249378
v 1.176726 -0.672353 0.171522
v 1.239368 -0.865916 0.106423
v 1.18913 -0.800622 0.051642
v 1.224388 -0.921062 0.215581
v 1.152965 -0.933757 0.315173
v 1.066938 -0.896563 0.346859
v 1.016699 -0.831269 0.292078
v 1.031679 -0.776123 0.18292
v 1.103102 -0.763429 0.083328
v 1.170399 -0.979676 0.012674
v 1.122535 -0.898835 -0.047814
v 1.146445 -1.047462 0.14204
v 1.064706 -1.062486 0.264503
v 0.973062 -1.015946 0.308326
v 0.925198 -0.935106 0.247838
v 0.949152 -0.867319 0.118473
v 1.030892 -0.852296 -0.003991
v 1.077607 -1.078804 -0.072688
v 1.038811 -0.990514 -0.132423
v 1.045323 -1.153219 0.064029
v 0.960872 -1.17017 0.19764
v 0.873722 -1.119725 0.249879
v 0.834926 -1.031436 0.190143
v 0.86721 -0.95702 0.053426
v 0.951661 -0.94007 -0.080185
v 0.970732 -1.167734 -0.146895
v 0.939397 -1.074667 -0.200498
v 0.934814 -1.244351 -0.015824
v 0.852682 -1.259636 0.115936
v 0.772449 -1.204635 0.171201
v 0.741114 -1.111568 0.117598
v 0.777032 -1.034951 -0.013473
v 0.859164 -1.019666 -0.145232
v 0.85898 -1.240462 -0.221205
v 0.835796 -1.143491 -0.268418
v 0.818168 -1.319297 -0.096523
v 0.737266 -1.333814 0.03259
v 0.663667 -1.27551 0.090502
v 0.640482 -1.178538 0.043289
v 0.681294 -1.099703 -0.081393
v 0.762196 -1.085186 -0.210506
v 0.745586 -1.296663 -0.295527
v 0.730896 -1.196867 -0.336194
v 0.698966 -1.37728 -0.17781
v 0.618346 -1.391494 -0.052
v 0.550951 -1.330979 0.008205
v 0.536261 -1.231183 -0.032462
v 0.582881 -1.150566 -0.150179
v 0.663501 -1.136352 -0.275989
v 0.63411 -1.336605 -0.369148
v 0.628037 -1.235114 -0.403139
v 0.580848 -1.418366 -0.259014
v 0.499451 -1.432503 -0.137253
v 0.437601 -1.370735 -0.075189
v 0.431528 -1.269244 -0.109181
v 0.48479 -1.187483 -0.219315
v 0.566187 -1.173346 -0.341076
v 0.527943 -1.361325 -0.441355
v 0.53039 -1.259269 -0.468564
v 0.467315 -1.443404 -0.339485
v 0.38402 -1.457426 -0.222628
v 0.326851 -1.395177 -0.159237
v 0.329297 -1.293121 -0.186445
v 0.389926 -1.211041 -0.288315
v 0.473221 -1.197019 -0.405172
v 0.430134 -1.372526 -0.511434
v 0.440797 -1.270994 -0.531769
v 0.361546 -1.453924 -0.418605
v 0.27521 -1.467505 -0.30766
v 0.221701 -1.405315 -0.243588
v 0.232363 -1.303782 -0.263923
v 0.300952 -1.222385 -0.356752
v 0.387288 -1.208803 -0.467697
v 0.337078 -1.371138 -0.571388
v 0.354118 -1.276592 -0.583623
v 0.265057 -1.445998 -0.493923
v 0.180244 -1.457321 -0.396607
v 0.132321 -1.398475 -0.336446
v 0.149361 -1.30393 -0.348681
v 0.221382 -1.229069 -0.426146
v 0.306196 -1.217746 -0.523462
v 0.251894 -1.359974 -0.623765
v 0.272585 -1.276808 -0.628067
v 0.181224 -1.424111 -0.564876
v 0.101971 -1.431647 -0.485894
v 0.060562 -1.378168 -0.433087
v 0.081252 -1.295002 -0.437389
v 0.151923 -1.230865 -0.496278
v 0.231175 -1.223329 -0.57526
v 0.179403 -1.342283 -0.673507
v 0.20161 -1.27089 -0.671147
v 0.112361 -1.394929 -0.632223
v 0.039757 -1.39799 -0.571478
v 0.004121 -1.349672 -0.526855
v 0.026329 -1.278279 -0.524495
v 0.09337 -1.225633 -0.565779
v 0.165974 -1.222572 -0.626524
v 0.119877 -1.320224 -0.720844
v 0.141544 -1.260654 -0.713231
v 0.059162 -1.361003 -0.6958
v -0.005034 -1.359103 -0.652769
v -0.035107 -1.315638 -0.616958
v -0.013439 -1.256069 -0.609344
v 0.047276 -1.21529 -0.634388
v 0.111472 -1.217189 -0.67742
v 0.060795 -1.298073 -0.762063
v 0.074908 -1.251121 -0.748963
v 0.021867 -1.324566 -0.755632
v -0.019074 -1.315082 -0.733437
v -0.038044 -1.275175 -0.70848
v -0.023931 -1.228223 -0.69538
v 0.014997 -1.20173 -0.701812
v 0.055938 -1.211214 -0.724006
v 0.003915 -1.272271 -0.806102
v 0.0045 -1.236547 -0.790658
v 0.000512 -1.287392 -0.811966
v -0.003716 -1.273053 -0.804817
v -0.006293 -1.237652 -0.788841
v -0.005709 -1.201927 -0.773397
v -0.002306 -1.186806 -0.767533
v 0.001923 -1.201146 -0.774682
v 1.25397 -0.590934 -0.065879
v 1.231408 -0.600446 3.8e-05
v 1.237782 -0.624125 0.065942
v 1.269358 -0.648101 0.093226
v 1.30764 -0.658328 0.065909
v 1.330202 -0.648817 -8e-06
v 1.323828 -0.625137 -0.065912
v 1.292252 -0.601161 -0.093197
v 1.280621 -0.75131 -0.130802
v 1.232488 -0.708437 -0.165969
v 1.290315 -0.789623 -0.042523
v 1.255892 -0.800933 0.047155
v 1.197516 -0.778614 0.0857
v 1.149383 -0.735741 0.050533
v 1.139689 -0.697428 -0.037745
v 1.174112 -0.686118 -0.127423
v 1.223206 -0.872669 -0.200863
v 1.161928 -0.806874 -0.242144
v 1.233879 -0.928226 -0.091407
v 1.187696 -0.941 0.022105
v 1.11171 -0.903509 0.073179
v 1.050432 -0.837714 0.031897
v 1.039758 -0.782157 -0.077558
v 1.085941 -0.769383 -0.19107
v 1.141911 -0.976285 -0.274263
v 1.082374 -0.894099 -0.321014
v 1.146201 -1.047286 -0.144475
v 1.092731 -1.06551 -0.007679
v 1.012823 -1.020283 0.055992
v 0.953285 -0.938097 0.00924
v 0.948995 -0.867096 -0.120547
v 1.002466 -0.848872 -0.257343
v 1.042442 -1.064678 -0.337228
v 0.992625 -0.974365 -0.384453
v 1.037697 -1.144873 -0.200051
v 0.981168 -1.167974 -0.053278
v 0.90597 -1.120447 0.017113
v 0.856152 -1.030133 -0.030112
v 0.860898 -0.949938 -0.167289
v 0.917426 -0.926838 -0.314062
v 0.934235 -1.143436 -0.389094
v 0.893632 -1.047992 -0.431027
v 0.922189 -1.227625 -0.2583
v 0.864549 -1.25124 -0.115262
v 0.79508 -1.200449 -0.04377
v 0.754477 -1.105005 -0.085703
v 0.766523 -1.020816 -0.216497
v 0.824163 -0.997201 -0.359535
v 0.822796 -1.207103 -0.442642
v 0.791739 -1.107728 -0.479115
v 0.802752 -1.29448 -0.318588
v 0.743347 -1.318675 -0.179622
v 0.67938 -1.265516 -0.107148
v 0.648322 -1.166141 -0.143621
v 0.668367 -1.078764 -0.267676
v 0.727772 -1.054569 -0.406642
v 0.711312 -1.255446 -0.497205
v 0.689925 -1.153376 -0.528077
v 0.68265 -1.345101 -0.380285
v 0.620728 -1.369822 -0.245807
v 0.56182 -1.315128 -0.172546
v 0.540432 -1.213058 -0.203418
v 0.569094 -1.123403 -0.320338
v 0.631016 -1.098682 -0.454816
v 0.602954 -1.288954 -0.552112
v 0.59115 -1.185413 -0.577266
v 0.565151 -1.379875 -0.44277
v 0.499886 -1.404916 -0.313291
v 0.445392 -1.349408 -0.239523
v 0.433588 -1.245868 -0.264676
v 0.471391 -1.154947 -0.374018
v 0.536656 -1.129906 -0.503497
v 0.50071 -1.308776 -0.606692
v 0.498206 -1.204942 -0.626032
v 0.453347 -1.399857 -0.505443
v 0.383862 -1.424831 -0.381595
v 0.332957 -1.369069 -0.307696
v 0.330452 -1.265236 -0.327036
v 0.377815 -1.174155 -0.428285
v 0.447301 -1.14918 -0.552133
v 0.407259 -1.316632 -0.660262
v 0.413591 -1.213602 -0.673705
v 0.350016 -1.406675 -0.567727
v 0.275392 -1.430984 -0.450307
v 0.227102 -1.37532 -0.376784
v 0.233433 -1.27229 -0.390227
v 0.290677 -1.182247 -0.482762
v 0.365301 -1.157938 -0.600182
v 0.319311 -1.314117 -0.704259
v 0.332763 -1.21844 -0.710882
v 0.256313 -1.396597 -0.62667
v 0.180671 -1.417565 -0.523565
v 0.136696 -1.364738 -0.455342
v 0.150148 -1.269062 -0.461965
v 0.213147 -1.186581 -0.539555
v 0.288788 -1.165613 -0.642659
v 0.23925 -1.303635 -0.741475
v 0.257114 -1.219705 -0.74151
v 0.175237 -1.373979 -0.682062
v 0.102574 -1.389531 -0.598074
v 0.063825 -1.34118 -0.53871
v 0.081689 -1.257251 -0.538745
v 0.145701 -1.186907 -0.598159
v 0.218365 -1.171355 -0.682147
v 0.171241 -1.28776 -0.777153
v 0.191278 -1.215896 -0.771699
v 0.108816 -1.345213 -0.735046
v 0.040571 -1.3546 -0.670044
v 0.006484 -1.310422 -0.620224
v 0.026521 -1.238558 -0.614771
v 0.088946 -1.181105 -0.656877
v 0.15719 -1.171718 -0.721879
v 0.115417 -1.268479 -0.811391
v 0.135515 -1.208666 -0.80167
v 0.05754 -1.31267 -0.785433
v -0.004212 -1.315354 -0.739
v -0.033665 -1.274958 -0.699293
v -0.013566 -1.215145 -0.689572
v 0.044311 -1.170954 -0.71553
v 0.106062 -1.16827 -0.761963
v 0.059346 -1.250442 -0.840007
v 0.072582 -1.203669 -0.825434
v 0.021504 -1.278384 -0.833231
v -0.018776 -1.271128 -0.809074
v -0.037899 -1.232924 -0.781687
v -0.024662 -1.186152 -0.767113
v 0.013179 -1.158209 -0.77389
v 0.053459 -1.165465 -0.798047
v 0.003927 -1.22889 -0.872496
v 0.004169 -1.193615 -0.856042
v 0.000684 -1.243899 -0.878727
v -0.003661 -1.229851 -0.871086
v -0.006563 -1.194974 -0.854047
v -0.006322 -1.1597 -0.837593
v -0.003078 -1.144691 -0.831361
v 0.001267 -1.158739 -0.839003
v 1.203701 -0.578716 -0.383107
v 1.199757 -0.584981 -0.313179
v 1.22404 -0.605078 -0.250322
v 1.262325 -0.627234 -0.231355
v 1.292185 -0.63847 -0.267389
v 1.296129 -0.632204 -0.337316
v 1.271846 -0.612107 -0.400174
v 1.233561 -0.589952 -0.419141
v 1.221876 -0.731592 -0.445946
v 1.165523 -0.690382 -0.468699
v 1.254269 -0.767585 -0.36222
v 1.243725 -0.777278 -0.266565
v 1.196423 -0.754992 -0.215015
v 1.14007 -0.713782 -0.237767
v 1.107677 -0.677789 -0.321494
v 1.11822 -0.668096 -0.417149
v 1.159207 -0.844666 -0.497099
v 1.088628 -0.780171 -0.522537
v 1.196349 -0.90003 -0.393483
v 1.178296 -0.913831 -0.272385
v 1.115623 -0.877985 -0.204744
v 1.045044 -0.81349 -0.230182
v 1.007902 -0.758126 -0.333798
v 1.025955 -0.744325 -0.454896
v 1.074784 -0.939278 -0.549251
v 1.004898 -0.857664 -0.57991
v 1.108472 -1.012853 -0.425331
v 1.086228 -1.03529 -0.280742
v 1.021082 -0.993446 -0.200181
v 0.951196 -0.911832 -0.230841
v 0.917508 -0.838256 -0.35476
v 0.939752 -0.815819 -0.49935
v 0.976865 -1.019082 -0.590006
v 0.916819 -0.928527 -0.622604
v 1.001054 -1.104476 -0.458119
v 0.975214 -1.134686 -0.3042
v 0.914484 -1.092016 -0.218413
v 0.854437 -1.00146 -0.25101
v 0.830249 -0.916066 -0.382897
v 0.856088 -0.885856 -0.536816
v 0.874036 -1.090586 -0.620611
v 0.824452 -0.994477 -0.649265
v 0.887613 -1.181603 -0.494629
v 0.857229 -1.214211 -0.345118
v 0.800683 -1.169309 -0.25966
v 0.751099 -1.0732 -0.288315
v 0.737522 -0.982183 -0.414297
v 0.767906 -0.949575 -0.563808
v 0.768597 -1.148168 -0.653976
v 0.72965 -1.0479 -0.678461
v 0.771135 -1.243455 -0.534226
v 0.735777 -1.277943 -0.38936
v 0.683234 -1.231429 -0.304237
v 0.644286 -1.131161 -0.328722
v 0.641748 -1.035875 -0.448471
v 0.677107 -1.001387 -0.593338
v 0.663531 -1.191724 -0.689463
v 0.635179 -1.088671 -0.709589
v 0.654715 -1.289924 -0.576287
v 0.613894 -1.325747 -0.436358
v 0.564982 -1.278208 -0.351644
v 0.53663 -1.175155 -0.37177
v 0.545446 -1.076955 -0.484946
v 0.586267 -1.041132 -0.624875
v 0.561768 -1.221801 -0.72643
v 0.543765 -1.117279 -0.742042
v 0.54139 -1.321557 -0.6202
v 0.494566 -1.35811 -0.48558
v 0.448727 -1.31005 -0.401428
v 0.430723 -1.205528 -0.41704
v 0.451102 -1.105772 -0.52327
v 0.497925 -1.069219 -0.65789
v 0.466057 -1.239546 -0.76423
v 0.457967 -1.13478 -0.775202
v 0.434001 -1.339497 -0.665374
v 0.380578 -1.376083 -0.536541
v 0.337081 -1.327873 -0.453201
v 0.328991 -1.223107 -0.464173
v 0.361047 -1.123156 -0.56303
v 0.41447 -1.08657 -0.691862
v 0.378859 -1.246612 -0.802195
v 0.38009 -1.14271 -0.808425
v 0.335075 -1.345387 -0.711236
v 0.274386 -1.381174 -0.588829
v 0.232343 -1.333009 -0.50668
v 0.233574 -1.229107 -0.512909
v 0.277358 -1.130332 -0.603869
v 0.338047 -1.094545 -0.726275
v 0.297498 -1.245282 -0.831256
v 0.306537 -1.148864 -0.832116
v 0.245561 -1.335692 -0.754312
v 0.181149 -1.367134 -0.646355
v 0.141994 -1.321188 -0.570627
v 0.151033 -1.22477 -0.571487
v 0.20297 -1.13436 -0.648432
v 0.267382 -1.102919 -0.756388
v 0.223723 -1.23753 -0.854333
v 0.23795 -1.153014 -0.850102
v 0.168197 -1.314579 -0.7947
v 0.103897 -1.339027 -0.706135
v 0.068491 -1.296552 -0.640518
v 0.082718 -1.212036 -0.636287
v 0.138244 -1.134987 -0.69592
v 0.202543 -1.110539 -0.784485
v 0.161094 -1.225239 -0.876885
v 0.178199 -1.152905 -0.868465
v 0.104837 -1.28814 -0.833882
v 0.042381 -1.30476 -0.764645
v 0.010313 -1.265364 -0.709733
v 0.027418 -1.19303 -0.701313
v 0.083675 -1.13013 -0.744316
v 0.146131 -1.11351 -0.813553
v 0.109725 -1.210282 -0.898834
v 0.127579 -1.150091 -0.887246
v 0.055861 -1.258593 -0.871609
v -0.002459 -1.266724 -0.821518
v -0.031073 -1.229912 -0.777905
v -0.013219 -1.169721 -0.766317
v 0.040645 -1.12141 -0.793542
v 0.098965 -1.11328 -0.843633
v 0.05746 -1.197938 -0.915347
v 0.069356 -1.151182 -0.899609
v 0.021264 -1.227807 -0.907845
v -0.018031 -1.223294 -0.881496
v -0.037405 -1.187042 -0.851736
v -0.02551 -1.140286 -0.835998
v 0.010687 -1.110416 -0.8435
v 0.049981 -1.11493 -0.869849
v 0.003948 -1.182128 -0.936498
v 0.003629 -1.147183 -0.919355
v 0.000965 -1.197101 -0.942942
v -0.003572 -1.183331 -0.934915
v -0.007005 -1.148885 -0.917117
v -0.007324 -1.11394 -0.899975
v -0.004341 -1.098967 -0.89353
v 0.000196 -1.112736 -0.901558
v -0.78 1.12 1.45
v -0.653453 1.12 1.427686
v -0.659646 1.144309 1.427686
v -0.677621 1.166238 1.427686
v -0.705617 1.183641 1.427686
v -0.740895 1.194815 1.427686
v -0.78 1.198665 1.427686
v -0.819105 1.194815 1.427686
v -0.854383 1.183641 1.427686
v -0.882379 1.166238 1.427686
v -0.900354 1.144309 1.427686
v -0.906547 1.12 1.427686
v -0.900354 1.095691 1.427686
v -0.882379 1.073762 1.427686
v -0.854383 1.056359 1.427686
v -0.819105 1.045185 1.427686
v -0.78 1.041335 1.427686
v -0.740895 1.045185 1.427686
v -0.705617 1.056359 1.427686
v -0.677621 1.073762 1.427686
v -0.659646 1.095691 1.427686
v -0.542169 1.12 1.363436
v -0.553809 1.165685 1.363436
v -0.58759 1.206899 1.363436
v -0.640206 1.239606 1.363436
v -0.706506 1.260605 1.363436
v -0.78 1.267841 1.363436
v -0.853494 1.260605 1.363436
v -0.919794 1.239606 1.363436
v -0.97241 1.206899 1.363436
v -1.006191 1.165685 1.363436
v -1.017831 1.12 1.363436
v -1.006191 1.074315 1.363436
v -0.97241 1.033101 1.363436
v -0.919794 1.000394 1.363436
v -0.853494 0.979395 1.363436
v -0.78 0.972159 1.363436
v -0.706506 0.979395 1.363436
v -0.640206 1.000394 1.363436
v -0.58759 1.033101 1.363436
v -0.553809 1.074315 1.363436
v -0.459571 1.12 1.265
v -0.475254 1.181552 1.265
v -0.520767 1.237079 1.265
v -0.591656 1.281145 1.265
v -0.680982 1.309437 1.265
v -0.78 1.319186 1.265
v -0.879018 1.309437 1.265
v -0.968344 1.281145 1.265
v -1.039233 1.237079 1.265
v -1.084746 1.181552 1.265
v -1.100429 1.12 1.265
v -1.084746 1.058448 1.265
v -1.039233 1.002921 1.265
v -0.968344 0.958855 1.265
v -0.879018 0.930563 1.265
v -0.78 0.920814 1.265
v -0.680982 0.930563 1.265
v -0.591656 0.958855 1.265
v -0.520767 1.002921 1.265
v -0.475254 1.058448 1.265
v -0.415621 1.12 1.14425
v -0.433455 1.189994 1.14425
v -0.485211 1.253137 1.14425
v -0.565823 1.303247 1.14425
v -0.667401 1.33542 1.14425
v -0.78 1.346506 1.14425
v -0.892599 1.33542 1.14425
v -0.994177 1.303247 1.14425
v -1.074789 1.253137 1.14425
v -1.126545 1.189994 1.14425
v -1.144379 1.12 1.14425
v -1.126545 1.050006 1.14425
v -1.074789 0.986863 1.14425
v -0.994177 0.936753 1.14425
v -0.892599 0.90458 1.14425
v -0.78 0.893494 1.14425
v -0.667401 0.90458 1.14425
v -0.565823 0.936753 1.14425
v -0.485211 0.986863 1.14425
v -0.433455 1.050006 1.14425
v -0.415621 1.12 1.01575
v -0.433455 1.189994 1.01575
v -0.485211 1.253137 1.01575
v -0.565823 1.303247 1.01575
v -0.667401 1.33542 1.01575
v -0.78 1.346506 1.01575
v -0.892599 1.33542 1.01575
v -0.994177 1.303247 1.01575
v -1.074789 1.253137 1.01575
v -1.126545 1.189994 1.01575
v -1.144379 1.12 1.01575
v -1.126545 1.050006 1.01575
v -1.074789 0.986863 1.01575
v -0.994177 0.936753 1.01575
v -0.892599 0.90458 1.01575
v -0.78 0.893494 1.01575
v -0.667401 0.90458 1.01575
v -0.565823 0.936753 1.01575
v -0.485211 0.986863 1.01575
v -0.433455 1.050006 1.01575
v -0.459571 1.12 0.895
v -0.475254 1.181552 0.895
v -0.520767 1.237079 0.895
v -0.591656 1.281145 0.895
v -0.680982 1.309437 0.895
v -0.78 1.319186 0.895
v -0.879018 1.309437 0.895
v -0.968344 1.281145 0.895
v -1.039233 1.237079 0.895
v -1.084746 1.181552 0.895
v -1.100429 1.12 0.895
v -1.084746 1.058448 0.895
v -1.039233 1.002921 0.895
v -0.968344 0.958855 0.895
v -0.879018 0.930563 0.895
v -0.78 0.920814 0.895
v -0.680982 0.930563 0.895
v -0.591656 0.958855 0.895
v -0.520767 1.002921 0.895
v -0.475254 1.058448 0.895
v -0.542169 1.12 0.796564
v -0.553809 1.165685 0.796564
v -0.58759 1.206899 0.796564
v -0.640206 1.239606 0.796564
v -0.706506 1.260605 0.796564
v -0.78 1.267841 0.796564
v -0.853494 1.260605 0.796564
v -0.919794 1.239606 0.796564
v -0.97241 1.206899 0.796564
v -1.006191 1.165685 0.796564
v -1.017831 1.12 0.796564
v -1.006191 1.074315 0.796564
v -0.97241 1.033101 0.796564
v -0.919794 1.000394 0.796564
v -0.853494 0.979395 0.796564
v -0.78 0.972159 0.796564
v -0.706506 0.979395 0.796564
v -0.640206 1.000394 0.796564
v -0.58759 1.033101 0.796564
v -0.553809 1.074315 0.796564
v -0.653453 1.12 0.732314
v -0.659646 1.144309 0.732314
v -0.677621 1.166238 0.732314
v -0.705617 1.183641 0.732314
v -0.740895 1.194815 0.732314
v -0.78 1.198665 0.732314
v -0.819105 1.194815 0.732314
v -0.854383 1.183641 0.732314
v -0.882379 1.166238 0.732314
v -0.900354 1.144309 0.732314
v -0.906547 1.12 0.732314
v -0.900354 1.095691 0.732314
v -0.882379 1.073762 0.732314
v -0.854383 1.056359 0.732314
v -0.819105 1.045185 0.732314
v -0.78 1.041335 0.732314
v -0.740895 1.045185 0.732314
v -0.705617 1.056359 0.732314
v -0.677621 1.073762 0.732314
v -0.659646 1.095691 0.732314
v -0.78 1.12 0.71
v -0.444871 1.298832 1.084437
v -0.478781 1.298832 1.075769
v -0.49571 1.32308 1.071332
v -0.478729 1.347328 1.075563
v -0.444819 1.347328 1.084231
v -0.42789 1.32308 1.088668
v -0.461761 1.347622 1.150358
v -0.445191 1.323373 1.155988
v -0.494968 1.347622 1.1393
v -0.511605 1.323373 1.133873
v -0.495036 1.299125 1.139503
v -0.461828 1.299125 1.150561
v -0.488026 1.347915 1.21362
v -0.472441 1.323667 1.221581
v -0.519293 1.347915 1.197892
v -0.534975 1.323667 1.190125
v -0.51939 1.299418 1.198085
v -0.488123 1.299418 1.213814
v -0.524095 1.348208 1.27357
v -0.510965 1.32396 1.285139
v -0.550504 1.348208 1.250601
v -0.563781 1.32396 1.2392
v -0.55065 1.299711 1.250769
v -0.524242 1.299711 1.273739
v -0.577324 1.348501 1.316347
v -0.56751 1.324253 1.330837
v -0.597138 1.348501 1.287496
v -0.607138 1.324253 1.273134
v -0.597324 1.300005 1.287624
v -0.577509 1.300005 1.316475
v -0.63374 1.348795 1.34938
v -0.626119 1.324546 1.365133
v -0.649187 1.348795 1.317973
v -0.657013 1.324546 1.302319
v -0.649391 1.300298 1.318073
v -0.633944 1.300298 1.34948
v -0.695766 1.349088 1.374249
v -0.69228 1.32484 1.391399
v -0.702967 1.349088 1.339998
v -0.706682 1.32484 1.322897
v -0.703196 1.300591 1.340046
v -0.695995 1.300591 1.374298
v -0.76089 1.349381 1.376156
v -0.761815 1.325133 1.393632
v -0.759275 1.349381 1.341193
v -0.758587 1.325133 1.323706
v -0.759512 1.300884 1.341182
v -0.761126 1.300884 1.376145
v -0.822708 1.349674 1.368811
v -0.826147 1.325426 1.38597
v -0.816066 1.349674 1.334447
v -0.812863 1.325426 1.317242
v -0.816302 1.301178 1.334402
v -0.822944 1.301178 1.368766
v -0.884141 1.349968 1.352014
v -0.891721 1.325719 1.367788
v -0.869206 1.349968 1.320361
v -0.86185 1.325719 1.304482
v -0.86943 1.301471 1.320256
v -0.884365 1.301471 1.351909
v -0.934658 1.350261 1.316039
v -0.945954 1.326013 1.329405
v -0.912258 1.350261 1.289146
v -0.901154 1.326013 1.275619
v -0.91245 1.301764 1.288986
v -0.93485 1.301764 1.315879
v -0.977249 1.350554 1.275018
v -0.990357 1.326306 1.286612
v -0.9512 1.350554 1.25164
v -0.938261 1.326306 1.239858
v -0.951369 1.302057 1.251452
v -0.977418 1.302057 1.274829
v -1.014144 1.350847 1.227005
v -1.029716 1.326599 1.234992
v -0.983122 1.350847 1.2108
v -0.967671 1.326599 1.202582
v -0.983243 1.302351 1.210569
v -1.014265 1.302351 1.226774
v -1.031737 1.351141 1.170809
v -1.048816 1.326892 1.174627
v -0.997639 1.351141 1.162917
v -0.980619 1.326892 1.158842
v -0.997698 1.302644 1.16266
v -1.031797 1.302644 1.170552
v -1.0404 1.351434 1.115469
v -1.057852 1.327186 1.116777
v -1.005519 1.351434 1.112588
v -0.98809 1.327186 1.111014
v -1.005541 1.302937 1.112321
v -1.040422 1.302937 1.115203
v -1.040743 1.351727 1.058054
v -1.057975 1.327479 1.054996
v -1.006234 1.351727 1.063897
v -0.988957 1.327479 1.066681
v -1.006188 1.303231 1.063624
v -1.040697 1.303231 1.057781
v -1.021849 1.35202 1.005597
v -1.037757 1.327772 0.998302
v -0.98992 1.35202 1.019933
v -0.973898 1.327772 1.026973
v -0.989805 1.303524 1.019677
v -1.021734 1.303524 1.005341
v -0.996759 1.352314 0.95903
v -1.011442 1.328065 0.949508
v -0.967239 1.352314 0.977834
v -0.952403 1.328065 0.987116
v -0.967086 1.303817 0.977594
v -0.996606 1.303817 0.95879
v -0.964171 1.352607 0.915616
v -0.976035 1.328359 0.902751
v -0.940228 1.352607 0.941146
v -0.928149 1.328359 0.95381
v -0.940013 1.30411 0.940944
v -0.963956 1.30411 0.915415
v -0.920014 1.3529 0.886982
v -0.928252 1.328652 0.871541
v -0.903277 1.3529 0.91772
v -0.894777 1.328652 0.933018
v -0.903014 1.304404 0.917577
v -0.919752 1.304404 0.886839
v -0.87469 1.353193 0.866392
v -0.880602 1.328945 0.849921
v -0.862581 1.353193 0.899231
v -0.856384 1.328945 0.915598
v -0.862296 1.304697 0.899126
v -0.874405 1.304697 0.866287
v -0.825476 1.353487 0.852442
v -0.827115 1.329238 0.835018
v -0.821884 1.353487 0.887257
v -0.819931 1.329238 0.904649
v -0.821571 1.30499 0.887225
v -0.825163 1.30499 0.85241
v -0.776112 1.35378 0.856164
v -0.773297 1.329532 0.838891
v -0.781425 1.35378 0.890758
v -0.783924 1.329532 0.90808
v -0.781109 1.305284 0.890807
v -0.775796 1.305284 0.856213
v -0.730615 1.354073 0.866561
v -0.725322 1.329825 0.84988
v -0.74089 1.354073 0.900019
v -0.745873 1.329825 0.916796
v -0.74058 1.305577 0.900114
v -0.730304 1.305577 0.866657
v -0.685934 1.354366 0.884169
v -0.676662 1.330118 0.869326
v -0.704188 1.354366 0.914032
v -0.713171 1.330118 0.929052
v -0.7039 1.30587 0.914208
v -0.685645 1.30587 0.884345
v -0.65127 1.35466 0.914991
v -0.638542 1.330412 0.902979
v -0.676486 1.35466 0.939263
v -0.688975 1.330412 0.951523
v -0.676248 1.306163 0.939511
v -0.651031 1.306163 0.915238
v -0.623408 1.354953 0.948476
v -0.609068 1.330705 0.938443
v -0.651884 1.354953 0.968826
v -0.66602 1.330705 0.979143
v -0.651681 1.306457 0.96911
v -0.623205 1.306457 0.948761
v -0.600221 1.355246 0.986928
v -0.583836 1.330998 0.980778
v -0.632859 1.355246 0.999567
v -0.649112 1.330998 1.006057
v -0.632727 1.30675 0.999907
v -0.600089 1.30675 0.987268
v -0.591995 1.355539 1.029409
v -0.574585 1.331291 1.027622
v -0.626772 1.355539 1.033353
v -0.644139 1.331291 1.03551
v -0.62673 1.307043 1.033723
v -0.591953 1.307043 1.029778
v -0.590355 1.355833 1.069832
v -0.572871 1.331585 1.070603
v -0.625336 1.355833 1.068669
v -0.642833 1.331585 1.068276
v -0.625349 1.307337 1.069047
v -0.590368 1.307337 1.070211
v -0.595008 1.356126 1.111355
v -0.578267 1.331878 1.11646
v -0.628599 1.356126 1.101527
v -0.64545 1.331878 1.096802
v -0.62871 1.30763 1.101906
v -0.595119 1.30763 1.111735
v -0.612944 1.356419 1.14729
v -0.598058 1.332171 1.156493
v -0.642926 1.356419 1.129232
v -0.658021 1.332171 1.120376
v -0.643135 1.307923 1.129579
v -0.613153 1.307923 1.147637
v -0.634486 1.356712 1.177811
v -0.621106 1.332464 1.189093
v -0.661508 1.356712 1.155567
v -0.67515 1.332464 1.144604
v -0.66177 1.308216 1.155886
v -0.634748 1.308216 1.17813
v -0.66134 1.357005 1.205638
v -0.651203 1.332758 1.219904
v -0.681964 1.357005 1.177359
v -0.69245 1.332758 1.163348
v -0.682313 1.30851 1.177614
v -0.66169 1.30851 1.205893
v -0.694688 1.357299 1.221814
v -0.688542 1.333051 1.238201
v -0.707394 1.357299 1.189202
v -0.713953 1.333051 1.172976
v -0.707807 1.308803 1.189363
v -0.695101 1.308803 1.221975
v -0.727434 1.357592 1.231905
v -0.723763 1.333344 1.249017
v -0.73522 1.357592 1.197781
v -0.739334 1.333344 1.18077
v -0.735662 1.309096 1.197882
v -0.727877 1.309096 1.232005
v -0.76263 1.357885 1.237035
v -0.763365 1.333637 1.254521
v -0.761638 1.357885 1.202049
v -0.76138 1.333637 1.184549
v -0.762115 1.30939 1.202036
v -0.763107 1.30939 1.237022
v -0.795882 1.358178 1.230049
v -0.801097 1.333931 1.246756
v -0.785925 1.358178 1.196496
v -0.781182 1.333931 1.179649
v -0.786396 1.309683 1.196356
v -0.796353 1.309683 1.22991
v -0.825054 1.358471 1.219028
v -0.832679 1.334224 1.234781
v -0.810259 1.358471 1.187308
v -0.80309 1.334224 1.171342
v -0.810715 1.309976 1.187095
v -0.82551 1.309976 1.218815
v -0.853289 1.358764 1.20298
v -0.864636 1.334517 1.216306
v -0.831006 1.358764 1.17599
v -0.820069 1.334517 1.162326
v -0.831416 1.31027 1.175651
v -0.853699 1.31027 1.202641
v -0.873238 1.359058 1.179371
v -0.887656 1.33481 1.189294
v -0.844722 1.359058 1.159078
v -0.830624 1.33481 1.148707
v -0.845041 1.310563 1.15863
v -0.873557 1.310563 1.178923
v -0.887827 1.359351 1.155336
v -0.903561 1.335104 1.163002
v -0.856615 1.359351 1.1395
v -0.841136 1.335104 1.13133
v -0.85687 1.310857 1.138996
v -0.888083 1.310857 1.154832
v -0.898954 1.359644 1.128118
v -0.916118 1.335397 1.131546
v -0.864755 1.359644 1.120676
v -0.847719 1.335397 1.116662
v -0.864882 1.31115 1.12009
v -0.899082 1.31115 1.127532
v -0.899921 1.359937 1.10027
v -0.917383 1.33569 1.099073
v -0.864966 1.359937 1.102042
v -0.847473 1.33569 1.102617
v -0.864934 1.311443 1.101419
v -0.899889 1.311443 1.099647
v -0.896822 1.36023 1.075393
v -0.913905 1.335983 1.071581
v -0.862527 1.36023 1.082385
v -0.845316 1.335983 1.085566
v -0.862399 1.311737 1.081755
v -0.896693 1.311737 1.074762
v -0.889439 1.360523 1.050089
v -0.904978 1.336277 1.042032
v -0.858057 1.360523 1.065587
v -0.842214 1.336277 1.073027
v -0.857753 1.31203 1.06497
v -0.889135 1.31203 1.049472
v -0.874613 1.360816 1.030136
v -0.887442 1.33657 1.018229
v -0.848476 1.360816 1.053414
v -0.835168 1.33657 1.064784
v -0.847997 1.312324 1.052876
v -0.874134 1.312324 1.029598
v -0.858771 1.361109 1.014792
v -0.869629 1.336863 1.001063
v -0.83648 1.361109 1.041776
v -0.825047 1.336863 1.05503
v -0.835905 1.312617 1.0413
v -0.858196 1.312617 1.014317
v -0.839573 1.361402 1.00149
v -0.84649 1.337156 0.98541
v -0.825007 1.361402 1.033315
v -0.817358 1.337156 1.049059
v -0.824275 1.312911 1.032979
v -0.838841 1.312911 1.001155
v -0.818328 1.361695 0.996118
v -0.820596 1.33745 0.978761
v -0.81295 1.361695 1.030703
v -0.809841 1.33745 1.047929
v -0.812109 1.313205 1.030572
v -0.817487 1.313205 0.995987
v -0.799296 1.361988 0.994597
v -0.798817 1.337743 0.977098
v -0.799368 1.361988 1.029597
v -0.798961 1.337743 1.047098
v -0.798482 1.313498 1.029599
v -0.79841 1.313498 0.994599
v -0.778949 1.36228 0.996414
v -0.773824 1.338036 0.979674
v -0.788265 1.36228 1.030151
v -0.792456 1.338036 1.047148
v -0.787332 1.313792 1.030409
v -0.778016 1.313792 0.996671
v -0.761796 1.362573 1.004766
v -0.752145 1.33833 0.990159
v -0.780219 1.362573 1.034526
v -0.78899 1.33833 1.049678
v -0.779339 1.314086 1.03507
v -0.760916 1.314086 1.005311
v -0.748688 1.362865 1.014324
v -0.736782 1.338623 1.001487
v -0.771681 1.362865 1.040712
v -0.782768 1.338623 1.054263
v -0.770862 1.31438 1.041426
v -0.747868 1.31438 1.015038
v -0.736493 1.363157 1.027073
v -0.721483 1.338916 1.018056
v -0.765857 1.363157 1.046119
v -0.780211 1.338916 1.056148
v -0.7652 1.314675 1.047131
v -0.735836 1.314675 1.028085
v -0.730272 1.363449 1.042302
v -0.713244 1.339209 1.038215
v -0.763977 1.363449 1.051738
v -0.780652 1.339209 1.057086
v -0.763624 1.314969 1.052999
v -0.729919 1.314969 1.043564
v -0.72765 1.363741 1.055582
v -0.710167 1.339503 1.054545
v -0.762478 1.363741 1.05904
v -0.779824 1.339503 1.061462
v -0.762341 1.315264 1.060425
v -0.727512 1.315264 1.056967
v -0.727434 1.364034 1.067163
v -0.709929 1.339796 1.067757
v -0.762433 1.364034 1.067398
v -0.779928 1.339796 1.068227
v -0.762423 1.315558 1.068821
v -0.727424 1.315558 1.068586
v 0.0 1.12 1.62
v 0.150489 1.12 1.593465
v 0.143123 1.144309 1.593465
v 0.121748 1.166238 1.593465
v 0.088455 1.183641 1.593465
v 0.046504 1.194815 1.593465
v 0.0 1.198665 1.593465
v -0.046504 1.194815 1.593465
v -0.088455 1.183641 1.593465
v -0.121748 1.166238 1.593465
v -0.143123 1.144309 1.593465
v -0.150489 1.12 1.593465
v -0.143123 1.095691 1.593465
v -0.121748 1.073762 1.593465
v -0.088455 1.056359 1.593465
v -0.046504 1.045185 1.593465
v -0.0 1.041335 1.593465
v 0.046504 1.045185 1.593465
v 0.088455 1.056359 1.593465
v 0.121748 1.073762 1.593465
v 0.143123 1.095691 1.593465
v 0.282827 1.12 1.51706
v 0.268984 1.165685 1.51706
v 0.228811 1.206899 1.51706
v 0.166241 1.239606 1.51706
v 0.087398 1.260605 1.51706
v 0.0 1.267841 1.51706
v -0.087398 1.260605 1.51706
v -0.166241 1.239606 1.51706
v -0.228811 1.206899 1.51706
v -0.268984 1.165685 1.51706
v -0.282827 1.12 1.51706
v -0.268984 1.074315 1.51706
v -0.228811 1.033101 1.51706
v -0.166241 1.000394 1.51706
v -0.087398 0.979395 1.51706
v -0.0 0.972159 1.51706
v 0.087398 0.979395 1.51706
v 0.166241 1.000394 1.51706
v 0.228811 1.033101 1.51706
v 0.268984 1.074315 1.51706
v 0.381051 1.12 1.4
v 0.362401 1.181552 1.4
v 0.308277 1.237079 1.4
v 0.223976 1.281145 1.4
v 0.117751 1.309437 1.4
v 0.0 1.319186 1.4
v -0.117751 1.309437 1.4
v -0.223976 1.281145 1.4
v -0.308277 1.237079 1.4
v -0.362401 1.181552 1.4
v -0.381051 1.12 1.4
v -0.362401 1.058448 1.4
v -0.308277 1.002921 1.4
v -0.223976 0.958855 1.4
v -0.117751 0.930563 1.4
v -0.0 0.920814 1.4
v 0.117751 0.930563 1.4
v 0.223976 0.958855 1.4
v 0.308277 1.002921 1.4
v 0.362401 1.058448 1.4
v 0.433315 1.12 1.256405
v 0.412107 1.189994 1.256405
v 0.35056 1.253137 1.256405
v 0.254696 1.303247 1.256405
v 0.133902 1.33542 1.256405
v 0.0 1.346506 1.256405
v -0.133902 1.33542 1.256405
v -0.254696 1.303247 1.256405
v -0.35056 1.253137 1.256405
v -0.412107 1.189994 1.256405
v -0.433315 1.12 1.256405
v -0.412107 1.050006 1.256405
v -0.35056 0.986863 1.256405
v -0.254696 0.936753 1.256405
v -0.133902 0.90458 1.256405
v -0.0 0.893494 1.256405
v 0.133902 0.90458 1.256405
v 0.254696 0.936753 1.256405
v 0.35056 0.986863 1.256405
v 0.412107 1.050006 1.256405
v 0.433315 1.12 1.103595
v 0.412107 1.189994 1.103595
v 0.35056 1.253137 1.103595
v 0.254696 1.303247 1.103595
v 0.133902 1.33542 1.103595
v 0.0 1.346506 1.103595
v -0.133902 1.33542 1.103595
v -0.254696 1.303247 1.103595
v -0.35056 1.253137 1.103595
v -0.412107 1.189994 1.103595
v -0.433315 1.12 1.103595
v -0.412107 1.050006 1.103595
v -0.35056 0.986863 1.103595
v -0.254696 0.936753 1.103595
v -0.133902 0.90458 1.103595
v -0.0 0.893494 1.103595
v 0.133902 0.90458 1.103595
v 0.254696 0.936753 1.103595
v 0.35056 0.986863 1.103595
v 0.412107 1.050006 1.103595
v 0.381051 1.12 0.96
v 0.362401 1.181552 0.96
v 0.308277 1.237079 0.96
v 0.223976 1.281145 0.96
v 0.117751 1.309437 0.96
v 0.0 1.319186 0.96
v -0.117751 1.309437 0.96
v -0.223976 1.281145 0.96
v -0.308277 1.237079 0.96
v -0.362401 1.181552 0.96
v -0.381051 1.12 0.96
v -0.362401 1.058448 0.96
v -0.308277 1.002921 0.96
v -0.223976 0.958855 0.96
v -0.117751 0.930563 0.96
v -0.0 0.920814 0.96
v 0.117751 0.930563 0.96
v 0.223976 0.958855 0.96
v 0.308277 1.002921 0.96
v 0.362401 1.058448 0.96
v 0.282827 1.12 0.84294
v 0.268984 1.165685 0.84294
v 0.228811 1.206899 0.84294
v 0.166241 1.239606 0.84294
v 0.087398 1.260605 0.84294
v 0.0 1.267841 0.84294
v -0.087398 1.260605 0.84294
v -0.166241 1.239606 0.84294
v -0.228811 1.206899 0.84294
v -0.268984 1.165685 0.84294
v -0.282827 1.12 0.84294
v -0.268984 1.074315 0.84294
v -0.228811 1.033101 0.84294
v -0.166241 1.000394 0.84294
v -0.087398 0.979395 0.84294
v -0.0 0.972159 0.84294
v 0.087398 0.979395 0.84294
v 0.166241 1.000394 0.84294
v 0.228811 1.033101 0.84294
v 0.268984 1.074315 0.84294
v 0.150489 1.12 0.766535
v 0.143123 1.144309 0.766535
v 0.121748 1.166238 0.766535
v 0.088455 1.183641 0.766535
v 0.046504 1.194815 0.766535
v 0.0 1.198665 0.766535
v -0.046504 1.194815 0.766535
v -0.088455 1.183641 0.766535
v -0.121748 1.166238 0.766535
v -0.143123 1.144309 0.766535
v -0.150489 1.12 0.766535
v -0.143123 1.095691 0.766535
v -0.121748 1.073762 0.766535
v -0.088455 1.056359 0.766535
v -0.046504 1.045185 0.766535
v -0.0 1.041335 0.766535
v 0.046504 1.045185 0.766535
v 0.088455 1.056359 0.766535
v 0.121748 1.073762 0.766535
v 0.143123 1.095691 0.766535
v 0.0 1.12 0.74
v 0.395333 1.298831 1.184421
v 0.361423 1.298831 1.175752
v 0.34449 1.32308 1.171332
v 0.361467 1.347329 1.175579
v 0.395377 1.347329 1.184248
v 0.41231 1.32308 1.188668
v 0.375294 1.347622 1.262658
v 0.391869 1.323373 1.268272
v 0.342087 1.347622 1.2516
v 0.325454 1.323373 1.246157
v 0.34203 1.299125 1.251771
v 0.375237 1.299125 1.262829
v 0.344238 1.347915 1.337445
v 0.35983 1.323667 1.345391
v 0.312971 1.347915 1.321717
v 0.297296 1.323667 1.313934
v 0.312889 1.299418 1.32188
v 0.344156 1.299418 1.337608
v 0.301795 1.348208 1.408048
v 0.314938 1.32396 1.419604
v 0.275387 1.348208 1.385079
v 0.262122 1.32396 1.373665
v 0.275264 1.299711 1.38522
v 0.301672 1.299711 1.40819
v 0.239114 1.348502 1.458355
v 0.248943 1.324253 1.472834
v 0.219299 1.348502 1.429504
v 0.209314 1.324253 1.415131
v 0.219143 1.300005 1.429611
v 0.238958 1.300005 1.458462
v 0.172434 1.348795 1.49739
v 0.180071 1.324546 1.513136
v 0.156987 1.348795 1.465983
v 0.149178 1.324546 1.450322
v 0.156815 1.300298 1.466067
v 0.172262 1.300298 1.497474
v 0.099449 1.349088 1.526687
v 0.102953 1.32484 1.543832
v 0.092248 1.349088 1.492435
v 0.088551 1.32484 1.47533
v 0.092055 1.300591 1.492476
v 0.099256 1.300591 1.526727
v 0.022837 1.349381 1.528876
v 0.021931 1.325133 1.546353
v 0.024452 1.349381 1.493913
v 0.025159 1.325133 1.476427
v 0.024253 1.300884 1.493904
v 0.022638 1.300884 1.528867
v -0.050201 1.349675 1.520193
v -0.053621 1.325426 1.537355
v -0.043559 1.349675 1.485829
v -0.040337 1.325426 1.468627
v -0.043757 1.301178 1.48579
v -0.050399 1.301178 1.520154
v -0.12247 1.349968 1.500464
v -0.130031 1.325719 1.516246
v -0.107534 1.349968 1.468811
v -0.100161 1.325719 1.45294
v -0.107722 1.301471 1.468722
v -0.122658 1.301471 1.500375
v -0.181832 1.350261 1.458123
v -0.193113 1.326013 1.471502
v -0.159432 1.350261 1.43123
v -0.148313 1.326013 1.417716
v -0.159594 1.301764 1.431095
v -0.181994 1.301764 1.457989
v -0.232131 1.350554 1.409669
v -0.245227 1.326306 1.421278
v -0.206083 1.350554 1.386292
v -0.19313 1.326306 1.374524
v -0.206225 1.302057 1.386133
v -0.232273 1.302057 1.40951
v -0.275528 1.350848 1.353244
v -0.29109 1.326599 1.361249
v -0.244506 1.350848 1.337039
v -0.229045 1.326599 1.328839
v -0.244607 1.302351 1.336844
v -0.27563 1.302351 1.353049
v -0.296148 1.351141 1.287198
v -0.313222 1.326892 1.291036
v -0.262049 1.351141 1.279306
v -0.245025 1.326892 1.275252
v -0.262099 1.302644 1.27909
v -0.296198 1.302644 1.286982
v -0.306369 1.351434 1.221861
v -0.323819 1.327186 1.223189
v -0.271488 1.351434 1.218979
v -0.254057 1.327186 1.217426
v -0.271507 1.302937 1.218755
v -0.306388 1.302937 1.221636
v -0.306801 1.351727 1.154407
v -0.324036 1.327479 1.151371
v -0.272292 1.351727 1.16025
v -0.255018 1.327479 1.163056
v -0.272253 1.30323 1.16002
v -0.306762 1.30323 1.154178
v -0.284564 1.352021 1.092833
v -0.300481 1.327772 1.085557
v -0.252635 1.352021 1.107168
v -0.236622 1.327772 1.114229
v -0.252538 1.303524 1.106953
v -0.284468 1.303524 1.092618
v -0.254948 1.352314 1.03788
v -0.269644 1.328065 1.028378
v -0.225429 1.352314 1.056684
v -0.210605 1.328065 1.065985
v -0.2253 1.303817 1.056483
v -0.25482 1.303817 1.037679
v -0.216712 1.352607 0.986897
v -0.228593 1.328359 0.974047
v -0.192769 1.352607 1.012426
v -0.180707 1.328359 1.025106
v -0.192588 1.30411 1.012257
v -0.216531 1.30411 0.986727
v -0.164875 1.3529 0.953347
v -0.173133 1.328652 0.937918
v -0.148137 1.3529 0.984086
v -0.139658 1.328652 0.999395
v -0.147916 1.304404 0.983966
v -0.164654 1.304404 0.953227
v -0.111409 1.353194 0.929068
v -0.117344 1.328945 0.912605
v -0.0993 1.353194 0.961907
v -0.093126 1.328945 0.978282
v -0.099061 1.304697 0.961818
v -0.11117 1.304697 0.92898
v -0.053685 1.353487 0.912678
v -0.05535 1.329238 0.895257
v -0.050093 1.353487 0.947493
v -0.048165 1.329238 0.964887
v -0.04983 1.30499 0.947466
v -0.053422 1.30499 0.912651
v 0.004177 1.35378 0.917097
v 0.006966 1.329532 0.899821
v -0.001137 1.35378 0.951692
v -0.003661 1.329532 0.969009
v -0.000871 1.305283 0.951733
v 0.004442 1.305283 0.917138
v 0.05781 1.354073 0.929363
v 0.063079 1.329825 0.912674
v 0.047535 1.354073 0.96282
v 0.042528 1.329825 0.979589
v 0.047796 1.305577 0.962901
v 0.058072 1.305577 0.929443
v 0.110186 1.354367 0.949976
v 0.119434 1.330118 0.935118
v 0.091932 1.354367 0.979839
v 0.082926 1.330118 0.994844
v 0.092174 1.30587 0.979987
v 0.110428 1.30587 0.950124
v 0.150741 1.35466 0.986112
v 0.163449 1.330412 0.97408
v 0.125524 1.35466 1.010384
v 0.113017 1.330412 1.022624
v 0.125725 1.306163 1.010592
v 0.150941 1.306163 0.98632
v 0.183559 1.354953 1.025568
v 0.197883 1.330705 1.015512
v 0.155083 1.354953 1.045917
v 0.140931 1.330705 1.056212
v 0.155254 1.306456 1.046157
v 0.18373 1.306456 1.025807
v 0.210727 1.355246 1.070574
v 0.227101 1.330998 1.064397
v 0.178089 1.355246 1.083214
v 0.161825 1.330998 1.089676
v 0.1782 1.30675 1.0835
v 0.210838 1.30675 1.07086
v 0.220292 1.355539 1.120275
v 0.237698 1.331291 1.118458
v 0.185515 1.355539 1.124219
v 0.168144 1.331291 1.126347
v 0.18555 1.307043 1.12453
v 0.220327 1.307043 1.120586
v 0.222212 1.355833 1.167864
v 0.239697 1.331585 1.168605
v 0.187232 1.355833 1.166701
v 0.169736 1.331585 1.166278
v 0.187221 1.307336 1.167019
v 0.222202 1.307336 1.168182
v 0.216794 1.356126 1.216424
v 0.233543 1.331878 1.221498
v 0.183203 1.356126 1.206595
v 0.16636 1.331878 1.20184
v 0.183109 1.30763 1.206914
v 0.216701 1.30763 1.216743
v 0.195788 1.356419 1.258373
v 0.210691 1.332171 1.267548
v 0.165806 1.356419 1.240315
v 0.150728 1.332171 1.231432
v 0.165631 1.307923 1.240606
v 0.195613 1.307923 1.258665
v 0.170442 1.356712 1.294268
v 0.183843 1.332464 1.305524
v 0.14342 1.356712 1.272023
v 0.129799 1.332464 1.261035
v 0.143199 1.308216 1.272291
v 0.170221 1.308216 1.294536
v 0.139097 1.357006 1.326777
v 0.149262 1.332758 1.341023
v 0.118474 1.357006 1.298498
v 0.108015 1.332758 1.284466
v 0.11818 1.30851 1.298712
v 0.138803 1.30851 1.326991
v 0.100178 1.357299 1.345587
v 0.106357 1.333051 1.361961
v 0.087473 1.357299 1.312975
v 0.080946 1.333051 1.296736
v 0.087125 1.308803 1.31311
v 0.099831 1.308803 1.345723
v 0.061697 1.357592 1.357433
v 0.065404 1.333344 1.374537
v 0.053911 1.357592 1.32331
v 0.049832 1.333344 1.306291
v 0.053539 1.309096 1.323395
v 0.061325 1.309096 1.357518
v 0.020667 1.357885 1.363433
v 0.01997 1.333637 1.38092
v 0.021659 1.357885 1.328447
v 0.021955 1.333637 1.310948
v 0.021258 1.309389 1.328435
v 0.020265 1.309389 1.363421
v -0.018027 1.358178 1.355239
v -0.023204 1.333931 1.371957
v -0.00807 1.358178 1.321685
v -0.003289 1.333931 1.30485
v -0.008466 1.309683 1.321568
v -0.018423 1.309683 1.355121
v -0.052257 1.358472 1.342293
v -0.059846 1.334224 1.358063
v -0.037463 1.358472 1.310573
v -0.030257 1.334224 1.294624
v -0.037846 1.309976 1.310394
v -0.052641 1.309976 1.342114
v -0.085118 1.358765 1.323634
v -0.096432 1.334517 1.336987
v -0.062835 1.358765 1.296644
v -0.051866 1.334517 1.283007
v -0.06318 1.310269 1.29636
v -0.085463 1.310269 1.32335
v -0.108236 1.359058 1.296174
v -0.122628 1.33481 1.306132
v -0.07972 1.359058 1.27588
v -0.065596 1.33481 1.265545
v -0.079988 1.310563 1.275503
v -0.108504 1.310563 1.295797
v -0.125319 1.359351 1.268002
v -0.141033 1.335104 1.275709
v -0.094106 1.359351 1.252167
v -0.078607 1.335104 1.244037
v -0.094321 1.310856 1.251743
v -0.125534 1.310856 1.267579
v -0.138246 1.359644 1.236415
v -0.1554 1.335397 1.23989
v -0.104047 1.359644 1.228974
v -0.087 1.335397 1.225006
v -0.104154 1.31115 1.228481
v -0.138354 1.31115 1.235922
v -0.139297 1.359937 1.204165
v -0.156761 1.33569 1.203017
v -0.104342 1.359937 1.205936
v -0.086851 1.33569 1.20656
v -0.104315 1.311443 1.205412
v -0.13927 1.311443 1.203641
v -0.135657 1.360231 1.175073
v -0.15275 1.335983 1.171312
v -0.101362 1.360231 1.182065
v -0.084161 1.335983 1.185296
v -0.101254 1.311736 1.181535
v -0.135549 1.311736 1.174543
v -0.127122 1.360524 1.145789
v -0.142685 1.336277 1.137781
v -0.09574 1.360524 1.161287
v -0.079921 1.336277 1.168776
v -0.095484 1.31203 1.160768
v -0.126866 1.31203 1.14527
v -0.109957 1.360817 1.122811
v -0.122824 1.33657 1.110946
v -0.08382 1.360817 1.146089
v -0.07055 1.33657 1.157502
v -0.083417 1.312323 1.145636
v -0.109554 1.312323 1.122359
v -0.091465 1.36111 1.104925
v -0.102368 1.336863 1.091234
v -0.069174 1.36111 1.131909
v -0.057786 1.336863 1.145201
v -0.06869 1.312617 1.131509
v -0.090981 1.312617 1.104525
v -0.069339 1.361403 1.089589
v -0.076314 1.337156 1.073535
v -0.054772 1.361403 1.121413
v -0.047181 1.337156 1.137185
v -0.054156 1.31291 1.121132
v -0.068723 1.31291 1.089307
v -0.044924 1.361696 1.083497
v -0.047259 1.33745 1.06615
v -0.039546 1.361696 1.118082
v -0.036504 1.33745 1.135319
v -0.038839 1.313204 1.117972
v -0.044217 1.313204 1.083387
v -0.022799 1.361989 1.081751
v -0.02239 1.337743 1.064251
v -0.022871 1.361989 1.116751
v -0.022535 1.337743 1.134251
v -0.022126 1.313497 1.116752
v -0.022054 1.313497 1.081752
v 0.000531 1.362282 1.083836
v 0.005582 1.338036 1.067076
v -0.008785 1.362282 1.117574
v -0.013051 1.338036 1.134551
v -0.008 1.313791 1.11779
v 0.001316 1.313791 1.084053
v 0.020058 1.362574 1.093443
v 0.029639 1.33833 1.078792
v 0.001636 1.362574 1.123202
v -0.007205 1.33833 1.138311
v 0.002376 1.314085 1.12366
v 0.020798 1.314085 1.093901
v 0.035203 1.362867 1.10452
v 0.047045 1.338623 1.091626
v 0.01221 1.362867 1.130907
v 0.001058 1.338623 1.144402
v 0.0129 1.314378 1.131508
v 0.035893 1.314378 1.10512
v 0.049075 1.363159 1.119038
v 0.064033 1.338916 1.10994
v 0.019711 1.363159 1.138084
v 0.005305 1.338916 1.148033
v 0.020263 1.314673 1.138935
v 0.049627 1.314673 1.119889
v 0.056009 1.363452 1.136282
v 0.073009 1.339209 1.132095
v 0.022304 1.363452 1.145718
v 0.005601 1.339209 1.150966
v 0.022601 1.314967 1.146779
v 0.056306 1.314967 1.137343
v 0.058984 1.363744 1.151531
v 0.076456 1.339503 1.150384
v 0.024155 1.363744 1.154989
v 0.006798 1.339503 1.1573
v 0.024271 1.315261 1.156153
v 0.059099 1.315261 1.152695
v 0.059202 1.364037 1.165005
v 0.076706 1.339796 1.165486
v 0.024203 1.364037 1.16524
v 0.006708 1.339796 1.165955
v 0.024211 1.315554 1.166436
v 0.05921 1.315554 1.166202
v 0.78 1.12 1.45
v 0.906547 1.12 1.427686
v 0.900354 1.144309 1.427686
v 0.882379 1.166238 1.427686
v 0.854383 1.183641 1.427686
v 0.819105 1.194815 1.427686
v 0.78 1.198665 1.427686
v 0.740895 1.194815 1.427686
v 0.705617 1.183641 1.427686
v 0.677621 1.166238 1.427686
v 0.659646 1.144309 1.427686
v 0.653453 1.12 1.427686
v 0.659646 1.095691 1.427686
v 0.677621 1.073762 1.427686
v 0.705617 1.056359 1.427686
v 0.740895 1.045185 1.427686
v 0.78 1.041335 1.427686
v 0.819105 1.045185 1.427686
v 0.854383 1.056359 1.427686
v 0.882379 1.073762 1.427686
v 0.900354 1.095691 1.427686
v 1.017831 1.12 1.363436
v 1.006191 1.165685 1.363436
v 0.97241 1.206899 1.363436
v 0.919794 1.239606 1.363436
v 0.853494 1.260605 1.363436
v 0.78 1.267841 1.363436
v 0.706506 1.260605 1.363436
v 0.640206 1.239606 1.363436
v 0.58759 1.206899 1.363436
v 0.553809 1.165685 1.363436
v 0.542169 1.12 1.363436
v 0.553809 1.074315 1.363436
v 0.58759 1.033101 1.363436
v 0.640206 1.000394 1.363436
v 0.706506 0.979395 1.363436
v 0.78 0.972159 1.363436
v 0.853494 0.979395 1.363436
v 0.919794 1.000394 1.363436
v 0.97241 1.033101 1.363436
v 1.006191 1.074315 1.363436
v 1.100429 1.12 1.265
v 1.084746 1.181552 1.265
v 1.039233 1.237079 1.265
v 0.968344 1.281145 1.265
v 0.879018 1.309437 1.265
v 0.78 1.319186 1.265
v 0.680982 1.309437 1.265
v 0.591656 1.281145 1.265
v 0.520767 1.237079 1.265
v 0.475254 1.181552 1.265
v 0.459571 1.12 1.265
v 0.475254 1.058448 1.265
v 0.520767 1.002921 1.265
v 0.591656 0.958855 1.265
v 0.680982 0.930563 1.265
v 0.78 0.920814 1.265
v 0.879018 0.930563 1.265
v 0.968344 0.958855 1.265
v 1.039233 1.002921 1.265
v 1.084746 1.058448 1.265
v 1.144379 1.12 1.14425
v 1.126545 1.189994 1.14425
v 1.074789 1.253137 1.14425
v 0.994177 1.303247 1.14425
v 0.892599 1.33542 1.14425
v 0.78 1.346506 1.14425
v 0.667401 1.33542 1.14425
v 0.565823 1.303247 1.14425
v 0.485211 1.253137 1.14425
v 0.433455 1.189994 1.14425
v 0.415621 1.12 1.14425
v 0.433455 1.050006 1.14425
v 0.485211 0.986863 1.14425
v 0.565823 0.936753 1.14425
v 0.667401 0.90458 1.14425
v 0.78 0.893494 1.14425
v 0.892599 0.90458 1.14425
v 0.994177 0.936753 1.14425
v 1.074789 0.986863 1.14425
v 1.126545 1.050006 1.14425
v 1.144379 1.12 1.01575
v 1.126545 1.189994 1.01575
v 1.074789 1.253137 1.01575
v 0.994177 1.303247 1.01575
v 0.892599 1.33542 1.01575
v 0.78 1.346506 1.01575
v 0.667401 1.33542 1.01575
v 0.565823 1.303247 1.01575
v 0.485211 1.253137 1.01575
v 0.433455 1.189994 1.01575
v 0.415621 1.12 1.01575
v 0.433455 1.050006 1.01575
v 0.485211 0.986863 1.01575
v 0.565823 0.936753 1.01575
v 0.667401 0.90458 1.01575
v 0.78 0.893494 1.01575
v 0.892599 0.90458 1.01575
v 0.994177 0.936753 1.01575
v 1.074789 0.986863 1.01575
v 1.126545 1.050006 1.01575
v 1.100429 1.12 0.895
v 1.084746 1.181552 0.895
v 1.039233 1.237079 0.895
v 0.968344 1.281145 0.895
v 0.879018 1.309437 0.895
v 0.78 1.319186 0.895
v 0.680982 1.309437 0.895
v 0.591656 1.281145 0.895
v 0.520767 1.237079 0.895
v 0.475254 1.181552 0.895
v 0.459571 1.12 0.895
v 0.475254 1.058448 0.895
v 0.520767 1.002921 0.895
v 0.591656 0.958855 0.895
v 0.680982 0.930563 0.895
v 0.78 0.920814 0.895
v 0.879018 0.930563 0.895
v 0.968344 0.958855 0.895
v 1.039233 1.002921 0.895
v 1.084746 1.058448 0.895
v 1.017831 1.12 0.796564
v 1.006191 1.165685 0.796564
v 0.97241 1.206899 0.796564
v 0.919794 1.239606 0.796564
v 0.853494 1.260605 0.796564
v 0.78 1.267841 0.796564
v 0.706506 1.260605 0.796564
v 0.640206 1.239606 0.796564
v 0.58759 1.206899 0.796564
v 0.553809 1.165685 0.796564
v 0.542169 1.12 0.796564
v 0.553809 1.074315 0.796564
v 0.58759 1.033101 0.796564
v 0.640206 1.000394 0.796564
v 0.706506 0.979395 0.796564
v 0.78 0.972159 0.796564
v 0.853494 0.979395 0.796564
v 0.919794 1.000394 0.796564
v 0.97241 1.033101 0.796564
v 1.006191 1.074315 0.796564
v 0.906547 1.12 0.732314
v 0.900354 1.144309 0.732314
v 0.882379 1.166238 0.732314
v 0.854383 1.183641 0.732314
v 0.819105 1.194815 0.732314
v 0.78 1.198665 0.732314
v 0.740895 1.194815 0.732314
v 0.705617 1.183641 0.732314
v 0.677621 1.166238 0.732314
v 0.659646 1.144309 0.732314
v 0.653453 1.12 0.732314
v 0.659646 1.095691 0.732314
v 0.677621 1.073762 0.732314
v 0.705617 1.056359 0.732314
v 0.740895 1.045185 0.732314
v 0.78 1.041335 0.732314
v 0.819105 1.045185 0.732314
v 0.854383 1.056359 0.732314
v 0.882379 1.073762 0.732314
v 0.900354 1.095691 0.732314
v 0.78 1.12 0.71
v 1.115129 1.298832 1.084437
v 1.081219 1.298832 1.075769
v 1.06429 1.32308 1.071332
v 1.081271 1.347328 1.075563
v 1.115181 1.347328 1.084231
v 1.13211 1.32308 1.088668
v 1.098239 1.347622 1.150358
v 1.114809 1.323373 1.155988
v 1.065032 1.347622 1.1393
v 1.048395 1.323373 1.133873
v 1.064964 1.299125 1.139503
v 1.098172 1.299125 1.150561
v 1.071974 1.347915 1.21362
v 1.087559 1.323667 1.221581
v 1.040707 1.347915 1.197892
v 1.025025 1.323667 1.190125
v 1.04061 1.299418 1.198085
v 1.071877 1.299418 1.213814
v 1.035905 1.348208 1.27357
v 1.049035 1.32396 1.285139
v 1.009496 1.348208 1.250601
v 0.996219 1.32396 1.2392
v 1.00935 1.299711 1.250769
v 1.035758 1.299711 1.273739
v 0.982676 1.348501 1.316347
v 0.99249 1.324253 1.330837
v 0.962862 1.348501 1.287496
v 0.952862 1.324253 1.273134
v 0.962676 1.300005 1.287624
v 0.982491 1.300005 1.316475
v 0.92626 1.348795 1.34938
v 0.933881 1.324546 1.365133
v 0.910813 1.348795 1.317973
v 0.902987 1.324546 1.302319
v 0.910609 1.300298 1.318073
v 0.926056 1.300298 1.34948
v 0.864234 1.349088 1.374249
v 0.86772 1.32484 1.391399
v 0.857033 1.349088 1.339998
v 0.853318 1.32484 1.322897
v 0.856804 1.300591 1.340046
v 0.864005 1.300591 1.374298
v 0.79911 1.349381 1.376156
v 0.798185 1.325133 1.393632
v 0.800725 1.349381 1.341193
v 0.801413 1.325133 1.323706
v 0.800488 1.300884 1.341182
v 0.798874 1.300884 1.376145
v 0.737292 1.349674 1.368811
v 0.733853 1.325426 1.38597
v 0.743934 1.349674 1.334447
v 0.747137 1.325426 1.317242
v 0.743698 1.301178 1.334402
v 0.737056 1.301178 1.368766
v 0.675859 1.349968 1.352014
v 0.668279 1.325719 1.367788
v 0.690794 1.349968 1.320361
v 0.69815 1.325719 1.304482
v 0.69057 1.301471 1.320256
v 0.675635 1.301471 1.351909
v 0.625342 1.350261 1.316039
v 0.614046 1.326013 1.329405
v 0.647742 1.350261 1.289146
v 0.658846 1.326013 1.275619
v 0.64755 1.301764 1.288986
v 0.62515 1.301764 1.315879
v 0.582751 1.350554 1.275018
v 0.569643 1.326306 1.286612
v 0.6088 1.350554 1.25164
v 0.621739 1.326306 1.239858
v 0.608631 1.302057 1.251452
v 0.582582 1.302057 1.274829
v 0.545856 1.350847 1.227005
v 0.530284 1.326599 1.234992
v 0.576878 1.350847 1.2108
v 0.592329 1.326599 1.202582
v 0.576757 1.302351 1.210569
v 0.545735 1.302351 1.226774
v 0.528263 1.351141 1.170809
v 0.511184 1.326892 1.174627
v 0.562361 1.351141 1.162917
v 0.579381 1.326892 1.158842
v 0.562302 1.302644 1.16266
v 0.528203 1.302644 1.170552
v 0.5196 1.351434 1.115469
v 0.502148 1.327186 1.116777
v 0.554481 1.351434 1.112588
v 0.57191 1.327186 1.111014
v 0.554459 1.302937 1.112321
v 0.519578 1.302937 1.115203
v 0.519257 1.351727 1.058054
v 0.502025 1.327479 1.054996
v 0.553766 1.351727 1.063897
v 0.571043 1.327479 1.066681
v 0.553812 1.303231 1.063624
v 0.519303 1.303231 1.057781
v 0.538151 1.35202 1.005597
v 0.522243 1.327772 0.998302
v 0.57008 1.35202 1.019933
v 0.586102 1.327772 1.026973
v 0.570195 1.303524 1.019677
v 0.538266 1.303524 1.005341
v 0.563241 1.352314 0.95903
v 0.548558 1.328065 0.949508
v 0.592761 1.352314 0.977834
v 0.607597 1.328065 0.987116
v 0.592914 1.303817 0.977594
v 0.563394 1.303817 0.95879
v 0.595829 1.352607 0.915616
v 0.583965 1.328359 0.902751
v 0.619772 1.352607 0.941146
v 0.631851 1.328359 0.95381
v 0.619987 1.30411 0.940944
v 0.596044 1.30411 0.915415
v 0.639986 1.3529 0.886982
v 0.631748 1.328652 0.871541
v 0.656723 1.3529 0.91772
v 0.665223 1.328652 0.933018
v 0.656986 1.304404 0.917577
v 0.640248 1.304404 0.886839
v 0.68531 1.353193 0.866392
v 0.679398 1.328945 0.849921
v 0.697419 1.353193 0.899231
v 0.703616 1.328945 0.915598
v 0.697704 1.304697 0.899126
v 0.685595 1.304697 0.866287
v 0.734524 1.353487 0.852442
v 0.732885 1.329238 0.835018
v 0.738116 1.353487 0.887257
v 0.740069 1.329238 0.904649
v 0.738429 1.30499 0.887225
v 0.734837 1.30499 0.85241
v 0.783888 1.35378 0.856164
v 0.786703 1.329532 0.838891
v 0.778575 1.35378 0.890758
v 0.776076 1.329532 0.90808
v 0.778891 1.305284 0.890807
v 0.784204 1.305284 0.856213
v 0.829385 1.354073 0.866561
v 0.834678 1.329825 0.84988
v 0.81911 1.354073 0.900019
v 0.814127 1.329825 0.916796
v 0.81942 1.305577 0.900114
v 0.829696 1.305577 0.866657
v 0.874066 1.354366 0.884169
v 0.883338 1.330118 0.869326
v 0.855812 1.354366 0.914032
v 0.846829 1.330118 0.929052
v 0.8561 1.30587 0.914208
v 0.874355 1.30587 0.884345
v 0.90873 1.35466 0.914991
v 0.921458 1.330412 0.902979
v 0.883514 1.35466 0.939263
v 0.871025 1.330412 0.951523
v 0.883752 1.306163 0.939511
v 0.908969 1.306163 0.915238
v 0.936592 1.354953 0.948476
v 0.950932 1.330705 0.938443
v 0.908116 1.354953 0.968826
v 0.89398 1.330705 0.979143
v 0.908319 1.306457 0.96911
v 0.936795 1.306457 0.948761
v 0.959779 1.355246 0.986928
v 0.976164 1.330998 0.980778
v 0.927141 1.355246 0.999567
v 0.910888 1.330998 1.006057
v 0.927273 1.30675 0.999907
v 0.959911 1.30675 0.987268
v 0.968005 1.355539 1.029409
v 0.985415 1.331291 1.027622
v 0.933228 1.355539 1.033353
v 0.915861 1.331291 1.03551
v 0.93327 1.307043 1.033723
v 0.968047 1.307043 1.029778
v 0.969645 1.355833 1.069832
v 0.987129 1.331585 1.070603
v 0.934664 1.355833 1.068669
v 0.917167 1.331585 1.068276
v 0.934651 1.307337 1.069047
v 0.969632 1.307337 1.070211
v 0.964992 1.356126 1.111355
v 0.981733 1.331878 1.11646
v 0.931401 1.356126 1.101527
v 0.91455 1.331878 1.096802
v 0.93129 1.30763 1.101906
v 0.964881 1.30763 1.111735
v 0.947056 1.356419 1.14729
v 0.961942 1.332171 1.156493
v 0.917074 1.356419 1.129232
v 0.901979 1.332171 1.120376
v 0.916865 1.307923 1.129579
v 0.946847 1.307923 1.147637
v 0.925514 1.356712 1.177811
v 0.938894 1.332464 1.189093
v 0.898492 1.356712 1.155567
v 0.88485 1.332464 1.144604
v 0.89823 1.308216 1.155886
v 0.925252 1.308216 1.17813
v 0.89866 1.357005 1.205638
v 0.908797 1.332758 1.219904
v 0.878036 1.357005 1.177359
v 0.86755 1.332758 1.163348
v 0.877687 1.30851 1.177614
v 0.89831 1.30851 1.205893
v 0.865312 1.357299 1.221814
v 0.871458 1.333051 1.238201
v 0.852606 1.357299 1.189202
v 0.846047 1.333051 1.172976
v 0.852193 1.308803 1.189363
v 0.864899 1.308803 1.221975
v 0.832566 1.357592 1.231905
v 0.836237 1.333344 1.249017
v 0.82478 1.357592 1.197781
v 0.820666 1.333344 1.18077
v 0.824338 1.309096 1.197882
v 0.832123 1.309096 1.232005
v 0.79737 1.357885 1.237035
v 0.796635 1.333637 1.254521
v 0.798362 1.357885 1.202049
v 0.79862 1.333637 1.184549
v 0.797885 1.30939 1.202036
v 0.796893 1.30939 1.237022
v 0.764118 1.358178 1.230049
v 0.758903 1.333931 1.246756
v 0.774075 1.358178 1.196496
v 0.778818 1.333931 1.179649
v 0.773604 1.309683 1.196356
v 0.763647 1.309683 1.22991
v 0.734946 1.358471 1.219028
v 0.727321 1.334224 1.234781
v 0.749741 1.358471 1.187308
v 0.75691 1.334224 1.171342
v 0.749285 1.309976 1.187095
v 0.73449 1.309976 1.218815
v 0.706711 1.358764 1.20298
v 0.695364 1.334517 1.216306
v 0.728994 1.358764 1.17599
v 0.739931 1.334517 1.162326
v 0.728584 1.31027 1.175651
v 0.706301 1.31027 1.202641
v 0.686762 1.359058 1.179371
v 0.672344 1.33481 1.189294
v 0.715278 1.359058 1.159078
v 0.729376 1.33481 1.148707
v 0.714959 1.310563 1.15863
v 0.686443 1.310563 1.178923
v 0.672173 1.359351 1.155336
v 0.656439 1.335104 1.163002
v 0.703385 1.359351 1.1395
v 0.718864 1.335104 1.13133
v 0.70313 1.310857 1.138996
v 0.671917 1.310857 1.154832
v 0.661046 1.359644 1.128118
v 0.643882 1.335397 1.131546
v 0.695245 1.359644 1.120676
v 0.712281 1.335397 1.116662
v 0.695118 1.31115 1.12009
v 0.660918 1.31115 1.127532
v 0.660079 1.359937 1.10027
v 0.642617 1.33569 1.099073
v 0.695034 1.359937 1.102042
v 0.712527 1.33569 1.102617
v 0.695066 1.311443 1.101419
v 0.660111 1.311443 1.099647
v 0.663178 1.36023 1.075393
v 0.646095 1.335983 1.071581
v 0.697473 1.36023 1.082385
v 0.714684 1.335983 1.085566
v 0.697601 1.311737 1.081755
v 0.663307 1.311737 1.074762
v 0.670561 1.360523 1.050089
v 0.655022 1.336277 1.042032
v 0.701943 1.360523 1.065587
v 0.717786 1.336277 1.073027
v 0.702247 1.31203 1.06497
v 0.670865 1.31203 1.049472
v 0.685387 1.360816 1.030136
v 0.672558 1.33657 1.018229
v 0.711524 1.360816 1.053414
v 0.724832 1.33657 1.064784
v 0.712003 1.312324 1.052876
v 0.685866 1.312324 1.029598
v 0.701229 1.361109 1.014792
v 0.690371 1.336863 1.001063
v 0.72352 1.361109 1.041776
v 0.734953 1.336863 1.05503
v 0.724095 1.312617 1.0413
v 0.701804 1.312617 1.014317
v 0.720427 1.361402 1.00149
v 0.71351 1.337156 0.98541
v 0.734993 1.361402 1.033315
v 0.742642 1.337156 1.049059
v 0.735725 1.312911 1.032979
v 0.721159 1.312911 1.001155
v 0.741672 1.361695 0.996118
v 0.739404 1.33745 0.978761
v 0.74705 1.361695 1.030703
v 0.750159 1.33745 1.047929
v 0.747891 1.313205 1.030572
v 0.742513 1.313205 0.995987
v 0.760704 1.361988 0.994597
v 0.761183 1.337743 0.977098
v 0.760632 1.361988 1.029597
v 0.761039 1.337743 1.047098
v 0.761518 1.313498 1.029599
v 0.76159 1.313498 0.994599
v 0.781051 1.36228 0.996414
v 0.786176 1.338036 0.979674
v 0.771735 1.36228 1.030151
v 0.767544 1.338036 1.047148
v 0.772668 1.313792 1.030409
v 0.781984 1.313792 0.996671
v 0.798204 1.362573 1.004766
v 0.807855 1.33833 0.990159
v 0.779781 1.362573 1.034526
v 0.77101 1.33833 1.049678
v 0.780661 1.314086 1.03507
v 0.799084 1.314086 1.005311
v 0.811312 1.362865 1.014324
v 0.823218 1.338623 1.001487
v 0.788319 1.362865 1.040712
v 0.777232 1.338623 1.054263
v 0.789138 1.31438 1.041426
v 0.812132 1.31438 1.015038
v 0.823507 1.363157 1.027073
v 0.838517 1.338916 1.018056
v 0.794143 1.363157 1.046119
v 0.779789 1.338916 1.056148
v 0.7948 1.314675 1.047131
v 0.824164 1.314675 1.028085
v 0.829728 1.363449 1.042302
v 0.846756 1.339209 1.038215
v 0.796023 1.363449 1.051738
v 0.779348 1.339209 1.057086
v 0.796376 1.314969 1.052999
v 0.830081 1.314969 1.043564
v 0.83235 1.363741 1.055582
v 0.849833 1.339503 1.054545
v 0.797522 1.363741 1.05904
v 0.780176 1.339503 1.061462
v 0.797659 1.315264 1.060425
v 0.832488 1.315264 1.056967
v 0.832566 1.364034 1.067163
v 0.850071 1.339796 1.067757
v 0.797567 1.364034 1.067398
v 0.780072 1.339796 1.068227
v 0.797577 1.315558 1.068821
v 0.832576 1.315558 1.068586
v -0.106433 -1.326562 -0.055133
v -0.225386 -1.296143 -0.012175
v -0.323844 -1.326562 0.067204
v -0.344133 -1.4 0.136505
v -0.274367 -1.473438 0.155133
v -0.155414 -1.503857 0.112175
v -0.056956 -1.473438 0.032796
v -0.036667 -1.4 -0.036505
v -0.057243 -1.485937 0.025129
v -0.032169 -1.401613 -0.041731
v -0.172287 -1.536685 0.085287
v -0.30991 -1.52413 0.103505
v -0.389494 -1.455627 0.069111
v -0.36442 -1.371303 0.002251
v -0.249376 -1.320555 -0.057907
v -0.111753 -1.33311 -0.076125
v -0.050064 -1.473152 0.056569
v -0.023716 -1.370275 0.00513
v -0.167175 -1.564669 0.061234
v -0.306446 -1.591217 0.016392
v -0.386294 -1.537245 -0.05169
v -0.359945 -1.434368 -0.103129
v -0.242835 -1.342851 -0.107794
v -0.103564 -1.316303 -0.062952
v -0.040375 -1.473202 0.064699
v -0.022696 -1.355178 0.025856
v -0.138718 -1.591893 0.029926
v -0.260117 -1.641723 -0.058092
v -0.333458 -1.593502 -0.147796
v -0.315779 -1.475478 -0.186639
v -0.217436 -1.356787 -0.151866
v -0.096037 -1.306957 -0.063848
v -0.019309 -1.480934 0.041907
v -0.013306 -1.361019 0.013651
v -0.093203 -1.605737 -0.012636
v -0.191702 -1.662322 -0.118028
v -0.257107 -1.617541 -0.212531
v -0.251104 -1.497626 -0.240787
v -0.17721 -1.372823 -0.186244
v -0.078711 -1.316238 -0.080852
v 0.017966 -1.487931 0.001551
v 0.013028 -1.373321 -0.017914
v -0.035392 -1.608146 -0.06117
v -0.115788 -1.663547 -0.169336
v -0.176128 -1.621679 -0.259586
v -0.181066 -1.507069 -0.279051
v -0.127708 -1.386854 -0.21633
v -0.047312 -1.331453 -0.108164
v 0.068355 -1.488771 -0.0455
v 0.05309 -1.381107 -0.057193
v 0.030536 -1.601795 -0.111987
v -0.038214 -1.65397 -0.217705
v -0.097621 -1.614733 -0.300727
v -0.112886 -1.507069 -0.31242
v -0.075067 -1.394045 -0.245933
v -0.006317 -1.34187 -0.140215
v 0.124191 -1.479826 -0.097598
v 0.098777 -1.381414 -0.100871
v 0.098816 -1.58388 -0.166104
v 0.037517 -1.632625 -0.266257
v -0.023799 -1.597506 -0.339389
v -0.049212 -1.499094 -0.342662
v -0.023837 -1.39504 -0.274156
v 0.037462 -1.346295 -0.174003
v 0.178198 -1.457953 -0.154485
v 0.143279 -1.372421 -0.147543
v 0.16295 -1.551151 -0.224595
v 0.106466 -1.597421 -0.316804
v 0.041834 -1.569659 -0.377097
v 0.006915 -1.484127 -0.370155
v 0.022164 -1.390929 -0.300045
v 0.078648 -1.344659 -0.207836
v 0.223875 -1.4217 -0.215403
v 0.180622 -1.352643 -0.196669
v 0.216695 -1.502402 -0.286967
v 0.163287 -1.547476 -0.369441
v 0.094937 -1.530517 -0.414511
v 0.051684 -1.46146 -0.395777
v 0.058864 -1.380758 -0.324213
v 0.112272 -1.335684 -0.241739
v 0.248705 -1.376169 -0.272769
v 0.20599 -1.319803 -0.249062
v 0.244143 -1.446495 -0.341717
v 0.194978 -1.489585 -0.415517
v 0.13001 -1.480197 -0.450938
v 0.087295 -1.423831 -0.427231
v 0.091857 -1.353505 -0.358283
v 0.141022 -1.310415 -0.284483
v 0.323844 -1.326562 0.067204
v 0.225386 -1.296143 -0.012175
v 0.106433 -1.326562 -0.055133
v 0.036667 -1.4 -0.036505
v 0.056956 -1.473438 0.032796
v 0.155414 -1.503857 0.112175
v 0.274367 -1.473438 0.155133
v 0.344133 -1.4 0.136505
v 0.30991 -1.52413 0.103505
v 0.389494 -1.455627 0.069111
v 0.172287 -1.536685 0.085287
v 0.057243 -1.485937 0.025129
v 0.032169 -1.401613 -0.041731
v 0.111753 -1.33311 -0.076125
v 0.249376 -1.320555 -0.057907
v 0.36442 -1.371303 0.002251
v 0.306446 -1.591217 0.016392
v 0.386294 -1.537245 -0.05169
v 0.167175 -1.564669 0.061234
v 0.050064 -1.473152 0.056569
v 0.023716 -1.370275 0.00513
v 0.103564 -1.316303 -0.062952
v 0.242835 -1.342851 -0.107794
v 0.359945 -1.434368 -0.103129
v 0.260117 -1.641723 -0.058092
v 0.333458 -1.593502 -0.147796
v 0.138718 -1.591893 0.029926
v 0.040375 -1.473202 0.064699
v 0.022696 -1.355178 0.025856
v 0.096037 -1.306957 -0.063848
v 0.217436 -1.356787 -0.151866
v 0.315779 -1.475478 -0.186639
v 0.191702 -1.662322 -0.118028
v 0.257107 -1.617541 -0.212531
v 0.093203 -1.605737 -0.012636
v 0.019309 -1.480934 0.041907
v 0.013306 -1.361019 0.013651
v 0.078711 -1.316238 -0.080852
v 0.17721 -1.372823 -0.186244
v 0.251104 -1.497626 -0.240787
v 0.115788 -1.663547 -0.169336
v 0.176128 -1.621679 -0.259586
v 0.035392 -1.608146 -0.06117
v -0.017966 -1.487931 0.001551
v -0.013028 -1.373321 -0.017914
v 0.047312 -1.331453 -0.108164
v 0.127708 -1.386854 -0.21633
v 0.181066 -1.507069 -0.279051
v 0.038214 -1.65397 -0.217705
v 0.097621 -1.614733 -0.300727
v -0.030536 -1.601795 -0.111987
v -0.068355 -1.488771 -0.0455
v -0.05309 -1.381107 -0.057193
v 0.006317 -1.34187 -0.140215
v 0.075067 -1.394045 -0.245933
v 0.112886 -1.507069 -0.31242
v -0.037517 -1.632625 -0.266257
v 0.023799 -1.597506 -0.339389
v -0.098816 -1.58388 -0.166104
v -0.124191 -1.479826 -0.097598
v -0.098777 -1.381414 -0.100871
v -0.037462 -1.346295 -0.174003
v 0.023837 -1.39504 -0.274156
v 0.049212 -1.499094 -0.342662
v -0.106466 -1.597421 -0.316804
v -0.041834 -1.569659 -0.377097
v -0.16295 -1.551151 -0.224595
v -0.178198 -1.457953 -0.154485
v -0.143279 -1.372421 -0.147543
v -0.078648 -1.344659 -0.207836
v -0.022164 -1.390929 -0.300045
v -0.006915 -1.484127 -0.370155
v -0.163287 -1.547476 -0.369441
v -0.094937 -1.530517 -0.414511
v -0.216695 -1.502402 -0.286967
v -0.223875 -1.4217 -0.215403
v -0.180622 -1.352643 -0.196669
v -0.112272 -1.335684 -0.241739
v -0.058864 -1.380758 -0.324213
v -0.051684 -1.46146 -0.395777
v -0.194978 -1.489585 -0.415517
v -0.13001 -1.480197 -0.450938
v -0.244143 -1.446495 -0.341717
v -0.248705 -1.376169 -0.272769
v -0.20599 -1.319803 -0.249062
v -0.141022 -1.310415 -0.284483
v -0.091857 -1.353505 -0.358283
v -0.087295 -1.423831 -0.427231
v -0.088948 -1.337136 -0.439161
v -0.194381 -1.311097 -0.407335
v -0.282982 -1.337136 -0.341922
v -0.302851 -1.4 -0.281242
v -0.242348 -1.462864 -0.260839
v -0.136915 -1.488903 -0.292665
v -0.048314 -1.462864 -0.358078
v -0.028445 -1.4 -0.418758
v -0.050338 -1.478838 -0.371093
v -0.026747 -1.406977 -0.430428
v -0.151888 -1.521282 -0.320179
v -0.271912 -1.509445 -0.307512
v -0.3401 -1.450263 -0.340512
v -0.316509 -1.378402 -0.399847
v -0.214959 -1.335958 -0.450761
v -0.094935 -1.347795 -0.463428
v -0.043114 -1.472359 -0.352003
v -0.018347 -1.384898 -0.399713
v -0.147103 -1.548924 -0.344219
v -0.269399 -1.569744 -0.38092
v -0.338361 -1.522622 -0.440607
v -0.313594 -1.435161 -0.488317
v -0.209605 -1.358596 -0.496101
v -0.08731 -1.337776 -0.4594
v -0.033229 -1.473721 -0.347271
v -0.015674 -1.372445 -0.384107
v -0.122073 -1.57536 -0.373243
v -0.230162 -1.617823 -0.446809
v -0.29418 -1.576235 -0.524873
v -0.276625 -1.474959 -0.561709
v -0.187781 -1.37332 -0.535737
v -0.079692 -1.330857 -0.462171
v -0.01516 -1.48125 -0.367319
v -0.008578 -1.377524 -0.394024
v -0.081767 -1.589679 -0.411823
v -0.169382 -1.639296 -0.501466
v -0.226681 -1.601036 -0.583736
v -0.220099 -1.49731 -0.610441
v -0.153492 -1.388881 -0.565937
v -0.065877 -1.339264 -0.476294
v 0.016914 -1.488052 -0.402691
v 0.012716 -1.388526 -0.420703
v -0.030357 -1.593113 -0.455594
v -0.101406 -1.642165 -0.548422
v -0.154613 -1.606474 -0.626797
v -0.158811 -1.506948 -0.644809
v -0.11154 -1.401887 -0.591906
v -0.040491 -1.352835 -0.499078
v 0.060866 -1.488763 -0.44446
v 0.046404 -1.395278 -0.454701
v 0.028326 -1.587613 -0.50162
v -0.032154 -1.633921 -0.592697
v -0.085146 -1.600562 -0.664339
v -0.099608 -1.507077 -0.67458
v -0.067068 -1.408227 -0.61742
v -0.006588 -1.361919 -0.526343
v 0.109901 -1.479705 -0.491463
v 0.08556 -1.394669 -0.493384
v 0.088969 -1.570456 -0.551137
v 0.035026 -1.61376 -0.637448
v -0.020329 -1.584251 -0.699836
v -0.04467 -1.499215 -0.701757
v -0.023738 -1.408464 -0.642083
v 0.030205 -1.36516 -0.555772
v 0.15724 -1.457838 -0.543662
v 0.124248 -1.384713 -0.535862
v 0.145293 -1.538697 -0.605225
v 0.095405 -1.579923 -0.684487
v 0.036801 -1.557367 -0.735018
v 0.003809 -1.484242 -0.727218
v 0.015756 -1.403383 -0.665655
v 0.065643 -1.362157 -0.586393
v 0.196669 -1.422007 -0.600373
v 0.157172 -1.363729 -0.582071
v 0.191177 -1.49175 -0.663228
v 0.143914 -1.532104 -0.733817
v 0.082564 -1.519431 -0.770789
v 0.043067 -1.461153 -0.752487
v 0.048559 -1.39141 -0.689632
v 0.095823 -1.351056 -0.619043
v 0.217744 -1.377134 -0.654983
v 0.179499 -1.329656 -0.632751
v 0.214056 -1.438007 -0.7153
v 0.170596 -1.476616 -0.778371
v 0.112821 -1.470344 -0.807249
v 0.074576 -1.422866 -0.785017
v 0.078264 -1.361993 -0.7247
v 0.121724 -1.323384 -0.661629
v 0.282982 -1.337136 -0.341922
v 0.194381 -1.311097 -0.407335
v 0.088948 -1.337136 -0.439161
v 0.028445 -1.4 -0.418758
v 0.048314 -1.462864 -0.358078
v 0.136915 -1.488903 -0.292665
v 0.242348 -1.462864 -0.260839
v 0.302851 -1.4 -0.281242
v 0.271912 -1.509445 -0.307512
v 0.3401 -1.450263 -0.340512
v 0.151888 -1.521282 -0.320179
v 0.050338 -1.478838 -0.371093
v 0.026747 -1.406977 -0.430428
v 0.094935 -1.347795 -0.463428
v 0.214959 -1.335958 -0.450761
v 0.316509 -1.378402 -0.399847
v 0.269399 -1.569744 -0.38092
v 0.338361 -1.522622 -0.440607
v 0.147103 -1.548924 -0.344219
v 0.043114 -1.472359 -0.352003
v 0.018347 -1.384898 -0.399713
v 0.08731 -1.337776 -0.4594
v 0.209605 -1.358596 -0.496101
v 0.313594 -1.435161 -0.488317
v 0.230162 -1.617823 -0.446809
v 0.29418 -1.576235 -0.524873
v 0.122073 -1.57536 -0.373243
v 0.033229 -1.473721 -0.347271
v 0.015674 -1.372445 -0.384107
v 0.079692 -1.330857 -0.462171
v 0.187781 -1.37332 -0.535737
v 0.276625 -1.474959 -0.561709
v 0.169382 -1.639296 -0.501466
v 0.226681 -1.601036 -0.583736
v 0.081767 -1.589679 -0.411823
v 0.01516 -1.48125 -0.367319
v 0.008578 -1.377524 -0.394024
v 0.065877 -1.339264 -0.476294
v 0.153492 -1.388881 -0.565937
v 0.220099 -1.49731 -0.610441
v 0.101406 -1.642165 -0.548422
v 0.154613 -1.606474 -0.626797
v 0.030357 -1.593113 -0.455594
v -0.016914 -1.488052 -0.402691
v -0.012716 -1.388526 -0.420703
v 0.040491 -1.352835 -0.499078
v 0.11154 -1.401887 -0.591906
v 0.158811 -1.506948 -0.644809
v 0.032154 -1.633921 -0.592697
v 0.085146 -1.600562 -0.664339
v -0.028326 -1.587613 -0.50162
v -0.060866 -1.488763 -0.44446
v -0.046404 -1.395278 -0.454701
v 0.006588 -1.361919 -0.526343
v 0.067068 -1.408227 -0.61742
v 0.099608 -1.507077 -0.67458
v -0.035026 -1.61376 -0.637448
v 0.020329 -1.584251 -0.699836
v -0.088969 -1.570456 -0.551137
v -0.109901 -1.479705 -0.491463
v -0.08556 -1.394669 -0.493384
v -0.030205 -1.36516 -0.555772
v 0.023738 -1.408464 -0.642083
v 0.04467 -1.499215 -0.701757
v -0.095405 -1.579923 -0.684487
v -0.036801 -1.557367 -0.735018
v -0.145293 -1.538697 -0.605225
v -0.15724 -1.457838 -0.543662
v -0.124248 -1.384713 -0.535862
v -0.065643 -1.362157 -0.586393
v -0.015756 -1.403383 -0.665655
v -0.003809 -1.484242 -0.727218
v -0.143914 -1.532104 -0.733817
v -0.082564 -1.519431 -0.770789
v -0.191177 -1.49175 -0.663228
v -0.196669 -1.422007 -0.600373
v -0.157172 -1.363729 -0.582071
v -0.095823 -1.351056 -0.619043
v -0.048559 -1.39141 -0.689632
v -0.043067 -1.461153 -0.752487
v -0.170596 -1.476616 -0.778371
v -0.112821 -1.470344 -0.807249
v -0.214056 -1.438007 -0.7153
v -0.217744 -1.377134 -0.654983
v -0.179499 -1.329656 -0.632751
v -0.121724 -1.323384 -0.661629
v -0.078264 -1.361993 -0.7247
v -0.074576 -1.422866 -0.785017
v -0.071669 -1.347186 -0.792697
v -0.162928 -1.325309 -0.77128
v -0.241282 -1.347186 -0.719823
v -0.260831 -1.4 -0.66847
v -0.210123 -1.452814 -0.647303
v -0.118864 -1.474691 -0.66872
v -0.04051 -1.452814 -0.720177
v -0.020961 -1.4 -0.77153
v -0.0438 -1.47246 -0.738638
v -0.021323 -1.412145 -0.789064
v -0.132011 -1.507094 -0.697908
v -0.234283 -1.495759 -0.690733
v -0.290707 -1.445095 -0.721316
v -0.268231 -1.38478 -0.771742
v -0.18002 -1.350146 -0.812472
v -0.077747 -1.361481 -0.819647
v -0.03623 -1.474194 -0.733518
v -0.012895 -1.400964 -0.774961
v -0.127208 -1.535454 -0.724646
v -0.232535 -1.548859 -0.753542
v -0.290513 -1.506556 -0.803279
v -0.267177 -1.433326 -0.844722
v -0.176199 -1.372066 -0.853594
v -0.070872 -1.358661 -0.824698
v -0.024329 -1.479203 -0.735939
v -0.006571 -1.393822 -0.767877
v -0.105028 -1.561735 -0.754608
v -0.201396 -1.593072 -0.812948
v -0.256983 -1.554858 -0.876783
v -0.239226 -1.469477 -0.908721
v -0.158527 -1.386945 -0.890052
v -0.062158 -1.355608 -0.831712
v -0.007504 -1.487233 -0.756544
v 0.000545 -1.39904 -0.77864
v -0.069767 -1.576626 -0.792333
v -0.149771 -1.614852 -0.865042
v -0.20065 -1.57952 -0.93208
v -0.192601 -1.491327 -0.954176
v -0.130339 -1.401934 -0.918387
v -0.050335 -1.363708 -0.845678
v 0.020084 -1.493694 -0.789913
v 0.018036 -1.408662 -0.803298
v -0.024983 -1.580956 -0.834426
v -0.090766 -1.61933 -0.910761
v -0.13873 -1.586338 -0.974202
v -0.140778 -1.501306 -0.987587
v -0.095711 -1.414044 -0.943074
v -0.029928 -1.37567 -0.866739
v 0.057661 -1.493962 -0.829316
v 0.045953 -1.414074 -0.834873
v 0.025941 -1.576169 -0.878662
v -0.030627 -1.612538 -0.954004
v -0.078906 -1.581766 -1.011207
v -0.090614 -1.501878 -1.016764
v -0.058894 -1.419671 -0.967418
v -0.002326 -1.383302 -0.892076
v 0.099543 -1.484461 -0.873868
v 0.078868 -1.41215 -0.871322
v 0.078159 -1.559701 -0.926148
v 0.027241 -1.593794 -0.997538
v -0.023384 -1.56677 -1.046218
v -0.044059 -1.494459 -1.043672
v -0.022675 -1.419219 -0.991392
v 0.028243 -1.385126 -0.920002
v 0.139637 -1.462353 -0.923399
v 0.111808 -1.400734 -0.912044
v 0.12579 -1.52906 -0.977564
v 0.078379 -1.56178 -1.042809
v 0.025176 -1.541346 -1.080916
v -0.002653 -1.479727 -1.069561
v 0.011194 -1.41302 -1.015396
v 0.058606 -1.3803 -0.950151
v 0.172372 -1.426832 -0.977097
v 0.140086 -1.377977 -0.957124
v 0.16341 -1.484326 -1.031991
v 0.118449 -1.51678 -1.089649
v 0.063827 -1.505183 -1.116296
v 0.031541 -1.456328 -1.096323
v 0.040504 -1.398834 -1.041429
v 0.085465 -1.36638 -0.983771
v 0.189539 -1.382244 -1.029255
v 0.158841 -1.342283 -1.00673
v 0.182033 -1.432607 -1.081505
v 0.140719 -1.463869 -1.132874
v 0.089799 -1.457717 -1.15327
v 0.059101 -1.417756 -1.130745
v 0.066607 -1.367393 -1.078495
v 0.107921 -1.336131 -1.027126
v 0.241282 -1.347186 -0.719823
v 0.162928 -1.325309 -0.77128
v 0.071669 -1.347186 -0.792697
v 0.020961 -1.4 -0.77153
v 0.04051 -1.452814 -0.720177
v 0.118864 -1.474691 -0.66872
v 0.210123 -1.452814 -0.647303
v 0.260831 -1.4 -0.66847
v 0.234283 -1.495759 -0.690733
v 0.290707 -1.445095 -0.721316
v 0.132011 -1.507094 -0.697908
v 0.0438 -1.47246 -0.738638
v 0.021323 -1.412145 -0.789064
v 0.077747 -1.361481 -0.819647
v 0.18002 -1.350146 -0.812472
v 0.268231 -1.38478 -0.771742
v 0.232535 -1.548859 -0.753542
v 0.290513 -1.506556 -0.803279
v 0.127208 -1.535454 -0.724646
v 0.03623 -1.474194 -0.733518
v 0.012895 -1.400964 -0.774961
v 0.070872 -1.358661 -0.824698
v 0.176199 -1.372066 -0.853594
v 0.267177 -1.433326 -0.844722
v 0.201396 -1.593072 -0.812948
v 0.256983 -1.554858 -0.876783
v 0.105028 -1.561735 -0.754608
v 0.024329 -1.479203 -0.735939
v 0.006571 -1.393822 -0.767877
v 0.062158 -1.355608 -0.831712
v 0.158527 -1.386945 -0.890052
v 0.239226 -1.469477 -0.908721
v 0.149771 -1.614852 -0.865042
v 0.20065 -1.57952 -0.93208
v 0.069767 -1.576626 -0.792333
v 0.007504 -1.487233 -0.756544
v -0.000545 -1.39904 -0.77864
v 0.050335 -1.363708 -0.845678
v 0.130339 -1.401934 -0.918387
v 0.192601 -1.491327 -0.954176
v 0.090766 -1.61933 -0.910761
v 0.13873 -1.586338 -0.974202
v 0.024983 -1.580956 -0.834426
v -0.020084 -1.493694 -0.789913
v -0.018036 -1.408662 -0.803298
v 0.029928 -1.37567 -0.866739
v 0.095711 -1.414044 -0.943074
v 0.140778 -1.501306 -0.987587
v 0.030627 -1.612538 -0.954004
v 0.078906 -1.581766 -1.011207
v -0.025941 -1.576169 -0.878662
v -0.057661 -1.493962 -0.829316
v -0.045953 -1.414074 -0.834873
v 0.002326 -1.383302 -0.892076
v 0.058894 -1.419671 -0.967418
v 0.090614 -1.501878 -1.016764
v -0.027241 -1.593794 -0.997538
v 0.023384 -1.56677 -1.046218
v -0.078159 -1.559701 -0.926148
v -0.099543 -1.484461 -0.873868
v -0.078868 -1.41215 -0.871322
v -0.028243 -1.385126 -0.920002
v 0.022675 -1.419219 -0.991392
v 0.044059 -1.494459 -1.043672
v -0.078379 -1.56178 -1.042809
v -0.025176 -1.541346 -1.080916
v -0.12579 -1.52906 -0.977564
v -0.139637 -1.462353 -0.923399
v -0.111808 -1.400734 -0.912044
v -0.058606 -1.3803 -0.950151
v -0.011194 -1.41302 -1.015396
v 0.002653 -1.479727 -1.069561
v -0.118449 -1.51678 -1.089649
v -0.063827 -1.505183 -1.116296
v -0.16341 -1.484326 -1.031991
v -0.172372 -1.426832 -0.977097
v -0.140086 -1.377977 -0.957124
v -0.085465 -1.36638 -0.983771
v -0.040504 -1.398834 -1.041429
v -0.031541 -1.456328 -1.096323
v -0.140719 -1.463869 -1.132874
v -0.089799 -1.457717 -1.15327
v -0.182033 -1.432607 -1.081505
v -0.189539 -1.382244 -1.029255
v -0.158841 -1.342283 -1.00673
v -0.107921 -1.336131 -1.027126
v -0.066607 -1.367393 -1.078495
v -0.059101 -1.417756 -1.130745
v -0.056252 -1.357331 -1.137753
v -0.132499 -1.339657 -1.124707
v -0.199165 -1.357331 -1.085473
v -0.217199 -1.4 -1.043033
v -0.176036 -1.442669 -1.022247
v -0.099789 -1.460343 -1.035293
v -0.033123 -1.442669 -1.074527
v -0.015089 -1.4 -1.116967
v -0.036871 -1.465025 -1.096523
v -0.016693 -1.416866 -1.139146
v -0.110787 -1.491858 -1.064179
v -0.195142 -1.481647 -1.061061
v -0.240522 -1.440374 -1.088994
v -0.220343 -1.392215 -1.131617
v -0.146427 -1.365382 -1.163961
v -0.062072 -1.375593 -1.167079
v -0.030142 -1.472069 -1.099113
v -0.008919 -1.414239 -1.136347
v -0.106962 -1.519173 -1.088735
v -0.19438 -1.527959 -1.111293
v -0.241187 -1.493281 -1.153573
v -0.219964 -1.435451 -1.190807
v -0.143143 -1.388347 -1.201185
v -0.055726 -1.379561 -1.178627
v -0.019282 -1.478597 -1.103462
v -0.002051 -1.410319 -1.133498
v -0.08885 -1.544381 -1.114565
v -0.170003 -1.569137 -1.160303
v -0.215203 -1.538361 -1.213882
v -0.197972 -1.470083 -1.243918
v -0.128404 -1.404299 -1.232815
v -0.047251 -1.379543 -1.187077
v -0.00567 -1.486427 -1.120343
v 0.002791 -1.414708 -1.141462
v -0.059122 -1.559816 -1.146636
v -0.126255 -1.591887 -1.204939
v -0.167743 -1.563852 -1.261098
v -0.159282 -1.492133 -1.282217
v -0.105829 -1.418744 -1.255924
v -0.038696 -1.386673 -1.197621
v 0.01672 -1.49267 -1.147493
v 0.015219 -1.422847 -1.160149
v -0.020713 -1.565323 -1.182436
v -0.075153 -1.598246 -1.244509
v -0.11471 -1.572153 -1.297351
v -0.116211 -1.50233 -1.310007
v -0.078778 -1.429677 -1.275064
v -0.024338 -1.396754 -1.212991
v 0.04793 -1.492824 -1.180277
v 0.036732 -1.427236 -1.185149
v 0.023094 -1.561396 -1.220419
v -0.023226 -1.592786 -1.28206
v -0.063896 -1.568604 -1.329091
v -0.075094 -1.503016 -1.333963
v -0.050258 -1.434444 -1.293821
v -0.003938 -1.403054 -1.23218
v 0.083035 -1.483214 -1.218422
v 0.063239 -1.424503 -1.215406
v 0.067587 -1.545584 -1.261851
v 0.025943 -1.575078 -1.320251
v -0.017502 -1.554417 -1.359414
v -0.037299 -1.495706 -1.356398
v -0.02185 -1.433336 -1.312969
v 0.019794 -1.403842 -1.254569
v 0.116317 -1.461247 -1.26198
v 0.090546 -1.412165 -1.250997
v 0.107025 -1.516066 -1.307325
v 0.068112 -1.544509 -1.36047
v 0.022373 -1.529915 -1.390283
v -0.003398 -1.480833 -1.3793
v 0.005894 -1.426014 -1.333955
v 0.044807 -1.397571 -1.28081
v 0.142797 -1.426587 -1.31034
v 0.114364 -1.388202 -1.292467
v 0.136814 -1.473754 -1.356032
v 0.09992 -1.502074 -1.402777
v 0.053727 -1.494958 -1.423193
v 0.025295 -1.456573 -1.40532
v 0.031278 -1.409406 -1.359628
v 0.068171 -1.381086 -1.312883
v 0.156522 -1.38288 -1.359495
v 0.13007 -1.351398 -1.340017
v 0.151317 -1.424391 -1.4027
v 0.117504 -1.451614 -1.444324
v 0.07489 -1.448602 -1.459983
v 0.048438 -1.41712 -1.440505
v 0.053643 -1.375609 -1.3973
v 0.087456 -1.348386 -1.355676
v 0.199165 -1.357331 -1.085473
v 0.132499 -1.339657 -1.124707
v 0.056252 -1.357331 -1.137753
v 0.015089 -1.4 -1.116967
v 0.033123 -1.442669 -1.074527
v 0.099789 -1.460343 -1.035293
v 0.176036 -1.442669 -1.022247
v 0.217199 -1.4 -1.043033
v 0.195142 -1.481647 -1.061061
v 0.240522 -1.440374 -1.088994
v 0.110787 -1.491858 -1.064179
v 0.036871 -1.465025 -1.096523
v 0.016693 -1.416866 -1.139146
v 0.062072 -1.375593 -1.167079
v 0.146427 -1.365382 -1.163961
v 0.220343 -1.392215 -1.131617
v 0.19438 -1.527959 -1.111293
v 0.241187 -1.493281 -1.153573
v 0.106962 -1.519173 -1.088735
v 0.030142 -1.472069 -1.099113
v 0.008919 -1.414239 -1.136347
v 0.055726 -1.379561 -1.178627
v 0.143143 -1.388347 -1.201185
v 0.219964 -1.435451 -1.190807
v 0.170003 -1.569137 -1.160303
v 0.215203 -1.538361 -1.213882
v 0.08885 -1.544381 -1.114565
v 0.019282 -1.478597 -1.103462
v 0.002051 -1.410319 -1.133498
v 0.047251 -1.379543 -1.187077
v 0.128404 -1.404299 -1.232815
v 0.197972 -1.470083 -1.243918
v 0.126255 -1.591887 -1.204939
v 0.167743 -1.563852 -1.261098
v 0.059122 -1.559816 -1.146636
v 0.00567 -1.486427 -1.120343
v -0.002791 -1.414708 -1.141462
v 0.038696 -1.386673 -1.197621
v 0.105829 -1.418744 -1.255924
v 0.159282 -1.492133 -1.282217
v 0.075153 -1.598246 -1.244509
v 0.11471 -1.572153 -1.297351
v 0.020713 -1.565323 -1.182436
v -0.01672 -1.49267 -1.147493
v -0.015219 -1.422847 -1.160149
v 0.024338 -1.396754 -1.212991
v 0.078778 -1.429677 -1.275064
v 0.116211 -1.50233 -1.310007
v 0.023226 -1.592786 -1.28206
v 0.063896 -1.568604 -1.329091
v -0.023094 -1.561396 -1.220419
v -0.04793 -1.492824 -1.180277
v -0.036732 -1.427236 -1.185149
v 0.003938 -1.403054 -1.23218
v 0.050258 -1.434444 -1.293821
v 0.075094 -1.503016 -1.333963
v -0.025943 -1.575078 -1.320251
v 0.017502 -1.554417 -1.359414
v -0.067587 -1.545584 -1.261851
v -0.083035 -1.483214 -1.218422
v -0.063239 -1.424503 -1.215406
v -0.019794 -1.403842 -1.254569
v 0.02185 -1.433336 -1.312969
v 0.037299 -1.495706 -1.356398
v -0.068112 -1.544509 -1.36047
v -0.022373 -1.529915 -1.390283
v -0.107025 -1.516066 -1.307325
v -0.116317 -1.461247 -1.26198
v -0.090546 -1.412165 -1.250997
v -0.044807 -1.397571 -1.28081
v -0.005894 -1.426014 -1.333955
v 0.003398 -1.480833 -1.3793
v -0.09992 -1.502074 -1.402777
v -0.053727 -1.494958 -1.423193
v -0.136814 -1.473754 -1.356032
v -0.142797 -1.426587 -1.31034
v -0.114364 -1.388202 -1.292467
v -0.068171 -1.381086 -1.312883
v -0.031278 -1.409406 -1.359628
v -0.025295 -1.456573 -1.40532
v -0.117504 -1.451614 -1.444324
v -0.07489 -1.448602 -1.459983
v -0.151317 -1.424391 -1.4027
v -0.156522 -1.38288 -1.359495
v -0.13007 -1.351398 -1.340017
v -0.087456 -1.348386 -1.355676
v -0.053643 -1.375609 -1.3973
v -0.048438 -1.41712 -1.440505
v 0.142 -1.4 -1.4
v 0.127938 -1.338389 -1.4
v 0.11127 -1.346415 -1.367957
v 0.1235 -1.4 -1.367957
v 0.077934 -1.362469 -1.367957
v 0.0865 -1.4 -1.367957
v 0.061266 -1.370496 -1.4
v 0.068 -1.4 -1.4
v 0.077934 -1.362469 -1.432043
v 0.0865 -1.4 -1.432043
v 0.11127 -1.346415 -1.432043
v 0.1235 -1.4 -1.432043
v 0.088536 -1.28898 -1.4
v 0.077001 -1.303444 -1.367957
v 0.053932 -1.332372 -1.367957
v 0.042397 -1.346835 -1.4
v 0.053932 -1.332372 -1.432043
v 0.077001 -1.303444 -1.432043
v 0.031598 -1.26156 -1.4
v 0.027481 -1.279596 -1.367957
v 0.019248 -1.315669 -1.367957
v 0.015131 -1.333705 -1.4
v 0.019248 -1.315669 -1.432043
v 0.027481 -1.279596 -1.432043
v -0.031598 -1.26156 -1.4
v -0.027481 -1.279596 -1.367957
v -0.019248 -1.315669 -1.367957
v -0.015131 -1.333705 -1.4
v -0.019248 -1.315669 -1.432043
v -0.027481 -1.279596 -1.432043
v -0.088536 -1.28898 -1.4
v -0.077001 -1.303444 -1.367957
v -0.053932 -1.332372 -1.367957
v -0.042397 -1.346835 -1.4
v -0.053932 -1.332372 -1.432043
v -0.077001 -1.303444 -1.432043
v -0.127938 -1.338389 -1.4
v -0.11127 -1.346415 -1.367957
v -0.077934 -1.362469 -1.367957
v -0.061266 -1.370496 -1.4
v -0.077934 -1.362469 -1.432043
v -0.11127 -1.346415 -1.432043
v -0.142 -1.4 -1.4
v -0.1235 -1.4 -1.367957
v -0.0865 -1.4 -1.367957
v -0.068 -1.4 -1.4
v -0.0865 -1.4 -1.432043
v -0.1235 -1.4 -1.432043
v -0.127938 -1.461611 -1.4
v -0.11127 -1.453585 -1.367957
v -0.077934 -1.437531 -1.367957
v -0.061266 -1.429504 -1.4
v -0.077934 -1.437531 -1.432043
v -0.11127 -1.453585 -1.432043
v -0.088536 -1.51102 -1.4
v -0.077001 -1.496556 -1.367957
v -0.053932 -1.467628 -1.367957
v -0.042397 -1.453165 -1.4
v -0.053932 -1.467628 -1.432043
v -0.077001 -1.496556 -1.432043
v -0.031598 -1.53844 -1.4
v -0.027481 -1.520404 -1.367957
v -0.019248 -1.484331 -1.367957
v -0.015131 -1.466295 -1.4
v -0.019248 -1.484331 -1.432043
v -0.027481 -1.520404 -1.432043
v 0.031598 -1.53844 -1.4
v 0.027481 -1.520404 -1.367957
v 0.019248 -1.484331 -1.367957
v 0.015131 -1.466295 -1.4
v 0.019248 -1.484331 -1.432043
v 0.027481 -1.520404 -1.432043
v 0.088536 -1.51102 -1.4
v 0.077001 -1.496556 -1.367957
v 0.053932 -1.467628 -1.367957
v 0.042397 -1.453165 -1.4
v 0.053932 -1.467628 -1.432043
v 0.077001 -1.496556 -1.432043
v 0.127938 -1.461611 -1.4
v 0.11127 -1.453585 -1.367957
v 0.077934 -1.437531 -1.367957
v 0.061266 -1.429504 -1.4
v 0.077934 -1.437531 -1.432043
v 0.11127 -1.453585 -1.432043
v 0.073795 -1.361203 -1.425877
v 0.023429 -1.337226 -1.419957
v -0.035885 -1.337226 -1.402595
v -0.081493 -1.361203 -1.380422
v -0.095973 -1.4 -1.361907
v -0.073795 -1.438797 -1.354123
v -0.023429 -1.462774 -1.360043
v 0.035885 -1.462774 -1.377405
v 0.081493 -1.438797 -1.399578
v 0.095973 -1.4 -1.418093
v 0.086532 -1.461036 -1.443035
v 0.10478 -1.414272 -1.462779
v 0.029872 -1.491225 -1.421346
v -0.043559 -1.493308 -1.405997
v -0.105713 -1.466489 -1.402851
v -0.132848 -1.421013 -1.41311
v -0.114601 -1.374248 -1.432855
v -0.05794 -1.344059 -1.454544
v 0.015491 -1.341976 -1.469892
v 0.077644 -1.368795 -1.473038
v 0.101599 -1.47626 -1.471977
v 0.123653 -1.420233 -1.488832
v 0.033634 -1.515442 -1.459467
v -0.054284 -1.522812 -1.456081
v -0.128571 -1.495555 -1.463111
v -0.160854 -1.444082 -1.477873
v -0.1388 -1.388055 -1.494728
v -0.070835 -1.348873 -1.507238
v 0.017082 -1.341503 -1.510625
v 0.09137 -1.36876 -1.503594
v 0.121658 -1.488074 -1.494319
v 0.146434 -1.422546 -1.506534
v 0.044587 -1.536686 -1.494374
v -0.05534 -1.549813 -1.506678
v -0.139955 -1.522442 -1.526532
v -0.176937 -1.465027 -1.546352
v -0.152161 -1.399499 -1.558568
v -0.07509 -1.350887 -1.558512
v 0.024837 -1.33776 -1.546208
v 0.109452 -1.365131 -1.526354
v 0.145119 -1.497716 -1.513121
v 0.171417 -1.422769 -1.519725
v 0.061275 -1.555495 -1.527264
v -0.04809 -1.574037 -1.55675
v -0.141202 -1.546258 -1.590317
v -0.182496 -1.482771 -1.615144
v -0.156198 -1.407824 -1.621747
v -0.072354 -1.350044 -1.607605
v 0.037011 -1.331503 -1.578119
v 0.130123 -1.359281 -1.544552
v 0.162758 -1.503955 -1.535258
v 0.188096 -1.423941 -1.536054
v 0.078682 -1.566931 -1.561691
v -0.032015 -1.588814 -1.605257
v -0.127053 -1.561245 -1.649315
v -0.17013 -1.494755 -1.677036
v -0.144791 -1.41474 -1.677832
v -0.060716 -1.351764 -1.651399
v 0.049982 -1.329881 -1.607833
v 0.14502 -1.35745 -1.563776
v 0.166848 -1.505388 -1.569012
v 0.188147 -1.428922 -1.565391
v 0.092042 -1.565954 -1.601273
v -0.007698 -1.587486 -1.649852
v -0.094275 -1.561759 -1.696194
v -0.134619 -1.4986 -1.722597
v -0.113321 -1.422134 -1.718977
v -0.038515 -1.361568 -1.686715
v 0.061226 -1.340036 -1.638136
v 0.147803 -1.365763 -1.591795
v 0.175034 -1.505832 -1.606977
v 0.192856 -1.433281 -1.600503
v 0.108021 -1.563264 -1.641343
v 0.017414 -1.583641 -1.690475
v -0.062179 -1.559178 -1.735606
v -0.100356 -1.499219 -1.759497
v -0.082534 -1.426668 -1.753023
v -0.015521 -1.369236 -1.718657
v 0.075086 -1.348859 -1.669525
v 0.154679 -1.373322 -1.624394
v 0.185856 -1.504964 -1.648405
v 0.200846 -1.436533 -1.64029
v 0.125043 -1.558914 -1.681873
v 0.041635 -1.577778 -1.727911
v -0.032508 -1.554349 -1.768935
v -0.069067 -1.497577 -1.789273
v -0.054078 -1.429147 -1.781158
v 0.006736 -1.375196 -1.74769
v 0.090143 -1.356333 -1.701651
v 0.164287 -1.379761 -1.660628
v 0.197415 -1.502627 -1.69301
v 0.210198 -1.438417 -1.684208
v 0.141361 -1.553007 -1.72303
v 0.063446 -1.570313 -1.7628
v -0.006569 -1.547934 -1.79713
v -0.04194 -1.494419 -1.812906
v -0.029157 -1.430208 -1.804103
v 0.026897 -1.379828 -1.774084
v 0.104812 -1.362523 -1.734314
v 0.174827 -1.384901 -1.699984
v 0.198717 -1.495148 -1.744135
v 0.209176 -1.440826 -1.73611
v 0.150329 -1.537792 -1.766449
v 0.082494 -1.552471 -1.79453
v 0.021123 -1.533578 -1.817651
v -0.010342 -1.488328 -1.826981
v 0.000117 -1.434007 -1.818956
v 0.048505 -1.391362 -1.796641
v 0.11634 -1.376683 -1.768561
v 0.177711 -1.395577 -1.74544
v 0.189958 -1.484569 -1.797019
v 0.198164 -1.442916 -1.790959
v 0.151288 -1.517516 -1.809552
v 0.096923 -1.529172 -1.82377
v 0.047631 -1.515084 -1.834243
v 0.022237 -1.480634 -1.836971
v 0.030443 -1.43898 -1.830911
v 0.069113 -1.406033 -1.818378
v 0.123477 -1.394378 -1.80416
v 0.17277 -1.408466 -1.793687
v 0.171887 -1.473239 -1.846157
v 0.177854 -1.444191 -1.842568
v 0.144164 -1.496561 -1.849699
v 0.105273 -1.505251 -1.851842
v 0.07007 -1.495988 -1.851766
v 0.052 -1.472311 -1.849502
v 0.057967 -1.443263 -1.845913
v 0.08569 -1.41994 -1.842371
v 0.124581 -1.41125 -1.840228
v 0.159784 -1.420513 -1.840304
v 0.143179 -1.462003 -1.88624
v 0.146582 -1.445547 -1.884912
v 0.127884 -1.475496 -1.884411
v 0.106538 -1.480872 -1.880123
v 0.087296 -1.476078 -1.875014
v 0.077507 -1.462944 -1.871036
v 0.08091 -1.446488 -1.869707
v 0.096205 -1.432995 -1.871536
v 0.117551 -1.427619 -1.875824
v 0.136793 -1.432414 -1.880933
v 0.106624 -1.451743 -1.912722
v 0.107328 -1.447972 -1.912487
v 0.10339 -1.454849 -1.911917
v 0.09886 -1.456102 -1.91038
v 0.094767 -1.455024 -1.908698
v 0.092672 -1.452028 -1.907513
v 0.093376 -1.448257 -1.907278
v 0.09661 -1.445151 -1.908083
v 0.10114 -1.443898 -1.90962
v 0.105233 -1.444976 -1.911302
vn 0.0 -0.032254 0.99948
vn 0.007257 0.059107 0.998225
vn 0.001283 0.059478 0.998229
vn 0.013285 0.058236 0.998214
vn 0.019334 0.056898 0.998193
vn 0.025386 0.055112 0.998157
vn 0.031435 0.052885 0.998106
vn 0.037474 0.050213 0.998035
vn 0.043496 0.047076 0.997944
vn 0.049486 0.043446 0.997829
vn 0.055417 0.039286 0.99769
vn 0.06125 0.034553 0.997524
vn 0.066928 0.029205 0.99733
vn 0.072377 0.023203 0.997107
vn 0.077506 0.016518 0.996855
vn 0.08221 0.009136 0.996573
vn 0.08637 0.001059 0.996263
vn 0.089857 -0.007684 0.995925
vn 0.092542 -0.017043 0.995563
vn 0.094295 -0.026938 0.99518
vn 0.094994 -0.037263 0.99478
vn 0.094534 -0.047885 0.994369
vn 0.092827 -0.058646 0.993954
vn 0.089812 -0.06937 0.99354
vn 0.085456 -0.079863 0.993136
vn 0.079762 -0.089924 0.99275
vn 0.072767 -0.099348 0.992389
vn 0.064542 -0.107932 0.992061
vn 0.055198 -0.115488 0.991774
vn 0.044875 -0.121842 0.991535
vn 0.033746 -0.126847 0.991348
vn 0.022006 -0.130384 0.991219
vn 0.009871 -0.13237 0.991151
vn -0.002432 -0.132757 0.991146
vn -0.01467 -0.131538 0.991203
vn -0.026613 -0.128743 0.991321
vn -0.038041 -0.124443 0.991497
vn -0.048749 -0.118742 0.991728
vn -0.058557 -0.111776 0.992007
vn -0.067311 -0.103708 0.992327
vn -0.07489 -0.09472 0.992683
vn -0.081206 -0.085009 0.993066
vn -0.086209 -0.074776 0.993467
vn -0.089883 -0.064223 0.993879
vn -0.092247 -0.053546 0.994295
vn -0.09335 -0.042927 0.994708
vn -0.093267 -0.032528 0.99511
vn -0.092096 -0.022491 0.995496
vn -0.08995 -0.012931 0.995862
vn -0.086954 -0.003938 0.996205
vn -0.083235 0.004427 0.99652
vn -0.07892 0.012127 0.996807
vn -0.074127 0.019147 0.997065
vn -0.068966 0.025494 0.997293
vn -0.063533 0.031191 0.997492
vn -0.057906 0.036269 0.997663
vn -0.052147 0.040767 0.997807
vn -0.046303 0.044726 0.997926
vn -0.040405 0.048183 0.998021
vn -0.034471 0.051169 0.998095
vn -0.028514 0.053703 0.99815
vn -0.022538 0.055795 0.998188
vn -0.016552 0.057441 0.998212
vn -0.010569 0.058624 0.998224
vn -0.004619 0.059314 0.998229
vn 0.01177 0.105458 0.994354
vn 0.001278 0.106022 0.994363
vn 0.022257 0.10404 0.994324
vn 0.032702 0.101854 0.994262
vn 0.043108 0.098955 0.994158
vn 0.053489 0.095369 0.994004
vn 0.063869 0.091091 0.993792
vn 0.074263 0.086085 0.993516
vn 0.084672 0.080289 0.993169
vn 0.095076 0.073619 0.992744
vn 0.105422 0.065977 0.992236
vn 0.115624 0.05726 0.991641
vn 0.125555 0.047369 0.990955
vn 0.135055 0.036222 0.990176
vn 0.143926 0.023762 0.989303
vn 0.151941 0.009967 0.988339
vn 0.158854 -0.005141 0.987289
vn 0.164404 -0.021487 0.986159
vn 0.168333 -0.038946 0.98496
vn 0.170392 -0.057334 0.983707
vn 0.170358 -0.076414 0.982415
vn 0.168043 -0.095899 0.981104
vn 0.163309 -0.115459 0.979796
vn 0.156072 -0.134731 0.978514
vn 0.146315 -0.153331 0.977283
vn 0.134088 -0.170863 0.976128
vn 0.119512 -0.186938 0.975075
vn 0.102779 -0.201185 0.974146
vn 0.084145 -0.213266 0.973364
vn 0.063928 -0.222887 0.972746
vn 0.042493 -0.22981 0.972307
vn 0.020248 -0.233861 0.972059
vn -0.002377 -0.234939 0.972007
vn -0.024938 -0.233017 0.972153
vn -0.046992 -0.228145 0.972492
vn -0.068115 -0.220447 0.973018
vn -0.087911 -0.210116 0.973716
vn -0.106028 -0.197409 0.974571
vn -0.122168 -0.182634 0.975561
vn -0.136092 -0.16614 0.976666
vn -0.147632 -0.148305 0.97786
vn -0.156687 -0.129522 0.979119
vn -0.163229 -0.110181 0.980416
vn -0.167297 -0.090662 0.981729
vn -0.168991 -0.071318 0.983034
vn -0.168467 -0.052465 0.98431
vn -0.165923 -0.034375 0.985539
vn -0.16159 -0.017266 0.986707
vn -0.155721 -0.001304 0.9878
vn -0.148575 0.013401 0.98881
vn -0.140407 0.026794 0.989731
vn -0.131458 0.038867 0.990559
vn -0.121944 0.049652 0.991294
vn -0.11205 0.059215 0.991937
vn -0.101925 0.067645 0.99249
vn -0.091681 0.07504 0.992957
vn -0.081392 0.081503 0.993344
vn -0.071101 0.087127 0.993657
vn -0.06082 0.091987 0.993901
vn -0.050543 0.096136 0.994084
vn -0.04025 0.099599 0.994213
vn -0.029922 0.102371 0.994296
vn -0.019548 0.104413 0.994342
vn -0.009142 0.105659 0.99436
vn 0.016556 0.154265 0.987891
vn 0.00127 0.155038 0.987908
vn 0.031801 0.152249 0.98783
vn 0.046961 0.149124 0.987703
vn 0.062044 0.144979 0.987488
vn 0.077081 0.139857 0.987167
vn 0.092114 0.133752 0.986725
vn 0.107173 0.126615 0.986145
vn 0.12227 0.118353 0.985415
vn 0.137379 0.108839 0.984521
vn 0.15243 0.097926 0.983451
vn 0.1673 0.085457 0.982195
vn 0.181808 0.071281 0.980747
vn 0.195718 0.05527 0.979101
vn 0.208741 0.037333 0.977258
vn 0.220542 0.017435 0.975222
vn 0.230755 -0.004397 0.973002
vn 0.238998 -0.028059 0.970615
vn 0.244885 -0.053367 0.968082
vn 0.24805 -0.080056 0.965434
vn 0.248165 -0.107777 0.962704
vn 0.244952 -0.136112 0.959933
vn 0.238206 -0.164579 0.957168
vn 0.227807 -0.192648 0.954458
vn 0.213726 -0.219756 0.951855
vn 0.196038 -0.24533 0.949412
vn 0.174918 -0.268803 0.947179
vn 0.150645 -0.289637 0.945207
vn 0.123591 -0.307339 0.94354
vn 0.094214 -0.321484 0.942216
vn 0.063045 -0.331723 0.941268
vn 0.030669 -0.337804 0.940717
vn -0.002288 -0.339574 0.940577
vn -0.035184 -0.33699 0.940851
vn -0.067378 -0.330117 0.941532
vn -0.098251 -0.319127 0.942605
vn -0.127226 -0.304293 0.944044
vn -0.153787 -0.285979 0.945815
vn -0.177491 -0.264626 0.947877
vn -0.197983 -0.240737 0.950183
vn -0.215006 -0.214857 0.952685
vn -0.228405 -0.187557 0.955329
vn -0.238126 -0.159409 0.958063
vn -0.244217 -0.13097 0.960835
vn -0.246818 -0.102761 0.963598
vn -0.24615 -0.075252 0.966306
vn -0.2425 -0.048847 0.968921
vn -0.236207 -0.023877 0.971409
vn -0.227643 -0.000591 0.973744
vn -0.217193 0.020846 0.975906
vn -0.205235 0.040347 0.977881
vn -0.192131 0.057899 0.97966
vn -0.178204 0.07355 0.981241
vn -0.163731 0.087399 0.982626
vn -0.148937 0.099581 0.98382
vn -0.133988 0.110247 0.984831
vn -0.118996 0.119554 0.985671
vn -0.10402 0.127644 0.98635
vn -0.089076 0.134636 0.986883
vn -0.074147 0.140613 0.987284
vn -0.059199 0.145615 0.987569
vn -0.044195 0.149635 0.987753
vn -0.029108 0.152618 0.987856
vn -0.013944 0.154464 0.9879
vn 0.021364 0.203242 0.978895
vn 0.001259 0.204226 0.978923
vn 0.041398 0.20062 0.978794
vn 0.061307 0.196538 0.978578
vn 0.081102 0.191119 0.978211
vn 0.100828 0.184421 0.977662
vn 0.120538 0.176441 0.976903
vn 0.140276 0.167113 0.975908
vn 0.160058 0.156316 0.974652
vn 0.179852 0.143884 0.973114
vn 0.199566 0.129624 0.971273
vn 0.219037 0.113329 0.969113
vn 0.238027 0.094801 0.966621
vn 0.256222 0.073874 0.963791
vn 0.273242 0.050431 0.960622
vn 0.288646 0.024428 0.957124
vn 0.301954 -0.004093 0.953314
vn 0.312664 -0.034992 0.949219
vn 0.320274 -0.068022 0.94488
vn 0.324311 -0.102828 0.940345
vn 0.32435 -0.138952 0.935676
vn 0.320039 -0.175843 0.930942
vn 0.311123 -0.212873 0.926222
vn 0.297452 -0.249351 0.9216
vn 0.279004 -0.284552 0.917162
vn 0.255884 -0.317737 0.912999
vn 0.228328 -0.34818 0.909196
vn 0.196701 -0.375195 0.905835
vn 0.161489 -0.398156 0.902991
vn 0.123283 -0.416521 0.900728
vn 0.082763 -0.429851 0.899099
vn 0.040681 -0.437824 0.89814
vn -0.002167 -0.440245 0.897875
vn -0.044957 -0.437057 0.89831
vn -0.086872 -0.428336 0.899434
vn -0.127117 -0.414295 0.901222
vn -0.164951 -0.395273 0.903632
vn -0.199704 -0.371725 0.906608
vn -0.230797 -0.344207 0.910085
vn -0.257762 -0.313355 0.913984
vn -0.280253 -0.279864 0.918224
vn -0.298051 -0.244462 0.922715
vn -0.311071 -0.20789 0.927371
vn -0.319355 -0.17087 0.932103
vn -0.32307 -0.134083 0.936829
vn -0.322487 -0.098149 0.941472
vn -0.317971 -0.063605 0.945965
vn -0.309956 -0.030894 0.950249
vn -0.298922 -0.000352 0.954278
vn -0.285371 0.027791 0.958014
vn -0.269804 0.053409 0.961433
vn -0.252695 0.076476 0.964519
vn -0.234475 0.097051 0.967266
vn -0.215514 0.115257 0.969675
vn -0.196113 0.131268 0.971755
vn -0.176497 0.145284 0.97352
vn -0.156816 0.15751 0.974987
vn -0.137151 0.168135 0.976176
vn -0.117525 0.177319 0.977111
vn -0.097918 0.185173 0.977816
vn -0.078281 0.19175 0.978317
vn -0.058564 0.197045 0.978644
vn -0.038727 0.200986 0.978828
vn -0.018774 0.203439 0.978908
vn 0.026131 0.251799 0.967427
vn 0.001245 0.252994 0.967467
vn 0.050919 0.248571 0.967274
vn 0.075541 0.243532 0.966947
vn 0.100012 0.236833 0.966389
vn 0.124384 0.22855 0.965554
vn 0.148722 0.218679 0.964397
vn 0.173078 0.207142 0.962879
vn 0.19747 0.19379 0.960964
vn 0.221855 0.178423 0.958616
vn 0.246116 0.160802 0.955808
vn 0.270047 0.140677 0.952515
vn 0.293351 0.117809 0.948718
vn 0.315637 0.092 0.944409
vn 0.336433 0.063115 0.93959
vn 0.355194 0.031109 0.934275
vn 0.37133 -0.003952 0.928492
vn 0.384229 -0.041885 0.922287
vn 0.393282 -0.082372 0.91572
vn 0.397921 -0.124966 0.908869
vn 0.39764 -0.1691 0.901825
vn 0.392029 -0.214091 0.894694
vn 0.380796 -0.259171 0.887595
vn 0.363782 -0.303503 0.880652
vn 0.340979 -0.346213 0.873997
vn 0.312536 -0.386416 0.867758
vn 0.278753 -0.42325 0.862065
vn 0.240086 -0.455903 0.857036
vn 0.197123 -0.48364 0.852781
vn 0.150579 -0.505825 0.849392
vn 0.10127 -0.521947 0.846945
vn 0.050089 -0.531628 0.845495
vn -0.002016 -0.534643 0.845076
vn -0.05407 -0.530919 0.845696
vn -0.1051 -0.520544 0.847342
vn -0.154163 -0.503761 0.849976
vn -0.20037 -0.48096 0.853539
vn -0.242914 -0.452669 0.857953
vn -0.281094 -0.419535 0.86312
vn -0.314332 -0.382302 0.868931
vn -0.342191 -0.341793 0.875262
vn -0.364384 -0.298874 0.881985
vn -0.380783 -0.254432 0.888971
vn -0.391413 -0.209339 0.896088
vn -0.396449 -0.164426 0.903212
vn -0.396201 -0.120455 0.910228
vn -0.391091 -0.078094 0.917033
vn -0.381635 -0.037898 0.923536
vn -0.36841 -0.000299 0.929664
vn -0.352025 0.034404 0.935358
vn -0.333092 0.066043 0.940579
vn -0.312198 0.094566 0.945299
vn -0.289877 0.120034 0.949507
vn -0.266592 0.142588 0.953204
vn -0.242721 0.162434 0.9564
vn -0.218551 0.179815 0.959115
vn -0.194272 0.194979 0.961375
vn -0.169993 0.20816 0.963209
vn -0.145745 0.219553 0.964653
vn -0.121506 0.229297 0.965743
vn -0.097221 0.23746 0.96652
vn -0.072827 0.244035 0.967028
vn -0.048276 0.248934 0.967316
vn -0.023569 0.251994 0.967442
vn 0.030826 0.299636 0.953555
vn 0.001227 0.30104 0.953611
vn 0.060298 0.295807 0.953343
vn 0.089565 0.289815 0.952883
vn 0.11864 0.281839 0.952098
vn 0.14758 0.271972 0.950921
vn 0.17646 0.26021 0.949291
vn 0.205336 0.246462 0.94715
vn 0.234222 0.230555 0.944449
vn 0.263062 0.212255 0.941141
vn 0.291711 0.191285 0.937185
vn 0.319917 0.167355 0.932548
vn 0.347322 0.140193 0.927207
vn 0.373456 0.109575 0.921153
vn 0.397756 0.075359 0.914391
vn 0.419579 0.037509 0.906943
vn 0.438231 -0.003881 0.898854
vn 0.452996 -0.048571 0.890189
vn 0.463174 -0.096171 0.881034
vn 0.468113 -0.146137 0.871501
vn 0.467247 -0.197789 0.861719
vn 0.460124 -0.250322 0.851836
vn 0.446432 -0.302835 0.842015
vn 0.42602 -0.354358 0.832429
vn 0.398911 -0.403885 0.823254
vn 0.365304 -0.450412 0.814667
vn 0.325571 -0.492963 0.80684
vn 0.280253 -0.530626 0.799934
vn 0.23004 -0.562582 0.794092
vn 0.175753 -0.588129 0.78944
vn 0.118325 -0.6067 0.786076
vn 0.058771 -0.617879 0.784073
vn -0.001839 -0.621418 0.783477
vn -0.062406 -0.617237 0.784299
vn -0.121829 -0.605427 0.786521
vn -0.179041 -0.586252 0.790097
vn -0.233032 -0.560139 0.794947
vn -0.282875 -0.527665 0.800969
vn -0.327758 -0.489546 0.808034
vn -0.367 -0.446611 0.815996
vn -0.400075 -0.39978 0.824692
vn -0.426623 -0.350033 0.833948
vn -0.446462 -0.298382 0.843588
vn -0.459585 -0.245831 0.853433
vn -0.466161 -0.193347 0.863314
vn -0.466516 -0.141825 0.873068
vn -0.461116 -0.09206 0.882551
vn -0.450539 -0.044721 0.891636
vn -0.435445 -0.000335 0.900215
vn -0.416539 0.040722 0.908205
vn -0.394535 0.078226 0.915545
vn -0.370125 0.112098 0.922194
vn -0.343944 0.142387 0.928132
vn -0.316547 0.169245 0.933356
vn -0.288391 0.192904 0.93788
vn -0.259822 0.213638 0.941728
vn -0.23108 0.231738 0.944934
vn -0.202299 0.247475 0.947539
vn -0.173526 0.26108 0.949592
vn -0.144742 0.272716 0.951145
vn -0.115886 0.282463 0.952253
vn -0.086886 0.290314 0.952979
vn -0.05769 0.296167 0.953392
vn -0.028298 0.299829 0.953573
vn 0.035426 0.346544 0.937365
vn 0.001207 0.348153 0.937437
vn 0.069493 0.342121 0.937082
vn 0.103314 0.335184 0.936471
vn 0.136897 0.325941 0.935426
vn 0.170305 0.314497 0.933857
vn 0.203614 0.30085 0.931682
vn 0.236884 0.284897 0.928827
vn 0.270121 0.266444 0.925225
vn 0.303252 0.245227 0.920816
vn 0.336097 0.220933 0.915547
vn 0.36836 0.193242 0.909378
vn 0.399615 0.161853 0.902281
vn 0.429317 0.126528 0.894247
vn 0.456813 0.087124 0.885286
vn 0.481365 0.043624 0.875434
vn 0.502183 -0.003838 0.864753
vn 0.51846 -0.05496 0.853334
vn 0.529417 -0.109269 0.841296
vn 0.534336 -0.166127 0.828786
vn 0.532607 -0.22474 0.815979
vn 0.523756 -0.284186 0.803068
vn 0.507472 -0.343443 0.790266
vn 0.483628 -0.401423 0.777794
vn 0.45229 -0.457012 0.765881
vn 0.413718 -0.509105 0.754751
vn 0.36836 -0.556641 0.744622
vn 0.31684 -0.598637 0.735694
vn 0.25994 -0.634216 0.728149
vn 0.198575 -0.662632 0.722141
vn 0.133773 -0.683284 0.717793
vn 0.066645 -0.695737 0.715198
vn -0.001641 -0.699727 0.714409
vn -0.06989 -0.695168 0.715442
vn -0.136908 -0.682154 0.718277
vn -0.201528 -0.66096 0.722854
vn -0.262642 -0.632032 0.729079
vn -0.319225 -0.595977 0.736822
vn -0.370367 -0.553555 0.745926
vn -0.415294 -0.50565 0.756206
vn -0.453392 -0.453256 0.76746
vn -0.484224 -0.39744 0.779467
vn -0.507543 -0.339312 0.792002
vn -0.523299 -0.279991 0.804838
vn -0.531634 -0.220562 0.817752
vn -0.532874 -0.162044 0.830534
vn -0.527508 -0.105351 0.842993
vn -0.516158 -0.051266 0.854957
vn -0.499551 -0.000417 0.866284
vn -0.478472 0.04674 0.876858
vn -0.45373 0.089919 0.886591
vn -0.426112 0.128999 0.895426
vn -0.39635 0.164011 0.903331
vn -0.365089 0.195108 0.910298
vn -0.332864 0.222536 0.91634
vn -0.300087 0.246599 0.921486
vn -0.267045 0.26762 0.925779
vn -0.233905 0.285905 0.929272
vn -0.200732 0.301715 0.932027
vn -0.167513 0.315235 0.934112
vn -0.134187 0.326559 0.935603
vn -0.100676 0.335678 0.936581
vn -0.066926 0.342477 0.93714
vn -0.03294 0.346735 0.937385
vn 0.039917 0.392355 0.918948
vn 0.001184 0.394165 0.919039
vn 0.07847 0.387347 0.918588
vn 0.116735 0.379476 0.917807
vn 0.154715 0.368977 0.916471
vn 0.192469 0.355967 0.914463
vn 0.230077 0.340447 0.91168
vn 0.267594 0.322302 0.908028
vn 0.305017 0.30132 0.903422
vn 0.342248 0.277209 0.897787
vn 0.379075 0.249629 0.89106
vn 0.415147 0.218232 0.883192
vn 0.449975 0.182701 0.874152
vn 0.482937 0.14279 0.863935
vn 0.513291 0.098365 0.852559
vn 0.540213 0.04944 0.840075
vn 0.562823 -0.003801 0.826568
vn 0.580238 -0.06099 0.81216
vn 0.591611 -0.121566 0.797005
vn 0.596181 -0.18479 0.781294
vn 0.59331 -0.24976 0.765247
vn 0.582522 -0.315444 0.749109
vn 0.563526 -0.380711 0.733142
vn 0.536237 -0.444374 0.717622
vn 0.500776 -0.505229 0.702828
vn 0.457473 -0.562098 0.689032
vn 0.406852 -0.61386 0.676496
vn 0.34962 -0.65949 0.665462
vn 0.286639 -0.698077 0.656145
vn 0.218905 -0.728856 0.648729
vn 0.147519 -0.751215 0.643362
vn 0.073664 -0.76471 0.64015
vn -0.001423 -0.769073 0.639159
vn -0.076482 -0.764218 0.640408
vn -0.150249 -0.750236 0.643872
vn -0.221489 -0.727403 0.649483
vn -0.28902 -0.696168 0.657128
vn -0.35174 -0.657151 0.666657
vn -0.408656 -0.611128 0.677881
vn -0.45891 -0.559016 0.690582
vn -0.501802 -0.501851 0.704514
vn -0.536816 -0.44076 0.719415
vn -0.563634 -0.376932 0.73501
vn -0.582146 -0.311572 0.751019
vn -0.592453 -0.245872 0.767167
vn -0.594862 -0.180959 0.783194
vn -0.589862 -0.117862 0.798856
vn -0.578104 -0.057473 0.813937
vn -0.560359 -0.000521 0.828249
vn -0.537482 0.052448 0.841643
vn -0.51036 0.101079 0.854
vn -0.479871 0.145202 0.86524
vn -0.446836 0.184818 0.875317
vn -0.411987 0.22007 0.884215
vn -0.375939 0.251213 0.891943
vn -0.339169 0.278569 0.898534
vn -0.302015 0.302487 0.90404
vn -0.26468 0.323305 0.908525
vn -0.227253 0.341307 0.912067
vn -0.189731 0.356701 0.914749
vn -0.152054 0.369591 0.916669
vn -0.114145 0.379966 0.917931
vn -0.075949 0.387698 0.918652
vn -0.037476 0.392542 0.91897
vn 0.044283 0.436926 0.898407
vn 0.001158 0.438933 0.898519
vn 0.087201 0.431344 0.897963
vn 0.129787 0.422554 0.896997
vn 0.172034 0.410813 0.895342
vn 0.213999 0.396253 0.892854
vn 0.255759 0.378874 0.889405
vn 0.29736 0.358555 0.884881
vn 0.338784 0.335066 0.879179
vn 0.379909 0.308092 0.872209
vn 0.42048 0.277272 0.863896
vn 0.460095 0.242238 0.854186
vn 0.498197 0.202663 0.843047
vn 0.534088 0.158303 0.830476
vn 0.566945 0.109046 0.816506
vn 0.595858 0.054944 0.801208
vn 0.619874 -0.003761 0.784692
vn 0.638041 -0.066622 0.767115
vn 0.649465 -0.13299 0.748671
vn 0.653356 -0.202024 0.729597
vn 0.649071 -0.272719 0.710163
vn 0.636151 -0.343939 0.690665
vn 0.614344 -0.414458 0.671421
vn 0.583618 -0.483009 0.652757
vn 0.544166 -0.548321 0.635002
vn 0.496392 -0.609165 0.618476
vn 0.4409 -0.664389 0.603485
vn 0.378473 -0.712949 0.590307
vn 0.310044 -0.753929 0.579192
vn 0.236673 -0.786567 0.570349
vn 0.159516 -0.810257 0.563949
vn 0.079802 -0.824564 0.560113
vn -0.00119 -0.829224 0.558915
vn -0.082161 -0.824152 0.560378
vn -0.16181 -0.809435 0.564475
vn -0.238859 -0.785341 0.571128
vn -0.312075 -0.752307 0.580209
vn -0.380301 -0.710946 0.591546
vn -0.442477 -0.662027 0.604925
vn -0.497669 -0.606474 0.620092
vn -0.545099 -0.54534 0.636766
vn -0.584168 -0.479787 0.654639
vn -0.614479 -0.411052 0.673388
vn -0.635852 -0.340412 0.692684
vn -0.648331 -0.269141 0.7122
vn -0.652183 -0.198465 0.731621
vn -0.647881 -0.129517 0.75065
vn -0.636082 -0.063297 0.769021
vn -0.617587 -0.000634 0.786502
vn -0.593301 0.057832 0.802901
vn -0.564177 0.11167 0.818067
vn -0.531173 0.160649 0.831894
vn -0.495194 0.204732 0.844315
vn -0.457057 0.244044 0.855302
vn -0.417451 0.278835 0.864862
vn -0.376924 0.309438 0.873027
vn -0.335865 0.336223 0.879857
vn -0.294519 0.359551 0.885428
vn -0.252999 0.379729 0.88983
vn -0.21132 0.396981 0.893169
vn -0.169428 0.411421 0.89556
vn -0.127249 0.423037 0.897133
vn -0.084731 0.43169 0.898034
vn -0.041893 0.43711 0.898432
vn 0.048512 0.480135 0.875852
vn 0.00113 0.482334 0.875986
vn 0.095661 0.473991 0.875318
vn 0.142431 0.464297 0.874152
vn 0.188806 0.451333 0.872153
vn 0.234834 0.43524 0.869149
vn 0.280583 0.416022 0.864985
vn 0.326091 0.393551 0.859524
vn 0.371319 0.367581 0.852647
vn 0.416113 0.337783 0.844247
vn 0.460177 0.303777 0.83424
vn 0.503051 0.265184 0.822567
vn 0.544114 0.221674 0.809197
vn 0.58259 0.173019 0.794137
vn 0.61758 0.119135 0.777433
vn 0.648099 0.060123 0.759179
vn 0.673127 -0.003708 0.739518
vn 0.691661 -0.071828 0.718642
vn 0.702774 -0.143494 0.696791
vn 0.705666 -0.217764 0.674251
vn 0.699709 -0.293534 0.651341
vn 0.684479 -0.369575 0.628413
vn 0.659781 -0.444583 0.605835
vn 0.625651 -0.517224 0.583986
vn 0.582362 -0.586184 0.563244
vn 0.530398 -0.650208 0.543974
vn 0.470446 -0.708136 0.52652
vn 0.403357 -0.758932 0.511199
vn 0.330127 -0.801701 0.498289
vn 0.251861 -0.835702 0.488025
vn 0.169752 -0.860356 0.480596
vn 0.085053 -0.875248 0.476137
vn -0.000944 -0.88013 0.474732
vn -0.086927 -0.874918 0.476406
vn -0.171585 -0.859694 0.481128
vn -0.253623 -0.834707 0.488814
vn -0.331784 -0.800373 0.499322
vn -0.404871 -0.757273 0.512461
vn -0.471775 -0.706155 0.527991
vn -0.531498 -0.647919 0.545629
vn -0.583186 -0.583614 0.565057
vn -0.626159 -0.514407 0.585927
vn -0.659934 -0.441565 0.607871
vn -0.684251 -0.36641 0.630511
vn -0.699083 -0.290284 0.653467
vn -0.704639 -0.214493 0.67637
vn -0.701358 -0.140268 0.698872
vn -0.689882 -0.068708 0.720654
vn -0.671025 -0.000747 0.741435
vn -0.645723 0.06288 0.760978
vn -0.614985 0.121659 0.779097
vn -0.579835 0.175292 0.795653
vn -0.541256 0.223692 0.810557
vn -0.500144 0.266953 0.823767
vn -0.457264 0.305315 0.83528
vn -0.413229 0.339112 0.84513
vn -0.368489 0.368727 0.853379
vn -0.323329 0.394537 0.860115
vn -0.277895 0.416869 0.865445
vn -0.232218 0.435961 0.86949
vn -0.186259 0.451933 0.87239
vn -0.139951 0.464774 0.874299
vn -0.093248 0.474331 0.875394
vn -0.046178 0.480316 0.875879
vn 0.052595 0.521877 0.851398
vn 0.0011 0.524263 0.851555
vn 0.10383 0.515184 0.850767
vn 0.154637 0.504604 0.849389
vn 0.204988 0.490435 0.847026
vn 0.254919 0.472831 0.843473
vn 0.304487 0.451797 0.838551
vn 0.353713 0.427199 0.832099
vn 0.402534 0.398782 0.823978
vn 0.450763 0.366203 0.814069
vn 0.498055 0.329073 0.802279
vn 0.543895 0.287008 0.788546
vn 0.587594 0.239686 0.772842
vn 0.628303 0.1869 0.755184
vn 0.665052 0.128607 0.73564
vn 0.696788 0.064966 0.714329
vn 0.722436 -0.003639 0.691428
vn 0.740957 -0.07659 0.667171
vn 0.751408 -0.153046 0.641844
vn 0.752997 -0.231969 0.615781
vn 0.745128 -0.312159 0.589357
vn 0.727431 -0.392307 0.562974
vn 0.699781 -0.471041 0.537053
vn 0.6623 -0.546983 0.512024
vn 0.615345 -0.618794 0.488308
vn 0.55949 -0.685217 0.466315
vn 0.495497 -0.745109 0.446425
vn 0.424287 -0.797465 0.428988
vn 0.346903 -0.841431 0.414309
vn 0.264485 -0.876313 0.402646
vn 0.17824 -0.901573 0.394205
vn 0.089422 -0.916831 0.389134
vn -0.000686 -0.92186 0.387523
vn -0.090789 -0.916583 0.389401
vn -0.17959 -0.901072 0.394736
vn -0.265801 -0.875552 0.403433
vn -0.348165 -0.8404 0.415342
vn -0.425466 -0.796154 0.430253
vn -0.496558 -0.743514 0.447903
vn -0.560392 -0.683339 0.467984
vn -0.616044 -0.616644 0.490143
vn -0.66275 -0.544583 0.513995
vn -0.699941 -0.468424 0.53913
vn -0.727264 -0.389517 0.565123
vn -0.744608 -0.30925 0.591543
vn -0.752112 -0.229 0.61797
vn -0.750159 -0.15008 0.644001
vn -0.73936 -0.073687 0.669266
vn -0.720522 -0.000855 0.693431
vn -0.694598 0.067583 0.716216
vn -0.662636 0.131023 0.737392
vn -0.625716 0.189093 0.756785
vn -0.584889 0.241646 0.774282
vn -0.541125 0.288737 0.789819
vn -0.495264 0.330584 0.803385
vn -0.447987 0.367514 0.81501
vn -0.399799 0.399915 0.824759
vn -0.351035 0.428176 0.83273
vn -0.301874 0.452636 0.839043
vn -0.252373 0.473544 0.843839
vn -0.202506 0.491028 0.847279
vn -0.152219 0.505073 0.849547
vn -0.101477 0.515518 0.850849
vn -0.050322 0.522054 0.851427
vn 0.056522 0.562062 0.825162
vn 0.001067 0.564629 0.825344
vn 0.111689 0.554834 0.82443
vn 0.166379 0.543387 0.82283
vn 0.220545 0.528036 0.820084
vn 0.27421 0.508944 0.815956
vn 0.327416 0.48612 0.810238
vn 0.380162 0.459425 0.802748
vn 0.432358 0.428599 0.793328
vn 0.483776 0.39329 0.781846
vn 0.534026 0.353104 0.768202
vn 0.582531 0.307662 0.752331
vn 0.628535 0.256657 0.734214
vn 0.671123 0.199916 0.713882
vn 0.709256 0.137444 0.691423
vn 0.741823 0.069466 0.666988
vn 0.767708 -0.003551 0.64079
vn 0.785846 -0.080896 0.613108
vn 0.795298 -0.161631 0.584274
vn 0.795296 -0.244621 0.554676
vn 0.785294 -0.32858 0.524737
vn 0.764992 -0.412126 0.494914
vn 0.73435 -0.493836 0.465677
vn 0.693585 -0.572303 0.437503
vn 0.643149 -0.646185 0.410858
vn 0.583708 -0.714244 0.386188
vn 0.516101 -0.775377 0.363911
vn 0.441308 -0.828633 0.344404
vn 0.360415 -0.873223 0.327998
vn 0.274578 -0.908515 0.314971
vn 0.185003 -0.934033 0.305544
vn 0.092921 -0.949442 0.299876
vn -0.000419 -0.954546 0.298063
vn -0.093762 -0.949277 0.300138
vn -0.18585 -0.933694 0.306065
vn -0.275431 -0.907988 0.315745
vn -0.361263 -0.872489 0.329017
vn -0.442134 -0.827672 0.345654
vn -0.516876 -0.77417 0.365377
vn -0.584396 -0.71278 0.387849
vn -0.643707 -0.64446 0.41269
vn -0.693964 -0.570326 0.43948
vn -0.734503 -0.491628 0.467769
vn -0.764875 -0.40972 0.497087
vn -0.784873 -0.326021 0.526958
vn -0.794548 -0.241964 0.556909
vn -0.794213 -0.158934 0.586486
vn -0.784431 -0.07822 0.615264
vn -0.765983 -0.000953 0.64286
vn -0.739823 0.071935 0.668945
vn -0.707023 0.139746 0.693246
vn -0.668708 0.202023 0.715553
vn -0.625989 0.258555 0.735722
vn -0.579904 0.309347 0.753668
vn -0.531363 0.354584 0.769366
vn -0.481114 0.39458 0.782839
vn -0.429723 0.429717 0.794154
vn -0.377574 0.460391 0.803417
vn -0.324884 0.486949 0.81076
vn -0.271738 0.509649 0.816344
vn -0.218132 0.52862 0.820353
vn -0.164027 0.543848 0.822998
vn -0.109401 0.55516 0.824517
vn -0.054314 0.562234 0.825192
vn 0.060285 0.600614 0.797264
vn 0.001032 0.603356 0.797471
vn 0.119223 0.592866 0.796427
vn 0.177633 0.580572 0.794596
vn 0.235446 0.564063 0.791453
vn 0.292671 0.54351 0.786728
vn 0.349326 0.518925 0.780185
vn 0.405387 0.490168 0.771619
vn 0.460731 0.456975 0.760855
vn 0.51509 0.418991 0.747749
vn 0.56802 0.375824 0.732195
vn 0.618885 0.327108 0.71413
vn 0.666864 0.27256 0.693544
vn 0.710977 0.212047 0.670483
vn 0.750122 0.145633 0.645064
vn 0.783144 0.073619 0.617468
vn 0.808891 -0.003441 0.587949
vn 0.826293 -0.084741 0.55683
vn 0.834424 -0.169242 0.524493
vn 0.832561 -0.255718 0.491375
vn 0.820223 -0.342801 0.457954
vn 0.797195 -0.429048 0.424734
vn 0.763535 -0.512997 0.392234
vn 0.719565 -0.59323 0.360976
vn 0.665841 -0.668421 0.331466
vn 0.603121 -0.737371 0.304187
vn 0.532323 -0.799039 0.279587
vn 0.454483 -0.852552 0.258071
vn 0.370716 -0.897204 0.239991
vn 0.282183 -0.932447 0.225643
vn 0.190068 -0.957881 0.215261
vn 0.095562 -0.973232 0.209015
vn -0.000145 -0.97834 0.207006
vn -0.095862 -0.973148 0.209268
vn -0.190398 -0.957702 0.215766
vn -0.282555 -0.932153 0.226394
vn -0.371134 -0.896765 0.240981
vn -0.454939 -0.851939 0.25929
vn -0.532796 -0.79822 0.281021
vn -0.603578 -0.736321 0.305819
vn -0.66624 -0.667122 0.333274
vn -0.719857 -0.591679 0.362936
vn -0.763667 -0.511201 0.394318
vn -0.797116 -0.42703 0.426909
vn -0.819891 -0.340599 0.460186
vn -0.831942 -0.25338 0.493631
vn -0.833498 -0.166824 0.526736
vn -0.825055 -0.082301 0.559026
vn -0.807354 -0.001038 0.590067
vn -0.781333 0.075933 0.619478
vn -0.748075 0.147814 0.646943
vn -0.708737 0.214063 0.672212
vn -0.664481 0.274391 0.695108
vn -0.616406 0.328745 0.715521
vn -0.565489 0.377271 0.733409
vn -0.512546 0.420257 0.748786
vn -0.458202 0.458076 0.76172
vn -0.402893 0.491121 0.77232
vn -0.346878 0.519743 0.780732
vn -0.290276 0.544205 0.787134
vn -0.233107 0.564638 0.791735
vn -0.175351 0.581024 0.794772
vn -0.117005 0.593185 0.796519
vn -0.058147 0.600781 0.797296
vn 0.06388 0.637469 0.767823
vn 0.000995 0.640381 0.768056
vn 0.126421 0.629218 0.766879
vn 0.188381 0.6161 0.764809
vn 0.249669 0.598459 0.761257
vn 0.31027 0.576474 0.755917
vn 0.370181 0.55016 0.748525
vn 0.429347 0.519379 0.738855
vn 0.48761 0.483866 0.726712
vn 0.544655 0.443267 0.711944
vn 0.599986 0.397202 0.694441
vn 0.652906 0.34532 0.674142
vn 0.702531 0.287375 0.65105
vn 0.747818 0.223281 0.625231
vn 0.787613 0.15317 0.596829
vn 0.82072 0.077423 0.566061
vn 0.845969 -0.00331 0.533223
vn 0.862294 -0.088124 0.498681
vn 0.868802 -0.175882 0.46287
vn 0.864825 -0.265268 0.426276
vn 0.849962 -0.35484 0.389426
vn 0.824099 -0.443103 0.352874
vn 0.787406 -0.52857 0.317184
vn 0.740316 -0.609826 0.28292
vn 0.683498 -0.685578 0.250626
vn 0.617806 -0.754689 0.220817
vn 0.544235 -0.816201 0.193972
vn 0.463873 -0.869336 0.170517
vn 0.377857 -0.913497 0.150825
vn 0.287338 -0.948238 0.135207
vn 0.193463 -0.973252 0.123909
vn 0.097359 -0.988335 0.117107
vn 0.000137 -0.993376 0.114909
vn -0.097104 -0.988332 0.117349
vn -0.19326 -0.97323 0.12439
vn -0.287215 -0.948173 0.135925
vn -0.377829 -0.913351 0.151775
vn -0.463943 -0.869068 0.17169
vn -0.544389 -0.815767 0.195358
vn -0.618016 -0.754051 0.222402
vn -0.683723 -0.684706 0.25239
vn -0.740506 -0.608701 0.284842
vn -0.787503 -0.527188 0.319237
vn -0.824047 -0.441478 0.355028
vn -0.849707 -0.353 0.391649
vn -0.864325 -0.263255 0.428532
vn -0.868027 -0.173748 0.465125
vn -0.86123 -0.085926 0.500899
vn -0.844617 -0.001107 0.53537
vn -0.819098 0.079575 0.568108
vn -0.785751 0.155224 0.59875
vn -0.745755 0.2252 0.627005
vn -0.700312 0.289134 0.652659
vn -0.650578 0.346906 0.675578
vn -0.597592 0.398611 0.695696
vn -0.542233 0.444507 0.71302
vn -0.485189 0.484948 0.727611
vn -0.42695 0.520317 0.739583
vn -0.367822 0.550966 0.749095
vn -0.307957 0.577158 0.756341
vn -0.247407 0.599024 0.761551
vn -0.186173 0.616543 0.764993
vn -0.124276 0.629529 0.766974
vn -0.061815 0.637632 0.767857
vn 0.067301 0.67258 0.736958
vn 0.000957 0.675654 0.737218
vn 0.133273 0.663841 0.735903
vn 0.198609 0.649923 0.733591
vn 0.263193 0.631178 0.729619
vn 0.326985 0.607792 0.723651
vn 0.389953 0.579784 0.715392
vn 0.452011 0.547021 0.704595
vn 0.512959 0.509238 0.69105
vn 0.572436 0.466091 0.674594
vn 0.629888 0.417213 0.655114
vn 0.68456 0.362281 0.632558
vn 0.735505 0.30109 0.606941
vn 0.781622 0.233611 0.578353
vn 0.821712 0.16005 0.546967
vn 0.854548 0.080879 0.513036
vn 0.878952 -0.003156 0.476901
vn 0.893875 -0.091046 0.438974
vn 0.898469 -0.181558 0.399737
vn 0.892138 -0.273287 0.359728
vn 0.874576 -0.364724 0.319521
vn 0.845779 -0.45433 0.279717
vn 0.80604 -0.540606 0.240925
vn 0.755917 -0.622155 0.203747
vn 0.696195 -0.697734 0.168761
vn 0.62783 -0.766285 0.136516
vn 0.551975 -0.826884 0.107637
vn 0.469763 -0.8789 0.082811
vn 0.382142 -0.922015 0.062097
vn 0.290473 -0.955809 0.045331
vn 0.195731 -0.980102 0.033017
vn 0.098907 -0.994769 0.025522
vn 0.001003 -0.999733 0.023065
vn -0.096975 -0.994955 0.025709
vn -0.194023 -0.980429 0.033362
vn -0.289141 -0.956192 0.045776
vn -0.381332 -0.922319 0.062564
vn -0.46921 -0.87913 0.083503
vn -0.551717 -0.8269 0.108835
vn -0.627779 -0.766055 0.138035
vn -0.696231 -0.697284 0.170462
vn -0.755989 -0.621454 0.20561
vn -0.806087 -0.539638 0.242928
vn -0.845738 -0.453098 0.281831
vn -0.874386 -0.363248 0.321713
vn -0.891747 -0.271602 0.361965
vn -0.897837 -0.179712 0.401984
vn -0.892978 -0.089096 0.441195
vn -0.877781 -0.001159 0.479061
vn -0.853112 0.082864 0.515105
vn -0.820035 0.161972 0.548915
vn -0.779737 0.235428 0.580159
vn -0.733453 0.302772 0.608586
vn -0.682385 0.363811 0.634029
vn -0.627633 0.418582 0.656404
vn -0.570138 0.467302 0.6757
vn -0.510651 0.510299 0.691976
vn -0.449715 0.547942 0.705348
vn -0.387686 0.580577 0.715982
vn -0.324757 0.608463 0.72409
vn -0.261011 0.631731 0.729924
vn -0.196479 0.650355 0.733781
vn -0.131204 0.664143 0.736002
vn -0.065312 0.672737 0.736993
vn 0.070561 0.706062 0.704626
vn 0.000921 0.709294 0.704912
vn 0.139797 0.696851 0.703459
vn 0.208338 0.682154 0.7009
vn 0.27604 0.662331 0.696505
vn 0.342837 0.637573 0.689901
vn 0.408664 0.607904 0.680769
vn 0.473399 0.573195 0.668835
vn 0.536799 0.53319 0.653877
vn 0.598452 0.487555 0.635724
vn 0.657747 0.435945 0.614264
vn 0.713869 0.378072 0.589451
vn 0.765812 0.313777 0.561317
vn 0.812421 0.243101 0.529975
vn 0.852458 0.166331 0.49563
vn 0.884674 0.084032 0.458575
vn 0.907893 -0.002944 0.419191
vn 0.921098 -0.093486 0.37794
vn 0.923497 -0.18626 0.33535
vn 0.914579 -0.279779 0.292008
vn 0.894145 -0.372471 0.248535
vn 0.862316 -0.462762 0.205578
vn 0.819518 -0.549149 0.163787
vn 0.766443 -0.630269 0.1238
vn 0.704255 -0.704626 0.086764
vn 0.633539 -0.771899 0.052921
vn 0.556031 -0.830885 0.021433
vn 0.472316 -0.881403 -0.006809
vn 0.38342 -0.923056 -0.030936
vn 0.290793 -0.955452 -0.050513
vn 0.195584 -0.978535 -0.064927
vn 0.098681 -0.992383 -0.073741
vn 0.000938 -0.997055 -0.076683
vn -0.096805 -0.992575 -0.073649
vn -0.193703 -0.978924 -0.06471
vn -0.288881 -0.956053 -0.050112
vn -0.381427 -0.923903 -0.030266
vn -0.470497 -0.882383 -0.005724
vn -0.554605 -0.831809 0.02252
vn -0.632908 -0.77236 0.053732
vn -0.703833 -0.704913 0.08785
vn -0.766383 -0.629988 0.125586
vn -0.819503 -0.548592 0.165718
vn -0.862276 -0.46192 0.20763
vn -0.894011 -0.371357 0.250677
vn -0.914289 -0.278421 0.294206
vn -0.923001 -0.184702 0.337571
vn -0.920362 -0.091781 0.380146
vn -0.906898 -0.001153 0.421348
vn -0.883421 0.085851 0.460649
vn -0.850963 0.168122 0.497592
vn -0.810711 0.244819 0.5318
vn -0.763925 0.315386 0.562984
vn -0.711846 0.379548 0.590947
vn -0.65563 0.437277 0.61558
vn -0.596278 0.48874 0.636856
vn -0.534601 0.534232 0.654827
vn -0.471203 0.574102 0.669608
vn -0.406487 0.608685 0.681374
vn -0.340692 0.638233 0.690353
vn -0.273936 0.662874 0.69682
vn -0.206282 0.682577 0.701097
vn -0.1378 0.697146 0.703561
vn -0.068643 0.706215 0.704662
vn 0.077212 0.771582 0.631426
vn 0.001957 0.775207 0.631705
vn 0.151377 0.761445 0.630307
vn 0.224189 0.745343 0.627856
vn 0.295603 0.723659 0.623647
vn 0.365638 0.696585 0.617316
vn 0.434308 0.664118 0.608543
vn 0.501544 0.626089 0.597048
vn 0.567115 0.582212 0.582589
vn 0.630579 0.532152 0.564964
vn 0.691263 0.475607 0.544017
vn 0.748264 0.412388 0.519651
vn 0.800497 0.342491 0.491837
vn 0.846751 0.266145 0.46063
vn 0.885763 0.183849 0.426174
vn 0.916305 0.096376 0.388713
vn 0.937263 0.004762 0.348591
vn 0.947713 -0.089727 0.306251
vn 0.946981 -0.185648 0.262223
vn 0.934691 -0.28145 0.217115
vn 0.910781 -0.375543 0.171594
vn 0.875514 -0.466376 0.126367
vn 0.829605 -0.552193 0.082688
vn 0.773673 -0.632274 0.040745
vn 0.708905 -0.705304 -0.000357
vn 0.635729 -0.770912 -0.039285
vn 0.555696 -0.827946 -0.075546
vn 0.470409 -0.875823 -0.107939
vn 0.380719 -0.914836 -0.134641
vn 0.288233 -0.944867 -0.155399
vn 0.193604 -0.966172 -0.170379
vn 0.097626 -0.978921 -0.179398
vn 0.000982 -0.983233 -0.182352
vn -0.095702 -0.979146 -0.179204
vn -0.191799 -0.966601 -0.169987
vn -0.286615 -0.945456 -0.154805
vn -0.37934 -0.915526 -0.133839
vn -0.469015 -0.876642 -0.107349
vn -0.554564 -0.828747 -0.075081
vn -0.634446 -0.772017 -0.038314
vn -0.707844 -0.706368 0.00122
vn -0.77314 -0.632855 0.041831
vn -0.829441 -0.552265 0.083856
vn -0.875637 -0.465671 0.128106
vn -0.910942 -0.374349 0.173342
vn -0.934794 -0.279765 0.218841
vn -0.946933 -0.1835 0.263904
vn -0.947427 -0.087171 0.30787
vn -0.936668 0.007644 0.350136
vn -0.915349 0.099482 0.390178
vn -0.884422 0.187068 0.427555
vn -0.845026 0.269362 0.461925
vn -0.798415 0.345601 0.493045
vn -0.745872 0.415304 0.520766
vn -0.688621 0.478267 0.545034
vn -0.62775 0.534524 0.565875
vn -0.564151 0.58429 0.583386
vn -0.498482 0.627888 0.597723
vn -0.431166 0.665661 0.60909
vn -0.362411 0.697897 0.617736
vn -0.292274 0.724753 0.623946
vn -0.220733 0.746214 0.628046
vn -0.147769 0.762071 0.630406
vn -0.073432 0.771922 0.631461
vn 0.083176 0.846372 0.526056
vn 0.001826 0.850307 0.526283
vn 0.162348 0.835375 0.525158
vn 0.239112 0.817984 0.52319
vn 0.313644 0.794633 0.519794
vn 0.386171 0.765511 0.51465
vn 0.456905 0.730562 0.507462
vn 0.525933 0.689526 0.497944
vn 0.593118 0.642018 0.485822
vn 0.658034 0.587631 0.470831
vn 0.719943 0.526049 0.452719
vn 0.777832 0.457152 0.431264
vn 0.830478 0.381093 0.406294
vn 0.876548 0.298333 0.377705
vn 0.914705 0.209653 0.345485
vn 0.943704 0.11613 0.309735
vn 0.96248 0.019083 0.27068
vn 0.970212 -0.079983 0.228674
vn 0.966368 -0.179451 0.184204
vn 0.950733 -0.277662 0.137879
vn 0.92345 -0.372858 0.090653
vn 0.884976 -0.463624 0.043247
vn 0.835929 -0.548817 -0.004771
vn 0.77661 -0.627795 -0.052444
vn 0.708451 -0.698748 -0.09924
vn 0.632593 -0.761307 -0.142259
vn 0.551034 -0.814858 -0.179912
vn 0.464942 -0.859481 -0.212418
vn 0.375478 -0.895355 -0.239492
vn 0.283662 -0.922772 -0.260823
vn 0.190302 -0.942075 -0.276188
vn 0.096016 -0.953576 -0.285435
vn 0.001282 -0.957486 -0.288476
vn -0.093501 -0.953872 -0.285281
vn -0.187926 -0.942644 -0.275875
vn -0.281508 -0.923566 -0.260343
vn -0.37361 -0.896311 -0.238833
vn -0.463403 -0.860521 -0.211571
vn -0.549839 -0.815895 -0.178863
vn -0.631671 -0.762285 -0.141115
vn -0.707507 -0.699784 -0.098669
vn -0.775897 -0.628753 -0.051524
vn -0.835235 -0.549885 -0.00299
vn -0.884574 -0.464263 0.044588
vn -0.923343 -0.372762 0.09212
vn -0.95073 -0.276858 0.139505
vn -0.966329 -0.178086 0.185725
vn -0.970034 -0.078103 0.230074
vn -0.962073 0.021401 0.271951
vn -0.942998 0.118781 0.310881
vn -0.913656 0.212515 0.346512
vn -0.875143 0.301278 0.378625
vn -0.828732 0.384002 0.407119
vn -0.775786 0.459923 0.432004
vn -0.717651 0.528605 0.45338
vn -0.655554 0.589928 0.471417
vn -0.590501 0.644041 0.486332
vn -0.523213 0.691281 0.498376
vn -0.454096 0.732067 0.507813
vn -0.383268 0.766787 0.514921
vn -0.310627 0.795691 0.519987
vn -0.235956 0.818822 0.523312
vn -0.159029 0.835974 0.525222
vn -0.079671 0.846696 0.526079
vn 0.085444 0.884998 0.457688
vn 0.000844 0.889007 0.457892
vn 0.16735 0.873642 0.456884
vn 0.246327 0.855679 0.455122
vn 0.322673 0.831576 0.452066
vn 0.396728 0.801517 0.447411
vn 0.468812 0.765415 0.440857
vn 0.539099 0.72295 0.432105
vn 0.607505 0.673668 0.420843
vn 0.673604 0.6171 0.40675
vn 0.73661 0.552898 0.389499
vn 0.795418 0.480956 0.368771
vn 0.848686 0.401501 0.344282
vn 0.894963 0.315131 0.315807
vn 0.932813 0.22282 0.283216
vn 0.960934 0.125868 0.246501
vn 0.978253 0.025836 0.2058
vn 0.983991 -0.075545 0.161414
vn 0.977705 -0.176458 0.113818
vn 0.959339 -0.274933 0.063875
vn 0.929142 -0.369531 0.011885
vn 0.88727 -0.459359 -0.041726
vn 0.834379 -0.542772 -0.095965
vn 0.771576 -0.618615 -0.14828
vn 0.70067 -0.686007 -0.196104
vn 0.623253 -0.744475 -0.239401
vn 0.540767 -0.793954 -0.277863
vn 0.454624 -0.834611 -0.311034
vn 0.366012 -0.866839 -0.338564
vn 0.275859 -0.891158 -0.360193
vn 0.184824 -0.908108 -0.37574
vn 0.093329 -0.918149 -0.385088
vn 0.001623 -0.921586 -0.38817
vn -0.090138 -0.918519 -0.384965
vn -0.181793 -0.908823 -0.37549
vn -0.273085 -0.892169 -0.359805
vn -0.363571 -0.868076 -0.338024
vn -0.452571 -0.835989 -0.310327
vn -0.53913 -0.795378 -0.276972
vn -0.622029 -0.745846 -0.238316
vn -0.699828 -0.687231 -0.194817
vn -0.770947 -0.619692 -0.147045
vn -0.833784 -0.543796 -0.095341
vn -0.886867 -0.460264 -0.040304
vn -0.928688 -0.370608 0.013721
vn -0.959034 -0.275616 0.065496
vn -0.977482 -0.176538 0.115598
vn -0.983738 -0.075216 0.1631
vn -0.977904 0.026523 0.207365
vn -0.960438 0.126846 0.247928
vn -0.932138 0.224009 0.284496
vn -0.894097 0.316449 0.316939
vn -0.847634 0.402871 0.34527
vn -0.794201 0.482311 0.369623
vn -0.735258 0.554186 0.390223
vn -0.672149 0.618285 0.407357
vn -0.605979 0.67473 0.421342
vn -0.537527 0.723881 0.432506
vn -0.467209 0.766215 0.441169
vn -0.395103 0.802191 0.447643
vn -0.321028 0.832125 0.452227
vn -0.244664 0.856103 0.455222
vn -0.16567 0.873935 0.456936
vn -0.083755 0.88515 0.457706
vn 0.08585 0.894605 0.438534
vn 8e-05 0.898602 0.438764
vn 0.169065 0.88312 0.437626
vn 0.249443 0.864871 0.435633
vn 0.32724 0.840318 0.432181
vn 0.402755 0.809645 0.426924
vn 0.476266 0.772768 0.419524
vn 0.547907 0.729378 0.409641
vn 0.617549 0.679034 0.396921
vn 0.684721 0.621286 0.380999
vn 0.74859 0.555813 0.361503
vn 0.807994 0.482549 0.338072
vn 0.861535 0.401771 0.310383
vn 0.907703 0.314149 0.278184
vn 0.945004 0.220747 0.241328
vn 0.972087 0.122978 0.199808
vn 0.987846 0.022538 0.15379
vn 0.991498 -0.078691 0.103635
vn 0.982643 -0.178635 0.050016
vn 0.961202 -0.275766 -0.006621
vn 0.927245 -0.368717 -0.065298
vn 0.881395 -0.455661 -0.12456
vn 0.824686 -0.535751 -0.181286
vn 0.759054 -0.607442 -0.234204
vn 0.685996 -0.670242 -0.283168
vn 0.607254 -0.723855 -0.327531
vn 0.524473 -0.768383 -0.366765
vn 0.439085 -0.804261 -0.400461
vn 0.352237 -0.832148 -0.428322
vn 0.264745 -0.852808 -0.450142
vn 0.177099 -0.866992 -0.46579
vn 0.089506 -0.87532 -0.475188
vn 0.001963 -0.878197 -0.478294
vn -0.085642 -0.875757 -0.475094
vn -0.173415 -0.867841 -0.465595
vn -0.261347 -0.854019 -0.449833
vn -0.349216 -0.833646 -0.427881
vn -0.436507 -0.805957 -0.399869
vn -0.522375 -0.770173 -0.366002
vn -0.605645 -0.72563 -0.326582
vn -0.68485 -0.671896 -0.282022
vn -0.758318 -0.608877 -0.232857
vn -0.824282 -0.53689 -0.179745
vn -0.881015 -0.456695 -0.123458
vn -0.927048 -0.36942 -0.064112
vn -0.960954 -0.276668 -0.004724
vn -0.982376 -0.179574 0.051879
vn -0.991243 -0.079278 0.105608
vn -0.987553 0.022168 0.155717
vn -0.971731 0.122792 0.201644
vn -0.944575 0.220708 0.243036
vn -0.907199 0.314225 0.279736
vn -0.860962 0.401932 0.311763
vn -0.80736 0.482768 0.339271
vn -0.747908 0.556067 0.362523
vn -0.684006 0.621553 0.381847
vn -0.616816 0.679298 0.397609
vn -0.547174 0.729623 0.410184
vn -0.475551 0.772983 0.419938
vn -0.402079 0.809821 0.427226
vn -0.326625 0.84045 0.432388
vn -0.248911 0.86496 0.435761
vn -0.16864 0.883168 0.437692
vn -0.085565 0.89462 0.438558
vn 0.085005 0.88392 0.459848
vn -0.000612 0.887836 0.460159
vn 0.168768 0.872466 0.458607
vn 0.250303 0.854117 0.455887
vn 0.329677 0.829298 0.451197
vn 0.407003 0.798203 0.444095
vn 0.48238 0.760794 0.434169
vn 0.555777 0.716836 0.42102
vn 0.626933 0.665978 0.404262
vn 0.695285 0.607856 0.383523
vn 0.759941 0.542217 0.358454
vn 0.819714 0.469032 0.328752
vn 0.873188 0.388585 0.294184
vn 0.91883 0.301529 0.254623
vn 0.955106 0.208904 0.210076
vn 0.980611 0.112119 0.160723
vn 0.994182 0.012897 0.106937
vn 0.995007 -0.086754 0.049349
vn 0.982667 -0.185029 -0.01142
vn 0.957115 -0.280005 -0.074345
vn 0.918766 -0.370061 -0.137561
vn 0.868748 -0.45362 -0.198762
vn 0.80861 -0.529208 -0.257077
vn 0.740062 -0.59588 -0.311824
vn 0.665014 -0.653101 -0.362236
vn 0.585358 -0.700822 -0.407683
vn 0.502826 -0.739428 -0.447675
vn 0.418868 -0.76965 -0.481859
vn 0.334572 -0.792441 -0.509999
vn 0.250626 -0.808833 -0.531955
vn 0.167329 -0.819801 -0.547656
vn 0.084647 -0.826141 -0.55707
vn 0.002303 -0.828363 -0.560186
vn -0.080107 -0.826639 -0.557001
vn -0.162985 -0.820773 -0.54751
vn -0.246597 -0.810227 -0.531716
vn -0.33096 -0.794184 -0.509644
vn -0.41575 -0.771648 -0.481363
vn -0.500251 -0.74157 -0.447014
vn -0.583343 -0.70299 -0.406836
vn -0.663541 -0.655177 -0.361188
vn -0.739081 -0.59775 -0.31057
vn -0.808043 -0.530777 -0.255623
vn -0.868495 -0.454817 -0.197124
vn -0.918655 -0.370924 -0.135971
vn -0.957053 -0.280597 -0.072909
vn -0.982592 -0.185533 -0.009525
vn -0.994837 -0.087496 0.051417
vn -0.993946 0.012168 0.109191
vn -0.980318 0.111337 0.163036
vn -0.95478 0.208076 0.212367
vn -0.918497 0.300677 0.256818
vn -0.872873 0.387743 0.296223
vn -0.819431 0.468235 0.33059
vn -0.759698 0.541492 0.360062
vn -0.695085 0.607221 0.384889
vn -0.626783 0.665435 0.405387
vn -0.555687 0.716378 0.421917
vn -0.482372 0.760405 0.434857
vn -0.407108 0.797869 0.4446
vn -0.329932 0.829008 0.451543
vn -0.250751 0.853871 0.456102
vn -0.169452 0.872275 0.458718
vn -0.085981 0.883805 0.459887
vn 0.071312 0.872851 0.482748
vn -0.013934 0.875605 0.482826
vn 0.155387 0.862401 0.481788
vn 0.237822 0.844826 0.479281
vn 0.3185 0.820551 0.474609
vn 0.397375 0.789795 0.467243
vn 0.474395 0.752576 0.456705
vn 0.549404 0.708732 0.442554
vn 0.622049 0.657992 0.424384
vn 0.691713 0.60006 0.401822
vn 0.757488 0.534724 0.374543
vn 0.818188 0.461961 0.342286
vn 0.872413 0.382026 0.304881
vn 0.91863 0.295515 0.262278
vn 0.955293 0.203404 0.214576
vn 0.98096 0.107042 0.162048
vn 0.994422 0.008122 0.105162
vn 0.994819 -0.091357 0.044594
vn 0.981741 -0.189285 -0.018873
vn 0.955075 -0.284186 -0.084085
vn 0.915484 -0.373806 -0.148859
vn 0.864122 -0.456398 -0.212119
vn 0.8026 -0.530454 -0.272859
vn 0.73286 -0.594921 -0.330129
vn 0.657002 -0.649292 -0.383103
vn 0.577114 -0.693609 -0.431098
vn 0.495098 -0.728418 -0.473588
vn 0.412525 -0.754668 -0.510195
vn 0.330532 -0.773574 -0.540677
vn 0.249772 -0.786449 -0.564899
vn 0.170419 -0.794541 -0.582806
vn 0.092235 -0.798873 -0.594386
vn 0.014681 -0.800127 -0.599651
vn -0.062938 -0.798566 -0.598608
vn -0.141312 -0.794006 -0.591257
vn -0.220976 -0.785853 -0.577585
vn -0.302171 -0.773168 -0.557587
vn -0.384749 -0.75479 -0.531282
vn -0.468114 -0.729465 -0.498749
vn -0.551211 -0.696007 -0.460153
vn -0.632568 -0.653441 -0.415779
vn -0.710374 -0.601144 -0.366054
vn -0.782606 -0.538944 -0.311557
vn -0.847181 -0.467189 -0.253021
vn -0.902117 -0.386757 -0.191321
vn -0.945699 -0.299019 -0.127443
vn -0.976615 -0.205744 -0.062392
vn -0.994062 -0.108785 0.002548
vn -0.997826 -0.010242 0.065098
vn -0.988283 0.088275 0.124516
vn -0.966173 0.184694 0.179991
vn -0.932634 0.277253 0.230922
vn -0.889072 0.364518 0.276908
vn -0.837035 0.445432 0.317745
vn -0.778088 0.51932 0.353393
vn -0.713685 0.585864 0.38395
vn -0.645082 0.645042 0.409622
vn -0.573268 0.697042 0.430693
vn -0.498939 0.742159 0.447504
vn -0.422518 0.78069 0.460437
vn -0.344216 0.812838 0.469903
vn -0.264114 0.838649 0.476352
vn -0.182265 0.857973 0.480272
vn -0.098777 0.870468 0.482212
vn 0.876272 -0.420487 0.23524
vn 0.827053 -0.480082 -0.292411
vn 0.873559 -0.274607 -0.401852
vn 0.997329 0.070729 -0.018231
vn 0.783373 0.156498 0.601527
vn 0.679029 -0.031687 0.733427
vn 0.717933 -0.241001 0.653063
vn 0.784834 -0.420581 0.455134
vn 0.547285 -0.084089 0.832712
vn 0.777995 -0.442375 0.446126
vn 0.393387 0.285924 0.873782
vn 0.381991 0.665326 0.641423
vn 0.623548 0.751661 -0.214925
vn 0.711141 0.057854 -0.700665
vn 0.781382 -0.34553 -0.519664
vn 0.849042 -0.513615 -0.123802
vn 0.313705 -0.031852 0.948986
vn 0.771621 -0.419094 0.478499
vn 0.094858 0.410505 0.906911
vn 0.124917 0.811145 0.571349
vn 0.363354 0.885911 -0.288333
vn 0.522079 0.218624 -0.824401
vn 0.653383 -0.269116 -0.707579
vn 0.841944 -0.487883 -0.230435
vn 0.020075 -0.037451 0.999097
vn 0.66661 -0.519605 0.534456
vn -0.254934 0.387132 0.88608
vn -0.253256 0.799391 0.544826
vn 0.033589 0.928031 -0.370985
vn 0.305608 0.223842 -0.925472
vn 0.416425 -0.282197 -0.864266
vn 0.656692 -0.600292 -0.456514
vn -0.161611 -0.075596 0.983955
vn 0.437678 -0.724885 0.531959
vn -0.417956 0.313404 0.852696
vn -0.52528 0.672592 0.521248
vn -0.318486 0.840274 -0.438754
vn 0.17489 0.169857 -0.969826
vn 0.365303 -0.287917 -0.885244
vn 0.513835 -0.652806 -0.556614
vn -0.212577 -0.12049 0.969687
vn 0.433983 -0.738598 0.515879
vn -0.491118 0.24725 0.835267
vn -0.671247 0.554734 0.491628
vn -0.533111 0.698382 -0.477552
vn 0.124407 0.13787 -0.982606
vn 0.432372 -0.244668 -0.867866
vn 0.615754 -0.579344 -0.534048
vn -0.202359 -0.138648 0.969447
vn 0.570501 -0.615697 0.543549
vn -0.55239 0.163789 0.817336
vn -0.782701 0.420974 0.458431
vn -0.648311 0.565238 -0.510097
vn 0.12377 0.136401 -0.982892
vn 0.502162 -0.174382 -0.847009
vn 0.741575 -0.454519 -0.493436
vn -0.195851 -0.161243 0.967286
vn 0.670903 -0.472341 0.57165
vn -0.600288 0.062269 0.797356
vn -0.86702 0.262224 0.423691
vn -0.731009 0.414679 -0.54191
vn 0.128169 0.143651 -0.981294
vn 0.559686 -0.082518 -0.824586
vn 0.83921 -0.301005 -0.452905
vn -0.189515 -0.189963 0.963327
vn 0.73392 -0.319462 0.599421
vn -0.629084 -0.05318 0.775516
vn -0.917718 0.087028 0.387582
vn -0.778333 0.256686 -0.572983
vn 0.133875 0.16074 -0.977875
vn 0.598684 0.026517 -0.800547
vn 0.902132 -0.128098 -0.412006
vn -0.179987 -0.224849 0.957626
vn 0.761175 -0.16849 0.626278
vn -0.635127 -0.176212 0.752039
vn -0.931897 -0.09364 0.350427
vn -0.791111 0.102301 -0.603058
vn 0.137095 0.187497 -0.972651
vn 0.614883 0.146125 -0.774962
vn 0.927255 0.052631 -0.370713
vn -0.151792 -0.295213 0.943296
vn 0.772432 -0.079393 0.630115
vn -0.609925 -0.321023 0.724525
vn -0.904021 -0.292978 0.311305
vn -0.769321 -0.076132 -0.63431
vn 0.138822 0.192167 -0.971494
vn 0.611407 0.240169 -0.75399
vn 0.92099 0.191148 -0.339471
vn -0.096394 -0.38003 0.919938
vn 0.786612 -0.029262 0.616753
vn -0.549221 -0.468245 0.692173
vn -0.83007 -0.487963 0.269956
vn -0.705168 -0.256667 -0.660954
vn 0.144965 0.182675 -0.972427
vn 0.598037 0.313609 -0.737564
vn 0.900866 0.296451 -0.317106
vn -0.037559 -0.428907 0.902568
vn 0.785384 0.052208 0.616804
vn -0.476067 -0.577414 0.663289
vn -0.740211 -0.631257 0.23152
vn -0.628276 -0.372117 -0.683226
vn 0.144572 0.204758 -0.968077
vn 0.568883 0.403807 -0.716458
vn 0.861701 0.417674 -0.28813
vn 0.017844 -0.455683 0.889963
vn 0.771164 0.134204 0.622331
vn -0.404212 -0.654587 0.63885
vn -0.655578 -0.72893 0.197176
vn -0.564207 -0.434558 -0.702018
vn 0.129108 0.243939 -0.961158
vn 0.524833 0.492834 -0.694021
vn 0.808186 0.529751 -0.257292
vn 0.107873 -0.478325 0.871532
vn 0.807598 0.147555 0.570976
vn -0.332427 -0.713601 0.616657
vn -0.559966 -0.814626 0.151068
vn -0.476578 -0.520789 -0.708274
vn 0.101873 0.244376 -0.964314
vn 0.483561 0.550541 -0.680495
vn 0.785009 0.571283 -0.239576
vn 0.349461 -0.441885 0.826205
vn 0.893453 0.098984 0.438114
vn -0.259807 -0.755278 0.601711
vn -0.492669 -0.87 0.019429
vn -0.379653 -0.619513 -0.687071
vn 0.007686 0.085199 -0.996334
vn 0.457064 0.560783 -0.690373
vn 0.834544 0.521427 -0.177908
vn 0.750434 -0.226507 0.620921
vn 0.961491 0.001728 0.274832
vn 0.00297 -0.736007 0.676967
vn -0.464701 -0.866574 -0.181941
vn -0.310946 -0.69334 -0.650071
vn -0.163559 -0.355437 -0.920279
vn 0.323376 0.410515 -0.852587
vn 0.891 0.452516 -0.036721
vn -0.885265 -0.454999 -0.096348
vn -0.687565 -0.508239 -0.518602
vn -0.775699 -0.630589 -0.025486
vn -0.790134 -0.56748 0.231633
vn -0.764036 -0.539256 0.354193
vn -0.699452 -0.362437 0.615959
vn -0.658977 0.012383 0.752061
vn -0.878332 0.425467 0.217969
vn -0.464791 0.496744 0.73295
vn -0.723455 0.686428 -0.073679
vn -0.467446 0.088945 0.879536
vn -0.640179 -0.3048 0.705172
vn -0.819777 -0.517985 0.244249
vn -0.808538 -0.553186 -0.200626
vn -0.715874 -0.392708 -0.577326
vn -0.702454 0.022987 -0.711358
vn -0.204638 0.720557 0.662511
vn -0.470442 0.865274 -0.173165
vn -0.208983 0.302704 0.92989
vn -0.50809 -0.157834 0.846719
vn -0.82914 -0.474486 0.295617
vn -0.745777 -0.556193 -0.366696
vn -0.584863 -0.296951 -0.754821
vn -0.563276 0.19655 -0.802551
vn 0.123488 0.773559 0.621577
vn -0.128362 0.952387 -0.276554
vn 0.149157 0.378193 0.913631
vn -0.112322 -0.069039 0.991271
vn -0.72494 -0.577407 0.375584
vn -0.566784 -0.613887 -0.549453
vn -0.345876 -0.290796 -0.892081
vn -0.299477 0.217856 -0.928899
vn 0.385726 0.710898 0.58808
vn 0.248147 0.890807 -0.380638
vn 0.327023 0.346136 0.879344
vn 0.16256 -0.077561 0.983646
vn -0.416889 -0.798931 0.433488
vn -0.464757 -0.633085 -0.619035
vn -0.295373 -0.299596 -0.907192
vn -0.13016 0.147077 -0.980524
vn 0.57283 0.608724 0.548928
vn 0.488094 0.752971 -0.441361
vn 0.410946 0.296006 0.862267
vn 0.185236 -0.089533 0.978607
vn -0.383177 -0.803369 0.455822
vn -0.52612 -0.601108 -0.601553
vn -0.366981 -0.269374 -0.890372
vn -0.099434 0.115916 -0.988269
vn 0.706939 0.48512 0.51468
vn 0.627333 0.614159 -0.478813
vn 0.48651 0.224282 0.844396
vn 0.177497 -0.098731 0.979156
vn -0.547177 -0.673599 0.496852
vn -0.668184 -0.492575 -0.557585
vn -0.445464 -0.211039 -0.870072
vn -0.100687 0.105638 -0.989294
vn 0.814004 0.329044 0.478672
vn 0.728331 0.45122 -0.515688
vn 0.550932 0.129722 0.824407
vn 0.177435 -0.11361 0.977553
vn -0.668548 -0.516861 0.534695
vn -0.784103 -0.347101 -0.514494
vn -0.514323 -0.127326 -0.848092
vn -0.110666 0.105152 -0.988279
vn 0.884945 0.149535 0.441035
vn 0.786587 0.276981 -0.551871
vn 0.59656 0.01583 0.802412
vn 0.180503 -0.137371 0.973934
vn -0.744709 -0.346534 0.57037
vn -0.86444 -0.174932 -0.47132
vn -0.565653 -0.02212 -0.824347
vn -0.124773 0.117057 -0.985256
vn 0.914722 -0.040825 0.402015
vn 0.802561 0.105764 -0.58712
vn 0.617714 -0.110755 0.778565
vn 0.181818 -0.171022 0.968346
vn -0.776974 -0.177195 0.604081
vn -0.903822 0.010778 -0.427774
vn -0.593506 0.097816 -0.798863
vn -0.137856 0.142096 -0.980206
vn 0.900544 -0.251719 0.354483
vn 0.768904 -0.083324 -0.633912
vn 0.609241 -0.263099 0.748067
vn 0.1728 -0.246151 0.953703
vn -0.774937 -0.08126 0.626793
vn -0.909171 0.155124 -0.386452
vn -0.602246 0.195459 -0.774013
vn -0.15507 0.150395 -0.976389
vn 0.836507 -0.459915 0.297884
vn 0.68049 -0.262281 -0.684209
vn 0.564326 -0.421726 0.709706
vn 0.140783 -0.342243 0.929005
vn -0.765768 -0.037455 0.642026
vn -0.899222 0.266517 -0.346941
vn -0.601526 0.275324 -0.749909
vn -0.180492 0.151717 -0.971805
vn 0.747976 -0.616149 0.246763
vn 0.583837 -0.36813 -0.723612
vn 0.498206 -0.544206 0.675004
vn 0.095443 -0.406011 0.908871
vn -0.749499 0.035591 0.661048
vn -0.866094 0.396175 -0.30484
vn -0.581075 0.374267 -0.722686
vn -0.193406 0.188506 -0.962839
vn 0.660455 -0.723304 0.201571
vn 0.506553 -0.415174 -0.755668
vn 0.427317 -0.63374 0.644805
vn 0.04569 -0.449156 0.892284
vn -0.727235 0.106063 0.678145
vn -0.814853 0.516006 -0.264107
vn -0.541759 0.47236 -0.69525
vn -0.185842 0.243492 -0.951932
vn 0.578407 -0.804555 0.134669
vn 0.391005 -0.454176 -0.800525
vn 0.357191 -0.703855 0.614006
vn -0.039812 -0.508447 0.860172
vn -0.744529 0.069288 0.663985
vn -0.790807 0.571999 -0.217811
vn -0.505473 0.538987 -0.673788
vn -0.185847 0.258405 -0.947991
vn 0.50558 -0.859183 -0.078704
vn 0.255258 -0.475163 -0.842059
vn 0.299628 -0.76052 0.57605
vn -0.216795 -0.533763 0.817372
vn -0.800057 -0.077038 0.594957
vn -0.870538 0.48543 -0.080758
vn -0.492753 0.566486 -0.660521
vn -0.132645 0.180492 -0.974591
vn 0.38259 -0.758154 -0.528041
vn 0.124373 -0.506644 -0.853137
vn 0.340176 -0.872252 0.351365
vn -0.437091 -0.477597 0.762137
vn -0.834568 -0.206388 0.510784
vn -0.971177 0.116405 0.208001
vn -0.670321 0.53195 -0.517396
vn 0.017967 0.054981 -0.998326
vn 0.937335 0.205045 0.281708
vn 0.957204 -0.038621 -0.286826
vn 0.891596 0.259388 -0.37118
vn 0.68139 0.724672 -0.102751
vn 0.343494 0.814267 0.467953
vn 0.288484 0.627481 0.723218
vn 0.365507 0.402894 0.839096
vn 0.63083 -0.065668 0.773138
vn 0.087207 0.259675 0.96175
vn 0.645085 -0.243163 0.724388
vn -0.154941 0.613465 0.774373
vn -0.255244 0.893283 0.369994
vn 0.075274 0.895673 -0.438296
vn 0.647776 0.321529 -0.690656
vn 0.899247 -0.019189 -0.437021
vn 0.96652 -0.255187 -0.026797
vn -0.063323 0.130363 0.989442
vn 0.632478 -0.241652 0.735919
vn -0.410957 0.510471 0.755337
vn -0.477708 0.835804 0.270604
vn -0.116702 0.852401 -0.509699
vn 0.476292 0.329752 -0.815113
vn 0.822223 -0.062742 -0.565697
vn 0.962914 -0.26737 -0.036199
vn -0.227481 0.00049 0.973782
vn 0.584493 -0.319565 0.745819
vn -0.635832 0.308121 0.707658
vn -0.735872 0.638737 0.224737
vn -0.32127 0.737855 -0.593596
vn 0.360121 0.236442 -0.902446
vn 0.712801 -0.173409 -0.679591
vn 0.912931 -0.382713 -0.141733
vn -0.328937 -0.101631 0.938867
vn 0.526395 -0.450628 0.721001
vn -0.726203 0.163939 0.667648
vn -0.884964 0.420965 0.199067
vn -0.506851 0.547588 -0.66577
vn 0.3144 0.158567 -0.935954
vn 0.698339 -0.174861 -0.694079
vn 0.885003 -0.417048 -0.206981
vn -0.356047 -0.175083 0.91792
vn 0.536873 -0.452149 0.71227
vn -0.762619 0.065765 0.643496
vn -0.946769 0.274415 0.168298
vn -0.592527 0.395785 -0.701617
vn 0.302851 0.145158 -0.941919
vn 0.736468 -0.090136 -0.67044
vn 0.931492 -0.312443 -0.186286
vn -0.352249 -0.216876 0.910432
vn 0.576163 -0.358653 0.734441
vn -0.784392 -0.040489 0.618943
vn -0.981799 0.135585 0.132991
vn -0.620132 0.300026 -0.724859
vn 0.309273 0.181543 -0.933484
vn 0.7656 0.014062 -0.643163
vn 0.973912 -0.172649 -0.147267
vn -0.343525 -0.265397 0.900863
vn 0.598867 -0.26647 0.755217
vn -0.790419 -0.155026 0.592625
vn -0.995265 -0.009502 0.096735
vn -0.632097 0.206033 -0.746997
vn 0.310446 0.226231 -0.923278
vn 0.778469 0.127721 -0.614551
vn 0.993803 -0.026131 -0.108037
vn -0.327517 -0.318926 0.889392
vn 0.606655 -0.179551 0.774423
vn -0.778669 -0.273257 0.564805
vn -0.986135 -0.154781 0.059838
vn -0.629662 0.117867 -0.767875
vn 0.304095 0.277427 -0.911351
vn 0.773035 0.246107 -0.584678
vn 0.990283 0.120923 -0.068676
vn -0.302683 -0.375206 0.87613
vn 0.602356 -0.101625 0.791732
vn -0.748858 -0.390046 0.535794
vn -0.955586 -0.293834 0.022739
vn -0.615466 0.039383 -0.787179
vn 0.288624 0.332818 -0.897735
vn 0.748953 0.363933 -0.553735
vn 0.964625 0.26197 -0.029488
vn -0.251595 -0.455605 0.853887
vn 0.61158 -0.068422 0.788218
vn -0.691069 -0.52003 0.501988
vn -0.895534 -0.444637 -0.017788
vn -0.581558 -0.060728 -0.811235
vn 0.273415 0.361037 -0.89157
vn 0.717454 0.450318 -0.531482
vn 0.932523 0.361079 -0.004855
vn -0.172501 -0.54249 0.82216
vn 0.639021 -0.061079 0.76676
vn -0.60492 -0.647549 0.463414
vn -0.805171 -0.589985 -0.060149
vn -0.52535 -0.166998 -0.834337
vn 0.26195 0.370637 -0.891073
vn 0.685118 0.512946 -0.517204
vn 0.903129 0.429305 0.007483
vn -0.096364 -0.596719 0.796643
vn 0.653702 -0.028874 0.756201
vn -0.518501 -0.739316 0.429614
vn -0.717321 -0.689901 -0.097403
vn -0.478107 -0.223143 -0.849483
vn 0.236084 0.405542 -0.883063
vn 0.637914 0.588678 -0.496513
vn 0.859839 0.509798 0.02799
vn -0.026173 -0.629498 0.776561
vn 0.660504 0.009643 0.750761
vn -0.44036 -0.803168 0.401253
vn -0.644616 -0.753495 -0.129288
vn -0.452277 -0.242633 -0.858239
vn 0.192867 0.45245 -0.870684
vn 0.579008 0.663862 -0.473325
vn 0.808715 0.585941 0.051517
vn 0.076925 -0.651382 0.75484
vn 0.719554 0.014948 0.694276
vn -0.363924 -0.852503 0.375231
vn -0.561074 -0.809021 -0.175163
vn -0.405751 -0.294613 -0.865199
vn 0.139997 0.462326 -0.875589
vn 0.526513 0.714578 -0.460611
vn 0.791378 0.608714 0.056461
vn 0.321771 -0.594797 0.736668
vn 0.822918 0.001579 0.568158
vn -0.286083 -0.88912 0.357244
vn -0.497349 -0.811734 -0.306156
vn -0.34868 -0.37371 -0.859514
vn 0.022135 0.326832 -0.944823
vn 0.488863 0.732552 -0.473688
vn 0.832968 0.543521 0.103677
vn 0.69729 -0.325315 0.638715
vn 0.911125 -0.03232 0.410861
vn -0.010757 -0.876907 0.48054
vn -0.462623 -0.741014 -0.486702
vn -0.301411 -0.44352 -0.844063
vn -0.155826 -0.077351 -0.984751
vn 0.337559 0.633138 -0.696556
vn 0.865828 0.445629 0.227501
vn -0.902005 0.431062 -0.023949
vn -0.894911 0.061188 -0.442029
vn -0.997984 0.041141 -0.048326
vn -0.912823 0.142122 0.382827
vn -0.670069 0.323127 0.668279
vn -0.414727 0.505136 0.756861
vn -0.180573 0.721388 0.668575
vn -0.178147 0.98387 0.016234
vn 0.238546 0.8139 0.529776
vn -0.01456 0.956142 -0.29254
vn 0.075467 0.539043 0.83889
vn -0.221868 0.23208 0.947055
vn -0.803853 -0.187182 0.564609
vn -0.974966 -0.140413 -0.172413
vn -0.861086 0.060308 -0.50487
vn -0.607876 0.380267 -0.697053
vn 0.501745 0.761097 0.411076
vn 0.173617 0.901766 -0.395822
vn 0.344388 0.468646 0.813491
vn -0.078101 0.181925 0.980206
vn -0.768854 -0.174595 0.615126
vn -0.952111 -0.229772 -0.201716
vn -0.783584 -0.005838 -0.621258
vn -0.474541 0.391576 -0.78834
vn 0.726621 0.593911 0.345386
vn 0.383053 0.770964 -0.508808
vn 0.595159 0.291361 0.748929
vn 0.18202 0.032382 0.982762
vn -0.70038 -0.270654 0.660465
vn -0.905974 -0.326536 -0.269416
vn -0.681027 -0.143414 -0.718077
vn -0.347571 0.245784 -0.904867
vn 0.86193 0.406046 0.303649
vn 0.561198 0.547781 -0.620478
vn 0.695741 0.157057 0.700912
vn 0.336868 -0.101916 0.93602
vn -0.595994 -0.438321 0.672804
vn -0.888042 -0.344566 -0.304395
vn -0.669782 -0.158099 -0.725532
vn -0.299791 0.120496 -0.946365
vn 0.933968 0.245692 0.2595
vn 0.63378 0.374965 -0.676554
vn 0.733958 0.064237 0.676151
vn 0.362248 -0.151274 0.919724
vn -0.577191 -0.44964 0.68167
vn -0.917031 -0.278123 -0.285836
vn -0.708298 -0.079011 -0.701478
vn -0.308904 0.12088 -0.94338
vn 0.968758 0.109279 0.222633
vn 0.655916 0.272531 -0.703918
vn 0.758105 -0.037146 0.651074
vn 0.364288 -0.192077 0.911263
vn -0.612681 -0.347573 0.709799
vn -0.959171 -0.142585 -0.244253
vn -0.738568 0.01957 -0.673895
vn -0.321356 0.157255 -0.93381
vn 0.982208 -0.033735 0.184739
vn 0.661123 0.173482 -0.729945
vn 0.767189 -0.147476 0.624237
vn 0.361567 -0.24117 0.900614
vn -0.630319 -0.24861 0.735452
vn -0.979232 0.000356 -0.202742
vn -0.753397 0.127991 -0.64499
vn -0.32855 0.20319 -0.922371
vn 0.973243 -0.177372 0.146074
vn 0.651151 0.082201 -0.754483
vn 0.759034 -0.262373 0.595842
vn 0.351399 -0.296793 0.887937
vn -0.632145 -0.156847 0.758809
vn -0.976282 0.144533 -0.161196
vn -0.750728 0.241734 -0.614795
vn -0.327956 0.256875 -0.909098
vn 0.942951 -0.315263 0.107021
vn 0.629196 0.002712 -0.777242
vn 0.733122 -0.376846 0.566145
vn 0.331898 -0.356563 0.873331
vn -0.621478 -0.076106 0.779726
vn -0.95147 0.283463 -0.119806
vn -0.730091 0.355716 -0.583467
vn -0.317738 0.31587 -0.894018
vn 0.883566 -0.464873 0.056613
vn 0.575391 -0.09402 -0.812456
vn 0.682398 -0.506417 0.527139
vn 0.291478 -0.445985 0.84625
vn -0.617508 -0.05693 0.784502
vn -0.922591 0.376112 -0.085819
vn -0.705859 0.438295 -0.556471
vn -0.313994 0.349188 -0.882879
vn 0.793353 -0.608753 -0.00334
vn 0.48954 -0.187993 -0.851475
vn 0.605563 -0.635518 0.478969
vn 0.226976 -0.546395 0.806185
vn -0.627753 -0.077393 0.774556
vn -0.898503 0.435176 -0.05757
vn -0.683769 0.498157 -0.533197
vn -0.318779 0.367197 -0.873811
vn 0.70528 -0.706897 -0.053637
vn 0.424311 -0.226459 -0.876742
vn 0.525685 -0.729381 0.437788
vn 0.160121 -0.612717 0.773912
vn -0.632684 -0.065174 0.771663
vn -0.859128 0.511149 -0.025014
vn -0.644371 0.573747 -0.505569
vn -0.30334 0.412911 -0.858772
vn 0.633048 -0.768255 -0.095048
vn 0.390448 -0.226449 -0.89234
vn 0.452118 -0.795374 0.403695
vn 0.095407 -0.656526 0.748245
vn -0.635328 -0.041661 0.771118
vn -0.81047 0.585732 0.007525
vn -0.591124 0.650378 -0.477054
vn -0.266519 0.47106 -0.840875
vn 0.564698 -0.809712 -0.15963
vn 0.314583 -0.230561 -0.920803
vn 0.382019 -0.847323 0.368924
vn -0.002659 -0.707904 0.706304
vn -0.678223 -0.091967 0.729079
vn -0.791092 0.610256 0.041959
vn -0.545009 0.703868 -0.45556
vn -0.242071 0.489818 -0.837544
vn 0.490894 -0.789923 -0.367484
vn 0.211226 -0.223582 -0.951522
vn 0.32204 -0.889164 0.325082
vn -0.186264 -0.714305 0.674592
vn -0.748619 -0.208542 0.629348
vn -0.858408 0.490094 0.151471
vn -0.522432 0.729581 -0.441334
vn -0.169255 0.428036 -0.887772
vn 0.355557 -0.557486 -0.750192
vn 0.091379 -0.231431 -0.96855
vn 0.353462 -0.93319 0.064971
vn -0.400155 -0.636558 0.659295
vn -0.791061 -0.301441 0.532312
vn -0.934952 0.081193 0.345359
vn -0.687295 0.670406 -0.27961
vn -0.018056 0.324903 -0.945575
vn 0.698285 0.599343 0.391389
vn 0.937016 0.321064 -0.137547
vn 0.722249 0.619015 -0.308507
vn 0.224739 0.9518 -0.208734
vn -0.249987 0.933187 0.258201
vn -0.311051 0.744196 0.591117
vn -0.190796 0.515023 0.835672
vn 0.340541 0.089115 0.935997
vn -0.310328 0.205024 0.928257
vn 0.457299 -0.06986 0.886565
vn -0.646104 0.486194 0.588359
vn -0.716747 0.693984 0.068255
vn -0.228492 0.769291 -0.596643
vn 0.566814 0.544496 -0.61826
vn 0.91631 0.31894 -0.242186
vn 0.965737 0.069068 0.250161
vn -0.342803 0.027131 0.939015
vn 0.448489 -0.077751 0.8904
vn -0.782745 0.290338 0.550467
vn -0.820307 0.570829 -0.035364
vn -0.316902 0.692717 -0.647855
vn 0.457687 0.501886 -0.733916
vn 0.906424 0.260537 -0.33244
vn 0.95782 0.058555 0.281339
vn -0.409548 -0.148267 0.900159
vn 0.437554 -0.161059 0.884651
vn -0.874087 0.022451 0.48525
vn -0.941286 0.323073 -0.098004
vn -0.40137 0.5593 -0.725317
vn 0.42525 0.39646 -0.813622
vn 0.889508 0.127657 -0.438724
vn 0.977474 -0.049959 0.205056
vn -0.449003 -0.282235 0.847785
vn 0.441202 -0.293602 0.848021
vn -0.88873 -0.138944 0.436867
vn -0.986432 0.097787 -0.131869
vn -0.463571 0.373337 -0.803568
vn 0.427228 0.325914 -0.84336
vn 0.881576 0.118063 -0.457039
vn 0.98574 -0.09669 0.137723
vn -0.442828 -0.369293 0.817023
vn 0.453499 -0.324474 0.830093
vn -0.882755 -0.232032 0.40854
vn -0.986621 -0.02229 -0.161499
vn -0.479454 0.259203 -0.838414
vn 0.422089 0.323562 -0.846846
vn 0.879824 0.200638 -0.430877
vn 0.988088 -0.019642 0.152634
vn -0.424046 -0.417961 0.803426
vn 0.459721 -0.28092 0.842461
vn -0.866294 -0.323452 0.380674
vn -0.97369 -0.119743 -0.193882
vn -0.477847 0.216907 -0.851242
vn 0.410707 0.372875 -0.832036
vn 0.867858 0.293618 -0.400763
vn 0.979097 0.080149 0.186938
vn -0.39868 -0.469289 0.787923
vn 0.462281 -0.242478 0.852936
vn -0.839074 -0.415178 0.351543
vn -0.950169 -0.214302 -0.226394
vn -0.472927 0.179823 -0.862556
vn 0.392297 0.425359 -0.815581
vn 0.844679 0.387108 -0.369683
vn 0.959128 0.176853 0.220897
vn -0.366101 -0.52163 0.770631
vn 0.462684 -0.209876 0.861322
vn -0.801313 -0.504554 0.321439
vn -0.917124 -0.303287 -0.258651
vn -0.46612 0.148839 -0.872112
vn 0.366274 0.47938 -0.79752
vn 0.810547 0.478417 -0.337832
vn 0.929324 0.267827 0.254216
vn -0.326124 -0.573301 0.751644
vn 0.462688 -0.18361 0.867299
vn -0.754005 -0.589033 0.290718
vn -0.876441 -0.384267 -0.290155
vn -0.459178 0.124571 -0.879566
vn 0.332455 0.533247 -0.777896
vn 0.766488 0.564945 -0.305507
vn 0.891617 0.350666 0.286447
vn -0.257599 -0.643829 0.720504
vn 0.489898 -0.18823 0.851216
vn -0.68219 -0.686333 0.252118
vn -0.813463 -0.479641 -0.328973
vn -0.435339 0.075522 -0.897093
vn 0.307627 0.556992 -0.771444
vn 0.729974 0.619661 -0.288374
vn 0.867449 0.39828 0.29817
vn -0.162837 -0.716997 0.67779
vn 0.54057 -0.206721 0.815506
vn -0.587297 -0.782371 0.207312
vn -0.72914 -0.574992 -0.371132
vn -0.395956 0.014926 -0.918148
vn 0.290853 0.561373 -0.774768
vn 0.701795 0.653427 -0.283756
vn 0.85707 0.423673 0.293141
vn -0.07982 -0.760201 0.644766
vn 0.575453 -0.200125 0.792971
vn -0.503832 -0.8467 0.171033
vn -0.661228 -0.632501 -0.403384
vn -0.378212 -0.006375 -0.925697
vn 0.253634 0.591069 -0.765707
vn 0.656949 0.704623 -0.268187
vn 0.832028 0.466347 0.300417
vn -0.007428 -0.784471 0.620121
vn 0.600465 -0.182095 0.778642
vn -0.434691 -0.889203 0.142695
vn -0.614398 -0.663279 -0.42729
vn -0.385259 -0.002256 -0.922806
vn 0.196698 0.633191 -0.748585
vn 0.599552 0.761428 -0.246505
vn 0.798521 0.513287 0.314485
vn 0.096709 -0.796522 0.596825
vn 0.67214 -0.174881 0.719475
vn -0.366036 -0.923327 0.116127
vn -0.551613 -0.690506 -0.467894
vn -0.368484 -0.03437 -0.928998
vn 0.131156 0.643693 -0.753961
vn 0.547858 0.802859 -0.235094
vn 0.796007 0.52242 0.305695
vn 0.330483 -0.724752 0.604579
vn 0.773829 -0.157651 0.613462
vn -0.291006 -0.951788 0.097037
vn -0.493415 -0.644658 -0.583916
vn -0.330347 -0.101101 -0.938429
vn 0.005933 0.526502 -0.850153
vn 0.506639 0.825509 -0.2487
vn 0.830404 0.443983 0.336613
vn 0.658714 -0.448713 0.603948
vn 0.860225 -0.147288 0.488179
vn -0.001401 -0.963233 0.268662
vn -0.451846 -0.523041 -0.722678
vn -0.288816 -0.164306 -0.94318
vn -0.154202 0.17761 -0.971945
vn 0.339552 0.781871 -0.522859
vn 0.838798 0.321611 0.4393
vn -0.491326 0.870925 -0.009425
vn -0.829752 0.45911 -0.317379
vn -0.898663 0.428127 0.095454
vn -0.655527 0.460381 0.59861
vn -0.125757 0.559794 0.819034
vn 0.222428 0.657703 0.719689
vn 0.45696 0.765633 0.452763
vn 0.378168 0.886723 -0.265914
vn 0.750517 0.624652 0.215716
vn 0.371071 0.77597 -0.510075
vn 0.587402 0.420408 0.691532
vn 0.192315 0.177422 0.965161
vn -0.590853 -0.020484 0.806519
vn -0.978163 0.173645 0.114214
vn -0.846697 0.413016 -0.335442
vn -0.449825 0.613239 -0.649304
vn 0.875631 0.478324 0.066908
vn 0.432196 0.691313 -0.579044
vn 0.736835 0.242198 0.631201
vn 0.235745 0.067108 0.969495
vn -0.555004 -0.025298 0.831463
vn -0.983552 0.091747 0.155587
vn -0.85296 0.333097 -0.401878
vn -0.370971 0.587714 -0.719008
vn 0.964272 0.264466 -0.01539
vn 0.49568 0.548319 -0.673533
vn 0.845589 -0.014275 0.533643
vn 0.352608 -0.14594 0.924321
vn -0.527039 -0.115781 0.841917
vn -0.992956 0.00544 0.118356
vn -0.857941 0.174243 -0.483298
vn -0.366484 0.432312 -0.823891
vn 0.995517 0.07059 -0.062948
vn 0.524448 0.349515 -0.776398
vn 0.865072 -0.170097 0.471929
vn 0.415907 -0.31388 0.853522
vn -0.503771 -0.264588 0.822319
vn -0.996337 -0.019766 0.083194
vn -0.857116 0.151545 -0.492327
vn -0.391228 0.314107 -0.86503
vn 0.991828 -0.066579 -0.108828
vn 0.518239 0.230437 -0.823606
vn 0.858707 -0.258309 0.442605
vn 0.415886 -0.375699 0.828184
vn -0.497375 -0.303914 0.81256
vn -0.995226 0.022818 0.094895
vn -0.854936 0.228811 -0.465543
vn -0.39601 0.328705 -0.857397
vn 0.9766 -0.160512 -0.143135
vn 0.511473 0.187917 -0.8385
vn 0.84259 -0.344482 0.413975
vn 0.400057 -0.420708 0.814223
vn -0.498462 -0.258985 0.827323
vn -0.984167 0.118964 0.131388
vn -0.843189 0.316115 -0.43486
vn -0.387382 0.374799 -0.842295
vn 0.951478 -0.251344 -0.177528
vn 0.501673 0.151169 -0.851746
vn 0.816538 -0.430931 0.384142
vn 0.378052 -0.468655 0.798398
vn -0.496176 -0.219732 0.839957
vn -0.962834 0.211953 0.167414
vn -0.821141 0.403857 -0.40327
vn -0.372165 0.424183 -0.825568
vn 0.917542 -0.336637 -0.211642
vn 0.490327 0.121015 -0.863096
vn 0.780777 -0.515289 0.353362
vn 0.349253 -0.518051 0.780798
vn -0.492018 -0.186829 0.850302
vn -0.932353 0.299372 0.202715
vn -0.789072 0.489649 -0.370956
vn -0.349791 0.475398 -0.807244
vn 0.876595 -0.414194 -0.244998
vn 0.479207 0.097983 -0.872216
vn 0.736196 -0.59528 0.321957
vn 0.313413 -0.567361 0.761495
vn -0.487743 -0.160698 0.858069
vn -0.894548 0.379044 0.236875
vn -0.747906 0.571191 -0.338197
vn -0.320041 0.526904 -0.787366
vn 0.812415 -0.503652 -0.293797
vn 0.441613 0.056022 -0.895455
vn 0.670166 -0.688883 0.276257
vn 0.255049 -0.640201 0.724633
vn -0.504604 -0.176545 0.845107
vn -0.871496 0.41788 0.256652
vn -0.718492 0.619791 -0.315639
vn -0.306827 0.549943 -0.776801
vn 0.726235 -0.589974 -0.352865
vn 0.381608 0.010218 -0.924268
vn 0.583882 -0.78183 0.218685
vn 0.175822 -0.71988 0.67146
vn -0.54013 -0.21628 0.813316
vn -0.863082 0.429764 0.265316
vn -0.700488 0.64727 -0.300598
vn -0.307276 0.556779 -0.771738
vn 0.65855 -0.639709 -0.39634
vn 0.352299 0.003201 -0.935882
vn 0.507866 -0.84371 0.173854
vn 0.104655 -0.768285 0.631495
vn -0.565124 -0.225109 0.793701
vn -0.83978 0.46341 0.28288
vn -0.663384 0.695121 -0.276999
vn -0.281783 0.590866 -0.75596
vn 0.613546 -0.664017 -0.427368
vn 0.35411 0.020057 -0.934989
vn 0.445099 -0.884464 0.140036
vn 0.041168 -0.79708 0.602469
vn -0.584089 -0.218142 0.781828
vn -0.807609 0.504813 0.304846
vn -0.61187 0.75069 -0.249159
vn -0.232963 0.638154 -0.733817
vn 0.566861 -0.668789 -0.48103
vn 0.315341 0.028575 -0.948548
vn 0.384776 -0.917056 0.104672
vn -0.055069 -0.829248 0.556161
vn -0.636317 -0.255099 0.728028
vn -0.798736 0.505609 0.326161
vn -0.567094 0.791643 -0.22739
vn -0.198023 0.652397 -0.73155
vn 0.501687 -0.569469 -0.651165
vn 0.247882 0.045716 -0.967711
vn 0.330398 -0.942135 0.056729
vn -0.234373 -0.808575 0.5397
vn -0.706457 -0.326031 0.62819
vn -0.845422 0.354283 0.39968
vn -0.543446 0.812967 -0.209168
vn -0.1075 0.599764 -0.792923
vn 0.37748 -0.256234 -0.889861
vn 0.150599 0.050923 -0.987282
vn 0.383108 -0.888387 -0.252975
vn -0.424566 -0.712404 0.558771
vn -0.748955 -0.381172 0.542009
vn -0.876154 -0.035245 0.480742
vn -0.719991 0.693973 -0.003777
vn 0.0468 0.512955 -0.857139
vn 0.270354 0.795971 0.541608
vn 0.731168 0.673701 0.107329
vn 0.430706 0.888054 -0.160789
vn -0.172304 0.954297 -0.24419
vn -0.694115 0.717795 0.054542
vn -0.784731 0.480294 0.391811
vn -0.647646 0.259886 0.71625
vn 0.014397 0.062514 0.99794
vn -0.581806 -0.07847 0.809533
vn 0.206875 -0.0309 0.977879
vn -0.926928 0.111744 0.358215
vn -0.91935 0.347153 -0.185148
vn -0.362675 0.662887 -0.655017
vn 0.403937 0.799044 -0.445381
vn 0.731165 0.681196 0.037004
vn 0.750154 0.375598 0.544238
vn -0.514487 -0.254648 0.818815
vn 0.214891 -0.070677 0.974077
vn -0.944597 -0.092217 0.315011
vn -0.928341 0.263324 -0.262382
vn -0.399412 0.632153 -0.663968
vn 0.346166 0.767351 -0.539761
vn 0.765328 0.643406 -0.017365
vn 0.737027 0.336381 0.586207
vn -0.482375 -0.447581 0.752984
vn 0.25516 -0.179296 0.95013
vn -0.904726 -0.36429 0.220823
vn -0.936509 0.036225 -0.348767
vn -0.413435 0.544425 -0.729844
vn 0.378856 0.691295 -0.615288
vn 0.846247 0.516261 -0.131681
vn 0.828441 0.225059 0.512869
vn -0.447249 -0.594963 0.667823
vn 0.33575 -0.33322 0.881043
vn -0.848209 -0.506877 0.153679
vn -0.898715 -0.159767 -0.408395
vn -0.392668 0.3992 -0.828524
vn 0.417831 0.63532 -0.649451
vn 0.860375 0.481679 -0.166557
vn 0.893311 0.151958 0.422971
vn -0.398282 -0.681719 0.613703
vn 0.383984 -0.399915 0.832241
vn -0.813912 -0.568419 0.120199
vn -0.870773 -0.227838 -0.435712
vn -0.375299 0.32798 -0.866937
vn 0.414422 0.633366 -0.65353
vn 0.834113 0.533331 -0.140757
vn 0.889267 0.176481 0.421971
vn -0.360846 -0.724207 0.587635
vn 0.396079 -0.400057 0.826484
vn -0.777683 -0.62235 0.088823
vn -0.847309 -0.266486 -0.459405
vn -0.382353 0.33174 -0.862412
vn 0.380482 0.679275 -0.62755
vn 0.799999 0.589953 -0.109345
vn 0.868697 0.217863 0.444861
vn -0.319537 -0.763935 0.560624
vn 0.409087 -0.399877 0.820211
vn -0.737276 -0.673227 0.056478
vn -0.821434 -0.302565 -0.483426
vn -0.390605 0.335477 -0.857253
vn 0.342437 0.722608 -0.600479
vn 0.761529 0.643559 -0.076847
vn 0.845525 0.256752 0.468151
vn -0.276865 -0.797846 0.535525
vn 0.422875 -0.392108 0.816963
vn -0.69328 -0.720368 0.0208
vn -0.789271 -0.336291 -0.513769
vn -0.393127 0.337659 -0.855241
vn 0.302226 0.760616 -0.574563
vn 0.717786 0.694696 -0.046699
vn 0.819131 0.298877 0.489589
vn -0.238108 -0.825892 0.511085
vn 0.418895 -0.38599 0.821912
vn -0.644009 -0.764916 -0.012494
vn -0.751525 -0.377778 -0.540827
vn -0.396892 0.32184 -0.85959
vn 0.260955 0.788461 -0.556984
vn 0.670355 0.741941 -0.012184
vn 0.781045 0.337065 0.525695
vn -0.15602 -0.868344 0.470783
vn 0.465413 -0.393335 0.792892
vn -0.562538 -0.824547 -0.060616
vn -0.682302 -0.432978 -0.589062
vn -0.361467 0.290988 -0.885815
vn 0.252764 0.790798 -0.557448
vn 0.650343 0.759632 -0.003617
vn 0.777402 0.349899 0.522701
vn -0.041396 -0.913023 0.405801
vn 0.543673 -0.410838 0.731868
vn -0.453699 -0.882644 -0.122866
vn -0.591489 -0.487596 -0.642176
vn -0.314935 0.250274 -0.915521
vn 0.25072 0.780027 -0.573321
vn 0.643403 0.765341 -0.016935
vn 0.797298 0.349426 0.492157
vn 0.046376 -0.930846 0.362456
vn 0.590217 -0.402198 0.699915
vn -0.369654 -0.913926 -0.167618
vn -0.530702 -0.51123 -0.676018
vn -0.304517 0.243592 -0.920832
vn 0.214434 0.798028 -0.563177
vn 0.605922 0.795517 -0.003419
vn 0.78736 0.372792 0.49101
vn 0.114933 -0.934886 0.335826
vn 0.61569 -0.381358 0.689559
vn -0.305607 -0.930831 -0.200393
vn -0.495168 -0.516949 -0.698264
vn -0.323354 0.255709 -0.911074
vn 0.151121 0.830439 -0.536221
vn 0.546 0.837293 0.028721
vn 0.757331 0.406477 0.511103
vn 0.216488 -0.92454 0.313624
vn 0.686807 -0.350788 0.636588
vn -0.235947 -0.943002 -0.234682
vn -0.426845 -0.515077 -0.743303
vn -0.296856 0.236197 -0.92525
vn 0.087285 0.837873 -0.538842
vn 0.488735 0.870744 0.05425
vn 0.757537 0.415619 0.503387
vn 0.43723 -0.827712 0.351742
vn 0.781674 -0.290827 0.55173
vn -0.151736 -0.952089 -0.265523
vn -0.359793 -0.415198 -0.83556
vn -0.240174 0.192264 -0.951499
vn -0.012894 0.746603 -0.665145
vn 0.439391 0.896402 0.058308
vn 0.790216 0.332024 0.515091
vn 0.708305 -0.538992 0.455841
vn 0.866498 -0.22113 0.44753
vn 0.157859 -0.984576 -0.075433
vn -0.320448 -0.246373 -0.914666
vn -0.186359 0.151903 -0.970668
vn -0.10385 0.462407 -0.880565
vn 0.273037 0.930748 -0.243225
vn 0.792054 0.198366 0.577323
vn 0.013613 0.99762 0.067595
vn -0.584219 0.807141 -0.084921
vn -0.571526 0.754857 0.321789
vn -0.190171 0.604389 0.77366
vn 0.446811 0.402322 0.79906
vn 0.749132 0.361866 0.554846
vn 0.885729 0.407644 0.222058
vn 0.650436 0.634232 -0.417951
vn 0.976283 0.214565 -0.028861
vn 0.515468 0.626492 -0.584637
vn 0.88775 0.011761 0.460176
vn 0.52438 -0.100398 0.845545
vn -0.285035 0.0752 0.955563
vn -0.735395 0.530938 0.421069
vn -0.629216 0.775987 -0.043951
vn -0.285972 0.84527 -0.451375
vn 0.981697 0.106733 -0.157733
vn 0.528707 0.610913 -0.589283
vn 0.904673 -0.177149 0.387537
vn 0.483971 -0.22317 0.846149
vn -0.273362 0.018061 0.961742
vn -0.764527 0.43354 0.477013
vn -0.681571 0.729103 -0.062214
vn -0.232595 0.849347 -0.473824
vn 0.964492 -0.074878 -0.253274
vn 0.522591 0.531297 -0.6668
vn 0.864179 -0.435343 0.252329
vn 0.462669 -0.47086 0.751152
vn -0.311358 -0.115006 0.943308
vn -0.838659 0.332383 0.431477
vn -0.794878 0.587556 -0.151484
vn -0.325271 0.750826 -0.574855
vn 0.919107 -0.231135 -0.319091
vn 0.461343 0.38517 -0.799253
vn 0.805599 -0.568152 0.167966
vn 0.418541 -0.658805 0.62514
vn -0.389886 -0.309346 0.867349
vn -0.889258 0.271051 0.368444
vn -0.821535 0.540392 -0.181817
vn -0.413052 0.652749 -0.635064
vn 0.874802 -0.313767 -0.369149
vn 0.419741 0.314816 -0.851298
vn 0.771422 -0.622085 0.133862
vn 0.380533 -0.724319 0.574941
vn -0.436091 -0.399506 0.806362
vn -0.899994 0.258391 0.351062
vn -0.795711 0.584911 -0.157233
vn -0.404172 0.672059 -0.62047
vn 0.852249 -0.345663 -0.392668
vn 0.428163 0.322865 -0.844058
vn 0.737077 -0.668015 0.102335
vn 0.343247 -0.764216 0.546036
vn -0.449776 -0.402852 0.797127
vn -0.880135 0.293872 0.37283
vn -0.762936 0.633959 -0.126586
vn -0.369634 0.715832 -0.592415
vn 0.827568 -0.375795 -0.417026
vn 0.436854 0.329335 -0.837077
vn 0.699821 -0.710882 0.069984
vn 0.303569 -0.800389 0.516937
vn -0.463324 -0.40422 0.78863
vn -0.857862 0.327758 0.395788
vn -0.727047 0.680009 -0.09482
vn -0.332463 0.756053 -0.563784
vn 0.800834 -0.404005 -0.442091
vn 0.445793 0.334366 -0.830342
vn 0.659738 -0.750587 0.036945
vn 0.261613 -0.832862 0.48775
vn -0.476676 -0.403838 0.78083
vn -0.833248 0.359818 0.419795
vn -0.688142 0.722916 -0.062079
vn -0.29277 0.792702 -0.534704
vn 0.765158 -0.434193 -0.475404
vn 0.443196 0.324678 -0.835561
vn 0.620482 -0.78422 0.001129
vn 0.23233 -0.856134 0.461581
vn -0.471228 -0.400961 0.785604
vn -0.801035 0.392133 0.452299
vn -0.647199 0.761679 -0.03129
vn -0.256214 0.817488 -0.515817
vn 0.690733 -0.48032 -0.540538
vn 0.384511 0.299265 -0.873265
vn 0.544496 -0.836729 -0.058389
vn 0.154825 -0.897442 0.413071
vn -0.517561 -0.406428 0.752959
vn -0.796089 0.404503 0.450132
vn -0.633458 0.773409 -0.023859
vn -0.263017 0.813932 -0.518012
vn 0.5892 -0.527993 -0.611611
vn 0.30909 0.26081 -0.914572
vn 0.442463 -0.886754 -0.133766
vn 0.055085 -0.94128 0.333103
vn -0.580626 -0.445179 0.681681
vn -0.817864 0.382816 0.429594
vn -0.640215 0.767675 -0.028274
vn -0.282447 0.799006 -0.53086
vn 0.525587 -0.541406 -0.65623
vn 0.282937 0.265004 -0.921802
vn 0.368115 -0.911003 -0.185917
vn -0.019285 -0.958991 0.282778
vn -0.61704 -0.4467 0.647859
vn -0.807682 0.39596 0.436882
vn -0.61156 0.791162 -0.00756
vn -0.25978 0.817231 -0.514439
vn 0.489501 -0.540444 -0.684331
vn 0.29391 0.287241 -0.911652
vn 0.3131 -0.923572 -0.221319
vn -0.075206 -0.963945 0.255254
vn -0.632182 -0.431652 0.643446
vn -0.775127 0.424413 0.468029
vn -0.558342 0.828988 0.032137
vn -0.206475 0.852049 -0.481021
vn 0.437957 -0.516127 -0.736075
vn 0.24021 0.305355 -0.921443
vn 0.253584 -0.931307 -0.261463
vn -0.171893 -0.96333 0.206028
vn -0.685002 -0.438357 0.581906
vn -0.762913 0.418468 0.492796
vn -0.50866 0.858193 0.069065
vn -0.179805 0.860188 -0.477229
vn 0.353893 -0.351162 -0.866859
vn 0.146452 0.339229 -0.929234
vn 0.189539 -0.929417 -0.316637
vn -0.345241 -0.914482 0.211026
vn -0.75271 -0.455812 0.475039
vn -0.814058 0.256187 0.521227
vn -0.477043 0.872803 0.103176
vn -0.113028 0.823987 -0.555221
vn 0.230598 0.040315 -0.972213
vn 0.022886 0.368277 -0.929434
vn 0.211537 -0.768412 -0.603983
vn -0.514235 -0.812058 0.275905
vn -0.794825 -0.467266 0.387189
vn -0.877646 -0.122225 0.463464
vn -0.65333 0.704128 0.278142
vn 0.015803 0.764259 -0.644716
vn 0.422747 0.144722 -0.894618
vn -0.030602 -0.662509 -0.748429
vn -0.322528 -0.477693 -0.817181
vn -0.536894 -0.105114 -0.837076
vn -0.551723 0.558493 -0.619426
vn -0.176881 0.977125 -0.118064
vn 0.183981 0.966447 0.179253
vn 0.466039 0.836245 0.288968
vn 0.763866 0.591701 0.257679
vn 0.995258 -0.028095 -0.093128
vn 0.806406 0.467768 0.361804
vn 0.961897 -0.145005 -0.231792
vn 0.467365 0.699146 0.541078
vn 0.145035 0.813559 0.563105
vn -0.301965 0.851374 0.428927
vn -0.876925 0.461985 -0.132556
vn -0.746307 -0.226026 -0.626049
vn -0.424644 -0.511381 -0.747105
vn -0.103992 -0.625524 -0.773244
vn 0.356676 -0.609138 -0.708331
vn 0.787298 0.514356 0.34
vn 0.93604 0.025691 -0.350954
vn 0.449377 0.675093 0.585073
vn 0.122699 0.749892 0.650082
vn -0.332153 0.760097 0.558505
vn -0.91754 0.397617 0.004473
vn -0.779891 -0.209563 -0.589791
vn -0.444346 -0.444098 -0.778032
vn -0.115996 -0.512275 -0.850952
vn 0.345149 -0.439345 -0.829366
vn 0.762732 0.548123 0.343221
vn 0.885138 0.19211 -0.423821
vn 0.437881 0.633454 0.637962
vn 0.113802 0.665232 0.737913
vn -0.344546 0.644546 0.682531
vn -0.941519 0.310336 0.131279
vn -0.809466 -0.195222 -0.553763
vn -0.47244 -0.367724 -0.800986
vn -0.146834 -0.386578 -0.910493
vn 0.304342 -0.260277 -0.916314
vn 0.762972 0.517714 0.387099
vn 0.861718 0.262511 -0.4342
vn 0.448353 0.54684 0.707068
vn 0.12946 0.540902 0.831063
vn -0.328566 0.485623 0.810071
vn -0.948268 0.172283 0.266657
vn -0.834561 -0.219354 -0.505363
vn -0.502384 -0.323322 -0.801919
vn -0.18295 -0.302797 -0.935331
vn 0.262401 -0.153429 -0.952683
vn 0.812458 0.370235 0.450376
vn 0.90228 0.147874 -0.405
vn 0.494607 0.387319 0.778041
vn 0.179518 0.355563 0.917251
vn -0.270687 0.254938 0.928297
vn -0.911713 -0.061394 0.406215
vn -0.836788 -0.319864 -0.444379
vn -0.516312 -0.347614 -0.782679
vn -0.200329 -0.306811 -0.930449
vn 0.253911 -0.186016 -0.949172
vn 0.850563 0.25148 0.461843
vn 0.909554 0.088518 -0.40605
vn 0.5413 0.247743 0.803503
vn 0.232504 0.190883 0.95368
vn -0.206075 0.053992 0.977046
vn -0.848124 -0.248769 0.46776
vn -0.826931 -0.379392 -0.415026
vn -0.527763 -0.337804 -0.779329
vn -0.216713 -0.273139 -0.937246
vn 0.242001 -0.165046 -0.956136
vn 0.867849 0.221736 0.444603
vn 0.886157 0.162526 -0.433948
vn 0.573924 0.168593 0.801366
vn 0.270558 0.084523 0.958986
vn -0.166492 -0.067358 0.983739
vn -0.821422 -0.323381 0.469777
vn -0.838473 -0.348144 -0.419236
vn -0.55557 -0.25574 -0.791163
vn -0.249761 -0.164534 -0.954226
vn 0.207699 -0.042308 -0.977277
vn 0.886606 0.180781 0.425733
vn 0.867019 0.214877 -0.449562
vn 0.60607 0.08692 0.790648
vn 0.305828 -0.016961 0.951936
vn -0.13311 -0.17417 0.975677
vn -0.803526 -0.374632 0.462599
vn -0.855696 -0.303825 -0.418898
vn -0.585928 -0.170098 -0.79231
vn -0.282884 -0.060102 -0.957269
vn 0.175996 0.06638 -0.98215
vn 0.920897 0.072302 0.383043
vn 0.861078 0.168146 -0.479866
vn 0.650569 -0.040153 0.758385
vn 0.351773 -0.154974 0.923168
vn -0.086214 -0.318 0.944163
vn -0.762689 -0.47328 0.440807
vn -0.854947 -0.308058 -0.417332
vn -0.601252 -0.1324 -0.788014
vn -0.300781 -0.011614 -0.953623
vn 0.159704 0.097429 -0.982345
vn 0.947525 -0.068431 0.312272
vn 0.845546 0.075361 -0.528557
vn 0.690455 -0.188476 0.69839
vn 0.395371 -0.307829 0.865404
vn -0.0363 -0.471118 0.881323
vn -0.70835 -0.581483 0.400147
vn -0.846449 -0.329943 -0.417926
vn -0.611777 -0.115163 -0.782602
vn -0.31526 0.009959 -0.948953
vn 0.142916 0.08959 -0.985672
vn 0.956028 -0.160361 0.24555
vn 0.81711 0.050655 -0.574252
vn 0.709985 -0.296628 0.638696
vn 0.41614 -0.415656 0.808739
vn -0.016845 -0.561812 0.827093
vn -0.699683 -0.60742 0.376144
vn -0.868972 -0.281464 -0.407021
vn -0.641812 -0.041465 -0.76574
vn -0.346488 0.083502 -0.93433
vn 0.108837 0.139313 -0.984249
vn 0.957107 -0.230414 0.17566
vn 0.781179 0.056279 -0.621765
vn 0.719103 -0.38511 0.578429
vn 0.423848 -0.498861 0.75597
vn -0.013674 -0.616977 0.786863
vn -0.712829 -0.58864 0.381284
vn -0.907656 -0.194616 -0.371867
vn -0.67998 0.062169 -0.73059
vn -0.383183 0.182582 -0.905447
vn 0.068007 0.214958 -0.974253
vn 0.955124 -0.288201 0.068397
vn 0.714293 0.074124 -0.695911
vn 0.730547 -0.465232 0.49986
vn 0.434268 -0.572112 0.695772
vn 0.001449 -0.659971 0.75129
vn -0.698143 -0.574449 0.427322
vn -0.947871 -0.122851 -0.29402
vn -0.723253 0.157934 -0.672281
vn -0.424517 0.275625 -0.862448
vn 0.013452 0.286656 -0.957939
vn 0.955887 -0.244917 -0.162162
vn 0.52461 0.138808 -0.83995
vn 0.79164 -0.488563 0.366895
vn 0.500378 -0.608105 0.616304
vn 0.102906 -0.688661 0.717744
vn -0.53617 -0.637868 0.552853
vn -0.976363 -0.194445 -0.094377
vn -0.808944 0.174026 -0.561537
vn -0.511537 0.328954 -0.793801
vn -0.108862 0.355998 -0.928124
vn 0.75115 0.547284 0.369126
vn 0.997763 0.06616 -0.009609
vn 0.874392 0.371567 -0.312051
vn 0.451389 0.79264 -0.409841
vn -0.062326 0.993656 -0.093612
vn -0.246922 0.931297 0.267799
vn -0.243187 0.745757 0.620247
vn 0.167822 0.248412 0.954006
vn -0.413786 0.480302 0.773363
vn 0.255833 0.059703 0.964876
vn -0.610478 0.736 0.292611
vn -0.520796 0.808306 -0.274614
vn 0.071313 0.609933 -0.789238
vn 0.772346 0.250851 -0.583572
vn 0.994636 0.052526 -0.089108
vn 0.884069 -0.075787 0.46117
vn -0.474855 0.32711 0.817014
vn 0.241496 0.045196 0.969349
vn -0.755409 0.590166 0.284712
vn -0.596474 0.727451 -0.339165
vn 0.014208 0.591307 -0.806322
vn 0.699407 0.230893 -0.6764
vn 0.990391 -0.009085 -0.137994
vn 0.861549 -0.075328 0.502055
vn -0.579432 0.162609 0.798634
vn 0.204908 -0.050947 0.977454
vn -0.902389 0.348299 0.253736
vn -0.757503 0.533432 -0.37635
vn -0.066421 0.500813 -0.863003
vn 0.667161 0.124296 -0.734471
vn 0.960008 -0.178784 -0.215456
vn 0.859309 -0.225301 0.45916
vn -0.653739 0.022471 0.756386
vn 0.163469 -0.226893 0.960103
vn -0.9541 0.196302 0.226182
vn -0.857588 0.338344 -0.387385
vn -0.158675 0.332052 -0.929819
vn 0.655543 0.035558 -0.75432
vn 0.945003 -0.224023 -0.238293
vn 0.853659 -0.337691 0.396524
vn -0.675335 -0.071959 0.733992
vn 0.15446 -0.305133 0.9397
vn -0.96909 0.125761 0.212247
vn -0.882134 0.251377 -0.398308
vn -0.197371 0.232097 -0.952458
vn 0.648971 0.017079 -0.760622
vn 0.958996 -0.168466 -0.227917
vn 0.866302 -0.307605 0.393574
vn -0.675208 -0.113972 0.728769
vn 0.164358 -0.288884 0.94315
vn -0.977795 0.061567 0.200315
vn -0.890793 0.190059 -0.412754
vn -0.200571 0.213863 -0.956051
vn 0.65348 0.057989 -0.754719
vn 0.970856 -0.104423 -0.21572
vn 0.879139 -0.246775 0.407696
vn -0.672147 -0.154051 0.724215
vn 0.172928 -0.271486 0.946779
vn -0.981993 -0.001398 0.188913
vn -0.894982 0.129285 -0.426957
vn -0.20238 0.194767 -0.959744
vn 0.655016 0.097142 -0.749344
vn 0.978087 -0.04156 -0.204007
vn 0.887433 -0.186446 0.421546
vn -0.66657 -0.191423 0.720446
vn 0.179985 -0.253059 0.950561
vn -0.982034 -0.062095 0.178196
vn -0.894885 0.06996 -0.44078
vn -0.202643 0.174968 -0.963495
vn 0.653961 0.133787 -0.744604
vn 0.981025 0.019076 -0.192941
vn 0.891365 -0.127519 0.43498
vn -0.659046 -0.225316 0.717559
vn 0.185358 -0.233691 0.954479
vn -0.978468 -0.119489 0.168294
vn -0.890849 0.012952 -0.454115
vn -0.201232 0.154581 -0.967269
vn 0.65084 0.167158 -0.740584
vn 0.9802 0.076443 -0.182658
vn 0.891279 -0.070863 0.447885
vn -0.638861 -0.301722 0.707687
vn 0.201721 -0.269872 0.941529
vn -0.964727 -0.213126 0.154528
vn -0.877523 -0.086924 -0.47159
vn -0.195019 0.078023 -0.977691
vn 0.648074 0.146139 -0.747424
vn 0.979223 0.083216 -0.184923
vn 0.893141 -0.068933 0.444462
vn -0.599965 -0.403227 0.690977
vn 0.230032 -0.339211 0.912152
vn -0.934211 -0.328419 0.139252
vn -0.846898 -0.213062 -0.487204
vn -0.17894 -0.036424 -0.983185
vn 0.646482 0.085853 -0.758083
vn 0.979339 0.05443 -0.194764
vn 0.897116 -0.103328 0.429542
vn -0.567494 -0.452973 0.68758
vn 0.24967 -0.351244 0.902382
vn -0.907716 -0.39825 0.132096
vn -0.817676 -0.289719 -0.497463
vn -0.161986 -0.096938 -0.98202
vn 0.645011 0.069395 -0.761016
vn 0.978803 0.065705 -0.193979
vn 0.8975 -0.090994 0.431525
vn -0.54632 -0.464928 0.69669
vn 0.258461 -0.325496 0.909533
vn -0.89127 -0.43418 0.130868
vn -0.795821 -0.330737 -0.507229
vn -0.148793 -0.121034 -0.981433
vn 0.641913 0.080866 -0.762501
vn 0.977104 0.101621 -0.186927
vn 0.893233 -0.049914 0.446816
vn -0.497104 -0.489424 0.716486
vn 0.294074 -0.360004 0.885391
vn -0.873328 -0.468993 0.131695
vn -0.746548 -0.408184 -0.525407
vn -0.125326 -0.218746 -0.9677
vn 0.623451 0.052638 -0.780088
vn 0.975642 0.121251 -0.182812
vn 0.885918 -0.067988 0.458833
vn -0.300592 -0.532472 0.791276
vn 0.35231 -0.424722 0.83396
vn -0.847019 -0.512094 0.142542
vn -0.626448 -0.477416 -0.616146
vn -0.098942 -0.364375 -0.925981
vn 0.496652 -0.085635 -0.863715
vn 0.974869 0.11337 -0.191778
vn 0.825937 -0.144576 0.544909
vn 0.0792 -0.520236 0.850342
vn 0.408162 -0.51205 0.755784
vn -0.665893 -0.611273 0.427706
vn -0.47344 -0.489613 -0.732211
vn -0.085019 -0.470001 -0.878562
vn 0.206974 -0.346536 -0.914918
vn 0.870571 -0.01092 -0.491921
vn 0.712938 -0.174916 0.679061
vn -0.680197 0.718583 -0.144811
vn -0.967462 0.132459 -0.215575
vn -0.953693 0.191247 0.232151
vn -0.613248 0.428248 0.663725
vn -0.064418 0.725518 0.685181
vn 0.21928 0.876104 0.429369
vn 0.334155 0.941276 0.048365
vn 0.072149 0.782179 -0.618863
vn 0.566283 0.801393 -0.192597
vn 0.018741 0.635199 -0.772121
vn 0.595288 0.708449 0.379121
vn 0.345006 0.443872 0.827012
vn -0.344239 0.037633 0.938127
vn -0.923796 -0.064964 0.377333
vn -0.981093 0.07967 -0.17638
vn -0.710157 0.285337 -0.643631
vn 0.660004 0.685939 -0.306401
vn 0.052128 0.603485 -0.795669
vn 0.745532 0.575692 0.335798
vn 0.398185 0.352241 0.84698
vn -0.306526 0.035253 0.951209
vn -0.886142 -0.124388 0.446409
vn -0.981795 0.00532 -0.18987
vn -0.664148 0.296033 -0.686493
vn 0.776639 0.518222 -0.35816
vn 0.112788 0.50391 -0.856361
vn 0.89946 0.346469 0.266328
vn 0.553328 0.170711 0.815283
vn -0.250491 -0.052931 0.966671
vn -0.870872 -0.231457 0.433601
vn -0.957353 -0.176481 -0.228756
vn -0.648008 0.138981 -0.748846
vn 0.853655 0.357348 -0.378913
vn 0.174547 0.323748 -0.929904
vn 0.953729 0.198689 0.225665
vn 0.656462 0.003679 0.75435
vn -0.17886 -0.218792 0.959239
vn -0.865281 -0.301574 0.400427
vn -0.944764 -0.225426 -0.237917
vn -0.642123 0.000807 -0.766601
vn 0.882186 0.245469 -0.401861
vn 0.195464 0.219341 -0.955868
vn 0.968934 0.128505 0.211316
vn 0.675713 -0.061748 0.734574
vn -0.152185 -0.293305 0.943828
vn -0.866442 -0.302998 0.396825
vn -0.958939 -0.169874 -0.227108
vn -0.649143 0.008871 -0.760615
vn 0.890087 0.184512 -0.416774
vn 0.196937 0.201522 -0.959482
vn 0.977889 0.06451 0.198925
vn 0.67674 -0.10381 0.728866
vn -0.160423 -0.277444 0.947253
vn -0.878648 -0.242373 0.41138
vn -0.97095 -0.105985 -0.214529
vn -0.654626 0.049749 -0.754314
vn 0.893572 0.124236 -0.431387
vn 0.19715 0.183134 -0.963117
vn 0.982345 0.001702 0.187069
vn 0.674786 -0.144144 0.7238
vn -0.167437 -0.260708 0.950787
vn -0.886342 -0.182356 0.425611
vn -0.978335 -0.043249 -0.202458
vn -0.657083 0.089047 -0.74854
vn 0.892848 0.065544 -0.445563
vn 0.196001 0.164308 -0.96674
vn 0.982645 -0.05887 0.175906
vn 0.670233 -0.181965 0.719498
vn -0.173089 -0.243194 0.954409
vn -0.889729 -0.123845 0.439368
vn -0.981425 0.017283 -0.191067
vn -0.656863 0.126001 -0.743408
vn 0.888286 0.009299 -0.459197
vn 0.193405 0.145128 -0.970326
vn 0.979333 -0.116166 0.165569
vn 0.663617 -0.216478 0.716065
vn -0.177253 -0.224961 0.958109
vn -0.889173 -0.067708 0.452535
vn -0.980745 0.074564 -0.180496
vn -0.654461 0.159829 -0.73901
vn 0.870719 -0.087672 -0.483903
vn 0.175436 0.071611 -0.981883
vn 0.967171 -0.208651 0.145072
vn 0.650567 -0.293598 0.700402
vn -0.181876 -0.264283 0.947141
vn -0.886992 -0.068128 0.456732
vn -0.981122 0.080133 -0.176006
vn -0.658392 0.138847 -0.739758
vn 0.832256 -0.210073 -0.513049
vn 0.138762 -0.037081 -0.989631
vn 0.939398 -0.32212 0.117345
vn 0.624562 -0.395328 0.673526
vn -0.189601 -0.339421 0.921328
vn -0.883679 -0.108092 0.455441
vn -0.983641 0.049278 -0.173267
vn -0.668733 0.080296 -0.739154
vn 0.797478 -0.283906 -0.532378
vn 0.108702 -0.091492 -0.989855
vn 0.914688 -0.391203 0.101518
vn 0.60087 -0.446446 0.663055
vn -0.195972 -0.357357 0.913176
vn -0.878919 -0.100672 0.466226
vn -0.984695 0.059514 -0.16381
vn -0.675272 0.067124 -0.734508
vn 0.771986 -0.322031 -0.548027
vn 0.087685 -0.109728 -0.990086
vn 0.899258 -0.427132 0.094307
vn 0.585111 -0.461263 0.666995
vn -0.196724 -0.337171 0.92066
vn -0.871026 -0.062937 0.487188
vn -0.983958 0.095174 -0.150893
vn -0.677372 0.08187 -0.73107
vn 0.721096 -0.371478 -0.584828
vn 0.028189 -0.191925 -0.981005
vn 0.882902 -0.461758 0.085226
vn 0.543704 -0.511847 0.665131
vn -0.196477 -0.38663 0.901063
vn -0.849406 -0.065778 0.523624
vn -0.984002 0.113896 -0.136998
vn -0.679966 0.036323 -0.732344
vn 0.543294 -0.432893 -0.71933
vn -0.067393 -0.309725 -0.948435
vn 0.861962 -0.50297 0.06358
vn 0.415816 -0.559119 0.717275
vn -0.18569 -0.478629 0.858157
vn -0.73986 -0.18317 0.647345
vn -0.988202 0.102614 -0.113698
vn -0.613121 -0.065226 -0.787292
vn 0.181597 -0.434181 -0.882332
vn -0.160413 -0.43275 -0.887127
vn 0.771256 -0.577631 -0.267408
vn 0.246305 -0.564477 0.787845
vn -0.168562 -0.55424 0.81511
vn -0.46244 -0.426656 0.777248
vn -0.978069 -0.040963 0.204212
vn -0.477496 -0.106317 -0.872178
vn 0.250921 0.775036 0.579964
vn 0.757956 0.651831 0.024861
vn 0.43194 0.853977 -0.290088
vn -0.307636 0.854297 -0.41897
vn -0.916826 0.390372 -0.083908
vn -0.953685 0.038725 0.298306
vn -0.734493 -0.153428 0.661045
vn 0.002882 -0.115051 0.993355
vn -0.597446 -0.419539 0.683407
vn 0.208498 -0.133161 0.968915
vn -0.913808 -0.335784 0.228484
vn -0.959271 -0.067174 -0.274384
vn -0.417579 0.50243 -0.757094
vn 0.412045 0.762225 -0.499231
vn 0.737087 0.674344 -0.044293
vn 0.776538 0.417328 0.472045
vn -0.522483 -0.541602 0.658542
vn 0.212889 -0.154219 0.964829
vn -0.85654 -0.485194 0.175858
vn -0.930524 -0.161984 -0.32846
vn -0.448397 0.472809 -0.758546
vn 0.355609 0.778536 -0.517131
vn 0.710072 0.70279 -0.043399
vn 0.738907 0.442381 0.508247
vn -0.456733 -0.673074 0.581692
vn 0.258519 -0.216665 0.941395
vn -0.757104 -0.645265 0.10211
vn -0.864675 -0.333691 -0.375483
vn -0.449375 0.41013 -0.793634
vn 0.356511 0.782928 -0.509827
vn 0.709816 0.701645 -0.062099
vn 0.762851 0.446962 0.467208
vn -0.380823 -0.780294 0.4961
vn 0.352951 -0.296475 0.887428
vn -0.667463 -0.743585 0.039678
vn -0.776393 -0.47168 -0.418009
vn -0.413676 0.318973 -0.852718
vn 0.354703 0.798309 -0.486712
vn 0.676334 0.735295 -0.043734
vn 0.773294 0.46574 0.430236
vn -0.294042 -0.851021 0.435089
vn 0.413089 -0.331453 0.848231
vn -0.595286 -0.803457 -0.00955
vn -0.713501 -0.531607 -0.45641
vn -0.394506 0.27857 -0.87565
vn 0.313454 0.831165 -0.459251
vn 0.611177 0.791491 0.00232
vn 0.734111 0.505621 0.453242
vn -0.217488 -0.89465 0.390257
vn 0.435691 -0.33712 0.83458
vn -0.521283 -0.851429 -0.057731
vn -0.660102 -0.565874 -0.494016
vn -0.410535 0.287841 -0.865222
vn 0.240599 0.877866 -0.414082
vn 0.539143 0.840647 0.051364
vn 0.683704 0.540608 0.490196
vn -0.135966 -0.929579 0.342632
vn 0.46553 -0.343711 0.815564
vn -0.445884 -0.888784 -0.106068
vn -0.60982 -0.590262 -0.528877
vn -0.434372 0.298221 -0.849932
vn 0.162393 0.916083 -0.366635
vn 0.465747 0.879222 0.100246
vn 0.636643 0.565749 0.524036
vn -0.051537 -0.954804 0.292735
vn 0.502442 -0.349087 0.791005
vn -0.371514 -0.915586 -0.15388
vn -0.564674 -0.605885 -0.5604
vn -0.465496 0.308036 -0.829716
vn 0.081299 0.944908 -0.31708
vn 0.393614 0.9072 0.14851
vn 0.595045 0.582129 0.554118
vn 0.034128 -0.970038 0.240542
vn 0.546754 -0.351662 0.759865
vn -0.300469 -0.932481 -0.200494
vn -0.526894 -0.614206 -0.587481
vn -0.504296 0.315729 -0.803742
vn -0.000883 0.964117 -0.265477
vn 0.325184 0.925231 0.195457
vn 0.561208 0.591203 0.579245
vn 0.145221 -0.974625 0.170342
vn 0.63361 -0.343281 0.693323
vn -0.214261 -0.941731 -0.259297
vn -0.468961 -0.619116 -0.629898
vn -0.507582 0.311538 -0.803309
vn -0.05472 0.969491 -0.238941
vn 0.283719 0.93342 0.219613
vn 0.56258 0.595813 0.573158
vn 0.278781 -0.956882 0.08159
vn 0.747267 -0.311675 0.5869
vn -0.117122 -0.936818 -0.329627
vn -0.39792 -0.61003 -0.685218
vn -0.47819 0.303409 -0.824182
vn -0.083307 0.966388 -0.243216
vn 0.266127 0.938614 0.219498
vn 0.592269 0.60113 0.536526
vn 0.388878 -0.921283 0.003444
vn 0.830258 -0.267809 0.488825
vn -0.047583 -0.920526 -0.387772
vn -0.369024 -0.586866 -0.720701
vn -0.495822 0.304459 -0.813305
vn -0.140688 0.962241 -0.233023
vn 0.235599 0.94477 0.227822
vn 0.61133 0.607806 0.506801
vn 0.478977 -0.875284 -0.066778
vn 0.893587 -0.216451 0.393257
vn -0.004221 -0.901121 -0.433546
vn -0.381383 -0.561178 -0.734592
vn -0.55872 0.302829 -0.772092
vn -0.226322 0.951876 -0.206664
vn 0.195749 0.950403 0.241695
vn 0.627744 0.616211 0.475627
vn 0.592969 -0.789732 -0.157197
vn 0.97352 -0.103668 0.203743
vn 0.031452 -0.875842 -0.481572
vn -0.384959 -0.50137 -0.774877
vn -0.561206 0.294594 -0.773474
vn -0.315996 0.921867 -0.224295
vn 0.163654 0.95866 0.232786
vn 0.680317 0.636118 0.364037
vn 0.795718 -0.541498 -0.271315
vn 0.993092 0.079173 -0.086605
vn 0.06905 -0.839612 -0.53878
vn -0.463606 -0.342275 -0.817262
vn -0.546898 0.274836 -0.790802
vn -0.457532 0.799223 -0.389753
vn 0.133518 0.975321 0.175846
vn 0.781663 0.607199 0.142522
vn 0.936807 -0.087703 -0.338676
vn 0.90727 0.2301 -0.352017
vn 0.403827 -0.683807 -0.607727
vn -0.561313 -0.144925 -0.814816
vn -0.524134 0.254826 -0.812618
vn -0.536306 0.511723 -0.671205
vn -0.146588 0.985199 -0.088853
vn 0.875511 0.48297 0.014826
vn 0.074186 0.808075 0.584389
vn 0.712295 0.673442 0.197767
vn 0.467693 0.862384 -0.193797
vn -0.207858 0.843822 -0.494732
vn -0.861033 0.393753 -0.32184
vn -0.997933 0.050712 0.039472
vn -0.882128 -0.134051 0.451531
vn -0.256332 -0.07613 0.963586
vn -0.747647 -0.408169 0.523853
vn -0.041545 -0.108084 0.993273
vn -0.942325 -0.334673 0.0043
vn -0.86454 -0.074136 -0.497065
vn -0.226313 0.493988 -0.839499
vn 0.510708 0.766663 -0.389109
vn 0.713311 0.688325 0.131892
vn 0.625975 0.439071 0.644493
vn -0.660785 -0.541433 0.51982
vn -0.019509 -0.153212 0.988001
vn -0.875104 -0.483229 -0.02613
vn -0.83397 -0.154942 -0.529611
vn -0.271377 0.485533 -0.831031
vn 0.455545 0.789749 -0.410824
vn 0.691884 0.710199 0.130051
vn 0.593138 0.445787 0.670418
vn -0.571316 -0.68212 0.456411
vn 0.048073 -0.236185 0.970518
vn -0.761734 -0.643436 -0.075837
vn -0.76752 -0.318497 -0.556303
vn -0.277717 0.438203 -0.854898
vn 0.452427 0.798062 -0.398005
vn 0.703762 0.701579 0.111829
vn 0.640906 0.433954 0.633185
vn -0.471963 -0.794696 0.381719
vn 0.170729 -0.333604 0.927125
vn -0.663005 -0.738857 -0.120477
vn -0.680144 -0.449109 -0.579401
vn -0.240248 0.357363 -0.902537
vn 0.444463 0.814814 -0.372198
vn 0.673408 0.729102 0.122198
vn 0.67389 0.439571 0.593843
vn -0.369352 -0.86833 0.331031
vn 0.256007 -0.381367 0.888268
vn -0.587349 -0.793999 -0.156799
vn -0.622809 -0.498802 -0.602748
vn -0.229291 0.328158 -0.916372
vn 0.396296 0.849269 -0.348843
vn 0.605841 0.780229 0.155561
vn 0.645106 0.468443 0.603656
vn -0.282737 -0.913149 0.293631
vn 0.296434 -0.396656 0.868787
vn -0.511706 -0.8372 -0.193011
vn -0.57671 -0.52379 -0.626937
vn -0.263288 0.34708 -0.900119
vn 0.312774 0.89717 -0.311862
vn 0.532168 0.824614 0.19186
vn 0.602564 0.494321 0.626549
vn -0.192916 -0.947745 0.254094
vn 0.342515 -0.409103 0.845765
vn -0.435897 -0.870177 -0.22975
vn -0.533956 -0.541044 -0.64974
vn -0.303002 0.3638 -0.880817
vn 0.226158 0.93511 -0.272804
vn 0.458546 0.858743 0.228685
vn 0.563655 0.512505 0.64779
vn -0.101517 -0.971877 0.212485
vn 0.394551 -0.417742 0.818426
vn -0.362114 -0.893244 -0.266437
vn -0.496659 -0.55141 -0.670281
vn -0.348768 0.377395 -0.857866
vn 0.138182 0.962898 -0.231805
vn 0.387277 0.882928 0.265432
vn 0.530553 0.523839 0.666413
vn -0.010084 -0.985598 0.168803
vn 0.452782 -0.421431 0.785738
vn -0.292455 -0.907209 -0.302395
vn -0.466814 -0.556281 -0.687485
vn -0.400849 0.386769 -0.8305
vn 0.050562 0.980683 -0.188954
vn 0.320617 0.897977 0.301402
vn 0.505338 0.529677 0.681231
vn 0.109228 -0.988078 0.108494
vn 0.557677 -0.411461 0.720899
vn -0.204871 -0.913901 -0.350447
vn -0.41115 -0.558474 -0.72046
vn -0.407016 0.383224 -0.829142
vn -0.001286 0.985196 -0.171425
vn 0.285792 0.90487 0.31549
vn 0.51986 0.533755 0.666972
vn 0.253809 -0.966773 0.030519
vn 0.692709 -0.37437 0.616442
vn -0.103394 -0.906088 -0.41026
vn -0.336828 -0.546225 -0.766932
vn -0.370632 0.375275 -0.849588
vn -0.020294 0.982249 -0.186481
vn 0.279107 0.91055 0.304956
vn 0.565867 0.541044 0.622146
vn 0.371488 -0.927643 -0.038403
vn 0.791756 -0.323863 0.517915
vn -0.032322 -0.887531 -0.459613
vn -0.308276 -0.520631 -0.796184
vn -0.387278 0.376064 -0.841779
vn -0.072005 0.979184 -0.189775
vn 0.256544 0.918316 0.301465
vn 0.597363 0.550905 0.582804
vn 0.466483 -0.878771 -0.10077
vn 0.86768 -0.265252 0.420445
vn 0.009964 -0.867107 -0.498022
vn -0.324622 -0.493963 -0.806611
vn -0.455162 0.373885 -0.808108
vn -0.156534 0.971242 -0.179406
vn 0.222022 0.926983 0.30234
vn 0.623703 0.564113 0.541083
vn 0.587792 -0.787641 -0.184721
vn 0.965262 -0.136666 0.222692
vn 0.045264 -0.840536 -0.539861
vn -0.323605 -0.427713 -0.844003
vn -0.449941 0.364924 -0.815097
vn -0.241757 0.945367 -0.218711
vn 0.196017 0.940615 0.277164
vn 0.690648 0.59439 0.411953
vn 0.797456 -0.526502 -0.294721
vn 0.993451 0.071748 -0.08892
vn 0.083576 -0.801012 -0.592786
vn -0.395582 -0.260545 -0.880699
vn -0.435749 0.341773 -0.832655
vn -0.371647 0.830678 -0.414551
vn 0.172374 0.965286 0.196241
vn 0.798088 0.58198 0.15606
vn 0.929785 -0.064874 -0.362341
vn 0.896857 0.238481 -0.372525
vn 0.416854 -0.628832 -0.656356
vn -0.485175 -0.067316 -0.871822
vn -0.418739 0.314604 -0.85187
vn -0.439363 0.552498 -0.708312
vn -0.092371 0.990414 -0.102707
vn 0.884516 0.466494 0.003888
vn -0.073728 0.840315 0.537062
vn 0.641396 0.681451 0.352471
vn 0.496393 0.863216 -0.091934
vn -0.076394 0.841795 -0.534365
vn -0.734887 0.426215 -0.527524
vn -0.970863 0.096298 -0.219434
vn -0.974118 -0.084805 0.209528
vn -0.502149 -0.024136 0.864445
vn -0.867237 -0.37257 0.330291
vn -0.294619 -0.076294 0.952564
vn -0.926402 -0.305057 -0.220726
vn -0.723147 -0.054986 -0.688502
vn -0.011494 0.49473 -0.868971
vn 0.595788 0.761253 -0.255989
vn 0.662532 0.687577 0.297134
vn 0.447399 0.449081 0.773408
vn -0.779129 -0.519169 0.351315
vn -0.257253 -0.145925 0.955263
vn -0.860854 -0.454867 -0.228094
vn -0.700736 -0.122858 -0.702762
vn -0.075306 0.507567 -0.858315
vn 0.543932 0.79018 -0.282406
vn 0.648976 0.701078 0.2955
vn 0.422255 0.437042 0.794163
vn -0.673601 -0.671914 0.307887
vn -0.171736 -0.251808 0.952418
vn -0.743523 -0.619477 -0.251837
vn -0.642505 -0.282173 -0.712436
vn -0.090372 0.473526 -0.876131
vn 0.537961 0.799862 -0.266119
vn 0.674986 0.681912 0.281762
vn 0.493881 0.405503 0.769187
vn -0.556254 -0.792487 0.250091
vn -0.02484 -0.370449 0.928521
vn -0.641897 -0.714784 -0.277583
vn -0.561934 -0.409271 -0.718838
vn -0.051975 0.398919 -0.915512
vn 0.526162 0.815867 -0.239823
vn 0.651834 0.702614 0.285386
vn 0.55155 0.395891 0.734209
vn -0.442108 -0.871118 0.213764
vn 0.083687 -0.432732 0.89763
vn -0.566937 -0.766914 -0.300708
vn -0.513699 -0.451076 -0.729824
vn -0.049039 0.377368 -0.924764
vn 0.474765 0.851296 -0.223369
vn 0.586311 0.750072 0.305991
vn 0.53645 0.414775 0.734972
vn -0.348464 -0.918492 0.186935
vn 0.141737 -0.457139 0.878029
vn -0.49301 -0.807156 -0.324716
vn -0.477431 -0.468473 -0.743366
vn -0.100088 0.405917 -0.908413
vn 0.384414 0.901789 -0.19749
vn 0.514856 0.79141 0.329535
vn 0.504723 0.433242 0.746697
vn -0.252562 -0.954635 0.157749
vn 0.204281 -0.475842 0.855479
vn -0.419452 -0.837657 -0.349844
vn -0.444433 -0.479986 -0.756368
vn -0.155609 0.429427 -0.889594
vn 0.292042 0.941316 -0.169223
vn 0.444008 0.823008 0.35428
vn 0.476509 0.445926 0.757687
vn -0.156045 -0.979633 0.126372
vn 0.271442 -0.488351 0.829357
vn -0.348363 -0.858858 -0.375508
vn -0.416621 -0.486348 -0.768044
vn -0.215705 0.447458 -0.867901
vn 0.199445 0.970027 -0.138812
vn 0.375995 0.845294 0.379612
vn 0.453806 0.453528 0.767054
vn -0.060395 -0.993842 0.092904
vn 0.343437 -0.49399 0.798765
vn -0.281744 -0.871673 -0.401007
vn -0.395861 -0.488821 -0.777398
vn -0.28054 0.4594 -0.842762
vn 0.108342 0.988397 -0.10646
vn 0.313004 0.859159 0.404815
vn 0.438597 0.457228 0.773676
vn 0.06638 -0.996796 0.044626
vn 0.466866 -0.484375 0.739876
vn -0.193455 -0.877905 -0.438016
vn -0.342037 -0.489764 -0.801961
vn -0.286947 0.456254 -0.842314
vn 0.061518 0.993214 -0.098696
vn 0.287101 0.865842 0.409745
vn 0.467957 0.460919 0.754036
vn 0.222358 -0.974762 -0.019897
vn 0.625051 -0.444113 0.641931
vn -0.087137 -0.869324 -0.4865
vn -0.262183 -0.475811 -0.839562
vn -0.238687 0.446972 -0.862116
vn 0.056678 0.990583 -0.124635
vn 0.294335 0.872484 0.390049
vn 0.532647 0.46971 0.704031
vn 0.348086 -0.934253 -0.077507
vn 0.741844 -0.38854 0.546539
vn -0.013953 -0.849859 -0.526826
vn -0.23165 -0.448018 -0.863492
vn -0.249918 0.447548 -0.858628
vn 0.014898 0.989666 -0.142614
vn 0.282488 0.882817 0.37528
vn 0.578692 0.482683 0.657368
vn 0.448391 -0.884272 -0.130414
vn 0.8321 -0.324015 0.450137
vn 0.027683 -0.829204 -0.55826
vn -0.249569 -0.419458 -0.872794
vn -0.318042 0.446668 -0.836264
vn -0.064379 0.986433 -0.151013
vn 0.255982 0.895962 0.36294
vn 0.617132 0.500791 0.606924
vn 0.578865 -0.78893 -0.206169
vn 0.952207 -0.180549 0.246381
vn 0.063603 -0.801632 -0.594425
vn -0.23784 -0.344623 -0.908112
vn -0.298289 0.435441 -0.849361
vn -0.13942 0.96629 -0.216437
vn 0.23984 0.916577 0.319941
vn 0.703199 0.541295 0.460989
vn 0.798645 -0.514959 -0.311422
vn 0.994621 0.054766 -0.087915
vn 0.104019 -0.758194 -0.643679
vn -0.298276 -0.168229 -0.939537
vn -0.286514 0.406382 -0.867619
vn -0.25241 0.858779 -0.445857
vn 0.22768 0.950938 0.209473
vn 0.820897 0.546256 0.166533
vn 0.922579 -0.046637 -0.382978
vn 0.888918 0.237258 -0.391833
vn 0.435251 -0.566576 -0.699678
vn -0.377118 0.01702 -0.926009
vn -0.281171 0.369026 -0.885868
vn -0.313635 0.587014 -0.746356
vn -0.016247 0.99159 -0.128392
vn 0.897809 0.440155 -0.014231
vn 0.022536 0.995797 -0.088774
vn -0.679115 0.714603 -0.167763
vn -0.684797 0.651945 0.325609
vn -0.225838 0.42926 0.87449
vn 0.533165 0.087335 0.841492
vn 0.882806 -0.017152 0.469424
vn 0.998155 0.055942 0.023615
vn 0.66373 0.415924 -0.621667
vn 0.968668 -0.125015 -0.214599
vn 0.501668 0.429473 -0.750921
vn 0.888533 -0.355745 0.289748
vn 0.539593 -0.399802 0.740944
vn -0.2904 -0.057093 0.955201
vn -0.78563 0.467175 0.405626
vn -0.711347 0.69468 -0.106794
vn -0.352655 0.752675 -0.55598
vn 0.924391 -0.225109 -0.307939
vn 0.503575 0.410313 -0.7603
vn 0.842358 -0.496649 0.209219
vn 0.499667 -0.501497 0.706281
vn -0.266294 -0.088422 0.959828
vn -0.760027 0.460966 0.458114
vn -0.695686 0.714151 -0.07752
vn -0.304113 0.784747 -0.540081
vn 0.858026 -0.358378 -0.367909
vn 0.476957 0.362035 -0.800901
vn 0.753668 -0.648294 0.108168
vn 0.449809 -0.659149 0.602656
vn -0.285345 -0.165154 0.944088
vn -0.76065 0.465932 0.452015
vn -0.706691 0.704176 -0.068729
vn -0.3444 0.776481 -0.527698
vn 0.777431 -0.470955 -0.416895
vn 0.406193 0.298687 -0.863594
vn 0.667433 -0.743776 0.036477
vn 0.377889 -0.782495 0.494876
vn -0.345784 -0.274153 0.897371
vn -0.754685 0.484301 0.44261
vn -0.676943 0.734896 -0.040942
vn -0.372034 0.781731 -0.500486
vn 0.703158 -0.534599 -0.468799
vn 0.368834 0.279409 -0.886505
vn 0.595073 -0.803552 -0.013884
vn 0.305651 -0.8461 0.436684
vn -0.390405 -0.328221 0.860148
vn -0.726001 0.508351 0.463144
vn -0.612043 0.790801 0.006013
vn -0.325254 0.827197 -0.458208
vn 0.649223 -0.566683 -0.507326
vn 0.384835 0.293392 -0.875113
vn 0.520521 -0.851497 -0.06334
vn 0.229337 -0.891676 0.390281
vn -0.411993 -0.338898 0.845819
vn -0.675104 0.541284 0.501244
vn -0.539904 0.83986 0.056021
vn -0.252644 0.875523 -0.411862
vn 0.599058 -0.588263 -0.543209
vn 0.408993 0.30941 -0.858481
vn 0.444785 -0.88848 -0.113005
vn 0.147736 -0.928353 0.341079
vn -0.441954 -0.350287 0.825818
vn -0.628069 0.564151 0.53597
vn -0.466625 0.87809 0.105919
vn -0.174848 0.915302 -0.362836
vn 0.554609 -0.600886 -0.575625
vn 0.441303 0.324875 -0.836486
vn 0.370156 -0.914695 -0.162225
vn 0.062888 -0.955129 0.289438
vn -0.479861 -0.360259 0.799967
vn -0.586903 0.578174 0.566798
vn -0.394685 0.90561 0.155224
vn -0.093999 0.945573 -0.311536
vn 0.51817 -0.606087 -0.603455
vn 0.482055 0.338143 -0.808259
vn 0.298991 -0.930785 -0.210342
vn -0.023477 -0.971633 0.235326
vn -0.525958 -0.367 0.767254
vn -0.553902 0.58491 0.592514
vn -0.326562 0.923068 0.203228
vn -0.012012 0.966065 -0.258018
vn 0.466041 -0.602007 -0.648377
vn 0.48443 0.35149 -0.801113
vn 0.215519 -0.937293 -0.273923
vn -0.132439 -0.978721 0.156732
vn -0.612651 -0.37462 0.69593
vn -0.557993 0.581912 0.591626
vn -0.288191 0.929082 0.231844
vn 0.035715 0.973681 -0.225098
vn 0.401301 -0.578411 -0.71021
vn 0.453058 0.370974 -0.810627
vn 0.124429 -0.927772 -0.351792
vn -0.256818 -0.964786 0.056856
vn -0.726044 -0.368723 0.580434
vn -0.597137 0.574189 0.56012
vn -0.276697 0.930672 0.23935
vn 0.057123 0.974875 -0.215302
vn 0.378259 -0.543648 -0.749244
vn 0.473048 0.389658 -0.790185
vn 0.060545 -0.907785 -0.415042
vn -0.359374 -0.93277 -0.028126
vn -0.812318 -0.340007 0.47385
vn -0.625882 0.571687 0.530514
vn -0.251477 0.93422 0.252966
vn 0.110454 0.974799 -0.193823
vn 0.398892 -0.509944 -0.76213
vn 0.540452 0.397296 -0.741665
vn 0.02279 -0.885581 -0.463926
vn -0.445031 -0.889483 -0.103763
vn -0.880355 -0.295423 0.37108
vn -0.649826 0.574238 0.497973
vn -0.216524 0.938142 0.270199
vn 0.191338 0.968184 -0.161276
vn 0.435617 -0.443614 -0.783227
vn 0.544737 0.418148 -0.726921
vn -0.004239 -0.856296 -0.516468
vn -0.553184 -0.801173 -0.228273
vn -0.962917 -0.215834 0.161884
vn -0.710899 0.571756 0.409533
vn -0.191058 0.944094 0.26867
vn 0.251114 0.949743 -0.186895
vn 0.519434 -0.215219 -0.826964
vn 0.532563 0.441837 -0.721912
vn -0.017582 -0.807993 -0.58893
vn -0.707978 -0.601935 -0.369379
vn -0.983363 -0.087917 -0.158955
vn -0.859668 0.483881 0.163801
vn -0.182106 0.954293 0.236984
vn 0.388148 0.872617 -0.296448
vn 0.587398 0.169693 -0.791308
vn 0.473425 0.465174 -0.747985
vn 0.224118 -0.580384 -0.782896
vn -0.832595 -0.362889 -0.418445
vn -0.924491 0.017056 -0.380822
vn -0.930391 0.264141 -0.254168
vn -0.485545 0.871533 0.068388
vn 0.575024 0.736374 -0.356511
vn 0.03205 0.992189 -0.120558
vn -0.682936 0.730419 -0.0093
vn -0.560896 0.683941 0.466498
vn 0.02203 0.471758 0.881453
vn 0.73936 0.116023 0.663239
vn 0.975044 -0.00297 0.22199
vn 0.970842 0.055603 -0.233182
vn 0.48987 0.395843 -0.776747
vn 0.887129 -0.133001 -0.441941
vn 0.308413 0.421329 -0.852856
vn 0.931788 -0.356493 0.068436
vn 0.70571 -0.389787 0.591641
vn -0.03865 -0.032973 0.998709
vn -0.648981 0.488578 0.583194
vn -0.702135 0.708966 0.066131
vn -0.466044 0.757466 -0.457218
vn 0.830755 -0.220974 -0.510898
vn 0.324478 0.424148 -0.845466
vn 0.867365 -0.497612 0.007753
vn 0.649178 -0.503615 0.570035
vn -0.031701 -0.088982 0.995529
vn -0.624156 0.46479 0.628013
vn -0.684309 0.722987 0.094924
vn -0.407799 0.798618 -0.442616
vn 0.761329 -0.34417 -0.549477
vn 0.303525 0.391859 -0.868515
vn 0.757777 -0.648652 -0.070885
vn 0.56761 -0.670949 0.477123
vn -0.072506 -0.186691 0.979739
vn -0.640806 0.453559 0.619396
vn -0.70115 0.705116 0.10583
vn -0.443134 0.793737 -0.41667
vn 0.681326 -0.447726 -0.579083
vn 0.231102 0.339524 -0.911765
vn 0.660351 -0.74046 -0.125124
vn 0.466476 -0.799098 0.379265
vn -0.16165 -0.312981 0.935902
vn -0.651864 0.458386 0.604115
vn -0.67274 0.729087 0.12591
vn -0.464494 0.798856 -0.382198
vn 0.6096 -0.501639 -0.613796
vn 0.203465 0.330184 -0.921727
vn 0.584368 -0.795071 -0.162408
vn 0.37915 -0.864902 0.328923
vn -0.231346 -0.380493 0.895379
vn -0.634557 0.470516 0.613149
vn -0.605185 0.779822 0.160089
vn -0.406272 0.84605 -0.345171
vn 0.563358 -0.523724 -0.639016
vn 0.237246 0.354434 -0.904484
vn 0.508417 -0.837629 -0.199723
vn 0.292619 -0.911106 0.290275
vn -0.271566 -0.400376 0.875186
vn -0.591825 0.494059 0.636906
vn -0.53155 0.823727 0.197302
vn -0.323248 0.895195 -0.306817
vn 0.520998 -0.537881 -0.662755
vn 0.277588 0.376595 -0.88381
vn 0.432379 -0.869813 -0.237642
vn 0.202588 -0.946992 0.249327
vn -0.318254 -0.417364 0.851188
vn -0.553128 0.509795 0.658908
vn -0.458047 0.857283 0.235074
vn -0.23697 0.934328 -0.266228
vn 0.484692 -0.545012 -0.684131
vn 0.32476 0.395653 -0.859063
vn 0.35849 -0.891924 -0.275602
vn 0.110719 -0.972239 0.206138
vn -0.371672 -0.430296 0.822621
vn -0.520654 0.51865 0.678176
vn -0.38701 0.880797 0.272799
vn -0.149248 0.963206 -0.223516
vn 0.456488 -0.546559 -0.702063
vn 0.378924 0.410484 -0.829409
vn 0.288893 -0.904766 -0.312953
vn 0.0186 -0.986829 0.160691
vn -0.431988 -0.437822 0.788478
vn -0.496466 0.52208 0.693508
vn -0.320728 0.895082 0.309776
vn -0.061918 0.981945 -0.178749
vn 0.406703 -0.539331 -0.73737
vn 0.384295 0.424027 -0.820072
vn 0.203857 -0.908098 -0.365786
vn -0.099217 -0.990831 0.091705
vn -0.536941 -0.443096 0.717886
vn -0.513145 0.518203 0.684213
vn -0.288678 0.899337 0.328418
vn -0.016093 0.987893 -0.154298
vn 0.337674 -0.511767 -0.789981
vn 0.345845 0.442878 -0.827194
vn 0.107951 -0.894765 -0.433293
vn -0.235095 -0.971971 0.00177
vn -0.671839 -0.430462 0.602773
vn -0.568091 0.51199 0.644312
vn -0.287406 0.900694 0.325804
vn -0.003131 0.988023 -0.154275
vn 0.314214 -0.473773 -0.822684
vn 0.364458 0.460967 -0.809123
vn 0.042428 -0.871836 -0.487957
vn -0.345098 -0.935606 -0.074493
vn -0.774168 -0.394037 0.495378
vn -0.609265 0.512593 0.605016
vn -0.269828 0.905354 0.327914
vn 0.045199 0.988331 -0.145459
vn 0.338943 -0.438431 -0.832403
vn 0.436205 0.468421 -0.768314
vn 0.005946 -0.848111 -0.529785
vn -0.435479 -0.888838 -0.142567
vn -0.854692 -0.341369 0.391112
vn -0.643099 0.520082 0.562084
vn -0.240184 0.912 0.332518
vn 0.124584 0.983885 -0.128257
vn 0.374068 -0.367566 -0.851451
vn 0.431766 0.485601 -0.760112
vn -0.020853 -0.816601 -0.576826
vn -0.553262 -0.790555 -0.262533
vn -0.954312 -0.243694 0.172922
vn -0.715756 0.526752 0.458504
vn -0.220002 0.92284 0.316174
vn 0.177074 0.968324 -0.176049
vn 0.439616 -0.129634 -0.888782
vn 0.419098 0.497931 -0.759224
vn -0.036347 -0.76155 -0.647086
vn -0.712559 -0.573938 -0.403552
vn -0.981911 -0.085748 -0.168811
vn -0.871206 0.456647 0.180203
vn -0.215012 0.939614 0.266263
vn 0.312211 0.896927 -0.313124
vn 0.48894 0.237943 -0.839239
vn 0.369276 0.506175 -0.779373
vn 0.185377 -0.503137 -0.844091
vn -0.830515 -0.326025 -0.451612
vn -0.914303 0.040032 -0.403048
vn -0.92413 0.266746 -0.273552
vn -0.515828 0.854488 0.061412
vn 0.510242 0.768049 -0.386979
vn 0.010181 0.988342 -0.151908
vn -0.664219 0.733488 0.14425
vn -0.422038 0.706846 0.567673
vn 0.249092 0.521261 0.816235
vn 0.884289 0.17198 0.434115
vn 0.998234 0.043921 -0.04
vn 0.877949 0.087192 -0.470747
vn 0.27573 0.393308 -0.877087
vn 0.759055 -0.114158 -0.640939
vn 0.089439 0.424574 -0.900965
vn 0.931194 -0.328993 -0.156978
vn 0.842081 -0.35672 0.404537
vn 0.217992 -0.004317 0.975941
vn -0.483839 0.497578 0.719942
vn -0.666455 0.708767 0.231271
vn -0.567403 0.753521 -0.332055
vn 0.70134 -0.192286 -0.686402
vn 0.125531 0.44871 -0.884817
vn 0.859659 -0.472328 -0.194658
vn 0.777606 -0.483576 0.401849
vn 0.208816 -0.084655 0.974284
vn -0.461816 0.455323 0.761188
vn -0.648301 0.715447 0.260465
vn -0.500874 0.803153 -0.3226
vn 0.637256 -0.30886 -0.706053
vn 0.114711 0.42953 -0.895737
vn 0.738782 -0.626918 -0.247335
vn 0.672281 -0.663598 0.32814
vn 0.149301 -0.204923 0.967324
vn -0.495956 0.425777 0.756797
vn -0.672665 0.686498 0.276119
vn -0.531137 0.79777 -0.285406
vn 0.563735 -0.406899 -0.718774
vn 0.042812 0.38261 -0.922917
vn 0.636373 -0.717732 -0.282648
vn 0.547631 -0.799382 0.247161
vn 0.03501 -0.351587 0.9355
vn -0.526597 0.415635 0.741582
vn -0.649596 0.703009 0.289488
vn -0.547972 0.79947 -0.246119
vn 0.498198 -0.453757 -0.738853
vn 0.023872 0.38035 -0.924534
vn 0.561097 -0.768838 -0.306688
vn 0.449089 -0.868749 0.208794
vn -0.058622 -0.432985 0.899493
vn -0.523642 0.416554 0.743157
vn -0.584081 0.74981 0.31086
vn -0.482655 0.848383 -0.217461
vn 0.461923 -0.467928 -0.753439
vn 0.074815 0.414052 -0.907173
vn 0.486947 -0.807978 -0.331744
vn 0.355481 -0.917024 0.180831
vn -0.116774 -0.461803 0.879262
vn -0.491847 0.432447 0.755696
vn -0.512639 0.790432 0.335288
vn -0.39274 0.899765 -0.190205
vn 0.429488 -0.476065 -0.7674
vn 0.131024 0.442836 -0.886978
vn 0.413294 -0.837274 -0.357996
vn 0.259387 -0.953999 0.150351
vn -0.180171 -0.484832 0.855848
vn -0.463987 0.442488 0.767411
vn -0.441921 0.82123 0.360954
vn -0.300706 0.940132 -0.160397
vn 0.402853 -0.478939 -0.779953
vn 0.192532 0.466209 -0.86347
vn 0.342267 -0.857157 -0.384882
vn 0.162473 -0.979692 0.117502
vn -0.248901 -0.501405 0.828638
vn -0.442065 0.447461 0.777404
vn -0.37418 0.842633 0.387246
vn -0.208426 0.969594 -0.128241
vn 0.383937 -0.477831 -0.790108
vn 0.259391 0.483596 -0.835973
vn 0.275898 -0.868533 -0.41174
vn 0.066246 -0.994398 0.082366
vn -0.323115 -0.510655 0.796761
vn -0.428037 0.448647 0.784538
vn -0.311631 0.855537 0.413452
vn -0.117743 0.988596 -0.093888
vn 0.335927 -0.468818 -0.816923
vn 0.264955 0.497107 -0.826246
vn 0.189885 -0.870763 -0.453558
vn -0.059737 -0.997897 0.025174
vn -0.446701 -0.515531 0.731223
vn -0.458827 0.444037 0.769616
vn -0.288083 0.859097 0.423037
vn -0.076818 0.993943 -0.078596
vn 0.259922 -0.438665 -0.86024
vn 0.214346 0.513728 -0.830746
vn 0.088466 -0.855676 -0.509895
vn -0.207613 -0.97682 -0.052144
vn -0.604779 -0.498399 0.621161
vn -0.531724 0.438799 0.724379
vn -0.299824 0.860657 0.411551
vn -0.076557 0.993132 -0.088478
vn 0.233272 -0.397427 -0.887489
vn 0.226866 0.531368 -0.816198
vn 0.020577 -0.831045 -0.555824
vn -0.325575 -0.93816 -0.117711
vn -0.724768 -0.455842 0.516642
vn -0.587315 0.442349 0.677782
vn -0.292471 0.867329 0.402743
vn -0.037233 0.99493 -0.093428
vn 0.259436 -0.359005 -0.896554
vn 0.297742 0.540926 -0.786606
vn -0.01514 -0.806411 -0.591162
vn -0.421195 -0.889582 -0.176746
vn -0.819477 -0.396398 0.413917
vn -0.633065 0.454847 0.626373
vn -0.270704 0.87807 0.394605
vn 0.03646 0.9949 -0.094049
vn 0.287306 -0.280837 -0.915743
vn 0.277117 0.552324 -0.786221
vn -0.043021 -0.772573 -0.633466
vn -0.551614 -0.781926 -0.290368
vn -0.940847 -0.281104 0.189176
vn -0.720854 0.47065 0.508781
vn -0.258986 0.895348 0.362322
vn 0.075425 0.982861 -0.168214
vn 0.324096 -0.032608 -0.945462
vn 0.266345 0.549035 -0.792226
vn -0.063483 -0.708519 -0.70283
vn -0.718177 -0.545809 -0.431641
vn -0.980453 -0.091233 -0.174321
vn -0.88676 0.418679 0.195867
vn -0.261017 0.920302 0.2914
vn 0.206914 0.918361 -0.337342
vn 0.354363 0.306067 -0.883601
vn 0.237973 0.538401 -0.808389
vn 0.128691 -0.412929 -0.901625
vn -0.827879 -0.288174 -0.48122
vn -0.904846 0.056525 -0.421971
vn -0.919942 0.260222 -0.293244
vn -0.55879 0.828208 0.042735
vn 0.421272 0.800122 -0.427007
vn 0.0 0.0 1.0
vn 0.394023 0.041251 0.918174
vn 0.36093 0.231335 0.903445
vn 0.289557 0.387044 0.875416
vn 0.194444 0.495252 0.846709
vn 0.087745 0.554724 0.827394
vn -0.022977 0.567972 0.822727
vn -0.132718 0.53587 0.833804
vn -0.235785 0.456496 0.857914
vn -0.322806 0.327989 0.887817
vn -0.38001 0.155557 0.911809
vn -0.394023 -0.041251 0.918174
vn -0.36093 -0.231335 0.903445
vn -0.289557 -0.387044 0.875416
vn -0.194444 -0.495252 0.846709
vn -0.087745 -0.554724 0.827394
vn 0.022977 -0.567972 0.822727
vn 0.132718 -0.53587 0.833804
vn 0.235785 -0.456496 0.857914
vn 0.322806 -0.327989 0.887817
vn 0.38001 -0.155557 0.911809
vn 0.660944 0.033681 0.749679
vn 0.598893 0.347131 0.721684
vn 0.46534 0.580967 0.667784
vn 0.30599 0.724706 0.61739
vn 0.143951 0.797825 0.585452
vn -0.016091 0.817172 0.57617
vn -0.176446 0.787799 0.590119
vn -0.338724 0.702122 0.626331
vn -0.49555 0.541478 0.67914
vn -0.6188 0.288938 0.73048
vn -0.660944 -0.033681 0.749679
vn -0.598893 -0.347131 0.721684
vn -0.46534 -0.580967 0.667784
vn -0.30599 -0.724706 0.61739
vn -0.143951 -0.797825 0.585452
vn 0.016091 -0.817172 0.57617
vn 0.176446 -0.787799 0.590119
vn 0.338724 -0.702122 0.626331
vn 0.49555 -0.541478 0.67914
vn 0.6188 -0.288938 0.73048
vn 0.871675 0.021996 0.48959
vn 0.777165 0.428014 0.461322
vn 0.582034 0.702971 0.408739
vn 0.37287 0.853436 0.364163
vn 0.176813 0.924507 0.337675
vn -0.009205 0.94407 0.329616
vn -0.19579 0.920012 0.339477
vn -0.393262 0.842636 0.367844
vn -0.603067 0.681867 0.413965
vn -0.792999 0.392487 0.465946
vn -0.871675 -0.021996 0.48959
vn -0.777165 -0.428014 0.461322
vn -0.582034 -0.702971 0.408739
vn -0.37287 -0.853436 0.364163
vn -0.176813 -0.924507 0.337675
vn 0.009205 -0.94407 0.329616
vn 0.19579 -0.920012 0.339477
vn 0.393262 -0.842636 0.367844
vn 0.603067 -0.681867 0.413965
vn 0.792999 -0.392487 0.465946
vn 0.985401 0.007641 0.17008
vn 0.871942 0.463248 0.15849
vn 0.640207 0.755876 0.137065
vn 0.405202 0.906346 0.11978
vn 0.193683 0.974899 0.109809
vn -0.002979 0.994289 0.106679
vn -0.19988 0.973625 0.11001
vn -0.412062 0.903192 0.120202
vn -0.647687 0.74936 0.137698
vn -0.878014 0.45142 0.159095
vn -0.985401 -0.007641 0.17008
vn -0.871942 -0.463248 0.15849
vn -0.640207 -0.755876 0.137065
vn -0.405202 -0.906346 0.11978
vn -0.193683 -0.974899 0.109809
vn 0.002979 -0.994289 0.106679
vn 0.19988 -0.973625 0.11001
vn 0.412062 -0.903192 0.120202
vn 0.647687 -0.74936 0.137698
vn 0.878014 -0.45142 0.159095
vn 0.985401 -0.007641 -0.17008
vn 0.878014 0.45142 -0.159095
vn 0.647687 0.74936 -0.137698
vn 0.412062 0.903192 -0.120202
vn 0.19988 0.973625 -0.11001
vn 0.002979 0.994289 -0.106679
vn -0.193683 0.974899 -0.109809
vn -0.405202 0.906346 -0.11978
vn -0.640207 0.755876 -0.137065
vn -0.871942 0.463248 -0.15849
vn -0.985401 0.007641 -0.17008
vn -0.878014 -0.45142 -0.159095
vn -0.647687 -0.74936 -0.137698
vn -0.412062 -0.903192 -0.120202
vn -0.19988 -0.973625 -0.11001
vn -0.002979 -0.994289 -0.106679
vn 0.193683 -0.974899 -0.109809
vn 0.405202 -0.906346 -0.11978
vn 0.640207 -0.755876 -0.137065
vn 0.871942 -0.463248 -0.15849
vn 0.871675 -0.021996 -0.48959
vn 0.792999 0.392487 -0.465946
vn 0.603067 0.681867 -0.413965
vn 0.393262 0.842636 -0.367844
vn 0.19579 0.920012 -0.339477
vn 0.009205 0.94407 -0.329616
vn -0.176813 0.924507 -0.337675
vn -0.37287 0.853436 -0.364163
vn -0.582034 0.702971 -0.408739
vn -0.777165 0.428014 -0.461322
vn -0.871675 0.021996 -0.48959
vn -0.792999 -0.392487 -0.465946
vn -0.603067 -0.681867 -0.413965
vn -0.393262 -0.842636 -0.367844
vn -0.19579 -0.920012 -0.339477
vn -0.009205 -0.94407 -0.329616
vn 0.176813 -0.924507 -0.337675
vn 0.37287 -0.853436 -0.364163
vn 0.582034 -0.702971 -0.408739
vn 0.777165 -0.428014 -0.461322
vn 0.660944 -0.033681 -0.749679
vn 0.6188 0.288938 -0.73048
vn 0.49555 0.541478 -0.67914
vn 0.338724 0.702122 -0.626331
vn 0.176446 0.787799 -0.590119
vn 0.016091 0.817172 -0.57617
vn -0.143951 0.797825 -0.585452
vn -0.30599 0.724706 -0.61739
vn -0.46534 0.580967 -0.667784
vn -0.598893 0.347131 -0.721684
vn -0.660944 0.033681 -0.749679
vn -0.6188 -0.288938 -0.73048
vn -0.49555 -0.541478 -0.67914
vn -0.338724 -0.702122 -0.626331
vn -0.176446 -0.787799 -0.590119
vn -0.016091 -0.817172 -0.57617
vn 0.143951 -0.797825 -0.585452
vn 0.30599 -0.724706 -0.61739
vn 0.46534 -0.580967 -0.667784
vn 0.598893 -0.347131 -0.721684
vn 0.394023 -0.041251 -0.918174
vn 0.38001 0.155557 -0.911809
vn 0.322806 0.327989 -0.887817
vn 0.235785 0.456496 -0.857914
vn 0.132718 0.53587 -0.833804
vn 0.022977 0.567972 -0.822727
vn -0.087745 0.554724 -0.827394
vn -0.194444 0.495252 -0.846709
vn -0.289557 0.387044 -0.875416
vn -0.36093 0.231335 -0.903445
vn -0.394023 0.041251 -0.918174
vn -0.38001 -0.155557 -0.911809
vn -0.322806 -0.327989 -0.887817
vn -0.235785 -0.456496 -0.857914
vn -0.132718 -0.53587 -0.833804
vn -0.022977 -0.567972 -0.822727
vn 0.087745 -0.554724 -0.827394
vn 0.194444 -0.495252 -0.846709
vn 0.289557 -0.387044 -0.875416
vn 0.36093 -0.231335 -0.903445
vn 0.0 0.0 -1.0
vn 0.579483 -0.621859 -0.526774
vn -0.219705 -0.955868 -0.195056
vn -0.719938 -0.211209 -0.661121
vn -0.340056 0.700558 -0.627361
vn 0.338658 0.886827 -0.314402
vn 0.970575 0.226853 0.080762
vn 0.408662 0.90455 0.121592
vn 0.948259 4.7e-05 0.317498
vn -0.385103 0.911846 -0.142241
vn -0.949336 0.004809 -0.314227
vn -0.397881 -0.909899 -0.117362
vn 0.398528 -0.905095 0.148255
vn 0.391566 0.902076 0.18148
vn 0.89145 0.000922 0.453118
vn -0.357098 0.913998 -0.192586
vn -0.895547 0.006144 -0.444925
vn -0.372345 -0.912215 -0.170948
vn 0.378255 -0.901837 0.208838
vn 0.347686 0.900161 0.262345
vn 0.754408 -0.002829 0.6564
vn -0.282232 0.916665 -0.282966
vn -0.754652 0.003779 -0.656114
vn -0.322877 -0.914671 -0.243159
vn 0.304985 -0.902043 0.305455
vn 0.259535 0.900771 0.348215
vn 0.56983 -0.003424 0.821756
vn -0.218447 0.913188 -0.344048
vn -0.561666 -0.003703 -0.827356
vn -0.239636 -0.91351 -0.328747
vn 0.232185 -0.902589 0.362524
vn 0.203205 0.901808 0.38138
vn 0.437401 0.001009 0.899266
vn -0.16819 0.914341 -0.368365
vn -0.446025 0.006427 -0.894997
vn -0.193782 -0.912458 -0.360374
vn 0.175627 -0.901567 0.395389
vn 0.119406 0.899758 0.419736
vn 0.205566 -0.002952 0.978639
vn -0.053969 0.917112 -0.394958
vn -0.205973 0.004003 -0.97855
vn -0.11079 -0.915014 -0.38791
vn 0.058789 -0.901732 0.428279
vn -0.002908 0.900433 0.434986
vn -0.041391 -0.003638 0.999136
vn 0.033687 0.913493 -0.405457
vn 0.051822 -0.003867 -0.998649
vn 0.007239 -0.913846 -0.405996
vn -0.033887 -0.902335 0.429701
vn -0.068103 0.901512 0.427363
vn -0.194278 0.001103 0.980946
vn 0.088172 0.914722 -0.394347
vn 0.184321 0.006743 -0.982843
vn 0.062657 -0.912727 -0.403737
vn -0.099096 -0.901269 0.421776
vn -0.158311 0.899312 0.407646
vn -0.426903 -0.003087 0.904292
vn 0.195066 0.91761 -0.346325
vn 0.426481 0.004254 -0.904486
vn 0.145283 -0.915397 -0.375423
vn -0.212235 -0.901389 0.377432
vn -0.265187 0.900058 0.345792
vn -0.636157 -0.003873 0.77155
vn 0.271414 0.913833 -0.302065
vn 0.644643 -0.004051 -0.764473
vn 0.250342 -0.914222 -0.318632
vn -0.287037 -0.902053 0.322351
vn -0.312737 0.901183 0.300108
vn -0.747449 0.001207 0.664318
vn 0.307787 0.915147 -0.260332
vn 0.740274 0.007097 -0.672268
vn 0.29308 -0.913027 -0.283699
vn -0.334478 -0.900938 0.276469
vn -0.373135 0.898817 0.229996
vn -0.886456 -0.003233 0.462801
vn 0.363588 0.918167 -0.157394
vn 0.886211 0.004539 -0.463259
vn 0.341567 -0.915825 -0.211181
vn -0.397961 -0.901007 0.172664
vn -0.420975 0.89964 0.11588
vn -0.97304 -0.004133 0.230601
vn 0.398007 0.914215 -0.076169
vn 0.975677 -0.004262 -0.21917
vn 0.391058 -0.914645 -0.102465
vn -0.424179 -0.901739 0.083301
vn -0.431266 0.900816 0.050406
vn -0.99701 0.001322 0.077266
vn 0.401475 0.915625 -0.021194
vn 0.996041 0.007499 -0.088576
vn 0.404165 -0.913365 -0.049149
vn -0.43435 -0.90057 0.01774
vn -0.437429 0.898264 -0.042159
vn -0.985921 -0.003394 -0.167178
vn 0.383288 0.918795 0.094372
vn 0.986013 0.004865 0.166599
vn 0.398688 -0.916308 0.037794
vn -0.422184 -0.90058 -0.103515
vn -0.406408 0.899172 -0.162244
vn -0.914522 -0.004423 -0.404513
vn 0.362 0.914645 0.179948
vn 0.909391 -0.004503 0.415918
vn 0.372455 -0.915123 0.154362
vn -0.388751 -0.901386 -0.190726
vn -0.374787 0.900403 -0.220927
vn -0.840525 0.001449 -0.541771
vn 0.331419 0.916165 0.225397
vn 0.846982 0.007957 0.531563
vn 0.351036 -0.913746 0.204555
vn -0.357057 -0.900156 -0.249458
vn -0.323935 0.897643 -0.298838
vn -0.683865 -0.003572 -0.7296
vn 0.246751 0.919508 0.305972
vn 0.684346 0.005241 0.729138
vn 0.293918 -0.916857 0.270157
vn -0.273888 -0.9001 -0.338829
vn -0.226271 0.898643 -0.375823
vn -0.483386 -0.004748 -0.875395
vn 0.178333 0.915134 0.361563
vn 0.471619 -0.004783 0.881789
vn 0.202521 -0.915669 0.347183
vn -0.194112 -0.900986 -0.388
vn -0.165164 0.899936 -0.403529
vn -0.340633 0.001592 -0.940195
vn 0.126687 0.916781 0.378766
vn 0.352729 0.008484 0.935687
vn 0.155574 -0.91418 0.374261
vn -0.132945 -0.899689 -0.415796
vn -0.077397 0.896938 -0.435329
vn -0.102309 -0.003768 -0.994745
vn 0.010564 0.920325 0.391012
vn 0.10307 0.005679 0.994658
vn 0.07046 -0.917488 0.391474
vn -0.01239 -0.899556 -0.436631
vn 0.04733 0.898041 -0.437359
vn 0.14559 -0.005114 -0.989332
vn -0.077504 0.915695 0.394329
vn -0.159838 -0.005112 0.98713
vn -0.048969 -0.916297 0.397494
vn 0.081207 -0.900531 -0.427141
vn 0.113205 0.899403 -0.422206
vn 0.299351 0.001752 -0.954142
vn -0.128501 0.91749 0.37643
vn -0.28608 0.009098 0.958162
vn -0.102345 -0.91468 0.391006
vn 0.147224 -0.899156 -0.41212
vn 0.202808 0.896134 -0.394732
vn 0.521859 -0.003987 -0.853022
vn -0.227803 0.92127 0.315225
vn -0.521095 0.006195 0.853476
vn -0.180119 -0.918219 0.352749
vn 0.256022 -0.898932 -0.35549
vn 0.303525 0.897349 -0.32037
vn 0.715772 -0.005529 -0.698312
vn -0.300175 0.916346 0.264962
vn -0.72659 -0.005502 0.68705
vn -0.278839 -0.917029 0.285141
vn 0.324802 -0.900007 -0.290675
vn 0.347021 0.898789 -0.26787
vn 0.817334 0.001934 -0.576161
vn -0.329167 0.918316 0.219876
vn -0.808572 0.009822 0.588315
vn -0.317279 -0.915262 0.248253
vn 0.368588 -0.898544 -0.238247
vn 0.402332 0.895206 -0.191663
vn 0.932661 -0.004231 -0.360728
vn -0.370071 0.922377 0.110762
vn -0.932271 0.006815 0.361697
vn -0.355263 -0.919076 0.170549
vn 0.420855 -0.898213 -0.126867
vn 0.437241 0.896547 -0.070876
vn 0.99277 -0.006006 -0.119885
vn -0.397713 0.917109 0.027103
vn -0.994668 -0.005974 0.102953
vn -0.392739 -0.917893 0.056819
vn 0.435883 -0.899397 -0.033039
vn 0.439841 0.898074 -0.002062
vn 0.999191 0.002143 0.040163
vn -0.39274 0.919289 -0.025758
vn -0.999658 0.010688 -0.023866
vn -0.401271 -0.915947 0.004812
vn 0.438871 -0.897832 0.035916
vn 0.438136 0.894124 0.092625
vn 0.95961 -0.004504 0.281299
vn -0.357877 0.92369 -0.136823
vn -0.959942 0.00757 -0.280097
vn -0.383512 -0.920097 -0.079625
vn 0.412558 -0.897372 0.156587
vn 0.392011 0.895605 0.210286
vn 0.860623 -0.006557 0.5092
vn -0.329701 0.918018 -0.22032
vn -0.850921 -0.006555 -0.525252
vn -0.344081 -0.918927 -0.192825
vn 0.366756 -0.898678 0.240558
vn 0.351637 0.897229 0.267079
vn 0.767282 0.002384 0.641305
vn -0.293391 0.920453 -0.25824
vn -0.778584 0.011744 -0.62743
vn -0.320053 -0.916765 -0.23897
vn 0.326679 -0.896994 0.297797
vn 0.292833 0.892846 0.342162
vn 0.588761 -0.004813 0.808293
vn -0.197394 0.925274 -0.323889
vn -0.589971 0.008511 -0.807379
vn -0.254102 -0.921332 -0.294244
vn 0.231837 -0.896376 0.377839
vn 0.183778 0.894482 0.407588
vn 0.370967 -0.007203 0.928618
vn -0.124674 0.919117 -0.37374
vn -0.351502 -0.00729 -0.936159
vn -0.153705 -0.920187 -0.360042
vn 0.143434 -0.897818 0.416352
vn 0.116155 0.896217 0.428139
vn 0.214522 0.002667 0.976715
vn -0.073313 0.921871 -0.380498
vn -0.233853 0.013061 -0.972184
vn -0.10757 -0.917762 -0.382285
vn 0.07576 -0.895993 0.437559
vn 0.023154 0.891313 0.452797
vn -0.029072 -0.005161 0.999564
vn 0.042592 0.927221 -0.372085
vn 0.027185 0.009717 -0.999583
vn -0.021813 -0.922857 -0.384524
vn -0.048997 -0.895177 0.44301
vn -0.104119 0.893122 0.437599
vn -0.27546 -0.007968 0.96128
vn 0.130771 0.920473 -0.368277
vn 0.298025 -0.008244 -0.954522
vn 0.098088 -0.921758 -0.375155
vn -0.143313 -0.896771 0.418644
vn -0.171287 0.894982 0.411907
vn -0.430751 0.003004 0.902466
vn 0.174107 0.923637 -0.34144
vn 0.410445 0.014748 -0.911766
vn 0.147411 -0.919001 -0.365659
vn -0.211022 -0.894774 0.393508
vn -0.261318 0.88944 0.374978
vn -0.63733 -0.005556 0.770571
vn 0.258917 0.929674 -0.262048
vn 0.635434 0.011316 -0.772073
vn 0.215301 -0.924789 -0.313704
vn -0.313745 -0.893706 0.320709
vn -0.353249 0.89144 0.283814
vn -0.808606 -0.008889 0.588284
vn 0.327314 0.922191 -0.205985
vn 0.824227 -0.009535 -0.566179
vn 0.304362 -0.923768 -0.232414
vn -0.373493 -0.895469 0.242154
vn -0.391142 0.893441 0.220843
vn -0.8962 0.003413 0.443637
vn 0.342909 0.925898 -0.158509
vn 0.884431 0.016991 -0.466362
vn 0.337569 -0.920586 -0.19639
vn -0.412262 -0.893259 0.179241
vn -0.441185 0.887101 0.135679
vn -0.977353 -0.006001 0.211532
vn 0.357645 0.932857 -0.043209
vn 0.976593 0.013539 -0.214668
vn 0.356688 -0.927315 -0.113399
vn -0.448683 -0.891856 0.057242
vn -0.457279 0.889306 0.005476
vn -0.999195 -0.010016 -0.038851
vn 0.37891 0.924436 0.042959
vn 0.997434 -0.011371 0.070688
vn 0.376411 -0.926433 0.00601
vn -0.446378 -0.893804 -0.043151
vn -0.447736 0.891461 -0.069495
vn -0.97756 0.003923 -0.21062
vn 0.359775 0.928899 0.087802
vn 0.983264 0.020125 0.181071
vn 0.381883 -0.922684 0.0531
vn -0.437539 -0.891322 -0.118764
vn -0.435458 0.884094 -0.169569
vn -0.895968 -0.006495 -0.44407
vn 0.295732 0.937155 0.185158
vn 0.897872 0.016844 0.439935
vn 0.342419 -0.930758 0.128213
vn -0.389599 -0.889459 -0.238904
vn -0.365685 0.886514 -0.283491
vn -0.755641 -0.011425 -0.654886
vn 0.26114 0.927495 0.267505
vn 0.729545 -0.014175 0.683786
vn 0.2828 -0.93013 0.234268
vn -0.323056 -0.891599 -0.31731
vn -0.30934 0.888826 -0.338079
vn -0.627057 0.004582 -0.77896
vn 0.217728 0.933073 0.286302
vn 0.655102 0.024827 0.755133
vn 0.261112 -0.925595 0.274035
vn -0.266587 -0.888755 -0.372889
vn -0.23628 0.880092 -0.411837
vn -0.414375 -0.007019 -0.910079
vn 0.10402 0.943263 0.315332
vn 0.420638 0.022289 0.906955
vn 0.181373 -0.935716 0.302554
vn -0.151204 -0.886229 -0.437876
vn -0.107023 0.882709 -0.457571
vn -0.169285 -0.013222 -0.985478
vn 0.026481 0.931905 0.361734
vn 0.119471 -0.018934 0.992657
vn 0.067018 -0.935584 0.346686
vn -0.046423 -0.888547 -0.45643
vn -0.024668 0.885144 -0.464663
vn 0.016984 0.00548 -0.999841
vn -0.015271 0.939278 0.342818
vn 0.03104 0.032712 0.998983
vn 0.029597 -0.929898 0.366625
vn 0.037083 -0.885187 -0.463754
vn 0.083012 0.874514 -0.477844
vn 0.268942 -0.007501 -0.963127
vn -0.117523 0.952575 0.280694
vn -0.256767 0.033051 0.965908
vn -0.04664 -0.943419 0.328306
vn 0.172299 -0.881645 -0.439335
vn 0.216786 0.877242 -0.42831
vn 0.509856 -0.015556 -0.860119
vn -0.209686 0.938784 0.273341
vn -0.570347 -0.028555 0.820907
vn -0.16293 -0.944344 0.285777
vn 0.268793 -0.884062 -0.382341
vn 0.28994 0.879656 -0.377014
vn 0.670679 0.006803 -0.741716
vn -0.216341 0.949411 0.227632
vn -0.615494 0.048797 0.78663
vn -0.201507 -0.936861 0.285809
vn 0.342799 -0.879905 -0.329024
vn 0.388133 0.86627 -0.314529
vn 0.841431 -0.007716 -0.54031
vn -0.229459 0.968084 0.100812
vn -0.822413 0.065225 0.565139
vn -0.214924 -0.95668 0.196395
vn 0.434374 -0.874683 -0.215056
vn 0.460868 0.868857 -0.180799
vn 0.955956 -0.018585 -0.292921
vn -0.307035 0.950787 0.04164
vn -0.984721 -0.056369 0.164763
vn -0.26708 -0.960124 0.082641
vn 0.470376 -0.876936 -0.098634
vn 0.462628 0.882171 -0.08803
vn 0.993858 -0.016714 -0.109394
vn -0.361892 0.932194 -0.00696
vn -0.99697 -0.019183 0.075387
vn -0.345037 -0.936149 0.067641
vn 0.457464 -0.889171 -0.010051
vn 0.454335 0.647373 0.611954
vn 0.185148 -0.010162 0.982658
vn -0.069481 0.34126 0.937398
vn -0.148323 0.071258 0.986368
vn -0.133177 -0.184172 0.97383
vn 0.227282 -0.690762 0.686433
vn 0.0 0.0 1.0
vn 0.393885 0.049037 0.917851
vn 0.356996 0.272102 0.893596
vn 0.280972 0.446622 0.849461
vn 0.185262 0.561136 0.806724
vn 0.082637 0.621269 0.779227
vn -0.02158 0.634375 0.772724
vn -0.125466 0.602433 0.788247
vn -0.226224 0.520848 0.823128
vn -0.315847 0.381631 0.868676
vn -0.378119 0.184067 0.907273
vn -0.393885 -0.049037 0.917851
vn -0.356996 -0.272102 0.893596
vn -0.280972 -0.446622 0.849461
vn -0.185262 -0.561136 0.806724
vn -0.082637 -0.621269 0.779227
vn 0.02158 -0.634375 0.772724
vn 0.125466 -0.602433 0.788247
vn 0.226224 -0.520848 0.823128
vn 0.315847 -0.381631 0.868676
vn 0.378119 -0.184067 0.907273
vn 0.660788 0.040043 0.749503
vn 0.584485 0.402873 0.704322
vn 0.435871 0.647127 0.625494
vn 0.277312 0.781042 0.559528
vn 0.128057 0.844012 0.520813
vn -0.014242 0.860086 0.509951
vn -0.157375 0.835585 0.526337
vn -0.308674 0.760884 0.570767
vn -0.467952 0.608058 0.641317
vn -0.608372 0.337811 0.718169
vn -0.660788 -0.040043 0.749503
vn -0.584485 -0.402873 0.704322
vn -0.435871 -0.647127 0.625494
vn -0.277312 -0.781042 0.559528
vn -0.128057 -0.844012 0.520813
vn 0.014242 -0.860086 0.509951
vn 0.157375 -0.835585 0.526337
vn 0.308674 -0.760884 0.570767
vn 0.467952 -0.608058 0.641317
vn 0.608372 -0.337811 0.718169
vn 0.871588 0.026154 0.489541
vn 0.74926 0.490714 0.444757
vn 0.530291 0.761648 0.372402
vn 0.32682 0.889555 0.319188
vn 0.151952 0.944827 0.290195
vn -0.007867 0.959471 0.281698
vn -0.168474 0.941428 0.292114
vn -0.345702 0.880869 0.323358
vn -0.552235 0.742523 0.379073
vn -0.768851 0.452529 0.451758
vn -0.871588 -0.026154 0.489541
vn -0.74926 -0.490714 0.444757
vn -0.530291 -0.761648 0.372402
vn -0.32682 -0.889555 0.319188
vn -0.151952 -0.944827 0.290195
vn 0.007867 -0.959471 0.281698
vn 0.168474 -0.941428 0.292114
vn 0.345702 -0.880869 0.323358
vn 0.552235 -0.742523 0.379073
vn 0.768851 -0.452529 0.451758
vn 0.985389 0.009087 0.170078
vn 0.835598 0.527928 0.151884
vn 0.575704 0.808315 0.123255
vn 0.350012 0.931014 0.103465
vn 0.164065 0.982054 0.093017
vn -0.002509 0.995951 0.089857
vn -0.169377 0.981133 0.093222
vn -0.356252 0.928593 0.103922
vn -0.583389 0.802667 0.124029
vn -0.843154 0.51551 0.152778
vn -0.985389 -0.009087 0.170078
vn -0.835598 -0.527928 0.151884
vn -0.575704 -0.808315 0.123255
vn -0.350012 -0.931014 0.103465
vn -0.164065 -0.982054 0.093017
vn 0.002509 -0.995951 0.089857
vn 0.169377 -0.981133 0.093222
vn 0.356252 -0.928593 0.103922
vn 0.583389 -0.802667 0.124029
vn 0.843154 -0.51551 0.152778
vn 0.985389 -0.009087 -0.170078
vn 0.843154 0.51551 -0.152778
vn 0.583389 0.802667 -0.124029
vn 0.356252 0.928593 -0.103922
vn 0.169377 0.981133 -0.093222
vn 0.002509 0.995951 -0.089857
vn -0.164065 0.982054 -0.093017
vn -0.350012 0.931014 -0.103465
vn -0.575704 0.808315 -0.123255
vn -0.835598 0.527928 -0.151884
vn -0.985389 0.009087 -0.170078
vn -0.843154 -0.51551 -0.152778
vn -0.583389 -0.802667 -0.124029
vn -0.356252 -0.928593 -0.103922
vn -0.169377 -0.981133 -0.093222
vn -0.002509 -0.995951 -0.089857
vn 0.164065 -0.982054 -0.093017
vn 0.350012 -0.931014 -0.103465
vn 0.575704 -0.808315 -0.123255
vn 0.835598 -0.527928 -0.151884
vn 0.871588 -0.026154 -0.489541
vn 0.768851 0.452529 -0.451758
vn 0.552235 0.742523 -0.379073
vn 0.345702 0.880869 -0.323358
vn 0.168474 0.941428 -0.292114
vn 0.007867 0.959471 -0.281698
vn -0.151952 0.944827 -0.290195
vn -0.32682 0.889555 -0.319188
vn -0.530291 0.761648 -0.372402
vn -0.74926 0.490714 -0.444757
vn -0.871588 0.026154 -0.489541
vn -0.768851 -0.452529 -0.451758
vn -0.552235 -0.742523 -0.379073
vn -0.345702 -0.880869 -0.323358
vn -0.168474 -0.941428 -0.292114
vn -0.007867 -0.959471 -0.281698
vn 0.151952 -0.944827 -0.290195
vn 0.32682 -0.889555 -0.319188
vn 0.530291 -0.761648 -0.372402
vn 0.74926 -0.490714 -0.444757
vn 0.660788 -0.040043 -0.749503
vn 0.608372 0.337811 -0.718169
vn 0.467952 0.608058 -0.641317
vn 0.308674 0.760884 -0.570767
vn 0.157375 0.835585 -0.526337
vn 0.014242 0.860086 -0.509951
vn -0.128057 0.844012 -0.520813
vn -0.277312 0.781042 -0.559528
vn -0.435871 0.647127 -0.625494
vn -0.584485 0.402873 -0.704322
vn -0.660788 0.040043 -0.749503
vn -0.608372 -0.337811 -0.718169
vn -0.467952 -0.608058 -0.641317
vn -0.308674 -0.760884 -0.570767
vn -0.157375 -0.835585 -0.526337
vn -0.014242 -0.860086 -0.509951
vn 0.128057 -0.844012 -0.520813
vn 0.277312 -0.781042 -0.559528
vn 0.435871 -0.647127 -0.625494
vn 0.584485 -0.402873 -0.704322
vn 0.393885 -0.049037 -0.917851
vn 0.378119 0.184067 -0.907273
vn 0.315847 0.381631 -0.868676
vn 0.226224 0.520848 -0.823128
vn 0.125466 0.602433 -0.788247
vn 0.02158 0.634375 -0.772724
vn -0.082637 0.621269 -0.779227
vn -0.185262 0.561136 -0.806724
vn -0.280972 0.446622 -0.849461
vn -0.356996 0.272102 -0.893596
vn -0.393885 0.049037 -0.917851
vn -0.378119 -0.184067 -0.907273
vn -0.315847 -0.381631 -0.868676
vn -0.226224 -0.520848 -0.823128
vn -0.125466 -0.602433 -0.788247
vn -0.02158 -0.634375 -0.772724
vn 0.082637 -0.621269 -0.779227
vn 0.185262 -0.561136 -0.806724
vn 0.280972 -0.446622 -0.849461
vn 0.356996 -0.272102 -0.893596
vn -0.0 0.0 -1.0
vn 0.591944 -0.663635 -0.457373
vn -0.226221 -0.958252 -0.174865
vn -0.763683 -0.217324 -0.607914
vn -0.376946 0.73125 -0.568494
vn 0.330079 0.907272 -0.260585
vn 0.96785 0.228331 0.105503
vn 0.407625 0.904981 0.121865
vn 0.948338 -0.000299 0.317261
vn -0.386437 0.911298 -0.142135
vn -0.949245 0.004379 -0.314507
vn -0.398557 -0.90948 -0.118314
vn 0.397719 -0.905621 0.147206
vn 0.389839 0.902868 0.181259
vn 0.89173 0.000456 0.452568
vn -0.359247 0.912979 -0.19342
vn -0.895173 0.005471 -0.445686
vn -0.373677 -0.911394 -0.172416
vn 0.377015 -0.902756 0.207102
vn 0.345486 0.901266 0.261454
vn 0.754423 -0.002889 0.656382
vn -0.284676 0.915451 -0.284445
vn -0.754629 0.003687 -0.656142
vn -0.324625 -0.913466 -0.245353
vn 0.303776 -0.903157 0.303361
vn 0.257567 0.901731 0.34719
vn 0.569286 -0.002957 0.822134
vn -0.220164 0.912329 -0.345231
vn -0.562431 -0.003017 -0.826839
vn -0.240821 -0.912438 -0.330849
vn 0.231701 -0.903415 0.36077
vn 0.201902 0.902638 0.380105
vn 0.437979 0.000522 0.898985
vn -0.169467 0.913268 -0.370436
vn -0.445223 0.005713 -0.895401
vn -0.19397 -0.911593 -0.362455
vn 0.175689 -0.90253 0.393159
vn 0.118132 0.900916 0.417606
vn 0.205591 -0.003018 0.978633
vn -0.055084 0.915831 -0.397767
vn -0.205933 0.0039 -0.978558
vn -0.110866 -0.913743 -0.390873
vn 0.059104 -0.9029 0.425768
vn -0.003906 0.90144 0.432886
vn -0.042083 -0.00315 0.999109
vn 0.032996 0.912587 -0.407549
vn 0.050841 -0.003138 -0.998702
vn 0.007578 -0.912715 -0.408527
vn -0.03318 -0.903203 0.427929
vn -0.068386 0.902384 0.425471
vn -0.19362 0.000595 0.981076
vn 0.08842 0.913588 -0.396911
vn 0.185259 0.005983 -0.982671
vn 0.063824 -0.911815 -0.405611
vn -0.097632 -0.902279 0.419952
vn -0.158028 0.900529 0.405061
vn -0.426877 -0.003159 0.904304
vn 0.195927 0.916254 -0.349415
vn 0.426523 0.004139 -0.904467
vn 0.147113 -0.914052 -0.377978
vn -0.21038 -0.902616 0.375533
vn -0.264693 0.901118 0.343401
vn -0.636718 -0.003363 0.77109
vn 0.272172 0.912874 -0.304274
vn 0.643842 -0.003274 -0.765152
vn 0.25225 -0.913023 -0.32056
vn -0.285318 -0.902968 0.321314
vn -0.311775 0.902102 0.298341
vn -0.746983 0.000674 0.664843
vn 0.309645 0.913946 -0.262342
vn 0.740961 0.006286 -0.671518
vn 0.295265 -0.912062 -0.284537
vn -0.332094 -0.902002 0.275873
vn -0.371259 0.900099 0.228009
vn -0.886442 -0.003313 0.462829
vn 0.366311 0.916727 -0.159459
vn 0.886236 0.004409 -0.463213
vn 0.344761 -0.914397 -0.212174
vn -0.3952 -0.9023 0.172254
vn -0.419041 0.900759 0.114187
vn -0.973217 -0.003599 0.229861
vn 0.400072 0.913197 -0.077551
vn 0.975433 -0.003429 -0.220269
vn 0.393919 -0.91337 -0.102877
vn -0.422075 -0.902705 0.083527
vn -0.429332 0.901788 0.049533
vn -0.996953 0.000763 0.077998
vn 0.40435 0.914347 -0.021701
vn 0.996143 0.006627 -0.087491
vn 0.406557 -0.912339 -0.048458
vn -0.431971 -0.901693 0.018759
vn -0.434591 0.899618 -0.042635
vn -0.985926 -0.003483 -0.167143
vn 0.386945 0.91726 0.094378
vn 0.986004 0.004716 0.166657
vn 0.402049 -0.914787 0.039009
vn -0.419605 -0.901947 -0.102098
vn -0.4037 0.900356 -0.162436
vn -0.914199 -0.003862 -0.405246
vn 0.364649 0.91356 0.18011
vn 0.909899 -0.003607 0.414814
vn 0.375164 -0.913762 0.155859
vn -0.387124 -0.90241 -0.189189
vn -0.372598 0.901434 -0.220426
vn -0.840943 0.000861 -0.541123
vn 0.334199 0.9148 0.226831
vn 0.846363 0.007016 0.53256
vn 0.352627 -0.912653 0.206686
vn -0.355709 -0.901345 -0.24708
vn -0.321243 0.899077 -0.297427
vn -0.683893 -0.00367 -0.729573
vn 0.249873 0.917865 0.308362
vn 0.684297 0.005069 0.729186
vn 0.296006 -0.91523 0.273377
vn -0.272626 -0.901549 -0.335984
vn -0.223864 0.8999 -0.374252
vn -0.482647 -0.004157 -0.875805
vn 0.180487 0.913973 0.363425
vn 0.472784 -0.003813 0.88117
vn 0.203872 -0.914208 0.350227
vn -0.193727 -0.902075 -0.385655
vn -0.163634 0.901033 -0.401701
vn -0.341397 0.000971 -0.939919
vn 0.12813 0.915317 0.381809
vn 0.351542 0.007463 0.936142
vn 0.155553 -0.91301 0.377116
vn -0.133336 -0.900952 -0.412926
vn -0.076029 0.898464 -0.432414
vn -0.102353 -0.003878 -0.994741
vn 0.011676 0.918557 0.395116
vn 0.102991 0.005478 0.994667
vn 0.070154 -0.915738 0.395605
vn -0.013156 -0.901097 -0.433419
vn 0.048357 0.899382 -0.434482
vn 0.146475 -0.00449 -0.989204
vn -0.076879 0.914446 0.397338
vn -0.158414 -0.004053 0.987364
vn -0.049794 -0.914723 0.401002
vn 0.080018 -0.901694 -0.424906
vn 0.113325 0.900575 -0.419669
vn 0.298533 0.001095 -0.954399
vn -0.129262 0.915911 0.379998
vn -0.287412 0.007981 0.957774
vn -0.104226 -0.91342 0.393447
vn 0.145041 -0.900503 -0.409948
vn 0.202089 0.897763 -0.391385
vn 0.521817 -0.004111 -0.853048
vn -0.22956 0.919357 0.319507
vn -0.521177 0.005959 0.853428
vn -0.183099 -0.916326 0.35612
vn 0.253296 -0.900579 -0.353268
vn 0.302538 0.898785 -0.317263
vn 0.716437 -0.004869 -0.697635
vn -0.301625 0.914995 0.267968
vn -0.725499 -0.004338 0.688209
vn -0.281868 -0.915321 0.287642
vn 0.322339 -0.901254 -0.289549
vn 0.345477 0.900047 -0.265632
vn 0.816812 0.001237 -0.576903
vn -0.332194 0.916602 0.222459
vn -0.809479 0.008589 0.587086
vn -0.320511 -0.913897 0.249127
vn 0.365327 -0.899987 -0.237823
vn 0.399556 0.896953 -0.189287
vn 0.93264 -0.004371 -0.360781
vn -0.374462 0.920293 0.113311
vn -0.932314 0.006531 0.361591
vn -0.360094 -0.917016 0.171508
vn 0.417096 -0.89998 -0.126755
vn 0.434381 0.898092 -0.06887
vn 0.992894 -0.005304 -0.118881
vn -0.400975 0.915638 0.028741
vn -0.994491 -0.004682 0.104718
vn -0.397049 -0.916026 0.056991
vn 0.433045 -0.900742 -0.03369
vn 0.43706 0.899432 -0.001157
vn 0.99923 0.0014 0.0392
vn -0.397111 0.917415 -0.025538
vn -0.99963 0.009314 -0.025562
vn -0.404664 -0.914459 0.003429
vn 0.43582 -0.899386 0.034146
vn 0.434223 0.896008 0.092842
vn 0.959627 -0.004666 0.281236
vn -0.363452 0.921401 -0.137562
vn -0.959905 0.007223 -0.280233
vn -0.388395 -0.917835 -0.082021
vn 0.409284 -0.899279 0.154219
vn 0.38825 0.897278 0.21013
vn 0.860075 -0.005809 0.510135
vn -0.333654 0.916402 -0.221091
vn -0.851978 -0.005104 -0.523552
vn -0.347999 -0.916869 -0.195571
vn 0.364754 -0.900138 0.238129
vn 0.348653 0.898705 0.266027
vn 0.767943 0.001589 0.640517
vn -0.297381 0.918387 -0.261018
vn -0.777398 0.010193 -0.628927
vn -0.322104 -0.91513 -0.242459
vn 0.32524 -0.898677 0.294276
vn 0.289343 0.89489 0.339782
vn 0.588822 -0.004999 0.808247
vn -0.20182 0.922735 -0.328373
vn -0.589831 0.008078 -0.807487
vn -0.256805 -0.918827 -0.299682
vn 0.230604 -0.898447 0.373651
vn 0.180648 0.896306 0.404972
vn 0.369886 -0.006401 0.929055
vn -0.127626 0.917326 -0.377126
vn -0.353656 -0.005635 -0.935359
vn -0.155325 -0.917895 -0.365162
vn 0.143328 -0.899415 0.412928
vn 0.114277 0.897833 0.425249
vn 0.215598 0.001812 0.97648
vn -0.074934 0.919568 -0.38572
vn -0.231733 0.01128 -0.972714
vn -0.107018 -0.915946 -0.38677
vn 0.076868 -0.897829 0.433584
vn 0.02173 0.893547 0.448443
vn -0.028982 -0.005379 0.999565
vn 0.04177 0.924372 -0.379198
vn 0.027416 0.009159 -0.999582
vn -0.020487 -0.920049 -0.391267
vn -0.047259 -0.897443 0.438592
vn -0.10508 0.895126 0.433253
vn -0.276674 -0.007106 0.960938
vn 0.130505 0.918465 -0.37335
vn 0.295459 -0.00632 -0.955335
vn 0.100174 -0.91917 -0.380908
vn -0.141098 -0.898533 0.415608
vn -0.170976 0.896768 0.408135
vn -0.429681 0.00208 0.902978
vn 0.176334 0.921035 -0.347276
vn 0.412783 0.012662 -0.910741
vn 0.151002 -0.916959 -0.369302
vn -0.207392 -0.896794 0.390831
vn -0.259635 0.891904 0.370267
vn -0.637246 -0.005814 0.770639
vn 0.263274 0.926429 -0.269102
vn 0.635679 0.010572 -0.771881
vn 0.221257 -0.921595 -0.318917
vn -0.309261 -0.896207 0.318074
vn -0.351152 0.893664 0.279388
vn -0.80942 -0.007956 0.587177
vn 0.330697 0.919904 -0.21075
vn 0.822403 -0.007239 -0.56886
vn 0.310362 -0.9208 -0.236226
vn -0.36949 -0.897432 0.241024
vn -0.388298 0.895437 0.217757
vn -0.895631 0.002408 0.444791
vn 0.349175 0.922909 -0.162223
vn 0.885893 0.014477 -0.463664
vn 0.343411 -0.918253 -0.197178
vn -0.407294 -0.895503 0.179403
vn -0.436529 0.889845 0.132731
vn -0.977323 -0.00631 0.21166
vn 0.366914 0.929091 -0.046517
vn 0.976702 0.012494 -0.214235
vn 0.366001 -0.923613 -0.113938
vn -0.44299 -0.894646 0.058039
vn -0.452411 0.891804 0.003042
vn -0.999145 -0.009002 -0.04036
vn 0.385528 0.921781 0.041082
vn 0.997741 -0.008531 0.066635
vn 0.384849 -0.922954 0.006806
vn -0.442082 -0.896021 -0.041355
vn -0.443084 0.893724 -0.070238
vn -0.977859 0.002823 -0.209248
vn 0.368415 0.925386 0.089057
vn 0.982618 0.016972 0.184862
vn 0.387892 -0.919965 0.056608
vn -0.43333 -0.893847 -0.115167
vn -0.429362 0.887193 -0.168929
vn -0.896039 -0.006872 -0.443922
vn 0.307127 0.932671 0.189204
vn 0.897589 0.015263 0.440568
vn 0.351733 -0.926359 0.134698
vn -0.385205 -0.892612 -0.234222
vn -0.359696 0.889362 -0.282231
vn -0.754553 -0.010314 -0.656158
vn 0.2688 0.924331 0.270846
vn 0.733263 -0.01047 0.679865
vn 0.290407 -0.925933 0.24148
vn -0.320542 -0.894145 -0.312661
vn -0.304676 0.891439 -0.335423
vn -0.628266 0.00337 -0.777991
vn 0.22503 0.928817 0.294382
vn 0.651281 0.020629 0.758557
vn 0.264218 -0.922335 0.281936
vn -0.265478 -0.891639 -0.366744
vn -0.231386 0.883649 -0.406971
vn -0.414567 -0.007486 -0.909988
vn 0.111944 0.937737 0.328813
vn 0.41955 0.019611 0.90752
vn 0.185504 -0.930305 0.316418
vn -0.150741 -0.889851 -0.430629
vn -0.102619 0.886018 -0.452153
vn -0.167438 -0.011997 -0.98581
vn 0.031161 0.927994 0.37129
vn 0.127316 -0.013668 0.991768
vn 0.068934 -0.930308 0.360244
vn -0.04761 -0.891534 -0.450445
vn -0.022449 0.888238 -0.458835
vn 0.015252 0.004133 -0.999875
vn -0.01493 0.933886 0.357259
vn 0.023433 0.02653 0.999373
vn 0.026361 -0.925831 0.377016
vn 0.033514 -0.88855 -0.457554
vn 0.083766 0.878685 -0.469996
vn 0.268665 -0.00809 -0.9632
vn -0.121663 0.94543 0.302259
vn -0.259442 0.027472 0.965368
vn -0.054273 -0.936431 0.34663
vn 0.167291 -0.885891 -0.432679
vn 0.216666 0.881183 -0.420206
vn 0.511697 -0.014198 -0.859049
vn -0.213661 0.933679 0.287389
vn -0.55913 -0.019786 0.828844
vn -0.173033 -0.937306 0.302518
vn 0.263124 -0.887664 -0.377913
vn 0.287402 0.883447 -0.370029
vn 0.669218 0.0053 -0.743047
vn -0.23039 0.94211 0.243617
vn -0.626702 0.037748 0.778344
vn -0.214171 -0.931479 0.29407
vn 0.334876 -0.883925 -0.326397
vn 0.3828 0.871298 -0.30709
vn 0.841206 -0.008463 -0.540648
vn -0.258576 0.958302 0.121641
vn -0.829047 0.04637 0.557254
vn -0.24255 -0.947026 0.210502
vn 0.424848 -0.879779 -0.21329
vn 0.4544 0.873693 -0.173728
vn 0.956694 -0.017081 -0.290595
vn -0.326969 0.943551 0.052939
vn -0.979118 -0.035205 0.200219
vn -0.298279 -0.94993 0.093074
vn 0.461733 -0.881435 -0.099378
vn 0.456935 0.885599 -0.08322
vn 0.994011 -0.015338 -0.108201
vn -0.37147 0.928445 -0.00092
vn -0.996652 -0.013166 0.080688
vn -0.359526 -0.930834 0.065493
vn 0.451421 -0.892217 -0.012958
vn 0.477338 0.678564 0.558301
vn 0.210592 -0.021003 0.977348
vn -0.084654 0.389627 0.917074
vn -0.187006 0.075693 0.979438
vn -0.165156 -0.23486 0.957896
vn 0.238525 -0.746192 0.621533
vn 0.0 0.0 1.0
vn 0.394023 0.041251 0.918174
vn 0.36093 0.231335 0.903445
vn 0.289557 0.387044 0.875416
vn 0.194444 0.495252 0.846709
vn 0.087745 0.554724 0.827394
vn -0.022977 0.567972 0.822727
vn -0.132718 0.53587 0.833804
vn -0.235785 0.456496 0.857914
vn -0.322806 0.327989 0.887817
vn -0.38001 0.155557 0.911809
vn -0.394023 -0.041251 0.918174
vn -0.36093 -0.231335 0.903445
vn -0.289557 -0.387044 0.875416
vn -0.194444 -0.495252 0.846709
vn -0.087745 -0.554724 0.827394
vn 0.022977 -0.567972 0.822727
vn 0.132718 -0.53587 0.833804
vn 0.235785 -0.456496 0.857914
vn 0.322806 -0.327989 0.887817
vn 0.38001 -0.155557 0.911809
vn 0.660944 0.033681 0.749679
vn 0.598893 0.347131 0.721684
vn 0.46534 0.580967 0.667784
vn 0.30599 0.724706 0.61739
vn 0.143951 0.797825 0.585452
vn -0.016091 0.817172 0.57617
vn -0.176446 0.787799 0.590119
vn -0.338724 0.702122 0.626331
vn -0.49555 0.541478 0.67914
vn -0.6188 0.288938 0.73048
vn -0.660944 -0.033681 0.749679
vn -0.598893 -0.347131 0.721684
vn -0.46534 -0.580967 0.667784
vn -0.30599 -0.724706 0.61739
vn -0.143951 -0.797825 0.585452
vn 0.016091 -0.817172 0.57617
vn 0.176446 -0.787799 0.590119
vn 0.338724 -0.702122 0.626331
vn 0.49555 -0.541478 0.67914
vn 0.6188 -0.288938 0.73048
vn 0.871675 0.021996 0.48959
vn 0.777165 0.428014 0.461322
vn 0.582034 0.702971 0.408739
vn 0.37287 0.853436 0.364163
vn 0.176813 0.924507 0.337675
vn -0.009205 0.94407 0.329616
vn -0.19579 0.920012 0.339477
vn -0.393262 0.842636 0.367844
vn -0.603067 0.681867 0.413965
vn -0.792999 0.392487 0.465946
vn -0.871675 -0.021996 0.48959
vn -0.777165 -0.428014 0.461322
vn -0.582034 -0.702971 0.408739
vn -0.37287 -0.853436 0.364163
vn -0.176813 -0.924507 0.337675
vn 0.009205 -0.94407 0.329616
vn 0.19579 -0.920012 0.339477
vn 0.393262 -0.842636 0.367844
vn 0.603067 -0.681867 0.413965
vn 0.792999 -0.392487 0.465946
vn 0.985401 0.007641 0.17008
vn 0.871942 0.463248 0.15849
vn 0.640207 0.755876 0.137065
vn 0.405202 0.906346 0.11978
vn 0.193683 0.974899 0.109809
vn -0.002979 0.994289 0.106679
vn -0.19988 0.973625 0.11001
vn -0.412062 0.903192 0.120202
vn -0.647687 0.74936 0.137698
vn -0.878014 0.45142 0.159095
vn -0.985401 -0.007641 0.17008
vn -0.871942 -0.463248 0.15849
vn -0.640207 -0.755876 0.137065
vn -0.405202 -0.906346 0.11978
vn -0.193683 -0.974899 0.109809
vn 0.002979 -0.994289 0.106679
vn 0.19988 -0.973625 0.11001
vn 0.412062 -0.903192 0.120202
vn 0.647687 -0.74936 0.137698
vn 0.878014 -0.45142 0.159095
vn 0.985401 -0.007641 -0.17008
vn 0.878014 0.45142 -0.159095
vn 0.647687 0.74936 -0.137698
vn 0.412062 0.903192 -0.120202
vn 0.19988 0.973625 -0.11001
vn 0.002979 0.994289 -0.106679
vn -0.193683 0.974899 -0.109809
vn -0.405202 0.906346 -0.11978
vn -0.640207 0.755876 -0.137065
vn -0.871942 0.463248 -0.15849
vn -0.985401 0.007641 -0.17008
vn -0.878014 -0.45142 -0.159095
vn -0.647687 -0.74936 -0.137698
vn -0.412062 -0.903192 -0.120202
vn -0.19988 -0.973625 -0.11001
vn -0.002979 -0.994289 -0.106679
vn 0.193683 -0.974899 -0.109809
vn 0.405202 -0.906346 -0.11978
vn 0.640207 -0.755876 -0.137065
vn 0.871942 -0.463248 -0.15849
vn 0.871675 -0.021996 -0.48959
vn 0.792999 0.392487 -0.465946
vn 0.603067 0.681867 -0.413965
vn 0.393262 0.842636 -0.367844
vn 0.19579 0.920012 -0.339477
vn 0.009205 0.94407 -0.329616
vn -0.176813 0.924507 -0.337675
vn -0.37287 0.853436 -0.364163
vn -0.582034 0.702971 -0.408739
vn -0.777165 0.428014 -0.461322
vn -0.871675 0.021996 -0.48959
vn -0.792999 -0.392487 -0.465946
vn -0.603067 -0.681867 -0.413965
vn -0.393262 -0.842636 -0.367844
vn -0.19579 -0.920012 -0.339477
vn -0.009205 -0.94407 -0.329616
vn 0.176813 -0.924507 -0.337675
vn 0.37287 -0.853436 -0.364163
vn 0.582034 -0.702971 -0.408739
vn 0.777165 -0.428014 -0.461322
vn 0.660944 -0.033681 -0.749679
vn 0.6188 0.288938 -0.73048
vn 0.49555 0.541478 -0.67914
vn 0.338724 0.702122 -0.626331
vn 0.176446 0.787799 -0.590119
vn 0.016091 0.817172 -0.57617
vn -0.143951 0.797825 -0.585452
vn -0.30599 0.724706 -0.61739
vn -0.46534 0.580967 -0.667784
vn -0.598893 0.347131 -0.721684
vn -0.660944 0.033681 -0.749679
vn -0.6188 -0.288938 -0.73048
vn -0.49555 -0.541478 -0.67914
vn -0.338724 -0.702122 -0.626331
vn -0.176446 -0.787799 -0.590119
vn -0.016091 -0.817172 -0.57617
vn 0.143951 -0.797825 -0.585452
vn 0.30599 -0.724706 -0.61739
vn 0.46534 -0.580967 -0.667784
vn 0.598893 -0.347131 -0.721684
vn 0.394023 -0.041251 -0.918174
vn 0.38001 0.155557 -0.911809
vn 0.322806 0.327989 -0.887817
vn 0.235785 0.456496 -0.857914
vn 0.132718 0.53587 -0.833804
vn 0.022977 0.567972 -0.822727
vn -0.087745 0.554724 -0.827394
vn -0.194444 0.495252 -0.846709
vn -0.289557 0.387044 -0.875416
vn -0.36093 0.231335 -0.903445
vn -0.394023 0.041251 -0.918174
vn -0.38001 -0.155557 -0.911809
vn -0.322806 -0.327989 -0.887817
vn -0.235785 -0.456496 -0.857914
vn -0.132718 -0.53587 -0.833804
vn -0.022977 -0.567972 -0.822727
vn 0.087745 -0.554724 -0.827394
vn 0.194444 -0.495252 -0.846709
vn 0.289557 -0.387044 -0.875416
vn 0.36093 -0.231335 -0.903445
vn 0.0 0.0 -1.0
vn 0.579483 -0.621859 -0.526774
vn -0.219705 -0.955868 -0.195056
vn -0.719938 -0.211209 -0.661121
vn -0.340056 0.700558 -0.627361
vn 0.338658 0.886827 -0.314402
vn 0.970575 0.226853 0.080762
vn 0.408662 0.90455 0.121592
vn 0.948259 4.7e-05 0.317498
vn -0.385103 0.911846 -0.142241
vn -0.949336 0.004809 -0.314227
vn -0.397881 -0.909899 -0.117362
vn 0.398528 -0.905095 0.148255
vn 0.391566 0.902076 0.18148
vn 0.89145 0.000922 0.453118
vn -0.357098 0.913998 -0.192586
vn -0.895547 0.006144 -0.444925
vn -0.372345 -0.912215 -0.170948
vn 0.378255 -0.901837 0.208838
vn 0.347686 0.900161 0.262345
vn 0.754408 -0.002829 0.6564
vn -0.282232 0.916665 -0.282966
vn -0.754652 0.003779 -0.656114
vn -0.322877 -0.914671 -0.243159
vn 0.304985 -0.902043 0.305455
vn 0.259535 0.900771 0.348215
vn 0.56983 -0.003424 0.821756
vn -0.218447 0.913188 -0.344048
vn -0.561666 -0.003703 -0.827356
vn -0.239636 -0.91351 -0.328747
vn 0.232185 -0.902589 0.362524
vn 0.203205 0.901808 0.38138
vn 0.437401 0.001009 0.899266
vn -0.16819 0.914341 -0.368365
vn -0.446025 0.006427 -0.894997
vn -0.193782 -0.912458 -0.360374
vn 0.175627 -0.901567 0.395389
vn 0.119406 0.899758 0.419736
vn 0.205566 -0.002952 0.978639
vn -0.053969 0.917112 -0.394958
vn -0.205973 0.004003 -0.97855
vn -0.11079 -0.915014 -0.38791
vn 0.058789 -0.901732 0.428279
vn -0.002908 0.900433 0.434986
vn -0.041391 -0.003638 0.999136
vn 0.033687 0.913493 -0.405457
vn 0.051822 -0.003867 -0.998649
vn 0.007239 -0.913846 -0.405996
vn -0.033887 -0.902335 0.429701
vn -0.068103 0.901512 0.427363
vn -0.194278 0.001103 0.980946
vn 0.088172 0.914722 -0.394347
vn 0.184321 0.006743 -0.982843
vn 0.062657 -0.912727 -0.403737
vn -0.099096 -0.901269 0.421776
vn -0.158311 0.899312 0.407646
vn -0.426903 -0.003087 0.904292
vn 0.195066 0.91761 -0.346325
vn 0.426481 0.004254 -0.904486
vn 0.145283 -0.915397 -0.375423
vn -0.212235 -0.901389 0.377432
vn -0.265187 0.900058 0.345792
vn -0.636157 -0.003873 0.77155
vn 0.271414 0.913833 -0.302065
vn 0.644643 -0.004051 -0.764473
vn 0.250342 -0.914222 -0.318632
vn -0.287037 -0.902053 0.322351
vn -0.312737 0.901183 0.300108
vn -0.747449 0.001207 0.664318
vn 0.307787 0.915147 -0.260332
vn 0.740274 0.007097 -0.672268
vn 0.29308 -0.913027 -0.283699
vn -0.334478 -0.900938 0.276469
vn -0.373135 0.898817 0.229996
vn -0.886456 -0.003233 0.462801
vn 0.363588 0.918167 -0.157394
vn 0.886211 0.004539 -0.463259
vn 0.341567 -0.915825 -0.211181
vn -0.397961 -0.901007 0.172664
vn -0.420975 0.89964 0.11588
vn -0.97304 -0.004133 0.230601
vn 0.398007 0.914215 -0.076169
vn 0.975677 -0.004262 -0.21917
vn 0.391058 -0.914645 -0.102465
vn -0.424179 -0.901739 0.083301
vn -0.431266 0.900816 0.050406
vn -0.99701 0.001322 0.077266
vn 0.401475 0.915625 -0.021194
vn 0.996041 0.007499 -0.088576
vn 0.404165 -0.913365 -0.049149
vn -0.43435 -0.90057 0.01774
vn -0.437429 0.898264 -0.042159
vn -0.985921 -0.003394 -0.167178
vn 0.383288 0.918795 0.094372
vn 0.986013 0.004865 0.166599
vn 0.398688 -0.916308 0.037794
vn -0.422184 -0.90058 -0.103515
vn -0.406408 0.899172 -0.162244
vn -0.914522 -0.004423 -0.404513
vn 0.362 0.914645 0.179948
vn 0.909391 -0.004503 0.415918
vn 0.372455 -0.915123 0.154362
vn -0.388751 -0.901386 -0.190726
vn -0.374787 0.900403 -0.220927
vn -0.840525 0.001449 -0.541771
vn 0.331419 0.916165 0.225397
vn 0.846982 0.007957 0.531563
vn 0.351036 -0.913746 0.204555
vn -0.357057 -0.900156 -0.249458
vn -0.323935 0.897643 -0.298838
vn -0.683865 -0.003572 -0.7296
vn 0.246751 0.919508 0.305972
vn 0.684346 0.005241 0.729138
vn 0.293918 -0.916857 0.270157
vn -0.273888 -0.9001 -0.338829
vn -0.226271 0.898643 -0.375823
vn -0.483386 -0.004748 -0.875395
vn 0.178333 0.915134 0.361563
vn 0.471619 -0.004783 0.881789
vn 0.202521 -0.915669 0.347183
vn -0.194112 -0.900986 -0.388
vn -0.165164 0.899936 -0.403529
vn -0.340633 0.001592 -0.940195
vn 0.126687 0.916781 0.378766
vn 0.352729 0.008484 0.935687
vn 0.155574 -0.91418 0.374261
vn -0.132945 -0.899689 -0.415796
vn -0.077397 0.896938 -0.435329
vn -0.102309 -0.003768 -0.994745
vn 0.010564 0.920325 0.391012
vn 0.10307 0.005679 0.994658
vn 0.07046 -0.917488 0.391474
vn -0.01239 -0.899556 -0.436631
vn 0.04733 0.898041 -0.437359
vn 0.14559 -0.005114 -0.989332
vn -0.077504 0.915695 0.394329
vn -0.159838 -0.005112 0.98713
vn -0.048969 -0.916297 0.397494
vn 0.081207 -0.900531 -0.427141
vn 0.113205 0.899403 -0.422206
vn 0.299351 0.001752 -0.954142
vn -0.128501 0.91749 0.37643
vn -0.28608 0.009098 0.958162
vn -0.102345 -0.91468 0.391006
vn 0.147224 -0.899156 -0.41212
vn 0.202808 0.896134 -0.394732
vn 0.521859 -0.003987 -0.853022
vn -0.227803 0.92127 0.315225
vn -0.521095 0.006195 0.853476
vn -0.180119 -0.918219 0.352749
vn 0.256022 -0.898932 -0.35549
vn 0.303525 0.897349 -0.32037
vn 0.715772 -0.005529 -0.698312
vn -0.300175 0.916346 0.264962
vn -0.72659 -0.005502 0.68705
vn -0.278839 -0.917029 0.285141
vn 0.324802 -0.900007 -0.290675
vn 0.347021 0.898789 -0.26787
vn 0.817334 0.001934 -0.576161
vn -0.329167 0.918316 0.219876
vn -0.808572 0.009822 0.588315
vn -0.317279 -0.915262 0.248253
vn 0.368588 -0.898544 -0.238247
vn 0.402332 0.895206 -0.191663
vn 0.932661 -0.004231 -0.360728
vn -0.370071 0.922377 0.110762
vn -0.932271 0.006815 0.361697
vn -0.355263 -0.919076 0.170549
vn 0.420855 -0.898213 -0.126867
vn 0.437241 0.896547 -0.070876
vn 0.99277 -0.006006 -0.119885
vn -0.397713 0.917109 0.027103
vn -0.994668 -0.005974 0.102953
vn -0.392739 -0.917893 0.056819
vn 0.435883 -0.899397 -0.033039
vn 0.439841 0.898074 -0.002062
vn 0.999191 0.002143 0.040163
vn -0.39274 0.919289 -0.025758
vn -0.999658 0.010688 -0.023866
vn -0.401271 -0.915947 0.004812
vn 0.438871 -0.897832 0.035916
vn 0.438136 0.894124 0.092625
vn 0.95961 -0.004504 0.281299
vn -0.357877 0.92369 -0.136823
vn -0.959942 0.00757 -0.280097
vn -0.383512 -0.920097 -0.079625
vn 0.412558 -0.897372 0.156587
vn 0.392011 0.895605 0.210286
vn 0.860623 -0.006557 0.5092
vn -0.329701 0.918018 -0.22032
vn -0.850921 -0.006555 -0.525252
vn -0.344081 -0.918927 -0.192825
vn 0.366756 -0.898678 0.240558
vn 0.351637 0.897229 0.267079
vn 0.767282 0.002384 0.641305
vn -0.293391 0.920453 -0.25824
vn -0.778584 0.011744 -0.62743
vn -0.320053 -0.916765 -0.23897
vn 0.326679 -0.896994 0.297797
vn 0.292833 0.892846 0.342162
vn 0.588761 -0.004813 0.808293
vn -0.197394 0.925274 -0.323889
vn -0.589971 0.008511 -0.807379
vn -0.254102 -0.921332 -0.294244
vn 0.231837 -0.896376 0.377839
vn 0.183778 0.894482 0.407588
vn 0.370967 -0.007203 0.928618
vn -0.124674 0.919117 -0.37374
vn -0.351502 -0.00729 -0.936159
vn -0.153705 -0.920187 -0.360042
vn 0.143434 -0.897818 0.416352
vn 0.116155 0.896217 0.428139
vn 0.214522 0.002667 0.976715
vn -0.073313 0.921871 -0.380498
vn -0.233853 0.013061 -0.972184
vn -0.10757 -0.917762 -0.382285
vn 0.07576 -0.895993 0.437559
vn 0.023154 0.891313 0.452797
vn -0.029072 -0.005161 0.999564
vn 0.042592 0.927221 -0.372085
vn 0.027185 0.009717 -0.999583
vn -0.021813 -0.922857 -0.384524
vn -0.048997 -0.895177 0.44301
vn -0.104119 0.893122 0.437599
vn -0.27546 -0.007968 0.96128
vn 0.130771 0.920473 -0.368277
vn 0.298025 -0.008244 -0.954522
vn 0.098088 -0.921758 -0.375155
vn -0.143313 -0.896771 0.418644
vn -0.171287 0.894982 0.411907
vn -0.430751 0.003004 0.902466
vn 0.174107 0.923637 -0.34144
vn 0.410445 0.014748 -0.911766
vn 0.147411 -0.919001 -0.365659
vn -0.211022 -0.894774 0.393508
vn -0.261318 0.88944 0.374978
vn -0.63733 -0.005556 0.770571
vn 0.258917 0.929674 -0.262048
vn 0.635434 0.011316 -0.772073
vn 0.215301 -0.924789 -0.313704
vn -0.313745 -0.893706 0.320709
vn -0.353249 0.89144 0.283814
vn -0.808606 -0.008889 0.588284
vn 0.327314 0.922191 -0.205985
vn 0.824227 -0.009535 -0.566179
vn 0.304362 -0.923768 -0.232414
vn -0.373493 -0.895469 0.242154
vn -0.391142 0.893441 0.220843
vn -0.8962 0.003413 0.443637
vn 0.342909 0.925898 -0.158509
vn 0.884431 0.016991 -0.466362
vn 0.337569 -0.920586 -0.19639
vn -0.412262 -0.893259 0.179241
vn -0.441185 0.887101 0.135679
vn -0.977353 -0.006001 0.211532
vn 0.357645 0.932857 -0.043209
vn 0.976593 0.013539 -0.214668
vn 0.356688 -0.927315 -0.113399
vn -0.448683 -0.891856 0.057242
vn -0.457279 0.889306 0.005476
vn -0.999195 -0.010016 -0.038851
vn 0.37891 0.924436 0.042959
vn 0.997434 -0.011371 0.070688
vn 0.376411 -0.926433 0.00601
vn -0.446378 -0.893804 -0.043151
vn -0.447736 0.891461 -0.069495
vn -0.97756 0.003923 -0.21062
vn 0.359775 0.928899 0.087802
vn 0.983264 0.020125 0.181071
vn 0.381883 -0.922684 0.0531
vn -0.437539 -0.891322 -0.118764
vn -0.435458 0.884094 -0.169569
vn -0.895968 -0.006495 -0.44407
vn 0.295732 0.937155 0.185158
vn 0.897872 0.016844 0.439935
vn 0.342419 -0.930758 0.128213
vn -0.389599 -0.889459 -0.238904
vn -0.365685 0.886514 -0.283491
vn -0.755641 -0.011425 -0.654886
vn 0.26114 0.927495 0.267505
vn 0.729545 -0.014175 0.683786
vn 0.2828 -0.93013 0.234268
vn -0.323056 -0.891599 -0.31731
vn -0.30934 0.888826 -0.338079
vn -0.627057 0.004582 -0.77896
vn 0.217728 0.933073 0.286302
vn 0.655102 0.024827 0.755133
vn 0.261112 -0.925595 0.274035
vn -0.266587 -0.888755 -0.372889
vn -0.23628 0.880092 -0.411837
vn -0.414375 -0.007019 -0.910079
vn 0.10402 0.943263 0.315332
vn 0.420638 0.022289 0.906955
vn 0.181373 -0.935716 0.302554
vn -0.151204 -0.886229 -0.437876
vn -0.107023 0.882709 -0.457571
vn -0.169285 -0.013222 -0.985478
vn 0.026481 0.931905 0.361734
vn 0.119471 -0.018934 0.992657
vn 0.067018 -0.935584 0.346686
vn -0.046423 -0.888547 -0.45643
vn -0.024668 0.885144 -0.464663
vn 0.016984 0.00548 -0.999841
vn -0.015271 0.939278 0.342818
vn 0.03104 0.032712 0.998983
vn 0.029597 -0.929898 0.366625
vn 0.037083 -0.885187 -0.463754
vn 0.083012 0.874514 -0.477844
vn 0.268942 -0.007501 -0.963127
vn -0.117523 0.952575 0.280694
vn -0.256767 0.033051 0.965908
vn -0.04664 -0.943419 0.328306
vn 0.172299 -0.881645 -0.439335
vn 0.216786 0.877242 -0.42831
vn 0.509856 -0.015556 -0.860119
vn -0.209686 0.938784 0.273341
vn -0.570347 -0.028555 0.820907
vn -0.16293 -0.944344 0.285777
vn 0.268793 -0.884062 -0.382341
vn 0.28994 0.879656 -0.377014
vn 0.670679 0.006803 -0.741716
vn -0.216341 0.949411 0.227632
vn -0.615494 0.048797 0.78663
vn -0.201507 -0.936861 0.285809
vn 0.342799 -0.879905 -0.329024
vn 0.388133 0.86627 -0.314529
vn 0.841431 -0.007716 -0.54031
vn -0.229459 0.968084 0.100812
vn -0.822413 0.065225 0.565139
vn -0.214924 -0.95668 0.196395
vn 0.434374 -0.874683 -0.215056
vn 0.460868 0.868857 -0.180799
vn 0.955956 -0.018585 -0.292921
vn -0.307035 0.950787 0.04164
vn -0.984721 -0.056369 0.164763
vn -0.26708 -0.960124 0.082641
vn 0.470376 -0.876936 -0.098634
vn 0.462628 0.882171 -0.08803
vn 0.993858 -0.016714 -0.109394
vn -0.361892 0.932194 -0.00696
vn -0.99697 -0.019183 0.075387
vn -0.345037 -0.936149 0.067641
vn 0.457464 -0.889171 -0.010051
vn 0.454335 0.647373 0.611954
vn 0.185148 -0.010162 0.982658
vn -0.069481 0.34126 0.937398
vn -0.148323 0.071258 0.986368
vn -0.133177 -0.184172 0.97383
vn 0.227282 -0.690762 0.686433
vn 0.415114 0.591237 0.691462
vn 0.04167 0.999003 0.016024
vn -0.103404 0.882451 0.458898
vn -0.025512 0.57541 0.817467
vn 0.208299 0.299107 0.931207
vn 0.426442 0.241604 0.871651
vn 0.531371 0.36191 0.765941
vn 0.545984 0.50512 0.668397
vn -0.079723 0.307165 0.948311
vn -0.956494 0.132325 0.260019
vn 0.191647 -0.710799 0.676784
vn -0.389158 -0.685626 0.615202
vn -0.955192 -0.099171 0.278878
vn -0.779119 0.602104 -0.174483
vn -0.346864 0.881975 -0.319069
vn -0.583946 0.765334 0.270685
vn -0.805841 0.296211 0.512717
vn -0.926917 -0.136143 0.3497
vn 0.034423 -0.694768 0.71841
vn -0.393794 -0.811778 0.43121
vn -0.93913 -0.342243 -0.030096
vn -0.814062 0.41899 -0.402183
vn -0.416862 0.806244 -0.419759
vn -0.659851 0.53561 0.526991
vn 0.306097 -0.392543 0.867303
vn -0.038684 0.303912 0.951914
vn 0.165692 -0.786829 0.594514
vn -0.263535 -0.932959 0.245229
vn -0.768061 -0.537888 -0.347504
vn -0.697379 0.28551 -0.657379
vn -0.341743 0.755435 -0.559043
vn 0.030058 0.987842 -0.152526
vn 0.640173 -0.361125 0.678061
vn 0.746698 0.504639 0.433338
vn 0.323691 -0.806914 0.494078
vn -0.067192 -0.993572 0.091102
vn -0.521405 -0.63616 -0.568716
vn -0.526489 0.21975 -0.821291
vn -0.233618 0.727302 -0.645333
vn 0.210988 0.940768 -0.265403
vn 0.664359 -0.300194 0.684478
vn 0.669238 0.571976 0.474304
vn 0.407144 -0.788772 0.460514
vn 0.069181 -0.997503 0.014226
vn -0.362509 -0.6524 -0.665553
vn -0.44538 0.214527 -0.869261
vn -0.224011 0.740299 -0.633859
vn 0.164936 0.965338 -0.202284
vn 0.676043 -0.262406 0.688556
vn 0.580384 0.612462 0.536698
vn 0.479958 -0.766887 0.426057
vn 0.171205 -0.9844 -0.040564
vn -0.279357 -0.64522 -0.711091
vn -0.440194 0.223951 -0.869526
vn -0.276442 0.756622 -0.592539
vn 0.067904 0.989696 -0.126058
vn 0.726503 -0.225712 0.649035
vn 0.523561 0.635399 0.567584
vn 0.585765 -0.727845 0.35654
vn 0.287752 -0.951475 -0.109064
vn -0.217355 -0.628658 -0.74669
vn -0.462732 0.232655 -0.855425
vn -0.342033 0.761137 -0.551075
vn -0.029086 0.997327 -0.067027
vn 0.80178 -0.172856 0.572075
vn 0.482156 0.655662 0.581061
vn 0.712421 -0.654985 0.251893
vn 0.420565 -0.885345 -0.198215
vn -0.17157 -0.602225 -0.779672
vn -0.528605 0.236325 -0.815308
vn -0.444013 0.751069 -0.488618
vn -0.147604 0.989041 -0.003355
vn 0.887637 -0.066571 0.455706
vn 0.43494 0.687482 0.581546
vn 0.842474 -0.526693 0.113276
vn 0.552409 -0.77131 -0.31611
vn -0.159886 -0.559731 -0.813104
vn -0.682204 0.209994 -0.700357
vn -0.64955 0.688424 -0.322735
vn -0.328527 0.935487 0.130132
vn 0.936171 0.246962 0.250188
vn 0.459075 0.722405 -0.517089
vn 0.952807 0.044208 -0.300341
vn 0.723876 0.100903 -0.682512
vn 0.383944 0.302038 -0.87256
vn 0.056971 0.539445 -0.840091
vn -0.208141 0.759539 -0.616261
vn -0.345196 0.934899 -0.082489
vn -0.21352 0.683172 0.698345
vn 0.184005 0.980941 -0.062425
vn -0.40686 0.783808 0.469159
vn -0.435142 0.583316 0.685852
vn -0.439296 0.534442 0.722074
vn -0.46007 0.369695 0.807255
vn -0.212233 0.076414 0.974227
vn 0.58452 0.106564 0.804351
vn 0.342943 -0.643287 0.684523
vn 0.933233 -0.141263 0.330335
vn -0.156601 -0.634176 0.757164
vn 0.835601 0.252328 0.487956
vn 0.858725 -0.142668 0.492175
vn -0.058821 0.996254 -0.063385
vn 0.350254 0.841188 -0.411976
vn 0.813406 0.543811 -0.206496
vn 0.403686 -0.777436 0.482317
vn 0.94161 -0.335779 -0.024961
vn -0.088349 -0.685613 0.722585
vn 0.790368 0.42314 0.443026
vn 0.967743 -0.022449 0.250936
vn 0.77099 0.291514 0.566211
vn 0.421443 0.777268 -0.467162
vn 0.797756 0.390619 -0.45935
vn 0.282215 -0.920535 0.270131
vn 0.769583 -0.528989 -0.357648
vn -0.179502 -0.763808 0.619981
vn -0.454618 -0.275213 0.847101
vn 0.310756 0.746238 0.588694
vn 0.169634 0.968524 -0.182168
vn 0.344029 0.737276 -0.581436
vn 0.671888 0.278365 -0.686352
vn 0.08498 -0.991615 0.097359
vn 0.520226 -0.620959 -0.586324
vn -0.311363 -0.798249 0.515609
vn -0.64612 -0.321191 0.692362
vn -0.724223 0.575896 0.379268
vn -0.188377 0.935868 -0.297768
vn 0.221727 0.720401 -0.65716
vn 0.50251 0.226853 -0.834279
vn -0.058224 -0.998269 0.008348
vn 0.3587 -0.632876 -0.686151
vn -0.392758 -0.79007 0.470671
vn -0.652778 -0.293779 0.698265
vn -0.661458 0.583142 0.471613
vn -0.167918 0.964028 -0.206044
vn 0.211106 0.743684 -0.634325
vn 0.426641 0.230368 -0.87459
vn -0.168011 -0.984212 -0.055676
vn 0.273747 -0.620818 -0.734607
vn -0.467299 -0.773083 0.428923
vn -0.658384 -0.271123 0.702156
vn -0.57612 0.603099 0.551686
vn -0.080205 0.990064 -0.115499
vn 0.264666 0.767167 -0.5843
vn 0.427952 0.2471 -0.869367
vn -0.289937 -0.947605 -0.134091
vn 0.211481 -0.595741 -0.774834
vn -0.573969 -0.738575 0.353646
vn -0.705116 -0.247258 0.664586
vn -0.52167 0.612763 0.593617
vn 0.007843 0.998904 -0.046139
vn 0.329496 0.779071 -0.533367
vn 0.456893 0.264597 -0.849257
vn -0.422627 -0.876797 -0.229378
vn 0.166758 -0.557735 -0.813095
vn -0.701971 -0.668659 0.245219
vn -0.782951 -0.204265 0.587592
vn -0.482491 0.622037 0.616663
vn 0.126015 0.99158 0.02983
vn 0.431187 0.774885 -0.462203
vn 0.522728 0.277349 -0.806122
vn -0.545928 -0.754785 -0.363678
vn 0.153805 -0.496707 -0.854182
vn -0.83036 -0.548871 0.096137
vn -0.873144 -0.118885 0.472742
vn -0.426455 0.643657 0.635486
vn 0.339627 0.926745 0.160618
vn 0.645569 0.696022 -0.314315
vn 0.662532 0.243199 -0.708453
vn -0.589106 -0.488413 -0.643745
vn -0.35614 0.509696 -0.783182
vn -0.913119 -0.048175 -0.404836
vn -0.858023 0.400436 -0.321634
vn -0.587003 0.734242 -0.341052
vn -0.234375 0.879109 -0.415013
vn 0.162626 0.839379 -0.518647
vn 0.578896 0.451296 -0.679126
vn 0.385455 0.62253 0.681088
vn 0.015218 0.997835 -0.063976
vn -0.144238 0.894907 0.422299
vn -0.072165 0.591881 0.802788
vn 0.157716 0.314152 0.93618
vn 0.384377 0.23542 0.892655
vn 0.534278 0.317502 0.783415
vn 0.691619 0.457083 0.559231
vn 0.549782 -0.194002 0.812467
vn -0.839351 0.457012 0.29433
vn 0.191325 -0.704165 0.683774
vn -0.398567 -0.66558 0.630989
vn -0.959111 -0.082379 0.270776
vn -0.76959 0.60421 -0.206544
vn -0.321321 0.87173 -0.369918
vn -0.127916 0.978302 -0.162979
vn -0.592612 0.218847 0.775188
vn -0.903372 -0.035828 0.427359
vn 0.057651 -0.687644 0.723756
vn -0.406116 -0.791034 0.457531
vn -0.946454 -0.32226 -0.0193
vn -0.803368 0.426508 -0.415561
vn -0.391363 0.803756 -0.44812
vn -0.444874 0.851484 0.277599
vn 0.347063 -0.374886 0.859656
vn 0.069329 0.380243 0.922285
vn 0.160913 -0.775181 0.610903
vn -0.28166 -0.91977 0.273294
vn -0.786107 -0.527277 -0.322512
vn -0.69973 0.285579 -0.654845
vn -0.331429 0.747679 -0.575441
vn 0.05469 0.97972 -0.192762
vn 0.641256 -0.361653 0.676755
vn 0.764139 0.494484 0.414218
vn 0.315643 -0.802548 0.506248
vn -0.084042 -0.989951 0.113725
vn -0.541734 -0.639335 -0.545687
vn -0.535981 0.209909 -0.817718
vn -0.231572 0.715605 -0.659003
vn 0.223375 0.929823 -0.292458
vn 0.670115 -0.29824 0.679705
vn 0.680705 0.569442 0.460843
vn 0.407828 -0.785573 0.465351
vn 0.063034 -0.997631 0.027537
vn -0.375347 -0.660827 -0.64994
vn -0.455739 0.202735 -0.866718
vn -0.227476 0.731185 -0.643136
vn 0.169831 0.960872 -0.218822
vn 0.687211 -0.256159 0.679797
vn 0.584066 0.615441 0.529244
vn 0.491913 -0.761319 0.422392
vn 0.178004 -0.983322 -0.037304
vn -0.284808 -0.652931 -0.70183
vn -0.454261 0.213719 -0.864853
vn -0.289931 0.750538 -0.59383
vn 0.059519 0.989644 -0.130622
vn 0.743077 -0.213545 0.634221
vn 0.520208 0.640816 0.56457
vn 0.607986 -0.716161 0.342736
vn 0.30526 -0.945113 -0.116521
vn -0.220157 -0.633075 -0.742124
vn -0.486379 0.223604 -0.844652
vn -0.370635 0.755217 -0.540627
vn -0.05348 0.996871 -0.058203
vn 0.820628 -0.15231 0.550792
vn 0.471934 0.661931 0.582345
vn 0.739399 -0.633548 0.22783
vn 0.442449 -0.870332 -0.216242
vn -0.178347 -0.602803 -0.777702
vn -0.568078 0.224321 -0.791813
vn -0.49372 0.738858 -0.458617
vn -0.189745 0.981556 0.023346
vn 0.900481 -0.041846 0.432877
vn 0.418813 0.691063 0.589091
vn 0.862819 -0.498562 0.083544
vn 0.567013 -0.750069 -0.34043
vn -0.176618 -0.561105 -0.808683
vn -0.727421 0.184707 -0.660864
vn -0.702125 0.6568 -0.275017
vn -0.374286 0.911678 0.169568
vn 0.931713 0.26157 0.251977
vn 0.414962 0.755206 -0.507415
vn 0.950862 0.050505 -0.305467
vn 0.708495 0.096169 -0.699132
vn 0.335059 0.292961 -0.895494
vn -0.033218 0.532891 -0.845531
vn -0.318232 0.749659 -0.580293
vn -0.41767 0.908265 -0.024606
vn -0.170528 0.700744 0.692732
vn 0.196 0.974192 -0.111954
vn -0.382883 0.826572 0.412528
vn -0.43632 0.606622 0.664556
vn -0.437089 0.523298 0.731514
vn -0.43074 0.347368 0.832945
vn -0.158922 0.072882 0.984597
vn 0.618572 0.115465 0.777198
vn 0.357624 -0.626976 0.692103
vn 0.939731 -0.121177 0.319722
vn -0.167484 -0.64144 0.748668
vn 0.120783 -0.201492 0.972015
vn 0.665781 -0.027881 0.745626
vn -0.200595 0.935773 -0.289985
vn 0.324123 0.833686 -0.447116
vn 0.800764 0.551713 -0.233216
vn 0.412241 -0.757814 0.505743
vn 0.947247 -0.320263 -0.012413
vn -0.093316 -0.67222 0.734447
vn 0.558257 0.321686 0.764766
vn 0.944484 0.061776 0.322698
vn 0.615981 0.678649 0.400004
vn 0.390869 0.776886 -0.493629
vn 0.79021 0.396217 -0.467524
vn 0.299615 -0.906102 0.298679
vn 0.786291 -0.520513 -0.332884
vn -0.170581 -0.752395 0.636242
vn -0.471636 -0.279303 0.836391
vn 0.176794 0.771969 0.61058
vn 0.121431 0.970456 -0.208493
vn 0.33119 0.73114 -0.596446
vn 0.674 0.276567 -0.685007
vn 0.102572 -0.98746 0.120009
vn 0.53914 -0.624056 -0.56558
vn -0.301602 -0.793382 0.528754
vn -0.646852 -0.32252 0.69106
vn -0.743267 0.565176 0.357953
vn -0.199538 0.92508 -0.323128
vn 0.219172 0.709248 -0.670023
vn 0.509919 0.217293 -0.832326
vn -0.052036 -0.998414 0.021483
vn 0.369557 -0.640879 -0.672831
vn -0.391905 -0.786629 0.477102
vn -0.656976 -0.290856 0.695547
vn -0.671996 0.582263 0.457592
vn -0.172242 0.959492 -0.222953
vn 0.214301 0.734877 -0.643452
vn 0.435081 0.219323 -0.873271
vn -0.175838 -0.983013 -0.052598
vn 0.276684 -0.628295 -0.727111
vn -0.478348 -0.767416 0.426914
vn -0.667651 -0.26394 0.696116
vn -0.577577 0.608306 0.544397
vn -0.070904 0.990096 -0.121167
vn 0.278486 0.761078 -0.585837
vn 0.440827 0.237124 -0.865704
vn -0.309031 -0.94044 -0.141681
vn 0.21146 -0.600279 -0.77133
vn -0.596026 -0.72675 0.341448
vn -0.720234 -0.234419 0.652925
vn -0.514726 0.621205 0.590899
vn 0.034742 0.998598 -0.039947
vn 0.359168 0.772074 -0.52431
vn 0.479847 0.254158 -0.839732
vn -0.44571 -0.860364 -0.247219
vn 0.1707 -0.559452 -0.811095
vn -0.729477 -0.646848 0.222374
vn -0.801551 -0.182966 0.569244
vn -0.466916 0.632456 0.618053
vn 0.174701 0.983265 0.051672
vn 0.482988 0.759026 -0.436579
vn 0.560888 0.260994 -0.785676
vn -0.561352 -0.73288 -0.384411
vn 0.16831 -0.503336 -0.84754
vn -0.852315 -0.518573 0.068129
vn -0.888181 -0.090119 0.45057
vn -0.40747 0.651472 0.639963
vn 0.388533 0.900522 0.195197
vn 0.700114 0.66077 -0.270599
vn 0.708728 0.212548 -0.672702
vn -0.57798 -0.487309 -0.654575
vn -0.299906 0.515988 -0.802379
vn -0.908868 -0.044528 -0.4147
vn -0.853168 0.414149 -0.317151
vn -0.557794 0.766178 -0.31912
vn -0.158285 0.911136 -0.380496
vn 0.272083 0.836378 -0.47586
vn 0.655791 0.410342 -0.633685
vn 0.354143 0.650818 0.671579
vn -0.000905 0.989691 -0.143213
vn -0.190829 0.90565 0.378659
vn -0.133887 0.602208 0.787032
vn 0.091148 0.313421 0.94523
vn 0.332198 0.204636 0.920743
vn 0.538258 0.243177 0.806935
vn 0.812746 0.373692 0.446988
vn 0.688522 -0.397059 0.606863
vn 0.605143 0.785044 0.132319
vn 0.18157 -0.711183 0.679155
vn -0.414786 -0.651635 0.635078
vn -0.964027 -0.062197 0.258424
vn -0.75308 0.614355 -0.235452
vn -0.28369 0.865263 -0.413328
vn 0.15347 0.921812 -0.355963
vn 0.07102 -0.104666 0.991968
vn -0.648301 0.261241 0.715164
vn 0.088501 -0.705466 0.703197
vn -0.422364 -0.773885 0.471923
vn -0.95784 -0.287254 -0.005222
vn -0.787939 0.454605 -0.415316
vn -0.349579 0.81577 -0.460774
vn -0.071705 0.99722 -0.020276
vn 0.461897 -0.386132 0.79847
vn 0.467508 0.4796 0.742577
vn 0.164546 -0.782933 0.59995
vn -0.309897 -0.90688 0.285539
vn -0.82174 -0.489707 -0.291429
vn -0.709155 0.320299 -0.628099
vn -0.313981 0.764473 -0.563025
vn 0.125308 0.968804 -0.213817
vn 0.657145 -0.388913 0.645684
vn 0.794385 0.466398 0.389134
vn 0.306606 -0.818289 0.486206
vn -0.120977 -0.986178 0.113217
vn -0.597705 -0.610984 -0.519083
vn -0.569848 0.240399 -0.7858
vn -0.23683 0.732119 -0.63868
vn 0.241722 0.926047 -0.289839
vn 0.693058 -0.331343 0.64022
vn 0.716112 0.539679 0.442641
vn 0.406778 -0.805871 0.430237
vn 0.03157 -0.999454 0.009703
vn -0.434622 -0.638381 -0.635274
vn -0.500416 0.231644 -0.834221
vn -0.243783 0.750143 -0.614699
vn 0.181868 0.961681 -0.205167
vn 0.719484 -0.287289 0.632304
vn 0.620346 0.588451 0.518552
vn 0.501974 -0.78069 0.372216
vn 0.156386 -0.985058 -0.072135
vn -0.341978 -0.630488 -0.696804
vn -0.506554 0.243906 -0.82699
vn -0.316904 0.771882 -0.551153
vn 0.062993 0.993072 -0.0992
vn 0.780303 -0.239432 0.577754
vn 0.554526 0.615448 0.560111
vn 0.624454 -0.73019 0.277271
vn 0.289234 -0.942497 -0.167462
vn -0.279266 -0.607969 -0.743226
vn -0.550081 0.254127 -0.795506
vn -0.412446 0.775252 -0.478407
vn -0.06165 0.998076 -0.006609
vn 0.856615 -0.171554 0.486601
vn 0.504436 0.636876 0.583038
vn 0.753419 -0.640193 0.150041
vn 0.423038 -0.861802 -0.279886
vn -0.245916 -0.575666 -0.779829
vn -0.644172 0.249633 -0.722997
vn -0.549628 0.749301 -0.369401
vn -0.206309 0.973649 0.097179
vn 0.927917 -0.061106 0.367744
vn 0.453072 0.663813 0.595044
vn 0.863657 -0.504078 0.001739
vn 0.532836 -0.741513 -0.407732
vn -0.255427 -0.538268 -0.803135
vn -0.79417 0.19767 -0.574648
vn -0.738356 0.651806 -0.173144
vn -0.375775 0.892252 0.25036
vn 0.948451 0.228692 0.219409
vn 0.379309 0.784334 -0.490861
vn 0.937378 0.015375 -0.347973
vn 0.665347 0.064158 -0.743772
vn 0.250196 0.275869 -0.928062
vn -0.156285 0.535113 -0.830198
vn -0.433182 0.753351 -0.494789
vn -0.448761 0.89008 0.079821
vn -0.11845 0.71559 0.688405
vn 0.202189 0.965425 -0.164543
vn -0.36233 0.864339 0.348761
vn -0.443267 0.623312 0.644202
vn -0.43852 0.496071 0.749409
vn -0.395507 0.299592 0.868227
vn -0.087443 0.043569 0.995216
vn 0.666223 0.112948 0.73715
vn 0.379677 -0.621196 0.685538
vn 0.948855 -0.098989 0.299791
vn -0.171928 -0.663787 0.727893
vn -0.535421 -0.448462 0.715686
vn -0.819417 0.284939 0.497358
vn -0.293488 0.869327 -0.397663
vn 0.286271 0.832967 -0.473513
vn 0.780449 0.569111 -0.258867
vn 0.423557 -0.745699 0.514327
vn 0.956565 -0.291518 0.00046
vn -0.107696 -0.683537 0.721927
vn -0.185296 -0.082764 0.979191
vn 0.736496 0.354562 0.576073
vn 0.196172 0.9784 0.065196
vn 0.348836 0.793862 -0.498093
vn 0.779454 0.425249 -0.460016
vn 0.324038 -0.893781 0.310088
vn 0.819368 -0.487058 -0.302342
vn -0.167906 -0.761705 0.62579
vn -0.532945 -0.322804 0.782156
vn -0.36372 0.72371 0.586473
vn -0.011086 0.975773 -0.218506
vn 0.313213 0.751502 -0.58064
vn 0.686254 0.309486 -0.658236
vn 0.138418 -0.983194 0.119039
vn 0.592931 -0.596286 -0.541181
vn -0.29148 -0.809845 0.509107
vn -0.659627 -0.357087 0.661348
vn -0.777619 0.524773 0.346298
vn -0.219645 0.924357 -0.31196
vn 0.225496 0.727564 -0.647922
vn 0.543206 0.24741 -0.802319
vn -0.02097 -0.999776 0.003007
vn 0.426734 -0.617651 -0.66061
vn -0.389881 -0.807068 0.443434
vn -0.678409 -0.325015 0.658883
vn -0.70676 0.551911 0.442589
vn -0.183395 0.960818 -0.207836
vn 0.231032 0.754181 -0.614683
vn 0.478148 0.248475 -0.842398
vn -0.154777 -0.984004 -0.08821
vn 0.331757 -0.604931 -0.723875
vn -0.487795 -0.786746 0.378267
vn -0.698572 -0.294913 0.651938
vn -0.611529 0.582853 0.535084
vn -0.072621 0.993202 -0.090976
vn 0.305797 0.781558 -0.543741
vn 0.491536 0.266862 -0.828961
vn -0.293246 -0.936309 -0.193214
vn 0.268668 -0.57472 -0.772991
vn -0.612409 -0.740363 0.27716
vn -0.757014 -0.259857 0.599503
vn -0.545387 0.598335 0.586982
vn 0.046934 0.998864 0.008184
vn 0.401508 0.789376 -0.464411
vn 0.541634 0.282166 -0.791843
vn -0.425654 -0.849977 -0.310416
vn 0.23678 -0.533478 -0.811995
vn -0.743887 -0.652373 0.145057
vn -0.838437 -0.200938 0.506604
vn -0.495006 0.610444 0.618326
vn 0.198044 0.972746 0.120602
vn 0.539892 0.764331 -0.352584
vn 0.634356 0.281098 -0.720122
vn -0.526737 -0.723109 -0.446834
vn 0.245894 -0.486617 -0.838296
vn -0.853839 -0.520386 -0.012526
vn -0.917597 -0.104017 0.383661
vn -0.44225 0.627139 0.641181
vn 0.389609 0.879567 0.27307
vn 0.737361 0.653509 -0.170952
vn 0.777577 0.220543 -0.588842
vn -0.512982 -0.50156 -0.696626
vn -0.22012 0.519616 -0.825558
vn -0.883073 -0.078489 -0.462624
vn -0.856934 0.390691 -0.336193
vn -0.551094 0.781277 -0.293088
vn -0.094832 0.944684 -0.313974
vn 0.377262 0.843351 -0.382664
vn 0.741948 0.400351 -0.537803
vn 0.329301 0.689726 0.644856
vn -0.015797 0.969759 -0.243551
vn -0.247087 0.919134 0.306823
vn -0.202928 0.617934 0.759591
vn 0.023568 0.317947 0.947816
vn 0.280594 0.17977 0.942841
vn 0.541066 0.172568 0.823085
vn 0.892514 0.292163 0.343597
vn 0.71209 -0.438667 0.548178
vn 0.906855 0.418355 -0.050926
vn 0.172303 -0.698029 0.695031
vn -0.429302 -0.625776 0.651232
vn -0.969411 -0.042541 0.24173
vn -0.738155 0.612464 -0.28287
vn -0.249794 0.843617 -0.475304
vn 0.273603 0.847133 -0.45553
vn 0.359798 -0.205279 0.910168
vn 0.011848 0.625809 0.779886
vn 0.09033 -0.681568 0.726158
vn -0.442726 -0.737745 0.509634
vn -0.966629 -0.256134 0.004823
vn -0.769163 0.460974 -0.442596
vn -0.310486 0.801582 -0.510944
vn 0.108212 0.967357 -0.229152
vn 0.483135 -0.361624 0.797376
vn 0.568741 0.519048 0.638062
vn 0.145895 -0.758808 0.634763
vn -0.340216 -0.87993 0.331627
vn -0.842756 -0.47091 -0.26078
vn -0.702997 0.316778 -0.636747
vn -0.290527 0.745642 -0.599676
vn 0.166211 0.943526 -0.286588
vn 0.649012 -0.385683 0.655768
vn 0.816258 0.449526 0.362835
vn 0.286666 -0.806998 0.516311
vn -0.148527 -0.976674 0.155071
vn -0.620524 -0.615405 -0.486031
vn -0.57204 0.220732 -0.789967
vn -0.223582 0.707008 -0.670933
vn 0.265756 0.901509 -0.341549
vn 0.693771 -0.325539 0.642422
vn 0.729497 0.534678 0.426561
vn 0.403277 -0.798293 0.44732
vn 0.023686 -0.999033 0.037049
vn -0.443588 -0.654712 -0.612031
vn -0.503307 0.207406 -0.838847
vn -0.239034 0.730363 -0.63987
vn 0.194568 0.951534 -0.238173
vn 0.730396 -0.272591 0.626272
vn 0.618402 0.595348 0.512971
vn 0.519681 -0.768433 0.37342
vn 0.172978 -0.982911 -0.062959
vn -0.336801 -0.646443 -0.6846
vn -0.516446 0.222604 -0.82688
vn -0.331936 0.759074 -0.560023
vn 0.048861 0.993011 -0.107437
vn 0.799174 -0.212532 0.562274
vn 0.538967 0.62743 0.562002
vn 0.658712 -0.705381 0.261793
vn 0.323783 -0.929511 -0.176564
vn -0.269717 -0.617435 -0.738936
vn -0.577647 0.234061 -0.78201
vn -0.4561 0.760552 -0.462097
vn -0.105473 0.994358 0.011267
vn 0.875447 -0.132106 0.464909
vn 0.478462 0.649379 0.591084
vn 0.790514 -0.600069 0.122491
vn 0.460316 -0.834642 -0.30246
vn -0.243848 -0.57972 -0.777472
vn -0.691992 0.219961 -0.687579
vn -0.618449 0.716715 -0.322242
vn -0.270795 0.952558 0.138937
vn 0.936978 -0.020405 0.348793
vn 0.423364 0.671025 0.608678
vn 0.887788 -0.4595 -0.026306
vn 0.556294 -0.710311 -0.431273
vn -0.263684 -0.546984 -0.794531
vn -0.835325 0.15058 -0.528732
vn -0.792763 0.597423 -0.12088
vn -0.431661 0.852827 0.293862
vn 0.939651 0.250867 0.23264
vn 0.327597 0.826634 -0.457555
vn 0.941643 0.019094 -0.33607
vn 0.660348 0.041175 -0.74983
vn 0.193781 0.238351 -0.95165
vn -0.278026 0.498211 -0.821272
vn -0.560784 0.708113 -0.429066
vn -0.522189 0.840517 0.144397
vn -0.061743 0.739417 0.67041
vn 0.210463 0.948023 -0.238659
vn -0.34805 0.904463 0.246593
vn -0.465205 0.644613 0.606678
vn -0.446893 0.468897 0.761854
vn -0.360381 0.255462 0.897142
vn -0.018342 0.021253 0.999606
vn 0.712643 0.112905 0.692382
vn 0.401821 -0.598048 0.693453
vn 0.957334 -0.070764 0.280184
vn -0.164057 -0.660713 0.732492
vn -0.637351 -0.471911 0.609166
vn -0.971488 0.220142 0.088026
vn -0.350398 0.805294 -0.478249
vn 0.251128 0.815505 -0.521428
vn 0.760477 0.575996 -0.299839
vn 0.441146 -0.710922 0.547704
vn 0.96483 -0.262532 0.013384
vn -0.100956 -0.659251 0.745115
vn -0.407227 -0.199962 0.891168
vn 0.116127 0.67606 0.727638
vn -0.074578 0.978636 -0.191598
vn 0.302978 0.780059 -0.54746
vn 0.762947 0.431765 -0.481134
vn 0.353244 -0.865148 0.356002
vn 0.839335 -0.470799 -0.271779
vn -0.145747 -0.737401 0.659543
vn -0.534524 -0.319162 0.782572
vn -0.501307 0.67907 0.536242
vn -0.088342 0.956508 -0.278007
vn 0.28306 0.734799 -0.616399
vn 0.679271 0.30391 -0.668004
vn 0.166774 -0.97277 0.160953
vn 0.613146 -0.601615 -0.511967
vn -0.268723 -0.797051 0.540831
vn -0.650066 -0.35577 0.671448
vn -0.805088 0.500727 0.317971
vn -0.245623 0.900532 -0.358764
vn 0.210272 0.704357 -0.677987
vn 0.541728 0.227986 -0.809044
vn -0.013377 -0.999463 0.029917
vn 0.431508 -0.633841 -0.641908
vn -0.383316 -0.798813 0.463644
vn -0.675902 -0.317297 0.665191
vn -0.719257 0.549713 0.424835
vn -0.195451 0.950503 -0.241542
vn 0.226364 0.735304 -0.638817
vn 0.47771 0.225474 -0.84909
vn -0.173546 -0.981591 -0.07975
vn 0.321493 -0.62048 -0.715295
vn -0.503692 -0.774561 0.382557
vn -0.705658 -0.278743 0.651421
vn -0.60462 0.594893 0.529657
vn -0.055447 0.993205 -0.10232
vn 0.322726 0.768085 -0.553075
vn 0.499752 0.245445 -0.830665
vn -0.330544 -0.921775 -0.202662
vn 0.253921 -0.584553 -0.770599
vn -0.646642 -0.715586 0.264179
vn -0.773741 -0.232281 0.589381
vn -0.522019 0.616047 0.5899
vn 0.098124 0.994959 0.020674
vn 0.44852 0.771268 -0.451637
vn 0.568164 0.25823 -0.781349
vn -0.46478 -0.820987 -0.331601
vn 0.229851 -0.540595 -0.809275
vn -0.782389 -0.61128 0.119186
vn -0.857998 -0.159681 0.488202
vn -0.46066 0.628492 0.626729
vn 0.273458 0.949161 0.15593
vn 0.613041 0.725594 -0.312561
vn 0.680641 0.244051 -0.690773
vn -0.552667 -0.69205 -0.464355
vn 0.250295 -0.503839 -0.826739
vn -0.880609 -0.472329 -0.03786
vn -0.92928 -0.056234 0.365071
vn -0.408509 0.64041 0.650381
vn 0.448205 0.838024 0.311171
vn 0.793799 0.595714 -0.12251
vn 0.820657 0.167044 -0.54646
vn -0.511142 -0.504886 -0.695575
vn -0.147439 0.509962 -0.847467
vn -0.886115 -0.080071 -0.456495
vn -0.862399 0.400051 -0.310206
vn -0.522354 0.818464 -0.239296
vn 0.007341 0.970522 -0.240901
vn 0.504285 0.806409 -0.308871
vn 0.810966 0.331697 -0.481987
vn 1.0 0.0 -0.0
vn 0.900969 0.433884 0.0
vn 0.503552 0.192807 0.842176
vn 0.53734 -0.04477 0.842176
vn -0.390585 -0.220075 0.893874
vn -0.447392 -0.028812 0.893874
vn -0.900969 -0.433884 0.0
vn -1.0 -0.0 0.0
vn -0.415587 -0.168157 -0.893874
vn -0.447392 0.028812 -0.893874
vn 0.464702 0.27348 -0.842176
vn 0.53734 0.04477 -0.842176
vn 0.62349 0.781831 -0.0
vn 0.370029 0.392196 0.842176
vn -0.256418 -0.367749 0.893874
vn -0.62349 -0.781831 0.0
vn -0.301471 -0.331821 -0.893874
vn 0.300024 0.448023 -0.842176
vn 0.222521 0.974928 -0.0
vn 0.163217 0.513906 0.842176
vn -0.071464 -0.442586 0.893874
vn -0.222521 -0.974928 0.0
vn -0.127644 -0.429763 -0.893874
vn 0.075922 0.53383 -0.842176
vn -0.222521 0.974928 0.0
vn -0.075922 0.53383 0.842176
vn 0.127644 -0.429763 0.893874
vn 0.222521 -0.974928 0.0
vn 0.071464 -0.442586 -0.893874
vn -0.163217 0.513906 -0.842176
vn -0.62349 0.781831 0.0
vn -0.300024 0.448023 0.842176
vn 0.301471 -0.331821 0.893874
vn 0.62349 -0.781831 0.0
vn 0.256418 -0.367749 -0.893874
vn -0.370029 0.392196 -0.842176
vn -0.900969 0.433884 -0.0
vn -0.464702 0.27348 0.842176
vn 0.415587 -0.168157 0.893874
vn 0.900969 -0.433884 -0.0
vn 0.390585 -0.220075 -0.893874
vn -0.503552 0.192807 -0.842176
vn -1.0 0.0 -0.0
vn -0.53734 0.04477 0.842176
vn 0.447392 0.028812 0.893874
vn 1.0 -0.0 0.0
vn 0.447392 -0.028812 -0.893874
vn -0.53734 -0.04477 -0.842176
vn -0.900969 -0.433884 0.0
vn -0.503552 -0.192807 0.842176
vn 0.390585 0.220075 0.893874
vn 0.900969 0.433884 0.0
vn 0.415587 0.168157 -0.893874
vn -0.464702 -0.27348 -0.842176
vn -0.62349 -0.781831 -0.0
vn -0.370029 -0.392196 0.842176
vn 0.256418 0.367749 0.893874
vn 0.62349 0.781831 0.0
vn 0.301471 0.331821 -0.893874
vn -0.300024 -0.448023 -0.842176
vn -0.222521 -0.974928 -0.0
vn -0.163217 -0.513906 0.842176
vn 0.071464 0.442586 0.893874
vn 0.222521 0.974928 0.0
vn 0.127644 0.429763 -0.893874
vn -0.075922 -0.53383 -0.842176
vn 0.222521 -0.974928 0.0
vn 0.075922 -0.53383 0.842176
vn -0.127644 0.429763 0.893874
vn -0.222521 0.974928 -0.0
vn -0.071464 0.442586 -0.893874
vn 0.163217 -0.513906 -0.842176
vn 0.62349 -0.781831 0.0
vn 0.300024 -0.448023 0.842176
vn -0.301471 0.331821 0.893874
vn -0.62349 0.781831 0.0
vn -0.256418 0.367749 -0.893874
vn 0.370029 -0.392196 -0.842176
vn 0.900969 -0.433884 -0.0
vn 0.464702 -0.27348 0.842176
vn -0.415587 0.168157 0.893874
vn -0.900969 0.433884 -0.0
vn -0.390585 0.220075 -0.893874
vn 0.503552 -0.192807 -0.842176
vn 0.362413 0.416145 0.833954
vn 0.288388 0.956838 0.035969
vn -0.014494 0.933038 0.359486
vn -0.164098 0.703159 0.691838
vn -0.169118 0.366983 0.914725
vn -0.061035 0.046847 0.997036
vn 0.114614 -0.180856 0.976808
vn 0.337781 -0.298443 0.892656
vn 0.626778 -0.277237 0.72821
vn 0.929612 0.056007 0.364259
vn 0.732668 -0.511215 0.449285
vn 0.934908 0.184493 0.303164
vn 0.313475 -0.810317 0.495096
vn -0.105933 -0.834261 0.541098
vn -0.563676 -0.588821 0.579275
vn -0.883225 0.09197 0.459842
vn -0.65723 0.734521 0.168902
vn -0.253105 0.967413 -0.007101
vn 0.155692 0.986937 -0.041424
vn 0.608441 0.790546 0.069539
vn 0.621339 -0.455116 0.637815
vn 0.748451 0.228031 0.622754
vn 0.259045 -0.801474 0.539014
vn -0.143259 -0.859885 0.489975
vn -0.605923 -0.651345 0.456736
vn -0.949581 0.015438 0.31314
vn -0.715535 0.693276 0.0859
vn -0.301098 0.953591 -0.001793
vn 0.098889 0.992551 0.071153
vn 0.500593 0.798545 0.334265
vn 0.509352 -0.445133 0.73649
vn 0.572565 0.227374 0.787699
vn 0.206386 -0.808242 0.551498
vn -0.170047 -0.885041 0.433342
vn -0.627472 -0.701005 0.338926
vn -0.983966 -0.043463 0.172982
vn -0.752022 0.659043 0.011194
vn -0.345281 0.938494 0.003261
vn 0.027856 0.987805 0.153182
vn 0.370279 0.787149 0.493244
vn 0.508095 -0.517462 0.688529
vn 0.604226 0.202242 0.77072
vn 0.200006 -0.855057 0.478409
vn -0.163236 -0.932029 0.323537
vn -0.616192 -0.768133 0.174009
vn -0.993535 -0.111231 -0.022712
vn -0.768204 0.628901 -0.119774
vn -0.368449 0.927597 -0.061715
vn -0.006153 0.993488 0.113767
vn 0.352985 0.818833 0.452675
vn 0.691287 -0.626594 0.359864
vn 0.933298 0.150945 0.325839
vn 0.294656 -0.922381 0.249782
vn -0.080327 -0.991648 0.100903
vn -0.520837 -0.846219 -0.11244
vn -0.90765 -0.196341 -0.370973
vn -0.7092 0.587863 -0.389168
vn -0.319697 0.909941 -0.2642
vn 0.064112 0.990776 -0.119384
vn 0.531056 0.844018 0.07492
vn 0.780052 -0.608244 0.146826
vn 0.98902 0.133011 0.064408
vn 0.379338 -0.92105 0.088151
vn 0.006449 -0.99783 -0.065523
vn -0.402366 -0.855321 -0.326386
vn -0.7516 -0.230986 -0.617853
vn -0.606531 0.543119 -0.580639
vn -0.254966 0.881765 -0.396841
vn 0.12674 0.962105 -0.241436
vn 0.601351 0.792501 -0.101581
vn 0.791288 -0.583512 0.182694
vn 0.974653 0.162915 0.153332
vn 0.404443 -0.91122 0.07813
vn 0.037893 -0.993583 -0.106566
vn -0.359024 -0.847015 -0.392003
vn -0.69707 -0.227189 -0.680058
vn -0.582483 0.540322 -0.607261
vn -0.25299 0.887983 -0.384035
vn 0.120698 0.973557 -0.193957
vn 0.587171 0.809246 -0.018755
vn 0.805907 -0.56235 0.185142
vn 0.964906 0.181192 0.190067
vn 0.429074 -0.901551 0.055691
vn 0.063238 -0.987143 -0.146797
vn -0.327183 -0.833151 -0.445882
vn -0.655613 -0.219163 -0.722592
vn -0.570371 0.536864 -0.621654
vn -0.259441 0.892916 -0.367957
vn 0.112124 0.981271 -0.156637
vn 0.576837 0.816294 0.030394
vn 0.851386 -0.521402 0.057292
vn 0.977343 0.197438 0.076277
vn 0.489997 -0.868736 -0.072112
vn 0.126997 -0.952115 -0.278116
vn -0.242399 -0.778773 -0.57858
vn -0.52486 -0.192574 -0.829118
vn -0.476143 0.502841 -0.721415
vn -0.210676 0.865569 -0.454319
vn 0.144108 0.962642 -0.229244
vn 0.596598 0.800998 -0.049734
vn 0.875498 -0.461194 -0.144233
vn 0.96807 0.2185 -0.122873
vn 0.536975 -0.801516 -0.263116
vn 0.189689 -0.864391 -0.465667
vn -0.135271 -0.65654 -0.742062
vn -0.345994 -0.136821 -0.928207
vn -0.336384 0.434914 -0.835282
vn -0.145193 0.793909 -0.590446
vn 0.171946 0.913688 -0.368251
vn 0.599288 0.772361 -0.210505
vn 0.854282 -0.417231 -0.310034
vn 0.925634 0.247975 -0.28585
vn 0.519402 -0.755162 -0.39994
vn 0.164598 -0.802663 -0.573271
vn -0.155082 -0.570895 -0.806243
vn -0.339467 -0.093333 -0.935976
vn -0.346937 0.402772 -0.847
vn -0.187037 0.758155 -0.624674
vn 0.122692 0.895698 -0.427401
vn 0.549332 0.772742 -0.31797
vn 0.787761 -0.375876 -0.488006
vn 0.837873 0.287598 -0.463956
vn 0.452396 -0.725426 -0.518743
vn 0.072983 -0.780885 -0.620397
vn -0.289334 -0.5575 -0.778126
vn -0.509085 -0.086717 -0.856337
vn -0.509783 0.408258 -0.757263
vn -0.316028 0.759689 -0.56833
vn 0.018823 0.899491 -0.436533
vn 0.453253 0.789491 -0.413843
vn 0.660323 -0.307606 -0.685092
vn 0.67078 0.3471 -0.65542
vn 0.353127 -0.687768 -0.634252
vn -0.030942 -0.785193 -0.618477
vn -0.445682 -0.621888 -0.643912
vn -0.757414 -0.14974 -0.635533
vn -0.739901 0.41403 -0.530214
vn -0.473698 0.770231 -0.427031
vn -0.115962 0.903506 -0.412588
vn 0.301141 0.808126 -0.506208
vn 0.546822 -0.145248 -0.824553
vn 0.339113 0.431568 -0.835914
vn 0.312367 -0.58148 -0.751204
vn -0.031626 -0.748986 -0.66183
vn -0.431045 -0.679512 -0.593686
vn -0.803228 -0.305892 -0.51113
vn -0.876951 0.286982 -0.385485
vn -0.619389 0.722095 -0.308116
vn -0.25638 0.901679 -0.348203
vn 0.136405 0.849509 -0.509634
usemtl color_9
f 1//1 2//2 3//3
f 1//1 4//4 2//2
f 1//1 5//5 4//4
f 1//1 6//6 5//5
f 1//1 7//7 6//6
f 1//1 8//8 7//7
f 1//1 9//9 8//8
f 1//1 10//10 9//9
f 1//1 11//11 10//10
f 1//1 12//12 11//11
f 1//1 13//13 12//12
f 1//1 14//14 13//13
f 1//1 15//15 14//14
f 1//1 16//16 15//15
f 1//1 17//17 16//16
f 1//1 18//18 17//17
f 1//1 19//19 18//18
f 1//1 20//20 19//19
f 1//1 21//21 20//20
f 1//1 22//22 21//21
f 1//1 23//23 22//22
f 1//1 24//24 23//23
f 1//1 25//25 24//24
f 1//1 26//26 25//25
f 1//1 27//27 26//26
f 1//1 28//28 27//27
f 1//1 29//29 28//28
f 1//1 30//30 29//29
f 1//1 31//31 30//30
f 1//1 32//32 31//31
f 1//1 33//33 32//32
f 1//1 34//34 33//33
f 1//1 35//35 34//34
f 1//1 36//36 35//35
f 1//1 37//37 36//36
f 1//1 38//38 37//37
f 1//1 39//39 38//38
f 1//1 40//40 39//39
f 1//1 41//41 40//40
f 1//1 42//42 41//41
f 1//1 43//43 42//42
f 1//1 44//44 43//43
f 1//1 45//45 44//44
f 1//1 46//46 45//45
f 1//1 47//47 46//46
f 1//1 48//48 47//47
f 1//1 49//49 48//48
f 1//1 50//50 49//49
f 1//1 51//51 50//50
f 1//1 52//52 51//51
f 1//1 53//53 52//52
f 1//1 54//54 53//53
f 1//1 55//55 54//54
f 1//1 56//56 55//55
f 1//1 57//57 56//56
f 1//1 58//58 57//57
f 1//1 59//59 58//58
f 1//1 60//60 59//59
f 1//1 61//61 60//60
f 1//1 62//62 61//61
f 1//1 63//63 62//62
f 1//1 64//64 63//63
f 1//1 65//65 64//64
f 1//1 3//3 65//65
f 3//3 2//2 66//66
f 3//3 66//66 67//67
f 2//2 4//4 68//68
f 2//2 68//68 66//66
f 4//4 5//5 69//69
f 4//4 69//69 68//68
f 5//5 6//6 70//70
f 5//5 70//70 69//69
f 6//6 7//7 71//71
f 6//6 71//71 70//70
f 7//7 8//8 72//72
f 7//7 72//72 71//71
f 8//8 9//9 73//73
f 8//8 73//73 72//72
f 9//9 10//10 74//74
f 9//9 74//74 73//73
f 10//10 11//11 75//75
f 10//10 75//75 74//74
f 11//11 12//12 76//76
f 11//11 76//76 75//75
f 12//12 13//13 77//77
f 12//12 77//77 76//76
f 13//13 14//14 78//78
f 13//13 78//78 77//77
f 14//14 15//15 79//79
f 14//14 79//79 78//78
f 15//15 16//16 80//80
f 15//15 80//80 79//79
f 16//16 17//17 81//81
f 16//16 81//81 80//80
f 17//17 18//18 82//82
f 17//17 82//82 81//81
f 18//18 19//19 83//83
f 18//18 83//83 82//82
f 19//19 20//20 84//84
f 19//19 84//84 83//83
f 20//20 21//21 85//85
f 20//20 85//85 84//84
f 21//21 22//22 86//86
f 21//21 86//86 85//85
f 22//22 23//23 87//87
f 22//22 87//87 86//86
f 23//23 24//24 88//88
f 23//23 88//88 87//87
f 24//24 25//25 89//89
f 24//24 89//89 88//88
f 25//25 26//26 90//90
f 25//25 90//90 89//89
f 26//26 27//27 91//91
f 26//26 91//91 90//90
f 27//27 28//28 92//92
f 27//27 92//92 91//91
f 28//28 29//29 93//93
f 28//28 93//93 92//92
f 29//29 30//30 94//94
f 29//29 94//94 93//93
f 30//30 31//31 95//95
f 30//30 95//95 94//94
f 31//31 32//32 96//96
f 31//31 96//96 95//95
f 32//32 33//33 97//97
f 32//32 97//97 96//96
f 33//33 34//34 98//98
f 33//33 98//98 97//97
f 34//34 35//35 99//99
f 34//34 99//99 98//98
f 35//35 36//36 100//100
f 35//35 100//100 99//99
f 36//36 37//37 101//101
f 36//36 101//101 100//100
f 37//37 38//38 102//102
f 37//37 102//102 101//101
f 38//38 39//39 103//103
f 38//38 103//103 102//102
f 39//39 40//40 104//104
f 39//39 104//104 103//103
f 40//40 41//41 105//105
f 40//40 105//105 104//104
f 41//41 42//42 106//106
f 41//41 106//106 105//105
f 42//42 43//43 107//107
f 42//42 107//107 106//106
f 43//43 44//44 108//108
f 43//43 108//108 107//107
f 44//44 45//45 109//109
f 44//44 109//109 108//108
f 45//45 46//46 110//110
f 45//45 110//110 109//109
f 46//46 47//47 111//111
f 46//46 111//111 110//110
f 47//47 48//48 112//112
f 47//47 112//112 111//111
f 48//48 49//49 113//113
f 48//48 113//113 112//112
f 49//49 50//50 114//114
f 49//49 114//114 113//113
f 50//50 51//51 115//115
f 50//50 115//115 114//114
f 51//51 52//52 116//116
f 51//51 116//116 115//115
f 52//52 53//53 117//117
f 52//52 117//117 116//116
f 53//53 54//54 118//118
f 53//53 118//118 117//117
f 54//54 55//55 119//119
f 54//54 119//119 118//118
f 55//55 56//56 120//120
f 55//55 120//120 119//119
f 56//56 57//57 121//121
f 56//56 121//121 120//120
f 57//57 58//58 122//122
f 57//57 122//122 121//121
f 58//58 59//59 123//123
f 58//58 123//123 122//122
f 59//59 60//60 124//124
f 59//59 124//124 123//123
f 60//60 61//61 125//125
f 60//60 125//125 124//124
f 61//61 62//62 126//126
f 61//61 126//126 125//125
f 62//62 63//63 127//127
f 62//62 127//127 126//126
f 63//63 64//64 128//128
f 63//63 128//128 127//127
f 64//64 65//65 129//129
f 64//64 129//129 128//128
f 65//65 3//3 67//67
f 65//65 67//67 129//129
f 67//67 66//66 130//130
f 67//67 130//130 131//131
f 66//66 68//68 132//132
f 66//66 132//132 130//130
f 68//68 69//69 133//133
f 68//68 133//133 132//132
f 69//69 70//70 134//134
f 69//69 134//134 133//133
f 70//70 71//71 135//135
f 70//70 135//135 134//134
f 71//71 72//72 136//136
f 71//71 136//136 135//135
f 72//72 73//73 137//137
f 72//72 137//137 136//136
f 73//73 74//74 138//138
f 73//73 138//138 137//137
f 74//74 75//75 139//139
f 74//74 139//139 138//138
f 75//75 76//76 140//140
f 75//75 140//140 139//139
f 76//76 77//77 141//141
f 76//76 141//141 140//140
f 77//77 78//78 142//142
f 77//77 142//142 141//141
f 78//78 79//79 143//143
f 78//78 143//143 142//142
f 79//79 80//80 144//144
f 79//79 144//144 143//143
f 80//80 81//81 145//145
f 80//80 145//145 144//144
f 81//81 82//82 146//146
f 81//81 146//146 145//145
f 82//82 83//83 147//147
f 82//82 147//147 146//146
f 83//83 84//84 148//148
f 83//83 148//148 147//147
f 84//84 85//85 149//149
f 84//84 149//149 148//148
f 85//85 86//86 150//150
f 85//85 150//150 149//149
f 86//86 87//87 151//151
f 86//86 151//151 150//150
f 87//87 88//88 152//152
f 87//87 152//152 151//151
f 88//88 89//89 153//153
f 88//88 153//153 152//152
f 89//89 90//90 154//154
f 89//89 154//154 153//153
f 90//90 91//91 155//155
f 90//90 155//155 154//154
f 91//91 92//92 156//156
f 91//91 156//156 155//155
f 92//92 93//93 157//157
f 92//92 157//157 156//156
f 93//93 94//94 158//158
f 93//93 158//158 157//157
f 94//94 95//95 159//159
f 94//94 159//159 158//158
f 95//95 96//96 160//160
f 95//95 160//160 159//159
f 96//96 97//97 161//161
f 96//96 161//161 160//160
f 97//97 98//98 162//162
f 97//97 162//162 161//161
f 98//98 99//99 163//163
f 98//98 163//163 162//162
f 99//99 100//100 164//164
f 99//99 164//164 163//163
f 100//100 101//101 165//165
f 100//100 165//165 164//164
f 101//101 102//102 166//166
f 101//101 166//166 165//165
f 102//102 103//103 167//167
f 102//102 167//167 166//166
f 103//103 104//104 168//168
f 103//103 168//168 167//167
f 104//104 105//105 169//169
f 104//104 169//169 168//168
f 105//105 106//106 170//170
f 105//105 170//170 169//169
f 106//106 107//107 171//171
f 106//106 171//171 170//170
f 107//107 108//108 172//172
f 107//107 172//172 171//171
f 108//108 109//109 173//173
f 108//108 173//173 172//172
f 109//109 110//110 174//174
f 109//109 174//174 173//173
f 110//110 111//111 175//175
f 110//110 175//175 174//174
f 111//111 112//112 176//176
f 111//111 176//176 175//175
f 112//112 113//113 177//177
f 112//112 177//177 176//176
f 113//113 114//114 178//178
f 113//113 178//178 177//177
f 114//114 115//115 179//179
f 114//114 179//179 178//178
f 115//115 116//116 180//180
f 115//115 180//180 179//179
f 116//116 117//117 181//181
f 116//116 181//181 180//180
f 117//117 118//118 182//182
f 117//117 182//182 181//181
f 118//118 119//119 183//183
f 118//118 183//183 182//182
f 119//119 120//120 184//184
f 119//119 184//184 183//183
f 120//120 121//121 185//185
f 120//120 185//185 184//184
f 121//121 122//122 186//186
f 121//121 186//186 185//185
f 122//122 123//123 187//187
f 122//122 187//187 186//186
f 123//123 124//124 188//188
f 123//123 188//188 187//187
f 124//124 125//125 189//189
f 124//124 189//189 188//188
f 125//125 126//126 190//190
f 125//125 190//190 189//189
f 126//126 127//127 191//191
f 126//126 191//191 190//190
f 127//127 128//128 192//192
f 127//127 192//192 191//191
f 128//128 129//129 193//193
f 128//128 193//193 192//192
f 129//129 67//67 131//131
f 129//129 131//131 193//193
f 131//131 130//130 194//194
f 131//131 194//194 195//195
f 130//130 132//132 196//196
f 130//130 196//196 194//194
f 132//132 133//133 197//197
f 132//132 197//197 196//196
f 133//133 134//134 198//198
f 133//133 198//198 197//197
f 134//134 135//135 199//199
f 134//134 199//199 198//198
f 135//135 136//136 200//200
f 135//135 200//200 199//199
f 136//136 137//137 201//201
f 136//136 201//201 200//200
f 137//137 138//138 202//202
f 137//137 202//202 201//201
f 138//138 139//139 203//203
f 138//138 203//203 202//202
f 139//139 140//140 204//204
f 139//139 204//204 203//203
f 140//140 141//141 205//205
f 140//140 205//205 204//204
f 141//141 142//142 206//206
f 141//141 206//206 205//205
f 142//142 143//143 207//207
f 142//142 207//207 206//206
f 143//143 144//144 208//208
f 143//143 208//208 207//207
f 144//144 145//145 209//209
f 144//144 209//209 208//208
f 145//145 146//146 210//210
f 145//145 210//210 209//209
f 146//146 147//147 211//211
f 146//146 211//211 210//210
f 147//147 148//148 212//212
f 147//147 212//212 211//211
f 148//148 149//149 213//213
f 148//148 213//213 212//212
f 149//149 150//150 214//214
f 149//149 214//214 213//213
f 150//150 151//151 215//215
f 150//150 215//215 214//214
f 151//151 152//152 216//216
f 151//151 216//216 215//215
f 152//152 153//153 217//217
f 152//152 217//217 216//216
f 153//153 154//154 218//218
f 153//153 218//218 217//217
f 154//154 155//155 219//219
f 154//154 219//219 218//218
f 155//155 156//156 220//220
f 155//155 220//220 219//219
f 156//156 157//157 221//221
f 156//156 221//221 220//220
f 157//157 158//158 222//222
f 157//157 222//222 221//221
f 158//158 159//159 223//223
f 158//158 223//223 222//222
f 159//159 160//160 224//224
f 159//159 224//224 223//223
f 160//160 161//161 225//225
f 160//160 225//225 224//224
f 161//161 162//162 226//226
f 161//161 226//226 225//225
f 162//162 163//163 227//227
f 162//162 227//227 226//226
f 163//163 164//164 228//228
f 163//163 228//228 227//227
f 164//164 165//165 229//229
f 164//164 229//229 228//228
f 165//165 166//166 230//230
f 165//165 230//230 229//229
f 166//166 167//167 231//231
f 166//166 231//231 230//230
f 167//167 168//168 232//232
f 167//167 232//232 231//231
f 168//168 169//169 233//233
f 168//168 233//233 232//232
f 169//169 170//170 234//234
f 169//169 234//234 233//233
f 170//170 171//171 235//235
f 170//170 235//235 234//234
f 171//171 172//172 236//236
f 171//171 236//236 235//235
f 172//172 173//173 237//237
f 172//172 237//237 236//236
f 173//173 174//174 238//238
f 173//173 238//238 237//237
f 174//174 175//175 239//239
f 174//174 239//239 238//238
f 175//175 176//176 240//240
f 175//175 240//240 239//239
f 176//176 177//177 241//241
f 176//176 241//241 240//240
f 177//177 178//178 242//242
f 177//177 242//242 241//241
f 178//178 179//179 243//243
f 178//178 243//243 242//242
f 179//179 180//180 244//244
f 179//179 244//244 243//243
f 180//180 181//181 245//245
f 180//180 245//245 244//244
f 181//181 182//182 246//246
f 181//181 246//246 245//245
f 182//182 183//183 247//247
f 182//182 247//247 246//246
f 183//183 184//184 248//248
f 183//183 248//248 247//247
f 184//184 185//185 249//249
f 184//184 249//249 248//248
f 185//185 186//186 250//250
f 185//185 250//250 249//249
f 186//186 187//187 251//251
f 186//186 251//251 250//250
f 187//187 188//188 252//252
f 187//187 252//252 251//251
f 188//188 189//189 253//253
f 188//188 253//253 252//252
f 189//189 190//190 254//254
f 189//189 254//254 253//253
f 190//190 191//191 255//255
f 190//190 255//255 254//254
f 191//191 192//192 256//256
f 191//191 256//256 255//255
f 192//192 193//193 257//257
f 192//192 257//257 256//256
f 193//193 131//131 195//195
f 193//193 195//195 257//257
f 195//195 194//194 258//258
f 195//195 258//258 259//259
f 194//194 196//196 260//260
f 194//194 260//260 258//258
f 196//196 197//197 261//261
f 196//196 261//261 260//260
f 197//197 198//198 262//262
f 197//197 262//262 261//261
f 198//198 199//199 263//263
f 198//198 263//263 262//262
f 199//199 200//200 264//264
f 199//199 264//264 263//263
f 200//200 201//201 265//265
f 200//200 265//265 264//264
f 201//201 202//202 266//266
f 201//201 266//266 265//265
f 202//202 203//203 267//267
f 202//202 267//267 266//266
f 203//203 204//204 268//268
f 203//203 268//268 267//267
f 204//204 205//205 269//269
f 204//204 269//269 268//268
f 205//205 206//206 270//270
f 205//205 270//270 269//269
f 206//206 207//207 271//271
f 206//206 271//271 270//270
f 207//207 208//208 272//272
f 207//207 272//272 271//271
f 208//208 209//209 273//273
f 208//208 273//273 272//272
f 209//209 210//210 274//274
f 209//209 274//274 273//273
f 210//210 211//211 275//275
f 210//210 275//275 274//274
f 211//211 212//212 276//276
f 211//211 276//276 275//275
f 212//212 213//213 277//277
f 212//212 277//277 276//276
f 213//213 214//214 278//278
f 213//213 278//278 277//277
f 214//214 215//215 279//279
f 214//214 279//279 278//278
f 215//215 216//216 280//280
f 215//215 280//280 279//279
f 216//216 217//217 281//281
f 216//216 281//281 280//280
f 217//217 218//218 282//282
f 217//217 282//282 281//281
f 218//218 219//219 283//283
f 218//218 283//283 282//282
f 219//219 220//220 284//284
f 219//219 284//284 283//283
f 220//220 221//221 285//285
f 220//220 285//285 284//284
f 221//221 222//222 286//286
f 221//221 286//286 285//285
f 222//222 223//223 287//287
f 222//222 287//287 286//286
f 223//223 224//224 288//288
f 223//223 288//288 287//287
f 224//224 225//225 289//289
f 224//224 289//289 288//288
f 225//225 226//226 290//290
f 225//225 290//290 289//289
f 226//226 227//227 291//291
f 226//226 291//291 290//290
f 227//227 228//228 292//292
f 227//227 292//292 291//291
f 228//228 229//229 293//293
f 228//228 293//293 292//292
f 229//229 230//230 294//294
f 229//229 294//294 293//293
f 230//230 231//231 295//295
f 230//230 295//295 294//294
f 231//231 232//232 296//296
f 231//231 296//296 295//295
f 232//232 233//233 297//297
f 232//232 297//297 296//296
f 233//233 234//234 298//298
f 233//233 298//298 297//297
f 234//234 235//235 299//299
f 234//234 299//299 298//298
f 235//235 236//236 300//300
f 235//235 300//300 299//299
f 236//236 237//237 301//301
f 236//236 301//301 300//300
f 237//237 238//238 302//302
f 237//237 302//302 301//301
f 238//238 239//239 303//303
f 238//238 303//303 302//302
f 239//239 240//240 304//304
f 239//239 304//304 303//303
f 240//240 241//241 305//305
f 240//240 305//305 304//304
f 241//241 242//242 306//306
f 241//241 306//306 305//305
f 242//242 243//243 307//307
f 242//242 307//307 306//306
f 243//243 244//244 308//308
f 243//243 308//308 307//307
f 244//244 245//245 309//309
f 244//244 309//309 308//308
f 245//245 246//246 310//310
f 245//245 310//310 309//309
f 246//246 247//247 311//311
f 246//246 311//311 310//310
f 247//247 248//248 312//312
f 247//247 312//312 311//311
f 248//248 249//249 313//313
f 248//248 313//313 312//312
f 249//249 250//250 314//314
f 249//249 314//314 313//313
f 250//250 251//251 315//315
f 250//250 315//315 314//314
f 251//251 252//252 316//316
f 251//251 316//316 315//315
f 252//252 253//253 317//317
f 252//252 317//317 316//316
f 253//253 254//254 318//318
f 253//253 318//318 317//317
f 254//254 255//255 319//319
f 254//254 319//319 318//318
f 255//255 256//256 320//320
f 255//255 320//320 319//319
f 256//256 257//257 321//321
f 256//256 321//321 320//320
f 257//257 195//195 259//259
f 257//257 259//259 321//321
f 259//259 258//258 322//322
f 259//259 322//322 323//323
f 258//258 260//260 324//324
f 258//258 324//324 322//322
f 260//260 261//261 325//325
f 260//260 325//325 324//324
f 261//261 262//262 326//326
f 261//261 326//326 325//325
f 262//262 263//263 327//327
f 262//262 327//327 326//326
f 263//263 264//264 328//328
f 263//263 328//328 327//327
f 264//264 265//265 329//329
f 264//264 329//329 328//328
f 265//265 266//266 330//330
f 265//265 330//330 329//329
f 266//266 267//267 331//331
f 266//266 331//331 330//330
f 267//267 268//268 332//332
f 267//267 332//332 331//331
f 268//268 269//269 333//333
f 268//268 333//333 332//332
f 269//269 270//270 334//334
f 269//269 334//334 333//333
f 270//270 271//271 335//335
f 270//270 335//335 334//334
f 271//271 272//272 336//336
f 271//271 336//336 335//335
f 272//272 273//273 337//337
f 272//272 337//337 336//336
f 273//273 274//274 338//338
f 273//273 338//338 337//337
f 274//274 275//275 339//339
f 274//274 339//339 338//338
f 275//275 276//276 340//340
f 275//275 340//340 339//339
f 276//276 277//277 341//341
f 276//276 341//341 340//340
f 277//277 278//278 342//342
f 277//277 342//342 341//341
f 278//278 279//279 343//343
f 278//278 343//343 342//342
f 279//279 280//280 344//344
f 279//279 344//344 343//343
f 280//280 281//281 345//345
f 280//280 345//345 344//344
f 281//281 282//282 346//346
f 281//281 346//346 345//345
f 282//282 283//283 347//347
f 282//282 347//347 346//346
f 283//283 284//284 348//348
f 283//283 348//348 347//347
f 284//284 285//285 349//349
f 284//284 349//349 348//348
f 285//285 286//286 350//350
f 285//285 350//350 349//349
f 286//286 287//287 351//351
f 286//286 351//351 350//350
f 287//287 288//288 352//352
f 287//287 352//352 351//351
f 288//288 289//289 353//353
f 288//288 353//353 352//352
f 289//289 290//290 354//354
f 289//289 354//354 353//353
f 290//290 291//291 355//355
f 290//290 355//355 354//354
f 291//291 292//292 356//356
f 291//291 356//356 355//355
f 292//292 293//293 357//357
f 292//292 357//357 356//356
f 293//293 294//294 358//358
f 293//293 358//358 357//357
f 294//294 295//295 359//359
f 294//294 359//359 358//358
f 295//295 296//296 360//360
f 295//295 360//360 359//359
f 296//296 297//297 361//361
f 296//296 361//361 360//360
f 297//297 298//298 362//362
f 297//297 362//362 361//361
f 298//298 299//299 363//363
f 298//298 363//363 362//362
f 299//299 300//300 364//364
f 299//299 364//364 363//363
f 300//300 301//301 365//365
f 300//300 365//365 364//364
f 301//301 302//302 366//366
f 301//301 366//366 365//365
f 302//302 303//303 367//367
f 302//302 367//367 366//366
f 303//303 304//304 368//368
f 303//303 368//368 367//367
f 304//304 305//305 369//369
f 304//304 369//369 368//368
f 305//305 306//306 370//370
f 305//305 370//370 369//369
f 306//306 307//307 371//371
f 306//306 371//371 370//370
f 307//307 308//308 372//372
f 307//307 372//372 371//371
f 308//308 309//309 373//373
f 308//308 373//373 372//372
f 309//309 310//310 374//374
f 309//309 374//374 373//373
f 310//310 311//311 375//375
f 310//310 375//375 374//374
f 311//311 312//312 376//376
f 311//311 376//376 375//375
f 312//312 313//313 377//377
f 312//312 377//377 376//376
f 313//313 314//314 378//378
f 313//313 378//378 377//377
f 314//314 315//315 379//379
f 314//314 379//379 378//378
f 315//315 316//316 380//380
f 315//315 380//380 379//379
f 316//316 317//317 381//381
f 316//316 381//381 380//380
f 317//317 318//318 382//382
f 317//317 382//382 381//381
f 318//318 319//319 383//383
f 318//318 383//383 382//382
f 319//319 320//320 384//384
f 319//319 384//384 383//383
f 320//320 321//321 385//385
f 320//320 385//385 384//384
f 321//321 259//259 323//323
f 321//321 323//323 385//385
f 323//323 322//322 386//386
f 323//323 386//386 387//387
f 322//322 324//324 388//388
f 322//322 388//388 386//386
f 324//324 325//325 389//389
f 324//324 389//389 388//388
f 325//325 326//326 390//390
f 325//325 390//390 389//389
f 326//326 327//327 391//391
f 326//326 391//391 390//390
f 327//327 328//328 392//392
f 327//327 392//392 391//391
f 328//328 329//329 393//393
f 328//328 393//393 392//392
f 329//329 330//330 394//394
f 329//329 394//394 393//393
f 330//330 331//331 395//395
f 330//330 395//395 394//394
f 331//331 332//332 396//396
f 331//331 396//396 395//395
f 332//332 333//333 397//397
f 332//332 397//397 396//396
f 333//333 334//334 398//398
f 333//333 398//398 397//397
f 334//334 335//335 399//399
f 334//334 399//399 398//398
f 335//335 336//336 400//400
f 335//335 400//400 399//399
f 336//336 337//337 401//401
f 336//336 401//401 400//400
f 337//337 338//338 402//402
f 337//337 402//402 401//401
f 338//338 339//339 403//403
f 338//338 403//403 402//402
f 339//339 340//340 404//404
f 339//339 404//404 403//403
f 340//340 341//341 405//405
f 340//340 405//405 404//404
f 341//341 342//342 406//406
f 341//341 406//406 405//405
f 342//342 343//343 407//407
f 342//342 407//407 406//406
f 343//343 344//344 408//408
f 343//343 408//408 407//407
f 344//344 345//345 409//409
f 344//344 409//409 408//408
f 345//345 346//346 410//410
f 345//345 410//410 409//409
f 346//346 347//347 411//411
f 346//346 411//411 410//410
f 347//347 348//348 412//412
f 347//347 412//412 411//411
f 348//348 349//349 413//413
f 348//348 413//413 412//412
f 349//349 350//350 414//414
f 349//349 414//414 413//413
f 350//350 351//351 415//415
f 350//350 415//415 414//414
f 351//351 352//352 416//416
f 351//351 416//416 415//415
f 352//352 353//353 417//417
f 352//352 417//417 416//416
f 353//353 354//354 418//418
f 353//353 418//418 417//417
f 354//354 355//355 419//419
f 354//354 419//419 418//418
f 355//355 356//356 420//420
f 355//355 420//420 419//419
f 356//356 357//357 421//421
f 356//356 421//421 420//420
f 357//357 358//358 422//422
f 357//357 422//422 421//421
f 358//358 359//359 423//423
f 358//358 423//423 422//422
f 359//359 360//360 424//424
f 359//359 424//424 423//423
f 360//360 361//361 425//425
f 360//360 425//425 424//424
f 361//361 362//362 426//426
f 361//361 426//426 425//425
f 362//362 363//363 427//427
f 362//362 427//427 426//426
f 363//363 364//364 428//428
f 363//363 428//428 427//427
f 364//364 365//365 429//429
f 364//364 429//429 428//428
f 365//365 366//366 430//430
f 365//365 430//430 429//429
f 366//366 367//367 431//431
f 366//366 431//431 430//430
f 367//367 368//368 432//432
f 367//367 432//432 431//431
f 368//368 369//369 433//433
f 368//368 433//433 432//432
f 369//369 370//370 434//434
f 369//369 434//434 433//433
f 370//370 371//371 435//435
f 370//370 435//435 434//434
f 371//371 372//372 436//436
f 371//371 436//436 435//435
f 372//372 373//373 437//437
f 372//372 437//437 436//436
f 373//373 374//374 438//438
f 373//373 438//438 437//437
f 374//374 375//375 439//439
f 374//374 439//439 438//438
f 375//375 376//376 440//440
f 375//375 440//440 439//439
f 376//376 377//377 441//441
f 376//376 441//441 440//440
f 377//377 378//378 442//442
f 377//377 442//442 441//441
f 378//378 379//379 443//443
f 378//378 443//443 442//442
f 379//379 380//380 444//444
f 379//379 444//444 443//443
f 380//380 381//381 445//445
f 380//380 445//445 444//444
f 381//381 382//382 446//446
f 381//381 446//446 445//445
f 382//382 383//383 447//447
f 382//382 447//447 446//446
f 383//383 384//384 448//448
f 383//383 448//448 447//447
f 384//384 385//385 449//449
f 384//384 449//449 448//448
f 385//385 323//323 387//387
f 385//385 387//387 449//449
f 387//387 386//386 450//450
f 387//387 450//450 451//451
f 386//386 388//388 452//452
f 386//386 452//452 450//450
f 388//388 389//389 453//453
f 388//388 453//453 452//452
f 389//389 390//390 454//454
f 389//389 454//454 453//453
f 390//390 391//391 455//455
f 390//390 455//455 454//454
f 391//391 392//392 456//456
f 391//391 456//456 455//455
f 392//392 393//393 457//457
f 392//392 457//457 456//456
f 393//393 394//394 458//458
f 393//393 458//458 457//457
f 394//394 395//395 459//459
f 394//394 459//459 458//458
f 395//395 396//396 460//460
f 395//395 460//460 459//459
f 396//396 397//397 461//461
f 396//396 461//461 460//460
f 397//397 398//398 462//462
f 397//397 462//462 461//461
f 398//398 399//399 463//463
f 398//398 463//463 462//462
f 399//399 400//400 464//464
f 399//399 464//464 463//463
f 400//400 401//401 465//465
f 400//400 465//465 464//464
f 401//401 402//402 466//466
f 401//401 466//466 465//465
f 402//402 403//403 467//467
f 402//402 467//467 466//466
f 403//403 404//404 468//468
f 403//403 468//468 467//467
f 404//404 405//405 469//469
f 404//404 469//469 468//468
f 405//405 406//406 470//470
f 405//405 470//470 469//469
f 406//406 407//407 471//471
f 406//406 471//471 470//470
f 407//407 408//408 472//472
f 407//407 472//472 471//471
f 408//408 409//409 473//473
f 408//408 473//473 472//472
f 409//409 410//410 474//474
f 409//409 474//474 473//473
f 410//410 411//411 475//475
f 410//410 475//475 474//474
f 411//411 412//412 476//476
f 411//411 476//476 475//475
f 412//412 413//413 477//477
f 412//412 477//477 476//476
f 413//413 414//414 478//478
f 413//413 478//478 477//477
f 414//414 415//415 479//479
f 414//414 479//479 478//478
f 415//415 416//416 480//480
f 415//415 480//480 479//479
f 416//416 417//417 481//481
f 416//416 481//481 480//480
f 417//417 418//418 482//482
f 417//417 482//482 481//481
f 418//418 419//419 483//483
f 418//418 483//483 482//482
f 419//419 420//420 484//484
f 419//419 484//484 483//483
f 420//420 421//421 485//485
f 420//420 485//485 484//484
f 421//421 422//422 486//486
f 421//421 486//486 485//485
f 422//422 423//423 487//487
f 422//422 487//487 486//486
f 423//423 424//424 488//488
f 423//423 488//488 487//487
f 424//424 425//425 489//489
f 424//424 489//489 488//488
f 425//425 426//426 490//490
f 425//425 490//490 489//489
f 426//426 427//427 491//491
f 426//426 491//491 490//490
f 427//427 428//428 492//492
f 427//427 492//492 491//491
f 428//428 429//429 493//493
f 428//428 493//493 492//492
f 429//429 430//430 494//494
f 429//429 494//494 493//493
f 430//430 431//431 495//495
f 430//430 495//495 494//494
f 431//431 432//432 496//496
f 431//431 496//496 495//495
f 432//432 433//433 497//497
f 432//432 497//497 496//496
f 433//433 434//434 498//498
f 433//433 498//498 497//497
f 434//434 435//435 499//499
f 434//434 499//499 498//498
f 435//435 436//436 500//500
f 435//435 500//500 499//499
f 436//436 437//437 501//501
f 436//436 501//501 500//500
f 437//437 438//438 502//502
f 437//437 502//502 501//501
f 438//438 439//439 503//503
f 438//438 503//503 502//502
f 439//439 440//440 504//504
f 439//439 504//504 503//503
f 440//440 441//441 505//505
f 440//440 505//505 504//504
f 441//441 442//442 506//506
f 441//441 506//506 505//505
f 442//442 443//443 507//507
f 442//442 507//507 506//506
f 443//443 444//444 508//508
f 443//443 508//508 507//507
f 444//444 445//445 509//509
f 444//444 509//509 508//508
f 445//445 446//446 510//510
f 445//445 510//510 509//509
f 446//446 447//447 511//511
f 446//446 511//511 510//510
f 447//447 448//448 512//512
f 447//447 512//512 511//511
f 448//448 449//449 513//513
f 448//448 513//513 512//512
f 449//449 387//387 451//451
f 449//449 451//451 513//513
f 451//451 450//450 514//514
f 451//451 514//514 515//515
f 450//450 452//452 516//516
f 450//450 516//516 514//514
f 452//452 453//453 517//517
f 452//452 517//517 516//516
f 453//453 454//454 518//518
f 453//453 518//518 517//517
f 454//454 455//455 519//519
f 454//454 519//519 518//518
f 455//455 456//456 520//520
f 455//455 520//520 519//519
f 456//456 457//457 521//521
f 456//456 521//521 520//520
f 457//457 458//458 522//522
f 457//457 522//522 521//521
f 458//458 459//459 523//523
f 458//458 523//523 522//522
f 459//459 460//460 524//524
f 459//459 524//524 523//523
f 460//460 461//461 525//525
f 460//460 525//525 524//524
f 461//461 462//462 526//526
f 461//461 526//526 525//525
f 462//462 463//463 527//527
f 462//462 527//527 526//526
f 463//463 464//464 528//528
f 463//463 528//528 527//527
f 464//464 465//465 529//529
f 464//464 529//529 528//528
f 465//465 466//466 530//530
f 465//465 530//530 529//529
f 466//466 467//467 531//531
f 466//466 531//531 530//530
f 467//467 468//468 532//532
f 467//467 532//532 531//531
f 468//468 469//469 533//533
f 468//468 533//533 532//532
f 469//469 470//470 534//534
f 469//469 534//534 533//533
f 470//470 471//471 535//535
f 470//470 535//535 534//534
f 471//471 472//472 536//536
f 471//471 536//536 535//535
f 472//472 473//473 537//537
f 472//472 537//537 536//536
f 473//473 474//474 538//538
f 473//473 538//538 537//537
f 474//474 475//475 539//539
f 474//474 539//539 538//538
f 475//475 476//476 540//540
f 475//475 540//540 539//539
f 476//476 477//477 541//541
f 476//476 541//541 540//540
f 477//477 478//478 542//542
f 477//477 542//542 541//541
f 478//478 479//479 543//543
f 478//478 543//543 542//542
f 479//479 480//480 544//544
f 479//479 544//544 543//543
f 480//480 481//481 545//545
f 480//480 545//545 544//544
f 481//481 482//482 546//546
f 481//481 546//546 545//545
f 482//482 483//483 547//547
f 482//482 547//547 546//546
f 483//483 484//484 548//548
f 483//483 548//548 547//547
f 484//484 485//485 549//549
f 484//484 549//549 548//548
f 485//485 486//486 550//550
f 485//485 550//550 549//549
f 486//486 487//487 551//551
f 486//486 551//551 550//550
f 487//487 488//488 552//552
f 487//487 552//552 551//551
f 488//488 489//489 553//553
f 488//488 553//553 552//552
f 489//489 490//490 554//554
f 489//489 554//554 553//553
f 490//490 491//491 555//555
f 490//490 555//555 554//554
f 491//491 492//492 556//556
f 491//491 556//556 555//555
f 492//492 493//493 557//557
f 492//492 557//557 556//556
f 493//493 494//494 558//558
f 493//493 558//558 557//557
f 494//494 495//495 559//559
f 494//494 559//559 558//558
f 495//495 496//496 560//560
f 495//495 560//560 559//559
f 496//496 497//497 561//561
f 496//496 561//561 560//560
f 497//497 498//498 562//562
f 497//497 562//562 561//561
f 498//498 499//499 563//563
f 498//498 563//563 562//562
f 499//499 500//500 564//564
f 499//499 564//564 563//563
f 500//500 501//501 565//565
f 500//500 565//565 564//564
f 501//501 502//502 566//566
f 501//501 566//566 565//565
f 502//502 503//503 567//567
f 502//502 567//567 566//566
f 503//503 504//504 568//568
f 503//503 568//568 567//567
f 504//504 505//505 569//569
f 504//504 569//569 568//568
f 505//505 506//506 570//570
f 505//505 570//570 569//569
f 506//506 507//507 571//571
f 506//506 571//571 570//570
f 507//507 508//508 572//572
f 507//507 572//572 571//571
f 508//508 509//509 573//573
f 508//508 573//573 572//572
f 509//509 510//510 574//574
f 509//509 574//574 573//573
f 510//510 511//511 575//575
f 510//510 575//575 574//574
f 511//511 512//512 576//576
f 511//511 576//576 575//575
f 512//512 513//513 577//577
f 512//512 577//577 576//576
f 513//513 451//451 515//515
f 513//513 515//515 577//577
f 515//515 514//514 578//578
f 515//515 578//578 579//579
f 514//514 516//516 580//580
f 514//514 580//580 578//578
f 516//516 517//517 581//581
f 516//516 581//581 580//580
f 517//517 518//518 582//582
f 517//517 582//582 581//581
f 518//518 519//519 583//583
f 518//518 583//583 582//582
f 519//519 520//520 584//584
f 519//519 584//584 583//583
f 520//520 521//521 585//585
f 520//520 585//585 584//584
f 521//521 522//522 586//586
f 521//521 586//586 585//585
f 522//522 523//523 587//587
f 522//522 587//587 586//586
f 523//523 524//524 588//588
f 523//523 588//588 587//587
f 524//524 525//525 589//589
f 524//524 589//589 588//588
f 525//525 526//526 590//590
f 525//525 590//590 589//589
f 526//526 527//527 591//591
f 526//526 591//591 590//590
f 527//527 528//528 592//592
f 527//527 592//592 591//591
f 528//528 529//529 593//593
f 528//528 593//593 592//592
f 529//529 530//530 594//594
f 529//529 594//594 593//593
f 530//530 531//531 595//595
f 530//530 595//595 594//594
f 531//531 532//532 596//596
f 531//531 596//596 595//595
f 532//532 533//533 597//597
f 532//532 597//597 596//596
f 533//533 534//534 598//598
f 533//533 598//598 597//597
f 534//534 535//535 599//599
f 534//534 599//599 598//598
f 535//535 536//536 600//600
f 535//535 600//600 599//599
f 536//536 537//537 601//601
f 536//536 601//601 600//600
f 537//537 538//538 602//602
f 537//537 602//602 601//601
f 538//538 539//539 603//603
f 538//538 603//603 602//602
f 539//539 540//540 604//604
f 539//539 604//604 603//603
f 540//540 541//541 605//605
f 540//540 605//605 604//604
f 541//541 542//542 606//606
f 541//541 606//606 605//605
f 542//542 543//543 607//607
f 542//542 607//607 606//606
f 543//543 544//544 608//608
f 543//543 608//608 607//607
f 544//544 545//545 609//609
f 544//544 609//609 608//608
f 545//545 546//546 610//610
f 545//545 610//610 609//609
f 546//546 547//547 611//611
f 546//546 611//611 610//610
f 547//547 548//548 612//612
f 547//547 612//612 611//611
f 548//548 549//549 613//613
f 548//548 613//613 612//612
f 549//549 550//550 614//614
f 549//549 614//614 613//613
f 550//550 551//551 615//615
f 550//550 615//615 614//614
f 551//551 552//552 616//616
f 551//551 616//616 615//615
f 552//552 553//553 617//617
f 552//552 617//617 616//616
f 553//553 554//554 618//618
f 553//553 618//618 617//617
f 554//554 555//555 619//619
f 554//554 619//619 618//618
f 555//555 556//556 620//620
f 555//555 620//620 619//619
f 556//556 557//557 621//621
f 556//556 621//621 620//620
f 557//557 558//558 622//622
f 557//557 622//622 621//621
f 558//558 559//559 623//623
f 558//558 623//623 622//622
f 559//559 560//560 624//624
f 559//559 624//624 623//623
f 560//560 561//561 625//625
f 560//560 625//625 624//624
f 561//561 562//562 626//626
f 561//561 626//626 625//625
f 562//562 563//563 627//627
f 562//562 627//627 626//626
f 563//563 564//564 628//628
f 563//563 628//628 627//627
f 564//564 565//565 629//629
f 564//564 629//629 628//628
f 565//565 566//566 630//630
f 565//565 630//630 629//629
f 566//566 567//567 631//631
f 566//566 631//631 630//630
f 567//567 568//568 632//632
f 567//567 632//632 631//631
f 568//568 569//569 633//633
f 568//568 633//633 632//632
f 569//569 570//570 634//634
f 569//569 634//634 633//633
f 570//570 571//571 635//635
f 570//570 635//635 634//634
f 571//571 572//572 636//636
f 571//571 636//636 635//635
f 572//572 573//573 637//637
f 572//572 637//637 636//636
f 573//573 574//574 638//638
f 573//573 638//638 637//637
f 574//574 575//575 639//639
f 574//574 639//639 638//638
f 575//575 576//576 640//640
f 575//575 640//640 639//639
f 576//576 577//577 641//641
f 576//576 641//641 640//640
f 577//577 515//515 579//579
f 577//577 579//579 641//641
f 579//579 578//578 642//642
f 579//579 642//642 643//643
f 578//578 580//580 644//644
f 578//578 644//644 642//642
f 580//580 581//581 645//645
f 580//580 645//645 644//644
f 581//581 582//582 646//646
f 581//581 646//646 645//645
f 582//582 583//583 647//647
f 582//582 647//647 646//646
f 583//583 584//584 648//648
f 583//583 648//648 647//647
f 584//584 585//585 649//649
f 584//584 649//649 648//648
f 585//585 586//586 650//650
f 585//585 650//650 649//649
f 586//586 587//587 651//651
f 586//586 651//651 650//650
f 587//587 588//588 652//652
f 587//587 652//652 651//651
f 588//588 589//589 653//653
f 588//588 653//653 652//652
f 589//589 590//590 654//654
f 589//589 654//654 653//653
f 590//590 591//591 655//655
f 590//590 655//655 654//654
f 591//591 592//592 656//656
f 591//591 656//656 655//655
f 592//592 593//593 657//657
f 592//592 657//657 656//656
f 593//593 594//594 658//658
f 593//593 658//658 657//657
f 594//594 595//595 659//659
f 594//594 659//659 658//658
f 595//595 596//596 660//660
f 595//595 660//660 659//659
f 596//596 597//597 661//661
f 596//596 661//661 660//660
f 597//597 598//598 662//662
f 597//597 662//662 661//661
f 598//598 599//599 663//663
f 598//598 663//663 662//662
f 599//599 600//600 664//664
f 599//599 664//664 663//663
f 600//600 601//601 665//665
f 600//600 665//665 664//664
f 601//601 602//602 666//666
f 601//601 666//666 665//665
f 602//602 603//603 667//667
f 602//602 667//667 666//666
f 603//603 604//604 668//668
f 603//603 668//668 667//667
f 604//604 605//605 669//669
f 604//604 669//669 668//668
f 605//605 606//606 670//670
f 605//605 670//670 669//669
f 606//606 607//607 671//671
f 606//606 671//671 670//670
f 607//607 608//608 672//672
f 607//607 672//672 671//671
f 608//608 609//609 673//673
f 608//608 673//673 672//672
f 609//609 610//610 674//674
f 609//609 674//674 673//673
f 610//610 611//611 675//675
f 610//610 675//675 674//674
f 611//611 612//612 676//676
f 611//611 676//676 675//675
f 612//612 613//613 677//677
f 612//612 677//677 676//676
f 613//613 614//614 678//678
f 613//613 678//678 677//677
f 614//614 615//615 679//679
f 614//614 679//679 678//678
f 615//615 616//616 680//680
f 615//615 680//680 679//679
f 616//616 617//617 681//681
f 616//616 681//681 680//680
f 617//617 618//618 682//682
f 617//617 682//682 681//681
f 618//618 619//619 683//683
f 618//618 683//683 682//682
f 619//619 620//620 684//684
f 619//619 684//684 683//683
f 620//620 621//621 685//685
f 620//620 685//685 684//684
f 621//621 622//622 686//686
f 621//621 686//686 685//685
f 622//622 623//623 687//687
f 622//622 687//687 686//686
f 623//623 624//624 688//688
f 623//623 688//688 687//687
f 624//624 625//625 689//689
f 624//624 689//689 688//688
f 625//625 626//626 690//690
f 625//625 690//690 689//689
f 626//626 627//627 691//691
f 626//626 691//691 690//690
f 627//627 628//628 692//692
f 627//627 692//692 691//691
f 628//628 629//629 693//693
f 628//628 693//693 692//692
f 629//629 630//630 694//694
f 629//629 694//694 693//693
f 630//630 631//631 695//695
f 630//630 695//695 694//694
f 631//631 632//632 696//696
f 631//631 696//696 695//695
f 632//632 633//633 697//697
f 632//632 697//697 696//696
f 633//633 634//634 698//698
f 633//633 698//698 697//697
f 634//634 635//635 699//699
f 634//634 699//699 698//698
f 635//635 636//636 700//700
f 635//635 700//700 699//699
f 636//636 637//637 701//701
f 636//636 701//701 700//700
f 637//637 638//638 702//702
f 637//637 702//702 701//701
f 638//638 639//639 703//703
f 638//638 703//703 702//702
f 639//639 640//640 704//704
f 639//639 704//704 703//703
f 640//640 641//641 705//705
f 640//640 705//705 704//704
f 641//641 579//579 643//643
f 641//641 643//643 705//705
f 643//643 642//642 706//706
f 643//643 706//706 707//707
f 642//642 644//644 708//708
f 642//642 708//708 706//706
f 644//644 645//645 709//709
f 644//644 709//709 708//708
f 645//645 646//646 710//710
f 645//645 710//710 709//709
f 646//646 647//647 711//711
f 646//646 711//711 710//710
f 647//647 648//648 712//712
f 647//647 712//712 711//711
f 648//648 649//649 713//713
f 648//648 713//713 712//712
f 649//649 650//650 714//714
f 649//649 714//714 713//713
f 650//650 651//651 715//715
f 650//650 715//715 714//714
f 651//651 652//652 716//716
f 651//651 716//716 715//715
f 652//652 653//653 717//717
f 652//652 717//717 716//716
f 653//653 654//654 718//718
f 653//653 718//718 717//717
f 654//654 655//655 719//719
f 654//654 719//719 718//718
f 655//655 656//656 720//720
f 655//655 720//720 719//719
f 656//656 657//657 721//721
f 656//656 721//721 720//720
f 657//657 658//658 722//722
f 657//657 722//722 721//721
f 658//658 659//659 723//723
f 658//658 723//723 722//722
f 659//659 660//660 724//724
f 659//659 724//724 723//723
f 660//660 661//661 725//725
f 660//660 725//725 724//724
f 661//661 662//662 726//726
f 661//661 726//726 725//725
f 662//662 663//663 727//727
f 662//662 727//727 726//726
f 663//663 664//664 728//728
f 663//663 728//728 727//727
f 664//664 665//665 729//729
f 664//664 729//729 728//728
f 665//665 666//666 730//730
f 665//665 730//730 729//729
f 666//666 667//667 731//731
f 666//666 731//731 730//730
f 667//667 668//668 732//732
f 667//667 732//732 731//731
f 668//668 669//669 733//733
f 668//668 733//733 732//732
f 669//669 670//670 734//734
f 669//669 734//734 733//733
f 670//670 671//671 735//735
f 670//670 735//735 734//734
f 671//671 672//672 736//736
f 671//671 736//736 735//735
f 672//672 673//673 737//737
f 672//672 737//737 736//736
f 673//673 674//674 738//738
f 673//673 738//738 737//737
f 674//674 675//675 739//739
f 674//674 739//739 738//738
f 675//675 676//676 740//740
f 675//675 740//740 739//739
f 676//676 677//677 741//741
f 676//676 741//741 740//740
f 677//677 678//678 742//742
f 677//677 742//742 741//741
f 678//678 679//679 743//743
f 678//678 743//743 742//742
f 679//679 680//680 744//744
f 679//679 744//744 743//743
f 680//680 681//681 745//745
f 680//680 745//745 744//744
f 681//681 682//682 746//746
f 681//681 746//746 745//745
f 682//682 683//683 747//747
f 682//682 747//747 746//746
f 683//683 684//684 748//748
f 683//683 748//748 747//747
f 684//684 685//685 749//749
f 684//684 749//749 748//748
f 685//685 686//686 750//750
f 685//685 750//750 749//749
f 686//686 687//687 751//751
f 686//686 751//751 750//750
f 687//687 688//688 752//752
f 687//687 752//752 751//751
f 688//688 689//689 753//753
f 688//688 753//753 752//752
f 689//689 690//690 754//754
f 689//689 754//754 753//753
f 690//690 691//691 755//755
f 690//690 755//755 754//754
f 691//691 692//692 756//756
f 691//691 756//756 755//755
f 692//692 693//693 757//757
f 692//692 757//757 756//756
f 693//693 694//694 758//758
f 693//693 758//758 757//757
f 694//694 695//695 759//759
f 694//694 759//759 758//758
f 695//695 696//696 760//760
f 695//695 760//760 759//759
f 696//696 697//697 761//761
f 696//696 761//761 760//760
f 697//697 698//698 762//762
f 697//697 762//762 761//761
f 698//698 699//699 763//763
f 698//698 763//763 762//762
f 699//699 700//700 764//764
f 699//699 764//764 763//763
f 700//700 701//701 765//765
f 700//700 765//765 764//764
f 701//701 702//702 766//766
f 701//701 766//766 765//765
f 702//702 703//703 767//767
f 702//702 767//767 766//766
f 703//703 704//704 768//768
f 703//703 768//768 767//767
f 704//704 705//705 769//769
f 704//704 769//769 768//768
f 705//705 643//643 707//707
f 705//705 707//707 769//769
f 707//707 706//706 770//770
f 707//707 770//770 771//771
f 706//706 708//708 772//772
f 706//706 772//772 770//770
f 708//708 709//709 773//773
f 708//708 773//773 772//772
f 709//709 710//710 774//774
f 709//709 774//774 773//773
f 710//710 711//711 775//775
f 710//710 775//775 774//774
f 711//711 712//712 776//776
f 711//711 776//776 775//775
f 712//712 713//713 777//777
f 712//712 777//777 776//776
f 713//713 714//714 778//778
f 713//713 778//778 777//777
f 714//714 715//715 779//779
f 714//714 779//779 778//778
f 715//715 716//716 780//780
f 715//715 780//780 779//779
f 716//716 717//717 781//781
f 716//716 781//781 780//780
f 717//717 718//718 782//782
f 717//717 782//782 781//781
f 718//718 719//719 783//783
f 718//718 783//783 782//782
f 719//719 720//720 784//784
f 719//719 784//784 783//783
f 720//720 721//721 785//785
f 720//720 785//785 784//784
f 721//721 722//722 786//786
f 721//721 786//786 785//785
f 722//722 723//723 787//787
f 722//722 787//787 786//786
f 723//723 724//724 788//788
f 723//723 788//788 787//787
f 724//724 725//725 789//789
f 724//724 789//789 788//788
f 725//725 726//726 790//790
f 725//725 790//790 789//789
f 726//726 727//727 791//791
f 726//726 791//791 790//790
f 727//727 728//728 792//792
f 727//727 792//792 791//791
f 728//728 729//729 793//793
f 728//728 793//793 792//792
f 729//729 730//730 794//794
f 729//729 794//794 793//793
f 730//730 731//731 795//795
f 730//730 795//795 794//794
f 731//731 732//732 796//796
f 731//731 796//796 795//795
f 732//732 733//733 797//797
f 732//732 797//797 796//796
f 733//733 734//734 798//798
f 733//733 798//798 797//797
f 734//734 735//735 799//799
f 734//734 799//799 798//798
f 735//735 736//736 800//800
f 735//735 800//800 799//799
f 736//736 737//737 801//801
f 736//736 801//801 800//800
f 737//737 738//738 802//802
f 737//737 802//802 801//801
f 738//738 739//739 803//803
f 738//738 803//803 802//802
f 739//739 740//740 804//804
f 739//739 804//804 803//803
f 740//740 741//741 805//805
f 740//740 805//805 804//804
f 741//741 742//742 806//806
f 741//741 806//806 805//805
f 742//742 743//743 807//807
f 742//742 807//807 806//806
f 743//743 744//744 808//808
f 743//743 808//808 807//807
f 744//744 745//745 809//809
f 744//744 809//809 808//808
f 745//745 746//746 810//810
f 745//745 810//810 809//809
f 746//746 747//747 811//811
f 746//746 811//811 810//810
f 747//747 748//748 812//812
f 747//747 812//812 811//811
f 748//748 749//749 813//813
f 748//748 813//813 812//812
f 749//749 750//750 814//814
f 749//749 814//814 813//813
f 750//750 751//751 815//815
f 750//750 815//815 814//814
f 751//751 752//752 816//816
f 751//751 816//816 815//815
f 752//752 753//753 817//817
f 752//752 817//817 816//816
f 753//753 754//754 818//818
f 753//753 818//818 817//817
f 754//754 755//755 819//819
f 754//754 819//819 818//818
f 755//755 756//756 820//820
f 755//755 820//820 819//819
f 756//756 757//757 821//821
f 756//756 821//821 820//820
f 757//757 758//758 822//822
f 757//757 822//822 821//821
f 758//758 759//759 823//823
f 758//758 823//823 822//822
f 759//759 760//760 824//824
f 759//759 824//824 823//823
f 760//760 761//761 825//825
f 760//760 825//825 824//824
f 761//761 762//762 826//826
f 761//761 826//826 825//825
f 762//762 763//763 827//827
f 762//762 827//827 826//826
f 763//763 764//764 828//828
f 763//763 828//828 827//827
f 764//764 765//765 829//829
f 764//764 829//829 828//828
f 765//765 766//766 830//830
f 765//765 830//830 829//829
f 766//766 767//767 831//831
f 766//766 831//831 830//830
f 767//767 768//768 832//832
f 767//767 832//832 831//831
f 768//768 769//769 833//833
f 768//768 833//833 832//832
f 769//769 707//707 771//771
f 769//769 771//771 833//833
f 771//771 770//770 834//834
f 771//771 834//834 835//835
f 770//770 772//772 836//836
f 770//770 836//836 834//834
f 772//772 773//773 837//837
f 772//772 837//837 836//836
f 773//773 774//774 838//838
f 773//773 838//838 837//837
f 774//774 775//775 839//839
f 774//774 839//839 838//838
f 775//775 776//776 840//840
f 775//775 840//840 839//839
f 776//776 777//777 841//841
f 776//776 841//841 840//840
f 777//777 778//778 842//842
f 777//777 842//842 841//841
f 778//778 779//779 843//843
f 778//778 843//843 842//842
f 779//779 780//780 844//844
f 779//779 844//844 843//843
f 780//780 781//781 845//845
f 780//780 845//845 844//844
f 781//781 782//782 846//846
f 781//781 846//846 845//845
f 782//782 783//783 847//847
f 782//782 847//847 846//846
f 783//783 784//784 848//848
f 783//783 848//848 847//847
f 784//784 785//785 849//849
f 784//784 849//849 848//848
f 785//785 786//786 850//850
f 785//785 850//850 849//849
f 786//786 787//787 851//851
f 786//786 851//851 850//850
f 787//787 788//788 852//852
f 787//787 852//852 851//851
f 788//788 789//789 853//853
f 788//788 853//853 852//852
f 789//789 790//790 854//854
f 789//789 854//854 853//853
f 790//790 791//791 855//855
f 790//790 855//855 854//854
f 791//791 792//792 856//856
f 791//791 856//856 855//855
f 792//792 793//793 857//857
f 792//792 857//857 856//856
f 793//793 794//794 858//858
f 793//793 858//858 857//857
f 794//794 795//795 859//859
f 794//794 859//859 858//858
f 795//795 796//796 860//860
f 795//795 860//860 859//859
f 796//796 797//797 861//861
f 796//796 861//861 860//860
f 797//797 798//798 862//862
f 797//797 862//862 861//861
f 798//798 799//799 863//863
f 798//798 863//863 862//862
f 799//799 800//800 864//864
f 799//799 864//864 863//863
f 800//800 801//801 865//865
f 800//800 865//865 864//864
f 801//801 802//802 866//866
f 801//801 866//866 865//865
f 802//802 803//803 867//867
f 802//802 867//867 866//866
f 803//803 804//804 868//868
f 803//803 868//868 867//867
f 804//804 805//805 869//869
f 804//804 869//869 868//868
f 805//805 806//806 870//870
f 805//805 870//870 869//869
f 806//806 807//807 871//871
f 806//806 871//871 870//870
f 807//807 808//808 872//872
f 807//807 872//872 871//871
f 808//808 809//809 873//873
f 808//808 873//873 872//872
f 809//809 810//810 874//874
f 809//809 874//874 873//873
f 810//810 811//811 875//875
f 810//810 875//875 874//874
f 811//811 812//812 876//876
f 811//811 876//876 875//875
f 812//812 813//813 877//877
f 812//812 877//877 876//876
f 813//813 814//814 878//878
f 813//813 878//878 877//877
f 814//814 815//815 879//879
f 814//814 879//879 878//878
f 815//815 816//816 880//880
f 815//815 880//880 879//879
f 816//816 817//817 881//881
f 816//816 881//881 880//880
f 817//817 818//818 882//882
f 817//817 882//882 881//881
f 818//818 819//819 883//883
f 818//818 883//883 882//882
f 819//819 820//820 884//884
f 819//819 884//884 883//883
f 820//820 821//821 885//885
f 820//820 885//885 884//884
f 821//821 822//822 886//886
f 821//821 886//886 885//885
f 822//822 823//823 887//887
f 822//822 887//887 886//886
f 823//823 824//824 888//888
f 823//823 888//888 887//887
f 824//824 825//825 889//889
f 824//824 889//889 888//888
f 825//825 826//826 890//890
f 825//825 890//890 889//889
f 826//826 827//827 891//891
f 826//826 891//891 890//890
f 827//827 828//828 892//892
f 827//827 892//892 891//891
f 828//828 829//829 893//893
f 828//828 893//893 892//892
f 829//829 830//830 894//894
f 829//829 894//894 893//893
f 830//830 831//831 895//895
f 830//830 895//895 894//894
f 831//831 832//832 896//896
f 831//831 896//896 895//895
f 832//832 833//833 897//897
f 832//832 897//897 896//896
f 833//833 771//771 835//835
f 833//833 835//835 897//897
f 835//835 834//834 898//898
f 835//835 898//898 899//899
f 834//834 836//836 900//900
f 834//834 900//900 898//898
f 836//836 837//837 901//901
f 836//836 901//901 900//900
f 837//837 838//838 902//902
f 837//837 902//902 901//901
f 838//838 839//839 903//903
f 838//838 903//903 902//902
f 839//839 840//840 904//904
f 839//839 904//904 903//903
f 840//840 841//841 905//905
f 840//840 905//905 904//904
f 841//841 842//842 906//906
f 841//841 906//906 905//905
f 842//842 843//843 907//907
f 842//842 907//907 906//906
f 843//843 844//844 908//908
f 843//843 908//908 907//907
f 844//844 845//845 909//909
f 844//844 909//909 908//908
f 845//845 846//846 910//910
f 845//845 910//910 909//909
f 846//846 847//847 911//911
f 846//846 911//911 910//910
f 847//847 848//848 912//912
f 847//847 912//912 911//911
f 848//848 849//849 913//913
f 848//848 913//913 912//912
f 849//849 850//850 914//914
f 849//849 914//914 913//913
f 850//850 851//851 915//915
f 850//850 915//915 914//914
f 851//851 852//852 916//916
f 851//851 916//916 915//915
f 852//852 853//853 917//917
f 852//852 917//917 916//916
f 853//853 854//854 918//918
f 853//853 918//918 917//917
f 854//854 855//855 919//919
f 854//854 919//919 918//918
f 855//855 856//856 920//920
f 855//855 920//920 919//919
f 856//856 857//857 921//921
f 856//856 921//921 920//920
f 857//857 858//858 922//922
f 857//857 922//922 921//921
f 858//858 859//859 923//923
f 858//858 923//923 922//922
f 859//859 860//860 924//924
f 859//859 924//924 923//923
f 860//860 861//861 925//925
f 860//860 925//925 924//924
f 861//861 862//862 926//926
f 861//861 926//926 925//925
f 862//862 863//863 927//927
f 862//862 927//927 926//926
f 863//863 864//864 928//928
f 863//863 928//928 927//927
f 864//864 865//865 929//929
f 864//864 929//929 928//928
f 865//865 866//866 930//930
f 865//865 930//930 929//929
f 866//866 867//867 931//931
f 866//866 931//931 930//930
f 867//867 868//868 932//932
f 867//867 932//932 931//931
f 868//868 869//869 933//933
f 868//868 933//933 932//932
f 869//869 870//870 934//934
f 869//869 934//934 933//933
f 870//870 871//871 935//935
f 870//870 935//935 934//934
f 871//871 872//872 936//936
f 871//871 936//936 935//935
f 872//872 873//873 937//937
f 872//872 937//937 936//936
f 873//873 874//874 938//938
f 873//873 938//938 937//937
f 874//874 875//875 939//939
f 874//874 939//939 938//938
f 875//875 876//876 940//940
f 875//875 940//940 939//939
f 876//876 877//877 941//941
f 876//876 941//941 940//940
f 877//877 878//878 942//942
f 877//877 942//942 941//941
f 878//878 879//879 943//943
f 878//878 943//943 942//942
f 879//879 880//880 944//944
f 879//879 944//944 943//943
f 880//880 881//881 945//945
f 880//880 945//945 944//944
f 881//881 882//882 946//946
f 881//881 946//946 945//945
f 882//882 883//883 947//947
f 882//882 947//947 946//946
f 883//883 884//884 948//948
f 883//883 948//948 947//947
f 884//884 885//885 949//949
f 884//884 949//949 948//948
f 885//885 886//886 950//950
f 885//885 950//950 949//949
f 886//886 887//887 951//951
f 886//886 951//951 950//950
f 887//887 888//888 952//952
f 887//887 952//952 951//951
f 888//888 889//889 953//953
f 888//888 953//953 952//952
f 889//889 890//890 954//954
f 889//889 954//954 953//953
f 890//890 891//891 955//955
f 890//890 955//955 954//954
f 891//891 892//892 956//956
f 891//891 956//956 955//955
f 892//892 893//893 957//957
f 892//892 957//957 956//956
f 893//893 894//894 958//958
f 893//893 958//958 957//957
f 894//894 895//895 959//959
f 894//894 959//959 958//958
f 895//895 896//896 960//960
f 895//895 960//960 959//959
f 896//896 897//897 961//961
f 896//896 961//961 960//960
f 897//897 835//835 899//899
f 897//897 899//899 961//961
f 899//899 898//898 962//962
f 899//899 962//962 963//963
f 898//898 900//900 964//964
f 898//898 964//964 962//962
f 900//900 901//901 965//965
f 900//900 965//965 964//964
f 901//901 902//902 966//966
f 901//901 966//966 965//965
f 902//902 903//903 967//967
f 902//902 967//967 966//966
f 903//903 904//904 968//968
f 903//903 968//968 967//967
f 904//904 905//905 969//969
f 904//904 969//969 968//968
f 905//905 906//906 970//970
f 905//905 970//970 969//969
f 906//906 907//907 971//971
f 906//906 971//971 970//970
f 907//907 908//908 972//972
f 907//907 972//972 971//971
f 908//908 909//909 973//973
f 908//908 973//973 972//972
f 909//909 910//910 974//974
f 909//909 974//974 973//973
f 910//910 911//911 975//975
f 910//910 975//975 974//974
f 911//911 912//912 976//976
f 911//911 976//976 975//975
f 912//912 913//913 977//977
f 912//912 977//977 976//976
f 913//913 914//914 978//978
f 913//913 978//978 977//977
f 914//914 915//915 979//979
f 914//914 979//979 978//978
f 915//915 916//916 980//980
f 915//915 980//980 979//979
f 916//916 917//917 981//981
f 916//916 981//981 980//980
f 917//917 918//918 982//982
f 917//917 982//982 981//981
f 918//918 919//919 983//983
f 918//918 983//983 982//982
f 919//919 920//920 984//984
f 919//919 984//984 983//983
f 920//920 921//921 985//985
f 920//920 985//985 984//984
f 921//921 922//922 986//986
f 921//921 986//986 985//985
f 922//922 923//923 987//987
f 922//922 987//987 986//986
f 923//923 924//924 988//988
f 923//923 988//988 987//987
f 924//924 925//925 989//989
f 924//924 989//989 988//988
f 925//925 926//926 990//990
f 925//925 990//990 989//989
f 926//926 927//927 991//991
f 926//926 991//991 990//990
f 927//927 928//928 992//992
f 927//927 992//992 991//991
f 928//928 929//929 993//993
f 928//928 993//993 992//992
f 929//929 930//930 994//994
f 929//929 994//994 993//993
f 930//930 931//931 995//995
f 930//930 995//995 994//994
f 931//931 932//932 996//996
f 931//931 996//996 995//995
f 932//932 933//933 997//997
f 932//932 997//997 996//996
f 933//933 934//934 998//998
f 933//933 998//998 997//997
f 934//934 935//935 999//999
f 934//934 999//999 998//998
f 935//935 936//936 1000//1000
f 935//935 1000//1000 999//999
f 936//936 937//937 1001//1001
f 936//936 1001//1001 1000//1000
f 937//937 938//938 1002//1002
f 937//937 1002//1002 1001//1001
f 938//938 939//939 1003//1003
f 938//938 1003//1003 1002//1002
f 939//939 940//940 1004//1004
f 939//939 1004//1004 1003//1003
f 940//940 941//941 1005//1005
f 940//940 1005//1005 1004//1004
f 941//941 942//942 1006//1006
f 941//941 1006//1006 1005//1005
f 942//942 943//943 1007//1007
f 942//942 1007//1007 1006//1006
f 943//943 944//944 1008//1008
f 943//943 1008//1008 1007//1007
f 944//944 945//945 1009//1009
f 944//944 1009//1009 1008//1008
f 945//945 946//946 1010//1010
f 945//945 1010//1010 1009//1009
f 946//946 947//947 1011//1011
f 946//946 1011//1011 1010//1010
f 947//947 948//948 1012//1012
f 947//947 1012//1012 1011//1011
f 948//948 949//949 1013//1013
f 948//948 1013//1013 1012//1012
f 949//949 950//950 1014//1014
f 949//949 1014//1014 1013//1013
f 950//950 951//951 1015//1015
f 950//950 1015//1015 1014//1014
f 951//951 952//952 1016//1016
f 951//951 1016//1016 1015//1015
f 952//952 953//953 1017//1017
f 952//952 1017//1017 1016//1016
f 953//953 954//954 1018//1018
f 953//953 1018//1018 1017//1017
f 954//954 955//955 1019//1019
f 954//954 1019//1019 1018//1018
f 955//955 956//956 1020//1020
f 955//955 1020//1020 1019//1019
f 956//956 957//957 1021//1021
f 956//956 1021//1021 1020//1020
f 957//957 958//958 1022//1022
f 957//957 1022//1022 1021//1021
f 958//958 959//959 1023//1023
f 958//958 1023//1023 1022//1022
f 959//959 960//960 1024//1024
f 959//959 1024//1024 1023//1023
f 960//960 961//961 1025//1025
f 960//960 1025//1025 1024//1024
f 961//961 899//899 963//963
f 961//961 963//963 1025//1025
f 963//963 962//962 1026//1026
f 963//963 1026//1026 1027//1027
f 962//962 964//964 1028//1028
f 962//962 1028//1028 1026//1026
f 964//964 965//965 1029//1029
f 964//964 1029//1029 1028//1028
f 965//965 966//966 1030//1030
f 965//965 1030//1030 1029//1029
f 966//966 967//967 1031//1031
f 966//966 1031//1031 1030//1030
f 967//967 968//968 1032//1032
f 967//967 1032//1032 1031//1031
f 968//968 969//969 1033//1033
f 968//968 1033//1033 1032//1032
f 969//969 970//970 1034//1034
f 969//969 1034//1034 1033//1033
f 970//970 971//971 1035//1035
f 970//970 1035//1035 1034//1034
f 971//971 972//972 1036//1036
f 971//971 1036//1036 1035//1035
f 972//972 973//973 1037//1037
f 972//972 1037//1037 1036//1036
f 973//973 974//974 1038//1038
f 973//973 1038//1038 1037//1037
f 974//974 975//975 1039//1039
f 974//974 1039//1039 1038//1038
f 975//975 976//976 1040//1040
f 975//975 1040//1040 1039//1039
f 976//976 977//977 1041//1041
f 976//976 1041//1041 1040//1040
f 977//977 978//978 1042//1042
f 977//977 1042//1042 1041//1041
f 978//978 979//979 1043//1043
f 978//978 1043//1043 1042//1042
f 979//979 980//980 1044//1044
f 979//979 1044//1044 1043//1043
f 980//980 981//981 1045//1045
f 980//980 1045//1045 1044//1044
f 981//981 982//982 1046//1046
f 981//981 1046//1046 1045//1045
f 982//982 983//983 1047//1047
f 982//982 1047//1047 1046//1046
f 983//983 984//984 1048//1048
f 983//983 1048//1048 1047//1047
f 984//984 985//985 1049//1049
f 984//984 1049//1049 1048//1048
f 985//985 986//986 1050//1050
f 985//985 1050//1050 1049//1049
f 986//986 987//987 1051//1051
f 986//986 1051//1051 1050//1050
f 987//987 988//988 1052//1052
f 987//987 1052//1052 1051//1051
f 988//988 989//989 1053//1053
f 988//988 1053//1053 1052//1052
f 989//989 990//990 1054//1054
f 989//989 1054//1054 1053//1053
f 990//990 991//991 1055//1055
f 990//990 1055//1055 1054//1054
f 991//991 992//992 1056//1056
f 991//991 1056//1056 1055//1055
f 992//992 993//993 1057//1057
f 992//992 1057//1057 1056//1056
f 993//993 994//994 1058//1058
f 993//993 1058//1058 1057//1057
f 994//994 995//995 1059//1059
f 994//994 1059//1059 1058//1058
f 995//995 996//996 1060//1060
f 995//995 1060//1060 1059//1059
f 996//996 997//997 1061//1061
f 996//996 1061//1061 1060//1060
f 997//997 998//998 1062//1062
f 997//997 1062//1062 1061//1061
f 998//998 999//999 1063//1063
f 998//998 1063//1063 1062//1062
f 999//999 1000//1000 1064//1064
f 999//999 1064//1064 1063//1063
f 1000//1000 1001//1001 1065//1065
f 1000//1000 1065//1065 1064//1064
f 1001//1001 1002//1002 1066//1066
f 1001//1001 1066//1066 1065//1065
f 1002//1002 1003//1003 1067//1067
f 1002//1002 1067//1067 1066//1066
f 1003//1003 1004//1004 1068//1068
f 1003//1003 1068//1068 1067//1067
f 1004//1004 1005//1005 1069//1069
f 1004//1004 1069//1069 1068//1068
f 1005//1005 1006//1006 1070//1070
f 1005//1005 1070//1070 1069//1069
f 1006//1006 1007//1007 1071//1071
f 1006//1006 1071//1071 1070//1070
f 1007//1007 1008//1008 1072//1072
f 1007//1007 1072//1072 1071//1071
f 1008//1008 1009//1009 1073//1073
f 1008//1008 1073//1073 1072//1072
f 1009//1009 1010//1010 1074//1074
f 1009//1009 1074//1074 1073//1073
f 1010//1010 1011//1011 1075//1075
f 1010//1010 1075//1075 1074//1074
f 1011//1011 1012//1012 1076//1076
f 1011//1011 1076//1076 1075//1075
f 1012//1012 1013//1013 1077//1077
f 1012//1012 1077//1077 1076//1076
f 1013//1013 1014//1014 1078//1078
f 1013//1013 1078//1078 1077//1077
f 1014//1014 1015//1015 1079//1079
f 1014//1014 1079//1079 1078//1078
f 1015//1015 1016//1016 1080//1080
f 1015//1015 1080//1080 1079//1079
f 1016//1016 1017//1017 1081//1081
f 1016//1016 1081//1081 1080//1080
f 1017//1017 1018//1018 1082//1082
f 1017//1017 1082//1082 1081//1081
f 1018//1018 1019//1019 1083//1083
f 1018//1018 1083//1083 1082//1082
f 1019//1019 1020//1020 1084//1084
f 1019//1019 1084//1084 1083//1083
f 1020//1020 1021//1021 1085//1085
f 1020//1020 1085//1085 1084//1084
f 1021//1021 1022//1022 1086//1086
f 1021//1021 1086//1086 1085//1085
f 1022//1022 1023//1023 1087//1087
f 1022//1022 1087//1087 1086//1086
f 1023//1023 1024//1024 1088//1088
f 1023//1023 1088//1088 1087//1087
f 1024//1024 1025//1025 1089//1089
f 1024//1024 1089//1089 1088//1088
f 1025//1025 963//963 1027//1027
f 1025//1025 1027//1027 1089//1089
f 1027//1027 1026//1026 1090//1090
f 1027//1027 1090//1090 1091//1091
f 1026//1026 1028//1028 1092//1092
f 1026//1026 1092//1092 1090//1090
f 1028//1028 1029//1029 1093//1093
f 1028//1028 1093//1093 1092//1092
f 1029//1029 1030//1030 1094//1094
f 1029//1029 1094//1094 1093//1093
f 1030//1030 1031//1031 1095//1095
f 1030//1030 1095//1095 1094//1094
f 1031//1031 1032//1032 1096//1096
f 1031//1031 1096//1096 1095//1095
f 1032//1032 1033//1033 1097//1097
f 1032//1032 1097//1097 1096//1096
f 1033//1033 1034//1034 1098//1098
f 1033//1033 1098//1098 1097//1097
f 1034//1034 1035//1035 1099//1099
f 1034//1034 1099//1099 1098//1098
f 1035//1035 1036//1036 1100//1100
f 1035//1035 1100//1100 1099//1099
f 1036//1036 1037//1037 1101//1101
f 1036//1036 1101//1101 1100//1100
f 1037//1037 1038//1038 1102//1102
f 1037//1037 1102//1102 1101//1101
f 1038//1038 1039//1039 1103//1103
f 1038//1038 1103//1103 1102//1102
f 1039//1039 1040//1040 1104//1104
f 1039//1039 1104//1104 1103//1103
f 1040//1040 1041//1041 1105//1105
f 1040//1040 1105//1105 1104//1104
f 1041//1041 1042//1042 1106//1106
f 1041//1041 1106//1106 1105//1105
f 1042//1042 1043//1043 1107//1107
f 1042//1042 1107//1107 1106//1106
f 1043//1043 1044//1044 1108//1108
f 1043//1043 1108//1108 1107//1107
f 1044//1044 1045//1045 1109//1109
f 1044//1044 1109//1109 1108//1108
f 1045//1045 1046//1046 1110//1110
f 1045//1045 1110//1110 1109//1109
f 1046//1046 1047//1047 1111//1111
f 1046//1046 1111//1111 1110//1110
f 1047//1047 1048//1048 1112//1112
f 1047//1047 1112//1112 1111//1111
f 1048//1048 1049//1049 1113//1113
f 1048//1048 1113//1113 1112//1112
f 1049//1049 1050//1050 1114//1114
f 1049//1049 1114//1114 1113//1113
f 1050//1050 1051//1051 1115//1115
f 1050//1050 1115//1115 1114//1114
f 1051//1051 1052//1052 1116//1116
f 1051//1051 1116//1116 1115//1115
f 1052//1052 1053//1053 1117//1117
f 1052//1052 1117//1117 1116//1116
f 1053//1053 1054//1054 1118//1118
f 1053//1053 1118//1118 1117//1117
f 1054//1054 1055//1055 1119//1119
f 1054//1054 1119//1119 1118//1118
f 1055//1055 1056//1056 1120//1120
f 1055//1055 1120//1120 1119//1119
f 1056//1056 1057//1057 1121//1121
f 1056//1056 1121//1121 1120//1120
f 1057//1057 1058//1058 1122//1122
f 1057//1057 1122//1122 1121//1121
f 1058//1058 1059//1059 1123//1123
f 1058//1058 1123//1123 1122//1122
f 1059//1059 1060//1060 1124//1124
f 1059//1059 1124//1124 1123//1123
f 1060//1060 1061//1061 1125//1125
f 1060//1060 1125//1125 1124//1124
f 1061//1061 1062//1062 1126//1126
f 1061//1061 1126//1126 1125//1125
f 1062//1062 1063//1063 1127//1127
f 1062//1062 1127//1127 1126//1126
f 1063//1063 1064//1064 1128//1128
f 1063//1063 1128//1128 1127//1127
f 1064//1064 1065//1065 1129//1129
f 1064//1064 1129//1129 1128//1128
f 1065//1065 1066//1066 1130//1130
f 1065//1065 1130//1130 1129//1129
f 1066//1066 1067//1067 1131//1131
f 1066//1066 1131//1131 1130//1130
f 1067//1067 1068//1068 1132//1132
f 1067//1067 1132//1132 1131//1131
f 1068//1068 1069//1069 1133//1133
f 1068//1068 1133//1133 1132//1132
f 1069//1069 1070//1070 1134//1134
f 1069//1069 1134//1134 1133//1133
f 1070//1070 1071//1071 1135//1135
f 1070//1070 1135//1135 1134//1134
f 1071//1071 1072//1072 1136//1136
f 1071//1071 1136//1136 1135//1135
f 1072//1072 1073//1073 1137//1137
f 1072//1072 1137//1137 1136//1136
f 1073//1073 1074//1074 1138//1138
f 1073//1073 1138//1138 1137//1137
f 1074//1074 1075//1075 1139//1139
f 1074//1074 1139//1139 1138//1138
f 1075//1075 1076//1076 1140//1140
f 1075//1075 1140//1140 1139//1139
f 1076//1076 1077//1077 1141//1141
f 1076//1076 1141//1141 1140//1140
f 1077//1077 1078//1078 1142//1142
f 1077//1077 1142//1142 1141//1141
f 1078//1078 1079//1079 1143//1143
f 1078//1078 1143//1143 1142//1142
f 1079//1079 1080//1080 1144//1144
f 1079//1079 1144//1144 1143//1143
f 1080//1080 1081//1081 1145//1145
f 1080//1080 1145//1145 1144//1144
f 1081//1081 1082//1082 1146//1146
f 1081//1081 1146//1146 1145//1145
f 1082//1082 1083//1083 1147//1147
f 1082//1082 1147//1147 1146//1146
f 1083//1083 1084//1084 1148//1148
f 1083//1083 1148//1148 1147//1147
f 1084//1084 1085//1085 1149//1149
f 1084//1084 1149//1149 1148//1148
f 1085//1085 1086//1086 1150//1150
f 1085//1085 1150//1150 1149//1149
f 1086//1086 1087//1087 1151//1151
f 1086//1086 1151//1151 1150//1150
f 1087//1087 1088//1088 1152//1152
f 1087//1087 1152//1152 1151//1151
f 1088//1088 1089//1089 1153//1153
f 1088//1088 1153//1153 1152//1152
f 1089//1089 1027//1027 1091//1091
f 1089//1089 1091//1091 1153//1153
f 1091//1091 1090//1090 1154//1154
f 1091//1091 1154//1154 1155//1155
f 1090//1090 1092//1092 1156//1156
f 1090//1090 1156//1156 1154//1154
f 1092//1092 1093//1093 1157//1157
f 1092//1092 1157//1157 1156//1156
f 1093//1093 1094//1094 1158//1158
f 1093//1093 1158//1158 1157//1157
f 1094//1094 1095//1095 1159//1159
f 1094//1094 1159//1159 1158//1158
f 1095//1095 1096//1096 1160//1160
f 1095//1095 1160//1160 1159//1159
f 1096//1096 1097//1097 1161//1161
f 1096//1096 1161//1161 1160//1160
f 1097//1097 1098//1098 1162//1162
f 1097//1097 1162//1162 1161//1161
f 1098//1098 1099//1099 1163//1163
f 1098//1098 1163//1163 1162//1162
f 1099//1099 1100//1100 1164//1164
f 1099//1099 1164//1164 1163//1163
f 1100//1100 1101//1101 1165//1165
f 1100//1100 1165//1165 1164//1164
f 1101//1101 1102//1102 1166//1166
f 1101//1101 1166//1166 1165//1165
f 1102//1102 1103//1103 1167//1167
f 1102//1102 1167//1167 1166//1166
f 1103//1103 1104//1104 1168//1168
f 1103//1103 1168//1168 1167//1167
f 1104//1104 1105//1105 1169//1169
f 1104//1104 1169//1169 1168//1168
f 1105//1105 1106//1106 1170//1170
f 1105//1105 1170//1170 1169//1169
f 1106//1106 1107//1107 1171//1171
f 1106//1106 1171//1171 1170//1170
f 1107//1107 1108//1108 1172//1172
f 1107//1107 1172//1172 1171//1171
f 1108//1108 1109//1109 1173//1173
f 1108//1108 1173//1173 1172//1172
f 1109//1109 1110//1110 1174//1174
f 1109//1109 1174//1174 1173//1173
f 1110//1110 1111//1111 1175//1175
f 1110//1110 1175//1175 1174//1174
f 1111//1111 1112//1112 1176//1176
f 1111//1111 1176//1176 1175//1175
f 1112//1112 1113//1113 1177//1177
f 1112//1112 1177//1177 1176//1176
f 1113//1113 1114//1114 1178//1178
f 1113//1113 1178//1178 1177//1177
f 1114//1114 1115//1115 1179//1179
f 1114//1114 1179//1179 1178//1178
f 1115//1115 1116//1116 1180//1180
f 1115//1115 1180//1180 1179//1179
f 1116//1116 1117//1117 1181//1181
f 1116//1116 1181//1181 1180//1180
f 1117//1117 1118//1118 1182//1182
f 1117//1117 1182//1182 1181//1181
f 1118//1118 1119//1119 1183//1183
f 1118//1118 1183//1183 1182//1182
f 1119//1119 1120//1120 1184//1184
f 1119//1119 1184//1184 1183//1183
f 1120//1120 1121//1121 1185//1185
f 1120//1120 1185//1185 1184//1184
f 1121//1121 1122//1122 1186//1186
f 1121//1121 1186//1186 1185//1185
f 1122//1122 1123//1123 1187//1187
f 1122//1122 1187//1187 1186//1186
f 1123//1123 1124//1124 1188//1188
f 1123//1123 1188//1188 1187//1187
f 1124//1124 1125//1125 1189//1189
f 1124//1124 1189//1189 1188//1188
f 1125//1125 1126//1126 1190//1190
f 1125//1125 1190//1190 1189//1189
f 1126//1126 1127//1127 1191//1191
f 1126//1126 1191//1191 1190//1190
f 1127//1127 1128//1128 1192//1192
f 1127//1127 1192//1192 1191//1191
f 1128//1128 1129//1129 1193//1193
f 1128//1128 1193//1193 1192//1192
f 1129//1129 1130//1130 1194//1194
f 1129//1129 1194//1194 1193//1193
f 1130//1130 1131//1131 1195//1195
f 1130//1130 1195//1195 1194//1194
f 1131//1131 1132//1132 1196//1196
f 1131//1131 1196//1196 1195//1195
f 1132//1132 1133//1133 1197//1197
f 1132//1132 1197//1197 1196//1196
f 1133//1133 1134//1134 1198//1198
f 1133//1133 1198//1198 1197//1197
f 1134//1134 1135//1135 1199//1199
f 1134//1134 1199//1199 1198//1198
f 1135//1135 1136//1136 1200//1200
f 1135//1135 1200//1200 1199//1199
f 1136//1136 1137//1137 1201//1201
f 1136//1136 1201//1201 1200//1200
f 1137//1137 1138//1138 1202//1202
f 1137//1137 1202//1202 1201//1201
f 1138//1138 1139//1139 1203//1203
f 1138//1138 1203//1203 1202//1202
f 1139//1139 1140//1140 1204//1204
f 1139//1139 1204//1204 1203//1203
f 1140//1140 1141//1141 1205//1205
f 1140//1140 1205//1205 1204//1204
f 1141//1141 1142//1142 1206//1206
f 1141//1141 1206//1206 1205//1205
f 1142//1142 1143//1143 1207//1207
f 1142//1142 1207//1207 1206//1206
f 1143//1143 1144//1144 1208//1208
f 1143//1143 1208//1208 1207//1207
f 1144//1144 1145//1145 1209//1209
f 1144//1144 1209//1209 1208//1208
f 1145//1145 1146//1146 1210//1210
f 1145//1145 1210//1210 1209//1209
f 1146//1146 1147//1147 1211//1211
f 1146//1146 1211//1211 1210//1210
f 1147//1147 1148//1148 1212//1212
f 1147//1147 1212//1212 1211//1211
f 1148//1148 1149//1149 1213//1213
f 1148//1148 1213//1213 1212//1212
f 1149//1149 1150//1150 1214//1214
f 1149//1149 1214//1214 1213//1213
f 1150//1150 1151//1151 1215//1215
f 1150//1150 1215//1215 1214//1214
f 1151//1151 1152//1152 1216//1216
f 1151//1151 1216//1216 1215//1215
f 1152//1152 1153//1153 1217//1217
f 1152//1152 1217//1217 1216//1216
f 1153//1153 1091//1091 1155//1155
f 1153//1153 1155//1155 1217//1217
f 1155//1155 1154//1154 1218//1218
f 1155//1155 1218//1218 1219//1219
f 1154//1154 1156//1156 1220//1220
f 1154//1154 1220//1220 1218//1218
f 1156//1156 1157//1157 1221//1221
f 1156//1156 1221//1221 1220//1220
f 1157//1157 1158//1158 1222//1222
f 1157//1157 1222//1222 1221//1221
f 1158//1158 1159//1159 1223//1223
f 1158//1158 1223//1223 1222//1222
f 1159//1159 1160//1160 1224//1224
f 1159//1159 1224//1224 1223//1223
f 1160//1160 1161//1161 1225//1225
f 1160//1160 1225//1225 1224//1224
f 1161//1161 1162//1162 1226//1226
f 1161//1161 1226//1226 1225//1225
f 1162//1162 1163//1163 1227//1227
f 1162//1162 1227//1227 1226//1226
f 1163//1163 1164//1164 1228//1228
f 1163//1163 1228//1228 1227//1227
f 1164//1164 1165//1165 1229//1229
f 1164//1164 1229//1229 1228//1228
f 1165//1165 1166//1166 1230//1230
f 1165//1165 1230//1230 1229//1229
f 1166//1166 1167//1167 1231//1231
f 1166//1166 1231//1231 1230//1230
f 1167//1167 1168//1168 1232//1232
f 1167//1167 1232//1232 1231//1231
f 1168//1168 1169//1169 1233//1233
f 1168//1168 1233//1233 1232//1232
f 1169//1169 1170//1170 1234//1234
f 1169//1169 1234//1234 1233//1233
f 1170//1170 1171//1171 1235//1235
f 1170//1170 1235//1235 1234//1234
f 1171//1171 1172//1172 1236//1236
f 1171//1171 1236//1236 1235//1235
f 1172//1172 1173//1173 1237//1237
f 1172//1172 1237//1237 1236//1236
f 1173//1173 1174//1174 1238//1238
f 1173//1173 1238//1238 1237//1237
f 1174//1174 1175//1175 1239//1239
f 1174//1174 1239//1239 1238//1238
f 1175//1175 1176//1176 1240//1240
f 1175//1175 1240//1240 1239//1239
f 1176//1176 1177//1177 1241//1241
f 1176//1176 1241//1241 1240//1240
f 1177//1177 1178//1178 1242//1242
f 1177//1177 1242//1242 1241//1241
f 1178//1178 1179//1179 1243//1243
f 1178//1178 1243//1243 1242//1242
f 1179//1179 1180//1180 1244//1244
f 1179//1179 1244//1244 1243//1243
f 1180//1180 1181//1181 1245//1245
f 1180//1180 1245//1245 1244//1244
f 1181//1181 1182//1182 1246//1246
f 1181//1181 1246//1246 1245//1245
f 1182//1182 1183//1183 1247//1247
f 1182//1182 1247//1247 1246//1246
f 1183//1183 1184//1184 1248//1248
f 1183//1183 1248//1248 1247//1247
f 1184//1184 1185//1185 1249//1249
f 1184//1184 1249//1249 1248//1248
f 1185//1185 1186//1186 1250//1250
f 1185//1185 1250//1250 1249//1249
f 1186//1186 1187//1187 1251//1251
f 1186//1186 1251//1251 1250//1250
f 1187//1187 1188//1188 1252//1252
f 1187//1187 1252//1252 1251//1251
f 1188//1188 1189//1189 1253//1253
f 1188//1188 1253//1253 1252//1252
f 1189//1189 1190//1190 1254//1254
f 1189//1189 1254//1254 1253//1253
f 1190//1190 1191//1191 1255//1255
f 1190//1190 1255//1255 1254//1254
f 1191//1191 1192//1192 1256//1256
f 1191//1191 1256//1256 1255//1255
f 1192//1192 1193//1193 1257//1257
f 1192//1192 1257//1257 1256//1256
f 1193//1193 1194//1194 1258//1258
f 1193//1193 1258//1258 1257//1257
f 1194//1194 1195//1195 1259//1259
f 1194//1194 1259//1259 1258//1258
f 1195//1195 1196//1196 1260//1260
f 1195//1195 1260//1260 1259//1259
f 1196//1196 1197//1197 1261//1261
f 1196//1196 1261//1261 1260//1260
f 1197//1197 1198//1198 1262//1262
f 1197//1197 1262//1262 1261//1261
f 1198//1198 1199//1199 1263//1263
f 1198//1198 1263//1263 1262//1262
f 1199//1199 1200//1200 1264//1264
f 1199//1199 1264//1264 1263//1263
f 1200//1200 1201//1201 1265//1265
f 1200//1200 1265//1265 1264//1264
f 1201//1201 1202//1202 1266//1266
f 1201//1201 1266//1266 1265//1265
f 1202//1202 1203//1203 1267//1267
f 1202//1202 1267//1267 1266//1266
f 1203//1203 1204//1204 1268//1268
f 1203//1203 1268//1268 1267//1267
f 1204//1204 1205//1205 1269//1269
f 1204//1204 1269//1269 1268//1268
f 1205//1205 1206//1206 1270//1270
f 1205//1205 1270//1270 1269//1269
f 1206//1206 1207//1207 1271//1271
f 1206//1206 1271//1271 1270//1270
f 1207//1207 1208//1208 1272//1272
f 1207//1207 1272//1272 1271//1271
f 1208//1208 1209//1209 1273//1273
f 1208//1208 1273//1273 1272//1272
f 1209//1209 1210//1210 1274//1274
f 1209//1209 1274//1274 1273//1273
f 1210//1210 1211//1211 1275//1275
f 1210//1210 1275//1275 1274//1274
f 1211//1211 1212//1212 1276//1276
f 1211//1211 1276//1276 1275//1275
f 1212//1212 1213//1213 1277//1277
f 1212//1212 1277//1277 1276//1276
f 1213//1213 1214//1214 1278//1278
f 1213//1213 1278//1278 1277//1277
f 1214//1214 1215//1215 1279//1279
f 1214//1214 1279//1279 1278//1278
f 1215//1215 1216//1216 1280//1280
f 1215//1215 1280//1280 1279//1279
f 1216//1216 1217//1217 1281//1281
f 1216//1216 1281//1281 1280//1280
f 1217//1217 1155//1155 1219//1219
f 1217//1217 1219//1219 1281//1281
f 1219//1219 1218//1218 1282//1282
f 1219//1219 1282//1282 1283//1283
f 1218//1218 1220//1220 1284//1284
f 1218//1218 1284//1284 1282//1282
f 1220//1220 1221//1221 1285//1285
f 1220//1220 1285//1285 1284//1284
f 1221//1221 1222//1222 1286//1286
f 1221//1221 1286//1286 1285//1285
f 1222//1222 1223//1223 1287//1287
f 1222//1222 1287//1287 1286//1286
f 1223//1223 1224//1224 1288//1288
f 1223//1223 1288//1288 1287//1287
f 1224//1224 1225//1225 1289//1289
f 1224//1224 1289//1289 1288//1288
f 1225//1225 1226//1226 1290//1290
f 1225//1225 1290//1290 1289//1289
f 1226//1226 1227//1227 1291//1291
f 1226//1226 1291//1291 1290//1290
f 1227//1227 1228//1228 1292//1292
f 1227//1227 1292//1292 1291//1291
f 1228//1228 1229//1229 1293//1293
f 1228//1228 1293//1293 1292//1292
f 1229//1229 1230//1230 1294//1294
f 1229//1229 1294//1294 1293//1293
f 1230//1230 1231//1231 1295//1295
f 1230//1230 1295//1295 1294//1294
f 1231//1231 1232//1232 1296//1296
f 1231//1231 1296//1296 1295//1295
f 1232//1232 1233//1233 1297//1297
f 1232//1232 1297//1297 1296//1296
f 1233//1233 1234//1234 1298//1298
f 1233//1233 1298//1298 1297//1297
f 1234//1234 1235//1235 1299//1299
f 1234//1234 1299//1299 1298//1298
f 1235//1235 1236//1236 1300//1300
f 1235//1235 1300//1300 1299//1299
f 1236//1236 1237//1237 1301//1301
f 1236//1236 1301//1301 1300//1300
f 1237//1237 1238//1238 1302//1302
f 1237//1237 1302//1302 1301//1301
f 1238//1238 1239//1239 1303//1303
f 1238//1238 1303//1303 1302//1302
f 1239//1239 1240//1240 1304//1304
f 1239//1239 1304//1304 1303//1303
f 1240//1240 1241//1241 1305//1305
f 1240//1240 1305//1305 1304//1304
f 1241//1241 1242//1242 1306//1306
f 1241//1241 1306//1306 1305//1305
f 1242//1242 1243//1243 1307//1307
f 1242//1242 1307//1307 1306//1306
f 1243//1243 1244//1244 1308//1308
f 1243//1243 1308//1308 1307//1307
f 1244//1244 1245//1245 1309//1309
f 1244//1244 1309//1309 1308//1308
f 1245//1245 1246//1246 1310//1310
f 1245//1245 1310//1310 1309//1309
f 1246//1246 1247//1247 1311//1311
f 1246//1246 1311//1311 1310//1310
f 1247//1247 1248//1248 1312//1312
f 1247//1247 1312//1312 1311//1311
f 1248//1248 1249//1249 1313//1313
f 1248//1248 1313//1313 1312//1312
f 1249//1249 1250//1250 1314//1314
f 1249//1249 1314//1314 1313//1313
f 1250//1250 1251//1251 1315//1315
f 1250//1250 1315//1315 1314//1314
f 1251//1251 1252//1252 1316//1316
f 1251//1251 1316//1316 1315//1315
f 1252//1252 1253//1253 1317//1317
f 1252//1252 1317//1317 1316//1316
f 1253//1253 1254//1254 1318//1318
f 1253//1253 1318//1318 1317//1317
f 1254//1254 1255//1255 1319//1319
f 1254//1254 1319//1319 1318//1318
f 1255//1255 1256//1256 1320//1320
f 1255//1255 1320//1320 1319//1319
f 1256//1256 1257//1257 1321//1321
f 1256//1256 1321//1321 1320//1320
f 1257//1257 1258//1258 1322//1322
f 1257//1257 1322//1322 1321//1321
f 1258//1258 1259//1259 1323//1323
f 1258//1258 1323//1323 1322//1322
f 1259//1259 1260//1260 1324//1324
f 1259//1259 1324//1324 1323//1323
f 1260//1260 1261//1261 1325//1325
f 1260//1260 1325//1325 1324//1324
f 1261//1261 1262//1262 1326//1326
f 1261//1261 1326//1326 1325//1325
f 1262//1262 1263//1263 1327//1327
f 1262//1262 1327//1327 1326//1326
f 1263//1263 1264//1264 1328//1328
f 1263//1263 1328//1328 1327//1327
f 1264//1264 1265//1265 1329//1329
f 1264//1264 1329//1329 1328//1328
f 1265//1265 1266//1266 1330//1330
f 1265//1265 1330//1330 1329//1329
f 1266//1266 1267//1267 1331//1331
f 1266//1266 1331//1331 1330//1330
f 1267//1267 1268//1268 1332//1332
f 1267//1267 1332//1332 1331//1331
f 1268//1268 1269//1269 1333//1333
f 1268//1268 1333//1333 1332//1332
f 1269//1269 1270//1270 1334//1334
f 1269//1269 1334//1334 1333//1333
f 1270//1270 1271//1271 1335//1335
f 1270//1270 1335//1335 1334//1334
f 1271//1271 1272//1272 1336//1336
f 1271//1271 1336//1336 1335//1335
f 1272//1272 1273//1273 1337//1337
f 1272//1272 1337//1337 1336//1336
f 1273//1273 1274//1274 1338//1338
f 1273//1273 1338//1338 1337//1337
f 1274//1274 1275//1275 1339//1339
f 1274//1274 1339//1339 1338//1338
f 1275//1275 1276//1276 1340//1340
f 1275//1275 1340//1340 1339//1339
f 1276//1276 1277//1277 1341//1341
f 1276//1276 1341//1341 1340//1340
f 1277//1277 1278//1278 1342//1342
f 1277//1277 1342//1342 1341//1341
f 1278//1278 1279//1279 1343//1343
f 1278//1278 1343//1343 1342//1342
f 1279//1279 1280//1280 1344//1344
f 1279//1279 1344//1344 1343//1343
f 1280//1280 1281//1281 1345//1345
f 1280//1280 1345//1345 1344//1344
f 1281//1281 1219//1219 1283//1283
f 1281//1281 1283//1283 1345//1345
f 1283//1283 1282//1282 1346//1346
f 1283//1283 1346//1346 1347//1347
f 1282//1282 1284//1284 1348//1348
f 1282//1282 1348//1348 1346//1346
f 1284//1284 1285//1285 1349//1349
f 1284//1284 1349//1349 1348//1348
f 1285//1285 1286//1286 1350//1350
f 1285//1285 1350//1350 1349//1349
f 1286//1286 1287//1287 1351//1351
f 1286//1286 1351//1351 1350//1350
f 1287//1287 1288//1288 1352//1352
f 1287//1287 1352//1352 1351//1351
f 1288//1288 1289//1289 1353//1353
f 1288//1288 1353//1353 1352//1352
f 1289//1289 1290//1290 1354//1354
f 1289//1289 1354//1354 1353//1353
f 1290//1290 1291//1291 1355//1355
f 1290//1290 1355//1355 1354//1354
f 1291//1291 1292//1292 1356//1356
f 1291//1291 1356//1356 1355//1355
f 1292//1292 1293//1293 1357//1357
f 1292//1292 1357//1357 1356//1356
f 1293//1293 1294//1294 1358//1358
f 1293//1293 1358//1358 1357//1357
f 1294//1294 1295//1295 1359//1359
f 1294//1294 1359//1359 1358//1358
f 1295//1295 1296//1296 1360//1360
f 1295//1295 1360//1360 1359//1359
f 1296//1296 1297//1297 1361//1361
f 1296//1296 1361//1361 1360//1360
f 1297//1297 1298//1298 1362//1362
f 1297//1297 1362//1362 1361//1361
f 1298//1298 1299//1299 1363//1363
f 1298//1298 1363//1363 1362//1362
f 1299//1299 1300//1300 1364//1364
f 1299//1299 1364//1364 1363//1363
f 1300//1300 1301//1301 1365//1365
f 1300//1300 1365//1365 1364//1364
f 1301//1301 1302//1302 1366//1366
f 1301//1301 1366//1366 1365//1365
f 1302//1302 1303//1303 1367//1367
f 1302//1302 1367//1367 1366//1366
f 1303//1303 1304//1304 1368//1368
f 1303//1303 1368//1368 1367//1367
f 1304//1304 1305//1305 1369//1369
f 1304//1304 1369//1369 1368//1368
f 1305//1305 1306//1306 1370//1370
f 1305//1305 1370//1370 1369//1369
f 1306//1306 1307//1307 1371//1371
f 1306//1306 1371//1371 1370//1370
f 1307//1307 1308//1308 1372//1372
f 1307//1307 1372//1372 1371//1371
f 1308//1308 1309//1309 1373//1373
f 1308//1308 1373//1373 1372//1372
f 1309//1309 1310//1310 1374//1374
f 1309//1309 1374//1374 1373//1373
f 1310//1310 1311//1311 1375//1375
f 1310//1310 1375//1375 1374//1374
f 1311//1311 1312//1312 1376//1376
f 1311//1311 1376//1376 1375//1375
f 1312//1312 1313//1313 1377//1377
f 1312//1312 1377//1377 1376//1376
f 1313//1313 1314//1314 1378//1378
f 1313//1313 1378//1378 1377//1377
f 1314//1314 1315//1315 1379//1379
f 1314//1314 1379//1379 1378//1378
f 1315//1315 1316//1316 1380//1380
f 1315//1315 1380//1380 1379//1379
f 1316//1316 1317//1317 1381//1381
f 1316//1316 1381//1381 1380//1380
f 1317//1317 1318//1318 1382//1382
f 1317//1317 1382//1382 1381//1381
f 1318//1318 1319//1319 1383//1383
f 1318//1318 1383//1383 1382//1382
f 1319//1319 1320//1320 1384//1384
f 1319//1319 1384//1384 1383//1383
f 1320//1320 1321//1321 1385//1385
f 1320//1320 1385//1385 1384//1384
f 1321//1321 1322//1322 1386//1386
f 1321//1321 1386//1386 1385//1385
f 1322//1322 1323//1323 1387//1387
f 1322//1322 1387//1387 1386//1386
f 1323//1323 1324//1324 1388//1388
f 1323//1323 1388//1388 1387//1387
f 1324//1324 1325//1325 1389//1389
f 1324//1324 1389//1389 1388//1388
f 1325//1325 1326//1326 1390//1390
f 1325//1325 1390//1390 1389//1389
f 1326//1326 1327//1327 1391//1391
f 1326//1326 1391//1391 1390//1390
f 1327//1327 1328//1328 1392//1392
f 1327//1327 1392//1392 1391//1391
f 1328//1328 1329//1329 1393//1393
f 1328//1328 1393//1393 1392//1392
f 1329//1329 1330//1330 1394//1394
f 1329//1329 1394//1394 1393//1393
f 1330//1330 1331//1331 1395//1395
f 1330//1330 1395//1395 1394//1394
f 1331//1331 1332//1332 1396//1396
f 1331//1331 1396//1396 1395//1395
f 1332//1332 1333//1333 1397//1397
f 1332//1332 1397//1397 1396//1396
f 1333//1333 1334//1334 1398//1398
f 1333//1333 1398//1398 1397//1397
f 1334//1334 1335//1335 1399//1399
f 1334//1334 1399//1399 1398//1398
f 1335//1335 1336//1336 1400//1400
f 1335//1335 1400//1400 1399//1399
f 1336//1336 1337//1337 1401//1401
f 1336//1336 1401//1401 1400//1400
f 1337//1337 1338//1338 1402//1402
f 1337//1337 1402//1402 1401//1401
f 1338//1338 1339//1339 1403//1403
f 1338//1338 1403//1403 1402//1402
f 1339//1339 1340//1340 1404//1404
f 1339//1339 1404//1404 1403//1403
f 1340//1340 1341//1341 1405//1405
f 1340//1340 1405//1405 1404//1404
f 1341//1341 1342//1342 1406//1406
f 1341//1341 1406//1406 1405//1405
f 1342//1342 1343//1343 1407//1407
f 1342//1342 1407//1407 1406//1406
f 1343//1343 1344//1344 1408//1408
f 1343//1343 1408//1408 1407//1407
f 1344//1344 1345//1345 1409//1409
f 1344//1344 1409//1409 1408//1408
f 1345//1345 1283//1283 1347//1347
f 1345//1345 1347//1347 1409//1409
f 1410//1410 1411//1411 1412//1412
f 1410//1410 1412//1412 1413//1413
f 1410//1410 1413//1413 1414//1414
f 1410//1410 1414//1414 1415//1415
f 1410//1410 1415//1415 1416//1416
f 1410//1410 1416//1416 1417//1417
f 1417//1417 1416//1416 1418//1418
f 1417//1417 1418//1418 1419//1419
f 1416//1416 1415//1415 1420//1420
f 1416//1416 1420//1420 1418//1418
f 1415//1415 1414//1414 1421//1421
f 1415//1415 1421//1421 1420//1420
f 1414//1414 1413//1413 1422//1422
f 1414//1414 1422//1422 1421//1421
f 1413//1413 1412//1412 1423//1423
f 1413//1413 1423//1423 1422//1422
f 1412//1412 1411//1411 1424//1424
f 1412//1412 1424//1424 1423//1423
f 1411//1411 1410//1410 1425//1425
f 1411//1411 1425//1425 1424//1424
f 1410//1410 1417//1417 1419//1419
f 1410//1410 1419//1419 1425//1425
f 1419//1419 1418//1418 1426//1426
f 1419//1419 1426//1426 1427//1427
f 1418//1418 1420//1420 1428//1428
f 1418//1418 1428//1428 1426//1426
f 1420//1420 1421//1421 1429//1429
f 1420//1420 1429//1429 1428//1428
f 1421//1421 1422//1422 1430//1430
f 1421//1421 1430//1430 1429//1429
f 1422//1422 1423//1423 1431//1431
f 1422//1422 1431//1431 1430//1430
f 1423//1423 1424//1424 1432//1432
f 1423//1423 1432//1432 1431//1431
f 1424//1424 1425//1425 1433//1433
f 1424//1424 1433//1433 1432//1432
f 1425//1425 1419//1419 1427//1427
f 1425//1425 1427//1427 1433//1433
f 1427//1427 1426//1426 1434//1434
f 1427//1427 1434//1434 1435//1435
f 1426//1426 1428//1428 1436//1436
f 1426//1426 1436//1436 1434//1434
f 1428//1428 1429//1429 1437//1437
f 1428//1428 1437//1437 1436//1436
f 1429//1429 1430//1430 1438//1438
f 1429//1429 1438//1438 1437//1437
f 1430//1430 1431//1431 1439//1439
f 1430//1430 1439//1439 1438//1438
f 1431//1431 1432//1432 1440//1440
f 1431//1431 1440//1440 1439//1439
f 1432//1432 1433//1433 1441//1441
f 1432//1432 1441//1441 1440//1440
f 1433//1433 1427//1427 1435//1435
f 1433//1433 1435//1435 1441//1441
f 1435//1435 1434//1434 1442//1442
f 1435//1435 1442//1442 1443//1443
f 1434//1434 1436//1436 1444//1444
f 1434//1434 1444//1444 1442//1442
f 1436//1436 1437//1437 1445//1445
f 1436//1436 1445//1445 1444//1444
f 1437//1437 1438//1438 1446//1446
f 1437//1437 1446//1446 1445//1445
f 1438//1438 1439//1439 1447//1447
f 1438//1438 1447//1447 1446//1446
f 1439//1439 1440//1440 1448//1448
f 1439//1439 1448//1448 1447//1447
f 1440//1440 1441//1441 1449//1449
f 1440//1440 1449//1449 1448//1448
f 1441//1441 1435//1435 1443//1443
f 1441//1441 1443//1443 1449//1449
f 1443//1443 1442//1442 1450//1450
f 1443//1443 1450//1450 1451//1451
f 1442//1442 1444//1444 1452//1452
f 1442//1442 1452//1452 1450//1450
f 1444//1444 1445//1445 1453//1453
f 1444//1444 1453//1453 1452//1452
f 1445//1445 1446//1446 1454//1454
f 1445//1445 1454//1454 1453//1453
f 1446//1446 1447//1447 1455//1455
f 1446//1446 1455//1455 1454//1454
f 1447//1447 1448//1448 1456//1456
f 1447//1447 1456//1456 1455//1455
f 1448//1448 1449//1449 1457//1457
f 1448//1448 1457//1457 1456//1456
f 1449//1449 1443//1443 1451//1451
f 1449//1449 1451//1451 1457//1457
f 1451//1451 1450//1450 1458//1458
f 1451//1451 1458//1458 1459//1459
f 1450//1450 1452//1452 1460//1460
f 1450//1450 1460//1460 1458//1458
f 1452//1452 1453//1453 1461//1461
f 1452//1452 1461//1461 1460//1460
f 1453//1453 1454//1454 1462//1462
f 1453//1453 1462//1462 1461//1461
f 1454//1454 1455//1455 1463//1463
f 1454//1454 1463//1463 1462//1462
f 1455//1455 1456//1456 1464//1464
f 1455//1455 1464//1464 1463//1463
f 1456//1456 1457//1457 1465//1465
f 1456//1456 1465//1465 1464//1464
f 1457//1457 1451//1451 1459//1459
f 1457//1457 1459//1459 1465//1465
f 1459//1459 1458//1458 1466//1466
f 1459//1459 1466//1466 1467//1467
f 1458//1458 1460//1460 1468//1468
f 1458//1458 1468//1468 1466//1466
f 1460//1460 1461//1461 1469//1469
f 1460//1460 1469//1469 1468//1468
f 1461//1461 1462//1462 1470//1470
f 1461//1461 1470//1470 1469//1469
f 1462//1462 1463//1463 1471//1471
f 1462//1462 1471//1471 1470//1470
f 1463//1463 1464//1464 1472//1472
f 1463//1463 1472//1472 1471//1471
f 1464//1464 1465//1465 1473//1473
f 1464//1464 1473//1473 1472//1472
f 1465//1465 1459//1459 1467//1467
f 1465//1465 1467//1467 1473//1473
f 1467//1467 1466//1466 1474//1474
f 1467//1467 1474//1474 1475//1475
f 1466//1466 1468//1468 1476//1476
f 1466//1466 1476//1476 1474//1474
f 1468//1468 1469//1469 1477//1477
f 1468//1468 1477//1477 1476//1476
f 1469//1469 1470//1470 1478//1478
f 1469//1469 1478//1478 1477//1477
f 1470//1470 1471//1471 1479//1479
f 1470//1470 1479//1479 1478//1478
f 1471//1471 1472//1472 1480//1480
f 1471//1471 1480//1480 1479//1479
f 1472//1472 1473//1473 1481//1481
f 1472//1472 1481//1481 1480//1480
f 1473//1473 1467//1467 1475//1475
f 1473//1473 1475//1475 1481//1481
f 1475//1475 1474//1474 1482//1482
f 1475//1475 1482//1482 1483//1483
f 1474//1474 1476//1476 1484//1484
f 1474//1474 1484//1484 1482//1482
f 1476//1476 1477//1477 1485//1485
f 1476//1476 1485//1485 1484//1484
f 1477//1477 1478//1478 1486//1486
f 1477//1477 1486//1486 1485//1485
f 1478//1478 1479//1479 1487//1487
f 1478//1478 1487//1487 1486//1486
f 1479//1479 1480//1480 1488//1488
f 1479//1479 1488//1488 1487//1487
f 1480//1480 1481//1481 1489//1489
f 1480//1480 1489//1489 1488//1488
f 1481//1481 1475//1475 1483//1483
f 1481//1481 1483//1483 1489//1489
f 1483//1483 1482//1482 1490//1490
f 1483//1483 1490//1490 1491//1491
f 1482//1482 1484//1484 1492//1492
f 1482//1482 1492//1492 1490//1490
f 1484//1484 1485//1485 1493//1493
f 1484//1484 1493//1493 1492//1492
f 1485//1485 1486//1486 1494//1494
f 1485//1485 1494//1494 1493//1493
f 1486//1486 1487//1487 1495//1495
f 1486//1486 1495//1495 1494//1494
f 1487//1487 1488//1488 1496//1496
f 1487//1487 1496//1496 1495//1495
f 1488//1488 1489//1489 1497//1497
f 1488//1488 1497//1497 1496//1496
f 1489//1489 1483//1483 1491//1491
f 1489//1489 1491//1491 1497//1497
f 1491//1491 1490//1490 1498//1498
f 1491//1491 1498//1498 1499//1499
f 1490//1490 1492//1492 1500//1500
f 1490//1490 1500//1500 1498//1498
f 1492//1492 1493//1493 1501//1501
f 1492//1492 1501//1501 1500//1500
f 1493//1493 1494//1494 1502//1502
f 1493//1493 1502//1502 1501//1501
f 1494//1494 1495//1495 1503//1503
f 1494//1494 1503//1503 1502//1502
f 1495//1495 1496//1496 1504//1504
f 1495//1495 1504//1504 1503//1503
f 1496//1496 1497//1497 1505//1505
f 1496//1496 1505//1505 1504//1504
f 1497//1497 1491//1491 1499//1499
f 1497//1497 1499//1499 1505//1505
f 1499//1499 1498//1498 1506//1506
f 1499//1499 1506//1506 1507//1507
f 1498//1498 1500//1500 1508//1508
f 1498//1498 1508//1508 1506//1506
f 1500//1500 1501//1501 1509//1509
f 1500//1500 1509//1509 1508//1508
f 1501//1501 1502//1502 1510//1510
f 1501//1501 1510//1510 1509//1509
f 1502//1502 1503//1503 1511//1511
f 1502//1502 1511//1511 1510//1510
f 1503//1503 1504//1504 1512//1512
f 1503//1503 1512//1512 1511//1511
f 1504//1504 1505//1505 1513//1513
f 1504//1504 1513//1513 1512//1512
f 1505//1505 1499//1499 1507//1507
f 1505//1505 1507//1507 1513//1513
f 1507//1507 1506//1506 1514//1514
f 1507//1507 1514//1514 1515//1515
f 1506//1506 1508//1508 1516//1516
f 1506//1506 1516//1516 1514//1514
f 1508//1508 1509//1509 1517//1517
f 1508//1508 1517//1517 1516//1516
f 1509//1509 1510//1510 1518//1518
f 1509//1509 1518//1518 1517//1517
f 1510//1510 1511//1511 1519//1519
f 1510//1510 1519//1519 1518//1518
f 1511//1511 1512//1512 1520//1520
f 1511//1511 1520//1520 1519//1519
f 1512//1512 1513//1513 1521//1521
f 1512//1512 1521//1521 1520//1520
f 1513//1513 1507//1507 1515//1515
f 1513//1513 1515//1515 1521//1521
f 1515//1515 1514//1514 1522//1522
f 1515//1515 1522//1522 1523//1523
f 1514//1514 1516//1516 1524//1524
f 1514//1514 1524//1524 1522//1522
f 1516//1516 1517//1517 1525//1525
f 1516//1516 1525//1525 1524//1524
f 1517//1517 1518//1518 1526//1526
f 1517//1517 1526//1526 1525//1525
f 1518//1518 1519//1519 1527//1527
f 1518//1518 1527//1527 1526//1526
f 1519//1519 1520//1520 1528//1528
f 1519//1519 1528//1528 1527//1527
f 1520//1520 1521//1521 1529//1529
f 1520//1520 1529//1529 1528//1528
f 1521//1521 1515//1515 1523//1523
f 1521//1521 1523//1523 1529//1529
f 1523//1523 1522//1522 1530//1530
f 1523//1523 1530//1530 1531//1531
f 1522//1522 1524//1524 1532//1532
f 1522//1522 1532//1532 1530//1530
f 1524//1524 1525//1525 1533//1533
f 1524//1524 1533//1533 1532//1532
f 1525//1525 1526//1526 1534//1534
f 1525//1525 1534//1534 1533//1533
f 1526//1526 1527//1527 1535//1535
f 1526//1526 1535//1535 1534//1534
f 1527//1527 1528//1528 1536//1536
f 1527//1527 1536//1536 1535//1535
f 1528//1528 1529//1529 1537//1537
f 1528//1528 1537//1537 1536//1536
f 1529//1529 1523//1523 1531//1531
f 1529//1529 1531//1531 1537//1537
f 1531//1531 1530//1530 1538//1538
f 1531//1531 1538//1538 1539//1539
f 1530//1530 1532//1532 1540//1540
f 1530//1530 1540//1540 1538//1538
f 1532//1532 1533//1533 1541//1541
f 1532//1532 1541//1541 1540//1540
f 1533//1533 1534//1534 1542//1542
f 1533//1533 1542//1542 1541//1541
f 1534//1534 1535//1535 1543//1543
f 1534//1534 1543//1543 1542//1542
f 1535//1535 1536//1536 1544//1544
f 1535//1535 1544//1544 1543//1543
f 1536//1536 1537//1537 1545//1545
f 1536//1536 1545//1545 1544//1544
f 1537//1537 1531//1531 1539//1539
f 1537//1537 1539//1539 1545//1545
f 1539//1539 1538//1538 1540//1540
f 1539//1539 1540//1540 1541//1541
f 1539//1539 1541//1541 1542//1542
f 1539//1539 1542//1542 1543//1543
f 1539//1539 1543//1543 1544//1544
f 1539//1539 1544//1544 1545//1545
f 1546//1546 1547//1547 1548//1548
f 1546//1546 1548//1548 1549//1549
f 1546//1546 1549//1549 1550//1550
f 1546//1546 1550//1550 1551//1551
f 1546//1546 1551//1551 1552//1552
f 1546//1546 1552//1552 1553//1553
f 1553//1553 1552//1552 1554//1554
f 1553//1553 1554//1554 1555//1555
f 1552//1552 1551//1551 1556//1556
f 1552//1552 1556//1556 1554//1554
f 1551//1551 1550//1550 1557//1557
f 1551//1551 1557//1557 1556//1556
f 1550//1550 1549//1549 1558//1558
f 1550//1550 1558//1558 1557//1557
f 1549//1549 1548//1548 1559//1559
f 1549//1549 1559//1559 1558//1558
f 1548//1548 1547//1547 1560//1560
f 1548//1548 1560//1560 1559//1559
f 1547//1547 1546//1546 1561//1561
f 1547//1547 1561//1561 1560//1560
f 1546//1546 1553//1553 1555//1555
f 1546//1546 1555//1555 1561//1561
f 1555//1555 1554//1554 1562//1562
f 1555//1555 1562//1562 1563//1563
f 1554//1554 1556//1556 1564//1564
f 1554//1554 1564//1564 1562//1562
f 1556//1556 1557//1557 1565//1565
f 1556//1556 1565//1565 1564//1564
f 1557//1557 1558//1558 1566//1566
f 1557//1557 1566//1566 1565//1565
f 1558//1558 1559//1559 1567//1567
f 1558//1558 1567//1567 1566//1566
f 1559//1559 1560//1560 1568//1568
f 1559//1559 1568//1568 1567//1567
f 1560//1560 1561//1561 1569//1569
f 1560//1560 1569//1569 1568//1568
f 1561//1561 1555//1555 1563//1563
f 1561//1561 1563//1563 1569//1569
f 1563//1563 1562//1562 1570//1570
f 1563//1563 1570//1570 1571//1571
f 1562//1562 1564//1564 1572//1572
f 1562//1562 1572//1572 1570//1570
f 1564//1564 1565//1565 1573//1573
f 1564//1564 1573//1573 1572//1572
f 1565//1565 1566//1566 1574//1574
f 1565//1565 1574//1574 1573//1573
f 1566//1566 1567//1567 1575//1575
f 1566//1566 1575//1575 1574//1574
f 1567//1567 1568//1568 1576//1576
f 1567//1567 1576//1576 1575//1575
f 1568//1568 1569//1569 1577//1577
f 1568//1568 1577//1577 1576//1576
f 1569//1569 1563//1563 1571//1571
f 1569//1569 1571//1571 1577//1577
f 1571//1571 1570//1570 1578//1578
f 1571//1571 1578//1578 1579//1579
f 1570//1570 1572//1572 1580//1580
f 1570//1570 1580//1580 1578//1578
f 1572//1572 1573//1573 1581//1581
f 1572//1572 1581//1581 1580//1580
f 1573//1573 1574//1574 1582//1582
f 1573//1573 1582//1582 1581//1581
f 1574//1574 1575//1575 1583//1583
f 1574//1574 1583//1583 1582//1582
f 1575//1575 1576//1576 1584//1584
f 1575//1575 1584//1584 1583//1583
f 1576//1576 1577//1577 1585//1585
f 1576//1576 1585//1585 1584//1584
f 1577//1577 1571//1571 1579//1579
f 1577//1577 1579//1579 1585//1585
f 1579//1579 1578//1578 1586//1586
f 1579//1579 1586//1586 1587//1587
f 1578//1578 1580//1580 1588//1588
f 1578//1578 1588//1588 1586//1586
f 1580//1580 1581//1581 1589//1589
f 1580//1580 1589//1589 1588//1588
f 1581//1581 1582//1582 1590//1590
f 1581//1581 1590//1590 1589//1589
f 1582//1582 1583//1583 1591//1591
f 1582//1582 1591//1591 1590//1590
f 1583//1583 1584//1584 1592//1592
f 1583//1583 1592//1592 1591//1591
f 1584//1584 1585//1585 1593//1593
f 1584//1584 1593//1593 1592//1592
f 1585//1585 1579//1579 1587//1587
f 1585//1585 1587//1587 1593//1593
f 1587//1587 1586//1586 1594//1594
f 1587//1587 1594//1594 1595//1595
f 1586//1586 1588//1588 1596//1596
f 1586//1586 1596//1596 1594//1594
f 1588//1588 1589//1589 1597//1597
f 1588//1588 1597//1597 1596//1596
f 1589//1589 1590//1590 1598//1598
f 1589//1589 1598//1598 1597//1597
f 1590//1590 1591//1591 1599//1599
f 1590//1590 1599//1599 1598//1598
f 1591//1591 1592//1592 1600//1600
f 1591//1591 1600//1600 1599//1599
f 1592//1592 1593//1593 1601//1601
f 1592//1592 1601//1601 1600//1600
f 1593//1593 1587//1587 1595//1595
f 1593//1593 1595//1595 1601//1601
f 1595//1595 1594//1594 1602//1602
f 1595//1595 1602//1602 1603//1603
f 1594//1594 1596//1596 1604//1604
f 1594//1594 1604//1604 1602//1602
f 1596//1596 1597//1597 1605//1605
f 1596//1596 1605//1605 1604//1604
f 1597//1597 1598//1598 1606//1606
f 1597//1597 1606//1606 1605//1605
f 1598//1598 1599//1599 1607//1607
f 1598//1598 1607//1607 1606//1606
f 1599//1599 1600//1600 1608//1608
f 1599//1599 1608//1608 1607//1607
f 1600//1600 1601//1601 1609//1609
f 1600//1600 1609//1609 1608//1608
f 1601//1601 1595//1595 1603//1603
f 1601//1601 1603//1603 1609//1609
f 1603//1603 1602//1602 1610//1610
f 1603//1603 1610//1610 1611//1611
f 1602//1602 1604//1604 1612//1612
f 1602//1602 1612//1612 1610//1610
f 1604//1604 1605//1605 1613//1613
f 1604//1604 1613//1613 1612//1612
f 1605//1605 1606//1606 1614//1614
f 1605//1605 1614//1614 1613//1613
f 1606//1606 1607//1607 1615//1615
f 1606//1606 1615//1615 1614//1614
f 1607//1607 1608//1608 1616//1616
f 1607//1607 1616//1616 1615//1615
f 1608//1608 1609//1609 1617//1617
f 1608//1608 1617//1617 1616//1616
f 1609//1609 1603//1603 1611//1611
f 1609//1609 1611//1611 1617//1617
f 1611//1611 1610//1610 1618//1618
f 1611//1611 1618//1618 1619//1619
f 1610//1610 1612//1612 1620//1620
f 1610//1610 1620//1620 1618//1618
f 1612//1612 1613//1613 1621//1621
f 1612//1612 1621//1621 1620//1620
f 1613//1613 1614//1614 1622//1622
f 1613//1613 1622//1622 1621//1621
f 1614//1614 1615//1615 1623//1623
f 1614//1614 1623//1623 1622//1622
f 1615//1615 1616//1616 1624//1624
f 1615//1615 1624//1624 1623//1623
f 1616//1616 1617//1617 1625//1625
f 1616//1616 1625//1625 1624//1624
f 1617//1617 1611//1611 1619//1619
f 1617//1617 1619//1619 1625//1625
f 1619//1619 1618//1618 1626//1626
f 1619//1619 1626//1626 1627//1627
f 1618//1618 1620//1620 1628//1628
f 1618//1618 1628//1628 1626//1626
f 1620//1620 1621//1621 1629//1629
f 1620//1620 1629//1629 1628//1628
f 1621//1621 1622//1622 1630//1630
f 1621//1621 1630//1630 1629//1629
f 1622//1622 1623//1623 1631//1631
f 1622//1622 1631//1631 1630//1630
f 1623//1623 1624//1624 1632//1632
f 1623//1623 1632//1632 1631//1631
f 1624//1624 1625//1625 1633//1633
f 1624//1624 1633//1633 1632//1632
f 1625//1625 1619//1619 1627//1627
f 1625//1625 1627//1627 1633//1633
f 1627//1627 1626//1626 1634//1634
f 1627//1627 1634//1634 1635//1635
f 1626//1626 1628//1628 1636//1636
f 1626//1626 1636//1636 1634//1634
f 1628//1628 1629//1629 1637//1637
f 1628//1628 1637//1637 1636//1636
f 1629//1629 1630//1630 1638//1638
f 1629//1629 1638//1638 1637//1637
f 1630//1630 1631//1631 1639//1639
f 1630//1630 1639//1639 1638//1638
f 1631//1631 1632//1632 1640//1640
f 1631//1631 1640//1640 1639//1639
f 1632//1632 1633//1633 1641//1641
f 1632//1632 1641//1641 1640//1640
f 1633//1633 1627//1627 1635//1635
f 1633//1633 1635//1635 1641//1641
f 1635//1635 1634//1634 1642//1642
f 1635//1635 1642//1642 1643//1643
f 1634//1634 1636//1636 1644//1644
f 1634//1634 1644//1644 1642//1642
f 1636//1636 1637//1637 1645//1645
f 1636//1636 1645//1645 1644//1644
f 1637//1637 1638//1638 1646//1646
f 1637//1637 1646//1646 1645//1645
f 1638//1638 1639//1639 1647//1647
f 1638//1638 1647//1647 1646//1646
f 1639//1639 1640//1640 1648//1648
f 1639//1639 1648//1648 1647//1647
f 1640//1640 1641//1641 1649//1649
f 1640//1640 1649//1649 1648//1648
f 1641//1641 1635//1635 1643//1643
f 1641//1641 1643//1643 1649//1649
f 1643//1643 1642//1642 1650//1650
f 1643//1643 1650//1650 1651//1651
f 1642//1642 1644//1644 1652//1652
f 1642//1642 1652//1652 1650//1650
f 1644//1644 1645//1645 1653//1653
f 1644//1644 1653//1653 1652//1652
f 1645//1645 1646//1646 1654//1654
f 1645//1645 1654//1654 1653//1653
f 1646//1646 1647//1647 1655//1655
f 1646//1646 1655//1655 1654//1654
f 1647//1647 1648//1648 1656//1656
f 1647//1647 1656//1656 1655//1655
f 1648//1648 1649//1649 1657//1657
f 1648//1648 1657//1657 1656//1656
f 1649//1649 1643//1643 1651//1651
f 1649//1649 1651//1651 1657//1657
f 1651//1651 1650//1650 1658//1658
f 1651//1651 1658//1658 1659//1659
f 1650//1650 1652//1652 1660//1660
f 1650//1650 1660//1660 1658//1658
f 1652//1652 1653//1653 1661//1661
f 1652//1652 1661//1661 1660//1660
f 1653//1653 1654//1654 1662//1662
f 1653//1653 1662//1662 1661//1661
f 1654//1654 1655//1655 1663//1663
f 1654//1654 1663//1663 1662//1662
f 1655//1655 1656//1656 1664//1664
f 1655//1655 1664//1664 1663//1663
f 1656//1656 1657//1657 1665//1665
f 1656//1656 1665//1665 1664//1664
f 1657//1657 1651//1651 1659//1659
f 1657//1657 1659//1659 1665//1665
f 1659//1659 1658//1658 1666//1666
f 1659//1659 1666//1666 1667//1667
f 1658//1658 1660//1660 1668//1668
f 1658//1658 1668//1668 1666//1666
f 1660//1660 1661//1661 1669//1669
f 1660//1660 1669//1669 1668//1668
f 1661//1661 1662//1662 1670//1670
f 1661//1661 1670//1670 1669//1669
f 1662//1662 1663//1663 1671//1671
f 1662//1662 1671//1671 1670//1670
f 1663//1663 1664//1664 1672//1672
f 1663//1663 1672//1672 1671//1671
f 1664//1664 1665//1665 1673//1673
f 1664//1664 1673//1673 1672//1672
f 1665//1665 1659//1659 1667//1667
f 1665//1665 1667//1667 1673//1673
f 1667//1667 1666//1666 1674//1674
f 1667//1667 1674//1674 1675//1675
f 1666//1666 1668//1668 1676//1676
f 1666//1666 1676//1676 1674//1674
f 1668//1668 1669//1669 1677//1677
f 1668//1668 1677//1677 1676//1676
f 1669//1669 1670//1670 1678//1678
f 1669//1669 1678//1678 1677//1677
f 1670//1670 1671//1671 1679//1679
f 1670//1670 1679//1679 1678//1678
f 1671//1671 1672//1672 1680//1680
f 1671//1671 1680//1680 1679//1679
f 1672//1672 1673//1673 1681//1681
f 1672//1672 1681//1681 1680//1680
f 1673//1673 1667//1667 1675//1675
f 1673//1673 1675//1675 1681//1681
f 1675//1675 1674//1674 1676//1676
f 1675//1675 1676//1676 1677//1677
f 1675//1675 1677//1677 1678//1678
f 1675//1675 1678//1678 1679//1679
f 1675//1675 1679//1679 1680//1680
f 1675//1675 1680//1680 1681//1681
f 1682//1682 1683//1683 1684//1684
f 1682//1682 1684//1684 1685//1685
f 1682//1682 1685//1685 1686//1686
f 1682//1682 1686//1686 1687//1687
f 1682//1682 1687//1687 1688//1688
f 1682//1682 1688//1688 1689//1689
f 1689//1689 1688//1688 1690//1690
f 1689//1689 1690//1690 1691//1691
f 1688//1688 1687//1687 1692//1692
f 1688//1688 1692//1692 1690//1690
f 1687//1687 1686//1686 1693//1693
f 1687//1687 1693//1693 1692//1692
f 1686//1686 1685//1685 1694//1694
f 1686//1686 1694//1694 1693//1693
f 1685//1685 1684//1684 1695//1695
f 1685//1685 1695//1695 1694//1694
f 1684//1684 1683//1683 1696//1696
f 1684//1684 1696//1696 1695//1695
f 1683//1683 1682//1682 1697//1697
f 1683//1683 1697//1697 1696//1696
f 1682//1682 1689//1689 1691//1691
f 1682//1682 1691//1691 1697//1697
f 1691//1691 1690//1690 1698//1698
f 1691//1691 1698//1698 1699//1699
f 1690//1690 1692//1692 1700//1700
f 1690//1690 1700//1700 1698//1698
f 1692//1692 1693//1693 1701//1701
f 1692//1692 1701//1701 1700//1700
f 1693//1693 1694//1694 1702//1702
f 1693//1693 1702//1702 1701//1701
f 1694//1694 1695//1695 1703//1703
f 1694//1694 1703//1703 1702//1702
f 1695//1695 1696//1696 1704//1704
f 1695//1695 1704//1704 1703//1703
f 1696//1696 1697//1697 1705//1705
f 1696//1696 1705//1705 1704//1704
f 1697//1697 1691//1691 1699//1699
f 1697//1697 1699//1699 1705//1705
f 1699//1699 1698//1698 1706//1706
f 1699//1699 1706//1706 1707//1707
f 1698//1698 1700//1700 1708//1708
f 1698//1698 1708//1708 1706//1706
f 1700//1700 1701//1701 1709//1709
f 1700//1700 1709//1709 1708//1708
f 1701//1701 1702//1702 1710//1710
f 1701//1701 1710//1710 1709//1709
f 1702//1702 1703//1703 1711//1711
f 1702//1702 1711//1711 1710//1710
f 1703//1703 1704//1704 1712//1712
f 1703//1703 1712//1712 1711//1711
f 1704//1704 1705//1705 1713//1713
f 1704//1704 1713//1713 1712//1712
f 1705//1705 1699//1699 1707//1707
f 1705//1705 1707//1707 1713//1713
f 1707//1707 1706//1706 1714//1714
f 1707//1707 1714//1714 1715//1715
f 1706//1706 1708//1708 1716//1716
f 1706//1706 1716//1716 1714//1714
f 1708//1708 1709//1709 1717//1717
f 1708//1708 1717//1717 1716//1716
f 1709//1709 1710//1710 1718//1718
f 1709//1709 1718//1718 1717//1717
f 1710//1710 1711//1711 1719//1719
f 1710//1710 1719//1719 1718//1718
f 1711//1711 1712//1712 1720//1720
f 1711//1711 1720//1720 1719//1719
f 1712//1712 1713//1713 1721//1721
f 1712//1712 1721//1721 1720//1720
f 1713//1713 1707//1707 1715//1715
f 1713//1713 1715//1715 1721//1721
f 1715//1715 1714//1714 1722//1722
f 1715//1715 1722//1722 1723//1723
f 1714//1714 1716//1716 1724//1724
f 1714//1714 1724//1724 1722//1722
f 1716//1716 1717//1717 1725//1725
f 1716//1716 1725//1725 1724//1724
f 1717//1717 1718//1718 1726//1726
f 1717//1717 1726//1726 1725//1725
f 1718//1718 1719//1719 1727//1727
f 1718//1718 1727//1727 1726//1726
f 1719//1719 1720//1720 1728//1728
f 1719//1719 1728//1728 1727//1727
f 1720//1720 1721//1721 1729//1729
f 1720//1720 1729//1729 1728//1728
f 1721//1721 1715//1715 1723//1723
f 1721//1721 1723//1723 1729//1729
f 1723//1723 1722//1722 1730//1730
f 1723//1723 1730//1730 1731//1731
f 1722//1722 1724//1724 1732//1732
f 1722//1722 1732//1732 1730//1730
f 1724//1724 1725//1725 1733//1733
f 1724//1724 1733//1733 1732//1732
f 1725//1725 1726//1726 1734//1734
f 1725//1725 1734//1734 1733//1733
f 1726//1726 1727//1727 1735//1735
f 1726//1726 1735//1735 1734//1734
f 1727//1727 1728//1728 1736//1736
f 1727//1727 1736//1736 1735//1735
f 1728//1728 1729//1729 1737//1737
f 1728//1728 1737//1737 1736//1736
f 1729//1729 1723//1723 1731//1731
f 1729//1729 1731//1731 1737//1737
f 1731//1731 1730//1730 1738//1738
f 1731//1731 1738//1738 1739//1739
f 1730//1730 1732//1732 1740//1740
f 1730//1730 1740//1740 1738//1738
f 1732//1732 1733//1733 1741//1741
f 1732//1732 1741//1741 1740//1740
f 1733//1733 1734//1734 1742//1742
f 1733//1733 1742//1742 1741//1741
f 1734//1734 1735//1735 1743//1743
f 1734//1734 1743//1743 1742//1742
f 1735//1735 1736//1736 1744//1744
f 1735//1735 1744//1744 1743//1743
f 1736//1736 1737//1737 1745//1745
f 1736//1736 1745//1745 1744//1744
f 1737//1737 1731//1731 1739//1739
f 1737//1737 1739//1739 1745//1745
f 1739//1739 1738//1738 1746//1746
f 1739//1739 1746//1746 1747//1747
f 1738//1738 1740//1740 1748//1748
f 1738//1738 1748//1748 1746//1746
f 1740//1740 1741//1741 1749//1749
f 1740//1740 1749//1749 1748//1748
f 1741//1741 1742//1742 1750//1750
f 1741//1741 1750//1750 1749//1749
f 1742//1742 1743//1743 1751//1751
f 1742//1742 1751//1751 1750//1750
f 1743//1743 1744//1744 1752//1752
f 1743//1743 1752//1752 1751//1751
f 1744//1744 1745//1745 1753//1753
f 1744//1744 1753//1753 1752//1752
f 1745//1745 1739//1739 1747//1747
f 1745//1745 1747//1747 1753//1753
f 1747//1747 1746//1746 1754//1754
f 1747//1747 1754//1754 1755//1755
f 1746//1746 1748//1748 1756//1756
f 1746//1746 1756//1756 1754//1754
f 1748//1748 1749//1749 1757//1757
f 1748//1748 1757//1757 1756//1756
f 1749//1749 1750//1750 1758//1758
f 1749//1749 1758//1758 1757//1757
f 1750//1750 1751//1751 1759//1759
f 1750//1750 1759//1759 1758//1758
f 1751//1751 1752//1752 1760//1760
f 1751//1751 1760//1760 1759//1759
f 1752//1752 1753//1753 1761//1761
f 1752//1752 1761//1761 1760//1760
f 1753//1753 1747//1747 1755//1755
f 1753//1753 1755//1755 1761//1761
f 1755//1755 1754//1754 1762//1762
f 1755//1755 1762//1762 1763//1763
f 1754//1754 1756//1756 1764//1764
f 1754//1754 1764//1764 1762//1762
f 1756//1756 1757//1757 1765//1765
f 1756//1756 1765//1765 1764//1764
f 1757//1757 1758//1758 1766//1766
f 1757//1757 1766//1766 1765//1765
f 1758//1758 1759//1759 1767//1767
f 1758//1758 1767//1767 1766//1766
f 1759//1759 1760//1760 1768//1768
f 1759//1759 1768//1768 1767//1767
f 1760//1760 1761//1761 1769//1769
f 1760//1760 1769//1769 1768//1768
f 1761//1761 1755//1755 1763//1763
f 1761//1761 1763//1763 1769//1769
f 1763//1763 1762//1762 1770//1770
f 1763//1763 1770//1770 1771//1771
f 1762//1762 1764//1764 1772//1772
f 1762//1762 1772//1772 1770//1770
f 1764//1764 1765//1765 1773//1773
f 1764//1764 1773//1773 1772//1772
f 1765//1765 1766//1766 1774//1774
f 1765//1765 1774//1774 1773//1773
f 1766//1766 1767//1767 1775//1775
f 1766//1766 1775//1775 1774//1774
f 1767//1767 1768//1768 1776//1776
f 1767//1767 1776//1776 1775//1775
f 1768//1768 1769//1769 1777//1777
f 1768//1768 1777//1777 1776//1776
f 1769//1769 1763//1763 1771//1771
f 1769//1769 1771//1771 1777//1777
f 1771//1771 1770//1770 1778//1778
f 1771//1771 1778//1778 1779//1779
f 1770//1770 1772//1772 1780//1780
f 1770//1770 1780//1780 1778//1778
f 1772//1772 1773//1773 1781//1781
f 1772//1772 1781//1781 1780//1780
f 1773//1773 1774//1774 1782//1782
f 1773//1773 1782//1782 1781//1781
f 1774//1774 1775//1775 1783//1783
f 1774//1774 1783//1783 1782//1782
f 1775//1775 1776//1776 1784//1784
f 1775//1775 1784//1784 1783//1783
f 1776//1776 1777//1777 1785//1785
f 1776//1776 1785//1785 1784//1784
f 1777//1777 1771//1771 1779//1779
f 1777//1777 1779//1779 1785//1785
f 1779//1779 1778//1778 1786//1786
f 1779//1779 1786//1786 1787//1787
f 1778//1778 1780//1780 1788//1788
f 1778//1778 1788//1788 1786//1786
f 1780//1780 1781//1781 1789//1789
f 1780//1780 1789//1789 1788//1788
f 1781//1781 1782//1782 1790//1790
f 1781//1781 1790//1790 1789//1789
f 1782//1782 1783//1783 1791//1791
f 1782//1782 1791//1791 1790//1790
f 1783//1783 1784//1784 1792//1792
f 1783//1783 1792//1792 1791//1791
f 1784//1784 1785//1785 1793//1793
f 1784//1784 1793//1793 1792//1792
f 1785//1785 1779//1779 1787//1787
f 1785//1785 1787//1787 1793//1793
f 1787//1787 1786//1786 1794//1794
f 1787//1787 1794//1794 1795//1795
f 1786//1786 1788//1788 1796//1796
f 1786//1786 1796//1796 1794//1794
f 1788//1788 1789//1789 1797//1797
f 1788//1788 1797//1797 1796//1796
f 1789//1789 1790//1790 1798//1798
f 1789//1789 1798//1798 1797//1797
f 1790//1790 1791//1791 1799//1799
f 1790//1790 1799//1799 1798//1798
f 1791//1791 1792//1792 1800//1800
f 1791//1791 1800//1800 1799//1799
f 1792//1792 1793//1793 1801//1801
f 1792//1792 1801//1801 1800//1800
f 1793//1793 1787//1787 1795//1795
f 1793//1793 1795//1795 1801//1801
f 1795//1795 1794//1794 1802//1802
f 1795//1795 1802//1802 1803//1803
f 1794//1794 1796//1796 1804//1804
f 1794//1794 1804//1804 1802//1802
f 1796//1796 1797//1797 1805//1805
f 1796//1796 1805//1805 1804//1804
f 1797//1797 1798//1798 1806//1806
f 1797//1797 1806//1806 1805//1805
f 1798//1798 1799//1799 1807//1807
f 1798//1798 1807//1807 1806//1806
f 1799//1799 1800//1800 1808//1808
f 1799//1799 1808//1808 1807//1807
f 1800//1800 1801//1801 1809//1809
f 1800//1800 1809//1809 1808//1808
f 1801//1801 1795//1795 1803//1803
f 1801//1801 1803//1803 1809//1809
f 1803//1803 1802//1802 1810//1810
f 1803//1803 1810//1810 1811//1811
f 1802//1802 1804//1804 1812//1812
f 1802//1802 1812//1812 1810//1810
f 1804//1804 1805//1805 1813//1813
f 1804//1804 1813//1813 1812//1812
f 1805//1805 1806//1806 1814//1814
f 1805//1805 1814//1814 1813//1813
f 1806//1806 1807//1807 1815//1815
f 1806//1806 1815//1815 1814//1814
f 1807//1807 1808//1808 1816//1816
f 1807//1807 1816//1816 1815//1815
f 1808//1808 1809//1809 1817//1817
f 1808//1808 1817//1817 1816//1816
f 1809//1809 1803//1803 1811//1811
f 1809//1809 1811//1811 1817//1817
f 1811//1811 1810//1810 1812//1812
f 1811//1811 1812//1812 1813//1813
f 1811//1811 1813//1813 1814//1814
f 1811//1811 1814//1814 1815//1815
f 1811//1811 1815//1815 1816//1816
f 1811//1811 1816//1816 1817//1817
f 1818//1818 1819//1819 1820//1820
f 1818//1818 1820//1820 1821//1821
f 1818//1818 1821//1821 1822//1822
f 1818//1818 1822//1822 1823//1823
f 1818//1818 1823//1823 1824//1824
f 1818//1818 1824//1824 1825//1825
f 1825//1825 1824//1824 1826//1826
f 1825//1825 1826//1826 1827//1827
f 1824//1824 1823//1823 1828//1828
f 1824//1824 1828//1828 1826//1826
f 1823//1823 1822//1822 1829//1829
f 1823//1823 1829//1829 1828//1828
f 1822//1822 1821//1821 1830//1830
f 1822//1822 1830//1830 1829//1829
f 1821//1821 1820//1820 1831//1831
f 1821//1821 1831//1831 1830//1830
f 1820//1820 1819//1819 1832//1832
f 1820//1820 1832//1832 1831//1831
f 1819//1819 1818//1818 1833//1833
f 1819//1819 1833//1833 1832//1832
f 1818//1818 1825//1825 1827//1827
f 1818//1818 1827//1827 1833//1833
f 1827//1827 1826//1826 1834//1834
f 1827//1827 1834//1834 1835//1835
f 1826//1826 1828//1828 1836//1836
f 1826//1826 1836//1836 1834//1834
f 1828//1828 1829//1829 1837//1837
f 1828//1828 1837//1837 1836//1836
f 1829//1829 1830//1830 1838//1838
f 1829//1829 1838//1838 1837//1837
f 1830//1830 1831//1831 1839//1839
f 1830//1830 1839//1839 1838//1838
f 1831//1831 1832//1832 1840//1840
f 1831//1831 1840//1840 1839//1839
f 1832//1832 1833//1833 1841//1841
f 1832//1832 1841//1841 1840//1840
f 1833//1833 1827//1827 1835//1835
f 1833//1833 1835//1835 1841//1841
f 1835//1835 1834//1834 1842//1842
f 1835//1835 1842//1842 1843//1843
f 1834//1834 1836//1836 1844//1844
f 1834//1834 1844//1844 1842//1842
f 1836//1836 1837//1837 1845//1845
f 1836//1836 1845//1845 1844//1844
f 1837//1837 1838//1838 1846//1846
f 1837//1837 1846//1846 1845//1845
f 1838//1838 1839//1839 1847//1847
f 1838//1838 1847//1847 1846//1846
f 1839//1839 1840//1840 1848//1848
f 1839//1839 1848//1848 1847//1847
f 1840//1840 1841//1841 1849//1849
f 1840//1840 1849//1849 1848//1848
f 1841//1841 1835//1835 1843//1843
f 1841//1841 1843//1843 1849//1849
f 1843//1843 1842//1842 1850//1850
f 1843//1843 1850//1850 1851//1851
f 1842//1842 1844//1844 1852//1852
f 1842//1842 1852//1852 1850//1850
f 1844//1844 1845//1845 1853//1853
f 1844//1844 1853//1853 1852//1852
f 1845//1845 1846//1846 1854//1854
f 1845//1845 1854//1854 1853//1853
f 1846//1846 1847//1847 1855//1855
f 1846//1846 1855//1855 1854//1854
f 1847//1847 1848//1848 1856//1856
f 1847//1847 1856//1856 1855//1855
f 1848//1848 1849//1849 1857//1857
f 1848//1848 1857//1857 1856//1856
f 1849//1849 1843//1843 1851//1851
f 1849//1849 1851//1851 1857//1857
f 1851//1851 1850//1850 1858//1858
f 1851//1851 1858//1858 1859//1859
f 1850//1850 1852//1852 1860//1860
f 1850//1850 1860//1860 1858//1858
f 1852//1852 1853//1853 1861//1861
f 1852//1852 1861//1861 1860//1860
f 1853//1853 1854//1854 1862//1862
f 1853//1853 1862//1862 1861//1861
f 1854//1854 1855//1855 1863//1863
f 1854//1854 1863//1863 1862//1862
f 1855//1855 1856//1856 1864//1864
f 1855//1855 1864//1864 1863//1863
f 1856//1856 1857//1857 1865//1865
f 1856//1856 1865//1865 1864//1864
f 1857//1857 1851//1851 1859//1859
f 1857//1857 1859//1859 1865//1865
f 1859//1859 1858//1858 1866//1866
f 1859//1859 1866//1866 1867//1867
f 1858//1858 1860//1860 1868//1868
f 1858//1858 1868//1868 1866//1866
f 1860//1860 1861//1861 1869//1869
f 1860//1860 1869//1869 1868//1868
f 1861//1861 1862//1862 1870//1870
f 1861//1861 1870//1870 1869//1869
f 1862//1862 1863//1863 1871//1871
f 1862//1862 1871//1871 1870//1870
f 1863//1863 1864//1864 1872//1872
f 1863//1863 1872//1872 1871//1871
f 1864//1864 1865//1865 1873//1873
f 1864//1864 1873//1873 1872//1872
f 1865//1865 1859//1859 1867//1867
f 1865//1865 1867//1867 1873//1873
f 1867//1867 1866//1866 1874//1874
f 1867//1867 1874//1874 1875//1875
f 1866//1866 1868//1868 1876//1876
f 1866//1866 1876//1876 1874//1874
f 1868//1868 1869//1869 1877//1877
f 1868//1868 1877//1877 1876//1876
f 1869//1869 1870//1870 1878//1878
f 1869//1869 1878//1878 1877//1877
f 1870//1870 1871//1871 1879//1879
f 1870//1870 1879//1879 1878//1878
f 1871//1871 1872//1872 1880//1880
f 1871//1871 1880//1880 1879//1879
f 1872//1872 1873//1873 1881//1881
f 1872//1872 1881//1881 1880//1880
f 1873//1873 1867//1867 1875//1875
f 1873//1873 1875//1875 1881//1881
f 1875//1875 1874//1874 1882//1882
f 1875//1875 1882//1882 1883//1883
f 1874//1874 1876//1876 1884//1884
f 1874//1874 1884//1884 1882//1882
f 1876//1876 1877//1877 1885//1885
f 1876//1876 1885//1885 1884//1884
f 1877//1877 1878//1878 1886//1886
f 1877//1877 1886//1886 1885//1885
f 1878//1878 1879//1879 1887//1887
f 1878//1878 1887//1887 1886//1886
f 1879//1879 1880//1880 1888//1888
f 1879//1879 1888//1888 1887//1887
f 1880//1880 1881//1881 1889//1889
f 1880//1880 1889//1889 1888//1888
f 1881//1881 1875//1875 1883//1883
f 1881//1881 1883//1883 1889//1889
f 1883//1883 1882//1882 1890//1890
f 1883//1883 1890//1890 1891//1891
f 1882//1882 1884//1884 1892//1892
f 1882//1882 1892//1892 1890//1890
f 1884//1884 1885//1885 1893//1893
f 1884//1884 1893//1893 1892//1892
f 1885//1885 1886//1886 1894//1894
f 1885//1885 1894//1894 1893//1893
f 1886//1886 1887//1887 1895//1895
f 1886//1886 1895//1895 1894//1894
f 1887//1887 1888//1888 1896//1896
f 1887//1887 1896//1896 1895//1895
f 1888//1888 1889//1889 1897//1897
f 1888//1888 1897//1897 1896//1896
f 1889//1889 1883//1883 1891//1891
f 1889//1889 1891//1891 1897//1897
f 1891//1891 1890//1890 1898//1898
f 1891//1891 1898//1898 1899//1899
f 1890//1890 1892//1892 1900//1900
f 1890//1890 1900//1900 1898//1898
f 1892//1892 1893//1893 1901//1901
f 1892//1892 1901//1901 1900//1900
f 1893//1893 1894//1894 1902//1902
f 1893//1893 1902//1902 1901//1901
f 1894//1894 1895//1895 1903//1903
f 1894//1894 1903//1903 1902//1902
f 1895//1895 1896//1896 1904//1904
f 1895//1895 1904//1904 1903//1903
f 1896//1896 1897//1897 1905//1905
f 1896//1896 1905//1905 1904//1904
f 1897//1897 1891//1891 1899//1899
f 1897//1897 1899//1899 1905//1905
f 1899//1899 1898//1898 1906//1906
f 1899//1899 1906//1906 1907//1907
f 1898//1898 1900//1900 1908//1908
f 1898//1898 1908//1908 1906//1906
f 1900//1900 1901//1901 1909//1909
f 1900//1900 1909//1909 1908//1908
f 1901//1901 1902//1902 1910//1910
f 1901//1901 1910//1910 1909//1909
f 1902//1902 1903//1903 1911//1911
f 1902//1902 1911//1911 1910//1910
f 1903//1903 1904//1904 1912//1912
f 1903//1903 1912//1912 1911//1911
f 1904//1904 1905//1905 1913//1913
f 1904//1904 1913//1913 1912//1912
f 1905//1905 1899//1899 1907//1907
f 1905//1905 1907//1907 1913//1913
f 1907//1907 1906//1906 1914//1914
f 1907//1907 1914//1914 1915//1915
f 1906//1906 1908//1908 1916//1916
f 1906//1906 1916//1916 1914//1914
f 1908//1908 1909//1909 1917//1917
f 1908//1908 1917//1917 1916//1916
f 1909//1909 1910//1910 1918//1918
f 1909//1909 1918//1918 1917//1917
f 1910//1910 1911//1911 1919//1919
f 1910//1910 1919//1919 1918//1918
f 1911//1911 1912//1912 1920//1920
f 1911//1911 1920//1920 1919//1919
f 1912//1912 1913//1913 1921//1921
f 1912//1912 1921//1921 1920//1920
f 1913//1913 1907//1907 1915//1915
f 1913//1913 1915//1915 1921//1921
f 1915//1915 1914//1914 1922//1922
f 1915//1915 1922//1922 1923//1923
f 1914//1914 1916//1916 1924//1924
f 1914//1914 1924//1924 1922//1922
f 1916//1916 1917//1917 1925//1925
f 1916//1916 1925//1925 1924//1924
f 1917//1917 1918//1918 1926//1926
f 1917//1917 1926//1926 1925//1925
f 1918//1918 1919//1919 1927//1927
f 1918//1918 1927//1927 1926//1926
f 1919//1919 1920//1920 1928//1928
f 1919//1919 1928//1928 1927//1927
f 1920//1920 1921//1921 1929//1929
f 1920//1920 1929//1929 1928//1928
f 1921//1921 1915//1915 1923//1923
f 1921//1921 1923//1923 1929//1929
f 1923//1923 1922//1922 1930//1930
f 1923//1923 1930//1930 1931//1931
f 1922//1922 1924//1924 1932//1932
f 1922//1922 1932//1932 1930//1930
f 1924//1924 1925//1925 1933//1933
f 1924//1924 1933//1933 1932//1932
f 1925//1925 1926//1926 1934//1934
f 1925//1925 1934//1934 1933//1933
f 1926//1926 1927//1927 1935//1935
f 1926//1926 1935//1935 1934//1934
f 1927//1927 1928//1928 1936//1936
f 1927//1927 1936//1936 1935//1935
f 1928//1928 1929//1929 1937//1937
f 1928//1928 1937//1937 1936//1936
f 1929//1929 1923//1923 1931//1931
f 1929//1929 1931//1931 1937//1937
f 1931//1931 1930//1930 1938//1938
f 1931//1931 1938//1938 1939//1939
f 1930//1930 1932//1932 1940//1940
f 1930//1930 1940//1940 1938//1938
f 1932//1932 1933//1933 1941//1941
f 1932//1932 1941//1941 1940//1940
f 1933//1933 1934//1934 1942//1942
f 1933//1933 1942//1942 1941//1941
f 1934//1934 1935//1935 1943//1943
f 1934//1934 1943//1943 1942//1942
f 1935//1935 1936//1936 1944//1944
f 1935//1935 1944//1944 1943//1943
f 1936//1936 1937//1937 1945//1945
f 1936//1936 1945//1945 1944//1944
f 1937//1937 1931//1931 1939//1939
f 1937//1937 1939//1939 1945//1945
f 1939//1939 1938//1938 1946//1946
f 1939//1939 1946//1946 1947//1947
f 1938//1938 1940//1940 1948//1948
f 1938//1938 1948//1948 1946//1946
f 1940//1940 1941//1941 1949//1949
f 1940//1940 1949//1949 1948//1948
f 1941//1941 1942//1942 1950//1950
f 1941//1941 1950//1950 1949//1949
f 1942//1942 1943//1943 1951//1951
f 1942//1942 1951//1951 1950//1950
f 1943//1943 1944//1944 1952//1952
f 1943//1943 1952//1952 1951//1951
f 1944//1944 1945//1945 1953//1953
f 1944//1944 1953//1953 1952//1952
f 1945//1945 1939//1939 1947//1947
f 1945//1945 1947//1947 1953//1953
f 1947//1947 1946//1946 1948//1948
f 1947//1947 1948//1948 1949//1949
f 1947//1947 1949//1949 1950//1950
f 1947//1947 1950//1950 1951//1951
f 1947//1947 1951//1951 1952//1952
f 1947//1947 1952//1952 1953//1953
f 1954//1954 1955//1955 1956//1956
f 1954//1954 1956//1956 1957//1957
f 1954//1954 1957//1957 1958//1958
f 1954//1954 1958//1958 1959//1959
f 1954//1954 1959//1959 1960//1960
f 1954//1954 1960//1960 1961//1961
f 1961//1961 1960//1960 1962//1962
f 1961//1961 1962//1962 1963//1963
f 1960//1960 1959//1959 1964//1964
f 1960//1960 1964//1964 1962//1962
f 1959//1959 1958//1958 1965//1965
f 1959//1959 1965//1965 1964//1964
f 1958//1958 1957//1957 1966//1966
f 1958//1958 1966//1966 1965//1965
f 1957//1957 1956//1956 1967//1967
f 1957//1957 1967//1967 1966//1966
f 1956//1956 1955//1955 1968//1968
f 1956//1956 1968//1968 1967//1967
f 1955//1955 1954//1954 1969//1969
f 1955//1955 1969//1969 1968//1968
f 1954//1954 1961//1961 1963//1963
f 1954//1954 1963//1963 1969//1969
f 1963//1963 1962//1962 1970//1970
f 1963//1963 1970//1970 1971//1971
f 1962//1962 1964//1964 1972//1972
f 1962//1962 1972//1972 1970//1970
f 1964//1964 1965//1965 1973//1973
f 1964//1964 1973//1973 1972//1972
f 1965//1965 1966//1966 1974//1974
f 1965//1965 1974//1974 1973//1973
f 1966//1966 1967//1967 1975//1975
f 1966//1966 1975//1975 1974//1974
f 1967//1967 1968//1968 1976//1976
f 1967//1967 1976//1976 1975//1975
f 1968//1968 1969//1969 1977//1977
f 1968//1968 1977//1977 1976//1976
f 1969//1969 1963//1963 1971//1971
f 1969//1969 1971//1971 1977//1977
f 1971//1971 1970//1970 1978//1978
f 1971//1971 1978//1978 1979//1979
f 1970//1970 1972//1972 1980//1980
f 1970//1970 1980//1980 1978//1978
f 1972//1972 1973//1973 1981//1981
f 1972//1972 1981//1981 1980//1980
f 1973//1973 1974//1974 1982//1982
f 1973//1973 1982//1982 1981//1981
f 1974//1974 1975//1975 1983//1983
f 1974//1974 1983//1983 1982//1982
f 1975//1975 1976//1976 1984//1984
f 1975//1975 1984//1984 1983//1983
f 1976//1976 1977//1977 1985//1985
f 1976//1976 1985//1985 1984//1984
f 1977//1977 1971//1971 1979//1979
f 1977//1977 1979//1979 1985//1985
f 1979//1979 1978//1978 1986//1986
f 1979//1979 1986//1986 1987//1987
f 1978//1978 1980//1980 1988//1988
f 1978//1978 1988//1988 1986//1986
f 1980//1980 1981//1981 1989//1989
f 1980//1980 1989//1989 1988//1988
f 1981//1981 1982//1982 1990//1990
f 1981//1981 1990//1990 1989//1989
f 1982//1982 1983//1983 1991//1991
f 1982//1982 1991//1991 1990//1990
f 1983//1983 1984//1984 1992//1992
f 1983//1983 1992//1992 1991//1991
f 1984//1984 1985//1985 1993//1993
f 1984//1984 1993//1993 1992//1992
f 1985//1985 1979//1979 1987//1987
f 1985//1985 1987//1987 1993//1993
f 1987//1987 1986//1986 1994//1994
f 1987//1987 1994//1994 1995//1995
f 1986//1986 1988//1988 1996//1996
f 1986//1986 1996//1996 1994//1994
f 1988//1988 1989//1989 1997//1997
f 1988//1988 1997//1997 1996//1996
f 1989//1989 1990//1990 1998//1998
f 1989//1989 1998//1998 1997//1997
f 1990//1990 1991//1991 1999//1999
f 1990//1990 1999//1999 1998//1998
f 1991//1991 1992//1992 2000//2000
f 1991//1991 2000//2000 1999//1999
f 1992//1992 1993//1993 2001//2001
f 1992//1992 2001//2001 2000//2000
f 1993//1993 1987//1987 1995//1995
f 1993//1993 1995//1995 2001//2001
f 1995//1995 1994//1994 2002//2002
f 1995//1995 2002//2002 2003//2003
f 1994//1994 1996//1996 2004//2004
f 1994//1994 2004//2004 2002//2002
f 1996//1996 1997//1997 2005//2005
f 1996//1996 2005//2005 2004//2004
f 1997//1997 1998//1998 2006//2006
f 1997//1997 2006//2006 2005//2005
f 1998//1998 1999//1999 2007//2007
f 1998//1998 2007//2007 2006//2006
f 1999//1999 2000//2000 2008//2008
f 1999//1999 2008//2008 2007//2007
f 2000//2000 2001//2001 2009//2009
f 2000//2000 2009//2009 2008//2008
f 2001//2001 1995//1995 2003//2003
f 2001//2001 2003//2003 2009//2009
f 2003//2003 2002//2002 2010//2010
f 2003//2003 2010//2010 2011//2011
f 2002//2002 2004//2004 2012//2012
f 2002//2002 2012//2012 2010//2010
f 2004//2004 2005//2005 2013//2013
f 2004//2004 2013//2013 2012//2012
f 2005//2005 2006//2006 2014//2014
f 2005//2005 2014//2014 2013//2013
f 2006//2006 2007//2007 2015//2015
f 2006//2006 2015//2015 2014//2014
f 2007//2007 2008//2008 2016//2016
f 2007//2007 2016//2016 2015//2015
f 2008//2008 2009//2009 2017//2017
f 2008//2008 2017//2017 2016//2016
f 2009//2009 2003//2003 2011//2011
f 2009//2009 2011//2011 2017//2017
f 2011//2011 2010//2010 2018//2018
f 2011//2011 2018//2018 2019//2019
f 2010//2010 2012//2012 2020//2020
f 2010//2010 2020//2020 2018//2018
f 2012//2012 2013//2013 2021//2021
f 2012//2012 2021//2021 2020//2020
f 2013//2013 2014//2014 2022//2022
f 2013//2013 2022//2022 2021//2021
f 2014//2014 2015//2015 2023//2023
f 2014//2014 2023//2023 2022//2022
f 2015//2015 2016//2016 2024//2024
f 2015//2015 2024//2024 2023//2023
f 2016//2016 2017//2017 2025//2025
f 2016//2016 2025//2025 2024//2024
f 2017//2017 2011//2011 2019//2019
f 2017//2017 2019//2019 2025//2025
f 2019//2019 2018//2018 2026//2026
f 2019//2019 2026//2026 2027//2027
f 2018//2018 2020//2020 2028//2028
f 2018//2018 2028//2028 2026//2026
f 2020//2020 2021//2021 2029//2029
f 2020//2020 2029//2029 2028//2028
f 2021//2021 2022//2022 2030//2030
f 2021//2021 2030//2030 2029//2029
f 2022//2022 2023//2023 2031//2031
f 2022//2022 2031//2031 2030//2030
f 2023//2023 2024//2024 2032//2032
f 2023//2023 2032//2032 2031//2031
f 2024//2024 2025//2025 2033//2033
f 2024//2024 2033//2033 2032//2032
f 2025//2025 2019//2019 2027//2027
f 2025//2025 2027//2027 2033//2033
f 2027//2027 2026//2026 2034//2034
f 2027//2027 2034//2034 2035//2035
f 2026//2026 2028//2028 2036//2036
f 2026//2026 2036//2036 2034//2034
f 2028//2028 2029//2029 2037//2037
f 2028//2028 2037//2037 2036//2036
f 2029//2029 2030//2030 2038//2038
f 2029//2029 2038//2038 2037//2037
f 2030//2030 2031//2031 2039//2039
f 2030//2030 2039//2039 2038//2038
f 2031//2031 2032//2032 2040//2040
f 2031//2031 2040//2040 2039//2039
f 2032//2032 2033//2033 2041//2041
f 2032//2032 2041//2041 2040//2040
f 2033//2033 2027//2027 2035//2035
f 2033//2033 2035//2035 2041//2041
f 2035//2035 2034//2034 2042//2042
f 2035//2035 2042//2042 2043//2043
f 2034//2034 2036//2036 2044//2044
f 2034//2034 2044//2044 2042//2042
f 2036//2036 2037//2037 2045//2045
f 2036//2036 2045//2045 2044//2044
f 2037//2037 2038//2038 2046//2046
f 2037//2037 2046//2046 2045//2045
f 2038//2038 2039//2039 2047//2047
f 2038//2038 2047//2047 2046//2046
f 2039//2039 2040//2040 2048//2048
f 2039//2039 2048//2048 2047//2047
f 2040//2040 2041//2041 2049//2049
f 2040//2040 2049//2049 2048//2048
f 2041//2041 2035//2035 2043//2043
f 2041//2041 2043//2043 2049//2049
f 2043//2043 2042//2042 2050//2050
f 2043//2043 2050//2050 2051//2051
f 2042//2042 2044//2044 2052//2052
f 2042//2042 2052//2052 2050//2050
f 2044//2044 2045//2045 2053//2053
f 2044//2044 2053//2053 2052//2052
f 2045//2045 2046//2046 2054//2054
f 2045//2045 2054//2054 2053//2053
f 2046//2046 2047//2047 2055//2055
f 2046//2046 2055//2055 2054//2054
f 2047//2047 2048//2048 2056//2056
f 2047//2047 2056//2056 2055//2055
f 2048//2048 2049//2049 2057//2057
f 2048//2048 2057//2057 2056//2056
f 2049//2049 2043//2043 2051//2051
f 2049//2049 2051//2051 2057//2057
f 2051//2051 2050//2050 2058//2058
f 2051//2051 2058//2058 2059//2059
f 2050//2050 2052//2052 2060//2060
f 2050//2050 2060//2060 2058//2058
f 2052//2052 2053//2053 2061//2061
f 2052//2052 2061//2061 2060//2060
f 2053//2053 2054//2054 2062//2062
f 2053//2053 2062//2062 2061//2061
f 2054//2054 2055//2055 2063//2063
f 2054//2054 2063//2063 2062//2062
f 2055//2055 2056//2056 2064//2064
f 2055//2055 2064//2064 2063//2063
f 2056//2056 2057//2057 2065//2065
f 2056//2056 2065//2065 2064//2064
f 2057//2057 2051//2051 2059//2059
f 2057//2057 2059//2059 2065//2065
f 2059//2059 2058//2058 2066//2066
f 2059//2059 2066//2066 2067//2067
f 2058//2058 2060//2060 2068//2068
f 2058//2058 2068//2068 2066//2066
f 2060//2060 2061//2061 2069//2069
f 2060//2060 2069//2069 2068//2068
f 2061//2061 2062//2062 2070//2070
f 2061//2061 2070//2070 2069//2069
f 2062//2062 2063//2063 2071//2071
f 2062//2062 2071//2071 2070//2070
f 2063//2063 2064//2064 2072//2072
f 2063//2063 2072//2072 2071//2071
f 2064//2064 2065//2065 2073//2073
f 2064//2064 2073//2073 2072//2072
f 2065//2065 2059//2059 2067//2067
f 2065//2065 2067//2067 2073//2073
f 2067//2067 2066//2066 2074//2074
f 2067//2067 2074//2074 2075//2075
f 2066//2066 2068//2068 2076//2076
f 2066//2066 2076//2076 2074//2074
f 2068//2068 2069//2069 2077//2077
f 2068//2068 2077//2077 2076//2076
f 2069//2069 2070//2070 2078//2078
f 2069//2069 2078//2078 2077//2077
f 2070//2070 2071//2071 2079//2079
f 2070//2070 2079//2079 2078//2078
f 2071//2071 2072//2072 2080//2080
f 2071//2071 2080//2080 2079//2079
f 2072//2072 2073//2073 2081//2081
f 2072//2072 2081//2081 2080//2080
f 2073//2073 2067//2067 2075//2075
f 2073//2073 2075//2075 2081//2081
f 2075//2075 2074//2074 2082//2082
f 2075//2075 2082//2082 2083//2083
f 2074//2074 2076//2076 2084//2084
f 2074//2074 2084//2084 2082//2082
f 2076//2076 2077//2077 2085//2085
f 2076//2076 2085//2085 2084//2084
f 2077//2077 2078//2078 2086//2086
f 2077//2077 2086//2086 2085//2085
f 2078//2078 2079//2079 2087//2087
f 2078//2078 2087//2087 2086//2086
f 2079//2079 2080//2080 2088//2088
f 2079//2079 2088//2088 2087//2087
f 2080//2080 2081//2081 2089//2089
f 2080//2080 2089//2089 2088//2088
f 2081//2081 2075//2075 2083//2083
f 2081//2081 2083//2083 2089//2089
f 2083//2083 2082//2082 2084//2084
f 2083//2083 2084//2084 2085//2085
f 2083//2083 2085//2085 2086//2086
f 2083//2083 2086//2086 2087//2087
f 2083//2083 2087//2087 2088//2088
f 2083//2083 2088//2088 2089//2089
f 2090//2090 2091//2091 2092//2092
f 2090//2090 2092//2092 2093//2093
f 2090//2090 2093//2093 2094//2094
f 2090//2090 2094//2094 2095//2095
f 2090//2090 2095//2095 2096//2096
f 2090//2090 2096//2096 2097//2097
f 2097//2097 2096//2096 2098//2098
f 2097//2097 2098//2098 2099//2099
f 2096//2096 2095//2095 2100//2100
f 2096//2096 2100//2100 2098//2098
f 2095//2095 2094//2094 2101//2101
f 2095//2095 2101//2101 2100//2100
f 2094//2094 2093//2093 2102//2102
f 2094//2094 2102//2102 2101//2101
f 2093//2093 2092//2092 2103//2103
f 2093//2093 2103//2103 2102//2102
f 2092//2092 2091//2091 2104//2104
f 2092//2092 2104//2104 2103//2103
f 2091//2091 2090//2090 2105//2105
f 2091//2091 2105//2105 2104//2104
f 2090//2090 2097//2097 2099//2099
f 2090//2090 2099//2099 2105//2105
f 2099//2099 2098//2098 2106//2106
f 2099//2099 2106//2106 2107//2107
f 2098//2098 2100//2100 2108//2108
f 2098//2098 2108//2108 2106//2106
f 2100//2100 2101//2101 2109//2109
f 2100//2100 2109//2109 2108//2108
f 2101//2101 2102//2102 2110//2110
f 2101//2101 2110//2110 2109//2109
f 2102//2102 2103//2103 2111//2111
f 2102//2102 2111//2111 2110//2110
f 2103//2103 2104//2104 2112//2112
f 2103//2103 2112//2112 2111//2111
f 2104//2104 2105//2105 2113//2113
f 2104//2104 2113//2113 2112//2112
f 2105//2105 2099//2099 2107//2107
f 2105//2105 2107//2107 2113//2113
f 2107//2107 2106//2106 2114//2114
f 2107//2107 2114//2114 2115//2115
f 2106//2106 2108//2108 2116//2116
f 2106//2106 2116//2116 2114//2114
f 2108//2108 2109//2109 2117//2117
f 2108//2108 2117//2117 2116//2116
f 2109//2109 2110//2110 2118//2118
f 2109//2109 2118//2118 2117//2117
f 2110//2110 2111//2111 2119//2119
f 2110//2110 2119//2119 2118//2118
f 2111//2111 2112//2112 2120//2120
f 2111//2111 2120//2120 2119//2119
f 2112//2112 2113//2113 2121//2121
f 2112//2112 2121//2121 2120//2120
f 2113//2113 2107//2107 2115//2115
f 2113//2113 2115//2115 2121//2121
f 2115//2115 2114//2114 2122//2122
f 2115//2115 2122//2122 2123//2123
f 2114//2114 2116//2116 2124//2124
f 2114//2114 2124//2124 2122//2122
f 2116//2116 2117//2117 2125//2125
f 2116//2116 2125//2125 2124//2124
f 2117//2117 2118//2118 2126//2126
f 2117//2117 2126//2126 2125//2125
f 2118//2118 2119//2119 2127//2127
f 2118//2118 2127//2127 2126//2126
f 2119//2119 2120//2120 2128//2128
f 2119//2119 2128//2128 2127//2127
f 2120//2120 2121//2121 2129//2129
f 2120//2120 2129//2129 2128//2128
f 2121//2121 2115//2115 2123//2123
f 2121//2121 2123//2123 2129//2129
f 2123//2123 2122//2122 2130//2130
f 2123//2123 2130//2130 2131//2131
f 2122//2122 2124//2124 2132//2132
f 2122//2122 2132//2132 2130//2130
f 2124//2124 2125//2125 2133//2133
f 2124//2124 2133//2133 2132//2132
f 2125//2125 2126//2126 2134//2134
f 2125//2125 2134//2134 2133//2133
f 2126//2126 2127//2127 2135//2135
f 2126//2126 2135//2135 2134//2134
f 2127//2127 2128//2128 2136//2136
f 2127//2127 2136//2136 2135//2135
f 2128//2128 2129//2129 2137//2137
f 2128//2128 2137//2137 2136//2136
f 2129//2129 2123//2123 2131//2131
f 2129//2129 2131//2131 2137//2137
f 2131//2131 2130//2130 2138//2138
f 2131//2131 2138//2138 2139//2139
f 2130//2130 2132//2132 2140//2140
f 2130//2130 2140//2140 2138//2138
f 2132//2132 2133//2133 2141//2141
f 2132//2132 2141//2141 2140//2140
f 2133//2133 2134//2134 2142//2142
f 2133//2133 2142//2142 2141//2141
f 2134//2134 2135//2135 2143//2143
f 2134//2134 2143//2143 2142//2142
f 2135//2135 2136//2136 2144//2144
f 2135//2135 2144//2144 2143//2143
f 2136//2136 2137//2137 2145//2145
f 2136//2136 2145//2145 2144//2144
f 2137//2137 2131//2131 2139//2139
f 2137//2137 2139//2139 2145//2145
f 2139//2139 2138//2138 2146//2146
f 2139//2139 2146//2146 2147//2147
f 2138//2138 2140//2140 2148//2148
f 2138//2138 2148//2148 2146//2146
f 2140//2140 2141//2141 2149//2149
f 2140//2140 2149//2149 2148//2148
f 2141//2141 2142//2142 2150//2150
f 2141//2141 2150//2150 2149//2149
f 2142//2142 2143//2143 2151//2151
f 2142//2142 2151//2151 2150//2150
f 2143//2143 2144//2144 2152//2152
f 2143//2143 2152//2152 2151//2151
f 2144//2144 2145//2145 2153//2153
f 2144//2144 2153//2153 2152//2152
f 2145//2145 2139//2139 2147//2147
f 2145//2145 2147//2147 2153//2153
f 2147//2147 2146//2146 2154//2154
f 2147//2147 2154//2154 2155//2155
f 2146//2146 2148//2148 2156//2156
f 2146//2146 2156//2156 2154//2154
f 2148//2148 2149//2149 2157//2157
f 2148//2148 2157//2157 2156//2156
f 2149//2149 2150//2150 2158//2158
f 2149//2149 2158//2158 2157//2157
f 2150//2150 2151//2151 2159//2159
f 2150//2150 2159//2159 2158//2158
f 2151//2151 2152//2152 2160//2160
f 2151//2151 2160//2160 2159//2159
f 2152//2152 2153//2153 2161//2161
f 2152//2152 2161//2161 2160//2160
f 2153//2153 2147//2147 2155//2155
f 2153//2153 2155//2155 2161//2161
f 2155//2155 2154//2154 2162//2162
f 2155//2155 2162//2162 2163//2163
f 2154//2154 2156//2156 2164//2164
f 2154//2154 2164//2164 2162//2162
f 2156//2156 2157//2157 2165//2165
f 2156//2156 2165//2165 2164//2164
f 2157//2157 2158//2158 2166//2166
f 2157//2157 2166//2166 2165//2165
f 2158//2158 2159//2159 2167//2167
f 2158//2158 2167//2167 2166//2166
f 2159//2159 2160//2160 2168//2168
f 2159//2159 2168//2168 2167//2167
f 2160//2160 2161//2161 2169//2169
f 2160//2160 2169//2169 2168//2168
f 2161//2161 2155//2155 2163//2163
f 2161//2161 2163//2163 2169//2169
f 2163//2163 2162//2162 2170//2170
f 2163//2163 2170//2170 2171//2171
f 2162//2162 2164//2164 2172//2172
f 2162//2162 2172//2172 2170//2170
f 2164//2164 2165//2165 2173//2173
f 2164//2164 2173//2173 2172//2172
f 2165//2165 2166//2166 2174//2174
f 2165//2165 2174//2174 2173//2173
f 2166//2166 2167//2167 2175//2175
f 2166//2166 2175//2175 2174//2174
f 2167//2167 2168//2168 2176//2176
f 2167//2167 2176//2176 2175//2175
f 2168//2168 2169//2169 2177//2177
f 2168//2168 2177//2177 2176//2176
f 2169//2169 2163//2163 2171//2171
f 2169//2169 2171//2171 2177//2177
f 2171//2171 2170//2170 2178//2178
f 2171//2171 2178//2178 2179//2179
f 2170//2170 2172//2172 2180//2180
f 2170//2170 2180//2180 2178//2178
f 2172//2172 2173//2173 2181//2181
f 2172//2172 2181//2181 2180//2180
f 2173//2173 2174//2174 2182//2182
f 2173//2173 2182//2182 2181//2181
f 2174//2174 2175//2175 2183//2183
f 2174//2174 2183//2183 2182//2182
f 2175//2175 2176//2176 2184//2184
f 2175//2175 2184//2184 2183//2183
f 2176//2176 2177//2177 2185//2185
f 2176//2176 2185//2185 2184//2184
f 2177//2177 2171//2171 2179//2179
f 2177//2177 2179//2179 2185//2185
f 2179//2179 2178//2178 2186//2186
f 2179//2179 2186//2186 2187//2187
f 2178//2178 2180//2180 2188//2188
f 2178//2178 2188//2188 2186//2186
f 2180//2180 2181//2181 2189//2189
f 2180//2180 2189//2189 2188//2188
f 2181//2181 2182//2182 2190//2190
f 2181//2181 2190//2190 2189//2189
f 2182//2182 2183//2183 2191//2191
f 2182//2182 2191//2191 2190//2190
f 2183//2183 2184//2184 2192//2192
f 2183//2183 2192//2192 2191//2191
f 2184//2184 2185//2185 2193//2193
f 2184//2184 2193//2193 2192//2192
f 2185//2185 2179//2179 2187//2187
f 2185//2185 2187//2187 2193//2193
f 2187//2187 2186//2186 2194//2194
f 2187//2187 2194//2194 2195//2195
f 2186//2186 2188//2188 2196//2196
f 2186//2186 2196//2196 2194//2194
f 2188//2188 2189//2189 2197//2197
f 2188//2188 2197//2197 2196//2196
f 2189//2189 2190//2190 2198//2198
f 2189//2189 2198//2198 2197//2197
f 2190//2190 2191//2191 2199//2199
f 2190//2190 2199//2199 2198//2198
f 2191//2191 2192//2192 2200//2200
f 2191//2191 2200//2200 2199//2199
f 2192//2192 2193//2193 2201//2201
f 2192//2192 2201//2201 2200//2200
f 2193//2193 2187//2187 2195//2195
f 2193//2193 2195//2195 2201//2201
f 2195//2195 2194//2194 2202//2202
f 2195//2195 2202//2202 2203//2203
f 2194//2194 2196//2196 2204//2204
f 2194//2194 2204//2204 2202//2202
f 2196//2196 2197//2197 2205//2205
f 2196//2196 2205//2205 2204//2204
f 2197//2197 2198//2198 2206//2206
f 2197//2197 2206//2206 2205//2205
f 2198//2198 2199//2199 2207//2207
f 2198//2198 2207//2207 2206//2206
f 2199//2199 2200//2200 2208//2208
f 2199//2199 2208//2208 2207//2207
f 2200//2200 2201//2201 2209//2209
f 2200//2200 2209//2209 2208//2208
f 2201//2201 2195//2195 2203//2203
f 2201//2201 2203//2203 2209//2209
f 2203//2203 2202//2202 2210//2210
f 2203//2203 2210//2210 2211//2211
f 2202//2202 2204//2204 2212//2212
f 2202//2202 2212//2212 2210//2210
f 2204//2204 2205//2205 2213//2213
f 2204//2204 2213//2213 2212//2212
f 2205//2205 2206//2206 2214//2214
f 2205//2205 2214//2214 2213//2213
f 2206//2206 2207//2207 2215//2215
f 2206//2206 2215//2215 2214//2214
f 2207//2207 2208//2208 2216//2216
f 2207//2207 2216//2216 2215//2215
f 2208//2208 2209//2209 2217//2217
f 2208//2208 2217//2217 2216//2216
f 2209//2209 2203//2203 2211//2211
f 2209//2209 2211//2211 2217//2217
f 2211//2211 2210//2210 2218//2218
f 2211//2211 2218//2218 2219//2219
f 2210//2210 2212//2212 2220//2220
f 2210//2210 2220//2220 2218//2218
f 2212//2212 2213//2213 2221//2221
f 2212//2212 2221//2221 2220//2220
f 2213//2213 2214//2214 2222//2222
f 2213//2213 2222//2222 2221//2221
f 2214//2214 2215//2215 2223//2223
f 2214//2214 2223//2223 2222//2222
f 2215//2215 2216//2216 2224//2224
f 2215//2215 2224//2224 2223//2223
f 2216//2216 2217//2217 2225//2225
f 2216//2216 2225//2225 2224//2224
f 2217//2217 2211//2211 2219//2219
f 2217//2217 2219//2219 2225//2225
f 2219//2219 2218//2218 2220//2220
f 2219//2219 2220//2220 2221//2221
f 2219//2219 2221//2221 2222//2222
f 2219//2219 2222//2222 2223//2223
f 2219//2219 2223//2223 2224//2224
f 2219//2219 2224//2224 2225//2225
f 2226//2226 2227//2227 2228//2228
f 2226//2226 2228//2228 2229//2229
f 2226//2226 2229//2229 2230//2230
f 2226//2226 2230//2230 2231//2231
f 2226//2226 2231//2231 2232//2232
f 2226//2226 2232//2232 2233//2233
f 2233//2233 2232//2232 2234//2234
f 2233//2233 2234//2234 2235//2235
f 2232//2232 2231//2231 2236//2236
f 2232//2232 2236//2236 2234//2234
f 2231//2231 2230//2230 2237//2237
f 2231//2231 2237//2237 2236//2236
f 2230//2230 2229//2229 2238//2238
f 2230//2230 2238//2238 2237//2237
f 2229//2229 2228//2228 2239//2239
f 2229//2229 2239//2239 2238//2238
f 2228//2228 2227//2227 2240//2240
f 2228//2228 2240//2240 2239//2239
f 2227//2227 2226//2226 2241//2241
f 2227//2227 2241//2241 2240//2240
f 2226//2226 2233//2233 2235//2235
f 2226//2226 2235//2235 2241//2241
f 2235//2235 2234//2234 2242//2242
f 2235//2235 2242//2242 2243//2243
f 2234//2234 2236//2236 2244//2244
f 2234//2234 2244//2244 2242//2242
f 2236//2236 2237//2237 2245//2245
f 2236//2236 2245//2245 2244//2244
f 2237//2237 2238//2238 2246//2246
f 2237//2237 2246//2246 2245//2245
f 2238//2238 2239//2239 2247//2247
f 2238//2238 2247//2247 2246//2246
f 2239//2239 2240//2240 2248//2248
f 2239//2239 2248//2248 2247//2247
f 2240//2240 2241//2241 2249//2249
f 2240//2240 2249//2249 2248//2248
f 2241//2241 2235//2235 2243//2243
f 2241//2241 2243//2243 2249//2249
f 2243//2243 2242//2242 2250//2250
f 2243//2243 2250//2250 2251//2251
f 2242//2242 2244//2244 2252//2252
f 2242//2242 2252//2252 2250//2250
f 2244//2244 2245//2245 2253//2253
f 2244//2244 2253//2253 2252//2252
f 2245//2245 2246//2246 2254//2254
f 2245//2245 2254//2254 2253//2253
f 2246//2246 2247//2247 2255//2255
f 2246//2246 2255//2255 2254//2254
f 2247//2247 2248//2248 2256//2256
f 2247//2247 2256//2256 2255//2255
f 2248//2248 2249//2249 2257//2257
f 2248//2248 2257//2257 2256//2256
f 2249//2249 2243//2243 2251//2251
f 2249//2249 2251//2251 2257//2257
f 2251//2251 2250//2250 2258//2258
f 2251//2251 2258//2258 2259//2259
f 2250//2250 2252//2252 2260//2260
f 2250//2250 2260//2260 2258//2258
f 2252//2252 2253//2253 2261//2261
f 2252//2252 2261//2261 2260//2260
f 2253//2253 2254//2254 2262//2262
f 2253//2253 2262//2262 2261//2261
f 2254//2254 2255//2255 2263//2263
f 2254//2254 2263//2263 2262//2262
f 2255//2255 2256//2256 2264//2264
f 2255//2255 2264//2264 2263//2263
f 2256//2256 2257//2257 2265//2265
f 2256//2256 2265//2265 2264//2264
f 2257//2257 2251//2251 2259//2259
f 2257//2257 2259//2259 2265//2265
f 2259//2259 2258//2258 2266//2266
f 2259//2259 2266//2266 2267//2267
f 2258//2258 2260//2260 2268//2268
f 2258//2258 2268//2268 2266//2266
f 2260//2260 2261//2261 2269//2269
f 2260//2260 2269//2269 2268//2268
f 2261//2261 2262//2262 2270//2270
f 2261//2261 2270//2270 2269//2269
f 2262//2262 2263//2263 2271//2271
f 2262//2262 2271//2271 2270//2270
f 2263//2263 2264//2264 2272//2272
f 2263//2263 2272//2272 2271//2271
f 2264//2264 2265//2265 2273//2273
f 2264//2264 2273//2273 2272//2272
f 2265//2265 2259//2259 2267//2267
f 2265//2265 2267//2267 2273//2273
f 2267//2267 2266//2266 2274//2274
f 2267//2267 2274//2274 2275//2275
f 2266//2266 2268//2268 2276//2276
f 2266//2266 2276//2276 2274//2274
f 2268//2268 2269//2269 2277//2277
f 2268//2268 2277//2277 2276//2276
f 2269//2269 2270//2270 2278//2278
f 2269//2269 2278//2278 2277//2277
f 2270//2270 2271//2271 2279//2279
f 2270//2270 2279//2279 2278//2278
f 2271//2271 2272//2272 2280//2280
f 2271//2271 2280//2280 2279//2279
f 2272//2272 2273//2273 2281//2281
f 2272//2272 2281//2281 2280//2280
f 2273//2273 2267//2267 2275//2275
f 2273//2273 2275//2275 2281//2281
f 2275//2275 2274//2274 2282//2282
f 2275//2275 2282//2282 2283//2283
f 2274//2274 2276//2276 2284//2284
f 2274//2274 2284//2284 2282//2282
f 2276//2276 2277//2277 2285//2285
f 2276//2276 2285//2285 2284//2284
f 2277//2277 2278//2278 2286//2286
f 2277//2277 2286//2286 2285//2285
f 2278//2278 2279//2279 2287//2287
f 2278//2278 2287//2287 2286//2286
f 2279//2279 2280//2280 2288//2288
f 2279//2279 2288//2288 2287//2287
f 2280//2280 2281//2281 2289//2289
f 2280//2280 2289//2289 2288//2288
f 2281//2281 2275//2275 2283//2283
f 2281//2281 2283//2283 2289//2289
f 2283//2283 2282//2282 2290//2290
f 2283//2283 2290//2290 2291//2291
f 2282//2282 2284//2284 2292//2292
f 2282//2282 2292//2292 2290//2290
f 2284//2284 2285//2285 2293//2293
f 2284//2284 2293//2293 2292//2292
f 2285//2285 2286//2286 2294//2294
f 2285//2285 2294//2294 2293//2293
f 2286//2286 2287//2287 2295//2295
f 2286//2286 2295//2295 2294//2294
f 2287//2287 2288//2288 2296//2296
f 2287//2287 2296//2296 2295//2295
f 2288//2288 2289//2289 2297//2297
f 2288//2288 2297//2297 2296//2296
f 2289//2289 2283//2283 2291//2291
f 2289//2289 2291//2291 2297//2297
f 2291//2291 2290//2290 2298//2298
f 2291//2291 2298//2298 2299//2299
f 2290//2290 2292//2292 2300//2300
f 2290//2290 2300//2300 2298//2298
f 2292//2292 2293//2293 2301//2301
f 2292//2292 2301//2301 2300//2300
f 2293//2293 2294//2294 2302//2302
f 2293//2293 2302//2302 2301//2301
f 2294//2294 2295//2295 2303//2303
f 2294//2294 2303//2303 2302//2302
f 2295//2295 2296//2296 2304//2304
f 2295//2295 2304//2304 2303//2303
f 2296//2296 2297//2297 2305//2305
f 2296//2296 2305//2305 2304//2304
f 2297//2297 2291//2291 2299//2299
f 2297//2297 2299//2299 2305//2305
f 2299//2299 2298//2298 2306//2306
f 2299//2299 2306//2306 2307//2307
f 2298//2298 2300//2300 2308//2308
f 2298//2298 2308//2308 2306//2306
f 2300//2300 2301//2301 2309//2309
f 2300//2300 2309//2309 2308//2308
f 2301//2301 2302//2302 2310//2310
f 2301//2301 2310//2310 2309//2309
f 2302//2302 2303//2303 2311//2311
f 2302//2302 2311//2311 2310//2310
f 2303//2303 2304//2304 2312//2312
f 2303//2303 2312//2312 2311//2311
f 2304//2304 2305//2305 2313//2313
f 2304//2304 2313//2313 2312//2312
f 2305//2305 2299//2299 2307//2307
f 2305//2305 2307//2307 2313//2313
f 2307//2307 2306//2306 2314//2314
f 2307//2307 2314//2314 2315//2315
f 2306//2306 2308//2308 2316//2316
f 2306//2306 2316//2316 2314//2314
f 2308//2308 2309//2309 2317//2317
f 2308//2308 2317//2317 2316//2316
f 2309//2309 2310//2310 2318//2318
f 2309//2309 2318//2318 2317//2317
f 2310//2310 2311//2311 2319//2319
f 2310//2310 2319//2319 2318//2318
f 2311//2311 2312//2312 2320//2320
f 2311//2311 2320//2320 2319//2319
f 2312//2312 2313//2313 2321//2321
f 2312//2312 2321//2321 2320//2320
f 2313//2313 2307//2307 2315//2315
f 2313//2313 2315//2315 2321//2321
f 2315//2315 2314//2314 2322//2322
f 2315//2315 2322//2322 2323//2323
f 2314//2314 2316//2316 2324//2324
f 2314//2314 2324//2324 2322//2322
f 2316//2316 2317//2317 2325//2325
f 2316//2316 2325//2325 2324//2324
f 2317//2317 2318//2318 2326//2326
f 2317//2317 2326//2326 2325//2325
f 2318//2318 2319//2319 2327//2327
f 2318//2318 2327//2327 2326//2326
f 2319//2319 2320//2320 2328//2328
f 2319//2319 2328//2328 2327//2327
f 2320//2320 2321//2321 2329//2329
f 2320//2320 2329//2329 2328//2328
f 2321//2321 2315//2315 2323//2323
f 2321//2321 2323//2323 2329//2329
f 2323//2323 2322//2322 2330//2330
f 2323//2323 2330//2330 2331//2331
f 2322//2322 2324//2324 2332//2332
f 2322//2322 2332//2332 2330//2330
f 2324//2324 2325//2325 2333//2333
f 2324//2324 2333//2333 2332//2332
f 2325//2325 2326//2326 2334//2334
f 2325//2325 2334//2334 2333//2333
f 2326//2326 2327//2327 2335//2335
f 2326//2326 2335//2335 2334//2334
f 2327//2327 2328//2328 2336//2336
f 2327//2327 2336//2336 2335//2335
f 2328//2328 2329//2329 2337//2337
f 2328//2328 2337//2337 2336//2336
f 2329//2329 2323//2323 2331//2331
f 2329//2329 2331//2331 2337//2337
f 2331//2331 2330//2330 2338//2338
f 2331//2331 2338//2338 2339//2339
f 2330//2330 2332//2332 2340//2340
f 2330//2330 2340//2340 2338//2338
f 2332//2332 2333//2333 2341//2341
f 2332//2332 2341//2341 2340//2340
f 2333//2333 2334//2334 2342//2342
f 2333//2333 2342//2342 2341//2341
f 2334//2334 2335//2335 2343//2343
f 2334//2334 2343//2343 2342//2342
f 2335//2335 2336//2336 2344//2344
f 2335//2335 2344//2344 2343//2343
f 2336//2336 2337//2337 2345//2345
f 2336//2336 2345//2345 2344//2344
f 2337//2337 2331//2331 2339//2339
f 2337//2337 2339//2339 2345//2345
f 2339//2339 2338//2338 2346//2346
f 2339//2339 2346//2346 2347//2347
f 2338//2338 2340//2340 2348//2348
f 2338//2338 2348//2348 2346//2346
f 2340//2340 2341//2341 2349//2349
f 2340//2340 2349//2349 2348//2348
f 2341//2341 2342//2342 2350//2350
f 2341//2341 2350//2350 2349//2349
f 2342//2342 2343//2343 2351//2351
f 2342//2342 2351//2351 2350//2350
f 2343//2343 2344//2344 2352//2352
f 2343//2343 2352//2352 2351//2351
f 2344//2344 2345//2345 2353//2353
f 2344//2344 2353//2353 2352//2352
f 2345//2345 2339//2339 2347//2347
f 2345//2345 2347//2347 2353//2353
f 2347//2347 2346//2346 2354//2354
f 2347//2347 2354//2354 2355//2355
f 2346//2346 2348//2348 2356//2356
f 2346//2346 2356//2356 2354//2354
f 2348//2348 2349//2349 2357//2357
f 2348//2348 2357//2357 2356//2356
f 2349//2349 2350//2350 2358//2358
f 2349//2349 2358//2358 2357//2357
f 2350//2350 2351//2351 2359//2359
f 2350//2350 2359//2359 2358//2358
f 2351//2351 2352//2352 2360//2360
f 2351//2351 2360//2360 2359//2359
f 2352//2352 2353//2353 2361//2361
f 2352//2352 2361//2361 2360//2360
f 2353//2353 2347//2347 2355//2355
f 2353//2353 2355//2355 2361//2361
f 2355//2355 2354//2354 2356//2356
f 2355//2355 2356//2356 2357//2357
f 2355//2355 2357//2357 2358//2358
f 2355//2355 2358//2358 2359//2359
f 2355//2355 2359//2359 2360//2360
f 2355//2355 2360//2360 2361//2361
f 2362//2362 2363//2363 2364//2364
f 2362//2362 2364//2364 2365//2365
f 2362//2362 2365//2365 2366//2366
f 2362//2362 2366//2366 2367//2367
f 2362//2362 2367//2367 2368//2368
f 2362//2362 2368//2368 2369//2369
f 2369//2369 2368//2368 2370//2370
f 2369//2369 2370//2370 2371//2371
f 2368//2368 2367//2367 2372//2372
f 2368//2368 2372//2372 2370//2370
f 2367//2367 2366//2366 2373//2373
f 2367//2367 2373//2373 2372//2372
f 2366//2366 2365//2365 2374//2374
f 2366//2366 2374//2374 2373//2373
f 2365//2365 2364//2364 2375//2375
f 2365//2365 2375//2375 2374//2374
f 2364//2364 2363//2363 2376//2376
f 2364//2364 2376//2376 2375//2375
f 2363//2363 2362//2362 2377//2377
f 2363//2363 2377//2377 2376//2376
f 2362//2362 2369//2369 2371//2371
f 2362//2362 2371//2371 2377//2377
f 2371//2371 2370//2370 2378//2378
f 2371//2371 2378//2378 2379//2379
f 2370//2370 2372//2372 2380//2380
f 2370//2370 2380//2380 2378//2378
f 2372//2372 2373//2373 2381//2381
f 2372//2372 2381//2381 2380//2380
f 2373//2373 2374//2374 2382//2382
f 2373//2373 2382//2382 2381//2381
f 2374//2374 2375//2375 2383//2383
f 2374//2374 2383//2383 2382//2382
f 2375//2375 2376//2376 2384//2384
f 2375//2375 2384//2384 2383//2383
f 2376//2376 2377//2377 2385//2385
f 2376//2376 2385//2385 2384//2384
f 2377//2377 2371//2371 2379//2379
f 2377//2377 2379//2379 2385//2385
f 2379//2379 2378//2378 2386//2386
f 2379//2379 2386//2386 2387//2387
f 2378//2378 2380//2380 2388//2388
f 2378//2378 2388//2388 2386//2386
f 2380//2380 2381//2381 2389//2389
f 2380//2380 2389//2389 2388//2388
f 2381//2381 2382//2382 2390//2390
f 2381//2381 2390//2390 2389//2389
f 2382//2382 2383//2383 2391//2391
f 2382//2382 2391//2391 2390//2390
f 2383//2383 2384//2384 2392//2392
f 2383//2383 2392//2392 2391//2391
f 2384//2384 2385//2385 2393//2393
f 2384//2384 2393//2393 2392//2392
f 2385//2385 2379//2379 2387//2387
f 2385//2385 2387//2387 2393//2393
f 2387//2387 2386//2386 2394//2394
f 2387//2387 2394//2394 2395//2395
f 2386//2386 2388//2388 2396//2396
f 2386//2386 2396//2396 2394//2394
f 2388//2388 2389//2389 2397//2397
f 2388//2388 2397//2397 2396//2396
f 2389//2389 2390//2390 2398//2398
f 2389//2389 2398//2398 2397//2397
f 2390//2390 2391//2391 2399//2399
f 2390//2390 2399//2399 2398//2398
f 2391//2391 2392//2392 2400//2400
f 2391//2391 2400//2400 2399//2399
f 2392//2392 2393//2393 2401//2401
f 2392//2392 2401//2401 2400//2400
f 2393//2393 2387//2387 2395//2395
f 2393//2393 2395//2395 2401//2401
f 2395//2395 2394//2394 2402//2402
f 2395//2395 2402//2402 2403//2403
f 2394//2394 2396//2396 2404//2404
f 2394//2394 2404//2404 2402//2402
f 2396//2396 2397//2397 2405//2405
f 2396//2396 2405//2405 2404//2404
f 2397//2397 2398//2398 2406//2406
f 2397//2397 2406//2406 2405//2405
f 2398//2398 2399//2399 2407//2407
f 2398//2398 2407//2407 2406//2406
f 2399//2399 2400//2400 2408//2408
f 2399//2399 2408//2408 2407//2407
f 2400//2400 2401//2401 2409//2409
f 2400//2400 2409//2409 2408//2408
f 2401//2401 2395//2395 2403//2403
f 2401//2401 2403//2403 2409//2409
f 2403//2403 2402//2402 2410//2410
f 2403//2403 2410//2410 2411//2411
f 2402//2402 2404//2404 2412//2412
f 2402//2402 2412//2412 2410//2410
f 2404//2404 2405//2405 2413//2413
f 2404//2404 2413//2413 2412//2412
f 2405//2405 2406//2406 2414//2414
f 2405//2405 2414//2414 2413//2413
f 2406//2406 2407//2407 2415//2415
f 2406//2406 2415//2415 2414//2414
f 2407//2407 2408//2408 2416//2416
f 2407//2407 2416//2416 2415//2415
f 2408//2408 2409//2409 2417//2417
f 2408//2408 2417//2417 2416//2416
f 2409//2409 2403//2403 2411//2411
f 2409//2409 2411//2411 2417//2417
f 2411//2411 2410//2410 2418//2418
f 2411//2411 2418//2418 2419//2419
f 2410//2410 2412//2412 2420//2420
f 2410//2410 2420//2420 2418//2418
f 2412//2412 2413//2413 2421//2421
f 2412//2412 2421//2421 2420//2420
f 2413//2413 2414//2414 2422//2422
f 2413//2413 2422//2422 2421//2421
f 2414//2414 2415//2415 2423//2423
f 2414//2414 2423//2423 2422//2422
f 2415//2415 2416//2416 2424//2424
f 2415//2415 2424//2424 2423//2423
f 2416//2416 2417//2417 2425//2425
f 2416//2416 2425//2425 2424//2424
f 2417//2417 2411//2411 2419//2419
f 2417//2417 2419//2419 2425//2425
f 2419//2419 2418//2418 2426//2426
f 2419//2419 2426//2426 2427//2427
f 2418//2418 2420//2420 2428//2428
f 2418//2418 2428//2428 2426//2426
f 2420//2420 2421//2421 2429//2429
f 2420//2420 2429//2429 2428//2428
f 2421//2421 2422//2422 2430//2430
f 2421//2421 2430//2430 2429//2429
f 2422//2422 2423//2423 2431//2431
f 2422//2422 2431//2431 2430//2430
f 2423//2423 2424//2424 2432//2432
f 2423//2423 2432//2432 2431//2431
f 2424//2424 2425//2425 2433//2433
f 2424//2424 2433//2433 2432//2432
f 2425//2425 2419//2419 2427//2427
f 2425//2425 2427//2427 2433//2433
f 2427//2427 2426//2426 2434//2434
f 2427//2427 2434//2434 2435//2435
f 2426//2426 2428//2428 2436//2436
f 2426//2426 2436//2436 2434//2434
f 2428//2428 2429//2429 2437//2437
f 2428//2428 2437//2437 2436//2436
f 2429//2429 2430//2430 2438//2438
f 2429//2429 2438//2438 2437//2437
f 2430//2430 2431//2431 2439//2439
f 2430//2430 2439//2439 2438//2438
f 2431//2431 2432//2432 2440//2440
f 2431//2431 2440//2440 2439//2439
f 2432//2432 2433//2433 2441//2441
f 2432//2432 2441//2441 2440//2440
f 2433//2433 2427//2427 2435//2435
f 2433//2433 2435//2435 2441//2441
f 2435//2435 2434//2434 2442//2442
f 2435//2435 2442//2442 2443//2443
f 2434//2434 2436//2436 2444//2444
f 2434//2434 2444//2444 2442//2442
f 2436//2436 2437//2437 2445//2445
f 2436//2436 2445//2445 2444//2444
f 2437//2437 2438//2438 2446//2446
f 2437//2437 2446//2446 2445//2445
f 2438//2438 2439//2439 2447//2447
f 2438//2438 2447//2447 2446//2446
f 2439//2439 2440//2440 2448//2448
f 2439//2439 2448//2448 2447//2447
f 2440//2440 2441//2441 2449//2449
f 2440//2440 2449//2449 2448//2448
f 2441//2441 2435//2435 2443//2443
f 2441//2441 2443//2443 2449//2449
f 2443//2443 2442//2442 2450//2450
f 2443//2443 2450//2450 2451//2451
f 2442//2442 2444//2444 2452//2452
f 2442//2442 2452//2452 2450//2450
f 2444//2444 2445//2445 2453//2453
f 2444//2444 2453//2453 2452//2452
f 2445//2445 2446//2446 2454//2454
f 2445//2445 2454//2454 2453//2453
f 2446//2446 2447//2447 2455//2455
f 2446//2446 2455//2455 2454//2454
f 2447//2447 2448//2448 2456//2456
f 2447//2447 2456//2456 2455//2455
f 2448//2448 2449//2449 2457//2457
f 2448//2448 2457//2457 2456//2456
f 2449//2449 2443//2443 2451//2451
f 2449//2449 2451//2451 2457//2457
f 2451//2451 2450//2450 2458//2458
f 2451//2451 2458//2458 2459//2459
f 2450//2450 2452//2452 2460//2460
f 2450//2450 2460//2460 2458//2458
f 2452//2452 2453//2453 2461//2461
f 2452//2452 2461//2461 2460//2460
f 2453//2453 2454//2454 2462//2462
f 2453//2453 2462//2462 2461//2461
f 2454//2454 2455//2455 2463//2463
f 2454//2454 2463//2463 2462//2462
f 2455//2455 2456//2456 2464//2464
f 2455//2455 2464//2464 2463//2463
f 2456//2456 2457//2457 2465//2465
f 2456//2456 2465//2465 2464//2464
f 2457//2457 2451//2451 2459//2459
f 2457//2457 2459//2459 2465//2465
f 2459//2459 2458//2458 2466//2466
f 2459//2459 2466//2466 2467//2467
f 2458//2458 2460//2460 2468//2468
f 2458//2458 2468//2468 2466//2466
f 2460//2460 2461//2461 2469//2469
f 2460//2460 2469//2469 2468//2468
f 2461//2461 2462//2462 2470//2470
f 2461//2461 2470//2470 2469//2469
f 2462//2462 2463//2463 2471//2471
f 2462//2462 2471//2471 2470//2470
f 2463//2463 2464//2464 2472//2472
f 2463//2463 2472//2472 2471//2471
f 2464//2464 2465//2465 2473//2473
f 2464//2464 2473//2473 2472//2472
f 2465//2465 2459//2459 2467//2467
f 2465//2465 2467//2467 2473//2473
f 2467//2467 2466//2466 2474//2474
f 2467//2467 2474//2474 2475//2475
f 2466//2466 2468//2468 2476//2476
f 2466//2466 2476//2476 2474//2474
f 2468//2468 2469//2469 2477//2477
f 2468//2468 2477//2477 2476//2476
f 2469//2469 2470//2470 2478//2478
f 2469//2469 2478//2478 2477//2477
f 2470//2470 2471//2471 2479//2479
f 2470//2470 2479//2479 2478//2478
f 2471//2471 2472//2472 2480//2480
f 2471//2471 2480//2480 2479//2479
f 2472//2472 2473//2473 2481//2481
f 2472//2472 2481//2481 2480//2480
f 2473//2473 2467//2467 2475//2475
f 2473//2473 2475//2475 2481//2481
f 2475//2475 2474//2474 2482//2482
f 2475//2475 2482//2482 2483//2483
f 2474//2474 2476//2476 2484//2484
f 2474//2474 2484//2484 2482//2482
f 2476//2476 2477//2477 2485//2485
f 2476//2476 2485//2485 2484//2484
f 2477//2477 2478//2478 2486//2486
f 2477//2477 2486//2486 2485//2485
f 2478//2478 2479//2479 2487//2487
f 2478//2478 2487//2487 2486//2486
f 2479//2479 2480//2480 2488//2488
f 2479//2479 2488//2488 2487//2487
f 2480//2480 2481//2481 2489//2489
f 2480//2480 2489//2489 2488//2488
f 2481//2481 2475//2475 2483//2483
f 2481//2481 2483//2483 2489//2489
f 2483//2483 2482//2482 2490//2490
f 2483//2483 2490//2490 2491//2491
f 2482//2482 2484//2484 2492//2492
f 2482//2482 2492//2492 2490//2490
f 2484//2484 2485//2485 2493//2493
f 2484//2484 2493//2493 2492//2492
f 2485//2485 2486//2486 2494//2494
f 2485//2485 2494//2494 2493//2493
f 2486//2486 2487//2487 2495//2495
f 2486//2486 2495//2495 2494//2494
f 2487//2487 2488//2488 2496//2496
f 2487//2487 2496//2496 2495//2495
f 2488//2488 2489//2489 2497//2497
f 2488//2488 2497//2497 2496//2496
f 2489//2489 2483//2483 2491//2491
f 2489//2489 2491//2491 2497//2497
f 2491//2491 2490//2490 2492//2492
f 2491//2491 2492//2492 2493//2493
f 2491//2491 2493//2493 2494//2494
f 2491//2491 2494//2494 2495//2495
f 2491//2491 2495//2495 2496//2496
f 2491//2491 2496//2496 2497//2497
f 2498//2498 2499//2499 2500//2500
f 2498//2498 2500//2500 2501//2501
f 2498//2498 2501//2501 2502//2502
f 2498//2498 2502//2502 2503//2503
f 2498//2498 2503//2503 2504//2504
f 2498//2498 2504//2504 2505//2505
f 2498//2498 2505//2505 2506//2506
f 2498//2498 2506//2506 2507//2507
f 2507//2507 2506//2506 2508//2508
f 2507//2507 2508//2508 2509//2509
f 2506//2506 2505//2505 2510//2510
f 2506//2506 2510//2510 2508//2508
f 2505//2505 2504//2504 2511//2511
f 2505//2505 2511//2511 2510//2510
f 2504//2504 2503//2503 2512//2512
f 2504//2504 2512//2512 2511//2511
f 2503//2503 2502//2502 2513//2513
f 2503//2503 2513//2513 2512//2512
f 2502//2502 2501//2501 2514//2514
f 2502//2502 2514//2514 2513//2513
f 2501//2501 2500//2500 2515//2515
f 2501//2501 2515//2515 2514//2514
f 2500//2500 2499//2499 2516//2516
f 2500//2500 2516//2516 2515//2515
f 2499//2499 2498//2498 2517//2517
f 2499//2499 2517//2517 2516//2516
f 2498//2498 2507//2507 2509//2509
f 2498//2498 2509//2509 2517//2517
f 2509//2509 2508//2508 2518//2518
f 2509//2509 2518//2518 2519//2519
f 2508//2508 2510//2510 2520//2520
f 2508//2508 2520//2520 2518//2518
f 2510//2510 2511//2511 2521//2521
f 2510//2510 2521//2521 2520//2520
f 2511//2511 2512//2512 2522//2522
f 2511//2511 2522//2522 2521//2521
f 2512//2512 2513//2513 2523//2523
f 2512//2512 2523//2523 2522//2522
f 2513//2513 2514//2514 2524//2524
f 2513//2513 2524//2524 2523//2523
f 2514//2514 2515//2515 2525//2525
f 2514//2514 2525//2525 2524//2524
f 2515//2515 2516//2516 2526//2526
f 2515//2515 2526//2526 2525//2525
f 2516//2516 2517//2517 2527//2527
f 2516//2516 2527//2527 2526//2526
f 2517//2517 2509//2509 2519//2519
f 2517//2517 2519//2519 2527//2527
f 2519//2519 2518//2518 2528//2528
f 2519//2519 2528//2528 2529//2529
f 2518//2518 2520//2520 2530//2530
f 2518//2518 2530//2530 2528//2528
f 2520//2520 2521//2521 2531//2531
f 2520//2520 2531//2531 2530//2530
f 2521//2521 2522//2522 2532//2532
f 2521//2521 2532//2532 2531//2531
f 2522//2522 2523//2523 2533//2533
f 2522//2522 2533//2533 2532//2532
f 2523//2523 2524//2524 2534//2534
f 2523//2523 2534//2534 2533//2533
f 2524//2524 2525//2525 2535//2535
f 2524//2524 2535//2535 2534//2534
f 2525//2525 2526//2526 2536//2536
f 2525//2525 2536//2536 2535//2535
f 2526//2526 2527//2527 2537//2537
f 2526//2526 2537//2537 2536//2536
f 2527//2527 2519//2519 2529//2529
f 2527//2527 2529//2529 2537//2537
f 2529//2529 2528//2528 2538//2538
f 2529//2529 2538//2538 2539//2539
f 2528//2528 2530//2530 2540//2540
f 2528//2528 2540//2540 2538//2538
f 2530//2530 2531//2531 2541//2541
f 2530//2530 2541//2541 2540//2540
f 2531//2531 2532//2532 2542//2542
f 2531//2531 2542//2542 2541//2541
f 2532//2532 2533//2533 2543//2543
f 2532//2532 2543//2543 2542//2542
f 2533//2533 2534//2534 2544//2544
f 2533//2533 2544//2544 2543//2543
f 2534//2534 2535//2535 2545//2545
f 2534//2534 2545//2545 2544//2544
f 2535//2535 2536//2536 2546//2546
f 2535//2535 2546//2546 2545//2545
f 2536//2536 2537//2537 2547//2547
f 2536//2536 2547//2547 2546//2546
f 2537//2537 2529//2529 2539//2539
f 2537//2537 2539//2539 2547//2547
f 2539//2539 2538//2538 2548//2548
f 2539//2539 2548//2548 2549//2549
f 2538//2538 2540//2540 2550//2550
f 2538//2538 2550//2550 2548//2548
f 2540//2540 2541//2541 2551//2551
f 2540//2540 2551//2551 2550//2550
f 2541//2541 2542//2542 2552//2552
f 2541//2541 2552//2552 2551//2551
f 2542//2542 2543//2543 2553//2553
f 2542//2542 2553//2553 2552//2552
f 2543//2543 2544//2544 2554//2554
f 2543//2543 2554//2554 2553//2553
f 2544//2544 2545//2545 2555//2555
f 2544//2544 2555//2555 2554//2554
f 2545//2545 2546//2546 2556//2556
f 2545//2545 2556//2556 2555//2555
f 2546//2546 2547//2547 2557//2557
f 2546//2546 2557//2557 2556//2556
f 2547//2547 2539//2539 2549//2549
f 2547//2547 2549//2549 2557//2557
f 2549//2549 2548//2548 2558//2558
f 2549//2549 2558//2558 2559//2559
f 2548//2548 2550//2550 2560//2560
f 2548//2548 2560//2560 2558//2558
f 2550//2550 2551//2551 2561//2561
f 2550//2550 2561//2561 2560//2560
f 2551//2551 2552//2552 2562//2562
f 2551//2551 2562//2562 2561//2561
f 2552//2552 2553//2553 2563//2563
f 2552//2552 2563//2563 2562//2562
f 2553//2553 2554//2554 2564//2564
f 2553//2553 2564//2564 2563//2563
f 2554//2554 2555//2555 2565//2565
f 2554//2554 2565//2565 2564//2564
f 2555//2555 2556//2556 2566//2566
f 2555//2555 2566//2566 2565//2565
f 2556//2556 2557//2557 2567//2567
f 2556//2556 2567//2567 2566//2566
f 2557//2557 2549//2549 2559//2559
f 2557//2557 2559//2559 2567//2567
f 2559//2559 2558//2558 2568//2568
f 2559//2559 2568//2568 2569//2569
f 2558//2558 2560//2560 2570//2570
f 2558//2558 2570//2570 2568//2568
f 2560//2560 2561//2561 2571//2571
f 2560//2560 2571//2571 2570//2570
f 2561//2561 2562//2562 2572//2572
f 2561//2561 2572//2572 2571//2571
f 2562//2562 2563//2563 2573//2573
f 2562//2562 2573//2573 2572//2572
f 2563//2563 2564//2564 2574//2574
f 2563//2563 2574//2574 2573//2573
f 2564//2564 2565//2565 2575//2575
f 2564//2564 2575//2575 2574//2574
f 2565//2565 2566//2566 2576//2576
f 2565//2565 2576//2576 2575//2575
f 2566//2566 2567//2567 2577//2577
f 2566//2566 2577//2577 2576//2576
f 2567//2567 2559//2559 2569//2569
f 2567//2567 2569//2569 2577//2577
f 2569//2569 2568//2568 2578//2578
f 2569//2569 2578//2578 2579//2579
f 2568//2568 2570//2570 2580//2580
f 2568//2568 2580//2580 2578//2578
f 2570//2570 2571//2571 2581//2581
f 2570//2570 2581//2581 2580//2580
f 2571//2571 2572//2572 2582//2582
f 2571//2571 2582//2582 2581//2581
f 2572//2572 2573//2573 2583//2583
f 2572//2572 2583//2583 2582//2582
f 2573//2573 2574//2574 2584//2584
f 2573//2573 2584//2584 2583//2583
f 2574//2574 2575//2575 2585//2585
f 2574//2574 2585//2585 2584//2584
f 2575//2575 2576//2576 2586//2586
f 2575//2575 2586//2586 2585//2585
f 2576//2576 2577//2577 2587//2587
f 2576//2576 2587//2587 2586//2586
f 2577//2577 2569//2569 2579//2579
f 2577//2577 2579//2579 2587//2587
f 2579//2579 2578//2578 2588//2588
f 2579//2579 2588//2588 2589//2589
f 2578//2578 2580//2580 2590//2590
f 2578//2578 2590//2590 2588//2588
f 2580//2580 2581//2581 2591//2591
f 2580//2580 2591//2591 2590//2590
f 2581//2581 2582//2582 2592//2592
f 2581//2581 2592//2592 2591//2591
f 2582//2582 2583//2583 2593//2593
f 2582//2582 2593//2593 2592//2592
f 2583//2583 2584//2584 2594//2594
f 2583//2583 2594//2594 2593//2593
f 2584//2584 2585//2585 2595//2595
f 2584//2584 2595//2595 2594//2594
f 2585//2585 2586//2586 2596//2596
f 2585//2585 2596//2596 2595//2595
f 2586//2586 2587//2587 2597//2597
f 2586//2586 2597//2597 2596//2596
f 2587//2587 2579//2579 2589//2589
f 2587//2587 2589//2589 2597//2597
f 2589//2589 2588//2588 2598//2598
f 2589//2589 2598//2598 2599//2599
f 2588//2588 2590//2590 2600//2600
f 2588//2588 2600//2600 2598//2598
f 2590//2590 2591//2591 2601//2601
f 2590//2590 2601//2601 2600//2600
f 2591//2591 2592//2592 2602//2602
f 2591//2591 2602//2602 2601//2601
f 2592//2592 2593//2593 2603//2603
f 2592//2592 2603//2603 2602//2602
f 2593//2593 2594//2594 2604//2604
f 2593//2593 2604//2604 2603//2603
f 2594//2594 2595//2595 2605//2605
f 2594//2594 2605//2605 2604//2604
f 2595//2595 2596//2596 2606//2606
f 2595//2595 2606//2606 2605//2605
f 2596//2596 2597//2597 2607//2607
f 2596//2596 2607//2607 2606//2606
f 2597//2597 2589//2589 2599//2599
f 2597//2597 2599//2599 2607//2607
f 2599//2599 2598//2598 2608//2608
f 2599//2599 2608//2608 2609//2609
f 2598//2598 2600//2600 2610//2610
f 2598//2598 2610//2610 2608//2608
f 2600//2600 2601//2601 2611//2611
f 2600//2600 2611//2611 2610//2610
f 2601//2601 2602//2602 2612//2612
f 2601//2601 2612//2612 2611//2611
f 2602//2602 2603//2603 2613//2613
f 2602//2602 2613//2613 2612//2612
f 2603//2603 2604//2604 2614//2614
f 2603//2603 2614//2614 2613//2613
f 2604//2604 2605//2605 2615//2615
f 2604//2604 2615//2615 2614//2614
f 2605//2605 2606//2606 2616//2616
f 2605//2605 2616//2616 2615//2615
f 2606//2606 2607//2607 2617//2617
f 2606//2606 2617//2617 2616//2616
f 2607//2607 2599//2599 2609//2609
f 2607//2607 2609//2609 2617//2617
f 2609//2609 2608//2608 2618//2618
f 2609//2609 2618//2618 2619//2619
f 2608//2608 2610//2610 2620//2620
f 2608//2608 2620//2620 2618//2618
f 2610//2610 2611//2611 2621//2621
f 2610//2610 2621//2621 2620//2620
f 2611//2611 2612//2612 2622//2622
f 2611//2611 2622//2622 2621//2621
f 2612//2612 2613//2613 2623//2623
f 2612//2612 2623//2623 2622//2622
f 2613//2613 2614//2614 2624//2624
f 2613//2613 2624//2624 2623//2623
f 2614//2614 2615//2615 2625//2625
f 2614//2614 2625//2625 2624//2624
f 2615//2615 2616//2616 2626//2626
f 2615//2615 2626//2626 2625//2625
f 2616//2616 2617//2617 2627//2627
f 2616//2616 2627//2627 2626//2626
f 2617//2617 2609//2609 2619//2619
f 2617//2617 2619//2619 2627//2627
f 2619//2619 2618//2618 2628//2628
f 2619//2619 2628//2628 2629//2629
f 2618//2618 2620//2620 2630//2630
f 2618//2618 2630//2630 2628//2628
f 2620//2620 2621//2621 2631//2631
f 2620//2620 2631//2631 2630//2630
f 2621//2621 2622//2622 2632//2632
f 2621//2621 2632//2632 2631//2631
f 2622//2622 2623//2623 2633//2633
f 2622//2622 2633//2633 2632//2632
f 2623//2623 2624//2624 2634//2634
f 2623//2623 2634//2634 2633//2633
f 2624//2624 2625//2625 2635//2635
f 2624//2624 2635//2635 2634//2634
f 2625//2625 2626//2626 2636//2636
f 2625//2625 2636//2636 2635//2635
f 2626//2626 2627//2627 2637//2637
f 2626//2626 2637//2637 2636//2636
f 2627//2627 2619//2619 2629//2629
f 2627//2627 2629//2629 2637//2637
f 2629//2629 2628//2628 2638//2638
f 2629//2629 2638//2638 2639//2639
f 2628//2628 2630//2630 2640//2640
f 2628//2628 2640//2640 2638//2638
f 2630//2630 2631//2631 2641//2641
f 2630//2630 2641//2641 2640//2640
f 2631//2631 2632//2632 2642//2642
f 2631//2631 2642//2642 2641//2641
f 2632//2632 2633//2633 2643//2643
f 2632//2632 2643//2643 2642//2642
f 2633//2633 2634//2634 2644//2644
f 2633//2633 2644//2644 2643//2643
f 2634//2634 2635//2635 2645//2645
f 2634//2634 2645//2645 2644//2644
f 2635//2635 2636//2636 2646//2646
f 2635//2635 2646//2646 2645//2645
f 2636//2636 2637//2637 2647//2647
f 2636//2636 2647//2647 2646//2646
f 2637//2637 2629//2629 2639//2639
f 2637//2637 2639//2639 2647//2647
f 2639//2639 2638//2638 2640//2640
f 2639//2639 2640//2640 2641//2641
f 2639//2639 2641//2641 2642//2642
f 2639//2639 2642//2642 2643//2643
f 2639//2639 2643//2643 2644//2644
f 2639//2639 2644//2644 2645//2645
f 2639//2639 2645//2645 2646//2646
f 2639//2639 2646//2646 2647//2647
f 2648//2648 2649//2649 2650//2650
f 2648//2648 2650//2650 2651//2651
f 2648//2648 2651//2651 2652//2652
f 2648//2648 2652//2652 2653//2653
f 2648//2648 2653//2653 2654//2654
f 2648//2648 2654//2654 2655//2655
f 2655//2655 2654//2654 2656//2656
f 2655//2655 2656//2656 2657//2657
f 2654//2654 2653//2653 2658//2658
f 2654//2654 2658//2658 2656//2656
f 2653//2653 2652//2652 2659//2659
f 2653//2653 2659//2659 2658//2658
f 2652//2652 2651//2651 2660//2660
f 2652//2652 2660//2660 2659//2659
f 2651//2651 2650//2650 2661//2661
f 2651//2651 2661//2661 2660//2660
f 2650//2650 2649//2649 2662//2662
f 2650//2650 2662//2662 2661//2661
f 2649//2649 2648//2648 2663//2663
f 2649//2649 2663//2663 2662//2662
f 2648//2648 2655//2655 2657//2657
f 2648//2648 2657//2657 2663//2663
f 2657//2657 2656//2656 2664//2664
f 2657//2657 2664//2664 2665//2665
f 2656//2656 2658//2658 2666//2666
f 2656//2656 2666//2666 2664//2664
f 2658//2658 2659//2659 2667//2667
f 2658//2658 2667//2667 2666//2666
f 2659//2659 2660//2660 2668//2668
f 2659//2659 2668//2668 2667//2667
f 2660//2660 2661//2661 2669//2669
f 2660//2660 2669//2669 2668//2668
f 2661//2661 2662//2662 2670//2670
f 2661//2661 2670//2670 2669//2669
f 2662//2662 2663//2663 2671//2671
f 2662//2662 2671//2671 2670//2670
f 2663//2663 2657//2657 2665//2665
f 2663//2663 2665//2665 2671//2671
f 2665//2665 2664//2664 2672//2672
f 2665//2665 2672//2672 2673//2673
f 2664//2664 2666//2666 2674//2674
f 2664//2664 2674//2674 2672//2672
f 2666//2666 2667//2667 2675//2675
f 2666//2666 2675//2675 2674//2674
f 2667//2667 2668//2668 2676//2676
f 2667//2667 2676//2676 2675//2675
f 2668//2668 2669//2669 2677//2677
f 2668//2668 2677//2677 2676//2676
f 2669//2669 2670//2670 2678//2678
f 2669//2669 2678//2678 2677//2677
f 2670//2670 2671//2671 2679//2679
f 2670//2670 2679//2679 2678//2678
f 2671//2671 2665//2665 2673//2673
f 2671//2671 2673//2673 2679//2679
f 2673//2673 2672//2672 2680//2680
f 2673//2673 2680//2680 2681//2681
f 2672//2672 2674//2674 2682//2682
f 2672//2672 2682//2682 2680//2680
f 2674//2674 2675//2675 2683//2683
f 2674//2674 2683//2683 2682//2682
f 2675//2675 2676//2676 2684//2684
f 2675//2675 2684//2684 2683//2683
f 2676//2676 2677//2677 2685//2685
f 2676//2676 2685//2685 2684//2684
f 2677//2677 2678//2678 2686//2686
f 2677//2677 2686//2686 2685//2685
f 2678//2678 2679//2679 2687//2687
f 2678//2678 2687//2687 2686//2686
f 2679//2679 2673//2673 2681//2681
f 2679//2679 2681//2681 2687//2687
f 2681//2681 2680//2680 2688//2688
f 2681//2681 2688//2688 2689//2689
f 2680//2680 2682//2682 2690//2690
f 2680//2680 2690//2690 2688//2688
f 2682//2682 2683//2683 2691//2691
f 2682//2682 2691//2691 2690//2690
f 2683//2683 2684//2684 2692//2692
f 2683//2683 2692//2692 2691//2691
f 2684//2684 2685//2685 2693//2693
f 2684//2684 2693//2693 2692//2692
f 2685//2685 2686//2686 2694//2694
f 2685//2685 2694//2694 2693//2693
f 2686//2686 2687//2687 2695//2695
f 2686//2686 2695//2695 2694//2694
f 2687//2687 2681//2681 2689//2689
f 2687//2687 2689//2689 2695//2695
f 2689//2689 2688//2688 2696//2696
f 2689//2689 2696//2696 2697//2697
f 2688//2688 2690//2690 2698//2698
f 2688//2688 2698//2698 2696//2696
f 2690//2690 2691//2691 2699//2699
f 2690//2690 2699//2699 2698//2698
f 2691//2691 2692//2692 2700//2700
f 2691//2691 2700//2700 2699//2699
f 2692//2692 2693//2693 2701//2701
f 2692//2692 2701//2701 2700//2700
f 2693//2693 2694//2694 2702//2702
f 2693//2693 2702//2702 2701//2701
f 2694//2694 2695//2695 2703//2703
f 2694//2694 2703//2703 2702//2702
f 2695//2695 2689//2689 2697//2697
f 2695//2695 2697//2697 2703//2703
f 2697//2697 2696//2696 2704//2704
f 2697//2697 2704//2704 2705//2705
f 2696//2696 2698//2698 2706//2706
f 2696//2696 2706//2706 2704//2704
f 2698//2698 2699//2699 2707//2707
f 2698//2698 2707//2707 2706//2706
f 2699//2699 2700//2700 2708//2708
f 2699//2699 2708//2708 2707//2707
f 2700//2700 2701//2701 2709//2709
f 2700//2700 2709//2709 2708//2708
f 2701//2701 2702//2702 2710//2710
f 2701//2701 2710//2710 2709//2709
f 2702//2702 2703//2703 2711//2711
f 2702//2702 2711//2711 2710//2710
f 2703//2703 2697//2697 2705//2705
f 2703//2703 2705//2705 2711//2711
f 2705//2705 2704//2704 2712//2712
f 2705//2705 2712//2712 2713//2713
f 2704//2704 2706//2706 2714//2714
f 2704//2704 2714//2714 2712//2712
f 2706//2706 2707//2707 2715//2715
f 2706//2706 2715//2715 2714//2714
f 2707//2707 2708//2708 2716//2716
f 2707//2707 2716//2716 2715//2715
f 2708//2708 2709//2709 2717//2717
f 2708//2708 2717//2717 2716//2716
f 2709//2709 2710//2710 2718//2718
f 2709//2709 2718//2718 2717//2717
f 2710//2710 2711//2711 2719//2719
f 2710//2710 2719//2719 2718//2718
f 2711//2711 2705//2705 2713//2713
f 2711//2711 2713//2713 2719//2719
f 2713//2713 2712//2712 2720//2720
f 2713//2713 2720//2720 2721//2721
f 2712//2712 2714//2714 2722//2722
f 2712//2712 2722//2722 2720//2720
f 2714//2714 2715//2715 2723//2723
f 2714//2714 2723//2723 2722//2722
f 2715//2715 2716//2716 2724//2724
f 2715//2715 2724//2724 2723//2723
f 2716//2716 2717//2717 2725//2725
f 2716//2716 2725//2725 2724//2724
f 2717//2717 2718//2718 2726//2726
f 2717//2717 2726//2726 2725//2725
f 2718//2718 2719//2719 2727//2727
f 2718//2718 2727//2727 2726//2726
f 2719//2719 2713//2713 2721//2721
f 2719//2719 2721//2721 2727//2727
f 2721//2721 2720//2720 2728//2728
f 2721//2721 2728//2728 2729//2729
f 2720//2720 2722//2722 2730//2730
f 2720//2720 2730//2730 2728//2728
f 2722//2722 2723//2723 2731//2731
f 2722//2722 2731//2731 2730//2730
f 2723//2723 2724//2724 2732//2732
f 2723//2723 2732//2732 2731//2731
f 2724//2724 2725//2725 2733//2733
f 2724//2724 2733//2733 2732//2732
f 2725//2725 2726//2726 2734//2734
f 2725//2725 2734//2734 2733//2733
f 2726//2726 2727//2727 2735//2735
f 2726//2726 2735//2735 2734//2734
f 2727//2727 2721//2721 2729//2729
f 2727//2727 2729//2729 2735//2735
f 2729//2729 2728//2728 2736//2736
f 2729//2729 2736//2736 2737//2737
f 2728//2728 2730//2730 2738//2738
f 2728//2728 2738//2738 2736//2736
f 2730//2730 2731//2731 2739//2739
f 2730//2730 2739//2739 2738//2738
f 2731//2731 2732//2732 2740//2740
f 2731//2731 2740//2740 2739//2739
f 2732//2732 2733//2733 2741//2741
f 2732//2732 2741//2741 2740//2740
f 2733//2733 2734//2734 2742//2742
f 2733//2733 2742//2742 2741//2741
f 2734//2734 2735//2735 2743//2743
f 2734//2734 2743//2743 2742//2742
f 2735//2735 2729//2729 2737//2737
f 2735//2735 2737//2737 2743//2743
f 2737//2737 2736//2736 2744//2744
f 2737//2737 2744//2744 2745//2745
f 2736//2736 2738//2738 2746//2746
f 2736//2736 2746//2746 2744//2744
f 2738//2738 2739//2739 2747//2747
f 2738//2738 2747//2747 2746//2746
f 2739//2739 2740//2740 2748//2748
f 2739//2739 2748//2748 2747//2747
f 2740//2740 2741//2741 2749//2749
f 2740//2740 2749//2749 2748//2748
f 2741//2741 2742//2742 2750//2750
f 2741//2741 2750//2750 2749//2749
f 2742//2742 2743//2743 2751//2751
f 2742//2742 2751//2751 2750//2750
f 2743//2743 2737//2737 2745//2745
f 2743//2743 2745//2745 2751//2751
f 2745//2745 2744//2744 2752//2752
f 2745//2745 2752//2752 2753//2753
f 2744//2744 2746//2746 2754//2754
f 2744//2744 2754//2754 2752//2752
f 2746//2746 2747//2747 2755//2755
f 2746//2746 2755//2755 2754//2754
f 2747//2747 2748//2748 2756//2756
f 2747//2747 2756//2756 2755//2755
f 2748//2748 2749//2749 2757//2757
f 2748//2748 2757//2757 2756//2756
f 2749//2749 2750//2750 2758//2758
f 2749//2749 2758//2758 2757//2757
f 2750//2750 2751//2751 2759//2759
f 2750//2750 2759//2759 2758//2758
f 2751//2751 2745//2745 2753//2753
f 2751//2751 2753//2753 2759//2759
f 2753//2753 2752//2752 2760//2760
f 2753//2753 2760//2760 2761//2761
f 2752//2752 2754//2754 2762//2762
f 2752//2752 2762//2762 2760//2760
f 2754//2754 2755//2755 2763//2763
f 2754//2754 2763//2763 2762//2762
f 2755//2755 2756//2756 2764//2764
f 2755//2755 2764//2764 2763//2763
f 2756//2756 2757//2757 2765//2765
f 2756//2756 2765//2765 2764//2764
f 2757//2757 2758//2758 2766//2766
f 2757//2757 2766//2766 2765//2765
f 2758//2758 2759//2759 2767//2767
f 2758//2758 2767//2767 2766//2766
f 2759//2759 2753//2753 2761//2761
f 2759//2759 2761//2761 2767//2767
f 2761//2761 2760//2760 2768//2768
f 2761//2761 2768//2768 2769//2769
f 2760//2760 2762//2762 2770//2770
f 2760//2760 2770//2770 2768//2768
f 2762//2762 2763//2763 2771//2771
f 2762//2762 2771//2771 2770//2770
f 2763//2763 2764//2764 2772//2772
f 2763//2763 2772//2772 2771//2771
f 2764//2764 2765//2765 2773//2773
f 2764//2764 2773//2773 2772//2772
f 2765//2765 2766//2766 2774//2774
f 2765//2765 2774//2774 2773//2773
f 2766//2766 2767//2767 2775//2775
f 2766//2766 2775//2775 2774//2774
f 2767//2767 2761//2761 2769//2769
f 2767//2767 2769//2769 2775//2775
f 2769//2769 2768//2768 2776//2776
f 2769//2769 2776//2776 2777//2777
f 2768//2768 2770//2770 2778//2778
f 2768//2768 2778//2778 2776//2776
f 2770//2770 2771//2771 2779//2779
f 2770//2770 2779//2779 2778//2778
f 2771//2771 2772//2772 2780//2780
f 2771//2771 2780//2780 2779//2779
f 2772//2772 2773//2773 2781//2781
f 2772//2772 2781//2781 2780//2780
f 2773//2773 2774//2774 2782//2782
f 2773//2773 2782//2782 2781//2781
f 2774//2774 2775//2775 2783//2783
f 2774//2774 2783//2783 2782//2782
f 2775//2775 2769//2769 2777//2777
f 2775//2775 2777//2777 2783//2783
f 2777//2777 2776//2776 2778//2778
f 2777//2777 2778//2778 2779//2779
f 2777//2777 2779//2779 2780//2780
f 2777//2777 2780//2780 2781//2781
f 2777//2777 2781//2781 2782//2782
f 2777//2777 2782//2782 2783//2783
f 2784//2784 2785//2785 2786//2786
f 2784//2784 2786//2786 2787//2787
f 2784//2784 2787//2787 2788//2788
f 2784//2784 2788//2788 2789//2789
f 2784//2784 2789//2789 2790//2790
f 2784//2784 2790//2790 2791//2791
f 2791//2791 2790//2790 2792//2792
f 2791//2791 2792//2792 2793//2793
f 2790//2790 2789//2789 2794//2794
f 2790//2790 2794//2794 2792//2792
f 2789//2789 2788//2788 2795//2795
f 2789//2789 2795//2795 2794//2794
f 2788//2788 2787//2787 2796//2796
f 2788//2788 2796//2796 2795//2795
f 2787//2787 2786//2786 2797//2797
f 2787//2787 2797//2797 2796//2796
f 2786//2786 2785//2785 2798//2798
f 2786//2786 2798//2798 2797//2797
f 2785//2785 2784//2784 2799//2799
f 2785//2785 2799//2799 2798//2798
f 2784//2784 2791//2791 2793//2793
f 2784//2784 2793//2793 2799//2799
f 2793//2793 2792//2792 2800//2800
f 2793//2793 2800//2800 2801//2801
f 2792//2792 2794//2794 2802//2802
f 2792//2792 2802//2802 2800//2800
f 2794//2794 2795//2795 2803//2803
f 2794//2794 2803//2803 2802//2802
f 2795//2795 2796//2796 2804//2804
f 2795//2795 2804//2804 2803//2803
f 2796//2796 2797//2797 2805//2805
f 2796//2796 2805//2805 2804//2804
f 2797//2797 2798//2798 2806//2806
f 2797//2797 2806//2806 2805//2805
f 2798//2798 2799//2799 2807//2807
f 2798//2798 2807//2807 2806//2806
f 2799//2799 2793//2793 2801//2801
f 2799//2799 2801//2801 2807//2807
f 2801//2801 2800//2800 2808//2808
f 2801//2801 2808//2808 2809//2809
f 2800//2800 2802//2802 2810//2810
f 2800//2800 2810//2810 2808//2808
f 2802//2802 2803//2803 2811//2811
f 2802//2802 2811//2811 2810//2810
f 2803//2803 2804//2804 2812//2812
f 2803//2803 2812//2812 2811//2811
f 2804//2804 2805//2805 2813//2813
f 2804//2804 2813//2813 2812//2812
f 2805//2805 2806//2806 2814//2814
f 2805//2805 2814//2814 2813//2813
f 2806//2806 2807//2807 2815//2815
f 2806//2806 2815//2815 2814//2814
f 2807//2807 2801//2801 2809//2809
f 2807//2807 2809//2809 2815//2815
f 2809//2809 2808//2808 2816//2816
f 2809//2809 2816//2816 2817//2817
f 2808//2808 2810//2810 2818//2818
f 2808//2808 2818//2818 2816//2816
f 2810//2810 2811//2811 2819//2819
f 2810//2810 2819//2819 2818//2818
f 2811//2811 2812//2812 2820//2820
f 2811//2811 2820//2820 2819//2819
f 2812//2812 2813//2813 2821//2821
f 2812//2812 2821//2821 2820//2820
f 2813//2813 2814//2814 2822//2822
f 2813//2813 2822//2822 2821//2821
f 2814//2814 2815//2815 2823//2823
f 2814//2814 2823//2823 2822//2822
f 2815//2815 2809//2809 2817//2817
f 2815//2815 2817//2817 2823//2823
f 2817//2817 2816//2816 2824//2824
f 2817//2817 2824//2824 2825//2825
f 2816//2816 2818//2818 2826//2826
f 2816//2816 2826//2826 2824//2824
f 2818//2818 2819//2819 2827//2827
f 2818//2818 2827//2827 2826//2826
f 2819//2819 2820//2820 2828//2828
f 2819//2819 2828//2828 2827//2827
f 2820//2820 2821//2821 2829//2829
f 2820//2820 2829//2829 2828//2828
f 2821//2821 2822//2822 2830//2830
f 2821//2821 2830//2830 2829//2829
f 2822//2822 2823//2823 2831//2831
f 2822//2822 2831//2831 2830//2830
f 2823//2823 2817//2817 2825//2825
f 2823//2823 2825//2825 2831//2831
f 2825//2825 2824//2824 2832//2832
f 2825//2825 2832//2832 2833//2833
f 2824//2824 2826//2826 2834//2834
f 2824//2824 2834//2834 2832//2832
f 2826//2826 2827//2827 2835//2835
f 2826//2826 2835//2835 2834//2834
f 2827//2827 2828//2828 2836//2836
f 2827//2827 2836//2836 2835//2835
f 2828//2828 2829//2829 2837//2837
f 2828//2828 2837//2837 2836//2836
f 2829//2829 2830//2830 2838//2838
f 2829//2829 2838//2838 2837//2837
f 2830//2830 2831//2831 2839//2839
f 2830//2830 2839//2839 2838//2838
f 2831//2831 2825//2825 2833//2833
f 2831//2831 2833//2833 2839//2839
f 2833//2833 2832//2832 2840//2840
f 2833//2833 2840//2840 2841//2841
f 2832//2832 2834//2834 2842//2842
f 2832//2832 2842//2842 2840//2840
f 2834//2834 2835//2835 2843//2843
f 2834//2834 2843//2843 2842//2842
f 2835//2835 2836//2836 2844//2844
f 2835//2835 2844//2844 2843//2843
f 2836//2836 2837//2837 2845//2845
f 2836//2836 2845//2845 2844//2844
f 2837//2837 2838//2838 2846//2846
f 2837//2837 2846//2846 2845//2845
f 2838//2838 2839//2839 2847//2847
f 2838//2838 2847//2847 2846//2846
f 2839//2839 2833//2833 2841//2841
f 2839//2839 2841//2841 2847//2847
f 2841//2841 2840//2840 2848//2848
f 2841//2841 2848//2848 2849//2849
f 2840//2840 2842//2842 2850//2850
f 2840//2840 2850//2850 2848//2848
f 2842//2842 2843//2843 2851//2851
f 2842//2842 2851//2851 2850//2850
f 2843//2843 2844//2844 2852//2852
f 2843//2843 2852//2852 2851//2851
f 2844//2844 2845//2845 2853//2853
f 2844//2844 2853//2853 2852//2852
f 2845//2845 2846//2846 2854//2854
f 2845//2845 2854//2854 2853//2853
f 2846//2846 2847//2847 2855//2855
f 2846//2846 2855//2855 2854//2854
f 2847//2847 2841//2841 2849//2849
f 2847//2847 2849//2849 2855//2855
f 2849//2849 2848//2848 2856//2856
f 2849//2849 2856//2856 2857//2857
f 2848//2848 2850//2850 2858//2858
f 2848//2848 2858//2858 2856//2856
f 2850//2850 2851//2851 2859//2859
f 2850//2850 2859//2859 2858//2858
f 2851//2851 2852//2852 2860//2860
f 2851//2851 2860//2860 2859//2859
f 2852//2852 2853//2853 2861//2861
f 2852//2852 2861//2861 2860//2860
f 2853//2853 2854//2854 2862//2862
f 2853//2853 2862//2862 2861//2861
f 2854//2854 2855//2855 2863//2863
f 2854//2854 2863//2863 2862//2862
f 2855//2855 2849//2849 2857//2857
f 2855//2855 2857//2857 2863//2863
f 2857//2857 2856//2856 2864//2864
f 2857//2857 2864//2864 2865//2865
f 2856//2856 2858//2858 2866//2866
f 2856//2856 2866//2866 2864//2864
f 2858//2858 2859//2859 2867//2867
f 2858//2858 2867//2867 2866//2866
f 2859//2859 2860//2860 2868//2868
f 2859//2859 2868//2868 2867//2867
f 2860//2860 2861//2861 2869//2869
f 2860//2860 2869//2869 2868//2868
f 2861//2861 2862//2862 2870//2870
f 2861//2861 2870//2870 2869//2869
f 2862//2862 2863//2863 2871//2871
f 2862//2862 2871//2871 2870//2870
f 2863//2863 2857//2857 2865//2865
f 2863//2863 2865//2865 2871//2871
f 2865//2865 2864//2864 2872//2872
f 2865//2865 2872//2872 2873//2873
f 2864//2864 2866//2866 2874//2874
f 2864//2864 2874//2874 2872//2872
f 2866//2866 2867//2867 2875//2875
f 2866//2866 2875//2875 2874//2874
f 2867//2867 2868//2868 2876//2876
f 2867//2867 2876//2876 2875//2875
f 2868//2868 2869//2869 2877//2877
f 2868//2868 2877//2877 2876//2876
f 2869//2869 2870//2870 2878//2878
f 2869//2869 2878//2878 2877//2877
f 2870//2870 2871//2871 2879//2879
f 2870//2870 2879//2879 2878//2878
f 2871//2871 2865//2865 2873//2873
f 2871//2871 2873//2873 2879//2879
f 2873//2873 2872//2872 2880//2880
f 2873//2873 2880//2880 2881//2881
f 2872//2872 2874//2874 2882//2882
f 2872//2872 2882//2882 2880//2880
f 2874//2874 2875//2875 2883//2883
f 2874//2874 2883//2883 2882//2882
f 2875//2875 2876//2876 2884//2884
f 2875//2875 2884//2884 2883//2883
f 2876//2876 2877//2877 2885//2885
f 2876//2876 2885//2885 2884//2884
f 2877//2877 2878//2878 2886//2886
f 2877//2877 2886//2886 2885//2885
f 2878//2878 2879//2879 2887//2887
f 2878//2878 2887//2887 2886//2886
f 2879//2879 2873//2873 2881//2881
f 2879//2879 2881//2881 2887//2887
f 2881//2881 2880//2880 2888//2888
f 2881//2881 2888//2888 2889//2889
f 2880//2880 2882//2882 2890//2890
f 2880//2880 2890//2890 2888//2888
f 2882//2882 2883//2883 2891//2891
f 2882//2882 2891//2891 2890//2890
f 2883//2883 2884//2884 2892//2892
f 2883//2883 2892//2892 2891//2891
f 2884//2884 2885//2885 2893//2893
f 2884//2884 2893//2893 2892//2892
f 2885//2885 2886//2886 2894//2894
f 2885//2885 2894//2894 2893//2893
f 2886//2886 2887//2887 2895//2895
f 2886//2886 2895//2895 2894//2894
f 2887//2887 2881//2881 2889//2889
f 2887//2887 2889//2889 2895//2895
f 2889//2889 2888//2888 2896//2896
f 2889//2889 2896//2896 2897//2897
f 2888//2888 2890//2890 2898//2898
f 2888//2888 2898//2898 2896//2896
f 2890//2890 2891//2891 2899//2899
f 2890//2890 2899//2899 2898//2898
f 2891//2891 2892//2892 2900//2900
f 2891//2891 2900//2900 2899//2899
f 2892//2892 2893//2893 2901//2901
f 2892//2892 2901//2901 2900//2900
f 2893//2893 2894//2894 2902//2902
f 2893//2893 2902//2902 2901//2901
f 2894//2894 2895//2895 2903//2903
f 2894//2894 2903//2903 2902//2902
f 2895//2895 2889//2889 2897//2897
f 2895//2895 2897//2897 2903//2903
f 2897//2897 2896//2896 2904//2904
f 2897//2897 2904//2904 2905//2905
f 2896//2896 2898//2898 2906//2906
f 2896//2896 2906//2906 2904//2904
f 2898//2898 2899//2899 2907//2907
f 2898//2898 2907//2907 2906//2906
f 2899//2899 2900//2900 2908//2908
f 2899//2899 2908//2908 2907//2907
f 2900//2900 2901//2901 2909//2909
f 2900//2900 2909//2909 2908//2908
f 2901//2901 2902//2902 2910//2910
f 2901//2901 2910//2910 2909//2909
f 2902//2902 2903//2903 2911//2911
f 2902//2902 2911//2911 2910//2910
f 2903//2903 2897//2897 2905//2905
f 2903//2903 2905//2905 2911//2911
f 2905//2905 2904//2904 2912//2912
f 2905//2905 2912//2912 2913//2913
f 2904//2904 2906//2906 2914//2914
f 2904//2904 2914//2914 2912//2912
f 2906//2906 2907//2907 2915//2915
f 2906//2906 2915//2915 2914//2914
f 2907//2907 2908//2908 2916//2916
f 2907//2907 2916//2916 2915//2915
f 2908//2908 2909//2909 2917//2917
f 2908//2908 2917//2917 2916//2916
f 2909//2909 2910//2910 2918//2918
f 2909//2909 2918//2918 2917//2917
f 2910//2910 2911//2911 2919//2919
f 2910//2910 2919//2919 2918//2918
f 2911//2911 2905//2905 2913//2913
f 2911//2911 2913//2913 2919//2919
f 2913//2913 2912//2912 2914//2914
f 2913//2913 2914//2914 2915//2915
f 2913//2913 2915//2915 2916//2916
f 2913//2913 2916//2916 2917//2917
f 2913//2913 2917//2917 2918//2918
f 2913//2913 2918//2918 2919//2919
f 2920//2920 2921//2921 2922//2922
f 2920//2920 2922//2922 2923//2923
f 2920//2920 2923//2923 2924//2924
f 2920//2920 2924//2924 2925//2925
f 2920//2920 2925//2925 2926//2926
f 2920//2920 2926//2926 2927//2927
f 2927//2927 2926//2926 2928//2928
f 2927//2927 2928//2928 2929//2929
f 2926//2926 2925//2925 2930//2930
f 2926//2926 2930//2930 2928//2928
f 2925//2925 2924//2924 2931//2931
f 2925//2925 2931//2931 2930//2930
f 2924//2924 2923//2923 2932//2932
f 2924//2924 2932//2932 2931//2931
f 2923//2923 2922//2922 2933//2933
f 2923//2923 2933//2933 2932//2932
f 2922//2922 2921//2921 2934//2934
f 2922//2922 2934//2934 2933//2933
f 2921//2921 2920//2920 2935//2935
f 2921//2921 2935//2935 2934//2934
f 2920//2920 2927//2927 2929//2929
f 2920//2920 2929//2929 2935//2935
f 2929//2929 2928//2928 2936//2936
f 2929//2929 2936//2936 2937//2937
f 2928//2928 2930//2930 2938//2938
f 2928//2928 2938//2938 2936//2936
f 2930//2930 2931//2931 2939//2939
f 2930//2930 2939//2939 2938//2938
f 2931//2931 2932//2932 2940//2940
f 2931//2931 2940//2940 2939//2939
f 2932//2932 2933//2933 2941//2941
f 2932//2932 2941//2941 2940//2940
f 2933//2933 2934//2934 2942//2942
f 2933//2933 2942//2942 2941//2941
f 2934//2934 2935//2935 2943//2943
f 2934//2934 2943//2943 2942//2942
f 2935//2935 2929//2929 2937//2937
f 2935//2935 2937//2937 2943//2943
f 2937//2937 2936//2936 2944//2944
f 2937//2937 2944//2944 2945//2945
f 2936//2936 2938//2938 2946//2946
f 2936//2936 2946//2946 2944//2944
f 2938//2938 2939//2939 2947//2947
f 2938//2938 2947//2947 2946//2946
f 2939//2939 2940//2940 2948//2948
f 2939//2939 2948//2948 2947//2947
f 2940//2940 2941//2941 2949//2949
f 2940//2940 2949//2949 2948//2948
f 2941//2941 2942//2942 2950//2950
f 2941//2941 2950//2950 2949//2949
f 2942//2942 2943//2943 2951//2951
f 2942//2942 2951//2951 2950//2950
f 2943//2943 2937//2937 2945//2945
f 2943//2943 2945//2945 2951//2951
f 2945//2945 2944//2944 2952//2952
f 2945//2945 2952//2952 2953//2953
f 2944//2944 2946//2946 2954//2954
f 2944//2944 2954//2954 2952//2952
f 2946//2946 2947//2947 2955//2955
f 2946//2946 2955//2955 2954//2954
f 2947//2947 2948//2948 2956//2956
f 2947//2947 2956//2956 2955//2955
f 2948//2948 2949//2949 2957//2957
f 2948//2948 2957//2957 2956//2956
f 2949//2949 2950//2950 2958//2958
f 2949//2949 2958//2958 2957//2957
f 2950//2950 2951//2951 2959//2959
f 2950//2950 2959//2959 2958//2958
f 2951//2951 2945//2945 2953//2953
f 2951//2951 2953//2953 2959//2959
f 2953//2953 2952//2952 2960//2960
f 2953//2953 2960//2960 2961//2961
f 2952//2952 2954//2954 2962//2962
f 2952//2952 2962//2962 2960//2960
f 2954//2954 2955//2955 2963//2963
f 2954//2954 2963//2963 2962//2962
f 2955//2955 2956//2956 2964//2964
f 2955//2955 2964//2964 2963//2963
f 2956//2956 2957//2957 2965//2965
f 2956//2956 2965//2965 2964//2964
f 2957//2957 2958//2958 2966//2966
f 2957//2957 2966//2966 2965//2965
f 2958//2958 2959//2959 2967//2967
f 2958//2958 2967//2967 2966//2966
f 2959//2959 2953//2953 2961//2961
f 2959//2959 2961//2961 2967//2967
f 2961//2961 2960//2960 2968//2968
f 2961//2961 2968//2968 2969//2969
f 2960//2960 2962//2962 2970//2970
f 2960//2960 2970//2970 2968//2968
f 2962//2962 2963//2963 2971//2971
f 2962//2962 2971//2971 2970//2970
f 2963//2963 2964//2964 2972//2972
f 2963//2963 2972//2972 2971//2971
f 2964//2964 2965//2965 2973//2973
f 2964//2964 2973//2973 2972//2972
f 2965//2965 2966//2966 2974//2974
f 2965//2965 2974//2974 2973//2973
f 2966//2966 2967//2967 2975//2975
f 2966//2966 2975//2975 2974//2974
f 2967//2967 2961//2961 2969//2969
f 2967//2967 2969//2969 2975//2975
f 2969//2969 2968//2968 2976//2976
f 2969//2969 2976//2976 2977//2977
f 2968//2968 2970//2970 2978//2978
f 2968//2968 2978//2978 2976//2976
f 2970//2970 2971//2971 2979//2979
f 2970//2970 2979//2979 2978//2978
f 2971//2971 2972//2972 2980//2980
f 2971//2971 2980//2980 2979//2979
f 2972//2972 2973//2973 2981//2981
f 2972//2972 2981//2981 2980//2980
f 2973//2973 2974//2974 2982//2982
f 2973//2973 2982//2982 2981//2981
f 2974//2974 2975//2975 2983//2983
f 2974//2974 2983//2983 2982//2982
f 2975//2975 2969//2969 2977//2977
f 2975//2975 2977//2977 2983//2983
f 2977//2977 2976//2976 2984//2984
f 2977//2977 2984//2984 2985//2985
f 2976//2976 2978//2978 2986//2986
f 2976//2976 2986//2986 2984//2984
f 2978//2978 2979//2979 2987//2987
f 2978//2978 2987//2987 2986//2986
f 2979//2979 2980//2980 2988//2988
f 2979//2979 2988//2988 2987//2987
f 2980//2980 2981//2981 2989//2989
f 2980//2980 2989//2989 2988//2988
f 2981//2981 2982//2982 2990//2990
f 2981//2981 2990//2990 2989//2989
f 2982//2982 2983//2983 2991//2991
f 2982//2982 2991//2991 2990//2990
f 2983//2983 2977//2977 2985//2985
f 2983//2983 2985//2985 2991//2991
f 2985//2985 2984//2984 2992//2992
f 2985//2985 2992//2992 2993//2993
f 2984//2984 2986//2986 2994//2994
f 2984//2984 2994//2994 2992//2992
f 2986//2986 2987//2987 2995//2995
f 2986//2986 2995//2995 2994//2994
f 2987//2987 2988//2988 2996//2996
f 2987//2987 2996//2996 2995//2995
f 2988//2988 2989//2989 2997//2997
f 2988//2988 2997//2997 2996//2996
f 2989//2989 2990//2990 2998//2998
f 2989//2989 2998//2998 2997//2997
f 2990//2990 2991//2991 2999//2999
f 2990//2990 2999//2999 2998//2998
f 2991//2991 2985//2985 2993//2993
f 2991//2991 2993//2993 2999//2999
f 2993//2993 2992//2992 3000//3000
f 2993//2993 3000//3000 3001//3001
f 2992//2992 2994//2994 3002//3002
f 2992//2992 3002//3002 3000//3000
f 2994//2994 2995//2995 3003//3003
f 2994//2994 3003//3003 3002//3002
f 2995//2995 2996//2996 3004//3004
f 2995//2995 3004//3004 3003//3003
f 2996//2996 2997//2997 3005//3005
f 2996//2996 3005//3005 3004//3004
f 2997//2997 2998//2998 3006//3006
f 2997//2997 3006//3006 3005//3005
f 2998//2998 2999//2999 3007//3007
f 2998//2998 3007//3007 3006//3006
f 2999//2999 2993//2993 3001//3001
f 2999//2999 3001//3001 3007//3007
f 3001//3001 3000//3000 3008//3008
f 3001//3001 3008//3008 3009//3009
f 3000//3000 3002//3002 3010//3010
f 3000//3000 3010//3010 3008//3008
f 3002//3002 3003//3003 3011//3011
f 3002//3002 3011//3011 3010//3010
f 3003//3003 3004//3004 3012//3012
f 3003//3003 3012//3012 3011//3011
f 3004//3004 3005//3005 3013//3013
f 3004//3004 3013//3013 3012//3012
f 3005//3005 3006//3006 3014//3014
f 3005//3005 3014//3014 3013//3013
f 3006//3006 3007//3007 3015//3015
f 3006//3006 3015//3015 3014//3014
f 3007//3007 3001//3001 3009//3009
f 3007//3007 3009//3009 3015//3015
f 3009//3009 3008//3008 3016//3016
f 3009//3009 3016//3016 3017//3017
f 3008//3008 3010//3010 3018//3018
f 3008//3008 3018//3018 3016//3016
f 3010//3010 3011//3011 3019//3019
f 3010//3010 3019//3019 3018//3018
f 3011//3011 3012//3012 3020//3020
f 3011//3011 3020//3020 3019//3019
f 3012//3012 3013//3013 3021//3021
f 3012//3012 3021//3021 3020//3020
f 3013//3013 3014//3014 3022//3022
f 3013//3013 3022//3022 3021//3021
f 3014//3014 3015//3015 3023//3023
f 3014//3014 3023//3023 3022//3022
f 3015//3015 3009//3009 3017//3017
f 3015//3015 3017//3017 3023//3023
f 3017//3017 3016//3016 3024//3024
f 3017//3017 3024//3024 3025//3025
f 3016//3016 3018//3018 3026//3026
f 3016//3016 3026//3026 3024//3024
f 3018//3018 3019//3019 3027//3027
f 3018//3018 3027//3027 3026//3026
f 3019//3019 3020//3020 3028//3028
f 3019//3019 3028//3028 3027//3027
f 3020//3020 3021//3021 3029//3029
f 3020//3020 3029//3029 3028//3028
f 3021//3021 3022//3022 3030//3030
f 3021//3021 3030//3030 3029//3029
f 3022//3022 3023//3023 3031//3031
f 3022//3022 3031//3031 3030//3030
f 3023//3023 3017//3017 3025//3025
f 3023//3023 3025//3025 3031//3031
f 3025//3025 3024//3024 3032//3032
f 3025//3025 3032//3032 3033//3033
f 3024//3024 3026//3026 3034//3034
f 3024//3024 3034//3034 3032//3032
f 3026//3026 3027//3027 3035//3035
f 3026//3026 3035//3035 3034//3034
f 3027//3027 3028//3028 3036//3036
f 3027//3027 3036//3036 3035//3035
f 3028//3028 3029//3029 3037//3037
f 3028//3028 3037//3037 3036//3036
f 3029//3029 3030//3030 3038//3038
f 3029//3029 3038//3038 3037//3037
f 3030//3030 3031//3031 3039//3039
f 3030//3030 3039//3039 3038//3038
f 3031//3031 3025//3025 3033//3033
f 3031//3031 3033//3033 3039//3039
f 3033//3033 3032//3032 3040//3040
f 3033//3033 3040//3040 3041//3041
f 3032//3032 3034//3034 3042//3042
f 3032//3032 3042//3042 3040//3040
f 3034//3034 3035//3035 3043//3043
f 3034//3034 3043//3043 3042//3042
f 3035//3035 3036//3036 3044//3044
f 3035//3035 3044//3044 3043//3043
f 3036//3036 3037//3037 3045//3045
f 3036//3036 3045//3045 3044//3044
f 3037//3037 3038//3038 3046//3046
f 3037//3037 3046//3046 3045//3045
f 3038//3038 3039//3039 3047//3047
f 3038//3038 3047//3047 3046//3046
f 3039//3039 3033//3033 3041//3041
f 3039//3039 3041//3041 3047//3047
f 3041//3041 3040//3040 3048//3048
f 3041//3041 3048//3048 3049//3049
f 3040//3040 3042//3042 3050//3050
f 3040//3040 3050//3050 3048//3048
f 3042//3042 3043//3043 3051//3051
f 3042//3042 3051//3051 3050//3050
f 3043//3043 3044//3044 3052//3052
f 3043//3043 3052//3052 3051//3051
f 3044//3044 3045//3045 3053//3053
f 3044//3044 3053//3053 3052//3052
f 3045//3045 3046//3046 3054//3054
f 3045//3045 3054//3054 3053//3053
f 3046//3046 3047//3047 3055//3055
f 3046//3046 3055//3055 3054//3054
f 3047//3047 3041//3041 3049//3049
f 3047//3047 3049//3049 3055//3055
f 3049//3049 3048//3048 3050//3050
f 3049//3049 3050//3050 3051//3051
f 3049//3049 3051//3051 3052//3052
f 3049//3049 3052//3052 3053//3053
f 3049//3049 3053//3053 3054//3054
f 3049//3049 3054//3054 3055//3055
f 3056//3056 3057//3057 3058//3058
f 3056//3056 3058//3058 3059//3059
f 3056//3056 3059//3059 3060//3060
f 3056//3056 3060//3060 3061//3061
f 3056//3056 3061//3061 3062//3062
f 3056//3056 3062//3062 3063//3063
f 3063//3063 3062//3062 3064//3064
f 3063//3063 3064//3064 3065//3065
f 3062//3062 3061//3061 3066//3066
f 3062//3062 3066//3066 3064//3064
f 3061//3061 3060//3060 3067//3067
f 3061//3061 3067//3067 3066//3066
f 3060//3060 3059//3059 3068//3068
f 3060//3060 3068//3068 3067//3067
f 3059//3059 3058//3058 3069//3069
f 3059//3059 3069//3069 3068//3068
f 3058//3058 3057//3057 3070//3070
f 3058//3058 3070//3070 3069//3069
f 3057//3057 3056//3056 3071//3071
f 3057//3057 3071//3071 3070//3070
f 3056//3056 3063//3063 3065//3065
f 3056//3056 3065//3065 3071//3071
f 3065//3065 3064//3064 3072//3072
f 3065//3065 3072//3072 3073//3073
f 3064//3064 3066//3066 3074//3074
f 3064//3064 3074//3074 3072//3072
f 3066//3066 3067//3067 3075//3075
f 3066//3066 3075//3075 3074//3074
f 3067//3067 3068//3068 3076//3076
f 3067//3067 3076//3076 3075//3075
f 3068//3068 3069//3069 3077//3077
f 3068//3068 3077//3077 3076//3076
f 3069//3069 3070//3070 3078//3078
f 3069//3069 3078//3078 3077//3077
f 3070//3070 3071//3071 3079//3079
f 3070//3070 3079//3079 3078//3078
f 3071//3071 3065//3065 3073//3073
f 3071//3071 3073//3073 3079//3079
f 3073//3073 3072//3072 3080//3080
f 3073//3073 3080//3080 3081//3081
f 3072//3072 3074//3074 3082//3082
f 3072//3072 3082//3082 3080//3080
f 3074//3074 3075//3075 3083//3083
f 3074//3074 3083//3083 3082//3082
f 3075//3075 3076//3076 3084//3084
f 3075//3075 3084//3084 3083//3083
f 3076//3076 3077//3077 3085//3085
f 3076//3076 3085//3085 3084//3084
f 3077//3077 3078//3078 3086//3086
f 3077//3077 3086//3086 3085//3085
f 3078//3078 3079//3079 3087//3087
f 3078//3078 3087//3087 3086//3086
f 3079//3079 3073//3073 3081//3081
f 3079//3079 3081//3081 3087//3087
f 3081//3081 3080//3080 3088//3088
f 3081//3081 3088//3088 3089//3089
f 3080//3080 3082//3082 3090//3090
f 3080//3080 3090//3090 3088//3088
f 3082//3082 3083//3083 3091//3091
f 3082//3082 3091//3091 3090//3090
f 3083//3083 3084//3084 3092//3092
f 3083//3083 3092//3092 3091//3091
f 3084//3084 3085//3085 3093//3093
f 3084//3084 3093//3093 3092//3092
f 3085//3085 3086//3086 3094//3094
f 3085//3085 3094//3094 3093//3093
f 3086//3086 3087//3087 3095//3095
f 3086//3086 3095//3095 3094//3094
f 3087//3087 3081//3081 3089//3089
f 3087//3087 3089//3089 3095//3095
f 3089//3089 3088//3088 3096//3096
f 3089//3089 3096//3096 3097//3097
f 3088//3088 3090//3090 3098//3098
f 3088//3088 3098//3098 3096//3096
f 3090//3090 3091//3091 3099//3099
f 3090//3090 3099//3099 3098//3098
f 3091//3091 3092//3092 3100//3100
f 3091//3091 3100//3100 3099//3099
f 3092//3092 3093//3093 3101//3101
f 3092//3092 3101//3101 3100//3100
f 3093//3093 3094//3094 3102//3102
f 3093//3093 3102//3102 3101//3101
f 3094//3094 3095//3095 3103//3103
f 3094//3094 3103//3103 3102//3102
f 3095//3095 3089//3089 3097//3097
f 3095//3095 3097//3097 3103//3103
f 3097//3097 3096//3096 3104//3104
f 3097//3097 3104//3104 3105//3105
f 3096//3096 3098//3098 3106//3106
f 3096//3096 3106//3106 3104//3104
f 3098//3098 3099//3099 3107//3107
f 3098//3098 3107//3107 3106//3106
f 3099//3099 3100//3100 3108//3108
f 3099//3099 3108//3108 3107//3107
f 3100//3100 3101//3101 3109//3109
f 3100//3100 3109//3109 3108//3108
f 3101//3101 3102//3102 3110//3110
f 3101//3101 3110//3110 3109//3109
f 3102//3102 3103//3103 3111//3111
f 3102//3102 3111//3111 3110//3110
f 3103//3103 3097//3097 3105//3105
f 3103//3103 3105//3105 3111//3111
f 3105//3105 3104//3104 3112//3112
f 3105//3105 3112//3112 3113//3113
f 3104//3104 3106//3106 3114//3114
f 3104//3104 3114//3114 3112//3112
f 3106//3106 3107//3107 3115//3115
f 3106//3106 3115//3115 3114//3114
f 3107//3107 3108//3108 3116//3116
f 3107//3107 3116//3116 3115//3115
f 3108//3108 3109//3109 3117//3117
f 3108//3108 3117//3117 3116//3116
f 3109//3109 3110//3110 3118//3118
f 3109//3109 3118//3118 3117//3117
f 3110//3110 3111//3111 3119//3119
f 3110//3110 3119//3119 3118//3118
f 3111//3111 3105//3105 3113//3113
f 3111//3111 3113//3113 3119//3119
f 3113//3113 3112//3112 3120//3120
f 3113//3113 3120//3120 3121//3121
f 3112//3112 3114//3114 3122//3122
f 3112//3112 3122//3122 3120//3120
f 3114//3114 3115//3115 3123//3123
f 3114//3114 3123//3123 3122//3122
f 3115//3115 3116//3116 3124//3124
f 3115//3115 3124//3124 3123//3123
f 3116//3116 3117//3117 3125//3125
f 3116//3116 3125//3125 3124//3124
f 3117//3117 3118//3118 3126//3126
f 3117//3117 3126//3126 3125//3125
f 3118//3118 3119//3119 3127//3127
f 3118//3118 3127//3127 3126//3126
f 3119//3119 3113//3113 3121//3121
f 3119//3119 3121//3121 3127//3127
f 3121//3121 3120//3120 3128//3128
f 3121//3121 3128//3128 3129//3129
f 3120//3120 3122//3122 3130//3130
f 3120//3120 3130//3130 3128//3128
f 3122//3122 3123//3123 3131//3131
f 3122//3122 3131//3131 3130//3130
f 3123//3123 3124//3124 3132//3132
f 3123//3123 3132//3132 3131//3131
f 3124//3124 3125//3125 3133//3133
f 3124//3124 3133//3133 3132//3132
f 3125//3125 3126//3126 3134//3134
f 3125//3125 3134//3134 3133//3133
f 3126//3126 3127//3127 3135//3135
f 3126//3126 3135//3135 3134//3134
f 3127//3127 3121//3121 3129//3129
f 3127//3127 3129//3129 3135//3135
f 3129//3129 3128//3128 3136//3136
f 3129//3129 3136//3136 3137//3137
f 3128//3128 3130//3130 3138//3138
f 3128//3128 3138//3138 3136//3136
f 3130//3130 3131//3131 3139//3139
f 3130//3130 3139//3139 3138//3138
f 3131//3131 3132//3132 3140//3140
f 3131//3131 3140//3140 3139//3139
f 3132//3132 3133//3133 3141//3141
f 3132//3132 3141//3141 3140//3140
f 3133//3133 3134//3134 3142//3142
f 3133//3133 3142//3142 3141//3141
f 3134//3134 3135//3135 3143//3143
f 3134//3134 3143//3143 3142//3142
f 3135//3135 3129//3129 3137//3137
f 3135//3135 3137//3137 3143//3143
f 3137//3137 3136//3136 3144//3144
f 3137//3137 3144//3144 3145//3145
f 3136//3136 3138//3138 3146//3146
f 3136//3136 3146//3146 3144//3144
f 3138//3138 3139//3139 3147//3147
f 3138//3138 3147//3147 3146//3146
f 3139//3139 3140//3140 3148//3148
f 3139//3139 3148//3148 3147//3147
f 3140//3140 3141//3141 3149//3149
f 3140//3140 3149//3149 3148//3148
f 3141//3141 3142//3142 3150//3150
f 3141//3141 3150//3150 3149//3149
f 3142//3142 3143//3143 3151//3151
f 3142//3142 3151//3151 3150//3150
f 3143//3143 3137//3137 3145//3145
f 3143//3143 3145//3145 3151//3151
f 3145//3145 3144//3144 3152//3152
f 3145//3145 3152//3152 3153//3153
f 3144//3144 3146//3146 3154//3154
f 3144//3144 3154//3154 3152//3152
f 3146//3146 3147//3147 3155//3155
f 3146//3146 3155//3155 3154//3154
f 3147//3147 3148//3148 3156//3156
f 3147//3147 3156//3156 3155//3155
f 3148//3148 3149//3149 3157//3157
f 3148//3148 3157//3157 3156//3156
f 3149//3149 3150//3150 3158//3158
f 3149//3149 3158//3158 3157//3157
f 3150//3150 3151//3151 3159//3159
f 3150//3150 3159//3159 3158//3158
f 3151//3151 3145//3145 3153//3153
f 3151//3151 3153//3153 3159//3159
f 3153//3153 3152//3152 3160//3160
f 3153//3153 3160//3160 3161//3161
f 3152//3152 3154//3154 3162//3162
f 3152//3152 3162//3162 3160//3160
f 3154//3154 3155//3155 3163//3163
f 3154//3154 3163//3163 3162//3162
f 3155//3155 3156//3156 3164//3164
f 3155//3155 3164//3164 3163//3163
f 3156//3156 3157//3157 3165//3165
f 3156//3156 3165//3165 3164//3164
f 3157//3157 3158//3158 3166//3166
f 3157//3157 3166//3166 3165//3165
f 3158//3158 3159//3159 3167//3167
f 3158//3158 3167//3167 3166//3166
f 3159//3159 3153//3153 3161//3161
f 3159//3159 3161//3161 3167//3167
f 3161//3161 3160//3160 3168//3168
f 3161//3161 3168//3168 3169//3169
f 3160//3160 3162//3162 3170//3170
f 3160//3160 3170//3170 3168//3168
f 3162//3162 3163//3163 3171//3171
f 3162//3162 3171//3171 3170//3170
f 3163//3163 3164//3164 3172//3172
f 3163//3163 3172//3172 3171//3171
f 3164//3164 3165//3165 3173//3173
f 3164//3164 3173//3173 3172//3172
f 3165//3165 3166//3166 3174//3174
f 3165//3165 3174//3174 3173//3173
f 3166//3166 3167//3167 3175//3175
f 3166//3166 3175//3175 3174//3174
f 3167//3167 3161//3161 3169//3169
f 3167//3167 3169//3169 3175//3175
f 3169//3169 3168//3168 3176//3176
f 3169//3169 3176//3176 3177//3177
f 3168//3168 3170//3170 3178//3178
f 3168//3168 3178//3178 3176//3176
f 3170//3170 3171//3171 3179//3179
f 3170//3170 3179//3179 3178//3178
f 3171//3171 3172//3172 3180//3180
f 3171//3171 3180//3180 3179//3179
f 3172//3172 3173//3173 3181//3181
f 3172//3172 3181//3181 3180//3180
f 3173//3173 3174//3174 3182//3182
f 3173//3173 3182//3182 3181//3181
f 3174//3174 3175//3175 3183//3183
f 3174//3174 3183//3183 3182//3182
f 3175//3175 3169//3169 3177//3177
f 3175//3175 3177//3177 3183//3183
f 3177//3177 3176//3176 3184//3184
f 3177//3177 3184//3184 3185//3185
f 3176//3176 3178//3178 3186//3186
f 3176//3176 3186//3186 3184//3184
f 3178//3178 3179//3179 3187//3187
f 3178//3178 3187//3187 3186//3186
f 3179//3179 3180//3180 3188//3188
f 3179//3179 3188//3188 3187//3187
f 3180//3180 3181//3181 3189//3189
f 3180//3180 3189//3189 3188//3188
f 3181//3181 3182//3182 3190//3190
f 3181//3181 3190//3190 3189//3189
f 3182//3182 3183//3183 3191//3191
f 3182//3182 3191//3191 3190//3190
f 3183//3183 3177//3177 3185//3185
f 3183//3183 3185//3185 3191//3191
f 3185//3185 3184//3184 3186//3186
f 3185//3185 3186//3186 3187//3187
f 3185//3185 3187//3187 3188//3188
f 3185//3185 3188//3188 3189//3189
f 3185//3185 3189//3189 3190//3190
f 3185//3185 3190//3190 3191//3191
f 3192//3192 3193//3193 3194//3194
f 3192//3192 3194//3194 3195//3195
f 3192//3192 3195//3195 3196//3196
f 3192//3192 3196//3196 3197//3197
f 3192//3192 3197//3197 3198//3198
f 3192//3192 3198//3198 3199//3199
f 3199//3199 3198//3198 3200//3200
f 3199//3199 3200//3200 3201//3201
f 3198//3198 3197//3197 3202//3202
f 3198//3198 3202//3202 3200//3200
f 3197//3197 3196//3196 3203//3203
f 3197//3197 3203//3203 3202//3202
f 3196//3196 3195//3195 3204//3204
f 3196//3196 3204//3204 3203//3203
f 3195//3195 3194//3194 3205//3205
f 3195//3195 3205//3205 3204//3204
f 3194//3194 3193//3193 3206//3206
f 3194//3194 3206//3206 3205//3205
f 3193//3193 3192//3192 3207//3207
f 3193//3193 3207//3207 3206//3206
f 3192//3192 3199//3199 3201//3201
f 3192//3192 3201//3201 3207//3207
f 3201//3201 3200//3200 3208//3208
f 3201//3201 3208//3208 3209//3209
f 3200//3200 3202//3202 3210//3210
f 3200//3200 3210//3210 3208//3208
f 3202//3202 3203//3203 3211//3211
f 3202//3202 3211//3211 3210//3210
f 3203//3203 3204//3204 3212//3212
f 3203//3203 3212//3212 3211//3211
f 3204//3204 3205//3205 3213//3213
f 3204//3204 3213//3213 3212//3212
f 3205//3205 3206//3206 3214//3214
f 3205//3205 3214//3214 3213//3213
f 3206//3206 3207//3207 3215//3215
f 3206//3206 3215//3215 3214//3214
f 3207//3207 3201//3201 3209//3209
f 3207//3207 3209//3209 3215//3215
f 3209//3209 3208//3208 3216//3216
f 3209//3209 3216//3216 3217//3217
f 3208//3208 3210//3210 3218//3218
f 3208//3208 3218//3218 3216//3216
f 3210//3210 3211//3211 3219//3219
f 3210//3210 3219//3219 3218//3218
f 3211//3211 3212//3212 3220//3220
f 3211//3211 3220//3220 3219//3219
f 3212//3212 3213//3213 3221//3221
f 3212//3212 3221//3221 3220//3220
f 3213//3213 3214//3214 3222//3222
f 3213//3213 3222//3222 3221//3221
f 3214//3214 3215//3215 3223//3223
f 3214//3214 3223//3223 3222//3222
f 3215//3215 3209//3209 3217//3217
f 3215//3215 3217//3217 3223//3223
f 3217//3217 3216//3216 3224//3224
f 3217//3217 3224//3224 3225//3225
f 3216//3216 3218//3218 3226//3226
f 3216//3216 3226//3226 3224//3224
f 3218//3218 3219//3219 3227//3227
f 3218//3218 3227//3227 3226//3226
f 3219//3219 3220//3220 3228//3228
f 3219//3219 3228//3228 3227//3227
f 3220//3220 3221//3221 3229//3229
f 3220//3220 3229//3229 3228//3228
f 3221//3221 3222//3222 3230//3230
f 3221//3221 3230//3230 3229//3229
f 3222//3222 3223//3223 3231//3231
f 3222//3222 3231//3231 3230//3230
f 3223//3223 3217//3217 3225//3225
f 3223//3223 3225//3225 3231//3231
f 3225//3225 3224//3224 3232//3232
f 3225//3225 3232//3232 3233//3233
f 3224//3224 3226//3226 3234//3234
f 3224//3224 3234//3234 3232//3232
f 3226//3226 3227//3227 3235//3235
f 3226//3226 3235//3235 3234//3234
f 3227//3227 3228//3228 3236//3236
f 3227//3227 3236//3236 3235//3235
f 3228//3228 3229//3229 3237//3237
f 3228//3228 3237//3237 3236//3236
f 3229//3229 3230//3230 3238//3238
f 3229//3229 3238//3238 3237//3237
f 3230//3230 3231//3231 3239//3239
f 3230//3230 3239//3239 3238//3238
f 3231//3231 3225//3225 3233//3233
f 3231//3231 3233//3233 3239//3239
f 3233//3233 3232//3232 3240//3240
f 3233//3233 3240//3240 3241//3241
f 3232//3232 3234//3234 3242//3242
f 3232//3232 3242//3242 3240//3240
f 3234//3234 3235//3235 3243//3243
f 3234//3234 3243//3243 3242//3242
f 3235//3235 3236//3236 3244//3244
f 3235//3235 3244//3244 3243//3243
f 3236//3236 3237//3237 3245//3245
f 3236//3236 3245//3245 3244//3244
f 3237//3237 3238//3238 3246//3246
f 3237//3237 3246//3246 3245//3245
f 3238//3238 3239//3239 3247//3247
f 3238//3238 3247//3247 3246//3246
f 3239//3239 3233//3233 3241//3241
f 3239//3239 3241//3241 3247//3247
f 3241//3241 3240//3240 3248//3248
f 3241//3241 3248//3248 3249//3249
f 3240//3240 3242//3242 3250//3250
f 3240//3240 3250//3250 3248//3248
f 3242//3242 3243//3243 3251//3251
f 3242//3242 3251//3251 3250//3250
f 3243//3243 3244//3244 3252//3252
f 3243//3243 3252//3252 3251//3251
f 3244//3244 3245//3245 3253//3253
f 3244//3244 3253//3253 3252//3252
f 3245//3245 3246//3246 3254//3254
f 3245//3245 3254//3254 3253//3253
f 3246//3246 3247//3247 3255//3255
f 3246//3246 3255//3255 3254//3254
f 3247//3247 3241//3241 3249//3249
f 3247//3247 3249//3249 3255//3255
f 3249//3249 3248//3248 3256//3256
f 3249//3249 3256//3256 3257//3257
f 3248//3248 3250//3250 3258//3258
f 3248//3248 3258//3258 3256//3256
f 3250//3250 3251//3251 3259//3259
f 3250//3250 3259//3259 3258//3258
f 3251//3251 3252//3252 3260//3260
f 3251//3251 3260//3260 3259//3259
f 3252//3252 3253//3253 3261//3261
f 3252//3252 3261//3261 3260//3260
f 3253//3253 3254//3254 3262//3262
f 3253//3253 3262//3262 3261//3261
f 3254//3254 3255//3255 3263//3263
f 3254//3254 3263//3263 3262//3262
f 3255//3255 3249//3249 3257//3257
f 3255//3255 3257//3257 3263//3263
f 3257//3257 3256//3256 3264//3264
f 3257//3257 3264//3264 3265//3265
f 3256//3256 3258//3258 3266//3266
f 3256//3256 3266//3266 3264//3264
f 3258//3258 3259//3259 3267//3267
f 3258//3258 3267//3267 3266//3266
f 3259//3259 3260//3260 3268//3268
f 3259//3259 3268//3268 3267//3267
f 3260//3260 3261//3261 3269//3269
f 3260//3260 3269//3269 3268//3268
f 3261//3261 3262//3262 3270//3270
f 3261//3261 3270//3270 3269//3269
f 3262//3262 3263//3263 3271//3271
f 3262//3262 3271//3271 3270//3270
f 3263//3263 3257//3257 3265//3265
f 3263//3263 3265//3265 3271//3271
f 3265//3265 3264//3264 3272//3272
f 3265//3265 3272//3272 3273//3273
f 3264//3264 3266//3266 3274//3274
f 3264//3264 3274//3274 3272//3272
f 3266//3266 3267//3267 3275//3275
f 3266//3266 3275//3275 3274//3274
f 3267//3267 3268//3268 3276//3276
f 3267//3267 3276//3276 3275//3275
f 3268//3268 3269//3269 3277//3277
f 3268//3268 3277//3277 3276//3276
f 3269//3269 3270//3270 3278//3278
f 3269//3269 3278//3278 3277//3277
f 3270//3270 3271//3271 3279//3279
f 3270//3270 3279//3279 3278//3278
f 3271//3271 3265//3265 3273//3273
f 3271//3271 3273//3273 3279//3279
f 3273//3273 3272//3272 3280//3280
f 3273//3273 3280//3280 3281//3281
f 3272//3272 3274//3274 3282//3282
f 3272//3272 3282//3282 3280//3280
f 3274//3274 3275//3275 3283//3283
f 3274//3274 3283//3283 3282//3282
f 3275//3275 3276//3276 3284//3284
f 3275//3275 3284//3284 3283//3283
f 3276//3276 3277//3277 3285//3285
f 3276//3276 3285//3285 3284//3284
f 3277//3277 3278//3278 3286//3286
f 3277//3277 3286//3286 3285//3285
f 3278//3278 3279//3279 3287//3287
f 3278//3278 3287//3287 3286//3286
f 3279//3279 3273//3273 3281//3281
f 3279//3279 3281//3281 3287//3287
f 3281//3281 3280//3280 3288//3288
f 3281//3281 3288//3288 3289//3289
f 3280//3280 3282//3282 3290//3290
f 3280//3280 3290//3290 3288//3288
f 3282//3282 3283//3283 3291//3291
f 3282//3282 3291//3291 3290//3290
f 3283//3283 3284//3284 3292//3292
f 3283//3283 3292//3292 3291//3291
f 3284//3284 3285//3285 3293//3293
f 3284//3284 3293//3293 3292//3292
f 3285//3285 3286//3286 3294//3294
f 3285//3285 3294//3294 3293//3293
f 3286//3286 3287//3287 3295//3295
f 3286//3286 3295//3295 3294//3294
f 3287//3287 3281//3281 3289//3289
f 3287//3287 3289//3289 3295//3295
f 3289//3289 3288//3288 3296//3296
f 3289//3289 3296//3296 3297//3297
f 3288//3288 3290//3290 3298//3298
f 3288//3288 3298//3298 3296//3296
f 3290//3290 3291//3291 3299//3299
f 3290//3290 3299//3299 3298//3298
f 3291//3291 3292//3292 3300//3300
f 3291//3291 3300//3300 3299//3299
f 3292//3292 3293//3293 3301//3301
f 3292//3292 3301//3301 3300//3300
f 3293//3293 3294//3294 3302//3302
f 3293//3293 3302//3302 3301//3301
f 3294//3294 3295//3295 3303//3303
f 3294//3294 3303//3303 3302//3302
f 3295//3295 3289//3289 3297//3297
f 3295//3295 3297//3297 3303//3303
f 3297//3297 3296//3296 3304//3304
f 3297//3297 3304//3304 3305//3305
f 3296//3296 3298//3298 3306//3306
f 3296//3296 3306//3306 3304//3304
f 3298//3298 3299//3299 3307//3307
f 3298//3298 3307//3307 3306//3306
f 3299//3299 3300//3300 3308//3308
f 3299//3299 3308//3308 3307//3307
f 3300//3300 3301//3301 3309//3309
f 3300//3300 3309//3309 3308//3308
f 3301//3301 3302//3302 3310//3310
f 3301//3301 3310//3310 3309//3309
f 3302//3302 3303//3303 3311//3311
f 3302//3302 3311//3311 3310//3310
f 3303//3303 3297//3297 3305//3305
f 3303//3303 3305//3305 3311//3311
f 3305//3305 3304//3304 3312//3312
f 3305//3305 3312//3312 3313//3313
f 3304//3304 3306//3306 3314//3314
f 3304//3304 3314//3314 3312//3312
f 3306//3306 3307//3307 3315//3315
f 3306//3306 3315//3315 3314//3314
f 3307//3307 3308//3308 3316//3316
f 3307//3307 3316//3316 3315//3315
f 3308//3308 3309//3309 3317//3317
f 3308//3308 3317//3317 3316//3316
f 3309//3309 3310//3310 3318//3318
f 3309//3309 3318//3318 3317//3317
f 3310//3310 3311//3311 3319//3319
f 3310//3310 3319//3319 3318//3318
f 3311//3311 3305//3305 3313//3313
f 3311//3311 3313//3313 3319//3319
f 3313//3313 3312//3312 3320//3320
f 3313//3313 3320//3320 3321//3321
f 3312//3312 3314//3314 3322//3322
f 3312//3312 3322//3322 3320//3320
f 3314//3314 3315//3315 3323//3323
f 3314//3314 3323//3323 3322//3322
f 3315//3315 3316//3316 3324//3324
f 3315//3315 3324//3324 3323//3323
f 3316//3316 3317//3317 3325//3325
f 3316//3316 3325//3325 3324//3324
f 3317//3317 3318//3318 3326//3326
f 3317//3317 3326//3326 3325//3325
f 3318//3318 3319//3319 3327//3327
f 3318//3318 3327//3327 3326//3326
f 3319//3319 3313//3313 3321//3321
f 3319//3319 3321//3321 3327//3327
f 3321//3321 3320//3320 3322//3322
f 3321//3321 3322//3322 3323//3323
f 3321//3321 3323//3323 3324//3324
f 3321//3321 3324//3324 3325//3325
f 3321//3321 3325//3325 3326//3326
f 3321//3321 3326//3326 3327//3327
f 3328//3328 3329//3329 3330//3330
f 3328//3328 3330//3330 3331//3331
f 3328//3328 3331//3331 3332//3332
f 3328//3328 3332//3332 3333//3333
f 3328//3328 3333//3333 3334//3334
f 3328//3328 3334//3334 3335//3335
f 3335//3335 3334//3334 3336//3336
f 3335//3335 3336//3336 3337//3337
f 3334//3334 3333//3333 3338//3338
f 3334//3334 3338//3338 3336//3336
f 3333//3333 3332//3332 3339//3339
f 3333//3333 3339//3339 3338//3338
f 3332//3332 3331//3331 3340//3340
f 3332//3332 3340//3340 3339//3339
f 3331//3331 3330//3330 3341//3341
f 3331//3331 3341//3341 3340//3340
f 3330//3330 3329//3329 3342//3342
f 3330//3330 3342//3342 3341//3341
f 3329//3329 3328//3328 3343//3343
f 3329//3329 3343//3343 3342//3342
f 3328//3328 3335//3335 3337//3337
f 3328//3328 3337//3337 3343//3343
f 3337//3337 3336//3336 3344//3344
f 3337//3337 3344//3344 3345//3345
f 3336//3336 3338//3338 3346//3346
f 3336//3336 3346//3346 3344//3344
f 3338//3338 3339//3339 3347//3347
f 3338//3338 3347//3347 3346//3346
f 3339//3339 3340//3340 3348//3348
f 3339//3339 3348//3348 3347//3347
f 3340//3340 3341//3341 3349//3349
f 3340//3340 3349//3349 3348//3348
f 3341//3341 3342//3342 3350//3350
f 3341//3341 3350//3350 3349//3349
f 3342//3342 3343//3343 3351//3351
f 3342//3342 3351//3351 3350//3350
f 3343//3343 3337//3337 3345//3345
f 3343//3343 3345//3345 3351//3351
f 3345//3345 3344//3344 3352//3352
f 3345//3345 3352//3352 3353//3353
f 3344//3344 3346//3346 3354//3354
f 3344//3344 3354//3354 3352//3352
f 3346//3346 3347//3347 3355//3355
f 3346//3346 3355//3355 3354//3354
f 3347//3347 3348//3348 3356//3356
f 3347//3347 3356//3356 3355//3355
f 3348//3348 3349//3349 3357//3357
f 3348//3348 3357//3357 3356//3356
f 3349//3349 3350//3350 3358//3358
f 3349//3349 3358//3358 3357//3357
f 3350//3350 3351//3351 3359//3359
f 3350//3350 3359//3359 3358//3358
f 3351//3351 3345//3345 3353//3353
f 3351//3351 3353//3353 3359//3359
f 3353//3353 3352//3352 3360//3360
f 3353//3353 3360//3360 3361//3361
f 3352//3352 3354//3354 3362//3362
f 3352//3352 3362//3362 3360//3360
f 3354//3354 3355//3355 3363//3363
f 3354//3354 3363//3363 3362//3362
f 3355//3355 3356//3356 3364//3364
f 3355//3355 3364//3364 3363//3363
f 3356//3356 3357//3357 3365//3365
f 3356//3356 3365//3365 3364//3364
f 3357//3357 3358//3358 3366//3366
f 3357//3357 3366//3366 3365//3365
f 3358//3358 3359//3359 3367//3367
f 3358//3358 3367//3367 3366//3366
f 3359//3359 3353//3353 3361//3361
f 3359//3359 3361//3361 3367//3367
f 3361//3361 3360//3360 3368//3368
f 3361//3361 3368//3368 3369//3369
f 3360//3360 3362//3362 3370//3370
f 3360//3360 3370//3370 3368//3368
f 3362//3362 3363//3363 3371//3371
f 3362//3362 3371//3371 3370//3370
f 3363//3363 3364//3364 3372//3372
f 3363//3363 3372//3372 3371//3371
f 3364//3364 3365//3365 3373//3373
f 3364//3364 3373//3373 3372//3372
f 3365//3365 3366//3366 3374//3374
f 3365//3365 3374//3374 3373//3373
f 3366//3366 3367//3367 3375//3375
f 3366//3366 3375//3375 3374//3374
f 3367//3367 3361//3361 3369//3369
f 3367//3367 3369//3369 3375//3375
f 3369//3369 3368//3368 3376//3376
f 3369//3369 3376//3376 3377//3377
f 3368//3368 3370//3370 3378//3378
f 3368//3368 3378//3378 3376//3376
f 3370//3370 3371//3371 3379//3379
f 3370//3370 3379//3379 3378//3378
f 3371//3371 3372//3372 3380//3380
f 3371//3371 3380//3380 3379//3379
f 3372//3372 3373//3373 3381//3381
f 3372//3372 3381//3381 3380//3380
f 3373//3373 3374//3374 3382//3382
f 3373//3373 3382//3382 3381//3381
f 3374//3374 3375//3375 3383//3383
f 3374//3374 3383//3383 3382//3382
f 3375//3375 3369//3369 3377//3377
f 3375//3375 3377//3377 3383//3383
f 3377//3377 3376//3376 3384//3384
f 3377//3377 3384//3384 3385//3385
f 3376//3376 3378//3378 3386//3386
f 3376//3376 3386//3386 3384//3384
f 3378//3378 3379//3379 3387//3387
f 3378//3378 3387//3387 3386//3386
f 3379//3379 3380//3380 3388//3388
f 3379//3379 3388//3388 3387//3387
f 3380//3380 3381//3381 3389//3389
f 3380//3380 3389//3389 3388//3388
f 3381//3381 3382//3382 3390//3390
f 3381//3381 3390//3390 3389//3389
f 3382//3382 3383//3383 3391//3391
f 3382//3382 3391//3391 3390//3390
f 3383//3383 3377//3377 3385//3385
f 3383//3383 3385//3385 3391//3391
f 3385//3385 3384//3384 3392//3392
f 3385//3385 3392//3392 3393//3393
f 3384//3384 3386//3386 3394//3394
f 3384//3384 3394//3394 3392//3392
f 3386//3386 3387//3387 3395//3395
f 3386//3386 3395//3395 3394//3394
f 3387//3387 3388//3388 3396//3396
f 3387//3387 3396//3396 3395//3395
f 3388//3388 3389//3389 3397//3397
f 3388//3388 3397//3397 3396//3396
f 3389//3389 3390//3390 3398//3398
f 3389//3389 3398//3398 3397//3397
f 3390//3390 3391//3391 3399//3399
f 3390//3390 3399//3399 3398//3398
f 3391//3391 3385//3385 3393//3393
f 3391//3391 3393//3393 3399//3399
f 3393//3393 3392//3392 3400//3400
f 3393//3393 3400//3400 3401//3401
f 3392//3392 3394//3394 3402//3402
f 3392//3392 3402//3402 3400//3400
f 3394//3394 3395//3395 3403//3403
f 3394//3394 3403//3403 3402//3402
f 3395//3395 3396//3396 3404//3404
f 3395//3395 3404//3404 3403//3403
f 3396//3396 3397//3397 3405//3405
f 3396//3396 3405//3405 3404//3404
f 3397//3397 3398//3398 3406//3406
f 3397//3397 3406//3406 3405//3405
f 3398//3398 3399//3399 3407//3407
f 3398//3398 3407//3407 3406//3406
f 3399//3399 3393//3393 3401//3401
f 3399//3399 3401//3401 3407//3407
f 3401//3401 3400//3400 3408//3408
f 3401//3401 3408//3408 3409//3409
f 3400//3400 3402//3402 3410//3410
f 3400//3400 3410//3410 3408//3408
f 3402//3402 3403//3403 3411//3411
f 3402//3402 3411//3411 3410//3410
f 3403//3403 3404//3404 3412//3412
f 3403//3403 3412//3412 3411//3411
f 3404//3404 3405//3405 3413//3413
f 3404//3404 3413//3413 3412//3412
f 3405//3405 3406//3406 3414//3414
f 3405//3405 3414//3414 3413//3413
f 3406//3406 3407//3407 3415//3415
f 3406//3406 3415//3415 3414//3414
f 3407//3407 3401//3401 3409//3409
f 3407//3407 3409//3409 3415//3415
f 3409//3409 3408//3408 3416//3416
f 3409//3409 3416//3416 3417//3417
f 3408//3408 3410//3410 3418//3418
f 3408//3408 3418//3418 3416//3416
f 3410//3410 3411//3411 3419//3419
f 3410//3410 3419//3419 3418//3418
f 3411//3411 3412//3412 3420//3420
f 3411//3411 3420//3420 3419//3419
f 3412//3412 3413//3413 3421//3421
f 3412//3412 3421//3421 3420//3420
f 3413//3413 3414//3414 3422//3422
f 3413//3413 3422//3422 3421//3421
f 3414//3414 3415//3415 3423//3423
f 3414//3414 3423//3423 3422//3422
f 3415//3415 3409//3409 3417//3417
f 3415//3415 3417//3417 3423//3423
f 3417//3417 3416//3416 3424//3424
f 3417//3417 3424//3424 3425//3425
f 3416//3416 3418//3418 3426//3426
f 3416//3416 3426//3426 3424//3424
f 3418//3418 3419//3419 3427//3427
f 3418//3418 3427//3427 3426//3426
f 3419//3419 3420//3420 3428//3428
f 3419//3419 3428//3428 3427//3427
f 3420//3420 3421//3421 3429//3429
f 3420//3420 3429//3429 3428//3428
f 3421//3421 3422//3422 3430//3430
f 3421//3421 3430//3430 3429//3429
f 3422//3422 3423//3423 3431//3431
f 3422//3422 3431//3431 3430//3430
f 3423//3423 3417//3417 3425//3425
f 3423//3423 3425//3425 3431//3431
f 3425//3425 3424//3424 3432//3432
f 3425//3425 3432//3432 3433//3433
f 3424//3424 3426//3426 3434//3434
f 3424//3424 3434//3434 3432//3432
f 3426//3426 3427//3427 3435//3435
f 3426//3426 3435//3435 3434//3434
f 3427//3427 3428//3428 3436//3436
f 3427//3427 3436//3436 3435//3435
f 3428//3428 3429//3429 3437//3437
f 3428//3428 3437//3437 3436//3436
f 3429//3429 3430//3430 3438//3438
f 3429//3429 3438//3438 3437//3437
f 3430//3430 3431//3431 3439//3439
f 3430//3430 3439//3439 3438//3438
f 3431//3431 3425//3425 3433//3433
f 3431//3431 3433//3433 3439//3439
f 3433//3433 3432//3432 3440//3440
f 3433//3433 3440//3440 3441//3441
f 3432//3432 3434//3434 3442//3442
f 3432//3432 3442//3442 3440//3440
f 3434//3434 3435//3435 3443//3443
f 3434//3434 3443//3443 3442//3442
f 3435//3435 3436//3436 3444//3444
f 3435//3435 3444//3444 3443//3443
f 3436//3436 3437//3437 3445//3445
f 3436//3436 3445//3445 3444//3444
f 3437//3437 3438//3438 3446//3446
f 3437//3437 3446//3446 3445//3445
f 3438//3438 3439//3439 3447//3447
f 3438//3438 3447//3447 3446//3446
f 3439//3439 3433//3433 3441//3441
f 3439//3439 3441//3441 3447//3447
f 3441//3441 3440//3440 3448//3448
f 3441//3441 3448//3448 3449//3449
f 3440//3440 3442//3442 3450//3450
f 3440//3440 3450//3450 3448//3448
f 3442//3442 3443//3443 3451//3451
f 3442//3442 3451//3451 3450//3450
f 3443//3443 3444//3444 3452//3452
f 3443//3443 3452//3452 3451//3451
f 3444//3444 3445//3445 3453//3453
f 3444//3444 3453//3453 3452//3452
f 3445//3445 3446//3446 3454//3454
f 3445//3445 3454//3454 3453//3453
f 3446//3446 3447//3447 3455//3455
f 3446//3446 3455//3455 3454//3454
f 3447//3447 3441//3441 3449//3449
f 3447//3447 3449//3449 3455//3455
f 3449//3449 3448//3448 3456//3456
f 3449//3449 3456//3456 3457//3457
f 3448//3448 3450//3450 3458//3458
f 3448//3448 3458//3458 3456//3456
f 3450//3450 3451//3451 3459//3459
f 3450//3450 3459//3459 3458//3458
f 3451//3451 3452//3452 3460//3460
f 3451//3451 3460//3460 3459//3459
f 3452//3452 3453//3453 3461//3461
f 3452//3452 3461//3461 3460//3460
f 3453//3453 3454//3454 3462//3462
f 3453//3453 3462//3462 3461//3461
f 3454//3454 3455//3455 3463//3463
f 3454//3454 3463//3463 3462//3462
f 3455//3455 3449//3449 3457//3457
f 3455//3455 3457//3457 3463//3463
f 3457//3457 3456//3456 3458//3458
f 3457//3457 3458//3458 3459//3459
f 3457//3457 3459//3459 3460//3460
f 3457//3457 3460//3460 3461//3461
f 3457//3457 3461//3461 3462//3462
f 3457//3457 3462//3462 3463//3463
f 3464//3464 3465//3465 3466//3466
f 3464//3464 3466//3466 3467//3467
f 3464//3464 3467//3467 3468//3468
f 3464//3464 3468//3468 3469//3469
f 3464//3464 3469//3469 3470//3470
f 3464//3464 3470//3470 3471//3471
f 3471//3471 3470//3470 3472//3472
f 3471//3471 3472//3472 3473//3473
f 3470//3470 3469//3469 3474//3474
f 3470//3470 3474//3474 3472//3472
f 3469//3469 3468//3468 3475//3475
f 3469//3469 3475//3475 3474//3474
f 3468//3468 3467//3467 3476//3476
f 3468//3468 3476//3476 3475//3475
f 3467//3467 3466//3466 3477//3477
f 3467//3467 3477//3477 3476//3476
f 3466//3466 3465//3465 3478//3478
f 3466//3466 3478//3478 3477//3477
f 3465//3465 3464//3464 3479//3479
f 3465//3465 3479//3479 3478//3478
f 3464//3464 3471//3471 3473//3473
f 3464//3464 3473//3473 3479//3479
f 3473//3473 3472//3472 3480//3480
f 3473//3473 3480//3480 3481//3481
f 3472//3472 3474//3474 3482//3482
f 3472//3472 3482//3482 3480//3480
f 3474//3474 3475//3475 3483//3483
f 3474//3474 3483//3483 3482//3482
f 3475//3475 3476//3476 3484//3484
f 3475//3475 3484//3484 3483//3483
f 3476//3476 3477//3477 3485//3485
f 3476//3476 3485//3485 3484//3484
f 3477//3477 3478//3478 3486//3486
f 3477//3477 3486//3486 3485//3485
f 3478//3478 3479//3479 3487//3487
f 3478//3478 3487//3487 3486//3486
f 3479//3479 3473//3473 3481//3481
f 3479//3479 3481//3481 3487//3487
f 3481//3481 3480//3480 3488//3488
f 3481//3481 3488//3488 3489//3489
f 3480//3480 3482//3482 3490//3490
f 3480//3480 3490//3490 3488//3488
f 3482//3482 3483//3483 3491//3491
f 3482//3482 3491//3491 3490//3490
f 3483//3483 3484//3484 3492//3492
f 3483//3483 3492//3492 3491//3491
f 3484//3484 3485//3485 3493//3493
f 3484//3484 3493//3493 3492//3492
f 3485//3485 3486//3486 3494//3494
f 3485//3485 3494//3494 3493//3493
f 3486//3486 3487//3487 3495//3495
f 3486//3486 3495//3495 3494//3494
f 3487//3487 3481//3481 3489//3489
f 3487//3487 3489//3489 3495//3495
f 3489//3489 3488//3488 3496//3496
f 3489//3489 3496//3496 3497//3497
f 3488//3488 3490//3490 3498//3498
f 3488//3488 3498//3498 3496//3496
f 3490//3490 3491//3491 3499//3499
f 3490//3490 3499//3499 3498//3498
f 3491//3491 3492//3492 3500//3500
f 3491//3491 3500//3500 3499//3499
f 3492//3492 3493//3493 3501//3501
f 3492//3492 3501//3501 3500//3500
f 3493//3493 3494//3494 3502//3502
f 3493//3493 3502//3502 3501//3501
f 3494//3494 3495//3495 3503//3503
f 3494//3494 3503//3503 3502//3502
f 3495//3495 3489//3489 3497//3497
f 3495//3495 3497//3497 3503//3503
f 3497//3497 3496//3496 3504//3504
f 3497//3497 3504//3504 3505//3505
f 3496//3496 3498//3498 3506//3506
f 3496//3496 3506//3506 3504//3504
f 3498//3498 3499//3499 3507//3507
f 3498//3498 3507//3507 3506//3506
f 3499//3499 3500//3500 3508//3508
f 3499//3499 3508//3508 3507//3507
f 3500//3500 3501//3501 3509//3509
f 3500//3500 3509//3509 3508//3508
f 3501//3501 3502//3502 3510//3510
f 3501//3501 3510//3510 3509//3509
f 3502//3502 3503//3503 3511//3511
f 3502//3502 3511//3511 3510//3510
f 3503//3503 3497//3497 3505//3505
f 3503//3503 3505//3505 3511//3511
f 3505//3505 3504//3504 3512//3512
f 3505//3505 3512//3512 3513//3513
f 3504//3504 3506//3506 3514//3514
f 3504//3504 3514//3514 3512//3512
f 3506//3506 3507//3507 3515//3515
f 3506//3506 3515//3515 3514//3514
f 3507//3507 3508//3508 3516//3516
f 3507//3507 3516//3516 3515//3515
f 3508//3508 3509//3509 3517//3517
f 3508//3508 3517//3517 3516//3516
f 3509//3509 3510//3510 3518//3518
f 3509//3509 3518//3518 3517//3517
f 3510//3510 3511//3511 3519//3519
f 3510//3510 3519//3519 3518//3518
f 3511//3511 3505//3505 3513//3513
f 3511//3511 3513//3513 3519//3519
f 3513//3513 3512//3512 3520//3520
f 3513//3513 3520//3520 3521//3521
f 3512//3512 3514//3514 3522//3522
f 3512//3512 3522//3522 3520//3520
f 3514//3514 3515//3515 3523//3523
f 3514//3514 3523//3523 3522//3522
f 3515//3515 3516//3516 3524//3524
f 3515//3515 3524//3524 3523//3523
f 3516//3516 3517//3517 3525//3525
f 3516//3516 3525//3525 3524//3524
f 3517//3517 3518//3518 3526//3526
f 3517//3517 3526//3526 3525//3525
f 3518//3518 3519//3519 3527//3527
f 3518//3518 3527//3527 3526//3526
f 3519//3519 3513//3513 3521//3521
f 3519//3519 3521//3521 3527//3527
f 3521//3521 3520//3520 3528//3528
f 3521//3521 3528//3528 3529//3529
f 3520//3520 3522//3522 3530//3530
f 3520//3520 3530//3530 3528//3528
f 3522//3522 3523//3523 3531//3531
f 3522//3522 3531//3531 3530//3530
f 3523//3523 3524//3524 3532//3532
f 3523//3523 3532//3532 3531//3531
f 3524//3524 3525//3525 3533//3533
f 3524//3524 3533//3533 3532//3532
f 3525//3525 3526//3526 3534//3534
f 3525//3525 3534//3534 3533//3533
f 3526//3526 3527//3527 3535//3535
f 3526//3526 3535//3535 3534//3534
f 3527//3527 3521//3521 3529//3529
f 3527//3527 3529//3529 3535//3535
f 3529//3529 3528//3528 3536//3536
f 3529//3529 3536//3536 3537//3537
f 3528//3528 3530//3530 3538//3538
f 3528//3528 3538//3538 3536//3536
f 3530//3530 3531//3531 3539//3539
f 3530//3530 3539//3539 3538//3538
f 3531//3531 3532//3532 3540//3540
f 3531//3531 3540//3540 3539//3539
f 3532//3532 3533//3533 3541//3541
f 3532//3532 3541//3541 3540//3540
f 3533//3533 3534//3534 3542//3542
f 3533//3533 3542//3542 3541//3541
f 3534//3534 3535//3535 3543//3543
f 3534//3534 3543//3543 3542//3542
f 3535//3535 3529//3529 3537//3537
f 3535//3535 3537//3537 3543//3543
f 3537//3537 3536//3536 3544//3544
f 3537//3537 3544//3544 3545//3545
f 3536//3536 3538//3538 3546//3546
f 3536//3536 3546//3546 3544//3544
f 3538//3538 3539//3539 3547//3547
f 3538//3538 3547//3547 3546//3546
f 3539//3539 3540//3540 3548//3548
f 3539//3539 3548//3548 3547//3547
f 3540//3540 3541//3541 3549//3549
f 3540//3540 3549//3549 3548//3548
f 3541//3541 3542//3542 3550//3550
f 3541//3541 3550//3550 3549//3549
f 3542//3542 3543//3543 3551//3551
f 3542//3542 3551//3551 3550//3550
f 3543//3543 3537//3537 3545//3545
f 3543//3543 3545//3545 3551//3551
f 3545//3545 3544//3544 3552//3552
f 3545//3545 3552//3552 3553//3553
f 3544//3544 3546//3546 3554//3554
f 3544//3544 3554//3554 3552//3552
f 3546//3546 3547//3547 3555//3555
f 3546//3546 3555//3555 3554//3554
f 3547//3547 3548//3548 3556//3556
f 3547//3547 3556//3556 3555//3555
f 3548//3548 3549//3549 3557//3557
f 3548//3548 3557//3557 3556//3556
f 3549//3549 3550//3550 3558//3558
f 3549//3549 3558//3558 3557//3557
f 3550//3550 3551//3551 3559//3559
f 3550//3550 3559//3559 3558//3558
f 3551//3551 3545//3545 3553//3553
f 3551//3551 3553//3553 3559//3559
f 3553//3553 3552//3552 3560//3560
f 3553//3553 3560//3560 3561//3561
f 3552//3552 3554//3554 3562//3562
f 3552//3552 3562//3562 3560//3560
f 3554//3554 3555//3555 3563//3563
f 3554//3554 3563//3563 3562//3562
f 3555//3555 3556//3556 3564//3564
f 3555//3555 3564//3564 3563//3563
f 3556//3556 3557//3557 3565//3565
f 3556//3556 3565//3565 3564//3564
f 3557//3557 3558//3558 3566//3566
f 3557//3557 3566//3566 3565//3565
f 3558//3558 3559//3559 3567//3567
f 3558//3558 3567//3567 3566//3566
f 3559//3559 3553//3553 3561//3561
f 3559//3559 3561//3561 3567//3567
f 3561//3561 3560//3560 3568//3568
f 3561//3561 3568//3568 3569//3569
f 3560//3560 3562//3562 3570//3570
f 3560//3560 3570//3570 3568//3568
f 3562//3562 3563//3563 3571//3571
f 3562//3562 3571//3571 3570//3570
f 3563//3563 3564//3564 3572//3572
f 3563//3563 3572//3572 3571//3571
f 3564//3564 3565//3565 3573//3573
f 3564//3564 3573//3573 3572//3572
f 3565//3565 3566//3566 3574//3574
f 3565//3565 3574//3574 3573//3573
f 3566//3566 3567//3567 3575//3575
f 3566//3566 3575//3575 3574//3574
f 3567//3567 3561//3561 3569//3569
f 3567//3567 3569//3569 3575//3575
f 3569//3569 3568//3568 3576//3576
f 3569//3569 3576//3576 3577//3577
f 3568//3568 3570//3570 3578//3578
f 3568//3568 3578//3578 3576//3576
f 3570//3570 3571//3571 3579//3579
f 3570//3570 3579//3579 3578//3578
f 3571//3571 3572//3572 3580//3580
f 3571//3571 3580//3580 3579//3579
f 3572//3572 3573//3573 3581//3581
f 3572//3572 3581//3581 3580//3580
f 3573//3573 3574//3574 3582//3582
f 3573//3573 3582//3582 3581//3581
f 3574//3574 3575//3575 3583//3583
f 3574//3574 3583//3583 3582//3582
f 3575//3575 3569//3569 3577//3577
f 3575//3575 3577//3577 3583//3583
f 3577//3577 3576//3576 3584//3584
f 3577//3577 3584//3584 3585//3585
f 3576//3576 3578//3578 3586//3586
f 3576//3576 3586//3586 3584//3584
f 3578//3578 3579//3579 3587//3587
f 3578//3578 3587//3587 3586//3586
f 3579//3579 3580//3580 3588//3588
f 3579//3579 3588//3588 3587//3587
f 3580//3580 3581//3581 3589//3589
f 3580//3580 3589//3589 3588//3588
f 3581//3581 3582//3582 3590//3590
f 3581//3581 3590//3590 3589//3589
f 3582//3582 3583//3583 3591//3591
f 3582//3582 3591//3591 3590//3590
f 3583//3583 3577//3577 3585//3585
f 3583//3583 3585//3585 3591//3591
f 3585//3585 3584//3584 3592//3592
f 3585//3585 3592//3592 3593//3593
f 3584//3584 3586//3586 3594//3594
f 3584//3584 3594//3594 3592//3592
f 3586//3586 3587//3587 3595//3595
f 3586//3586 3595//3595 3594//3594
f 3587//3587 3588//3588 3596//3596
f 3587//3587 3596//3596 3595//3595
f 3588//3588 3589//3589 3597//3597
f 3588//3588 3597//3597 3596//3596
f 3589//3589 3590//3590 3598//3598
f 3589//3589 3598//3598 3597//3597
f 3590//3590 3591//3591 3599//3599
f 3590//3590 3599//3599 3598//3598
f 3591//3591 3585//3585 3593//3593
f 3591//3591 3593//3593 3599//3599
f 3593//3593 3592//3592 3594//3594
f 3593//3593 3594//3594 3595//3595
f 3593//3593 3595//3595 3596//3596
f 3593//3593 3596//3596 3597//3597
f 3593//3593 3597//3597 3598//3598
f 3593//3593 3598//3598 3599//3599
f 3600//3600 3601//3601 3602//3602
f 3600//3600 3602//3602 3603//3603
f 3600//3600 3603//3603 3604//3604
f 3600//3600 3604//3604 3605//3605
f 3600//3600 3605//3605 3606//3606
f 3600//3600 3606//3606 3607//3607
f 3607//3607 3606//3606 3608//3608
f 3607//3607 3608//3608 3609//3609
f 3606//3606 3605//3605 3610//3610
f 3606//3606 3610//3610 3608//3608
f 3605//3605 3604//3604 3611//3611
f 3605//3605 3611//3611 3610//3610
f 3604//3604 3603//3603 3612//3612
f 3604//3604 3612//3612 3611//3611
f 3603//3603 3602//3602 3613//3613
f 3603//3603 3613//3613 3612//3612
f 3602//3602 3601//3601 3614//3614
f 3602//3602 3614//3614 3613//3613
f 3601//3601 3600//3600 3615//3615
f 3601//3601 3615//3615 3614//3614
f 3600//3600 3607//3607 3609//3609
f 3600//3600 3609//3609 3615//3615
f 3609//3609 3608//3608 3616//3616
f 3609//3609 3616//3616 3617//3617
f 3608//3608 3610//3610 3618//3618
f 3608//3608 3618//3618 3616//3616
f 3610//3610 3611//3611 3619//3619
f 3610//3610 3619//3619 3618//3618
f 3611//3611 3612//3612 3620//3620
f 3611//3611 3620//3620 3619//3619
f 3612//3612 3613//3613 3621//3621
f 3612//3612 3621//3621 3620//3620
f 3613//3613 3614//3614 3622//3622
f 3613//3613 3622//3622 3621//3621
f 3614//3614 3615//3615 3623//3623
f 3614//3614 3623//3623 3622//3622
f 3615//3615 3609//3609 3617//3617
f 3615//3615 3617//3617 3623//3623
f 3617//3617 3616//3616 3624//3624
f 3617//3617 3624//3624 3625//3625
f 3616//3616 3618//3618 3626//3626
f 3616//3616 3626//3626 3624//3624
f 3618//3618 3619//3619 3627//3627
f 3618//3618 3627//3627 3626//3626
f 3619//3619 3620//3620 3628//3628
f 3619//3619 3628//3628 3627//3627
f 3620//3620 3621//3621 3629//3629
f 3620//3620 3629//3629 3628//3628
f 3621//3621 3622//3622 3630//3630
f 3621//3621 3630//3630 3629//3629
f 3622//3622 3623//3623 3631//3631
f 3622//3622 3631//3631 3630//3630
f 3623//3623 3617//3617 3625//3625
f 3623//3623 3625//3625 3631//3631
f 3625//3625 3624//3624 3632//3632
f 3625//3625 3632//3632 3633//3633
f 3624//3624 3626//3626 3634//3634
f 3624//3624 3634//3634 3632//3632
f 3626//3626 3627//3627 3635//3635
f 3626//3626 3635//3635 3634//3634
f 3627//3627 3628//3628 3636//3636
f 3627//3627 3636//3636 3635//3635
f 3628//3628 3629//3629 3637//3637
f 3628//3628 3637//3637 3636//3636
f 3629//3629 3630//3630 3638//3638
f 3629//3629 3638//3638 3637//3637
f 3630//3630 3631//3631 3639//3639
f 3630//3630 3639//3639 3638//3638
f 3631//3631 3625//3625 3633//3633
f 3631//3631 3633//3633 3639//3639
f 3633//3633 3632//3632 3640//3640
f 3633//3633 3640//3640 3641//3641
f 3632//3632 3634//3634 3642//3642
f 3632//3632 3642//3642 3640//3640
f 3634//3634 3635//3635 3643//3643
f 3634//3634 3643//3643 3642//3642
f 3635//3635 3636//3636 3644//3644
f 3635//3635 3644//3644 3643//3643
f 3636//3636 3637//3637 3645//3645
f 3636//3636 3645//3645 3644//3644
f 3637//3637 3638//3638 3646//3646
f 3637//3637 3646//3646 3645//3645
f 3638//3638 3639//3639 3647//3647
f 3638//3638 3647//3647 3646//3646
f 3639//3639 3633//3633 3641//3641
f 3639//3639 3641//3641 3647//3647
f 3641//3641 3640//3640 3648//3648
f 3641//3641 3648//3648 3649//3649
f 3640//3640 3642//3642 3650//3650
f 3640//3640 3650//3650 3648//3648
f 3642//3642 3643//3643 3651//3651
f 3642//3642 3651//3651 3650//3650
f 3643//3643 3644//3644 3652//3652
f 3643//3643 3652//3652 3651//3651
f 3644//3644 3645//3645 3653//3653
f 3644//3644 3653//3653 3652//3652
f 3645//3645 3646//3646 3654//3654
f 3645//3645 3654//3654 3653//3653
f 3646//3646 3647//3647 3655//3655
f 3646//3646 3655//3655 3654//3654
f 3647//3647 3641//3641 3649//3649
f 3647//3647 3649//3649 3655//3655
f 3649//3649 3648//3648 3656//3656
f 3649//3649 3656//3656 3657//3657
f 3648//3648 3650//3650 3658//3658
f 3648//3648 3658//3658 3656//3656
f 3650//3650 3651//3651 3659//3659
f 3650//3650 3659//3659 3658//3658
f 3651//3651 3652//3652 3660//3660
f 3651//3651 3660//3660 3659//3659
f 3652//3652 3653//3653 3661//3661
f 3652//3652 3661//3661 3660//3660
f 3653//3653 3654//3654 3662//3662
f 3653//3653 3662//3662 3661//3661
f 3654//3654 3655//3655 3663//3663
f 3654//3654 3663//3663 3662//3662
f 3655//3655 3649//3649 3657//3657
f 3655//3655 3657//3657 3663//3663
f 3657//3657 3656//3656 3664//3664
f 3657//3657 3664//3664 3665//3665
f 3656//3656 3658//3658 3666//3666
f 3656//3656 3666//3666 3664//3664
f 3658//3658 3659//3659 3667//3667
f 3658//3658 3667//3667 3666//3666
f 3659//3659 3660//3660 3668//3668
f 3659//3659 3668//3668 3667//3667
f 3660//3660 3661//3661 3669//3669
f 3660//3660 3669//3669 3668//3668
f 3661//3661 3662//3662 3670//3670
f 3661//3661 3670//3670 3669//3669
f 3662//3662 3663//3663 3671//3671
f 3662//3662 3671//3671 3670//3670
f 3663//3663 3657//3657 3665//3665
f 3663//3663 3665//3665 3671//3671
f 3665//3665 3664//3664 3672//3672
f 3665//3665 3672//3672 3673//3673
f 3664//3664 3666//3666 3674//3674
f 3664//3664 3674//3674 3672//3672
f 3666//3666 3667//3667 3675//3675
f 3666//3666 3675//3675 3674//3674
f 3667//3667 3668//3668 3676//3676
f 3667//3667 3676//3676 3675//3675
f 3668//3668 3669//3669 3677//3677
f 3668//3668 3677//3677 3676//3676
f 3669//3669 3670//3670 3678//3678
f 3669//3669 3678//3678 3677//3677
f 3670//3670 3671//3671 3679//3679
f 3670//3670 3679//3679 3678//3678
f 3671//3671 3665//3665 3673//3673
f 3671//3671 3673//3673 3679//3679
f 3673//3673 3672//3672 3680//3680
f 3673//3673 3680//3680 3681//3681
f 3672//3672 3674//3674 3682//3682
f 3672//3672 3682//3682 3680//3680
f 3674//3674 3675//3675 3683//3683
f 3674//3674 3683//3683 3682//3682
f 3675//3675 3676//3676 3684//3684
f 3675//3675 3684//3684 3683//3683
f 3676//3676 3677//3677 3685//3685
f 3676//3676 3685//3685 3684//3684
f 3677//3677 3678//3678 3686//3686
f 3677//3677 3686//3686 3685//3685
f 3678//3678 3679//3679 3687//3687
f 3678//3678 3687//3687 3686//3686
f 3679//3679 3673//3673 3681//3681
f 3679//3679 3681//3681 3687//3687
f 3681//3681 3680//3680 3688//3688
f 3681//3681 3688//3688 3689//3689
f 3680//3680 3682//3682 3690//3690
f 3680//3680 3690//3690 3688//3688
f 3682//3682 3683//3683 3691//3691
f 3682//3682 3691//3691 3690//3690
f 3683//3683 3684//3684 3692//3692
f 3683//3683 3692//3692 3691//3691
f 3684//3684 3685//3685 3693//3693
f 3684//3684 3693//3693 3692//3692
f 3685//3685 3686//3686 3694//3694
f 3685//3685 3694//3694 3693//3693
f 3686//3686 3687//3687 3695//3695
f 3686//3686 3695//3695 3694//3694
f 3687//3687 3681//3681 3689//3689
f 3687//3687 3689//3689 3695//3695
f 3689//3689 3688//3688 3696//3696
f 3689//3689 3696//3696 3697//3697
f 3688//3688 3690//3690 3698//3698
f 3688//3688 3698//3698 3696//3696
f 3690//3690 3691//3691 3699//3699
f 3690//3690 3699//3699 3698//3698
f 3691//3691 3692//3692 3700//3700
f 3691//3691 3700//3700 3699//3699
f 3692//3692 3693//3693 3701//3701
f 3692//3692 3701//3701 3700//3700
f 3693//3693 3694//3694 3702//3702
f 3693//3693 3702//3702 3701//3701
f 3694//3694 3695//3695 3703//3703
f 3694//3694 3703//3703 3702//3702
f 3695//3695 3689//3689 3697//3697
f 3695//3695 3697//3697 3703//3703
f 3697//3697 3696//3696 3704//3704
f 3697//3697 3704//3704 3705//3705
f 3696//3696 3698//3698 3706//3706
f 3696//3696 3706//3706 3704//3704
f 3698//3698 3699//3699 3707//3707
f 3698//3698 3707//3707 3706//3706
f 3699//3699 3700//3700 3708//3708
f 3699//3699 3708//3708 3707//3707
f 3700//3700 3701//3701 3709//3709
f 3700//3700 3709//3709 3708//3708
f 3701//3701 3702//3702 3710//3710
f 3701//3701 3710//3710 3709//3709
f 3702//3702 3703//3703 3711//3711
f 3702//3702 3711//3711 3710//3710
f 3703//3703 3697//3697 3705//3705
f 3703//3703 3705//3705 3711//3711
f 3705//3705 3704//3704 3712//3712
f 3705//3705 3712//3712 3713//3713
f 3704//3704 3706//3706 3714//3714
f 3704//3704 3714//3714 3712//3712
f 3706//3706 3707//3707 3715//3715
f 3706//3706 3715//3715 3714//3714
f 3707//3707 3708//3708 3716//3716
f 3707//3707 3716//3716 3715//3715
f 3708//3708 3709//3709 3717//3717
f 3708//3708 3717//3717 3716//3716
f 3709//3709 3710//3710 3718//3718
f 3709//3709 3718//3718 3717//3717
f 3710//3710 3711//3711 3719//3719
f 3710//3710 3719//3719 3718//3718
f 3711//3711 3705//3705 3713//3713
f 3711//3711 3713//3713 3719//3719
f 3713//3713 3712//3712 3720//3720
f 3713//3713 3720//3720 3721//3721
f 3712//3712 3714//3714 3722//3722
f 3712//3712 3722//3722 3720//3720
f 3714//3714 3715//3715 3723//3723
f 3714//3714 3723//3723 3722//3722
f 3715//3715 3716//3716 3724//3724
f 3715//3715 3724//3724 3723//3723
f 3716//3716 3717//3717 3725//3725
f 3716//3716 3725//3725 3724//3724
f 3717//3717 3718//3718 3726//3726
f 3717//3717 3726//3726 3725//3725
f 3718//3718 3719//3719 3727//3727
f 3718//3718 3727//3727 3726//3726
f 3719//3719 3713//3713 3721//3721
f 3719//3719 3721//3721 3727//3727
f 3721//3721 3720//3720 3728//3728
f 3721//3721 3728//3728 3729//3729
f 3720//3720 3722//3722 3730//3730
f 3720//3720 3730//3730 3728//3728
f 3722//3722 3723//3723 3731//3731
f 3722//3722 3731//3731 3730//3730
f 3723//3723 3724//3724 3732//3732
f 3723//3723 3732//3732 3731//3731
f 3724//3724 3725//3725 3733//3733
f 3724//3724 3733//3733 3732//3732
f 3725//3725 3726//3726 3734//3734
f 3725//3725 3734//3734 3733//3733
f 3726//3726 3727//3727 3735//3735
f 3726//3726 3735//3735 3734//3734
f 3727//3727 3721//3721 3729//3729
f 3727//3727 3729//3729 3735//3735
f 3729//3729 3728//3728 3730//3730
f 3729//3729 3730//3730 3731//3731
f 3729//3729 3731//3731 3732//3732
f 3729//3729 3732//3732 3733//3733
f 3729//3729 3733//3733 3734//3734
f 3729//3729 3734//3734 3735//3735
f 3736//3736 3737//3737 3738//3738
f 3736//3736 3738//3738 3739//3739
f 3736//3736 3739//3739 3740//3740
f 3736//3736 3740//3740 3741//3741
f 3736//3736 3741//3741 3742//3742
f 3736//3736 3742//3742 3743//3743
f 3736//3736 3743//3743 3744//3744
f 3736//3736 3744//3744 3745//3745
f 3736//3736 3745//3745 3746//3746
f 3736//3736 3746//3746 3747//3747
f 3736//3736 3747//3747 3748//3748
f 3736//3736 3748//3748 3749//3749
f 3736//3736 3749//3749 3750//3750
f 3736//3736 3750//3750 3751//3751
f 3736//3736 3751//3751 3752//3752
f 3736//3736 3752//3752 3753//3753
f 3736//3736 3753//3753 3754//3754
f 3736//3736 3754//3754 3755//3755
f 3736//3736 3755//3755 3756//3756
f 3736//3736 3756//3756 3737//3737
f 3737//3737 3757//3757 3758//3758
f 3737//3737 3758//3758 3738//3738
f 3738//3738 3758//3758 3759//3759
f 3738//3738 3759//3759 3739//3739
f 3739//3739 3759//3759 3760//3760
f 3739//3739 3760//3760 3740//3740
f 3740//3740 3760//3760 3761//3761
f 3740//3740 3761//3761 3741//3741
f 3741//3741 3761//3761 3762//3762
f 3741//3741 3762//3762 3742//3742
f 3742//3742 3762//3762 3763//3763
f 3742//3742 3763//3763 3743//3743
f 3743//3743 3763//3763 3764//3764
f 3743//3743 3764//3764 3744//3744
f 3744//3744 3764//3764 3765//3765
f 3744//3744 3765//3765 3745//3745
f 3745//3745 3765//3765 3766//3766
f 3745//3745 3766//3766 3746//3746
f 3746//3746 3766//3766 3767//3767
f 3746//3746 3767//3767 3747//3747
f 3747//3747 3767//3767 3768//3768
f 3747//3747 3768//3768 3748//3748
f 3748//3748 3768//3768 3769//3769
f 3748//3748 3769//3769 3749//3749
f 3749//3749 3769//3769 3770//3770
f 3749//3749 3770//3770 3750//3750
f 3750//3750 3770//3770 3771//3771
f 3750//3750 3771//3771 3751//3751
f 3751//3751 3771//3771 3772//3772
f 3751//3751 3772//3772 3752//3752
f 3752//3752 3772//3772 3773//3773
f 3752//3752 3773//3773 3753//3753
f 3753//3753 3773//3773 3774//3774
f 3753//3753 3774//3774 3754//3754
f 3754//3754 3774//3774 3775//3775
f 3754//3754 3775//3775 3755//3755
f 3755//3755 3775//3775 3776//3776
f 3755//3755 3776//3776 3756//3756
f 3756//3756 3776//3776 3757//3757
f 3756//3756 3757//3757 3737//3737
f 3757//3757 3777//3777 3778//3778
f 3757//3757 3778//3778 3758//3758
f 3758//3758 3778//3778 3779//3779
f 3758//3758 3779//3779 3759//3759
f 3759//3759 3779//3779 3780//3780
f 3759//3759 3780//3780 3760//3760
f 3760//3760 3780//3780 3781//3781
f 3760//3760 3781//3781 3761//3761
f 3761//3761 3781//3781 3782//3782
f 3761//3761 3782//3782 3762//3762
f 3762//3762 3782//3782 3783//3783
f 3762//3762 3783//3783 3763//3763
f 3763//3763 3783//3783 3784//3784
f 3763//3763 3784//3784 3764//3764
f 3764//3764 3784//3784 3785//3785
f 3764//3764 3785//3785 3765//3765
f 3765//3765 3785//3785 3786//3786
f 3765//3765 3786//3786 3766//3766
f 3766//3766 3786//3786 3787//3787
f 3766//3766 3787//3787 3767//3767
f 3767//3767 3787//3787 3788//3788
f 3767//3767 3788//3788 3768//3768
f 3768//3768 3788//3788 3789//3789
f 3768//3768 3789//3789 3769//3769
f 3769//3769 3789//3789 3790//3790
f 3769//3769 3790//3790 3770//3770
f 3770//3770 3790//3790 3791//3791
f 3770//3770 3791//3791 3771//3771
f 3771//3771 3791//3791 3792//3792
f 3771//3771 3792//3792 3772//3772
f 3772//3772 3792//3792 3793//3793
f 3772//3772 3793//3793 3773//3773
f 3773//3773 3793//3793 3794//3794
f 3773//3773 3794//3794 3774//3774
f 3774//3774 3794//3794 3795//3795
f 3774//3774 3795//3795 3775//3775
f 3775//3775 3795//3795 3796//3796
f 3775//3775 3796//3796 3776//3776
f 3776//3776 3796//3796 3777//3777
f 3776//3776 3777//3777 3757//3757
f 3777//3777 3797//3797 3798//3798
f 3777//3777 3798//3798 3778//3778
f 3778//3778 3798//3798 3799//3799
f 3778//3778 3799//3799 3779//3779
f 3779//3779 3799//3799 3800//3800
f 3779//3779 3800//3800 3780//3780
f 3780//3780 3800//3800 3801//3801
f 3780//3780 3801//3801 3781//3781
f 3781//3781 3801//3801 3802//3802
f 3781//3781 3802//3802 3782//3782
f 3782//3782 3802//3802 3803//3803
f 3782//3782 3803//3803 3783//3783
f 3783//3783 3803//3803 3804//3804
f 3783//3783 3804//3804 3784//3784
f 3784//3784 3804//3804 3805//3805
f 3784//3784 3805//3805 3785//3785
f 3785//3785 3805//3805 3806//3806
f 3785//3785 3806//3806 3786//3786
f 3786//3786 3806//3806 3807//3807
f 3786//3786 3807//3807 3787//3787
f 3787//3787 3807//3807 3808//3808
f 3787//3787 3808//3808 3788//3788
f 3788//3788 3808//3808 3809//3809
f 3788//3788 3809//3809 3789//3789
f 3789//3789 3809//3809 3810//3810
f 3789//3789 3810//3810 3790//3790
f 3790//3790 3810//3810 3811//3811
f 3790//3790 3811//3811 3791//3791
f 3791//3791 3811//3811 3812//3812
f 3791//3791 3812//3812 3792//3792
f 3792//3792 3812//3812 3813//3813
f 3792//3792 3813//3813 3793//3793
f 3793//3793 3813//3813 3814//3814
f 3793//3793 3814//3814 3794//3794
f 3794//3794 3814//3814 3815//3815
f 3794//3794 3815//3815 3795//3795
f 3795//3795 3815//3815 3816//3816
f 3795//3795 3816//3816 3796//3796
f 3796//3796 3816//3816 3797//3797
f 3796//3796 3797//3797 3777//3777
f 3797//3797 3817//3817 3818//3818
f 3797//3797 3818//3818 3798//3798
f 3798//3798 3818//3818 3819//3819
f 3798//3798 3819//3819 3799//3799
f 3799//3799 3819//3819 3820//3820
f 3799//3799 3820//3820 3800//3800
f 3800//3800 3820//3820 3821//3821
f 3800//3800 3821//3821 3801//3801
f 3801//3801 3821//3821 3822//3822
f 3801//3801 3822//3822 3802//3802
f 3802//3802 3822//3822 3823//3823
f 3802//3802 3823//3823 3803//3803
f 3803//3803 3823//3823 3824//3824
f 3803//3803 3824//3824 3804//3804
f 3804//3804 3824//3824 3825//3825
f 3804//3804 3825//3825 3805//3805
f 3805//3805 3825//3825 3826//3826
f 3805//3805 3826//3826 3806//3806
f 3806//3806 3826//3826 3827//3827
f 3806//3806 3827//3827 3807//3807
f 3807//3807 3827//3827 3828//3828
f 3807//3807 3828//3828 3808//3808
f 3808//3808 3828//3828 3829//3829
f 3808//3808 3829//3829 3809//3809
f 3809//3809 3829//3829 3830//3830
f 3809//3809 3830//3830 3810//3810
f 3810//3810 3830//3830 3831//3831
f 3810//3810 3831//3831 3811//3811
f 3811//3811 3831//3831 3832//3832
f 3811//3811 3832//3832 3812//3812
f 3812//3812 3832//3832 3833//3833
f 3812//3812 3833//3833 3813//3813
f 3813//3813 3833//3833 3834//3834
f 3813//3813 3834//3834 3814//3814
f 3814//3814 3834//3834 3835//3835
f 3814//3814 3835//3835 3815//3815
f 3815//3815 3835//3835 3836//3836
f 3815//3815 3836//3836 3816//3816
f 3816//3816 3836//3836 3817//3817
f 3816//3816 3817//3817 3797//3797
f 3817//3817 3837//3837 3838//3838
f 3817//3817 3838//3838 3818//3818
f 3818//3818 3838//3838 3839//3839
f 3818//3818 3839//3839 3819//3819
f 3819//3819 3839//3839 3840//3840
f 3819//3819 3840//3840 3820//3820
f 3820//3820 3840//3840 3841//3841
f 3820//3820 3841//3841 3821//3821
f 3821//3821 3841//3841 3842//3842
f 3821//3821 3842//3842 3822//3822
f 3822//3822 3842//3842 3843//3843
f 3822//3822 3843//3843 3823//3823
f 3823//3823 3843//3843 3844//3844
f 3823//3823 3844//3844 3824//3824
f 3824//3824 3844//3844 3845//3845
f 3824//3824 3845//3845 3825//3825
f 3825//3825 3845//3845 3846//3846
f 3825//3825 3846//3846 3826//3826
f 3826//3826 3846//3846 3847//3847
f 3826//3826 3847//3847 3827//3827
f 3827//3827 3847//3847 3848//3848
f 3827//3827 3848//3848 3828//3828
f 3828//3828 3848//3848 3849//3849
f 3828//3828 3849//3849 3829//3829
f 3829//3829 3849//3849 3850//3850
f 3829//3829 3850//3850 3830//3830
f 3830//3830 3850//3850 3851//3851
f 3830//3830 3851//3851 3831//3831
f 3831//3831 3851//3851 3852//3852
f 3831//3831 3852//3852 3832//3832
f 3832//3832 3852//3852 3853//3853
f 3832//3832 3853//3853 3833//3833
f 3833//3833 3853//3853 3854//3854
f 3833//3833 3854//3854 3834//3834
f 3834//3834 3854//3854 3855//3855
f 3834//3834 3855//3855 3835//3835
f 3835//3835 3855//3855 3856//3856
f 3835//3835 3856//3856 3836//3836
f 3836//3836 3856//3856 3837//3837
f 3836//3836 3837//3837 3817//3817
f 3837//3837 3857//3857 3858//3858
f 3837//3837 3858//3858 3838//3838
f 3838//3838 3858//3858 3859//3859
f 3838//3838 3859//3859 3839//3839
f 3839//3839 3859//3859 3860//3860
f 3839//3839 3860//3860 3840//3840
f 3840//3840 3860//3860 3861//3861
f 3840//3840 3861//3861 3841//3841
f 3841//3841 3861//3861 3862//3862
f 3841//3841 3862//3862 3842//3842
f 3842//3842 3862//3862 3863//3863
f 3842//3842 3863//3863 3843//3843
f 3843//3843 3863//3863 3864//3864
f 3843//3843 3864//3864 3844//3844
f 3844//3844 3864//3864 3865//3865
f 3844//3844 3865//3865 3845//3845
f 3845//3845 3865//3865 3866//3866
f 3845//3845 3866//3866 3846//3846
f 3846//3846 3866//3866 3867//3867
f 3846//3846 3867//3867 3847//3847
f 3847//3847 3867//3867 3868//3868
f 3847//3847 3868//3868 3848//3848
f 3848//3848 3868//3868 3869//3869
f 3848//3848 3869//3869 3849//3849
f 3849//3849 3869//3869 3870//3870
f 3849//3849 3870//3870 3850//3850
f 3850//3850 3870//3870 3871//3871
f 3850//3850 3871//3871 3851//3851
f 3851//3851 3871//3871 3872//3872
f 3851//3851 3872//3872 3852//3852
f 3852//3852 3872//3872 3873//3873
f 3852//3852 3873//3873 3853//3853
f 3853//3853 3873//3873 3874//3874
f 3853//3853 3874//3874 3854//3854
f 3854//3854 3874//3874 3875//3875
f 3854//3854 3875//3875 3855//3855
f 3855//3855 3875//3875 3876//3876
f 3855//3855 3876//3876 3856//3856
f 3856//3856 3876//3876 3857//3857
f 3856//3856 3857//3857 3837//3837
f 3857//3857 3877//3877 3878//3878
f 3857//3857 3878//3878 3858//3858
f 3858//3858 3878//3878 3879//3879
f 3858//3858 3879//3879 3859//3859
f 3859//3859 3879//3879 3880//3880
f 3859//3859 3880//3880 3860//3860
f 3860//3860 3880//3880 3881//3881
f 3860//3860 3881//3881 3861//3861
f 3861//3861 3881//3881 3882//3882
f 3861//3861 3882//3882 3862//3862
f 3862//3862 3882//3882 3883//3883
f 3862//3862 3883//3883 3863//3863
f 3863//3863 3883//3883 3884//3884
f 3863//3863 3884//3884 3864//3864
f 3864//3864 3884//3884 3885//3885
f 3864//3864 3885//3885 3865//3865
f 3865//3865 3885//3885 3886//3886
f 3865//3865 3886//3886 3866//3866
f 3866//3866 3886//3886 3887//3887
f 3866//3866 3887//3887 3867//3867
f 3867//3867 3887//3887 3888//3888
f 3867//3867 3888//3888 3868//3868
f 3868//3868 3888//3888 3889//3889
f 3868//3868 3889//3889 3869//3869
f 3869//3869 3889//3889 3890//3890
f 3869//3869 3890//3890 3870//3870
f 3870//3870 3890//3890 3891//3891
f 3870//3870 3891//3891 3871//3871
f 3871//3871 3891//3891 3892//3892
f 3871//3871 3892//3892 3872//3872
f 3872//3872 3892//3892 3893//3893
f 3872//3872 3893//3893 3873//3873
f 3873//3873 3893//3893 3894//3894
f 3873//3873 3894//3894 3874//3874
f 3874//3874 3894//3894 3895//3895
f 3874//3874 3895//3895 3875//3875
f 3875//3875 3895//3895 3896//3896
f 3875//3875 3896//3896 3876//3876
f 3876//3876 3896//3896 3877//3877
f 3876//3876 3877//3877 3857//3857
f 3877//3877 3897//3897 3878//3878
f 3878//3878 3897//3897 3879//3879
f 3879//3879 3897//3897 3880//3880
f 3880//3880 3897//3897 3881//3881
f 3881//3881 3897//3897 3882//3882
f 3882//3882 3897//3897 3883//3883
f 3883//3883 3897//3897 3884//3884
f 3884//3884 3897//3897 3885//3885
f 3885//3885 3897//3897 3886//3886
f 3886//3886 3897//3897 3887//3887
f 3887//3887 3897//3897 3888//3888
f 3888//3888 3897//3897 3889//3889
f 3889//3889 3897//3897 3890//3890
f 3890//3890 3897//3897 3891//3891
f 3891//3891 3897//3897 3892//3892
f 3892//3892 3897//3897 3893//3893
f 3893//3893 3897//3897 3894//3894
f 3894//3894 3897//3897 3895//3895
f 3895//3895 3897//3897 3896//3896
f 3896//3896 3897//3897 3877//3877
usemtl color_8
f 3898//3898 3899//3899 3900//3900
f 3898//3898 3900//3900 3901//3901
f 3898//3898 3901//3901 3902//3902
f 3898//3898 3902//3902 3903//3903
f 3903//3903 3902//3902 3904//3904
f 3903//3903 3904//3904 3905//3905
f 3902//3902 3901//3901 3906//3906
f 3902//3902 3906//3906 3904//3904
f 3901//3901 3900//3900 3907//3907
f 3901//3901 3907//3907 3906//3906
f 3900//3900 3899//3899 3908//3908
f 3900//3900 3908//3908 3907//3907
f 3899//3899 3898//3898 3909//3909
f 3899//3899 3909//3909 3908//3908
f 3898//3898 3903//3903 3905//3905
f 3898//3898 3905//3905 3909//3909
f 3905//3905 3904//3904 3910//3910
f 3905//3905 3910//3910 3911//3911
f 3904//3904 3906//3906 3912//3912
f 3904//3904 3912//3912 3910//3910
f 3906//3906 3907//3907 3913//3913
f 3906//3906 3913//3913 3912//3912
f 3907//3907 3908//3908 3914//3914
f 3907//3907 3914//3914 3913//3913
f 3908//3908 3909//3909 3915//3915
f 3908//3908 3915//3915 3914//3914
f 3909//3909 3905//3905 3911//3911
f 3909//3909 3911//3911 3915//3915
f 3911//3911 3910//3910 3916//3916
f 3911//3911 3916//3916 3917//3917
f 3910//3910 3912//3912 3918//3918
f 3910//3910 3918//3918 3916//3916
f 3912//3912 3913//3913 3919//3919
f 3912//3912 3919//3919 3918//3918
f 3913//3913 3914//3914 3920//3920
f 3913//3913 3920//3920 3919//3919
f 3914//3914 3915//3915 3921//3921
f 3914//3914 3921//3921 3920//3920
f 3915//3915 3911//3911 3917//3917
f 3915//3915 3917//3917 3921//3921
f 3917//3917 3916//3916 3922//3922
f 3917//3917 3922//3922 3923//3923
f 3916//3916 3918//3918 3924//3924
f 3916//3916 3924//3924 3922//3922
f 3918//3918 3919//3919 3925//3925
f 3918//3918 3925//3925 3924//3924
f 3919//3919 3920//3920 3926//3926
f 3919//3919 3926//3926 3925//3925
f 3920//3920 3921//3921 3927//3927
f 3920//3920 3927//3927 3926//3926
f 3921//3921 3917//3917 3923//3923
f 3921//3921 3923//3923 3927//3927
f 3923//3923 3922//3922 3928//3928
f 3923//3923 3928//3928 3929//3929
f 3922//3922 3924//3924 3930//3930
f 3922//3922 3930//3930 3928//3928
f 3924//3924 3925//3925 3931//3931
f 3924//3924 3931//3931 3930//3930
f 3925//3925 3926//3926 3932//3932
f 3925//3925 3932//3932 3931//3931
f 3926//3926 3927//3927 3933//3933
f 3926//3926 3933//3933 3932//3932
f 3927//3927 3923//3923 3929//3929
f 3927//3927 3929//3929 3933//3933
f 3929//3929 3928//3928 3934//3934
f 3929//3929 3934//3934 3935//3935
f 3928//3928 3930//3930 3936//3936
f 3928//3928 3936//3936 3934//3934
f 3930//3930 3931//3931 3937//3937
f 3930//3930 3937//3937 3936//3936
f 3931//3931 3932//3932 3938//3938
f 3931//3931 3938//3938 3937//3937
f 3932//3932 3933//3933 3939//3939
f 3932//3932 3939//3939 3938//3938
f 3933//3933 3929//3929 3935//3935
f 3933//3933 3935//3935 3939//3939
f 3935//3935 3934//3934 3940//3940
f 3935//3935 3940//3940 3941//3941
f 3934//3934 3936//3936 3942//3942
f 3934//3934 3942//3942 3940//3940
f 3936//3936 3937//3937 3943//3943
f 3936//3936 3943//3943 3942//3942
f 3937//3937 3938//3938 3944//3944
f 3937//3937 3944//3944 3943//3943
f 3938//3938 3939//3939 3945//3945
f 3938//3938 3945//3945 3944//3944
f 3939//3939 3935//3935 3941//3941
f 3939//3939 3941//3941 3945//3945
f 3941//3941 3940//3940 3946//3946
f 3941//3941 3946//3946 3947//3947
f 3940//3940 3942//3942 3948//3948
f 3940//3940 3948//3948 3946//3946
f 3942//3942 3943//3943 3949//3949
f 3942//3942 3949//3949 3948//3948
f 3943//3943 3944//3944 3950//3950
f 3943//3943 3950//3950 3949//3949
f 3944//3944 3945//3945 3951//3951
f 3944//3944 3951//3951 3950//3950
f 3945//3945 3941//3941 3947//3947
f 3945//3945 3947//3947 3951//3951
f 3947//3947 3946//3946 3952//3952
f 3947//3947 3952//3952 3953//3953
f 3946//3946 3948//3948 3954//3954
f 3946//3946 3954//3954 3952//3952
f 3948//3948 3949//3949 3955//3955
f 3948//3948 3955//3955 3954//3954
f 3949//3949 3950//3950 3956//3956
f 3949//3949 3956//3956 3955//3955
f 3950//3950 3951//3951 3957//3957
f 3950//3950 3957//3957 3956//3956
f 3951//3951 3947//3947 3953//3953
f 3951//3951 3953//3953 3957//3957
f 3953//3953 3952//3952 3958//3958
f 3953//3953 3958//3958 3959//3959
f 3952//3952 3954//3954 3960//3960
f 3952//3952 3960//3960 3958//3958
f 3954//3954 3955//3955 3961//3961
f 3954//3954 3961//3961 3960//3960
f 3955//3955 3956//3956 3962//3962
f 3955//3955 3962//3962 3961//3961
f 3956//3956 3957//3957 3963//3963
f 3956//3956 3963//3963 3962//3962
f 3957//3957 3953//3953 3959//3959
f 3957//3957 3959//3959 3963//3963
f 3959//3959 3958//3958 3964//3964
f 3959//3959 3964//3964 3965//3965
f 3958//3958 3960//3960 3966//3966
f 3958//3958 3966//3966 3964//3964
f 3960//3960 3961//3961 3967//3967
f 3960//3960 3967//3967 3966//3966
f 3961//3961 3962//3962 3968//3968
f 3961//3961 3968//3968 3967//3967
f 3962//3962 3963//3963 3969//3969
f 3962//3962 3969//3969 3968//3968
f 3963//3963 3959//3959 3965//3965
f 3963//3963 3965//3965 3969//3969
f 3965//3965 3964//3964 3970//3970
f 3965//3965 3970//3970 3971//3971
f 3964//3964 3966//3966 3972//3972
f 3964//3964 3972//3972 3970//3970
f 3966//3966 3967//3967 3973//3973
f 3966//3966 3973//3973 3972//3972
f 3967//3967 3968//3968 3974//3974
f 3967//3967 3974//3974 3973//3973
f 3968//3968 3969//3969 3975//3975
f 3968//3968 3975//3975 3974//3974
f 3969//3969 3965//3965 3971//3971
f 3969//3969 3971//3971 3975//3975
f 3971//3971 3970//3970 3976//3976
f 3971//3971 3976//3976 3977//3977
f 3970//3970 3972//3972 3978//3978
f 3970//3970 3978//3978 3976//3976
f 3972//3972 3973//3973 3979//3979
f 3972//3972 3979//3979 3978//3978
f 3973//3973 3974//3974 3980//3980
f 3973//3973 3980//3980 3979//3979
f 3974//3974 3975//3975 3981//3981
f 3974//3974 3981//3981 3980//3980
f 3975//3975 3971//3971 3977//3977
f 3975//3975 3977//3977 3981//3981
f 3977//3977 3976//3976 3982//3982
f 3977//3977 3982//3982 3983//3983
f 3976//3976 3978//3978 3984//3984
f 3976//3976 3984//3984 3982//3982
f 3978//3978 3979//3979 3985//3985
f 3978//3978 3985//3985 3984//3984
f 3979//3979 3980//3980 3986//3986
f 3979//3979 3986//3986 3985//3985
f 3980//3980 3981//3981 3987//3987
f 3980//3980 3987//3987 3986//3986
f 3981//3981 3977//3977 3983//3983
f 3981//3981 3983//3983 3987//3987
f 3983//3983 3982//3982 3988//3988
f 3983//3983 3988//3988 3989//3989
f 3982//3982 3984//3984 3990//3990
f 3982//3982 3990//3990 3988//3988
f 3984//3984 3985//3985 3991//3991
f 3984//3984 3991//3991 3990//3990
f 3985//3985 3986//3986 3992//3992
f 3985//3985 3992//3992 3991//3991
f 3986//3986 3987//3987 3993//3993
f 3986//3986 3993//3993 3992//3992
f 3987//3987 3983//3983 3989//3989
f 3987//3987 3989//3989 3993//3993
f 3989//3989 3988//3988 3994//3994
f 3989//3989 3994//3994 3995//3995
f 3988//3988 3990//3990 3996//3996
f 3988//3988 3996//3996 3994//3994
f 3990//3990 3991//3991 3997//3997
f 3990//3990 3997//3997 3996//3996
f 3991//3991 3992//3992 3998//3998
f 3991//3991 3998//3998 3997//3997
f 3992//3992 3993//3993 3999//3999
f 3992//3992 3999//3999 3998//3998
f 3993//3993 3989//3989 3995//3995
f 3993//3993 3995//3995 3999//3999
f 3995//3995 3994//3994 4000//4000
f 3995//3995 4000//4000 4001//4001
f 3994//3994 3996//3996 4002//4002
f 3994//3994 4002//4002 4000//4000
f 3996//3996 3997//3997 4003//4003
f 3996//3996 4003//4003 4002//4002
f 3997//3997 3998//3998 4004//4004
f 3997//3997 4004//4004 4003//4003
f 3998//3998 3999//3999 4005//4005
f 3998//3998 4005//4005 4004//4004
f 3999//3999 3995//3995 4001//4001
f 3999//3999 4001//4001 4005//4005
f 4001//4001 4000//4000 4006//4006
f 4001//4001 4006//4006 4007//4007
f 4000//4000 4002//4002 4008//4008
f 4000//4000 4008//4008 4006//4006
f 4002//4002 4003//4003 4009//4009
f 4002//4002 4009//4009 4008//4008
f 4003//4003 4004//4004 4010//4010
f 4003//4003 4010//4010 4009//4009
f 4004//4004 4005//4005 4011//4011
f 4004//4004 4011//4011 4010//4010
f 4005//4005 4001//4001 4007//4007
f 4005//4005 4007//4007 4011//4011
f 4007//4007 4006//4006 4012//4012
f 4007//4007 4012//4012 4013//4013
f 4006//4006 4008//4008 4014//4014
f 4006//4006 4014//4014 4012//4012
f 4008//4008 4009//4009 4015//4015
f 4008//4008 4015//4015 4014//4014
f 4009//4009 4010//4010 4016//4016
f 4009//4009 4016//4016 4015//4015
f 4010//4010 4011//4011 4017//4017
f 4010//4010 4017//4017 4016//4016
f 4011//4011 4007//4007 4013//4013
f 4011//4011 4013//4013 4017//4017
f 4013//4013 4012//4012 4018//4018
f 4013//4013 4018//4018 4019//4019
f 4012//4012 4014//4014 4020//4020
f 4012//4012 4020//4020 4018//4018
f 4014//4014 4015//4015 4021//4021
f 4014//4014 4021//4021 4020//4020
f 4015//4015 4016//4016 4022//4022
f 4015//4015 4022//4022 4021//4021
f 4016//4016 4017//4017 4023//4023
f 4016//4016 4023//4023 4022//4022
f 4017//4017 4013//4013 4019//4019
f 4017//4017 4019//4019 4023//4023
f 4019//4019 4018//4018 4024//4024
f 4019//4019 4024//4024 4025//4025
f 4018//4018 4020//4020 4026//4026
f 4018//4018 4026//4026 4024//4024
f 4020//4020 4021//4021 4027//4027
f 4020//4020 4027//4027 4026//4026
f 4021//4021 4022//4022 4028//4028
f 4021//4021 4028//4028 4027//4027
f 4022//4022 4023//4023 4029//4029
f 4022//4022 4029//4029 4028//4028
f 4023//4023 4019//4019 4025//4025
f 4023//4023 4025//4025 4029//4029
f 4025//4025 4024//4024 4030//4030
f 4025//4025 4030//4030 4031//4031
f 4024//4024 4026//4026 4032//4032
f 4024//4024 4032//4032 4030//4030
f 4026//4026 4027//4027 4033//4033
f 4026//4026 4033//4033 4032//4032
f 4027//4027 4028//4028 4034//4034
f 4027//4027 4034//4034 4033//4033
f 4028//4028 4029//4029 4035//4035
f 4028//4028 4035//4035 4034//4034
f 4029//4029 4025//4025 4031//4031
f 4029//4029 4031//4031 4035//4035
f 4031//4031 4030//4030 4036//4036
f 4031//4031 4036//4036 4037//4037
f 4030//4030 4032//4032 4038//4038
f 4030//4030 4038//4038 4036//4036
f 4032//4032 4033//4033 4039//4039
f 4032//4032 4039//4039 4038//4038
f 4033//4033 4034//4034 4040//4040
f 4033//4033 4040//4040 4039//4039
f 4034//4034 4035//4035 4041//4041
f 4034//4034 4041//4041 4040//4040
f 4035//4035 4031//4031 4037//4037
f 4035//4035 4037//4037 4041//4041
f 4037//4037 4036//4036 4042//4042
f 4037//4037 4042//4042 4043//4043
f 4036//4036 4038//4038 4044//4044
f 4036//4036 4044//4044 4042//4042
f 4038//4038 4039//4039 4045//4045
f 4038//4038 4045//4045 4044//4044
f 4039//4039 4040//4040 4046//4046
f 4039//4039 4046//4046 4045//4045
f 4040//4040 4041//4041 4047//4047
f 4040//4040 4047//4047 4046//4046
f 4041//4041 4037//4037 4043//4043
f 4041//4041 4043//4043 4047//4047
f 4043//4043 4042//4042 4048//4048
f 4043//4043 4048//4048 4049//4049
f 4042//4042 4044//4044 4050//4050
f 4042//4042 4050//4050 4048//4048
f 4044//4044 4045//4045 4051//4051
f 4044//4044 4051//4051 4050//4050
f 4045//4045 4046//4046 4052//4052
f 4045//4045 4052//4052 4051//4051
f 4046//4046 4047//4047 4053//4053
f 4046//4046 4053//4053 4052//4052
f 4047//4047 4043//4043 4049//4049
f 4047//4047 4049//4049 4053//4053
f 4049//4049 4048//4048 4054//4054
f 4049//4049 4054//4054 4055//4055
f 4048//4048 4050//4050 4056//4056
f 4048//4048 4056//4056 4054//4054
f 4050//4050 4051//4051 4057//4057
f 4050//4050 4057//4057 4056//4056
f 4051//4051 4052//4052 4058//4058
f 4051//4051 4058//4058 4057//4057
f 4052//4052 4053//4053 4059//4059
f 4052//4052 4059//4059 4058//4058
f 4053//4053 4049//4049 4055//4055
f 4053//4053 4055//4055 4059//4059
f 4055//4055 4054//4054 4060//4060
f 4055//4055 4060//4060 4061//4061
f 4054//4054 4056//4056 4062//4062
f 4054//4054 4062//4062 4060//4060
f 4056//4056 4057//4057 4063//4063
f 4056//4056 4063//4063 4062//4062
f 4057//4057 4058//4058 4064//4064
f 4057//4057 4064//4064 4063//4063
f 4058//4058 4059//4059 4065//4065
f 4058//4058 4065//4065 4064//4064
f 4059//4059 4055//4055 4061//4061
f 4059//4059 4061//4061 4065//4065
f 4061//4061 4060//4060 4066//4066
f 4061//4061 4066//4066 4067//4067
f 4060//4060 4062//4062 4068//4068
f 4060//4060 4068//4068 4066//4066
f 4062//4062 4063//4063 4069//4069
f 4062//4062 4069//4069 4068//4068
f 4063//4063 4064//4064 4070//4070
f 4063//4063 4070//4070 4069//4069
f 4064//4064 4065//4065 4071//4071
f 4064//4064 4071//4071 4070//4070
f 4065//4065 4061//4061 4067//4067
f 4065//4065 4067//4067 4071//4071
f 4067//4067 4066//4066 4072//4072
f 4067//4067 4072//4072 4073//4073
f 4066//4066 4068//4068 4074//4074
f 4066//4066 4074//4074 4072//4072
f 4068//4068 4069//4069 4075//4075
f 4068//4068 4075//4075 4074//4074
f 4069//4069 4070//4070 4076//4076
f 4069//4069 4076//4076 4075//4075
f 4070//4070 4071//4071 4077//4077
f 4070//4070 4077//4077 4076//4076
f 4071//4071 4067//4067 4073//4073
f 4071//4071 4073//4073 4077//4077
f 4073//4073 4072//4072 4078//4078
f 4073//4073 4078//4078 4079//4079
f 4072//4072 4074//4074 4080//4080
f 4072//4072 4080//4080 4078//4078
f 4074//4074 4075//4075 4081//4081
f 4074//4074 4081//4081 4080//4080
f 4075//4075 4076//4076 4082//4082
f 4075//4075 4082//4082 4081//4081
f 4076//4076 4077//4077 4083//4083
f 4076//4076 4083//4083 4082//4082
f 4077//4077 4073//4073 4079//4079
f 4077//4077 4079//4079 4083//4083
f 4079//4079 4078//4078 4084//4084
f 4079//4079 4084//4084 4085//4085
f 4078//4078 4080//4080 4086//4086
f 4078//4078 4086//4086 4084//4084
f 4080//4080 4081//4081 4087//4087
f 4080//4080 4087//4087 4086//4086
f 4081//4081 4082//4082 4088//4088
f 4081//4081 4088//4088 4087//4087
f 4082//4082 4083//4083 4089//4089
f 4082//4082 4089//4089 4088//4088
f 4083//4083 4079//4079 4085//4085
f 4083//4083 4085//4085 4089//4089
f 4085//4085 4084//4084 4090//4090
f 4085//4085 4090//4090 4091//4091
f 4084//4084 4086//4086 4092//4092
f 4084//4084 4092//4092 4090//4090
f 4086//4086 4087//4087 4093//4093
f 4086//4086 4093//4093 4092//4092
f 4087//4087 4088//4088 4094//4094
f 4087//4087 4094//4094 4093//4093
f 4088//4088 4089//4089 4095//4095
f 4088//4088 4095//4095 4094//4094
f 4089//4089 4085//4085 4091//4091
f 4089//4089 4091//4091 4095//4095
f 4091//4091 4090//4090 4096//4096
f 4091//4091 4096//4096 4097//4097
f 4090//4090 4092//4092 4098//4098
f 4090//4090 4098//4098 4096//4096
f 4092//4092 4093//4093 4099//4099
f 4092//4092 4099//4099 4098//4098
f 4093//4093 4094//4094 4100//4100
f 4093//4093 4100//4100 4099//4099
f 4094//4094 4095//4095 4101//4101
f 4094//4094 4101//4101 4100//4100
f 4095//4095 4091//4091 4097//4097
f 4095//4095 4097//4097 4101//4101
f 4097//4097 4096//4096 4102//4102
f 4097//4097 4102//4102 4103//4103
f 4096//4096 4098//4098 4104//4104
f 4096//4096 4104//4104 4102//4102
f 4098//4098 4099//4099 4105//4105
f 4098//4098 4105//4105 4104//4104
f 4099//4099 4100//4100 4106//4106
f 4099//4099 4106//4106 4105//4105
f 4100//4100 4101//4101 4107//4107
f 4100//4100 4107//4107 4106//4106
f 4101//4101 4097//4097 4103//4103
f 4101//4101 4103//4103 4107//4107
f 4103//4103 4102//4102 4108//4108
f 4103//4103 4108//4108 4109//4109
f 4102//4102 4104//4104 4110//4110
f 4102//4102 4110//4110 4108//4108
f 4104//4104 4105//4105 4111//4111
f 4104//4104 4111//4111 4110//4110
f 4105//4105 4106//4106 4112//4112
f 4105//4105 4112//4112 4111//4111
f 4106//4106 4107//4107 4113//4113
f 4106//4106 4113//4113 4112//4112
f 4107//4107 4103//4103 4109//4109
f 4107//4107 4109//4109 4113//4113
f 4109//4109 4108//4108 4114//4114
f 4109//4109 4114//4114 4115//4115
f 4108//4108 4110//4110 4116//4116
f 4108//4108 4116//4116 4114//4114
f 4110//4110 4111//4111 4117//4117
f 4110//4110 4117//4117 4116//4116
f 4111//4111 4112//4112 4118//4118
f 4111//4111 4118//4118 4117//4117
f 4112//4112 4113//4113 4119//4119
f 4112//4112 4119//4119 4118//4118
f 4113//4113 4109//4109 4115//4115
f 4113//4113 4115//4115 4119//4119
f 4115//4115 4114//4114 4120//4120
f 4115//4115 4120//4120 4121//4121
f 4114//4114 4116//4116 4122//4122
f 4114//4114 4122//4122 4120//4120
f 4116//4116 4117//4117 4123//4123
f 4116//4116 4123//4123 4122//4122
f 4117//4117 4118//4118 4124//4124
f 4117//4117 4124//4124 4123//4123
f 4118//4118 4119//4119 4125//4125
f 4118//4118 4125//4125 4124//4124
f 4119//4119 4115//4115 4121//4121
f 4119//4119 4121//4121 4125//4125
f 4121//4121 4120//4120 4126//4126
f 4121//4121 4126//4126 4127//4127
f 4120//4120 4122//4122 4128//4128
f 4120//4120 4128//4128 4126//4126
f 4122//4122 4123//4123 4129//4129
f 4122//4122 4129//4129 4128//4128
f 4123//4123 4124//4124 4130//4130
f 4123//4123 4130//4130 4129//4129
f 4124//4124 4125//4125 4131//4131
f 4124//4124 4131//4131 4130//4130
f 4125//4125 4121//4121 4127//4127
f 4125//4125 4127//4127 4131//4131
f 4127//4127 4126//4126 4132//4132
f 4127//4127 4132//4132 4133//4133
f 4126//4126 4128//4128 4134//4134
f 4126//4126 4134//4134 4132//4132
f 4128//4128 4129//4129 4135//4135
f 4128//4128 4135//4135 4134//4134
f 4129//4129 4130//4130 4136//4136
f 4129//4129 4136//4136 4135//4135
f 4130//4130 4131//4131 4137//4137
f 4130//4130 4137//4137 4136//4136
f 4131//4131 4127//4127 4133//4133
f 4131//4131 4133//4133 4137//4137
f 4133//4133 4132//4132 4138//4138
f 4133//4133 4138//4138 4139//4139
f 4132//4132 4134//4134 4140//4140
f 4132//4132 4140//4140 4138//4138
f 4134//4134 4135//4135 4141//4141
f 4134//4134 4141//4141 4140//4140
f 4135//4135 4136//4136 4142//4142
f 4135//4135 4142//4142 4141//4141
f 4136//4136 4137//4137 4143//4143
f 4136//4136 4143//4143 4142//4142
f 4137//4137 4133//4133 4139//4139
f 4137//4137 4139//4139 4143//4143
f 4139//4139 4138//4138 4144//4144
f 4139//4139 4144//4144 4145//4145
f 4138//4138 4140//4140 4146//4146
f 4138//4138 4146//4146 4144//4144
f 4140//4140 4141//4141 4147//4147
f 4140//4140 4147//4147 4146//4146
f 4141//4141 4142//4142 4148//4148
f 4141//4141 4148//4148 4147//4147
f 4142//4142 4143//4143 4149//4149
f 4142//4142 4149//4149 4148//4148
f 4143//4143 4139//4139 4145//4145
f 4143//4143 4145//4145 4149//4149
f 4145//4145 4144//4144 4150//4150
f 4145//4145 4150//4150 4151//4151
f 4144//4144 4146//4146 4152//4152
f 4144//4144 4152//4152 4150//4150
f 4146//4146 4147//4147 4153//4153
f 4146//4146 4153//4153 4152//4152
f 4147//4147 4148//4148 4154//4154
f 4147//4147 4154//4154 4153//4153
f 4148//4148 4149//4149 4155//4155
f 4148//4148 4155//4155 4154//4154
f 4149//4149 4145//4145 4151//4151
f 4149//4149 4151//4151 4155//4155
f 4151//4151 4150//4150 4156//4156
f 4151//4151 4156//4156 4157//4157
f 4150//4150 4152//4152 4158//4158
f 4150//4150 4158//4158 4156//4156
f 4152//4152 4153//4153 4159//4159
f 4152//4152 4159//4159 4158//4158
f 4153//4153 4154//4154 4160//4160
f 4153//4153 4160//4160 4159//4159
f 4154//4154 4155//4155 4161//4161
f 4154//4154 4161//4161 4160//4160
f 4155//4155 4151//4151 4157//4157
f 4155//4155 4157//4157 4161//4161
f 4157//4157 4156//4156 4162//4162
f 4157//4157 4162//4162 4163//4163
f 4156//4156 4158//4158 4164//4164
f 4156//4156 4164//4164 4162//4162
f 4158//4158 4159//4159 4165//4165
f 4158//4158 4165//4165 4164//4164
f 4159//4159 4160//4160 4166//4166
f 4159//4159 4166//4166 4165//4165
f 4160//4160 4161//4161 4167//4167
f 4160//4160 4167//4167 4166//4166
f 4161//4161 4157//4157 4163//4163
f 4161//4161 4163//4163 4167//4167
f 4163//4163 4162//4162 4168//4168
f 4163//4163 4168//4168 4169//4169
f 4162//4162 4164//4164 4170//4170
f 4162//4162 4170//4170 4168//4168
f 4164//4164 4165//4165 4171//4171
f 4164//4164 4171//4171 4170//4170
f 4165//4165 4166//4166 4172//4172
f 4165//4165 4172//4172 4171//4171
f 4166//4166 4167//4167 4173//4173
f 4166//4166 4173//4173 4172//4172
f 4167//4167 4163//4163 4169//4169
f 4167//4167 4169//4169 4173//4173
f 4169//4169 4168//4168 4174//4174
f 4169//4169 4174//4174 4175//4175
f 4168//4168 4170//4170 4176//4176
f 4168//4168 4176//4176 4174//4174
f 4170//4170 4171//4171 4177//4177
f 4170//4170 4177//4177 4176//4176
f 4171//4171 4172//4172 4178//4178
f 4171//4171 4178//4178 4177//4177
f 4172//4172 4173//4173 4179//4179
f 4172//4172 4179//4179 4178//4178
f 4173//4173 4169//4169 4175//4175
f 4173//4173 4175//4175 4179//4179
f 4175//4175 4174//4174 4180//4180
f 4175//4175 4180//4180 4181//4181
f 4174//4174 4176//4176 4182//4182
f 4174//4174 4182//4182 4180//4180
f 4176//4176 4177//4177 4183//4183
f 4176//4176 4183//4183 4182//4182
f 4177//4177 4178//4178 4184//4184
f 4177//4177 4184//4184 4183//4183
f 4178//4178 4179//4179 4185//4185
f 4178//4178 4185//4185 4184//4184
f 4179//4179 4175//4175 4181//4181
f 4179//4179 4181//4181 4185//4185
f 4181//4181 4180//4180 4186//4186
f 4181//4181 4186//4186 4187//4187
f 4180//4180 4182//4182 4188//4188
f 4180//4180 4188//4188 4186//4186
f 4182//4182 4183//4183 4189//4189
f 4182//4182 4189//4189 4188//4188
f 4183//4183 4184//4184 4190//4190
f 4183//4183 4190//4190 4189//4189
f 4184//4184 4185//4185 4191//4191
f 4184//4184 4191//4191 4190//4190
f 4185//4185 4181//4181 4187//4187
f 4185//4185 4187//4187 4191//4191
f 4187//4187 4186//4186 4192//4192
f 4187//4187 4192//4192 4193//4193
f 4186//4186 4188//4188 4194//4194
f 4186//4186 4194//4194 4192//4192
f 4188//4188 4189//4189 4195//4195
f 4188//4188 4195//4195 4194//4194
f 4189//4189 4190//4190 4196//4196
f 4189//4189 4196//4196 4195//4195
f 4190//4190 4191//4191 4197//4197
f 4190//4190 4197//4197 4196//4196
f 4191//4191 4187//4187 4193//4193
f 4191//4191 4193//4193 4197//4197
f 4193//4193 4192//4192 4198//4198
f 4193//4193 4198//4198 4199//4199
f 4192//4192 4194//4194 4200//4200
f 4192//4192 4200//4200 4198//4198
f 4194//4194 4195//4195 4201//4201
f 4194//4194 4201//4201 4200//4200
f 4195//4195 4196//4196 4202//4202
f 4195//4195 4202//4202 4201//4201
f 4196//4196 4197//4197 4203//4203
f 4196//4196 4203//4203 4202//4202
f 4197//4197 4193//4193 4199//4199
f 4197//4197 4199//4199 4203//4203
f 4199//4199 4198//4198 4204//4204
f 4199//4199 4204//4204 4205//4205
f 4198//4198 4200//4200 4206//4206
f 4198//4198 4206//4206 4204//4204
f 4200//4200 4201//4201 4207//4207
f 4200//4200 4207//4207 4206//4206
f 4201//4201 4202//4202 4208//4208
f 4201//4201 4208//4208 4207//4207
f 4202//4202 4203//4203 4209//4209
f 4202//4202 4209//4209 4208//4208
f 4203//4203 4199//4199 4205//4205
f 4203//4203 4205//4205 4209//4209
f 4205//4205 4204//4204 4210//4210
f 4205//4205 4210//4210 4211//4211
f 4204//4204 4206//4206 4212//4212
f 4204//4204 4212//4212 4210//4210
f 4206//4206 4207//4207 4213//4213
f 4206//4206 4213//4213 4212//4212
f 4207//4207 4208//4208 4214//4214
f 4207//4207 4214//4214 4213//4213
f 4208//4208 4209//4209 4215//4215
f 4208//4208 4215//4215 4214//4214
f 4209//4209 4205//4205 4211//4211
f 4209//4209 4211//4211 4215//4215
f 4211//4211 4210//4210 4216//4216
f 4211//4211 4216//4216 4217//4217
f 4210//4210 4212//4212 4218//4218
f 4210//4210 4218//4218 4216//4216
f 4212//4212 4213//4213 4219//4219
f 4212//4212 4219//4219 4218//4218
f 4213//4213 4214//4214 4220//4220
f 4213//4213 4220//4220 4219//4219
f 4214//4214 4215//4215 4221//4221
f 4214//4214 4221//4221 4220//4220
f 4215//4215 4211//4211 4217//4217
f 4215//4215 4217//4217 4221//4221
f 4217//4217 4216//4216 4222//4222
f 4217//4217 4222//4222 4223//4223
f 4216//4216 4218//4218 4224//4224
f 4216//4216 4224//4224 4222//4222
f 4218//4218 4219//4219 4225//4225
f 4218//4218 4225//4225 4224//4224
f 4219//4219 4220//4220 4226//4226
f 4219//4219 4226//4226 4225//4225
f 4220//4220 4221//4221 4227//4227
f 4220//4220 4227//4227 4226//4226
f 4221//4221 4217//4217 4223//4223
f 4221//4221 4223//4223 4227//4227
f 4223//4223 4222//4222 4228//4228
f 4223//4223 4228//4228 4229//4229
f 4222//4222 4224//4224 4230//4230
f 4222//4222 4230//4230 4228//4228
f 4224//4224 4225//4225 4231//4231
f 4224//4224 4231//4231 4230//4230
f 4225//4225 4226//4226 4232//4232
f 4225//4225 4232//4232 4231//4231
f 4226//4226 4227//4227 4233//4233
f 4226//4226 4233//4233 4232//4232
f 4227//4227 4223//4223 4229//4229
f 4227//4227 4229//4229 4233//4233
f 4229//4229 4228//4228 4234//4234
f 4229//4229 4234//4234 4235//4235
f 4228//4228 4230//4230 4236//4236
f 4228//4228 4236//4236 4234//4234
f 4230//4230 4231//4231 4237//4237
f 4230//4230 4237//4237 4236//4236
f 4231//4231 4232//4232 4238//4238
f 4231//4231 4238//4238 4237//4237
f 4232//4232 4233//4233 4239//4239
f 4232//4232 4239//4239 4238//4238
f 4233//4233 4229//4229 4235//4235
f 4233//4233 4235//4235 4239//4239
f 4235//4235 4234//4234 4240//4240
f 4235//4235 4240//4240 4241//4241
f 4234//4234 4236//4236 4242//4242
f 4234//4234 4242//4242 4240//4240
f 4236//4236 4237//4237 4243//4243
f 4236//4236 4243//4243 4242//4242
f 4237//4237 4238//4238 4244//4244
f 4237//4237 4244//4244 4243//4243
f 4238//4238 4239//4239 4245//4245
f 4238//4238 4245//4245 4244//4244
f 4239//4239 4235//4235 4241//4241
f 4239//4239 4241//4241 4245//4245
f 4241//4241 4240//4240 4242//4242
f 4241//4241 4242//4242 4243//4243
f 4241//4241 4243//4243 4244//4244
f 4241//4241 4244//4244 4245//4245
usemtl color_9
f 4246//4246 4247//4247 4248//4248
f 4246//4246 4248//4248 4249//4249
f 4246//4246 4249//4249 4250//4250
f 4246//4246 4250//4250 4251//4251
f 4246//4246 4251//4251 4252//4252
f 4246//4246 4252//4252 4253//4253
f 4246//4246 4253//4253 4254//4254
f 4246//4246 4254//4254 4255//4255
f 4246//4246 4255//4255 4256//4256
f 4246//4246 4256//4256 4257//4257
f 4246//4246 4257//4257 4258//4258
f 4246//4246 4258//4258 4259//4259
f 4246//4246 4259//4259 4260//4260
f 4246//4246 4260//4260 4261//4261
f 4246//4246 4261//4261 4262//4262
f 4246//4246 4262//4262 4263//4263
f 4246//4246 4263//4263 4264//4264
f 4246//4246 4264//4264 4265//4265
f 4246//4246 4265//4265 4266//4266
f 4246//4246 4266//4266 4247//4247
f 4247//4247 4267//4267 4268//4268
f 4247//4247 4268//4268 4248//4248
f 4248//4248 4268//4268 4269//4269
f 4248//4248 4269//4269 4249//4249
f 4249//4249 4269//4269 4270//4270
f 4249//4249 4270//4270 4250//4250
f 4250//4250 4270//4270 4271//4271
f 4250//4250 4271//4271 4251//4251
f 4251//4251 4271//4271 4272//4272
f 4251//4251 4272//4272 4252//4252
f 4252//4252 4272//4272 4273//4273
f 4252//4252 4273//4273 4253//4253
f 4253//4253 4273//4273 4274//4274
f 4253//4253 4274//4274 4254//4254
f 4254//4254 4274//4274 4275//4275
f 4254//4254 4275//4275 4255//4255
f 4255//4255 4275//4275 4276//4276
f 4255//4255 4276//4276 4256//4256
f 4256//4256 4276//4276 4277//4277
f 4256//4256 4277//4277 4257//4257
f 4257//4257 4277//4277 4278//4278
f 4257//4257 4278//4278 4258//4258
f 4258//4258 4278//4278 4279//4279
f 4258//4258 4279//4279 4259//4259
f 4259//4259 4279//4279 4280//4280
f 4259//4259 4280//4280 4260//4260
f 4260//4260 4280//4280 4281//4281
f 4260//4260 4281//4281 4261//4261
f 4261//4261 4281//4281 4282//4282
f 4261//4261 4282//4282 4262//4262
f 4262//4262 4282//4282 4283//4283
f 4262//4262 4283//4283 4263//4263
f 4263//4263 4283//4283 4284//4284
f 4263//4263 4284//4284 4264//4264
f 4264//4264 4284//4284 4285//4285
f 4264//4264 4285//4285 4265//4265
f 4265//4265 4285//4285 4286//4286
f 4265//4265 4286//4286 4266//4266
f 4266//4266 4286//4286 4267//4267
f 4266//4266 4267//4267 4247//4247
f 4267//4267 4287//4287 4288//4288
f 4267//4267 4288//4288 4268//4268
f 4268//4268 4288//4288 4289//4289
f 4268//4268 4289//4289 4269//4269
f 4269//4269 4289//4289 4290//4290
f 4269//4269 4290//4290 4270//4270
f 4270//4270 4290//4290 4291//4291
f 4270//4270 4291//4291 4271//4271
f 4271//4271 4291//4291 4292//4292
f 4271//4271 4292//4292 4272//4272
f 4272//4272 4292//4292 4293//4293
f 4272//4272 4293//4293 4273//4273
f 4273//4273 4293//4293 4294//4294
f 4273//4273 4294//4294 4274//4274
f 4274//4274 4294//4294 4295//4295
f 4274//4274 4295//4295 4275//4275
f 4275//4275 4295//4295 4296//4296
f 4275//4275 4296//4296 4276//4276
f 4276//4276 4296//4296 4297//4297
f 4276//4276 4297//4297 4277//4277
f 4277//4277 4297//4297 4298//4298
f 4277//4277 4298//4298 4278//4278
f 4278//4278 4298//4298 4299//4299
f 4278//4278 4299//4299 4279//4279
f 4279//4279 4299//4299 4300//4300
f 4279//4279 4300//4300 4280//4280
f 4280//4280 4300//4300 4301//4301
f 4280//4280 4301//4301 4281//4281
f 4281//4281 4301//4301 4302//4302
f 4281//4281 4302//4302 4282//4282
f 4282//4282 4302//4302 4303//4303
f 4282//4282 4303//4303 4283//4283
f 4283//4283 4303//4303 4304//4304
f 4283//4283 4304//4304 4284//4284
f 4284//4284 4304//4304 4305//4305
f 4284//4284 4305//4305 4285//4285
f 4285//4285 4305//4305 4306//4306
f 4285//4285 4306//4306 4286//4286
f 4286//4286 4306//4306 4287//4287
f 4286//4286 4287//4287 4267//4267
f 4287//4287 4307//4307 4308//4308
f 4287//4287 4308//4308 4288//4288
f 4288//4288 4308//4308 4309//4309
f 4288//4288 4309//4309 4289//4289
f 4289//4289 4309//4309 4310//4310
f 4289//4289 4310//4310 4290//4290
f 4290//4290 4310//4310 4311//4311
f 4290//4290 4311//4311 4291//4291
f 4291//4291 4311//4311 4312//4312
f 4291//4291 4312//4312 4292//4292
f 4292//4292 4312//4312 4313//4313
f 4292//4292 4313//4313 4293//4293
f 4293//4293 4313//4313 4314//4314
f 4293//4293 4314//4314 4294//4294
f 4294//4294 4314//4314 4315//4315
f 4294//4294 4315//4315 4295//4295
f 4295//4295 4315//4315 4316//4316
f 4295//4295 4316//4316 4296//4296
f 4296//4296 4316//4316 4317//4317
f 4296//4296 4317//4317 4297//4297
f 4297//4297 4317//4317 4318//4318
f 4297//4297 4318//4318 4298//4298
f 4298//4298 4318//4318 4319//4319
f 4298//4298 4319//4319 4299//4299
f 4299//4299 4319//4319 4320//4320
f 4299//4299 4320//4320 4300//4300
f 4300//4300 4320//4320 4321//4321
f 4300//4300 4321//4321 4301//4301
f 4301//4301 4321//4321 4322//4322
f 4301//4301 4322//4322 4302//4302
f 4302//4302 4322//4322 4323//4323
f 4302//4302 4323//4323 4303//4303
f 4303//4303 4323//4323 4324//4324
f 4303//4303 4324//4324 4304//4304
f 4304//4304 4324//4324 4325//4325
f 4304//4304 4325//4325 4305//4305
f 4305//4305 4325//4325 4326//4326
f 4305//4305 4326//4326 4306//4306
f 4306//4306 4326//4326 4307//4307
f 4306//4306 4307//4307 4287//4287
f 4307//4307 4327//4327 4328//4328
f 4307//4307 4328//4328 4308//4308
f 4308//4308 4328//4328 4329//4329
f 4308//4308 4329//4329 4309//4309
f 4309//4309 4329//4329 4330//4330
f 4309//4309 4330//4330 4310//4310
f 4310//4310 4330//4330 4331//4331
f 4310//4310 4331//4331 4311//4311
f 4311//4311 4331//4331 4332//4332
f 4311//4311 4332//4332 4312//4312
f 4312//4312 4332//4332 4333//4333
f 4312//4312 4333//4333 4313//4313
f 4313//4313 4333//4333 4334//4334
f 4313//4313 4334//4334 4314//4314
f 4314//4314 4334//4334 4335//4335
f 4314//4314 4335//4335 4315//4315
f 4315//4315 4335//4335 4336//4336
f 4315//4315 4336//4336 4316//4316
f 4316//4316 4336//4336 4337//4337
f 4316//4316 4337//4337 4317//4317
f 4317//4317 4337//4337 4338//4338
f 4317//4317 4338//4338 4318//4318
f 4318//4318 4338//4338 4339//4339
f 4318//4318 4339//4339 4319//4319
f 4319//4319 4339//4339 4340//4340
f 4319//4319 4340//4340 4320//4320
f 4320//4320 4340//4340 4341//4341
f 4320//4320 4341//4341 4321//4321
f 4321//4321 4341//4341 4342//4342
f 4321//4321 4342//4342 4322//4322
f 4322//4322 4342//4342 4343//4343
f 4322//4322 4343//4343 4323//4323
f 4323//4323 4343//4343 4344//4344
f 4323//4323 4344//4344 4324//4324
f 4324//4324 4344//4344 4345//4345
f 4324//4324 4345//4345 4325//4325
f 4325//4325 4345//4345 4346//4346
f 4325//4325 4346//4346 4326//4326
f 4326//4326 4346//4346 4327//4327
f 4326//4326 4327//4327 4307//4307
f 4327//4327 4347//4347 4348//4348
f 4327//4327 4348//4348 4328//4328
f 4328//4328 4348//4348 4349//4349
f 4328//4328 4349//4349 4329//4329
f 4329//4329 4349//4349 4350//4350
f 4329//4329 4350//4350 4330//4330
f 4330//4330 4350//4350 4351//4351
f 4330//4330 4351//4351 4331//4331
f 4331//4331 4351//4351 4352//4352
f 4331//4331 4352//4352 4332//4332
f 4332//4332 4352//4352 4353//4353
f 4332//4332 4353//4353 4333//4333
f 4333//4333 4353//4353 4354//4354
f 4333//4333 4354//4354 4334//4334
f 4334//4334 4354//4354 4355//4355
f 4334//4334 4355//4355 4335//4335
f 4335//4335 4355//4355 4356//4356
f 4335//4335 4356//4356 4336//4336
f 4336//4336 4356//4356 4357//4357
f 4336//4336 4357//4357 4337//4337
f 4337//4337 4357//4357 4358//4358
f 4337//4337 4358//4358 4338//4338
f 4338//4338 4358//4358 4359//4359
f 4338//4338 4359//4359 4339//4339
f 4339//4339 4359//4359 4360//4360
f 4339//4339 4360//4360 4340//4340
f 4340//4340 4360//4360 4361//4361
f 4340//4340 4361//4361 4341//4341
f 4341//4341 4361//4361 4362//4362
f 4341//4341 4362//4362 4342//4342
f 4342//4342 4362//4362 4363//4363
f 4342//4342 4363//4363 4343//4343
f 4343//4343 4363//4363 4364//4364
f 4343//4343 4364//4364 4344//4344
f 4344//4344 4364//4364 4365//4365
f 4344//4344 4365//4365 4345//4345
f 4345//4345 4365//4365 4366//4366
f 4345//4345 4366//4366 4346//4346
f 4346//4346 4366//4366 4347//4347
f 4346//4346 4347//4347 4327//4327
f 4347//4347 4367//4367 4368//4368
f 4347//4347 4368//4368 4348//4348
f 4348//4348 4368//4368 4369//4369
f 4348//4348 4369//4369 4349//4349
f 4349//4349 4369//4369 4370//4370
f 4349//4349 4370//4370 4350//4350
f 4350//4350 4370//4370 4371//4371
f 4350//4350 4371//4371 4351//4351
f 4351//4351 4371//4371 4372//4372
f 4351//4351 4372//4372 4352//4352
f 4352//4352 4372//4372 4373//4373
f 4352//4352 4373//4373 4353//4353
f 4353//4353 4373//4373 4374//4374
f 4353//4353 4374//4374 4354//4354
f 4354//4354 4374//4374 4375//4375
f 4354//4354 4375//4375 4355//4355
f 4355//4355 4375//4375 4376//4376
f 4355//4355 4376//4376 4356//4356
f 4356//4356 4376//4376 4377//4377
f 4356//4356 4377//4377 4357//4357
f 4357//4357 4377//4377 4378//4378
f 4357//4357 4378//4378 4358//4358
f 4358//4358 4378//4378 4379//4379
f 4358//4358 4379//4379 4359//4359
f 4359//4359 4379//4379 4380//4380
f 4359//4359 4380//4380 4360//4360
f 4360//4360 4380//4380 4381//4381
f 4360//4360 4381//4381 4361//4361
f 4361//4361 4381//4381 4382//4382
f 4361//4361 4382//4382 4362//4362
f 4362//4362 4382//4382 4383//4383
f 4362//4362 4383//4383 4363//4363
f 4363//4363 4383//4383 4384//4384
f 4363//4363 4384//4384 4364//4364
f 4364//4364 4384//4384 4385//4385
f 4364//4364 4385//4385 4365//4365
f 4365//4365 4385//4385 4386//4386
f 4365//4365 4386//4386 4366//4366
f 4366//4366 4386//4386 4367//4367
f 4366//4366 4367//4367 4347//4347
f 4367//4367 4387//4387 4388//4388
f 4367//4367 4388//4388 4368//4368
f 4368//4368 4388//4388 4389//4389
f 4368//4368 4389//4389 4369//4369
f 4369//4369 4389//4389 4390//4390
f 4369//4369 4390//4390 4370//4370
f 4370//4370 4390//4390 4391//4391
f 4370//4370 4391//4391 4371//4371
f 4371//4371 4391//4391 4392//4392
f 4371//4371 4392//4392 4372//4372
f 4372//4372 4392//4392 4393//4393
f 4372//4372 4393//4393 4373//4373
f 4373//4373 4393//4393 4394//4394
f 4373//4373 4394//4394 4374//4374
f 4374//4374 4394//4394 4395//4395
f 4374//4374 4395//4395 4375//4375
f 4375//4375 4395//4395 4396//4396
f 4375//4375 4396//4396 4376//4376
f 4376//4376 4396//4396 4397//4397
f 4376//4376 4397//4397 4377//4377
f 4377//4377 4397//4397 4398//4398
f 4377//4377 4398//4398 4378//4378
f 4378//4378 4398//4398 4399//4399
f 4378//4378 4399//4399 4379//4379
f 4379//4379 4399//4399 4400//4400
f 4379//4379 4400//4400 4380//4380
f 4380//4380 4400//4400 4401//4401
f 4380//4380 4401//4401 4381//4381
f 4381//4381 4401//4401 4402//4402
f 4381//4381 4402//4402 4382//4382
f 4382//4382 4402//4402 4403//4403
f 4382//4382 4403//4403 4383//4383
f 4383//4383 4403//4403 4404//4404
f 4383//4383 4404//4404 4384//4384
f 4384//4384 4404//4404 4405//4405
f 4384//4384 4405//4405 4385//4385
f 4385//4385 4405//4405 4406//4406
f 4385//4385 4406//4406 4386//4386
f 4386//4386 4406//4406 4387//4387
f 4386//4386 4387//4387 4367//4367
f 4387//4387 4407//4407 4388//4388
f 4388//4388 4407//4407 4389//4389
f 4389//4389 4407//4407 4390//4390
f 4390//4390 4407//4407 4391//4391
f 4391//4391 4407//4407 4392//4392
f 4392//4392 4407//4407 4393//4393
f 4393//4393 4407//4407 4394//4394
f 4394//4394 4407//4407 4395//4395
f 4395//4395 4407//4407 4396//4396
f 4396//4396 4407//4407 4397//4397
f 4397//4397 4407//4407 4398//4398
f 4398//4398 4407//4407 4399//4399
f 4399//4399 4407//4407 4400//4400
f 4400//4400 4407//4407 4401//4401
f 4401//4401 4407//4407 4402//4402
f 4402//4402 4407//4407 4403//4403
f 4403//4403 4407//4407 4404//4404
f 4404//4404 4407//4407 4405//4405
f 4405//4405 4407//4407 4406//4406
f 4406//4406 4407//4407 4387//4387
usemtl color_8
f 4408//4408 4409//4409 4410//4410
f 4408//4408 4410//4410 4411//4411
f 4408//4408 4411//4411 4412//4412
f 4408//4408 4412//4412 4413//4413
f 4413//4413 4412//4412 4414//4414
f 4413//4413 4414//4414 4415//4415
f 4412//4412 4411//4411 4416//4416
f 4412//4412 4416//4416 4414//4414
f 4411//4411 4410//4410 4417//4417
f 4411//4411 4417//4417 4416//4416
f 4410//4410 4409//4409 4418//4418
f 4410//4410 4418//4418 4417//4417
f 4409//4409 4408//4408 4419//4419
f 4409//4409 4419//4419 4418//4418
f 4408//4408 4413//4413 4415//4415
f 4408//4408 4415//4415 4419//4419
f 4415//4415 4414//4414 4420//4420
f 4415//4415 4420//4420 4421//4421
f 4414//4414 4416//4416 4422//4422
f 4414//4414 4422//4422 4420//4420
f 4416//4416 4417//4417 4423//4423
f 4416//4416 4423//4423 4422//4422
f 4417//4417 4418//4418 4424//4424
f 4417//4417 4424//4424 4423//4423
f 4418//4418 4419//4419 4425//4425
f 4418//4418 4425//4425 4424//4424
f 4419//4419 4415//4415 4421//4421
f 4419//4419 4421//4421 4425//4425
f 4421//4421 4420//4420 4426//4426
f 4421//4421 4426//4426 4427//4427
f 4420//4420 4422//4422 4428//4428
f 4420//4420 4428//4428 4426//4426
f 4422//4422 4423//4423 4429//4429
f 4422//4422 4429//4429 4428//4428
f 4423//4423 4424//4424 4430//4430
f 4423//4423 4430//4430 4429//4429
f 4424//4424 4425//4425 4431//4431
f 4424//4424 4431//4431 4430//4430
f 4425//4425 4421//4421 4427//4427
f 4425//4425 4427//4427 4431//4431
f 4427//4427 4426//4426 4432//4432
f 4427//4427 4432//4432 4433//4433
f 4426//4426 4428//4428 4434//4434
f 4426//4426 4434//4434 4432//4432
f 4428//4428 4429//4429 4435//4435
f 4428//4428 4435//4435 4434//4434
f 4429//4429 4430//4430 4436//4436
f 4429//4429 4436//4436 4435//4435
f 4430//4430 4431//4431 4437//4437
f 4430//4430 4437//4437 4436//4436
f 4431//4431 4427//4427 4433//4433
f 4431//4431 4433//4433 4437//4437
f 4433//4433 4432//4432 4438//4438
f 4433//4433 4438//4438 4439//4439
f 4432//4432 4434//4434 4440//4440
f 4432//4432 4440//4440 4438//4438
f 4434//4434 4435//4435 4441//4441
f 4434//4434 4441//4441 4440//4440
f 4435//4435 4436//4436 4442//4442
f 4435//4435 4442//4442 4441//4441
f 4436//4436 4437//4437 4443//4443
f 4436//4436 4443//4443 4442//4442
f 4437//4437 4433//4433 4439//4439
f 4437//4437 4439//4439 4443//4443
f 4439//4439 4438//4438 4444//4444
f 4439//4439 4444//4444 4445//4445
f 4438//4438 4440//4440 4446//4446
f 4438//4438 4446//4446 4444//4444
f 4440//4440 4441//4441 4447//4447
f 4440//4440 4447//4447 4446//4446
f 4441//4441 4442//4442 4448//4448
f 4441//4441 4448//4448 4447//4447
f 4442//4442 4443//4443 4449//4449
f 4442//4442 4449//4449 4448//4448
f 4443//4443 4439//4439 4445//4445
f 4443//4443 4445//4445 4449//4449
f 4445//4445 4444//4444 4450//4450
f 4445//4445 4450//4450 4451//4451
f 4444//4444 4446//4446 4452//4452
f 4444//4444 4452//4452 4450//4450
f 4446//4446 4447//4447 4453//4453
f 4446//4446 4453//4453 4452//4452
f 4447//4447 4448//4448 4454//4454
f 4447//4447 4454//4454 4453//4453
f 4448//4448 4449//4449 4455//4455
f 4448//4448 4455//4455 4454//4454
f 4449//4449 4445//4445 4451//4451
f 4449//4449 4451//4451 4455//4455
f 4451//4451 4450//4450 4456//4456
f 4451//4451 4456//4456 4457//4457
f 4450//4450 4452//4452 4458//4458
f 4450//4450 4458//4458 4456//4456
f 4452//4452 4453//4453 4459//4459
f 4452//4452 4459//4459 4458//4458
f 4453//4453 4454//4454 4460//4460
f 4453//4453 4460//4460 4459//4459
f 4454//4454 4455//4455 4461//4461
f 4454//4454 4461//4461 4460//4460
f 4455//4455 4451//4451 4457//4457
f 4455//4455 4457//4457 4461//4461
f 4457//4457 4456//4456 4462//4462
f 4457//4457 4462//4462 4463//4463
f 4456//4456 4458//4458 4464//4464
f 4456//4456 4464//4464 4462//4462
f 4458//4458 4459//4459 4465//4465
f 4458//4458 4465//4465 4464//4464
f 4459//4459 4460//4460 4466//4466
f 4459//4459 4466//4466 4465//4465
f 4460//4460 4461//4461 4467//4467
f 4460//4460 4467//4467 4466//4466
f 4461//4461 4457//4457 4463//4463
f 4461//4461 4463//4463 4467//4467
f 4463//4463 4462//4462 4468//4468
f 4463//4463 4468//4468 4469//4469
f 4462//4462 4464//4464 4470//4470
f 4462//4462 4470//4470 4468//4468
f 4464//4464 4465//4465 4471//4471
f 4464//4464 4471//4471 4470//4470
f 4465//4465 4466//4466 4472//4472
f 4465//4465 4472//4472 4471//4471
f 4466//4466 4467//4467 4473//4473
f 4466//4466 4473//4473 4472//4472
f 4467//4467 4463//4463 4469//4469
f 4467//4467 4469//4469 4473//4473
f 4469//4469 4468//4468 4474//4474
f 4469//4469 4474//4474 4475//4475
f 4468//4468 4470//4470 4476//4476
f 4468//4468 4476//4476 4474//4474
f 4470//4470 4471//4471 4477//4477
f 4470//4470 4477//4477 4476//4476
f 4471//4471 4472//4472 4478//4478
f 4471//4471 4478//4478 4477//4477
f 4472//4472 4473//4473 4479//4479
f 4472//4472 4479//4479 4478//4478
f 4473//4473 4469//4469 4475//4475
f 4473//4473 4475//4475 4479//4479
f 4475//4475 4474//4474 4480//4480
f 4475//4475 4480//4480 4481//4481
f 4474//4474 4476//4476 4482//4482
f 4474//4474 4482//4482 4480//4480
f 4476//4476 4477//4477 4483//4483
f 4476//4476 4483//4483 4482//4482
f 4477//4477 4478//4478 4484//4484
f 4477//4477 4484//4484 4483//4483
f 4478//4478 4479//4479 4485//4485
f 4478//4478 4485//4485 4484//4484
f 4479//4479 4475//4475 4481//4481
f 4479//4479 4481//4481 4485//4485
f 4481//4481 4480//4480 4486//4486
f 4481//4481 4486//4486 4487//4487
f 4480//4480 4482//4482 4488//4488
f 4480//4480 4488//4488 4486//4486
f 4482//4482 4483//4483 4489//4489
f 4482//4482 4489//4489 4488//4488
f 4483//4483 4484//4484 4490//4490
f 4483//4483 4490//4490 4489//4489
f 4484//4484 4485//4485 4491//4491
f 4484//4484 4491//4491 4490//4490
f 4485//4485 4481//4481 4487//4487
f 4485//4485 4487//4487 4491//4491
f 4487//4487 4486//4486 4492//4492
f 4487//4487 4492//4492 4493//4493
f 4486//4486 4488//4488 4494//4494
f 4486//4486 4494//4494 4492//4492
f 4488//4488 4489//4489 4495//4495
f 4488//4488 4495//4495 4494//4494
f 4489//4489 4490//4490 4496//4496
f 4489//4489 4496//4496 4495//4495
f 4490//4490 4491//4491 4497//4497
f 4490//4490 4497//4497 4496//4496
f 4491//4491 4487//4487 4493//4493
f 4491//4491 4493//4493 4497//4497
f 4493//4493 4492//4492 4498//4498
f 4493//4493 4498//4498 4499//4499
f 4492//4492 4494//4494 4500//4500
f 4492//4492 4500//4500 4498//4498
f 4494//4494 4495//4495 4501//4501
f 4494//4494 4501//4501 4500//4500
f 4495//4495 4496//4496 4502//4502
f 4495//4495 4502//4502 4501//4501
f 4496//4496 4497//4497 4503//4503
f 4496//4496 4503//4503 4502//4502
f 4497//4497 4493//4493 4499//4499
f 4497//4497 4499//4499 4503//4503
f 4499//4499 4498//4498 4504//4504
f 4499//4499 4504//4504 4505//4505
f 4498//4498 4500//4500 4506//4506
f 4498//4498 4506//4506 4504//4504
f 4500//4500 4501//4501 4507//4507
f 4500//4500 4507//4507 4506//4506
f 4501//4501 4502//4502 4508//4508
f 4501//4501 4508//4508 4507//4507
f 4502//4502 4503//4503 4509//4509
f 4502//4502 4509//4509 4508//4508
f 4503//4503 4499//4499 4505//4505
f 4503//4503 4505//4505 4509//4509
f 4505//4505 4504//4504 4510//4510
f 4505//4505 4510//4510 4511//4511
f 4504//4504 4506//4506 4512//4512
f 4504//4504 4512//4512 4510//4510
f 4506//4506 4507//4507 4513//4513
f 4506//4506 4513//4513 4512//4512
f 4507//4507 4508//4508 4514//4514
f 4507//4507 4514//4514 4513//4513
f 4508//4508 4509//4509 4515//4515
f 4508//4508 4515//4515 4514//4514
f 4509//4509 4505//4505 4511//4511
f 4509//4509 4511//4511 4515//4515
f 4511//4511 4510//4510 4516//4516
f 4511//4511 4516//4516 4517//4517
f 4510//4510 4512//4512 4518//4518
f 4510//4510 4518//4518 4516//4516
f 4512//4512 4513//4513 4519//4519
f 4512//4512 4519//4519 4518//4518
f 4513//4513 4514//4514 4520//4520
f 4513//4513 4520//4520 4519//4519
f 4514//4514 4515//4515 4521//4521
f 4514//4514 4521//4521 4520//4520
f 4515//4515 4511//4511 4517//4517
f 4515//4515 4517//4517 4521//4521
f 4517//4517 4516//4516 4522//4522
f 4517//4517 4522//4522 4523//4523
f 4516//4516 4518//4518 4524//4524
f 4516//4516 4524//4524 4522//4522
f 4518//4518 4519//4519 4525//4525
f 4518//4518 4525//4525 4524//4524
f 4519//4519 4520//4520 4526//4526
f 4519//4519 4526//4526 4525//4525
f 4520//4520 4521//4521 4527//4527
f 4520//4520 4527//4527 4526//4526
f 4521//4521 4517//4517 4523//4523
f 4521//4521 4523//4523 4527//4527
f 4523//4523 4522//4522 4528//4528
f 4523//4523 4528//4528 4529//4529
f 4522//4522 4524//4524 4530//4530
f 4522//4522 4530//4530 4528//4528
f 4524//4524 4525//4525 4531//4531
f 4524//4524 4531//4531 4530//4530
f 4525//4525 4526//4526 4532//4532
f 4525//4525 4532//4532 4531//4531
f 4526//4526 4527//4527 4533//4533
f 4526//4526 4533//4533 4532//4532
f 4527//4527 4523//4523 4529//4529
f 4527//4527 4529//4529 4533//4533
f 4529//4529 4528//4528 4534//4534
f 4529//4529 4534//4534 4535//4535
f 4528//4528 4530//4530 4536//4536
f 4528//4528 4536//4536 4534//4534
f 4530//4530 4531//4531 4537//4537
f 4530//4530 4537//4537 4536//4536
f 4531//4531 4532//4532 4538//4538
f 4531//4531 4538//4538 4537//4537
f 4532//4532 4533//4533 4539//4539
f 4532//4532 4539//4539 4538//4538
f 4533//4533 4529//4529 4535//4535
f 4533//4533 4535//4535 4539//4539
f 4535//4535 4534//4534 4540//4540
f 4535//4535 4540//4540 4541//4541
f 4534//4534 4536//4536 4542//4542
f 4534//4534 4542//4542 4540//4540
f 4536//4536 4537//4537 4543//4543
f 4536//4536 4543//4543 4542//4542
f 4537//4537 4538//4538 4544//4544
f 4537//4537 4544//4544 4543//4543
f 4538//4538 4539//4539 4545//4545
f 4538//4538 4545//4545 4544//4544
f 4539//4539 4535//4535 4541//4541
f 4539//4539 4541//4541 4545//4545
f 4541//4541 4540//4540 4546//4546
f 4541//4541 4546//4546 4547//4547
f 4540//4540 4542//4542 4548//4548
f 4540//4540 4548//4548 4546//4546
f 4542//4542 4543//4543 4549//4549
f 4542//4542 4549//4549 4548//4548
f 4543//4543 4544//4544 4550//4550
f 4543//4543 4550//4550 4549//4549
f 4544//4544 4545//4545 4551//4551
f 4544//4544 4551//4551 4550//4550
f 4545//4545 4541//4541 4547//4547
f 4545//4545 4547//4547 4551//4551
f 4547//4547 4546//4546 4552//4552
f 4547//4547 4552//4552 4553//4553
f 4546//4546 4548//4548 4554//4554
f 4546//4546 4554//4554 4552//4552
f 4548//4548 4549//4549 4555//4555
f 4548//4548 4555//4555 4554//4554
f 4549//4549 4550//4550 4556//4556
f 4549//4549 4556//4556 4555//4555
f 4550//4550 4551//4551 4557//4557
f 4550//4550 4557//4557 4556//4556
f 4551//4551 4547//4547 4553//4553
f 4551//4551 4553//4553 4557//4557
f 4553//4553 4552//4552 4558//4558
f 4553//4553 4558//4558 4559//4559
f 4552//4552 4554//4554 4560//4560
f 4552//4552 4560//4560 4558//4558
f 4554//4554 4555//4555 4561//4561
f 4554//4554 4561//4561 4560//4560
f 4555//4555 4556//4556 4562//4562
f 4555//4555 4562//4562 4561//4561
f 4556//4556 4557//4557 4563//4563
f 4556//4556 4563//4563 4562//4562
f 4557//4557 4553//4553 4559//4559
f 4557//4557 4559//4559 4563//4563
f 4559//4559 4558//4558 4564//4564
f 4559//4559 4564//4564 4565//4565
f 4558//4558 4560//4560 4566//4566
f 4558//4558 4566//4566 4564//4564
f 4560//4560 4561//4561 4567//4567
f 4560//4560 4567//4567 4566//4566
f 4561//4561 4562//4562 4568//4568
f 4561//4561 4568//4568 4567//4567
f 4562//4562 4563//4563 4569//4569
f 4562//4562 4569//4569 4568//4568
f 4563//4563 4559//4559 4565//4565
f 4563//4563 4565//4565 4569//4569
f 4565//4565 4564//4564 4570//4570
f 4565//4565 4570//4570 4571//4571
f 4564//4564 4566//4566 4572//4572
f 4564//4564 4572//4572 4570//4570
f 4566//4566 4567//4567 4573//4573
f 4566//4566 4573//4573 4572//4572
f 4567//4567 4568//4568 4574//4574
f 4567//4567 4574//4574 4573//4573
f 4568//4568 4569//4569 4575//4575
f 4568//4568 4575//4575 4574//4574
f 4569//4569 4565//4565 4571//4571
f 4569//4569 4571//4571 4575//4575
f 4571//4571 4570//4570 4576//4576
f 4571//4571 4576//4576 4577//4577
f 4570//4570 4572//4572 4578//4578
f 4570//4570 4578//4578 4576//4576
f 4572//4572 4573//4573 4579//4579
f 4572//4572 4579//4579 4578//4578
f 4573//4573 4574//4574 4580//4580
f 4573//4573 4580//4580 4579//4579
f 4574//4574 4575//4575 4581//4581
f 4574//4574 4581//4581 4580//4580
f 4575//4575 4571//4571 4577//4577
f 4575//4575 4577//4577 4581//4581
f 4577//4577 4576//4576 4582//4582
f 4577//4577 4582//4582 4583//4583
f 4576//4576 4578//4578 4584//4584
f 4576//4576 4584//4584 4582//4582
f 4578//4578 4579//4579 4585//4585
f 4578//4578 4585//4585 4584//4584
f 4579//4579 4580//4580 4586//4586
f 4579//4579 4586//4586 4585//4585
f 4580//4580 4581//4581 4587//4587
f 4580//4580 4587//4587 4586//4586
f 4581//4581 4577//4577 4583//4583
f 4581//4581 4583//4583 4587//4587
f 4583//4583 4582//4582 4588//4588
f 4583//4583 4588//4588 4589//4589
f 4582//4582 4584//4584 4590//4590
f 4582//4582 4590//4590 4588//4588
f 4584//4584 4585//4585 4591//4591
f 4584//4584 4591//4591 4590//4590
f 4585//4585 4586//4586 4592//4592
f 4585//4585 4592//4592 4591//4591
f 4586//4586 4587//4587 4593//4593
f 4586//4586 4593//4593 4592//4592
f 4587//4587 4583//4583 4589//4589
f 4587//4587 4589//4589 4593//4593
f 4589//4589 4588//4588 4594//4594
f 4589//4589 4594//4594 4595//4595
f 4588//4588 4590//4590 4596//4596
f 4588//4588 4596//4596 4594//4594
f 4590//4590 4591//4591 4597//4597
f 4590//4590 4597//4597 4596//4596
f 4591//4591 4592//4592 4598//4598
f 4591//4591 4598//4598 4597//4597
f 4592//4592 4593//4593 4599//4599
f 4592//4592 4599//4599 4598//4598
f 4593//4593 4589//4589 4595//4595
f 4593//4593 4595//4595 4599//4599
f 4595//4595 4594//4594 4600//4600
f 4595//4595 4600//4600 4601//4601
f 4594//4594 4596//4596 4602//4602
f 4594//4594 4602//4602 4600//4600
f 4596//4596 4597//4597 4603//4603
f 4596//4596 4603//4603 4602//4602
f 4597//4597 4598//4598 4604//4604
f 4597//4597 4604//4604 4603//4603
f 4598//4598 4599//4599 4605//4605
f 4598//4598 4605//4605 4604//4604
f 4599//4599 4595//4595 4601//4601
f 4599//4599 4601//4601 4605//4605
f 4601//4601 4600//4600 4606//4606
f 4601//4601 4606//4606 4607//4607
f 4600//4600 4602//4602 4608//4608
f 4600//4600 4608//4608 4606//4606
f 4602//4602 4603//4603 4609//4609
f 4602//4602 4609//4609 4608//4608
f 4603//4603 4604//4604 4610//4610
f 4603//4603 4610//4610 4609//4609
f 4604//4604 4605//4605 4611//4611
f 4604//4604 4611//4611 4610//4610
f 4605//4605 4601//4601 4607//4607
f 4605//4605 4607//4607 4611//4611
f 4607//4607 4606//4606 4612//4612
f 4607//4607 4612//4612 4613//4613
f 4606//4606 4608//4608 4614//4614
f 4606//4606 4614//4614 4612//4612
f 4608//4608 4609//4609 4615//4615
f 4608//4608 4615//4615 4614//4614
f 4609//4609 4610//4610 4616//4616
f 4609//4609 4616//4616 4615//4615
f 4610//4610 4611//4611 4617//4617
f 4610//4610 4617//4617 4616//4616
f 4611//4611 4607//4607 4613//4613
f 4611//4611 4613//4613 4617//4617
f 4613//4613 4612//4612 4618//4618
f 4613//4613 4618//4618 4619//4619
f 4612//4612 4614//4614 4620//4620
f 4612//4612 4620//4620 4618//4618
f 4614//4614 4615//4615 4621//4621
f 4614//4614 4621//4621 4620//4620
f 4615//4615 4616//4616 4622//4622
f 4615//4615 4622//4622 4621//4621
f 4616//4616 4617//4617 4623//4623
f 4616//4616 4623//4623 4622//4622
f 4617//4617 4613//4613 4619//4619
f 4617//4617 4619//4619 4623//4623
f 4619//4619 4618//4618 4624//4624
f 4619//4619 4624//4624 4625//4625
f 4618//4618 4620//4620 4626//4626
f 4618//4618 4626//4626 4624//4624
f 4620//4620 4621//4621 4627//4627
f 4620//4620 4627//4627 4626//4626
f 4621//4621 4622//4622 4628//4628
f 4621//4621 4628//4628 4627//4627
f 4622//4622 4623//4623 4629//4629
f 4622//4622 4629//4629 4628//4628
f 4623//4623 4619//4619 4625//4625
f 4623//4623 4625//4625 4629//4629
f 4625//4625 4624//4624 4630//4630
f 4625//4625 4630//4630 4631//4631
f 4624//4624 4626//4626 4632//4632
f 4624//4624 4632//4632 4630//4630
f 4626//4626 4627//4627 4633//4633
f 4626//4626 4633//4633 4632//4632
f 4627//4627 4628//4628 4634//4634
f 4627//4627 4634//4634 4633//4633
f 4628//4628 4629//4629 4635//4635
f 4628//4628 4635//4635 4634//4634
f 4629//4629 4625//4625 4631//4631
f 4629//4629 4631//4631 4635//4635
f 4631//4631 4630//4630 4636//4636
f 4631//4631 4636//4636 4637//4637
f 4630//4630 4632//4632 4638//4638
f 4630//4630 4638//4638 4636//4636
f 4632//4632 4633//4633 4639//4639
f 4632//4632 4639//4639 4638//4638
f 4633//4633 4634//4634 4640//4640
f 4633//4633 4640//4640 4639//4639
f 4634//4634 4635//4635 4641//4641
f 4634//4634 4641//4641 4640//4640
f 4635//4635 4631//4631 4637//4637
f 4635//4635 4637//4637 4641//4641
f 4637//4637 4636//4636 4642//4642
f 4637//4637 4642//4642 4643//4643
f 4636//4636 4638//4638 4644//4644
f 4636//4636 4644//4644 4642//4642
f 4638//4638 4639//4639 4645//4645
f 4638//4638 4645//4645 4644//4644
f 4639//4639 4640//4640 4646//4646
f 4639//4639 4646//4646 4645//4645
f 4640//4640 4641//4641 4647//4647
f 4640//4640 4647//4647 4646//4646
f 4641//4641 4637//4637 4643//4643
f 4641//4641 4643//4643 4647//4647
f 4643//4643 4642//4642 4648//4648
f 4643//4643 4648//4648 4649//4649
f 4642//4642 4644//4644 4650//4650
f 4642//4642 4650//4650 4648//4648
f 4644//4644 4645//4645 4651//4651
f 4644//4644 4651//4651 4650//4650
f 4645//4645 4646//4646 4652//4652
f 4645//4645 4652//4652 4651//4651
f 4646//4646 4647//4647 4653//4653
f 4646//4646 4653//4653 4652//4652
f 4647//4647 4643//4643 4649//4649
f 4647//4647 4649//4649 4653//4653
f 4649//4649 4648//4648 4654//4654
f 4649//4649 4654//4654 4655//4655
f 4648//4648 4650//4650 4656//4656
f 4648//4648 4656//4656 4654//4654
f 4650//4650 4651//4651 4657//4657
f 4650//4650 4657//4657 4656//4656
f 4651//4651 4652//4652 4658//4658
f 4651//4651 4658//4658 4657//4657
f 4652//4652 4653//4653 4659//4659
f 4652//4652 4659//4659 4658//4658
f 4653//4653 4649//4649 4655//4655
f 4653//4653 4655//4655 4659//4659
f 4655//4655 4654//4654 4660//4660
f 4655//4655 4660//4660 4661//4661
f 4654//4654 4656//4656 4662//4662
f 4654//4654 4662//4662 4660//4660
f 4656//4656 4657//4657 4663//4663
f 4656//4656 4663//4663 4662//4662
f 4657//4657 4658//4658 4664//4664
f 4657//4657 4664//4664 4663//4663
f 4658//4658 4659//4659 4665//4665
f 4658//4658 4665//4665 4664//4664
f 4659//4659 4655//4655 4661//4661
f 4659//4659 4661//4661 4665//4665
f 4661//4661 4660//4660 4666//4666
f 4661//4661 4666//4666 4667//4667
f 4660//4660 4662//4662 4668//4668
f 4660//4660 4668//4668 4666//4666
f 4662//4662 4663//4663 4669//4669
f 4662//4662 4669//4669 4668//4668
f 4663//4663 4664//4664 4670//4670
f 4663//4663 4670//4670 4669//4669
f 4664//4664 4665//4665 4671//4671
f 4664//4664 4671//4671 4670//4670
f 4665//4665 4661//4661 4667//4667
f 4665//4665 4667//4667 4671//4671
f 4667//4667 4666//4666 4672//4672
f 4667//4667 4672//4672 4673//4673
f 4666//4666 4668//4668 4674//4674
f 4666//4666 4674//4674 4672//4672
f 4668//4668 4669//4669 4675//4675
f 4668//4668 4675//4675 4674//4674
f 4669//4669 4670//4670 4676//4676
f 4669//4669 4676//4676 4675//4675
f 4670//4670 4671//4671 4677//4677
f 4670//4670 4677//4677 4676//4676
f 4671//4671 4667//4667 4673//4673
f 4671//4671 4673//4673 4677//4677
f 4673//4673 4672//4672 4678//4678
f 4673//4673 4678//4678 4679//4679
f 4672//4672 4674//4674 4680//4680
f 4672//4672 4680//4680 4678//4678
f 4674//4674 4675//4675 4681//4681
f 4674//4674 4681//4681 4680//4680
f 4675//4675 4676//4676 4682//4682
f 4675//4675 4682//4682 4681//4681
f 4676//4676 4677//4677 4683//4683
f 4676//4676 4683//4683 4682//4682
f 4677//4677 4673//4673 4679//4679
f 4677//4677 4679//4679 4683//4683
f 4679//4679 4678//4678 4684//4684
f 4679//4679 4684//4684 4685//4685
f 4678//4678 4680//4680 4686//4686
f 4678//4678 4686//4686 4684//4684
f 4680//4680 4681//4681 4687//4687
f 4680//4680 4687//4687 4686//4686
f 4681//4681 4682//4682 4688//4688
f 4681//4681 4688//4688 4687//4687
f 4682//4682 4683//4683 4689//4689
f 4682//4682 4689//4689 4688//4688
f 4683//4683 4679//4679 4685//4685
f 4683//4683 4685//4685 4689//4689
f 4685//4685 4684//4684 4690//4690
f 4685//4685 4690//4690 4691//4691
f 4684//4684 4686//4686 4692//4692
f 4684//4684 4692//4692 4690//4690
f 4686//4686 4687//4687 4693//4693
f 4686//4686 4693//4693 4692//4692
f 4687//4687 4688//4688 4694//4694
f 4687//4687 4694//4694 4693//4693
f 4688//4688 4689//4689 4695//4695
f 4688//4688 4695//4695 4694//4694
f 4689//4689 4685//4685 4691//4691
f 4689//4689 4691//4691 4695//4695
f 4691//4691 4690//4690 4696//4696
f 4691//4691 4696//4696 4697//4697
f 4690//4690 4692//4692 4698//4698
f 4690//4690 4698//4698 4696//4696
f 4692//4692 4693//4693 4699//4699
f 4692//4692 4699//4699 4698//4698
f 4693//4693 4694//4694 4700//4700
f 4693//4693 4700//4700 4699//4699
f 4694//4694 4695//4695 4701//4701
f 4694//4694 4701//4701 4700//4700
f 4695//4695 4691//4691 4697//4697
f 4695//4695 4697//4697 4701//4701
f 4697//4697 4696//4696 4702//4702
f 4697//4697 4702//4702 4703//4703
f 4696//4696 4698//4698 4704//4704
f 4696//4696 4704//4704 4702//4702
f 4698//4698 4699//4699 4705//4705
f 4698//4698 4705//4705 4704//4704
f 4699//4699 4700//4700 4706//4706
f 4699//4699 4706//4706 4705//4705
f 4700//4700 4701//4701 4707//4707
f 4700//4700 4707//4707 4706//4706
f 4701//4701 4697//4697 4703//4703
f 4701//4701 4703//4703 4707//4707
f 4703//4703 4702//4702 4708//4708
f 4703//4703 4708//4708 4709//4709
f 4702//4702 4704//4704 4710//4710
f 4702//4702 4710//4710 4708//4708
f 4704//4704 4705//4705 4711//4711
f 4704//4704 4711//4711 4710//4710
f 4705//4705 4706//4706 4712//4712
f 4705//4705 4712//4712 4711//4711
f 4706//4706 4707//4707 4713//4713
f 4706//4706 4713//4713 4712//4712
f 4707//4707 4703//4703 4709//4709
f 4707//4707 4709//4709 4713//4713
f 4709//4709 4708//4708 4714//4714
f 4709//4709 4714//4714 4715//4715
f 4708//4708 4710//4710 4716//4716
f 4708//4708 4716//4716 4714//4714
f 4710//4710 4711//4711 4717//4717
f 4710//4710 4717//4717 4716//4716
f 4711//4711 4712//4712 4718//4718
f 4711//4711 4718//4718 4717//4717
f 4712//4712 4713//4713 4719//4719
f 4712//4712 4719//4719 4718//4718
f 4713//4713 4709//4709 4715//4715
f 4713//4713 4715//4715 4719//4719
f 4715//4715 4714//4714 4720//4720
f 4715//4715 4720//4720 4721//4721
f 4714//4714 4716//4716 4722//4722
f 4714//4714 4722//4722 4720//4720
f 4716//4716 4717//4717 4723//4723
f 4716//4716 4723//4723 4722//4722
f 4717//4717 4718//4718 4724//4724
f 4717//4717 4724//4724 4723//4723
f 4718//4718 4719//4719 4725//4725
f 4718//4718 4725//4725 4724//4724
f 4719//4719 4715//4715 4721//4721
f 4719//4719 4721//4721 4725//4725
f 4721//4721 4720//4720 4726//4726
f 4721//4721 4726//4726 4727//4727
f 4720//4720 4722//4722 4728//4728
f 4720//4720 4728//4728 4726//4726
f 4722//4722 4723//4723 4729//4729
f 4722//4722 4729//4729 4728//4728
f 4723//4723 4724//4724 4730//4730
f 4723//4723 4730//4730 4729//4729
f 4724//4724 4725//4725 4731//4731
f 4724//4724 4731//4731 4730//4730
f 4725//4725 4721//4721 4727//4727
f 4725//4725 4727//4727 4731//4731
f 4727//4727 4726//4726 4732//4732
f 4727//4727 4732//4732 4733//4733
f 4726//4726 4728//4728 4734//4734
f 4726//4726 4734//4734 4732//4732
f 4728//4728 4729//4729 4735//4735
f 4728//4728 4735//4735 4734//4734
f 4729//4729 4730//4730 4736//4736
f 4729//4729 4736//4736 4735//4735
f 4730//4730 4731//4731 4737//4737
f 4730//4730 4737//4737 4736//4736
f 4731//4731 4727//4727 4733//4733
f 4731//4731 4733//4733 4737//4737
f 4733//4733 4732//4732 4738//4738
f 4733//4733 4738//4738 4739//4739
f 4732//4732 4734//4734 4740//4740
f 4732//4732 4740//4740 4738//4738
f 4734//4734 4735//4735 4741//4741
f 4734//4734 4741//4741 4740//4740
f 4735//4735 4736//4736 4742//4742
f 4735//4735 4742//4742 4741//4741
f 4736//4736 4737//4737 4743//4743
f 4736//4736 4743//4743 4742//4742
f 4737//4737 4733//4733 4739//4739
f 4737//4737 4739//4739 4743//4743
f 4739//4739 4738//4738 4744//4744
f 4739//4739 4744//4744 4745//4745
f 4738//4738 4740//4740 4746//4746
f 4738//4738 4746//4746 4744//4744
f 4740//4740 4741//4741 4747//4747
f 4740//4740 4747//4747 4746//4746
f 4741//4741 4742//4742 4748//4748
f 4741//4741 4748//4748 4747//4747
f 4742//4742 4743//4743 4749//4749
f 4742//4742 4749//4749 4748//4748
f 4743//4743 4739//4739 4745//4745
f 4743//4743 4745//4745 4749//4749
f 4745//4745 4744//4744 4750//4750
f 4745//4745 4750//4750 4751//4751
f 4744//4744 4746//4746 4752//4752
f 4744//4744 4752//4752 4750//4750
f 4746//4746 4747//4747 4753//4753
f 4746//4746 4753//4753 4752//4752
f 4747//4747 4748//4748 4754//4754
f 4747//4747 4754//4754 4753//4753
f 4748//4748 4749//4749 4755//4755
f 4748//4748 4755//4755 4754//4754
f 4749//4749 4745//4745 4751//4751
f 4749//4749 4751//4751 4755//4755
f 4751//4751 4750//4750 4752//4752
f 4751//4751 4752//4752 4753//4753
f 4751//4751 4753//4753 4754//4754
f 4751//4751 4754//4754 4755//4755
usemtl color_9
f 4756//4756 4757//4757 4758//4758
f 4756//4756 4758//4758 4759//4759
f 4756//4756 4759//4759 4760//4760
f 4756//4756 4760//4760 4761//4761
f 4756//4756 4761//4761 4762//4762
f 4756//4756 4762//4762 4763//4763
f 4756//4756 4763//4763 4764//4764
f 4756//4756 4764//4764 4765//4765
f 4756//4756 4765//4765 4766//4766
f 4756//4756 4766//4766 4767//4767
f 4756//4756 4767//4767 4768//4768
f 4756//4756 4768//4768 4769//4769
f 4756//4756 4769//4769 4770//4770
f 4756//4756 4770//4770 4771//4771
f 4756//4756 4771//4771 4772//4772
f 4756//4756 4772//4772 4773//4773
f 4756//4756 4773//4773 4774//4774
f 4756//4756 4774//4774 4775//4775
f 4756//4756 4775//4775 4776//4776
f 4756//4756 4776//4776 4757//4757
f 4757//4757 4777//4777 4778//4778
f 4757//4757 4778//4778 4758//4758
f 4758//4758 4778//4778 4779//4779
f 4758//4758 4779//4779 4759//4759
f 4759//4759 4779//4779 4780//4780
f 4759//4759 4780//4780 4760//4760
f 4760//4760 4780//4780 4781//4781
f 4760//4760 4781//4781 4761//4761
f 4761//4761 4781//4781 4782//4782
f 4761//4761 4782//4782 4762//4762
f 4762//4762 4782//4782 4783//4783
f 4762//4762 4783//4783 4763//4763
f 4763//4763 4783//4783 4784//4784
f 4763//4763 4784//4784 4764//4764
f 4764//4764 4784//4784 4785//4785
f 4764//4764 4785//4785 4765//4765
f 4765//4765 4785//4785 4786//4786
f 4765//4765 4786//4786 4766//4766
f 4766//4766 4786//4786 4787//4787
f 4766//4766 4787//4787 4767//4767
f 4767//4767 4787//4787 4788//4788
f 4767//4767 4788//4788 4768//4768
f 4768//4768 4788//4788 4789//4789
f 4768//4768 4789//4789 4769//4769
f 4769//4769 4789//4789 4790//4790
f 4769//4769 4790//4790 4770//4770
f 4770//4770 4790//4790 4791//4791
f 4770//4770 4791//4791 4771//4771
f 4771//4771 4791//4791 4792//4792
f 4771//4771 4792//4792 4772//4772
f 4772//4772 4792//4792 4793//4793
f 4772//4772 4793//4793 4773//4773
f 4773//4773 4793//4793 4794//4794
f 4773//4773 4794//4794 4774//4774
f 4774//4774 4794//4794 4795//4795
f 4774//4774 4795//4795 4775//4775
f 4775//4775 4795//4795 4796//4796
f 4775//4775 4796//4796 4776//4776
f 4776//4776 4796//4796 4777//4777
f 4776//4776 4777//4777 4757//4757
f 4777//4777 4797//4797 4798//4798
f 4777//4777 4798//4798 4778//4778
f 4778//4778 4798//4798 4799//4799
f 4778//4778 4799//4799 4779//4779
f 4779//4779 4799//4799 4800//4800
f 4779//4779 4800//4800 4780//4780
f 4780//4780 4800//4800 4801//4801
f 4780//4780 4801//4801 4781//4781
f 4781//4781 4801//4801 4802//4802
f 4781//4781 4802//4802 4782//4782
f 4782//4782 4802//4802 4803//4803
f 4782//4782 4803//4803 4783//4783
f 4783//4783 4803//4803 4804//4804
f 4783//4783 4804//4804 4784//4784
f 4784//4784 4804//4804 4805//4805
f 4784//4784 4805//4805 4785//4785
f 4785//4785 4805//4805 4806//4806
f 4785//4785 4806//4806 4786//4786
f 4786//4786 4806//4806 4807//4807
f 4786//4786 4807//4807 4787//4787
f 4787//4787 4807//4807 4808//4808
f 4787//4787 4808//4808 4788//4788
f 4788//4788 4808//4808 4809//4809
f 4788//4788 4809//4809 4789//4789
f 4789//4789 4809//4809 4810//4810
f 4789//4789 4810//4810 4790//4790
f 4790//4790 4810//4810 4811//4811
f 4790//4790 4811//4811 4791//4791
f 4791//4791 4811//4811 4812//4812
f 4791//4791 4812//4812 4792//4792
f 4792//4792 4812//4812 4813//4813
f 4792//4792 4813//4813 4793//4793
f 4793//4793 4813//4813 4814//4814
f 4793//4793 4814//4814 4794//4794
f 4794//4794 4814//4814 4815//4815
f 4794//4794 4815//4815 4795//4795
f 4795//4795 4815//4815 4816//4816
f 4795//4795 4816//4816 4796//4796
f 4796//4796 4816//4816 4797//4797
f 4796//4796 4797//4797 4777//4777
f 4797//4797 4817//4817 4818//4818
f 4797//4797 4818//4818 4798//4798
f 4798//4798 4818//4818 4819//4819
f 4798//4798 4819//4819 4799//4799
f 4799//4799 4819//4819 4820//4820
f 4799//4799 4820//4820 4800//4800
f 4800//4800 4820//4820 4821//4821
f 4800//4800 4821//4821 4801//4801
f 4801//4801 4821//4821 4822//4822
f 4801//4801 4822//4822 4802//4802
f 4802//4802 4822//4822 4823//4823
f 4802//4802 4823//4823 4803//4803
f 4803//4803 4823//4823 4824//4824
f 4803//4803 4824//4824 4804//4804
f 4804//4804 4824//4824 4825//4825
f 4804//4804 4825//4825 4805//4805
f 4805//4805 4825//4825 4826//4826
f 4805//4805 4826//4826 4806//4806
f 4806//4806 4826//4826 4827//4827
f 4806//4806 4827//4827 4807//4807
f 4807//4807 4827//4827 4828//4828
f 4807//4807 4828//4828 4808//4808
f 4808//4808 4828//4828 4829//4829
f 4808//4808 4829//4829 4809//4809
f 4809//4809 4829//4829 4830//4830
f 4809//4809 4830//4830 4810//4810
f 4810//4810 4830//4830 4831//4831
f 4810//4810 4831//4831 4811//4811
f 4811//4811 4831//4831 4832//4832
f 4811//4811 4832//4832 4812//4812
f 4812//4812 4832//4832 4833//4833
f 4812//4812 4833//4833 4813//4813
f 4813//4813 4833//4833 4834//4834
f 4813//4813 4834//4834 4814//4814
f 4814//4814 4834//4834 4835//4835
f 4814//4814 4835//4835 4815//4815
f 4815//4815 4835//4835 4836//4836
f 4815//4815 4836//4836 4816//4816
f 4816//4816 4836//4836 4817//4817
f 4816//4816 4817//4817 4797//4797
f 4817//4817 4837//4837 4838//4838
f 4817//4817 4838//4838 4818//4818
f 4818//4818 4838//4838 4839//4839
f 4818//4818 4839//4839 4819//4819
f 4819//4819 4839//4839 4840//4840
f 4819//4819 4840//4840 4820//4820
f 4820//4820 4840//4840 4841//4841
f 4820//4820 4841//4841 4821//4821
f 4821//4821 4841//4841 4842//4842
f 4821//4821 4842//4842 4822//4822
f 4822//4822 4842//4842 4843//4843
f 4822//4822 4843//4843 4823//4823
f 4823//4823 4843//4843 4844//4844
f 4823//4823 4844//4844 4824//4824
f 4824//4824 4844//4844 4845//4845
f 4824//4824 4845//4845 4825//4825
f 4825//4825 4845//4845 4846//4846
f 4825//4825 4846//4846 4826//4826
f 4826//4826 4846//4846 4847//4847
f 4826//4826 4847//4847 4827//4827
f 4827//4827 4847//4847 4848//4848
f 4827//4827 4848//4848 4828//4828
f 4828//4828 4848//4848 4849//4849
f 4828//4828 4849//4849 4829//4829
f 4829//4829 4849//4849 4850//4850
f 4829//4829 4850//4850 4830//4830
f 4830//4830 4850//4850 4851//4851
f 4830//4830 4851//4851 4831//4831
f 4831//4831 4851//4851 4852//4852
f 4831//4831 4852//4852 4832//4832
f 4832//4832 4852//4852 4853//4853
f 4832//4832 4853//4853 4833//4833
f 4833//4833 4853//4853 4854//4854
f 4833//4833 4854//4854 4834//4834
f 4834//4834 4854//4854 4855//4855
f 4834//4834 4855//4855 4835//4835
f 4835//4835 4855//4855 4856//4856
f 4835//4835 4856//4856 4836//4836
f 4836//4836 4856//4856 4837//4837
f 4836//4836 4837//4837 4817//4817
f 4837//4837 4857//4857 4858//4858
f 4837//4837 4858//4858 4838//4838
f 4838//4838 4858//4858 4859//4859
f 4838//4838 4859//4859 4839//4839
f 4839//4839 4859//4859 4860//4860
f 4839//4839 4860//4860 4840//4840
f 4840//4840 4860//4860 4861//4861
f 4840//4840 4861//4861 4841//4841
f 4841//4841 4861//4861 4862//4862
f 4841//4841 4862//4862 4842//4842
f 4842//4842 4862//4862 4863//4863
f 4842//4842 4863//4863 4843//4843
f 4843//4843 4863//4863 4864//4864
f 4843//4843 4864//4864 4844//4844
f 4844//4844 4864//4864 4865//4865
f 4844//4844 4865//4865 4845//4845
f 4845//4845 4865//4865 4866//4866
f 4845//4845 4866//4866 4846//4846
f 4846//4846 4866//4866 4867//4867
f 4846//4846 4867//4867 4847//4847
f 4847//4847 4867//4867 4868//4868
f 4847//4847 4868//4868 4848//4848
f 4848//4848 4868//4868 4869//4869
f 4848//4848 4869//4869 4849//4849
f 4849//4849 4869//4869 4870//4870
f 4849//4849 4870//4870 4850//4850
f 4850//4850 4870//4870 4871//4871
f 4850//4850 4871//4871 4851//4851
f 4851//4851 4871//4871 4872//4872
f 4851//4851 4872//4872 4852//4852
f 4852//4852 4872//4872 4873//4873
f 4852//4852 4873//4873 4853//4853
f 4853//4853 4873//4873 4874//4874
f 4853//4853 4874//4874 4854//4854
f 4854//4854 4874//4874 4875//4875
f 4854//4854 4875//4875 4855//4855
f 4855//4855 4875//4875 4876//4876
f 4855//4855 4876//4876 4856//4856
f 4856//4856 4876//4876 4857//4857
f 4856//4856 4857//4857 4837//4837
f 4857//4857 4877//4877 4878//4878
f 4857//4857 4878//4878 4858//4858
f 4858//4858 4878//4878 4879//4879
f 4858//4858 4879//4879 4859//4859
f 4859//4859 4879//4879 4880//4880
f 4859//4859 4880//4880 4860//4860
f 4860//4860 4880//4880 4881//4881
f 4860//4860 4881//4881 4861//4861
f 4861//4861 4881//4881 4882//4882
f 4861//4861 4882//4882 4862//4862
f 4862//4862 4882//4882 4883//4883
f 4862//4862 4883//4883 4863//4863
f 4863//4863 4883//4883 4884//4884
f 4863//4863 4884//4884 4864//4864
f 4864//4864 4884//4884 4885//4885
f 4864//4864 4885//4885 4865//4865
f 4865//4865 4885//4885 4886//4886
f 4865//4865 4886//4886 4866//4866
f 4866//4866 4886//4886 4887//4887
f 4866//4866 4887//4887 4867//4867
f 4867//4867 4887//4887 4888//4888
f 4867//4867 4888//4888 4868//4868
f 4868//4868 4888//4888 4889//4889
f 4868//4868 4889//4889 4869//4869
f 4869//4869 4889//4889 4890//4890
f 4869//4869 4890//4890 4870//4870
f 4870//4870 4890//4890 4891//4891
f 4870//4870 4891//4891 4871//4871
f 4871//4871 4891//4891 4892//4892
f 4871//4871 4892//4892 4872//4872
f 4872//4872 4892//4892 4893//4893
f 4872//4872 4893//4893 4873//4873
f 4873//4873 4893//4893 4894//4894
f 4873//4873 4894//4894 4874//4874
f 4874//4874 4894//4894 4895//4895
f 4874//4874 4895//4895 4875//4875
f 4875//4875 4895//4895 4896//4896
f 4875//4875 4896//4896 4876//4876
f 4876//4876 4896//4896 4877//4877
f 4876//4876 4877//4877 4857//4857
f 4877//4877 4897//4897 4898//4898
f 4877//4877 4898//4898 4878//4878
f 4878//4878 4898//4898 4899//4899
f 4878//4878 4899//4899 4879//4879
f 4879//4879 4899//4899 4900//4900
f 4879//4879 4900//4900 4880//4880
f 4880//4880 4900//4900 4901//4901
f 4880//4880 4901//4901 4881//4881
f 4881//4881 4901//4901 4902//4902
f 4881//4881 4902//4902 4882//4882
f 4882//4882 4902//4902 4903//4903
f 4882//4882 4903//4903 4883//4883
f 4883//4883 4903//4903 4904//4904
f 4883//4883 4904//4904 4884//4884
f 4884//4884 4904//4904 4905//4905
f 4884//4884 4905//4905 4885//4885
f 4885//4885 4905//4905 4906//4906
f 4885//4885 4906//4906 4886//4886
f 4886//4886 4906//4906 4907//4907
f 4886//4886 4907//4907 4887//4887
f 4887//4887 4907//4907 4908//4908
f 4887//4887 4908//4908 4888//4888
f 4888//4888 4908//4908 4909//4909
f 4888//4888 4909//4909 4889//4889
f 4889//4889 4909//4909 4910//4910
f 4889//4889 4910//4910 4890//4890
f 4890//4890 4910//4910 4911//4911
f 4890//4890 4911//4911 4891//4891
f 4891//4891 4911//4911 4912//4912
f 4891//4891 4912//4912 4892//4892
f 4892//4892 4912//4912 4913//4913
f 4892//4892 4913//4913 4893//4893
f 4893//4893 4913//4913 4914//4914
f 4893//4893 4914//4914 4894//4894
f 4894//4894 4914//4914 4915//4915
f 4894//4894 4915//4915 4895//4895
f 4895//4895 4915//4915 4916//4916
f 4895//4895 4916//4916 4896//4896
f 4896//4896 4916//4916 4897//4897
f 4896//4896 4897//4897 4877//4877
f 4897//4897 4917//4917 4898//4898
f 4898//4898 4917//4917 4899//4899
f 4899//4899 4917//4917 4900//4900
f 4900//4900 4917//4917 4901//4901
f 4901//4901 4917//4917 4902//4902
f 4902//4902 4917//4917 4903//4903
f 4903//4903 4917//4917 4904//4904
f 4904//4904 4917//4917 4905//4905
f 4905//4905 4917//4917 4906//4906
f 4906//4906 4917//4917 4907//4907
f 4907//4907 4917//4917 4908//4908
f 4908//4908 4917//4917 4909//4909
f 4909//4909 4917//4917 4910//4910
f 4910//4910 4917//4917 4911//4911
f 4911//4911 4917//4917 4912//4912
f 4912//4912 4917//4917 4913//4913
f 4913//4913 4917//4917 4914//4914
f 4914//4914 4917//4917 4915//4915
f 4915//4915 4917//4917 4916//4916
f 4916//4916 4917//4917 4897//4897
usemtl color_8
f 4918//4918 4919//4919 4920//4920
f 4918//4918 4920//4920 4921//4921
f 4918//4918 4921//4921 4922//4922
f 4918//4918 4922//4922 4923//4923
f 4923//4923 4922//4922 4924//4924
f 4923//4923 4924//4924 4925//4925
f 4922//4922 4921//4921 4926//4926
f 4922//4922 4926//4926 4924//4924
f 4921//4921 4920//4920 4927//4927
f 4921//4921 4927//4927 4926//4926
f 4920//4920 4919//4919 4928//4928
f 4920//4920 4928//4928 4927//4927
f 4919//4919 4918//4918 4929//4929
f 4919//4919 4929//4929 4928//4928
f 4918//4918 4923//4923 4925//4925
f 4918//4918 4925//4925 4929//4929
f 4925//4925 4924//4924 4930//4930
f 4925//4925 4930//4930 4931//4931
f 4924//4924 4926//4926 4932//4932
f 4924//4924 4932//4932 4930//4930
f 4926//4926 4927//4927 4933//4933
f 4926//4926 4933//4933 4932//4932
f 4927//4927 4928//4928 4934//4934
f 4927//4927 4934//4934 4933//4933
f 4928//4928 4929//4929 4935//4935
f 4928//4928 4935//4935 4934//4934
f 4929//4929 4925//4925 4931//4931
f 4929//4929 4931//4931 4935//4935
f 4931//4931 4930//4930 4936//4936
f 4931//4931 4936//4936 4937//4937
f 4930//4930 4932//4932 4938//4938
f 4930//4930 4938//4938 4936//4936
f 4932//4932 4933//4933 4939//4939
f 4932//4932 4939//4939 4938//4938
f 4933//4933 4934//4934 4940//4940
f 4933//4933 4940//4940 4939//4939
f 4934//4934 4935//4935 4941//4941
f 4934//4934 4941//4941 4940//4940
f 4935//4935 4931//4931 4937//4937
f 4935//4935 4937//4937 4941//4941
f 4937//4937 4936//4936 4942//4942
f 4937//4937 4942//4942 4943//4943
f 4936//4936 4938//4938 4944//4944
f 4936//4936 4944//4944 4942//4942
f 4938//4938 4939//4939 4945//4945
f 4938//4938 4945//4945 4944//4944
f 4939//4939 4940//4940 4946//4946
f 4939//4939 4946//4946 4945//4945
f 4940//4940 4941//4941 4947//4947
f 4940//4940 4947//4947 4946//4946
f 4941//4941 4937//4937 4943//4943
f 4941//4941 4943//4943 4947//4947
f 4943//4943 4942//4942 4948//4948
f 4943//4943 4948//4948 4949//4949
f 4942//4942 4944//4944 4950//4950
f 4942//4942 4950//4950 4948//4948
f 4944//4944 4945//4945 4951//4951
f 4944//4944 4951//4951 4950//4950
f 4945//4945 4946//4946 4952//4952
f 4945//4945 4952//4952 4951//4951
f 4946//4946 4947//4947 4953//4953
f 4946//4946 4953//4953 4952//4952
f 4947//4947 4943//4943 4949//4949
f 4947//4947 4949//4949 4953//4953
f 4949//4949 4948//4948 4954//4954
f 4949//4949 4954//4954 4955//4955
f 4948//4948 4950//4950 4956//4956
f 4948//4948 4956//4956 4954//4954
f 4950//4950 4951//4951 4957//4957
f 4950//4950 4957//4957 4956//4956
f 4951//4951 4952//4952 4958//4958
f 4951//4951 4958//4958 4957//4957
f 4952//4952 4953//4953 4959//4959
f 4952//4952 4959//4959 4958//4958
f 4953//4953 4949//4949 4955//4955
f 4953//4953 4955//4955 4959//4959
f 4955//4955 4954//4954 4960//4960
f 4955//4955 4960//4960 4961//4961
f 4954//4954 4956//4956 4962//4962
f 4954//4954 4962//4962 4960//4960
f 4956//4956 4957//4957 4963//4963
f 4956//4956 4963//4963 4962//4962
f 4957//4957 4958//4958 4964//4964
f 4957//4957 4964//4964 4963//4963
f 4958//4958 4959//4959 4965//4965
f 4958//4958 4965//4965 4964//4964
f 4959//4959 4955//4955 4961//4961
f 4959//4959 4961//4961 4965//4965
f 4961//4961 4960//4960 4966//4966
f 4961//4961 4966//4966 4967//4967
f 4960//4960 4962//4962 4968//4968
f 4960//4960 4968//4968 4966//4966
f 4962//4962 4963//4963 4969//4969
f 4962//4962 4969//4969 4968//4968
f 4963//4963 4964//4964 4970//4970
f 4963//4963 4970//4970 4969//4969
f 4964//4964 4965//4965 4971//4971
f 4964//4964 4971//4971 4970//4970
f 4965//4965 4961//4961 4967//4967
f 4965//4965 4967//4967 4971//4971
f 4967//4967 4966//4966 4972//4972
f 4967//4967 4972//4972 4973//4973
f 4966//4966 4968//4968 4974//4974
f 4966//4966 4974//4974 4972//4972
f 4968//4968 4969//4969 4975//4975
f 4968//4968 4975//4975 4974//4974
f 4969//4969 4970//4970 4976//4976
f 4969//4969 4976//4976 4975//4975
f 4970//4970 4971//4971 4977//4977
f 4970//4970 4977//4977 4976//4976
f 4971//4971 4967//4967 4973//4973
f 4971//4971 4973//4973 4977//4977
f 4973//4973 4972//4972 4978//4978
f 4973//4973 4978//4978 4979//4979
f 4972//4972 4974//4974 4980//4980
f 4972//4972 4980//4980 4978//4978
f 4974//4974 4975//4975 4981//4981
f 4974//4974 4981//4981 4980//4980
f 4975//4975 4976//4976 4982//4982
f 4975//4975 4982//4982 4981//4981
f 4976//4976 4977//4977 4983//4983
f 4976//4976 4983//4983 4982//4982
f 4977//4977 4973//4973 4979//4979
f 4977//4977 4979//4979 4983//4983
f 4979//4979 4978//4978 4984//4984
f 4979//4979 4984//4984 4985//4985
f 4978//4978 4980//4980 4986//4986
f 4978//4978 4986//4986 4984//4984
f 4980//4980 4981//4981 4987//4987
f 4980//4980 4987//4987 4986//4986
f 4981//4981 4982//4982 4988//4988
f 4981//4981 4988//4988 4987//4987
f 4982//4982 4983//4983 4989//4989
f 4982//4982 4989//4989 4988//4988
f 4983//4983 4979//4979 4985//4985
f 4983//4983 4985//4985 4989//4989
f 4985//4985 4984//4984 4990//4990
f 4985//4985 4990//4990 4991//4991
f 4984//4984 4986//4986 4992//4992
f 4984//4984 4992//4992 4990//4990
f 4986//4986 4987//4987 4993//4993
f 4986//4986 4993//4993 4992//4992
f 4987//4987 4988//4988 4994//4994
f 4987//4987 4994//4994 4993//4993
f 4988//4988 4989//4989 4995//4995
f 4988//4988 4995//4995 4994//4994
f 4989//4989 4985//4985 4991//4991
f 4989//4989 4991//4991 4995//4995
f 4991//4991 4990//4990 4996//4996
f 4991//4991 4996//4996 4997//4997
f 4990//4990 4992//4992 4998//4998
f 4990//4990 4998//4998 4996//4996
f 4992//4992 4993//4993 4999//4999
f 4992//4992 4999//4999 4998//4998
f 4993//4993 4994//4994 5000//5000
f 4993//4993 5000//5000 4999//4999
f 4994//4994 4995//4995 5001//5001
f 4994//4994 5001//5001 5000//5000
f 4995//4995 4991//4991 4997//4997
f 4995//4995 4997//4997 5001//5001
f 4997//4997 4996//4996 5002//5002
f 4997//4997 5002//5002 5003//5003
f 4996//4996 4998//4998 5004//5004
f 4996//4996 5004//5004 5002//5002
f 4998//4998 4999//4999 5005//5005
f 4998//4998 5005//5005 5004//5004
f 4999//4999 5000//5000 5006//5006
f 4999//4999 5006//5006 5005//5005
f 5000//5000 5001//5001 5007//5007
f 5000//5000 5007//5007 5006//5006
f 5001//5001 4997//4997 5003//5003
f 5001//5001 5003//5003 5007//5007
f 5003//5003 5002//5002 5008//5008
f 5003//5003 5008//5008 5009//5009
f 5002//5002 5004//5004 5010//5010
f 5002//5002 5010//5010 5008//5008
f 5004//5004 5005//5005 5011//5011
f 5004//5004 5011//5011 5010//5010
f 5005//5005 5006//5006 5012//5012
f 5005//5005 5012//5012 5011//5011
f 5006//5006 5007//5007 5013//5013
f 5006//5006 5013//5013 5012//5012
f 5007//5007 5003//5003 5009//5009
f 5007//5007 5009//5009 5013//5013
f 5009//5009 5008//5008 5014//5014
f 5009//5009 5014//5014 5015//5015
f 5008//5008 5010//5010 5016//5016
f 5008//5008 5016//5016 5014//5014
f 5010//5010 5011//5011 5017//5017
f 5010//5010 5017//5017 5016//5016
f 5011//5011 5012//5012 5018//5018
f 5011//5011 5018//5018 5017//5017
f 5012//5012 5013//5013 5019//5019
f 5012//5012 5019//5019 5018//5018
f 5013//5013 5009//5009 5015//5015
f 5013//5013 5015//5015 5019//5019
f 5015//5015 5014//5014 5020//5020
f 5015//5015 5020//5020 5021//5021
f 5014//5014 5016//5016 5022//5022
f 5014//5014 5022//5022 5020//5020
f 5016//5016 5017//5017 5023//5023
f 5016//5016 5023//5023 5022//5022
f 5017//5017 5018//5018 5024//5024
f 5017//5017 5024//5024 5023//5023
f 5018//5018 5019//5019 5025//5025
f 5018//5018 5025//5025 5024//5024
f 5019//5019 5015//5015 5021//5021
f 5019//5019 5021//5021 5025//5025
f 5021//5021 5020//5020 5026//5026
f 5021//5021 5026//5026 5027//5027
f 5020//5020 5022//5022 5028//5028
f 5020//5020 5028//5028 5026//5026
f 5022//5022 5023//5023 5029//5029
f 5022//5022 5029//5029 5028//5028
f 5023//5023 5024//5024 5030//5030
f 5023//5023 5030//5030 5029//5029
f 5024//5024 5025//5025 5031//5031
f 5024//5024 5031//5031 5030//5030
f 5025//5025 5021//5021 5027//5027
f 5025//5025 5027//5027 5031//5031
f 5027//5027 5026//5026 5032//5032
f 5027//5027 5032//5032 5033//5033
f 5026//5026 5028//5028 5034//5034
f 5026//5026 5034//5034 5032//5032
f 5028//5028 5029//5029 5035//5035
f 5028//5028 5035//5035 5034//5034
f 5029//5029 5030//5030 5036//5036
f 5029//5029 5036//5036 5035//5035
f 5030//5030 5031//5031 5037//5037
f 5030//5030 5037//5037 5036//5036
f 5031//5031 5027//5027 5033//5033
f 5031//5031 5033//5033 5037//5037
f 5033//5033 5032//5032 5038//5038
f 5033//5033 5038//5038 5039//5039
f 5032//5032 5034//5034 5040//5040
f 5032//5032 5040//5040 5038//5038
f 5034//5034 5035//5035 5041//5041
f 5034//5034 5041//5041 5040//5040
f 5035//5035 5036//5036 5042//5042
f 5035//5035 5042//5042 5041//5041
f 5036//5036 5037//5037 5043//5043
f 5036//5036 5043//5043 5042//5042
f 5037//5037 5033//5033 5039//5039
f 5037//5037 5039//5039 5043//5043
f 5039//5039 5038//5038 5044//5044
f 5039//5039 5044//5044 5045//5045
f 5038//5038 5040//5040 5046//5046
f 5038//5038 5046//5046 5044//5044
f 5040//5040 5041//5041 5047//5047
f 5040//5040 5047//5047 5046//5046
f 5041//5041 5042//5042 5048//5048
f 5041//5041 5048//5048 5047//5047
f 5042//5042 5043//5043 5049//5049
f 5042//5042 5049//5049 5048//5048
f 5043//5043 5039//5039 5045//5045
f 5043//5043 5045//5045 5049//5049
f 5045//5045 5044//5044 5050//5050
f 5045//5045 5050//5050 5051//5051
f 5044//5044 5046//5046 5052//5052
f 5044//5044 5052//5052 5050//5050
f 5046//5046 5047//5047 5053//5053
f 5046//5046 5053//5053 5052//5052
f 5047//5047 5048//5048 5054//5054
f 5047//5047 5054//5054 5053//5053
f 5048//5048 5049//5049 5055//5055
f 5048//5048 5055//5055 5054//5054
f 5049//5049 5045//5045 5051//5051
f 5049//5049 5051//5051 5055//5055
f 5051//5051 5050//5050 5056//5056
f 5051//5051 5056//5056 5057//5057
f 5050//5050 5052//5052 5058//5058
f 5050//5050 5058//5058 5056//5056
f 5052//5052 5053//5053 5059//5059
f 5052//5052 5059//5059 5058//5058
f 5053//5053 5054//5054 5060//5060
f 5053//5053 5060//5060 5059//5059
f 5054//5054 5055//5055 5061//5061
f 5054//5054 5061//5061 5060//5060
f 5055//5055 5051//5051 5057//5057
f 5055//5055 5057//5057 5061//5061
f 5057//5057 5056//5056 5062//5062
f 5057//5057 5062//5062 5063//5063
f 5056//5056 5058//5058 5064//5064
f 5056//5056 5064//5064 5062//5062
f 5058//5058 5059//5059 5065//5065
f 5058//5058 5065//5065 5064//5064
f 5059//5059 5060//5060 5066//5066
f 5059//5059 5066//5066 5065//5065
f 5060//5060 5061//5061 5067//5067
f 5060//5060 5067//5067 5066//5066
f 5061//5061 5057//5057 5063//5063
f 5061//5061 5063//5063 5067//5067
f 5063//5063 5062//5062 5068//5068
f 5063//5063 5068//5068 5069//5069
f 5062//5062 5064//5064 5070//5070
f 5062//5062 5070//5070 5068//5068
f 5064//5064 5065//5065 5071//5071
f 5064//5064 5071//5071 5070//5070
f 5065//5065 5066//5066 5072//5072
f 5065//5065 5072//5072 5071//5071
f 5066//5066 5067//5067 5073//5073
f 5066//5066 5073//5073 5072//5072
f 5067//5067 5063//5063 5069//5069
f 5067//5067 5069//5069 5073//5073
f 5069//5069 5068//5068 5074//5074
f 5069//5069 5074//5074 5075//5075
f 5068//5068 5070//5070 5076//5076
f 5068//5068 5076//5076 5074//5074
f 5070//5070 5071//5071 5077//5077
f 5070//5070 5077//5077 5076//5076
f 5071//5071 5072//5072 5078//5078
f 5071//5071 5078//5078 5077//5077
f 5072//5072 5073//5073 5079//5079
f 5072//5072 5079//5079 5078//5078
f 5073//5073 5069//5069 5075//5075
f 5073//5073 5075//5075 5079//5079
f 5075//5075 5074//5074 5080//5080
f 5075//5075 5080//5080 5081//5081
f 5074//5074 5076//5076 5082//5082
f 5074//5074 5082//5082 5080//5080
f 5076//5076 5077//5077 5083//5083
f 5076//5076 5083//5083 5082//5082
f 5077//5077 5078//5078 5084//5084
f 5077//5077 5084//5084 5083//5083
f 5078//5078 5079//5079 5085//5085
f 5078//5078 5085//5085 5084//5084
f 5079//5079 5075//5075 5081//5081
f 5079//5079 5081//5081 5085//5085
f 5081//5081 5080//5080 5086//5086
f 5081//5081 5086//5086 5087//5087
f 5080//5080 5082//5082 5088//5088
f 5080//5080 5088//5088 5086//5086
f 5082//5082 5083//5083 5089//5089
f 5082//5082 5089//5089 5088//5088
f 5083//5083 5084//5084 5090//5090
f 5083//5083 5090//5090 5089//5089
f 5084//5084 5085//5085 5091//5091
f 5084//5084 5091//5091 5090//5090
f 5085//5085 5081//5081 5087//5087
f 5085//5085 5087//5087 5091//5091
f 5087//5087 5086//5086 5092//5092
f 5087//5087 5092//5092 5093//5093
f 5086//5086 5088//5088 5094//5094
f 5086//5086 5094//5094 5092//5092
f 5088//5088 5089//5089 5095//5095
f 5088//5088 5095//5095 5094//5094
f 5089//5089 5090//5090 5096//5096
f 5089//5089 5096//5096 5095//5095
f 5090//5090 5091//5091 5097//5097
f 5090//5090 5097//5097 5096//5096
f 5091//5091 5087//5087 5093//5093
f 5091//5091 5093//5093 5097//5097
f 5093//5093 5092//5092 5098//5098
f 5093//5093 5098//5098 5099//5099
f 5092//5092 5094//5094 5100//5100
f 5092//5092 5100//5100 5098//5098
f 5094//5094 5095//5095 5101//5101
f 5094//5094 5101//5101 5100//5100
f 5095//5095 5096//5096 5102//5102
f 5095//5095 5102//5102 5101//5101
f 5096//5096 5097//5097 5103//5103
f 5096//5096 5103//5103 5102//5102
f 5097//5097 5093//5093 5099//5099
f 5097//5097 5099//5099 5103//5103
f 5099//5099 5098//5098 5104//5104
f 5099//5099 5104//5104 5105//5105
f 5098//5098 5100//5100 5106//5106
f 5098//5098 5106//5106 5104//5104
f 5100//5100 5101//5101 5107//5107
f 5100//5100 5107//5107 5106//5106
f 5101//5101 5102//5102 5108//5108
f 5101//5101 5108//5108 5107//5107
f 5102//5102 5103//5103 5109//5109
f 5102//5102 5109//5109 5108//5108
f 5103//5103 5099//5099 5105//5105
f 5103//5103 5105//5105 5109//5109
f 5105//5105 5104//5104 5110//5110
f 5105//5105 5110//5110 5111//5111
f 5104//5104 5106//5106 5112//5112
f 5104//5104 5112//5112 5110//5110
f 5106//5106 5107//5107 5113//5113
f 5106//5106 5113//5113 5112//5112
f 5107//5107 5108//5108 5114//5114
f 5107//5107 5114//5114 5113//5113
f 5108//5108 5109//5109 5115//5115
f 5108//5108 5115//5115 5114//5114
f 5109//5109 5105//5105 5111//5111
f 5109//5109 5111//5111 5115//5115
f 5111//5111 5110//5110 5116//5116
f 5111//5111 5116//5116 5117//5117
f 5110//5110 5112//5112 5118//5118
f 5110//5110 5118//5118 5116//5116
f 5112//5112 5113//5113 5119//5119
f 5112//5112 5119//5119 5118//5118
f 5113//5113 5114//5114 5120//5120
f 5113//5113 5120//5120 5119//5119
f 5114//5114 5115//5115 5121//5121
f 5114//5114 5121//5121 5120//5120
f 5115//5115 5111//5111 5117//5117
f 5115//5115 5117//5117 5121//5121
f 5117//5117 5116//5116 5122//5122
f 5117//5117 5122//5122 5123//5123
f 5116//5116 5118//5118 5124//5124
f 5116//5116 5124//5124 5122//5122
f 5118//5118 5119//5119 5125//5125
f 5118//5118 5125//5125 5124//5124
f 5119//5119 5120//5120 5126//5126
f 5119//5119 5126//5126 5125//5125
f 5120//5120 5121//5121 5127//5127
f 5120//5120 5127//5127 5126//5126
f 5121//5121 5117//5117 5123//5123
f 5121//5121 5123//5123 5127//5127
f 5123//5123 5122//5122 5128//5128
f 5123//5123 5128//5128 5129//5129
f 5122//5122 5124//5124 5130//5130
f 5122//5122 5130//5130 5128//5128
f 5124//5124 5125//5125 5131//5131
f 5124//5124 5131//5131 5130//5130
f 5125//5125 5126//5126 5132//5132
f 5125//5125 5132//5132 5131//5131
f 5126//5126 5127//5127 5133//5133
f 5126//5126 5133//5133 5132//5132
f 5127//5127 5123//5123 5129//5129
f 5127//5127 5129//5129 5133//5133
f 5129//5129 5128//5128 5134//5134
f 5129//5129 5134//5134 5135//5135
f 5128//5128 5130//5130 5136//5136
f 5128//5128 5136//5136 5134//5134
f 5130//5130 5131//5131 5137//5137
f 5130//5130 5137//5137 5136//5136
f 5131//5131 5132//5132 5138//5138
f 5131//5131 5138//5138 5137//5137
f 5132//5132 5133//5133 5139//5139
f 5132//5132 5139//5139 5138//5138
f 5133//5133 5129//5129 5135//5135
f 5133//5133 5135//5135 5139//5139
f 5135//5135 5134//5134 5140//5140
f 5135//5135 5140//5140 5141//5141
f 5134//5134 5136//5136 5142//5142
f 5134//5134 5142//5142 5140//5140
f 5136//5136 5137//5137 5143//5143
f 5136//5136 5143//5143 5142//5142
f 5137//5137 5138//5138 5144//5144
f 5137//5137 5144//5144 5143//5143
f 5138//5138 5139//5139 5145//5145
f 5138//5138 5145//5145 5144//5144
f 5139//5139 5135//5135 5141//5141
f 5139//5139 5141//5141 5145//5145
f 5141//5141 5140//5140 5146//5146
f 5141//5141 5146//5146 5147//5147
f 5140//5140 5142//5142 5148//5148
f 5140//5140 5148//5148 5146//5146
f 5142//5142 5143//5143 5149//5149
f 5142//5142 5149//5149 5148//5148
f 5143//5143 5144//5144 5150//5150
f 5143//5143 5150//5150 5149//5149
f 5144//5144 5145//5145 5151//5151
f 5144//5144 5151//5151 5150//5150
f 5145//5145 5141//5141 5147//5147
f 5145//5145 5147//5147 5151//5151
f 5147//5147 5146//5146 5152//5152
f 5147//5147 5152//5152 5153//5153
f 5146//5146 5148//5148 5154//5154
f 5146//5146 5154//5154 5152//5152
f 5148//5148 5149//5149 5155//5155
f 5148//5148 5155//5155 5154//5154
f 5149//5149 5150//5150 5156//5156
f 5149//5149 5156//5156 5155//5155
f 5150//5150 5151//5151 5157//5157
f 5150//5150 5157//5157 5156//5156
f 5151//5151 5147//5147 5153//5153
f 5151//5151 5153//5153 5157//5157
f 5153//5153 5152//5152 5158//5158
f 5153//5153 5158//5158 5159//5159
f 5152//5152 5154//5154 5160//5160
f 5152//5152 5160//5160 5158//5158
f 5154//5154 5155//5155 5161//5161
f 5154//5154 5161//5161 5160//5160
f 5155//5155 5156//5156 5162//5162
f 5155//5155 5162//5162 5161//5161
f 5156//5156 5157//5157 5163//5163
f 5156//5156 5163//5163 5162//5162
f 5157//5157 5153//5153 5159//5159
f 5157//5157 5159//5159 5163//5163
f 5159//5159 5158//5158 5164//5164
f 5159//5159 5164//5164 5165//5165
f 5158//5158 5160//5160 5166//5166
f 5158//5158 5166//5166 5164//5164
f 5160//5160 5161//5161 5167//5167
f 5160//5160 5167//5167 5166//5166
f 5161//5161 5162//5162 5168//5168
f 5161//5161 5168//5168 5167//5167
f 5162//5162 5163//5163 5169//5169
f 5162//5162 5169//5169 5168//5168
f 5163//5163 5159//5159 5165//5165
f 5163//5163 5165//5165 5169//5169
f 5165//5165 5164//5164 5170//5170
f 5165//5165 5170//5170 5171//5171
f 5164//5164 5166//5166 5172//5172
f 5164//5164 5172//5172 5170//5170
f 5166//5166 5167//5167 5173//5173
f 5166//5166 5173//5173 5172//5172
f 5167//5167 5168//5168 5174//5174
f 5167//5167 5174//5174 5173//5173
f 5168//5168 5169//5169 5175//5175
f 5168//5168 5175//5175 5174//5174
f 5169//5169 5165//5165 5171//5171
f 5169//5169 5171//5171 5175//5175
f 5171//5171 5170//5170 5176//5176
f 5171//5171 5176//5176 5177//5177
f 5170//5170 5172//5172 5178//5178
f 5170//5170 5178//5178 5176//5176
f 5172//5172 5173//5173 5179//5179
f 5172//5172 5179//5179 5178//5178
f 5173//5173 5174//5174 5180//5180
f 5173//5173 5180//5180 5179//5179
f 5174//5174 5175//5175 5181//5181
f 5174//5174 5181//5181 5180//5180
f 5175//5175 5171//5171 5177//5177
f 5175//5175 5177//5177 5181//5181
f 5177//5177 5176//5176 5182//5182
f 5177//5177 5182//5182 5183//5183
f 5176//5176 5178//5178 5184//5184
f 5176//5176 5184//5184 5182//5182
f 5178//5178 5179//5179 5185//5185
f 5178//5178 5185//5185 5184//5184
f 5179//5179 5180//5180 5186//5186
f 5179//5179 5186//5186 5185//5185
f 5180//5180 5181//5181 5187//5187
f 5180//5180 5187//5187 5186//5186
f 5181//5181 5177//5177 5183//5183
f 5181//5181 5183//5183 5187//5187
f 5183//5183 5182//5182 5188//5188
f 5183//5183 5188//5188 5189//5189
f 5182//5182 5184//5184 5190//5190
f 5182//5182 5190//5190 5188//5188
f 5184//5184 5185//5185 5191//5191
f 5184//5184 5191//5191 5190//5190
f 5185//5185 5186//5186 5192//5192
f 5185//5185 5192//5192 5191//5191
f 5186//5186 5187//5187 5193//5193
f 5186//5186 5193//5193 5192//5192
f 5187//5187 5183//5183 5189//5189
f 5187//5187 5189//5189 5193//5193
f 5189//5189 5188//5188 5194//5194
f 5189//5189 5194//5194 5195//5195
f 5188//5188 5190//5190 5196//5196
f 5188//5188 5196//5196 5194//5194
f 5190//5190 5191//5191 5197//5197
f 5190//5190 5197//5197 5196//5196
f 5191//5191 5192//5192 5198//5198
f 5191//5191 5198//5198 5197//5197
f 5192//5192 5193//5193 5199//5199
f 5192//5192 5199//5199 5198//5198
f 5193//5193 5189//5189 5195//5195
f 5193//5193 5195//5195 5199//5199
f 5195//5195 5194//5194 5200//5200
f 5195//5195 5200//5200 5201//5201
f 5194//5194 5196//5196 5202//5202
f 5194//5194 5202//5202 5200//5200
f 5196//5196 5197//5197 5203//5203
f 5196//5196 5203//5203 5202//5202
f 5197//5197 5198//5198 5204//5204
f 5197//5197 5204//5204 5203//5203
f 5198//5198 5199//5199 5205//5205
f 5198//5198 5205//5205 5204//5204
f 5199//5199 5195//5195 5201//5201
f 5199//5199 5201//5201 5205//5205
f 5201//5201 5200//5200 5206//5206
f 5201//5201 5206//5206 5207//5207
f 5200//5200 5202//5202 5208//5208
f 5200//5200 5208//5208 5206//5206
f 5202//5202 5203//5203 5209//5209
f 5202//5202 5209//5209 5208//5208
f 5203//5203 5204//5204 5210//5210
f 5203//5203 5210//5210 5209//5209
f 5204//5204 5205//5205 5211//5211
f 5204//5204 5211//5211 5210//5210
f 5205//5205 5201//5201 5207//5207
f 5205//5205 5207//5207 5211//5211
f 5207//5207 5206//5206 5212//5212
f 5207//5207 5212//5212 5213//5213
f 5206//5206 5208//5208 5214//5214
f 5206//5206 5214//5214 5212//5212
f 5208//5208 5209//5209 5215//5215
f 5208//5208 5215//5215 5214//5214
f 5209//5209 5210//5210 5216//5216
f 5209//5209 5216//5216 5215//5215
f 5210//5210 5211//5211 5217//5217
f 5210//5210 5217//5217 5216//5216
f 5211//5211 5207//5207 5213//5213
f 5211//5211 5213//5213 5217//5217
f 5213//5213 5212//5212 5218//5218
f 5213//5213 5218//5218 5219//5219
f 5212//5212 5214//5214 5220//5220
f 5212//5212 5220//5220 5218//5218
f 5214//5214 5215//5215 5221//5221
f 5214//5214 5221//5221 5220//5220
f 5215//5215 5216//5216 5222//5222
f 5215//5215 5222//5222 5221//5221
f 5216//5216 5217//5217 5223//5223
f 5216//5216 5223//5223 5222//5222
f 5217//5217 5213//5213 5219//5219
f 5217//5217 5219//5219 5223//5223
f 5219//5219 5218//5218 5224//5224
f 5219//5219 5224//5224 5225//5225
f 5218//5218 5220//5220 5226//5226
f 5218//5218 5226//5226 5224//5224
f 5220//5220 5221//5221 5227//5227
f 5220//5220 5227//5227 5226//5226
f 5221//5221 5222//5222 5228//5228
f 5221//5221 5228//5228 5227//5227
f 5222//5222 5223//5223 5229//5229
f 5222//5222 5229//5229 5228//5228
f 5223//5223 5219//5219 5225//5225
f 5223//5223 5225//5225 5229//5229
f 5225//5225 5224//5224 5230//5230
f 5225//5225 5230//5230 5231//5231
f 5224//5224 5226//5226 5232//5232
f 5224//5224 5232//5232 5230//5230
f 5226//5226 5227//5227 5233//5233
f 5226//5226 5233//5233 5232//5232
f 5227//5227 5228//5228 5234//5234
f 5227//5227 5234//5234 5233//5233
f 5228//5228 5229//5229 5235//5235
f 5228//5228 5235//5235 5234//5234
f 5229//5229 5225//5225 5231//5231
f 5229//5229 5231//5231 5235//5235
f 5231//5231 5230//5230 5236//5236
f 5231//5231 5236//5236 5237//5237
f 5230//5230 5232//5232 5238//5238
f 5230//5230 5238//5238 5236//5236
f 5232//5232 5233//5233 5239//5239
f 5232//5232 5239//5239 5238//5238
f 5233//5233 5234//5234 5240//5240
f 5233//5233 5240//5240 5239//5239
f 5234//5234 5235//5235 5241//5241
f 5234//5234 5241//5241 5240//5240
f 5235//5235 5231//5231 5237//5237
f 5235//5235 5237//5237 5241//5241
f 5237//5237 5236//5236 5242//5242
f 5237//5237 5242//5242 5243//5243
f 5236//5236 5238//5238 5244//5244
f 5236//5236 5244//5244 5242//5242
f 5238//5238 5239//5239 5245//5245
f 5238//5238 5245//5245 5244//5244
f 5239//5239 5240//5240 5246//5246
f 5239//5239 5246//5246 5245//5245
f 5240//5240 5241//5241 5247//5247
f 5240//5240 5247//5247 5246//5246
f 5241//5241 5237//5237 5243//5243
f 5241//5241 5243//5243 5247//5247
f 5243//5243 5242//5242 5248//5248
f 5243//5243 5248//5248 5249//5249
f 5242//5242 5244//5244 5250//5250
f 5242//5242 5250//5250 5248//5248
f 5244//5244 5245//5245 5251//5251
f 5244//5244 5251//5251 5250//5250
f 5245//5245 5246//5246 5252//5252
f 5245//5245 5252//5252 5251//5251
f 5246//5246 5247//5247 5253//5253
f 5246//5246 5253//5253 5252//5252
f 5247//5247 5243//5243 5249//5249
f 5247//5247 5249//5249 5253//5253
f 5249//5249 5248//5248 5254//5254
f 5249//5249 5254//5254 5255//5255
f 5248//5248 5250//5250 5256//5256
f 5248//5248 5256//5256 5254//5254
f 5250//5250 5251//5251 5257//5257
f 5250//5250 5257//5257 5256//5256
f 5251//5251 5252//5252 5258//5258
f 5251//5251 5258//5258 5257//5257
f 5252//5252 5253//5253 5259//5259
f 5252//5252 5259//5259 5258//5258
f 5253//5253 5249//5249 5255//5255
f 5253//5253 5255//5255 5259//5259
f 5255//5255 5254//5254 5260//5260
f 5255//5255 5260//5260 5261//5261
f 5254//5254 5256//5256 5262//5262
f 5254//5254 5262//5262 5260//5260
f 5256//5256 5257//5257 5263//5263
f 5256//5256 5263//5263 5262//5262
f 5257//5257 5258//5258 5264//5264
f 5257//5257 5264//5264 5263//5263
f 5258//5258 5259//5259 5265//5265
f 5258//5258 5265//5265 5264//5264
f 5259//5259 5255//5255 5261//5261
f 5259//5259 5261//5261 5265//5265
f 5261//5261 5260//5260 5262//5262
f 5261//5261 5262//5262 5263//5263
f 5261//5261 5263//5263 5264//5264
f 5261//5261 5264//5264 5265//5265
usemtl color_9
f 5266//5266 5267//5267 5268//5268
f 5266//5266 5268//5268 5269//5269
f 5266//5266 5269//5269 5270//5270
f 5266//5266 5270//5270 5271//5271
f 5266//5266 5271//5271 5272//5272
f 5266//5266 5272//5272 5273//5273
f 5273//5273 5272//5272 5274//5274
f 5273//5273 5274//5274 5275//5275
f 5272//5272 5271//5271 5276//5276
f 5272//5272 5276//5276 5274//5274
f 5271//5271 5270//5270 5277//5277
f 5271//5271 5277//5277 5276//5276
f 5270//5270 5269//5269 5278//5278
f 5270//5270 5278//5278 5277//5277
f 5269//5269 5268//5268 5279//5279
f 5269//5269 5279//5279 5278//5278
f 5268//5268 5267//5267 5280//5280
f 5268//5268 5280//5280 5279//5279
f 5267//5267 5266//5266 5281//5281
f 5267//5267 5281//5281 5280//5280
f 5266//5266 5273//5273 5275//5275
f 5266//5266 5275//5275 5281//5281
f 5275//5275 5274//5274 5282//5282
f 5275//5275 5282//5282 5283//5283
f 5274//5274 5276//5276 5284//5284
f 5274//5274 5284//5284 5282//5282
f 5276//5276 5277//5277 5285//5285
f 5276//5276 5285//5285 5284//5284
f 5277//5277 5278//5278 5286//5286
f 5277//5277 5286//5286 5285//5285
f 5278//5278 5279//5279 5287//5287
f 5278//5278 5287//5287 5286//5286
f 5279//5279 5280//5280 5288//5288
f 5279//5279 5288//5288 5287//5287
f 5280//5280 5281//5281 5289//5289
f 5280//5280 5289//5289 5288//5288
f 5281//5281 5275//5275 5283//5283
f 5281//5281 5283//5283 5289//5289
f 5283//5283 5282//5282 5290//5290
f 5283//5283 5290//5290 5291//5291
f 5282//5282 5284//5284 5292//5292
f 5282//5282 5292//5292 5290//5290
f 5284//5284 5285//5285 5293//5293
f 5284//5284 5293//5293 5292//5292
f 5285//5285 5286//5286 5294//5294
f 5285//5285 5294//5294 5293//5293
f 5286//5286 5287//5287 5295//5295
f 5286//5286 5295//5295 5294//5294
f 5287//5287 5288//5288 5296//5296
f 5287//5287 5296//5296 5295//5295
f 5288//5288 5289//5289 5297//5297
f 5288//5288 5297//5297 5296//5296
f 5289//5289 5283//5283 5291//5291
f 5289//5289 5291//5291 5297//5297
f 5291//5291 5290//5290 5298//5298
f 5291//5291 5298//5298 5299//5299
f 5290//5290 5292//5292 5300//5300
f 5290//5290 5300//5300 5298//5298
f 5292//5292 5293//5293 5301//5301
f 5292//5292 5301//5301 5300//5300
f 5293//5293 5294//5294 5302//5302
f 5293//5293 5302//5302 5301//5301
f 5294//5294 5295//5295 5303//5303
f 5294//5294 5303//5303 5302//5302
f 5295//5295 5296//5296 5304//5304
f 5295//5295 5304//5304 5303//5303
f 5296//5296 5297//5297 5305//5305
f 5296//5296 5305//5305 5304//5304
f 5297//5297 5291//5291 5299//5299
f 5297//5297 5299//5299 5305//5305
f 5299//5299 5298//5298 5306//5306
f 5299//5299 5306//5306 5307//5307
f 5298//5298 5300//5300 5308//5308
f 5298//5298 5308//5308 5306//5306
f 5300//5300 5301//5301 5309//5309
f 5300//5300 5309//5309 5308//5308
f 5301//5301 5302//5302 5310//5310
f 5301//5301 5310//5310 5309//5309
f 5302//5302 5303//5303 5311//5311
f 5302//5302 5311//5311 5310//5310
f 5303//5303 5304//5304 5312//5312
f 5303//5303 5312//5312 5311//5311
f 5304//5304 5305//5305 5313//5313
f 5304//5304 5313//5313 5312//5312
f 5305//5305 5299//5299 5307//5307
f 5305//5305 5307//5307 5313//5313
f 5307//5307 5306//5306 5314//5314
f 5307//5307 5314//5314 5315//5315
f 5306//5306 5308//5308 5316//5316
f 5306//5306 5316//5316 5314//5314
f 5308//5308 5309//5309 5317//5317
f 5308//5308 5317//5317 5316//5316
f 5309//5309 5310//5310 5318//5318
f 5309//5309 5318//5318 5317//5317
f 5310//5310 5311//5311 5319//5319
f 5310//5310 5319//5319 5318//5318
f 5311//5311 5312//5312 5320//5320
f 5311//5311 5320//5320 5319//5319
f 5312//5312 5313//5313 5321//5321
f 5312//5312 5321//5321 5320//5320
f 5313//5313 5307//5307 5315//5315
f 5313//5313 5315//5315 5321//5321
f 5315//5315 5314//5314 5322//5322
f 5315//5315 5322//5322 5323//5323
f 5314//5314 5316//5316 5324//5324
f 5314//5314 5324//5324 5322//5322
f 5316//5316 5317//5317 5325//5325
f 5316//5316 5325//5325 5324//5324
f 5317//5317 5318//5318 5326//5326
f 5317//5317 5326//5326 5325//5325
f 5318//5318 5319//5319 5327//5327
f 5318//5318 5327//5327 5326//5326
f 5319//5319 5320//5320 5328//5328
f 5319//5319 5328//5328 5327//5327
f 5320//5320 5321//5321 5329//5329
f 5320//5320 5329//5329 5328//5328
f 5321//5321 5315//5315 5323//5323
f 5321//5321 5323//5323 5329//5329
f 5323//5323 5322//5322 5330//5330
f 5323//5323 5330//5330 5331//5331
f 5322//5322 5324//5324 5332//5332
f 5322//5322 5332//5332 5330//5330
f 5324//5324 5325//5325 5333//5333
f 5324//5324 5333//5333 5332//5332
f 5325//5325 5326//5326 5334//5334
f 5325//5325 5334//5334 5333//5333
f 5326//5326 5327//5327 5335//5335
f 5326//5326 5335//5335 5334//5334
f 5327//5327 5328//5328 5336//5336
f 5327//5327 5336//5336 5335//5335
f 5328//5328 5329//5329 5337//5337
f 5328//5328 5337//5337 5336//5336
f 5329//5329 5323//5323 5331//5331
f 5329//5329 5331//5331 5337//5337
f 5331//5331 5330//5330 5338//5338
f 5331//5331 5338//5338 5339//5339
f 5330//5330 5332//5332 5340//5340
f 5330//5330 5340//5340 5338//5338
f 5332//5332 5333//5333 5341//5341
f 5332//5332 5341//5341 5340//5340
f 5333//5333 5334//5334 5342//5342
f 5333//5333 5342//5342 5341//5341
f 5334//5334 5335//5335 5343//5343
f 5334//5334 5343//5343 5342//5342
f 5335//5335 5336//5336 5344//5344
f 5335//5335 5344//5344 5343//5343
f 5336//5336 5337//5337 5345//5345
f 5336//5336 5345//5345 5344//5344
f 5337//5337 5331//5331 5339//5339
f 5337//5337 5339//5339 5345//5345
f 5339//5339 5338//5338 5346//5346
f 5339//5339 5346//5346 5347//5347
f 5338//5338 5340//5340 5348//5348
f 5338//5338 5348//5348 5346//5346
f 5340//5340 5341//5341 5349//5349
f 5340//5340 5349//5349 5348//5348
f 5341//5341 5342//5342 5350//5350
f 5341//5341 5350//5350 5349//5349
f 5342//5342 5343//5343 5351//5351
f 5342//5342 5351//5351 5350//5350
f 5343//5343 5344//5344 5352//5352
f 5343//5343 5352//5352 5351//5351
f 5344//5344 5345//5345 5353//5353
f 5344//5344 5353//5353 5352//5352
f 5345//5345 5339//5339 5347//5347
f 5345//5345 5347//5347 5353//5353
f 5347//5347 5346//5346 5348//5348
f 5347//5347 5348//5348 5349//5349
f 5347//5347 5349//5349 5350//5350
f 5347//5347 5350//5350 5351//5351
f 5347//5347 5351//5351 5352//5352
f 5347//5347 5352//5352 5353//5353
f 5354//5354 5355//5355 5356//5356
f 5354//5354 5356//5356 5357//5357
f 5354//5354 5357//5357 5358//5358
f 5354//5354 5358//5358 5359//5359
f 5354//5354 5359//5359 5360//5360
f 5354//5354 5360//5360 5361//5361
f 5361//5361 5360//5360 5362//5362
f 5361//5361 5362//5362 5363//5363
f 5360//5360 5359//5359 5364//5364
f 5360//5360 5364//5364 5362//5362
f 5359//5359 5358//5358 5365//5365
f 5359//5359 5365//5365 5364//5364
f 5358//5358 5357//5357 5366//5366
f 5358//5358 5366//5366 5365//5365
f 5357//5357 5356//5356 5367//5367
f 5357//5357 5367//5367 5366//5366
f 5356//5356 5355//5355 5368//5368
f 5356//5356 5368//5368 5367//5367
f 5355//5355 5354//5354 5369//5369
f 5355//5355 5369//5369 5368//5368
f 5354//5354 5361//5361 5363//5363
f 5354//5354 5363//5363 5369//5369
f 5363//5363 5362//5362 5370//5370
f 5363//5363 5370//5370 5371//5371
f 5362//5362 5364//5364 5372//5372
f 5362//5362 5372//5372 5370//5370
f 5364//5364 5365//5365 5373//5373
f 5364//5364 5373//5373 5372//5372
f 5365//5365 5366//5366 5374//5374
f 5365//5365 5374//5374 5373//5373
f 5366//5366 5367//5367 5375//5375
f 5366//5366 5375//5375 5374//5374
f 5367//5367 5368//5368 5376//5376
f 5367//5367 5376//5376 5375//5375
f 5368//5368 5369//5369 5377//5377
f 5368//5368 5377//5377 5376//5376
f 5369//5369 5363//5363 5371//5371
f 5369//5369 5371//5371 5377//5377
f 5371//5371 5370//5370 5378//5378
f 5371//5371 5378//5378 5379//5379
f 5370//5370 5372//5372 5380//5380
f 5370//5370 5380//5380 5378//5378
f 5372//5372 5373//5373 5381//5381
f 5372//5372 5381//5381 5380//5380
f 5373//5373 5374//5374 5382//5382
f 5373//5373 5382//5382 5381//5381
f 5374//5374 5375//5375 5383//5383
f 5374//5374 5383//5383 5382//5382
f 5375//5375 5376//5376 5384//5384
f 5375//5375 5384//5384 5383//5383
f 5376//5376 5377//5377 5385//5385
f 5376//5376 5385//5385 5384//5384
f 5377//5377 5371//5371 5379//5379
f 5377//5377 5379//5379 5385//5385
f 5379//5379 5378//5378 5386//5386
f 5379//5379 5386//5386 5387//5387
f 5378//5378 5380//5380 5388//5388
f 5378//5378 5388//5388 5386//5386
f 5380//5380 5381//5381 5389//5389
f 5380//5380 5389//5389 5388//5388
f 5381//5381 5382//5382 5390//5390
f 5381//5381 5390//5390 5389//5389
f 5382//5382 5383//5383 5391//5391
f 5382//5382 5391//5391 5390//5390
f 5383//5383 5384//5384 5392//5392
f 5383//5383 5392//5392 5391//5391
f 5384//5384 5385//5385 5393//5393
f 5384//5384 5393//5393 5392//5392
f 5385//5385 5379//5379 5387//5387
f 5385//5385 5387//5387 5393//5393
f 5387//5387 5386//5386 5394//5394
f 5387//5387 5394//5394 5395//5395
f 5386//5386 5388//5388 5396//5396
f 5386//5386 5396//5396 5394//5394
f 5388//5388 5389//5389 5397//5397
f 5388//5388 5397//5397 5396//5396
f 5389//5389 5390//5390 5398//5398
f 5389//5389 5398//5398 5397//5397
f 5390//5390 5391//5391 5399//5399
f 5390//5390 5399//5399 5398//5398
f 5391//5391 5392//5392 5400//5400
f 5391//5391 5400//5400 5399//5399
f 5392//5392 5393//5393 5401//5401
f 5392//5392 5401//5401 5400//5400
f 5393//5393 5387//5387 5395//5395
f 5393//5393 5395//5395 5401//5401
f 5395//5395 5394//5394 5402//5402
f 5395//5395 5402//5402 5403//5403
f 5394//5394 5396//5396 5404//5404
f 5394//5394 5404//5404 5402//5402
f 5396//5396 5397//5397 5405//5405
f 5396//5396 5405//5405 5404//5404
f 5397//5397 5398//5398 5406//5406
f 5397//5397 5406//5406 5405//5405
f 5398//5398 5399//5399 5407//5407
f 5398//5398 5407//5407 5406//5406
f 5399//5399 5400//5400 5408//5408
f 5399//5399 5408//5408 5407//5407
f 5400//5400 5401//5401 5409//5409
f 5400//5400 5409//5409 5408//5408
f 5401//5401 5395//5395 5403//5403
f 5401//5401 5403//5403 5409//5409
f 5403//5403 5402//5402 5410//5410
f 5403//5403 5410//5410 5411//5411
f 5402//5402 5404//5404 5412//5412
f 5402//5402 5412//5412 5410//5410
f 5404//5404 5405//5405 5413//5413
f 5404//5404 5413//5413 5412//5412
f 5405//5405 5406//5406 5414//5414
f 5405//5405 5414//5414 5413//5413
f 5406//5406 5407//5407 5415//5415
f 5406//5406 5415//5415 5414//5414
f 5407//5407 5408//5408 5416//5416
f 5407//5407 5416//5416 5415//5415
f 5408//5408 5409//5409 5417//5417
f 5408//5408 5417//5417 5416//5416
f 5409//5409 5403//5403 5411//5411
f 5409//5409 5411//5411 5417//5417
f 5411//5411 5410//5410 5418//5418
f 5411//5411 5418//5418 5419//5419
f 5410//5410 5412//5412 5420//5420
f 5410//5410 5420//5420 5418//5418
f 5412//5412 5413//5413 5421//5421
f 5412//5412 5421//5421 5420//5420
f 5413//5413 5414//5414 5422//5422
f 5413//5413 5422//5422 5421//5421
f 5414//5414 5415//5415 5423//5423
f 5414//5414 5423//5423 5422//5422
f 5415//5415 5416//5416 5424//5424
f 5415//5415 5424//5424 5423//5423
f 5416//5416 5417//5417 5425//5425
f 5416//5416 5425//5425 5424//5424
f 5417//5417 5411//5411 5419//5419
f 5417//5417 5419//5419 5425//5425
f 5419//5419 5418//5418 5426//5426
f 5419//5419 5426//5426 5427//5427
f 5418//5418 5420//5420 5428//5428
f 5418//5418 5428//5428 5426//5426
f 5420//5420 5421//5421 5429//5429
f 5420//5420 5429//5429 5428//5428
f 5421//5421 5422//5422 5430//5430
f 5421//5421 5430//5430 5429//5429
f 5422//5422 5423//5423 5431//5431
f 5422//5422 5431//5431 5430//5430
f 5423//5423 5424//5424 5432//5432
f 5423//5423 5432//5432 5431//5431
f 5424//5424 5425//5425 5433//5433
f 5424//5424 5433//5433 5432//5432
f 5425//5425 5419//5419 5427//5427
f 5425//5425 5427//5427 5433//5433
f 5427//5427 5426//5426 5434//5434
f 5427//5427 5434//5434 5435//5435
f 5426//5426 5428//5428 5436//5436
f 5426//5426 5436//5436 5434//5434
f 5428//5428 5429//5429 5437//5437
f 5428//5428 5437//5437 5436//5436
f 5429//5429 5430//5430 5438//5438
f 5429//5429 5438//5438 5437//5437
f 5430//5430 5431//5431 5439//5439
f 5430//5430 5439//5439 5438//5438
f 5431//5431 5432//5432 5440//5440
f 5431//5431 5440//5440 5439//5439
f 5432//5432 5433//5433 5441//5441
f 5432//5432 5441//5441 5440//5440
f 5433//5433 5427//5427 5435//5435
f 5433//5433 5435//5435 5441//5441
f 5435//5435 5434//5434 5436//5436
f 5435//5435 5436//5436 5437//5437
f 5435//5435 5437//5437 5438//5438
f 5435//5435 5438//5438 5439//5439
f 5435//5435 5439//5439 5440//5440
f 5435//5435 5440//5440 5441//5441
f 5442//5442 5443//5443 5444//5444
f 5442//5442 5444//5444 5445//5445
f 5442//5442 5445//5445 5446//5446
f 5442//5442 5446//5446 5447//5447
f 5442//5442 5447//5447 5448//5448
f 5442//5442 5448//5448 5449//5449
f 5449//5449 5448//5448 5450//5450
f 5449//5449 5450//5450 5451//5451
f 5448//5448 5447//5447 5452//5452
f 5448//5448 5452//5452 5450//5450
f 5447//5447 5446//5446 5453//5453
f 5447//5447 5453//5453 5452//5452
f 5446//5446 5445//5445 5454//5454
f 5446//5446 5454//5454 5453//5453
f 5445//5445 5444//5444 5455//5455
f 5445//5445 5455//5455 5454//5454
f 5444//5444 5443//5443 5456//5456
f 5444//5444 5456//5456 5455//5455
f 5443//5443 5442//5442 5457//5457
f 5443//5443 5457//5457 5456//5456
f 5442//5442 5449//5449 5451//5451
f 5442//5442 5451//5451 5457//5457
f 5451//5451 5450//5450 5458//5458
f 5451//5451 5458//5458 5459//5459
f 5450//5450 5452//5452 5460//5460
f 5450//5450 5460//5460 5458//5458
f 5452//5452 5453//5453 5461//5461
f 5452//5452 5461//5461 5460//5460
f 5453//5453 5454//5454 5462//5462
f 5453//5453 5462//5462 5461//5461
f 5454//5454 5455//5455 5463//5463
f 5454//5454 5463//5463 5462//5462
f 5455//5455 5456//5456 5464//5464
f 5455//5455 5464//5464 5463//5463
f 5456//5456 5457//5457 5465//5465
f 5456//5456 5465//5465 5464//5464
f 5457//5457 5451//5451 5459//5459
f 5457//5457 5459//5459 5465//5465
f 5459//5459 5458//5458 5466//5466
f 5459//5459 5466//5466 5467//5467
f 5458//5458 5460//5460 5468//5468
f 5458//5458 5468//5468 5466//5466
f 5460//5460 5461//5461 5469//5469
f 5460//5460 5469//5469 5468//5468
f 5461//5461 5462//5462 5470//5470
f 5461//5461 5470//5470 5469//5469
f 5462//5462 5463//5463 5471//5471
f 5462//5462 5471//5471 5470//5470
f 5463//5463 5464//5464 5472//5472
f 5463//5463 5472//5472 5471//5471
f 5464//5464 5465//5465 5473//5473
f 5464//5464 5473//5473 5472//5472
f 5465//5465 5459//5459 5467//5467
f 5465//5465 5467//5467 5473//5473
f 5467//5467 5466//5466 5474//5474
f 5467//5467 5474//5474 5475//5475
f 5466//5466 5468//5468 5476//5476
f 5466//5466 5476//5476 5474//5474
f 5468//5468 5469//5469 5477//5477
f 5468//5468 5477//5477 5476//5476
f 5469//5469 5470//5470 5478//5478
f 5469//5469 5478//5478 5477//5477
f 5470//5470 5471//5471 5479//5479
f 5470//5470 5479//5479 5478//5478
f 5471//5471 5472//5472 5480//5480
f 5471//5471 5480//5480 5479//5479
f 5472//5472 5473//5473 5481//5481
f 5472//5472 5481//5481 5480//5480
f 5473//5473 5467//5467 5475//5475
f 5473//5473 5475//5475 5481//5481
f 5475//5475 5474//5474 5482//5482
f 5475//5475 5482//5482 5483//5483
f 5474//5474 5476//5476 5484//5484
f 5474//5474 5484//5484 5482//5482
f 5476//5476 5477//5477 5485//5485
f 5476//5476 5485//5485 5484//5484
f 5477//5477 5478//5478 5486//5486
f 5477//5477 5486//5486 5485//5485
f 5478//5478 5479//5479 5487//5487
f 5478//5478 5487//5487 5486//5486
f 5479//5479 5480//5480 5488//5488
f 5479//5479 5488//5488 5487//5487
f 5480//5480 5481//5481 5489//5489
f 5480//5480 5489//5489 5488//5488
f 5481//5481 5475//5475 5483//5483
f 5481//5481 5483//5483 5489//5489
f 5483//5483 5482//5482 5490//5490
f 5483//5483 5490//5490 5491//5491
f 5482//5482 5484//5484 5492//5492
f 5482//5482 5492//5492 5490//5490
f 5484//5484 5485//5485 5493//5493
f 5484//5484 5493//5493 5492//5492
f 5485//5485 5486//5486 5494//5494
f 5485//5485 5494//5494 5493//5493
f 5486//5486 5487//5487 5495//5495
f 5486//5486 5495//5495 5494//5494
f 5487//5487 5488//5488 5496//5496
f 5487//5487 5496//5496 5495//5495
f 5488//5488 5489//5489 5497//5497
f 5488//5488 5497//5497 5496//5496
f 5489//5489 5483//5483 5491//5491
f 5489//5489 5491//5491 5497//5497
f 5491//5491 5490//5490 5498//5498
f 5491//5491 5498//5498 5499//5499
f 5490//5490 5492//5492 5500//5500
f 5490//5490 5500//5500 5498//5498
f 5492//5492 5493//5493 5501//5501
f 5492//5492 5501//5501 5500//5500
f 5493//5493 5494//5494 5502//5502
f 5493//5493 5502//5502 5501//5501
f 5494//5494 5495//5495 5503//5503
f 5494//5494 5503//5503 5502//5502
f 5495//5495 5496//5496 5504//5504
f 5495//5495 5504//5504 5503//5503
f 5496//5496 5497//5497 5505//5505
f 5496//5496 5505//5505 5504//5504
f 5497//5497 5491//5491 5499//5499
f 5497//5497 5499//5499 5505//5505
f 5499//5499 5498//5498 5506//5506
f 5499//5499 5506//5506 5507//5507
f 5498//5498 5500//5500 5508//5508
f 5498//5498 5508//5508 5506//5506
f 5500//5500 5501//5501 5509//5509
f 5500//5500 5509//5509 5508//5508
f 5501//5501 5502//5502 5510//5510
f 5501//5501 5510//5510 5509//5509
f 5502//5502 5503//5503 5511//5511
f 5502//5502 5511//5511 5510//5510
f 5503//5503 5504//5504 5512//5512
f 5503//5503 5512//5512 5511//5511
f 5504//5504 5505//5505 5513//5513
f 5504//5504 5513//5513 5512//5512
f 5505//5505 5499//5499 5507//5507
f 5505//5505 5507//5507 5513//5513
f 5507//5507 5506//5506 5514//5514
f 5507//5507 5514//5514 5515//5515
f 5506//5506 5508//5508 5516//5516
f 5506//5506 5516//5516 5514//5514
f 5508//5508 5509//5509 5517//5517
f 5508//5508 5517//5517 5516//5516
f 5509//5509 5510//5510 5518//5518
f 5509//5509 5518//5518 5517//5517
f 5510//5510 5511//5511 5519//5519
f 5510//5510 5519//5519 5518//5518
f 5511//5511 5512//5512 5520//5520
f 5511//5511 5520//5520 5519//5519
f 5512//5512 5513//5513 5521//5521
f 5512//5512 5521//5521 5520//5520
f 5513//5513 5507//5507 5515//5515
f 5513//5513 5515//5515 5521//5521
f 5515//5515 5514//5514 5522//5522
f 5515//5515 5522//5522 5523//5523
f 5514//5514 5516//5516 5524//5524
f 5514//5514 5524//5524 5522//5522
f 5516//5516 5517//5517 5525//5525
f 5516//5516 5525//5525 5524//5524
f 5517//5517 5518//5518 5526//5526
f 5517//5517 5526//5526 5525//5525
f 5518//5518 5519//5519 5527//5527
f 5518//5518 5527//5527 5526//5526
f 5519//5519 5520//5520 5528//5528
f 5519//5519 5528//5528 5527//5527
f 5520//5520 5521//5521 5529//5529
f 5520//5520 5529//5529 5528//5528
f 5521//5521 5515//5515 5523//5523
f 5521//5521 5523//5523 5529//5529
f 5523//5523 5522//5522 5524//5524
f 5523//5523 5524//5524 5525//5525
f 5523//5523 5525//5525 5526//5526
f 5523//5523 5526//5526 5527//5527
f 5523//5523 5527//5527 5528//5528
f 5523//5523 5528//5528 5529//5529
f 5530//5530 5531//5531 5532//5532
f 5530//5530 5532//5532 5533//5533
f 5530//5530 5533//5533 5534//5534
f 5530//5530 5534//5534 5535//5535
f 5530//5530 5535//5535 5536//5536
f 5530//5530 5536//5536 5537//5537
f 5537//5537 5536//5536 5538//5538
f 5537//5537 5538//5538 5539//5539
f 5536//5536 5535//5535 5540//5540
f 5536//5536 5540//5540 5538//5538
f 5535//5535 5534//5534 5541//5541
f 5535//5535 5541//5541 5540//5540
f 5534//5534 5533//5533 5542//5542
f 5534//5534 5542//5542 5541//5541
f 5533//5533 5532//5532 5543//5543
f 5533//5533 5543//5543 5542//5542
f 5532//5532 5531//5531 5544//5544
f 5532//5532 5544//5544 5543//5543
f 5531//5531 5530//5530 5545//5545
f 5531//5531 5545//5545 5544//5544
f 5530//5530 5537//5537 5539//5539
f 5530//5530 5539//5539 5545//5545
f 5539//5539 5538//5538 5546//5546
f 5539//5539 5546//5546 5547//5547
f 5538//5538 5540//5540 5548//5548
f 5538//5538 5548//5548 5546//5546
f 5540//5540 5541//5541 5549//5549
f 5540//5540 5549//5549 5548//5548
f 5541//5541 5542//5542 5550//5550
f 5541//5541 5550//5550 5549//5549
f 5542//5542 5543//5543 5551//5551
f 5542//5542 5551//5551 5550//5550
f 5543//5543 5544//5544 5552//5552
f 5543//5543 5552//5552 5551//5551
f 5544//5544 5545//5545 5553//5553
f 5544//5544 5553//5553 5552//5552
f 5545//5545 5539//5539 5547//5547
f 5545//5545 5547//5547 5553//5553
f 5547//5547 5546//5546 5554//5554
f 5547//5547 5554//5554 5555//5555
f 5546//5546 5548//5548 5556//5556
f 5546//5546 5556//5556 5554//5554
f 5548//5548 5549//5549 5557//5557
f 5548//5548 5557//5557 5556//5556
f 5549//5549 5550//5550 5558//5558
f 5549//5549 5558//5558 5557//5557
f 5550//5550 5551//5551 5559//5559
f 5550//5550 5559//5559 5558//5558
f 5551//5551 5552//5552 5560//5560
f 5551//5551 5560//5560 5559//5559
f 5552//5552 5553//5553 5561//5561
f 5552//5552 5561//5561 5560//5560
f 5553//5553 5547//5547 5555//5555
f 5553//5553 5555//5555 5561//5561
f 5555//5555 5554//5554 5562//5562
f 5555//5555 5562//5562 5563//5563
f 5554//5554 5556//5556 5564//5564
f 5554//5554 5564//5564 5562//5562
f 5556//5556 5557//5557 5565//5565
f 5556//5556 5565//5565 5564//5564
f 5557//5557 5558//5558 5566//5566
f 5557//5557 5566//5566 5565//5565
f 5558//5558 5559//5559 5567//5567
f 5558//5558 5567//5567 5566//5566
f 5559//5559 5560//5560 5568//5568
f 5559//5559 5568//5568 5567//5567
f 5560//5560 5561//5561 5569//5569
f 5560//5560 5569//5569 5568//5568
f 5561//5561 5555//5555 5563//5563
f 5561//5561 5563//5563 5569//5569
f 5563//5563 5562//5562 5570//5570
f 5563//5563 5570//5570 5571//5571
f 5562//5562 5564//5564 5572//5572
f 5562//5562 5572//5572 5570//5570
f 5564//5564 5565//5565 5573//5573
f 5564//5564 5573//5573 5572//5572
f 5565//5565 5566//5566 5574//5574
f 5565//5565 5574//5574 5573//5573
f 5566//5566 5567//5567 5575//5575
f 5566//5566 5575//5575 5574//5574
f 5567//5567 5568//5568 5576//5576
f 5567//5567 5576//5576 5575//5575
f 5568//5568 5569//5569 5577//5577
f 5568//5568 5577//5577 5576//5576
f 5569//5569 5563//5563 5571//5571
f 5569//5569 5571//5571 5577//5577
f 5571//5571 5570//5570 5578//5578
f 5571//5571 5578//5578 5579//5579
f 5570//5570 5572//5572 5580//5580
f 5570//5570 5580//5580 5578//5578
f 5572//5572 5573//5573 5581//5581
f 5572//5572 5581//5581 5580//5580
f 5573//5573 5574//5574 5582//5582
f 5573//5573 5582//5582 5581//5581
f 5574//5574 5575//5575 5583//5583
f 5574//5574 5583//5583 5582//5582
f 5575//5575 5576//5576 5584//5584
f 5575//5575 5584//5584 5583//5583
f 5576//5576 5577//5577 5585//5585
f 5576//5576 5585//5585 5584//5584
f 5577//5577 5571//5571 5579//5579
f 5577//5577 5579//5579 5585//5585
f 5579//5579 5578//5578 5586//5586
f 5579//5579 5586//5586 5587//5587
f 5578//5578 5580//5580 5588//5588
f 5578//5578 5588//5588 5586//5586
f 5580//5580 5581//5581 5589//5589
f 5580//5580 5589//5589 5588//5588
f 5581//5581 5582//5582 5590//5590
f 5581//5581 5590//5590 5589//5589
f 5582//5582 5583//5583 5591//5591
f 5582//5582 5591//5591 5590//5590
f 5583//5583 5584//5584 5592//5592
f 5583//5583 5592//5592 5591//5591
f 5584//5584 5585//5585 5593//5593
f 5584//5584 5593//5593 5592//5592
f 5585//5585 5579//5579 5587//5587
f 5585//5585 5587//5587 5593//5593
f 5587//5587 5586//5586 5594//5594
f 5587//5587 5594//5594 5595//5595
f 5586//5586 5588//5588 5596//5596
f 5586//5586 5596//5596 5594//5594
f 5588//5588 5589//5589 5597//5597
f 5588//5588 5597//5597 5596//5596
f 5589//5589 5590//5590 5598//5598
f 5589//5589 5598//5598 5597//5597
f 5590//5590 5591//5591 5599//5599
f 5590//5590 5599//5599 5598//5598
f 5591//5591 5592//5592 5600//5600
f 5591//5591 5600//5600 5599//5599
f 5592//5592 5593//5593 5601//5601
f 5592//5592 5601//5601 5600//5600
f 5593//5593 5587//5587 5595//5595
f 5593//5593 5595//5595 5601//5601
f 5595//5595 5594//5594 5602//5602
f 5595//5595 5602//5602 5603//5603
f 5594//5594 5596//5596 5604//5604
f 5594//5594 5604//5604 5602//5602
f 5596//5596 5597//5597 5605//5605
f 5596//5596 5605//5605 5604//5604
f 5597//5597 5598//5598 5606//5606
f 5597//5597 5606//5606 5605//5605
f 5598//5598 5599//5599 5607//5607
f 5598//5598 5607//5607 5606//5606
f 5599//5599 5600//5600 5608//5608
f 5599//5599 5608//5608 5607//5607
f 5600//5600 5601//5601 5609//5609
f 5600//5600 5609//5609 5608//5608
f 5601//5601 5595//5595 5603//5603
f 5601//5601 5603//5603 5609//5609
f 5603//5603 5602//5602 5610//5610
f 5603//5603 5610//5610 5611//5611
f 5602//5602 5604//5604 5612//5612
f 5602//5602 5612//5612 5610//5610
f 5604//5604 5605//5605 5613//5613
f 5604//5604 5613//5613 5612//5612
f 5605//5605 5606//5606 5614//5614
f 5605//5605 5614//5614 5613//5613
f 5606//5606 5607//5607 5615//5615
f 5606//5606 5615//5615 5614//5614
f 5607//5607 5608//5608 5616//5616
f 5607//5607 5616//5616 5615//5615
f 5608//5608 5609//5609 5617//5617
f 5608//5608 5617//5617 5616//5616
f 5609//5609 5603//5603 5611//5611
f 5609//5609 5611//5611 5617//5617
f 5611//5611 5610//5610 5612//5612
f 5611//5611 5612//5612 5613//5613
f 5611//5611 5613//5613 5614//5614
f 5611//5611 5614//5614 5615//5615
f 5611//5611 5615//5615 5616//5616
f 5611//5611 5616//5616 5617//5617
f 5618//5618 5619//5619 5620//5620
f 5618//5618 5620//5620 5621//5621
f 5618//5618 5621//5621 5622//5622
f 5618//5618 5622//5622 5623//5623
f 5618//5618 5623//5623 5624//5624
f 5618//5618 5624//5624 5625//5625
f 5625//5625 5624//5624 5626//5626
f 5625//5625 5626//5626 5627//5627
f 5624//5624 5623//5623 5628//5628
f 5624//5624 5628//5628 5626//5626
f 5623//5623 5622//5622 5629//5629
f 5623//5623 5629//5629 5628//5628
f 5622//5622 5621//5621 5630//5630
f 5622//5622 5630//5630 5629//5629
f 5621//5621 5620//5620 5631//5631
f 5621//5621 5631//5631 5630//5630
f 5620//5620 5619//5619 5632//5632
f 5620//5620 5632//5632 5631//5631
f 5619//5619 5618//5618 5633//5633
f 5619//5619 5633//5633 5632//5632
f 5618//5618 5625//5625 5627//5627
f 5618//5618 5627//5627 5633//5633
f 5627//5627 5626//5626 5634//5634
f 5627//5627 5634//5634 5635//5635
f 5626//5626 5628//5628 5636//5636
f 5626//5626 5636//5636 5634//5634
f 5628//5628 5629//5629 5637//5637
f 5628//5628 5637//5637 5636//5636
f 5629//5629 5630//5630 5638//5638
f 5629//5629 5638//5638 5637//5637
f 5630//5630 5631//5631 5639//5639
f 5630//5630 5639//5639 5638//5638
f 5631//5631 5632//5632 5640//5640
f 5631//5631 5640//5640 5639//5639
f 5632//5632 5633//5633 5641//5641
f 5632//5632 5641//5641 5640//5640
f 5633//5633 5627//5627 5635//5635
f 5633//5633 5635//5635 5641//5641
f 5635//5635 5634//5634 5642//5642
f 5635//5635 5642//5642 5643//5643
f 5634//5634 5636//5636 5644//5644
f 5634//5634 5644//5644 5642//5642
f 5636//5636 5637//5637 5645//5645
f 5636//5636 5645//5645 5644//5644
f 5637//5637 5638//5638 5646//5646
f 5637//5637 5646//5646 5645//5645
f 5638//5638 5639//5639 5647//5647
f 5638//5638 5647//5647 5646//5646
f 5639//5639 5640//5640 5648//5648
f 5639//5639 5648//5648 5647//5647
f 5640//5640 5641//5641 5649//5649
f 5640//5640 5649//5649 5648//5648
f 5641//5641 5635//5635 5643//5643
f 5641//5641 5643//5643 5649//5649
f 5643//5643 5642//5642 5650//5650
f 5643//5643 5650//5650 5651//5651
f 5642//5642 5644//5644 5652//5652
f 5642//5642 5652//5652 5650//5650
f 5644//5644 5645//5645 5653//5653
f 5644//5644 5653//5653 5652//5652
f 5645//5645 5646//5646 5654//5654
f 5645//5645 5654//5654 5653//5653
f 5646//5646 5647//5647 5655//5655
f 5646//5646 5655//5655 5654//5654
f 5647//5647 5648//5648 5656//5656
f 5647//5647 5656//5656 5655//5655
f 5648//5648 5649//5649 5657//5657
f 5648//5648 5657//5657 5656//5656
f 5649//5649 5643//5643 5651//5651
f 5649//5649 5651//5651 5657//5657
f 5651//5651 5650//5650 5658//5658
f 5651//5651 5658//5658 5659//5659
f 5650//5650 5652//5652 5660//5660
f 5650//5650 5660//5660 5658//5658
f 5652//5652 5653//5653 5661//5661
f 5652//5652 5661//5661 5660//5660
f 5653//5653 5654//5654 5662//5662
f 5653//5653 5662//5662 5661//5661
f 5654//5654 5655//5655 5663//5663
f 5654//5654 5663//5663 5662//5662
f 5655//5655 5656//5656 5664//5664
f 5655//5655 5664//5664 5663//5663
f 5656//5656 5657//5657 5665//5665
f 5656//5656 5665//5665 5664//5664
f 5657//5657 5651//5651 5659//5659
f 5657//5657 5659//5659 5665//5665
f 5659//5659 5658//5658 5666//5666
f 5659//5659 5666//5666 5667//5667
f 5658//5658 5660//5660 5668//5668
f 5658//5658 5668//5668 5666//5666
f 5660//5660 5661//5661 5669//5669
f 5660//5660 5669//5669 5668//5668
f 5661//5661 5662//5662 5670//5670
f 5661//5661 5670//5670 5669//5669
f 5662//5662 5663//5663 5671//5671
f 5662//5662 5671//5671 5670//5670
f 5663//5663 5664//5664 5672//5672
f 5663//5663 5672//5672 5671//5671
f 5664//5664 5665//5665 5673//5673
f 5664//5664 5673//5673 5672//5672
f 5665//5665 5659//5659 5667//5667
f 5665//5665 5667//5667 5673//5673
f 5667//5667 5666//5666 5674//5674
f 5667//5667 5674//5674 5675//5675
f 5666//5666 5668//5668 5676//5676
f 5666//5666 5676//5676 5674//5674
f 5668//5668 5669//5669 5677//5677
f 5668//5668 5677//5677 5676//5676
f 5669//5669 5670//5670 5678//5678
f 5669//5669 5678//5678 5677//5677
f 5670//5670 5671//5671 5679//5679
f 5670//5670 5679//5679 5678//5678
f 5671//5671 5672//5672 5680//5680
f 5671//5671 5680//5680 5679//5679
f 5672//5672 5673//5673 5681//5681
f 5672//5672 5681//5681 5680//5680
f 5673//5673 5667//5667 5675//5675
f 5673//5673 5675//5675 5681//5681
f 5675//5675 5674//5674 5682//5682
f 5675//5675 5682//5682 5683//5683
f 5674//5674 5676//5676 5684//5684
f 5674//5674 5684//5684 5682//5682
f 5676//5676 5677//5677 5685//5685
f 5676//5676 5685//5685 5684//5684
f 5677//5677 5678//5678 5686//5686
f 5677//5677 5686//5686 5685//5685
f 5678//5678 5679//5679 5687//5687
f 5678//5678 5687//5687 5686//5686
f 5679//5679 5680//5680 5688//5688
f 5679//5679 5688//5688 5687//5687
f 5680//5680 5681//5681 5689//5689
f 5680//5680 5689//5689 5688//5688
f 5681//5681 5675//5675 5683//5683
f 5681//5681 5683//5683 5689//5689
f 5683//5683 5682//5682 5690//5690
f 5683//5683 5690//5690 5691//5691
f 5682//5682 5684//5684 5692//5692
f 5682//5682 5692//5692 5690//5690
f 5684//5684 5685//5685 5693//5693
f 5684//5684 5693//5693 5692//5692
f 5685//5685 5686//5686 5694//5694
f 5685//5685 5694//5694 5693//5693
f 5686//5686 5687//5687 5695//5695
f 5686//5686 5695//5695 5694//5694
f 5687//5687 5688//5688 5696//5696
f 5687//5687 5696//5696 5695//5695
f 5688//5688 5689//5689 5697//5697
f 5688//5688 5697//5697 5696//5696
f 5689//5689 5683//5683 5691//5691
f 5689//5689 5691//5691 5697//5697
f 5691//5691 5690//5690 5698//5698
f 5691//5691 5698//5698 5699//5699
f 5690//5690 5692//5692 5700//5700
f 5690//5690 5700//5700 5698//5698
f 5692//5692 5693//5693 5701//5701
f 5692//5692 5701//5701 5700//5700
f 5693//5693 5694//5694 5702//5702
f 5693//5693 5702//5702 5701//5701
f 5694//5694 5695//5695 5703//5703
f 5694//5694 5703//5703 5702//5702
f 5695//5695 5696//5696 5704//5704
f 5695//5695 5704//5704 5703//5703
f 5696//5696 5697//5697 5705//5705
f 5696//5696 5705//5705 5704//5704
f 5697//5697 5691//5691 5699//5699
f 5697//5697 5699//5699 5705//5705
f 5699//5699 5698//5698 5700//5700
f 5699//5699 5700//5700 5701//5701
f 5699//5699 5701//5701 5702//5702
f 5699//5699 5702//5702 5703//5703
f 5699//5699 5703//5703 5704//5704
f 5699//5699 5704//5704 5705//5705
f 5706//5706 5707//5707 5708//5708
f 5706//5706 5708//5708 5709//5709
f 5706//5706 5709//5709 5710//5710
f 5706//5706 5710//5710 5711//5711
f 5706//5706 5711//5711 5712//5712
f 5706//5706 5712//5712 5713//5713
f 5713//5713 5712//5712 5714//5714
f 5713//5713 5714//5714 5715//5715
f 5712//5712 5711//5711 5716//5716
f 5712//5712 5716//5716 5714//5714
f 5711//5711 5710//5710 5717//5717
f 5711//5711 5717//5717 5716//5716
f 5710//5710 5709//5709 5718//5718
f 5710//5710 5718//5718 5717//5717
f 5709//5709 5708//5708 5719//5719
f 5709//5709 5719//5719 5718//5718
f 5708//5708 5707//5707 5720//5720
f 5708//5708 5720//5720 5719//5719
f 5707//5707 5706//5706 5721//5721
f 5707//5707 5721//5721 5720//5720
f 5706//5706 5713//5713 5715//5715
f 5706//5706 5715//5715 5721//5721
f 5715//5715 5714//5714 5722//5722
f 5715//5715 5722//5722 5723//5723
f 5714//5714 5716//5716 5724//5724
f 5714//5714 5724//5724 5722//5722
f 5716//5716 5717//5717 5725//5725
f 5716//5716 5725//5725 5724//5724
f 5717//5717 5718//5718 5726//5726
f 5717//5717 5726//5726 5725//5725
f 5718//5718 5719//5719 5727//5727
f 5718//5718 5727//5727 5726//5726
f 5719//5719 5720//5720 5728//5728
f 5719//5719 5728//5728 5727//5727
f 5720//5720 5721//5721 5729//5729
f 5720//5720 5729//5729 5728//5728
f 5721//5721 5715//5715 5723//5723
f 5721//5721 5723//5723 5729//5729
f 5723//5723 5722//5722 5730//5730
f 5723//5723 5730//5730 5731//5731
f 5722//5722 5724//5724 5732//5732
f 5722//5722 5732//5732 5730//5730
f 5724//5724 5725//5725 5733//5733
f 5724//5724 5733//5733 5732//5732
f 5725//5725 5726//5726 5734//5734
f 5725//5725 5734//5734 5733//5733
f 5726//5726 5727//5727 5735//5735
f 5726//5726 5735//5735 5734//5734
f 5727//5727 5728//5728 5736//5736
f 5727//5727 5736//5736 5735//5735
f 5728//5728 5729//5729 5737//5737
f 5728//5728 5737//5737 5736//5736
f 5729//5729 5723//5723 5731//5731
f 5729//5729 5731//5731 5737//5737
f 5731//5731 5730//5730 5738//5738
f 5731//5731 5738//5738 5739//5739
f 5730//5730 5732//5732 5740//5740
f 5730//5730 5740//5740 5738//5738
f 5732//5732 5733//5733 5741//5741
f 5732//5732 5741//5741 5740//5740
f 5733//5733 5734//5734 5742//5742
f 5733//5733 5742//5742 5741//5741
f 5734//5734 5735//5735 5743//5743
f 5734//5734 5743//5743 5742//5742
f 5735//5735 5736//5736 5744//5744
f 5735//5735 5744//5744 5743//5743
f 5736//5736 5737//5737 5745//5745
f 5736//5736 5745//5745 5744//5744
f 5737//5737 5731//5731 5739//5739
f 5737//5737 5739//5739 5745//5745
f 5739//5739 5738//5738 5746//5746
f 5739//5739 5746//5746 5747//5747
f 5738//5738 5740//5740 5748//5748
f 5738//5738 5748//5748 5746//5746
f 5740//5740 5741//5741 5749//5749
f 5740//5740 5749//5749 5748//5748
f 5741//5741 5742//5742 5750//5750
f 5741//5741 5750//5750 5749//5749
f 5742//5742 5743//5743 5751//5751
f 5742//5742 5751//5751 5750//5750
f 5743//5743 5744//5744 5752//5752
f 5743//5743 5752//5752 5751//5751
f 5744//5744 5745//5745 5753//5753
f 5744//5744 5753//5753 5752//5752
f 5745//5745 5739//5739 5747//5747
f 5745//5745 5747//5747 5753//5753
f 5747//5747 5746//5746 5754//5754
f 5747//5747 5754//5754 5755//5755
f 5746//5746 5748//5748 5756//5756
f 5746//5746 5756//5756 5754//5754
f 5748//5748 5749//5749 5757//5757
f 5748//5748 5757//5757 5756//5756
f 5749//5749 5750//5750 5758//5758
f 5749//5749 5758//5758 5757//5757
f 5750//5750 5751//5751 5759//5759
f 5750//5750 5759//5759 5758//5758
f 5751//5751 5752//5752 5760//5760
f 5751//5751 5760//5760 5759//5759
f 5752//5752 5753//5753 5761//5761
f 5752//5752 5761//5761 5760//5760
f 5753//5753 5747//5747 5755//5755
f 5753//5753 5755//5755 5761//5761
f 5755//5755 5754//5754 5762//5762
f 5755//5755 5762//5762 5763//5763
f 5754//5754 5756//5756 5764//5764
f 5754//5754 5764//5764 5762//5762
f 5756//5756 5757//5757 5765//5765
f 5756//5756 5765//5765 5764//5764
f 5757//5757 5758//5758 5766//5766
f 5757//5757 5766//5766 5765//5765
f 5758//5758 5759//5759 5767//5767
f 5758//5758 5767//5767 5766//5766
f 5759//5759 5760//5760 5768//5768
f 5759//5759 5768//5768 5767//5767
f 5760//5760 5761//5761 5769//5769
f 5760//5760 5769//5769 5768//5768
f 5761//5761 5755//5755 5763//5763
f 5761//5761 5763//5763 5769//5769
f 5763//5763 5762//5762 5770//5770
f 5763//5763 5770//5770 5771//5771
f 5762//5762 5764//5764 5772//5772
f 5762//5762 5772//5772 5770//5770
f 5764//5764 5765//5765 5773//5773
f 5764//5764 5773//5773 5772//5772
f 5765//5765 5766//5766 5774//5774
f 5765//5765 5774//5774 5773//5773
f 5766//5766 5767//5767 5775//5775
f 5766//5766 5775//5775 5774//5774
f 5767//5767 5768//5768 5776//5776
f 5767//5767 5776//5776 5775//5775
f 5768//5768 5769//5769 5777//5777
f 5768//5768 5777//5777 5776//5776
f 5769//5769 5763//5763 5771//5771
f 5769//5769 5771//5771 5777//5777
f 5771//5771 5770//5770 5778//5778
f 5771//5771 5778//5778 5779//5779
f 5770//5770 5772//5772 5780//5780
f 5770//5770 5780//5780 5778//5778
f 5772//5772 5773//5773 5781//5781
f 5772//5772 5781//5781 5780//5780
f 5773//5773 5774//5774 5782//5782
f 5773//5773 5782//5782 5781//5781
f 5774//5774 5775//5775 5783//5783
f 5774//5774 5783//5783 5782//5782
f 5775//5775 5776//5776 5784//5784
f 5775//5775 5784//5784 5783//5783
f 5776//5776 5777//5777 5785//5785
f 5776//5776 5785//5785 5784//5784
f 5777//5777 5771//5771 5779//5779
f 5777//5777 5779//5779 5785//5785
f 5779//5779 5778//5778 5786//5786
f 5779//5779 5786//5786 5787//5787
f 5778//5778 5780//5780 5788//5788
f 5778//5778 5788//5788 5786//5786
f 5780//5780 5781//5781 5789//5789
f 5780//5780 5789//5789 5788//5788
f 5781//5781 5782//5782 5790//5790
f 5781//5781 5790//5790 5789//5789
f 5782//5782 5783//5783 5791//5791
f 5782//5782 5791//5791 5790//5790
f 5783//5783 5784//5784 5792//5792
f 5783//5783 5792//5792 5791//5791
f 5784//5784 5785//5785 5793//5793
f 5784//5784 5793//5793 5792//5792
f 5785//5785 5779//5779 5787//5787
f 5785//5785 5787//5787 5793//5793
f 5787//5787 5786//5786 5788//5788
f 5787//5787 5788//5788 5789//5789
f 5787//5787 5789//5789 5790//5790
f 5787//5787 5790//5790 5791//5791
f 5787//5787 5791//5791 5792//5792
f 5787//5787 5792//5792 5793//5793
f 5794//5794 5795//5795 5796//5796
f 5794//5794 5796//5796 5797//5797
f 5794//5794 5797//5797 5798//5798
f 5794//5794 5798//5798 5799//5799
f 5794//5794 5799//5799 5800//5800
f 5794//5794 5800//5800 5801//5801
f 5801//5801 5800//5800 5802//5802
f 5801//5801 5802//5802 5803//5803
f 5800//5800 5799//5799 5804//5804
f 5800//5800 5804//5804 5802//5802
f 5799//5799 5798//5798 5805//5805
f 5799//5799 5805//5805 5804//5804
f 5798//5798 5797//5797 5806//5806
f 5798//5798 5806//5806 5805//5805
f 5797//5797 5796//5796 5807//5807
f 5797//5797 5807//5807 5806//5806
f 5796//5796 5795//5795 5808//5808
f 5796//5796 5808//5808 5807//5807
f 5795//5795 5794//5794 5809//5809
f 5795//5795 5809//5809 5808//5808
f 5794//5794 5801//5801 5803//5803
f 5794//5794 5803//5803 5809//5809
f 5803//5803 5802//5802 5810//5810
f 5803//5803 5810//5810 5811//5811
f 5802//5802 5804//5804 5812//5812
f 5802//5802 5812//5812 5810//5810
f 5804//5804 5805//5805 5813//5813
f 5804//5804 5813//5813 5812//5812
f 5805//5805 5806//5806 5814//5814
f 5805//5805 5814//5814 5813//5813
f 5806//5806 5807//5807 5815//5815
f 5806//5806 5815//5815 5814//5814
f 5807//5807 5808//5808 5816//5816
f 5807//5807 5816//5816 5815//5815
f 5808//5808 5809//5809 5817//5817
f 5808//5808 5817//5817 5816//5816
f 5809//5809 5803//5803 5811//5811
f 5809//5809 5811//5811 5817//5817
f 5811//5811 5810//5810 5818//5818
f 5811//5811 5818//5818 5819//5819
f 5810//5810 5812//5812 5820//5820
f 5810//5810 5820//5820 5818//5818
f 5812//5812 5813//5813 5821//5821
f 5812//5812 5821//5821 5820//5820
f 5813//5813 5814//5814 5822//5822
f 5813//5813 5822//5822 5821//5821
f 5814//5814 5815//5815 5823//5823
f 5814//5814 5823//5823 5822//5822
f 5815//5815 5816//5816 5824//5824
f 5815//5815 5824//5824 5823//5823
f 5816//5816 5817//5817 5825//5825
f 5816//5816 5825//5825 5824//5824
f 5817//5817 5811//5811 5819//5819
f 5817//5817 5819//5819 5825//5825
f 5819//5819 5818//5818 5826//5826
f 5819//5819 5826//5826 5827//5827
f 5818//5818 5820//5820 5828//5828
f 5818//5818 5828//5828 5826//5826
f 5820//5820 5821//5821 5829//5829
f 5820//5820 5829//5829 5828//5828
f 5821//5821 5822//5822 5830//5830
f 5821//5821 5830//5830 5829//5829
f 5822//5822 5823//5823 5831//5831
f 5822//5822 5831//5831 5830//5830
f 5823//5823 5824//5824 5832//5832
f 5823//5823 5832//5832 5831//5831
f 5824//5824 5825//5825 5833//5833
f 5824//5824 5833//5833 5832//5832
f 5825//5825 5819//5819 5827//5827
f 5825//5825 5827//5827 5833//5833
f 5827//5827 5826//5826 5834//5834
f 5827//5827 5834//5834 5835//5835
f 5826//5826 5828//5828 5836//5836
f 5826//5826 5836//5836 5834//5834
f 5828//5828 5829//5829 5837//5837
f 5828//5828 5837//5837 5836//5836
f 5829//5829 5830//5830 5838//5838
f 5829//5829 5838//5838 5837//5837
f 5830//5830 5831//5831 5839//5839
f 5830//5830 5839//5839 5838//5838
f 5831//5831 5832//5832 5840//5840
f 5831//5831 5840//5840 5839//5839
f 5832//5832 5833//5833 5841//5841
f 5832//5832 5841//5841 5840//5840
f 5833//5833 5827//5827 5835//5835
f 5833//5833 5835//5835 5841//5841
f 5835//5835 5834//5834 5842//5842
f 5835//5835 5842//5842 5843//5843
f 5834//5834 5836//5836 5844//5844
f 5834//5834 5844//5844 5842//5842
f 5836//5836 5837//5837 5845//5845
f 5836//5836 5845//5845 5844//5844
f 5837//5837 5838//5838 5846//5846
f 5837//5837 5846//5846 5845//5845
f 5838//5838 5839//5839 5847//5847
f 5838//5838 5847//5847 5846//5846
f 5839//5839 5840//5840 5848//5848
f 5839//5839 5848//5848 5847//5847
f 5840//5840 5841//5841 5849//5849
f 5840//5840 5849//5849 5848//5848
f 5841//5841 5835//5835 5843//5843
f 5841//5841 5843//5843 5849//5849
f 5843//5843 5842//5842 5850//5850
f 5843//5843 5850//5850 5851//5851
f 5842//5842 5844//5844 5852//5852
f 5842//5842 5852//5852 5850//5850
f 5844//5844 5845//5845 5853//5853
f 5844//5844 5853//5853 5852//5852
f 5845//5845 5846//5846 5854//5854
f 5845//5845 5854//5854 5853//5853
f 5846//5846 5847//5847 5855//5855
f 5846//5846 5855//5855 5854//5854
f 5847//5847 5848//5848 5856//5856
f 5847//5847 5856//5856 5855//5855
f 5848//5848 5849//5849 5857//5857
f 5848//5848 5857//5857 5856//5856
f 5849//5849 5843//5843 5851//5851
f 5849//5849 5851//5851 5857//5857
f 5851//5851 5850//5850 5858//5858
f 5851//5851 5858//5858 5859//5859
f 5850//5850 5852//5852 5860//5860
f 5850//5850 5860//5860 5858//5858
f 5852//5852 5853//5853 5861//5861
f 5852//5852 5861//5861 5860//5860
f 5853//5853 5854//5854 5862//5862
f 5853//5853 5862//5862 5861//5861
f 5854//5854 5855//5855 5863//5863
f 5854//5854 5863//5863 5862//5862
f 5855//5855 5856//5856 5864//5864
f 5855//5855 5864//5864 5863//5863
f 5856//5856 5857//5857 5865//5865
f 5856//5856 5865//5865 5864//5864
f 5857//5857 5851//5851 5859//5859
f 5857//5857 5859//5859 5865//5865
f 5859//5859 5858//5858 5866//5866
f 5859//5859 5866//5866 5867//5867
f 5858//5858 5860//5860 5868//5868
f 5858//5858 5868//5868 5866//5866
f 5860//5860 5861//5861 5869//5869
f 5860//5860 5869//5869 5868//5868
f 5861//5861 5862//5862 5870//5870
f 5861//5861 5870//5870 5869//5869
f 5862//5862 5863//5863 5871//5871
f 5862//5862 5871//5871 5870//5870
f 5863//5863 5864//5864 5872//5872
f 5863//5863 5872//5872 5871//5871
f 5864//5864 5865//5865 5873//5873
f 5864//5864 5873//5873 5872//5872
f 5865//5865 5859//5859 5867//5867
f 5865//5865 5867//5867 5873//5873
f 5867//5867 5866//5866 5874//5874
f 5867//5867 5874//5874 5875//5875
f 5866//5866 5868//5868 5876//5876
f 5866//5866 5876//5876 5874//5874
f 5868//5868 5869//5869 5877//5877
f 5868//5868 5877//5877 5876//5876
f 5869//5869 5870//5870 5878//5878
f 5869//5869 5878//5878 5877//5877
f 5870//5870 5871//5871 5879//5879
f 5870//5870 5879//5879 5878//5878
f 5871//5871 5872//5872 5880//5880
f 5871//5871 5880//5880 5879//5879
f 5872//5872 5873//5873 5881//5881
f 5872//5872 5881//5881 5880//5880
f 5873//5873 5867//5867 5875//5875
f 5873//5873 5875//5875 5881//5881
f 5875//5875 5874//5874 5876//5876
f 5875//5875 5876//5876 5877//5877
f 5875//5875 5877//5877 5878//5878
f 5875//5875 5878//5878 5879//5879
f 5875//5875 5879//5879 5880//5880
f 5875//5875 5880//5880 5881//5881
f 5882//5882 5883//5883 5884//5884
f 5882//5882 5884//5884 5885//5885
f 5882//5882 5885//5885 5886//5886
f 5882//5882 5886//5886 5887//5887
f 5882//5882 5887//5887 5888//5888
f 5882//5882 5888//5888 5889//5889
f 5889//5889 5888//5888 5890//5890
f 5889//5889 5890//5890 5891//5891
f 5888//5888 5887//5887 5892//5892
f 5888//5888 5892//5892 5890//5890
f 5887//5887 5886//5886 5893//5893
f 5887//5887 5893//5893 5892//5892
f 5886//5886 5885//5885 5894//5894
f 5886//5886 5894//5894 5893//5893
f 5885//5885 5884//5884 5895//5895
f 5885//5885 5895//5895 5894//5894
f 5884//5884 5883//5883 5896//5896
f 5884//5884 5896//5896 5895//5895
f 5883//5883 5882//5882 5897//5897
f 5883//5883 5897//5897 5896//5896
f 5882//5882 5889//5889 5891//5891
f 5882//5882 5891//5891 5897//5897
f 5891//5891 5890//5890 5898//5898
f 5891//5891 5898//5898 5899//5899
f 5890//5890 5892//5892 5900//5900
f 5890//5890 5900//5900 5898//5898
f 5892//5892 5893//5893 5901//5901
f 5892//5892 5901//5901 5900//5900
f 5893//5893 5894//5894 5902//5902
f 5893//5893 5902//5902 5901//5901
f 5894//5894 5895//5895 5903//5903
f 5894//5894 5903//5903 5902//5902
f 5895//5895 5896//5896 5904//5904
f 5895//5895 5904//5904 5903//5903
f 5896//5896 5897//5897 5905//5905
f 5896//5896 5905//5905 5904//5904
f 5897//5897 5891//5891 5899//5899
f 5897//5897 5899//5899 5905//5905
f 5899//5899 5898//5898 5906//5906
f 5899//5899 5906//5906 5907//5907
f 5898//5898 5900//5900 5908//5908
f 5898//5898 5908//5908 5906//5906
f 5900//5900 5901//5901 5909//5909
f 5900//5900 5909//5909 5908//5908
f 5901//5901 5902//5902 5910//5910
f 5901//5901 5910//5910 5909//5909
f 5902//5902 5903//5903 5911//5911
f 5902//5902 5911//5911 5910//5910
f 5903//5903 5904//5904 5912//5912
f 5903//5903 5912//5912 5911//5911
f 5904//5904 5905//5905 5913//5913
f 5904//5904 5913//5913 5912//5912
f 5905//5905 5899//5899 5907//5907
f 5905//5905 5907//5907 5913//5913
f 5907//5907 5906//5906 5914//5914
f 5907//5907 5914//5914 5915//5915
f 5906//5906 5908//5908 5916//5916
f 5906//5906 5916//5916 5914//5914
f 5908//5908 5909//5909 5917//5917
f 5908//5908 5917//5917 5916//5916
f 5909//5909 5910//5910 5918//5918
f 5909//5909 5918//5918 5917//5917
f 5910//5910 5911//5911 5919//5919
f 5910//5910 5919//5919 5918//5918
f 5911//5911 5912//5912 5920//5920
f 5911//5911 5920//5920 5919//5919
f 5912//5912 5913//5913 5921//5921
f 5912//5912 5921//5921 5920//5920
f 5913//5913 5907//5907 5915//5915
f 5913//5913 5915//5915 5921//5921
f 5915//5915 5914//5914 5922//5922
f 5915//5915 5922//5922 5923//5923
f 5914//5914 5916//5916 5924//5924
f 5914//5914 5924//5924 5922//5922
f 5916//5916 5917//5917 5925//5925
f 5916//5916 5925//5925 5924//5924
f 5917//5917 5918//5918 5926//5926
f 5917//5917 5926//5926 5925//5925
f 5918//5918 5919//5919 5927//5927
f 5918//5918 5927//5927 5926//5926
f 5919//5919 5920//5920 5928//5928
f 5919//5919 5928//5928 5927//5927
f 5920//5920 5921//5921 5929//5929
f 5920//5920 5929//5929 5928//5928
f 5921//5921 5915//5915 5923//5923
f 5921//5921 5923//5923 5929//5929
f 5923//5923 5922//5922 5930//5930
f 5923//5923 5930//5930 5931//5931
f 5922//5922 5924//5924 5932//5932
f 5922//5922 5932//5932 5930//5930
f 5924//5924 5925//5925 5933//5933
f 5924//5924 5933//5933 5932//5932
f 5925//5925 5926//5926 5934//5934
f 5925//5925 5934//5934 5933//5933
f 5926//5926 5927//5927 5935//5935
f 5926//5926 5935//5935 5934//5934
f 5927//5927 5928//5928 5936//5936
f 5927//5927 5936//5936 5935//5935
f 5928//5928 5929//5929 5937//5937
f 5928//5928 5937//5937 5936//5936
f 5929//5929 5923//5923 5931//5931
f 5929//5929 5931//5931 5937//5937
f 5931//5931 5930//5930 5938//5938
f 5931//5931 5938//5938 5939//5939
f 5930//5930 5932//5932 5940//5940
f 5930//5930 5940//5940 5938//5938
f 5932//5932 5933//5933 5941//5941
f 5932//5932 5941//5941 5940//5940
f 5933//5933 5934//5934 5942//5942
f 5933//5933 5942//5942 5941//5941
f 5934//5934 5935//5935 5943//5943
f 5934//5934 5943//5943 5942//5942
f 5935//5935 5936//5936 5944//5944
f 5935//5935 5944//5944 5943//5943
f 5936//5936 5937//5937 5945//5945
f 5936//5936 5945//5945 5944//5944
f 5937//5937 5931//5931 5939//5939
f 5937//5937 5939//5939 5945//5945
f 5939//5939 5938//5938 5946//5946
f 5939//5939 5946//5946 5947//5947
f 5938//5938 5940//5940 5948//5948
f 5938//5938 5948//5948 5946//5946
f 5940//5940 5941//5941 5949//5949
f 5940//5940 5949//5949 5948//5948
f 5941//5941 5942//5942 5950//5950
f 5941//5941 5950//5950 5949//5949
f 5942//5942 5943//5943 5951//5951
f 5942//5942 5951//5951 5950//5950
f 5943//5943 5944//5944 5952//5952
f 5943//5943 5952//5952 5951//5951
f 5944//5944 5945//5945 5953//5953
f 5944//5944 5953//5953 5952//5952
f 5945//5945 5939//5939 5947//5947
f 5945//5945 5947//5947 5953//5953
f 5947//5947 5946//5946 5954//5954
f 5947//5947 5954//5954 5955//5955
f 5946//5946 5948//5948 5956//5956
f 5946//5946 5956//5956 5954//5954
f 5948//5948 5949//5949 5957//5957
f 5948//5948 5957//5957 5956//5956
f 5949//5949 5950//5950 5958//5958
f 5949//5949 5958//5958 5957//5957
f 5950//5950 5951//5951 5959//5959
f 5950//5950 5959//5959 5958//5958
f 5951//5951 5952//5952 5960//5960
f 5951//5951 5960//5960 5959//5959
f 5952//5952 5953//5953 5961//5961
f 5952//5952 5961//5961 5960//5960
f 5953//5953 5947//5947 5955//5955
f 5953//5953 5955//5955 5961//5961
f 5955//5955 5954//5954 5962//5962
f 5955//5955 5962//5962 5963//5963
f 5954//5954 5956//5956 5964//5964
f 5954//5954 5964//5964 5962//5962
f 5956//5956 5957//5957 5965//5965
f 5956//5956 5965//5965 5964//5964
f 5957//5957 5958//5958 5966//5966
f 5957//5957 5966//5966 5965//5965
f 5958//5958 5959//5959 5967//5967
f 5958//5958 5967//5967 5966//5966
f 5959//5959 5960//5960 5968//5968
f 5959//5959 5968//5968 5967//5967
f 5960//5960 5961//5961 5969//5969
f 5960//5960 5969//5969 5968//5968
f 5961//5961 5955//5955 5963//5963
f 5961//5961 5963//5963 5969//5969
f 5963//5963 5962//5962 5964//5964
f 5963//5963 5964//5964 5965//5965
f 5963//5963 5965//5965 5966//5966
f 5963//5963 5966//5966 5967//5967
f 5963//5963 5967//5967 5968//5968
f 5963//5963 5968//5968 5969//5969
usemtl color_11
f 5970//5970 5971//5971 5972//5972
f 5970//5970 5972//5972 5973//5973
f 5973//5973 5972//5972 5974//5974
f 5973//5973 5974//5974 5975//5975
f 5975//5975 5974//5974 5976//5976
f 5975//5975 5976//5976 5977//5977
f 5977//5977 5976//5976 5978//5978
f 5977//5977 5978//5978 5979//5979
f 5979//5979 5978//5978 5980//5980
f 5979//5979 5980//5980 5981//5981
f 5981//5981 5980//5980 5971//5971
f 5981//5981 5971//5971 5970//5970
f 5971//5971 5982//5982 5983//5983
f 5971//5971 5983//5983 5972//5972
f 5972//5972 5983//5983 5984//5984
f 5972//5972 5984//5984 5974//5974
f 5974//5974 5984//5984 5985//5985
f 5974//5974 5985//5985 5976//5976
f 5976//5976 5985//5985 5986//5986
f 5976//5976 5986//5986 5978//5978
f 5978//5978 5986//5986 5987//5987
f 5978//5978 5987//5987 5980//5980
f 5980//5980 5987//5987 5982//5982
f 5980//5980 5982//5982 5971//5971
f 5982//5982 5988//5988 5989//5989
f 5982//5982 5989//5989 5983//5983
f 5983//5983 5989//5989 5990//5990
f 5983//5983 5990//5990 5984//5984
f 5984//5984 5990//5990 5991//5991
f 5984//5984 5991//5991 5985//5985
f 5985//5985 5991//5991 5992//5992
f 5985//5985 5992//5992 5986//5986
f 5986//5986 5992//5992 5993//5993
f 5986//5986 5993//5993 5987//5987
f 5987//5987 5993//5993 5988//5988
f 5987//5987 5988//5988 5982//5982
f 5988//5988 5994//5994 5995//5995
f 5988//5988 5995//5995 5989//5989
f 5989//5989 5995//5995 5996//5996
f 5989//5989 5996//5996 5990//5990
f 5990//5990 5996//5996 5997//5997
f 5990//5990 5997//5997 5991//5991
f 5991//5991 5997//5997 5998//5998
f 5991//5991 5998//5998 5992//5992
f 5992//5992 5998//5998 5999//5999
f 5992//5992 5999//5999 5993//5993
f 5993//5993 5999//5999 5994//5994
f 5993//5993 5994//5994 5988//5988
f 5994//5994 6000//6000 6001//6001
f 5994//5994 6001//6001 5995//5995
f 5995//5995 6001//6001 6002//6002
f 5995//5995 6002//6002 5996//5996
f 5996//5996 6002//6002 6003//6003
f 5996//5996 6003//6003 5997//5997
f 5997//5997 6003//6003 6004//6004
f 5997//5997 6004//6004 5998//5998
f 5998//5998 6004//6004 6005//6005
f 5998//5998 6005//6005 5999//5999
f 5999//5999 6005//6005 6000//6000
f 5999//5999 6000//6000 5994//5994
f 6000//6000 6006//6006 6007//6007
f 6000//6000 6007//6007 6001//6001
f 6001//6001 6007//6007 6008//6008
f 6001//6001 6008//6008 6002//6002
f 6002//6002 6008//6008 6009//6009
f 6002//6002 6009//6009 6003//6003
f 6003//6003 6009//6009 6010//6010
f 6003//6003 6010//6010 6004//6004
f 6004//6004 6010//6010 6011//6011
f 6004//6004 6011//6011 6005//6005
f 6005//6005 6011//6011 6006//6006
f 6005//6005 6006//6006 6000//6000
f 6006//6006 6012//6012 6013//6013
f 6006//6006 6013//6013 6007//6007
f 6007//6007 6013//6013 6014//6014
f 6007//6007 6014//6014 6008//6008
f 6008//6008 6014//6014 6015//6015
f 6008//6008 6015//6015 6009//6009
f 6009//6009 6015//6015 6016//6016
f 6009//6009 6016//6016 6010//6010
f 6010//6010 6016//6016 6017//6017
f 6010//6010 6017//6017 6011//6011
f 6011//6011 6017//6017 6012//6012
f 6011//6011 6012//6012 6006//6006
f 6012//6012 6018//6018 6019//6019
f 6012//6012 6019//6019 6013//6013
f 6013//6013 6019//6019 6020//6020
f 6013//6013 6020//6020 6014//6014
f 6014//6014 6020//6020 6021//6021
f 6014//6014 6021//6021 6015//6015
f 6015//6015 6021//6021 6022//6022
f 6015//6015 6022//6022 6016//6016
f 6016//6016 6022//6022 6023//6023
f 6016//6016 6023//6023 6017//6017
f 6017//6017 6023//6023 6018//6018
f 6017//6017 6018//6018 6012//6012
f 6018//6018 6024//6024 6025//6025
f 6018//6018 6025//6025 6019//6019
f 6019//6019 6025//6025 6026//6026
f 6019//6019 6026//6026 6020//6020
f 6020//6020 6026//6026 6027//6027
f 6020//6020 6027//6027 6021//6021
f 6021//6021 6027//6027 6028//6028
f 6021//6021 6028//6028 6022//6022
f 6022//6022 6028//6028 6029//6029
f 6022//6022 6029//6029 6023//6023
f 6023//6023 6029//6029 6024//6024
f 6023//6023 6024//6024 6018//6018
f 6024//6024 6030//6030 6031//6031
f 6024//6024 6031//6031 6025//6025
f 6025//6025 6031//6031 6032//6032
f 6025//6025 6032//6032 6026//6026
f 6026//6026 6032//6032 6033//6033
f 6026//6026 6033//6033 6027//6027
f 6027//6027 6033//6033 6034//6034
f 6027//6027 6034//6034 6028//6028
f 6028//6028 6034//6034 6035//6035
f 6028//6028 6035//6035 6029//6029
f 6029//6029 6035//6035 6030//6030
f 6029//6029 6030//6030 6024//6024
f 6030//6030 6036//6036 6037//6037
f 6030//6030 6037//6037 6031//6031
f 6031//6031 6037//6037 6038//6038
f 6031//6031 6038//6038 6032//6032
f 6032//6032 6038//6038 6039//6039
f 6032//6032 6039//6039 6033//6033
f 6033//6033 6039//6039 6040//6040
f 6033//6033 6040//6040 6034//6034
f 6034//6034 6040//6040 6041//6041
f 6034//6034 6041//6041 6035//6035
f 6035//6035 6041//6041 6036//6036
f 6035//6035 6036//6036 6030//6030
f 6036//6036 6042//6042 6043//6043
f 6036//6036 6043//6043 6037//6037
f 6037//6037 6043//6043 6044//6044
f 6037//6037 6044//6044 6038//6038
f 6038//6038 6044//6044 6045//6045
f 6038//6038 6045//6045 6039//6039
f 6039//6039 6045//6045 6046//6046
f 6039//6039 6046//6046 6040//6040
f 6040//6040 6046//6046 6047//6047
f 6040//6040 6047//6047 6041//6041
f 6041//6041 6047//6047 6042//6042
f 6041//6041 6042//6042 6036//6036
f 6042//6042 6048//6048 6049//6049
f 6042//6042 6049//6049 6043//6043
f 6043//6043 6049//6049 6050//6050
f 6043//6043 6050//6050 6044//6044
f 6044//6044 6050//6050 6051//6051
f 6044//6044 6051//6051 6045//6045
f 6045//6045 6051//6051 6052//6052
f 6045//6045 6052//6052 6046//6046
f 6046//6046 6052//6052 6053//6053
f 6046//6046 6053//6053 6047//6047
f 6047//6047 6053//6053 6048//6048
f 6047//6047 6048//6048 6042//6042
f 6048//6048 5970//5970 5973//5973
f 6048//6048 5973//5973 6049//6049
f 6049//6049 5973//5973 5975//5975
f 6049//6049 5975//5975 6050//6050
f 6050//6050 5975//5975 5977//5977
f 6050//6050 5977//5977 6051//6051
f 6051//6051 5977//5977 5979//5979
f 6051//6051 5979//5979 6052//6052
f 6052//6052 5979//5979 5981//5981
f 6052//6052 5981//5981 6053//6053
f 6053//6053 5981//5981 5970//5970
f 6053//6053 5970//5970 6048//6048
usemtl color_9
f 6054//6054 6055//6055 6056//6056
f 6054//6054 6056//6056 6057//6057
f 6054//6054 6057//6057 6058//6058
f 6054//6054 6058//6058 6059//6059
f 6054//6054 6059//6059 6060//6060
f 6054//6054 6060//6060 6061//6061
f 6054//6054 6061//6061 6062//6062
f 6054//6054 6062//6062 6063//6063
f 6063//6063 6062//6062 6064//6064
f 6063//6063 6064//6064 6065//6065
f 6062//6062 6061//6061 6066//6066
f 6062//6062 6066//6066 6064//6064
f 6061//6061 6060//6060 6067//6067
f 6061//6061 6067//6067 6066//6066
f 6060//6060 6059//6059 6068//6068
f 6060//6060 6068//6068 6067//6067
f 6059//6059 6058//6058 6069//6069
f 6059//6059 6069//6069 6068//6068
f 6058//6058 6057//6057 6070//6070
f 6058//6058 6070//6070 6069//6069
f 6057//6057 6056//6056 6071//6071
f 6057//6057 6071//6071 6070//6070
f 6056//6056 6055//6055 6072//6072
f 6056//6056 6072//6072 6071//6071
f 6055//6055 6054//6054 6073//6073
f 6055//6055 6073//6073 6072//6072
f 6054//6054 6063//6063 6065//6065
f 6054//6054 6065//6065 6073//6073
f 6065//6065 6064//6064 6074//6074
f 6065//6065 6074//6074 6075//6075
f 6064//6064 6066//6066 6076//6076
f 6064//6064 6076//6076 6074//6074
f 6066//6066 6067//6067 6077//6077
f 6066//6066 6077//6077 6076//6076
f 6067//6067 6068//6068 6078//6078
f 6067//6067 6078//6078 6077//6077
f 6068//6068 6069//6069 6079//6079
f 6068//6068 6079//6079 6078//6078
f 6069//6069 6070//6070 6080//6080
f 6069//6069 6080//6080 6079//6079
f 6070//6070 6071//6071 6081//6081
f 6070//6070 6081//6081 6080//6080
f 6071//6071 6072//6072 6082//6082
f 6071//6071 6082//6082 6081//6081
f 6072//6072 6073//6073 6083//6083
f 6072//6072 6083//6083 6082//6082
f 6073//6073 6065//6065 6075//6075
f 6073//6073 6075//6075 6083//6083
f 6075//6075 6074//6074 6084//6084
f 6075//6075 6084//6084 6085//6085
f 6074//6074 6076//6076 6086//6086
f 6074//6074 6086//6086 6084//6084
f 6076//6076 6077//6077 6087//6087
f 6076//6076 6087//6087 6086//6086
f 6077//6077 6078//6078 6088//6088
f 6077//6077 6088//6088 6087//6087
f 6078//6078 6079//6079 6089//6089
f 6078//6078 6089//6089 6088//6088
f 6079//6079 6080//6080 6090//6090
f 6079//6079 6090//6090 6089//6089
f 6080//6080 6081//6081 6091//6091
f 6080//6080 6091//6091 6090//6090
f 6081//6081 6082//6082 6092//6092
f 6081//6081 6092//6092 6091//6091
f 6082//6082 6083//6083 6093//6093
f 6082//6082 6093//6093 6092//6092
f 6083//6083 6075//6075 6085//6085
f 6083//6083 6085//6085 6093//6093
f 6085//6085 6084//6084 6094//6094
f 6085//6085 6094//6094 6095//6095
f 6084//6084 6086//6086 6096//6096
f 6084//6084 6096//6096 6094//6094
f 6086//6086 6087//6087 6097//6097
f 6086//6086 6097//6097 6096//6096
f 6087//6087 6088//6088 6098//6098
f 6087//6087 6098//6098 6097//6097
f 6088//6088 6089//6089 6099//6099
f 6088//6088 6099//6099 6098//6098
f 6089//6089 6090//6090 6100//6100
f 6089//6089 6100//6100 6099//6099
f 6090//6090 6091//6091 6101//6101
f 6090//6090 6101//6101 6100//6100
f 6091//6091 6092//6092 6102//6102
f 6091//6091 6102//6102 6101//6101
f 6092//6092 6093//6093 6103//6103
f 6092//6092 6103//6103 6102//6102
f 6093//6093 6085//6085 6095//6095
f 6093//6093 6095//6095 6103//6103
f 6095//6095 6094//6094 6104//6104
f 6095//6095 6104//6104 6105//6105
f 6094//6094 6096//6096 6106//6106
f 6094//6094 6106//6106 6104//6104
f 6096//6096 6097//6097 6107//6107
f 6096//6096 6107//6107 6106//6106
f 6097//6097 6098//6098 6108//6108
f 6097//6097 6108//6108 6107//6107
f 6098//6098 6099//6099 6109//6109
f 6098//6098 6109//6109 6108//6108
f 6099//6099 6100//6100 6110//6110
f 6099//6099 6110//6110 6109//6109
f 6100//6100 6101//6101 6111//6111
f 6100//6100 6111//6111 6110//6110
f 6101//6101 6102//6102 6112//6112
f 6101//6101 6112//6112 6111//6111
f 6102//6102 6103//6103 6113//6113
f 6102//6102 6113//6113 6112//6112
f 6103//6103 6095//6095 6105//6105
f 6103//6103 6105//6105 6113//6113
f 6105//6105 6104//6104 6114//6114
f 6105//6105 6114//6114 6115//6115
f 6104//6104 6106//6106 6116//6116
f 6104//6104 6116//6116 6114//6114
f 6106//6106 6107//6107 6117//6117
f 6106//6106 6117//6117 6116//6116
f 6107//6107 6108//6108 6118//6118
f 6107//6107 6118//6118 6117//6117
f 6108//6108 6109//6109 6119//6119
f 6108//6108 6119//6119 6118//6118
f 6109//6109 6110//6110 6120//6120
f 6109//6109 6120//6120 6119//6119
f 6110//6110 6111//6111 6121//6121
f 6110//6110 6121//6121 6120//6120
f 6111//6111 6112//6112 6122//6122
f 6111//6111 6122//6122 6121//6121
f 6112//6112 6113//6113 6123//6123
f 6112//6112 6123//6123 6122//6122
f 6113//6113 6105//6105 6115//6115
f 6113//6113 6115//6115 6123//6123
f 6115//6115 6114//6114 6124//6124
f 6115//6115 6124//6124 6125//6125
f 6114//6114 6116//6116 6126//6126
f 6114//6114 6126//6126 6124//6124
f 6116//6116 6117//6117 6127//6127
f 6116//6116 6127//6127 6126//6126
f 6117//6117 6118//6118 6128//6128
f 6117//6117 6128//6128 6127//6127
f 6118//6118 6119//6119 6129//6129
f 6118//6118 6129//6129 6128//6128
f 6119//6119 6120//6120 6130//6130
f 6119//6119 6130//6130 6129//6129
f 6120//6120 6121//6121 6131//6131
f 6120//6120 6131//6131 6130//6130
f 6121//6121 6122//6122 6132//6132
f 6121//6121 6132//6132 6131//6131
f 6122//6122 6123//6123 6133//6133
f 6122//6122 6133//6133 6132//6132
f 6123//6123 6115//6115 6125//6125
f 6123//6123 6125//6125 6133//6133
f 6125//6125 6124//6124 6134//6134
f 6125//6125 6134//6134 6135//6135
f 6124//6124 6126//6126 6136//6136
f 6124//6124 6136//6136 6134//6134
f 6126//6126 6127//6127 6137//6137
f 6126//6126 6137//6137 6136//6136
f 6127//6127 6128//6128 6138//6138
f 6127//6127 6138//6138 6137//6137
f 6128//6128 6129//6129 6139//6139
f 6128//6128 6139//6139 6138//6138
f 6129//6129 6130//6130 6140//6140
f 6129//6129 6140//6140 6139//6139
f 6130//6130 6131//6131 6141//6141
f 6130//6130 6141//6141 6140//6140
f 6131//6131 6132//6132 6142//6142
f 6131//6131 6142//6142 6141//6141
f 6132//6132 6133//6133 6143//6143
f 6132//6132 6143//6143 6142//6142
f 6133//6133 6125//6125 6135//6135
f 6133//6133 6135//6135 6143//6143
f 6135//6135 6134//6134 6144//6144
f 6135//6135 6144//6144 6145//6145
f 6134//6134 6136//6136 6146//6146
f 6134//6134 6146//6146 6144//6144
f 6136//6136 6137//6137 6147//6147
f 6136//6136 6147//6147 6146//6146
f 6137//6137 6138//6138 6148//6148
f 6137//6137 6148//6148 6147//6147
f 6138//6138 6139//6139 6149//6149
f 6138//6138 6149//6149 6148//6148
f 6139//6139 6140//6140 6150//6150
f 6139//6139 6150//6150 6149//6149
f 6140//6140 6141//6141 6151//6151
f 6140//6140 6151//6151 6150//6150
f 6141//6141 6142//6142 6152//6152
f 6141//6141 6152//6152 6151//6151
f 6142//6142 6143//6143 6153//6153
f 6142//6142 6153//6153 6152//6152
f 6143//6143 6135//6135 6145//6145
f 6143//6143 6145//6145 6153//6153
f 6145//6145 6144//6144 6154//6154
f 6145//6145 6154//6154 6155//6155
f 6144//6144 6146//6146 6156//6156
f 6144//6144 6156//6156 6154//6154
f 6146//6146 6147//6147 6157//6157
f 6146//6146 6157//6157 6156//6156
f 6147//6147 6148//6148 6158//6158
f 6147//6147 6158//6158 6157//6157
f 6148//6148 6149//6149 6159//6159
f 6148//6148 6159//6159 6158//6158
f 6149//6149 6150//6150 6160//6160
f 6149//6149 6160//6160 6159//6159
f 6150//6150 6151//6151 6161//6161
f 6150//6150 6161//6161 6160//6160
f 6151//6151 6152//6152 6162//6162
f 6151//6151 6162//6162 6161//6161
f 6152//6152 6153//6153 6163//6163
f 6152//6152 6163//6163 6162//6162
f 6153//6153 6145//6145 6155//6155
f 6153//6153 6155//6155 6163//6163
f 6155//6155 6154//6154 6164//6164
f 6155//6155 6164//6164 6165//6165
f 6154//6154 6156//6156 6166//6166
f 6154//6154 6166//6166 6164//6164
f 6156//6156 6157//6157 6167//6167
f 6156//6156 6167//6167 6166//6166
f 6157//6157 6158//6158 6168//6168
f 6157//6157 6168//6168 6167//6167
f 6158//6158 6159//6159 6169//6169
f 6158//6158 6169//6169 6168//6168
f 6159//6159 6160//6160 6170//6170
f 6159//6159 6170//6170 6169//6169
f 6160//6160 6161//6161 6171//6171
f 6160//6160 6171//6171 6170//6170
f 6161//6161 6162//6162 6172//6172
f 6161//6161 6172//6172 6171//6171
f 6162//6162 6163//6163 6173//6173
f 6162//6162 6173//6173 6172//6172
f 6163//6163 6155//6155 6165//6165
f 6163//6163 6165//6165 6173//6173
f 6165//6165 6164//6164 6174//6174
f 6165//6165 6174//6174 6175//6175
f 6164//6164 6166//6166 6176//6176
f 6164//6164 6176//6176 6174//6174
f 6166//6166 6167//6167 6177//6177
f 6166//6166 6177//6177 6176//6176
f 6167//6167 6168//6168 6178//6178
f 6167//6167 6178//6178 6177//6177
f 6168//6168 6169//6169 6179//6179
f 6168//6168 6179//6179 6178//6178
f 6169//6169 6170//6170 6180//6180
f 6169//6169 6180//6180 6179//6179
f 6170//6170 6171//6171 6181//6181
f 6170//6170 6181//6181 6180//6180
f 6171//6171 6172//6172 6182//6182
f 6171//6171 6182//6182 6181//6181
f 6172//6172 6173//6173 6183//6183
f 6172//6172 6183//6183 6182//6182
f 6173//6173 6165//6165 6175//6175
f 6173//6173 6175//6175 6183//6183
f 6175//6175 6174//6174 6184//6184
f 6175//6175 6184//6184 6185//6185
f 6174//6174 6176//6176 6186//6186
f 6174//6174 6186//6186 6184//6184
f 6176//6176 6177//6177 6187//6187
f 6176//6176 6187//6187 6186//6186
f 6177//6177 6178//6178 6188//6188
f 6177//6177 6188//6188 6187//6187
f 6178//6178 6179//6179 6189//6189
f 6178//6178 6189//6189 6188//6188
f 6179//6179 6180//6180 6190//6190
f 6179//6179 6190//6190 6189//6189
f 6180//6180 6181//6181 6191//6191
f 6180//6180 6191//6191 6190//6190
f 6181//6181 6182//6182 6192//6192
f 6181//6181 6192//6192 6191//6191
f 6182//6182 6183//6183 6193//6193
f 6182//6182 6193//6193 6192//6192
f 6183//6183 6175//6175 6185//6185
f 6183//6183 6185//6185 6193//6193
f 6185//6185 6184//6184 6194//6194
f 6185//6185 6194//6194 6195//6195
f 6184//6184 6186//6186 6196//6196
f 6184//6184 6196//6196 6194//6194
f 6186//6186 6187//6187 6197//6197
f 6186//6186 6197//6197 6196//6196
f 6187//6187 6188//6188 6198//6198
f 6187//6187 6198//6198 6197//6197
f 6188//6188 6189//6189 6199//6199
f 6188//6188 6199//6199 6198//6198
f 6189//6189 6190//6190 6200//6200
f 6189//6189 6200//6200 6199//6199
f 6190//6190 6191//6191 6201//6201
f 6190//6190 6201//6201 6200//6200
f 6191//6191 6192//6192 6202//6202
f 6191//6191 6202//6202 6201//6201
f 6192//6192 6193//6193 6203//6203
f 6192//6192 6203//6203 6202//6202
f 6193//6193 6185//6185 6195//6195
f 6193//6193 6195//6195 6203//6203
f 6195//6195 6194//6194 6196//6196
f 6195//6195 6196//6196 6197//6197
f 6195//6195 6197//6197 6198//6198
f 6195//6195 6198//6198 6199//6199
f 6195//6195 6199//6199 6200//6200
f 6195//6195 6200//6200 6201//6201
f 6195//6195 6201//6201 6202//6202
f 6195//6195 6202//6202 6203//6203