# JOJO v0.4.2, +Y forward +Z up
mtllib palette.mtl
o 06_joseph_hair
v 0.09 0.0 1.785771
v 0.092671 0.049625 1.786748
v 0.089865 0.0497 1.786748
v 0.09547 0.049411 1.786748
v 0.098258 0.049069 1.786748
v 0.101033 0.048605 1.786748
v 0.103793 0.048025 1.786748
v 0.106538 0.047334 1.786748
v 0.109267 0.046533 1.786748
v 0.111982 0.045628 1.786747
v 0.114686 0.044619 1.786747
v 0.117379 0.043508 1.786747
v 0.120065 0.042293 1.786746
v 0.122744 0.04097 1.786745
v 0.125417 0.039534 1.786743
v 0.128082 0.037981 1.786741
v 0.130741 0.036307 1.786739
v 0.133401 0.03451 1.786735
v 0.136069 0.032589 1.78673
v 0.138758 0.030542 1.786724
v 0.141472 0.028359 1.786716
v 0.144209 0.026023 1.786706
v 0.146943 0.023512 1.786693
v 0.149628 0.020799 1.786678
v 0.1522 0.017863 1.78666
v 0.154578 0.014694 1.786642
v 0.156692 0.011297 1.786623
v 0.158488 0.007694 1.786604
v 0.159956 0.003917 1.786586
v 0.161126 0.0 1.786569
v 0.162073 -0.004036 1.78655
v 0.162893 -0.00819 1.786529
v 0.163679 -0.012485 1.786502
v 0.164492 -0.016959 1.786468
v 0.165339 -0.021654 1.786424
v 0.16616 -0.026592 1.786369
v 0.166837 -0.031767 1.786305
v 0.167216 -0.037125 1.786235
v 0.167139 -0.042577 1.786162
v 0.166479 -0.048008 1.786092
v 0.165166 -0.0533 1.78603
v 0.163198 -0.058358 1.785978
v 0.160633 -0.06313 1.785937
v 0.157568 -0.067607 1.785906
v 0.154113 -0.071821 1.785879
v 0.150363 -0.075821 1.785854
v 0.146378 -0.07965 1.785828
v 0.142183 -0.083324 1.785799
v 0.137774 -0.086822 1.785768
v 0.133136 -0.090093 1.785736
v 0.12826 -0.093072 1.785706
v 0.123154 -0.095702 1.785679
v 0.117846 -0.097961 1.785656
v 0.112376 -0.099865 1.785635
v 0.106778 -0.101465 1.785615
v 0.101079 -0.102822 1.785591
v 0.095287 -0.103977 1.785562
v 0.089399 -0.104924 1.785527
v 0.083419 -0.10559 1.78549
v 0.077374 -0.105843 1.785456
v 0.071325 -0.105513 1.785432
v 0.065373 -0.104441 1.785428
v 0.059644 -0.102514 1.785448
v 0.054264 -0.099709 1.785495
v 0.049329 -0.096108 1.785567
v 0.044884 -0.091881 1.785654
v 0.040901 -0.087262 1.785748
v 0.037294 -0.082495 1.785837
v 0.033937 -0.077785 1.785914
v 0.030701 -0.073259 1.785974
v 0.027495 -0.068952 1.786017
v 0.024291 -0.06481 1.786045
v 0.021137 -0.060721 1.786063
v 0.018149 -0.056556 1.786076
v 0.015481 -0.052203 1.786093
v 0.013288 -0.047603 1.786116
v 0.011688 -0.042755 1.78615
v 0.010741 -0.037714 1.786195
v 0.010432 -0.032572 1.786247
v 0.010689 -0.027434 1.786304
v 0.011398 -0.022389 1.78636
v 0.012439 -0.017507 1.786413
v 0.013705 -0.012821 1.786461
v 0.015127 -0.008345 1.786502
v 0.016668 -0.004074 1.786538
v 0.018324 -0.0 1.786569
v 0.020106 0.003884 1.786595
v 0.022026 0.007579 1.786619
v 0.024083 0.011084 1.78664
v 0.026265 0.014397 1.786658
v 0.028548 0.017522 1.786674
v 0.030904 0.020466 1.786688
v 0.033309 0.02324 1.7867
v 0.035752 0.025855 1.786709
v 0.03823 0.028316 1.786717
v 0.04075 0.030624 1.786723
v 0.04332 0.032774 1.786729
v 0.045945 0.034761 1.786733
v 0.048622 0.036582 1.786737
v 0.05134 0.03824 1.78674
v 0.054082 0.039748 1.786743
v 0.056833 0.04112 1.786744
v 0.059579 0.042378 1.786746
v 0.062314 0.043536 1.786747
v 0.065037 0.044607 1.786747
v 0.067753 0.045594 1.786747
v 0.070472 0.046495 1.786748
v 0.073199 0.0473 1.786748
v 0.07594 0.048002 1.786748
v 0.078698 0.048593 1.786748
v 0.081472 0.049064 1.786748
v 0.08426 0.04941 1.786748
v 0.087059 0.049625 1.786748
v 0.095069 0.099194 1.785762
v 0.089461 0.099343 1.785762
v 0.100665 0.098766 1.78576
v 0.106238 0.098082 1.785757
v 0.111783 0.097154 1.78575
v 0.117299 0.095995 1.78574
v 0.122783 0.094612 1.785726
v 0.128236 0.093012 1.785709
v 0.133659 0.091201 1.785686
v 0.139058 0.089184 1.785658
v 0.144438 0.086962 1.785624
v 0.1498 0.084532 1.785583
v 0.155148 0.081887 1.785536
v 0.160481 0.079017 1.78548
v 0.165798 0.075911 1.785417
v 0.171103 0.072563 1.785345
v 0.176406 0.06897 1.785261
v 0.181726 0.065131 1.785165
v 0.187083 0.061037 1.785053
v 0.192489 0.056672 1.784923
v 0.197936 0.052003 1.784774
v 0.203375 0.046983 1.784605
v 0.208716 0.04156 1.78442
v 0.213827 0.035692 1.784226
v 0.218553 0.029358 1.78403
v 0.222749 0.02257 1.78384
v 0.226314 0.01537 1.783662
v 0.229224 0.007825 1.783498
v 0.231542 0.0 1.783343
v 0.233412 -0.008062 1.783183
v 0.235025 -0.01636 1.783002
v 0.236566 -0.024938 1.782783
v 0.238154 -0.033873 1.782509
v 0.239802 -0.043246 1.782169
v 0.24139 -0.053105 1.781764
v 0.242684 -0.063432 1.781304
v 0.243379 -0.074124 1.780811
v 0.243164 -0.085002 1.780317
v 0.241791 -0.095834 1.779854
v 0.239123 -0.10639 1.77945
v 0.235156 -0.11648 1.77912
v 0.230005 -0.125997 1.778862
v 0.223866 -0.134928 1.778663
v 0.216953 -0.143334 1.778498
v 0.209451 -0.151312 1.778344
v 0.201481 -0.158948 1.778182
v 0.193091 -0.166274 1.778005
v 0.184272 -0.173248 1.777813
v 0.174997 -0.179769 1.777619
v 0.165249 -0.185705 1.777436
v 0.155046 -0.190948 1.777273
v 0.144443 -0.19545 1.777134
v 0.133516 -0.199244 1.777011
v 0.122337 -0.202432 1.776888
v 0.110954 -0.205133 1.776746
v 0.099383 -0.207432 1.776573
v 0.08762 -0.209314 1.776369
v 0.075673 -0.210634 1.77615
v 0.063597 -0.211129 1.775949
v 0.051521 -0.210467 1.775811
v 0.039647 -0.208326 1.775784
v 0.028228 -0.204487 1.775903
v 0.017515 -0.198903 1.776181
v 0.007701 -0.191733 1.776603
v -0.001133 -0.183319 1.777126
v -0.009041 -0.174122 1.777691
v -0.016202 -0.164627 1.778238
v -0.02287 -0.155242 1.778717
v -0.029303 -0.14622 1.779097
v -0.035685 -0.13763 1.77937
v -0.042069 -0.129367 1.779549
v -0.048356 -0.121209 1.779663
v -0.054315 -0.112896 1.779753
v -0.059635 -0.10421 1.779859
v -0.064004 -0.095029 1.780015
v -0.067183 -0.085355 1.780241
v -0.069056 -0.075296 1.78054
v -0.069651 -0.065036 1.780899
v -0.069114 -0.05478 1.781294
v -0.067673 -0.044711 1.781698
v -0.06557 -0.034963 1.78209
v -0.063017 -0.025608 1.782454
v -0.060156 -0.016669 1.782783
v -0.057057 -0.008139 1.783078
v -0.05373 -0.0 1.783343
v -0.050153 0.007759 1.783583
v -0.046302 0.015142 1.783805
v -0.042176 0.022145 1.784012
v -0.037801 0.028766 1.784204
v -0.033225 0.035011 1.784381
v -0.028504 0.040896 1.784543
v -0.023685 0.046441 1.784688
v -0.018793 0.051668 1.784817
v -0.01383 0.056587 1.784933
v -0.008785 0.0612 1.785037
v -0.003639 0.065499 1.785133
v 0.001616 0.069471 1.785222
v 0.006974 0.073112 1.785305
v 0.012414 0.076429 1.785383
v 0.017903 0.079443 1.785454
v 0.023408 0.082188 1.785518
v 0.028903 0.084703 1.785574
v 0.034373 0.08702 1.785621
v 0.03982 0.089161 1.785659
v 0.045254 0.091135 1.785689
v 0.050691 0.092935 1.785712
v 0.056144 0.094545 1.785729
v 0.061625 0.095949 1.785742
v 0.067138 0.097129 1.785751
v 0.072683 0.098071 1.785757
v 0.078257 0.098764 1.785761
v 0.083852 0.099194 1.785762
v 0.097198 0.148676 1.783006
v 0.088792 0.148877 1.782825
v 0.105587 0.148066 1.783254
v 0.113946 0.14707 1.783499
v 0.122267 0.145705 1.783691
v 0.130541 0.143982 1.783796
v 0.138764 0.141911 1.783794
v 0.146936 0.139503 1.78368
v 0.155058 0.136769 1.783462
v 0.163135 0.133718 1.783159
v 0.171175 0.130357 1.782804
v 0.179186 0.126687 1.782443
v 0.187177 0.122704 1.782137
v 0.195152 0.118397 1.781944
v 0.203104 0.11374 1.781758
v 0.211035 0.10872 1.781547
v 0.218961 0.103333 1.781306
v 0.226908 0.097577 1.781029
v 0.234907 0.09144 1.780709
v 0.242976 0.084896 1.780339
v 0.251099 0.077896 1.779918
v 0.259207 0.070371 1.779446
v 0.267164 0.062245 1.778934
v 0.274773 0.053453 1.778397
v 0.281805 0.043963 1.777859
v 0.288044 0.033795 1.777342
v 0.293342 0.023013 1.776861
v 0.297661 0.011715 1.776418
v 0.301095 0.0 1.775998
v 0.303858 -0.012069 1.77557
v 0.306233 -0.02449 1.775088
v 0.30849 -0.037327 1.774504
v 0.310807 -0.050696 1.773776
v 0.313198 -0.064716 1.77288
v 0.315485 -0.079458 1.771815
v 0.317323 -0.094895 1.770612
v 0.318258 -0.110872 1.769331
v 0.317835 -0.127121 1.768052
v 0.315687 -0.1433 1.766859
v 0.311616 -0.159062 1.765821
v 0.305619 -0.174128 1.764974
v 0.29787 -0.188341 1.764314
v 0.288655 -0.201678 1.763804
v 0.278291 -0.21423 1.763384
v 0.267052 -0.226144 1.762991
v 0.255112 -0.237544 1.762579
v 0.242542 -0.248478 1.762127
v 0.229331 -0.258885 1.76164
v 0.21544 -0.268612 1.761147
v 0.200845 -0.277466 1.760681
v 0.185576 -0.285285 1.760269
v 0.169715 -0.291998 1.759917
v 0.153373 -0.297655 1.759604
v 0.136657 -0.302405 1.759291
v 0.119634 -0.306427 1.758933
v 0.102327 -0.309845 1.758496
v 0.084732 -0.312635 1.75798
v 0.066864 -0.314585 1.757426
v 0.048808 -0.315305 1.756919
v 0.03076 -0.314303 1.756572
v 0.013025 -0.311103 1.756503
v -0.004018 -0.305381 1.756803
v -0.019993 -0.297069 1.757506
v -0.034617 -0.286397 1.758571
v -0.047772 -0.273874 1.759895
v -0.059544 -0.260181 1.761329
v -0.070206 -0.246036 1.762721
v -0.080138 -0.232044 1.763943
v -0.089728 -0.218587 1.764915
v -0.09925 -0.205764 1.765615
v -0.108784 -0.193421 1.766074
v -0.118178 -0.181231 1.766368
v -0.127082 -0.168806 1.766599
v -0.13503 -0.155824 1.766871
v -0.141555 -0.142103 1.767273
v -0.146297 -0.127646 1.767857
v -0.149084 -0.112614 1.76863
v -0.149954 -0.09728 1.76956
v -0.14913 -0.08195 1.770587
v -0.146951 -0.066897 1.771644
v -0.143783 -0.052319 1.772672
v -0.13994 -0.038325 1.773632
v -0.135638 -0.02495 1.774504
v -0.130981 -0.012183 1.775289
v -0.125982 -0.0 1.775998
v -0.120609 0.011618 1.776647
v -0.114826 0.022673 1.777248
v -0.108632 0.033161 1.777811
v -0.102064 0.043079 1.778337
v -0.095196 0.052435 1.778825
v -0.088112 0.061252 1.779272
v -0.080879 0.069563 1.779677
v -0.073538 0.077395 1.78004
v -0.066092 0.084769 1.780366
v -0.058523 0.091683 1.780663
v -0.050803 0.098127 1.780936
v -0.04292 0.104082 1.781191
v -0.034882 0.109541 1.781432
v -0.026721 0.114514 1.781658
v -0.018487 0.119034 1.781867
v -0.010229 0.123151 1.782056
v -0.001988 0.126921 1.78222
v 0.006217 0.130396 1.782359
v 0.014385 0.133608 1.782473
v 0.022533 0.136567 1.782563
v 0.030683 0.139266 1.782632
v 0.038858 0.141681 1.782684
v 0.047074 0.143785 1.782722
v 0.055337 0.145554 1.782749
v 0.063648 0.146967 1.782768
v 0.072001 0.148004 1.782778
v 0.080387 0.148648 1.782783
v 0.09921 0.200719 1.794801
v 0.087864 0.200556 1.791967
v 0.110573 0.200254 1.797244
v 0.121922 0.199183 1.799187
v 0.133229 0.197523 1.80055
v 0.14447 0.19529 1.801279
v 0.155623 0.192497 1.801344
v 0.166673 0.189161 1.800741
v 0.177607 0.185306 1.79949
v 0.188421 0.180954 1.797633
v 0.19915 0.176181 1.795631
v 0.209779 0.170956 1.793268
v 0.220318 0.16529 1.790705
v 0.230771 0.159177 1.788007
v 0.241165 0.152633 1.785429
v 0.251492 0.145629 1.782821
v 0.261785 0.13817 1.780264
v 0.272105 0.13027 1.777901
v 0.282504 0.121916 1.775757
v 0.29302 0.113073 1.773858
v 0.303658 0.103678 1.772288
v 0.314353 0.093637 1.771153
v 0.324877 0.082815 1.770148
v 0.334933 0.07111 1.7691
v 0.344221 0.05848 1.768051
v 0.352457 0.044949 1.767044
v 0.359443 0.030606 1.766109
v 0.365131 0.015579 1.76525
v 0.369645 0.0 1.764437
v 0.373267 -0.016047 1.763608
v 0.376364 -0.032558 1.762676
v 0.379292 -0.04962 1.761549
v 0.382282 -0.067382 1.760147
v 0.385349 -0.086002 1.758422
v 0.38826 -0.105573 1.756377
v 0.390555 -0.126055 1.754072
v 0.391645 -0.147244 1.751622
v 0.390932 -0.168784 1.749179
v 0.387941 -0.190224 1.746905
v 0.382419 -0.211109 1.744928
v 0.374366 -0.23107 1.743316
v 0.36401 -0.249901 1.742063
v 0.351729 -0.267573 1.741094
v 0.337936 -0.284206 1.740296
v 0.322986 -0.29999 1.73955
v 0.307107 -0.31509 1.738769
v 0.29039 -0.329567 1.73791
v 0.272825 -0.343341 1.736987
v 0.254359 -0.356211 1.736051
v 0.234966 -0.367922 1.735169
v 0.214686 -0.378262 1.734389
v 0.193629 -0.38714 1.733722
v 0.17194 -0.394619 1.73313
v 0.149757 -0.400894 1.732538
v 0.127168 -0.406201 1.731859
v 0.1042 -0.4107 1.731032
v 0.080849 -0.414362 1.730056
v 0.057139 -0.416907 1.72901
v 0.033187 -0.417824 1.728051
v 0.009256 -0.416471 1.727395
v -0.014246 -0.412226 1.727266
v -0.036819 -0.404665 1.727833
v -0.057967 -0.393698 1.72916
v -0.077318 -0.379626 1.731175
v -0.094722 -0.363109 1.73368
v -0.110298 -0.345041 1.736397
v -0.124407 -0.326362 1.739037
v -0.137559 -0.307869 1.741357
v -0.150266 -0.290064 1.743205
v -0.162891 -0.273082 1.744536
v -0.175537 -0.256723 1.74541
v -0.188002 -0.240555 1.74597
v -0.199818 -0.224073 1.746409
v -0.210367 -0.20685 1.746928
v -0.219026 -0.188651 1.747694
v -0.225318 -0.169475 1.748808
v -0.229014 -0.149538 1.750283
v -0.230164 -0.129199 1.752059
v -0.229064 -0.108859 1.754023
v -0.226162 -0.088881 1.756049
v -0.221944 -0.069525 1.758023
v -0.216828 -0.050938 1.759868
v -0.2111 -0.033167 1.76155
v -0.204899 -0.016198 1.763066
v -0.198242 -0.0 1.764437
v -0.191086 0.01545 1.765693
v -0.183385 0.030156 1.766861
v -0.175134 0.04411 1.767956
v -0.166386 0.057309 1.768982
v -0.157237 0.069762 1.769936
v -0.147799 0.0815 1.770812
v -0.138164 0.092565 1.771606
v -0.128384 0.102996 1.77232
v -0.118464 0.112816 1.772963
v -0.108378 0.122026 1.773548
v -0.098093 0.130609 1.774088
v -0.087589 0.138543 1.774595
v -0.076879 0.145816 1.775074
v -0.066005 0.152444 1.775524
v -0.055032 0.158468 1.775941
v -0.044029 0.163956 1.776317
v -0.033051 0.168986 1.776678
v -0.022168 0.173698 1.777515
v -0.01137 0.178143 1.778848
v -0.000604 0.182311 1.780478
v 0.010171 0.186182 1.782354
v 0.021005 0.189693 1.784254
v 0.031926 0.192793 1.786108
v 0.042947 0.195433 1.787825
v 0.054068 0.197553 1.789241
v 0.065275 0.199137 1.790419
v 0.07655 0.200117 1.79112
v 0.101221 0.257254 1.820705
v 0.086684 0.257723 1.821115
v 0.115831 0.257114 1.825431
v 0.130464 0.256145 1.829411
v 0.145058 0.25428 1.832125
v 0.159557 0.251533 1.833488
v 0.173909 0.247924 1.833452
v 0.188069 0.243482 1.832013
v 0.202069 0.23839 1.829971
v 0.215876 0.232624 1.827074
v 0.229466 0.226186 1.823237
v 0.24289 0.219186 1.819029
v 0.256182 0.211665 1.814746
v 0.269308 0.203568 1.810176
v 0.282268 0.194885 1.805359
v 0.295073 0.185619 1.800345
v 0.307757 0.175782 1.795196
v 0.320382 0.165391 1.790004
v 0.333029 0.154454 1.784893
v 0.34572 0.142919 1.779784
v 0.358442 0.130712 1.774715
v 0.37109 0.117723 1.769722
v 0.383456 0.103829 1.764873
v 0.395251 0.088931 1.760305
v 0.406163 0.072985 1.756267
v 0.415952 0.056022 1.753143
v 0.424498 0.038132 1.751318
v 0.43151 0.019408 1.749901
v 0.437063 0.0 1.748561
v 0.441501 -0.019987 1.747196
v 0.445276 -0.040547 1.745662
v 0.448824 -0.061785 1.743808
v 0.452425 -0.083887 1.741504
v 0.456094 -0.107045 1.738671
v 0.45954 -0.131371 1.735317
v 0.4622 -0.156813 1.731539
v 0.463349 -0.183117 1.727528
v 0.462259 -0.209842 1.723534
v 0.458355 -0.236432 1.719818
v 0.451332 -0.262326 1.716591
v 0.441199 -0.287074 1.713961
v 0.428239 -0.310422 1.711917
v 0.412911 -0.332336 1.710338
v 0.395723 -0.35296 1.709037
v 0.377104 -0.372529 1.707822
v 0.357334 -0.391243 1.706549
v 0.336522 -0.409177 1.70515
v 0.314658 -0.426232 1.703648
v 0.291679 -0.442159 1.702125
v 0.267559 -0.456648 1.700688
v 0.242349 -0.469439 1.69942
v 0.216183 -0.480417 1.698335
v 0.189242 -0.489664 1.697373
v 0.161692 -0.497416 1.69641
v 0.133638 -0.50396 1.695306
v 0.105115 -0.509492 1.693963
v 0.076117 -0.513974 1.692377
v 0.046679 -0.517067 1.690677
v 0.01695 -0.518147 1.68912
v -0.012739 -0.516428 1.688055
v -0.041884 -0.511157 1.687845
v -0.069867 -0.501815 1.688766
v -0.09608 -0.488291 1.690922
v -0.120066 -0.470951 1.694195
v -0.141644 -0.450595 1.698266
v -0.160963 -0.428312 1.702688
v -0.178472 -0.405253 1.706986
v -0.194802 -0.382397 1.710766
v -0.210586 -0.360361 1.713779
v -0.226275 -0.339319 1.71595
v -0.241992 -0.319025 1.717377
v -0.257485 -0.298954 1.718292
v -0.272174 -0.278486 1.719009
v -0.285289 -0.257097 1.719856
v -0.296059 -0.234498 1.721108
v -0.303893 -0.210691 1.722926
v -0.308504 -0.185939 1.725338
v -0.309954 -0.160684 1.728243
v -0.308607 -0.135421 1.731459
v -0.305018 -0.110595 1.734778
v -0.299786 -0.086532 1.738016
v -0.293432 -0.063413 1.741046
v -0.286313 -0.041298 1.743809
v -0.278599 -0.020173 1.746303
v -0.270313 -0.0 1.748561
v -0.261402 0.019248 1.750633
v -0.251809 0.037575 1.752559
v -0.241527 0.05497 1.754368
v -0.230622 0.071428 1.756065
v -0.219215 0.08696 1.757644
v -0.207444 0.101604 1.759095
v -0.195426 0.11541 1.760412
v -0.183224 0.128427 1.761598
v -0.170847 0.140683 1.762667
v -0.158262 0.152181 1.76364
v -0.145426 0.162897 1.76454
v -0.132317 0.172804 1.765384
v -0.118948 0.181888 1.766183
v -0.105391 0.190184 1.767041
v -0.091928 0.197978 1.76936
v -0.078591 0.205374 1.773097
v -0.065331 0.212395 1.777731
v -0.052121 0.219087 1.782982
v -0.038896 0.225429 1.788425
v -0.025617 0.231434 1.794038
v -0.012203 0.236999 1.79939
v 0.001375 0.242089 1.804547
v 0.015161 0.246574 1.809132
v 0.029151 0.250398 1.813143
v 0.043335 0.253486 1.816443
v 0.057684 0.255752 1.818799
v 0.072149 0.257206 1.820476
v 0.103305 0.319413 1.857143
v 0.085264 0.32005 1.857781
v 0.12125 0.317581 1.855269
v 0.139369 0.316695 1.860603
v 0.157475 0.314704 1.864656
v 0.175445 0.31143 1.866539
v 0.193182 0.306899 1.866183
v 0.210754 0.301537 1.865218
v 0.228005 0.295078 1.862355
v 0.24497 0.287741 1.858366
v 0.261689 0.279659 1.853739
v 0.278189 0.270891 1.848723
v 0.294464 0.26143 1.843329
v 0.310504 0.251259 1.837568
v 0.326317 0.240383 1.831545
v 0.341904 0.22879 1.825236
v 0.357287 0.216487 1.818617
v 0.372528 0.203493 1.811737
v 0.387699 0.189812 1.804639
v 0.402845 0.175408 1.797346
v 0.417934 0.160192 1.789853
v 0.432809 0.144032 1.782131
v 0.447203 0.126792 1.774248
v 0.460694 0.108349 1.766167
v 0.472812 0.088662 1.757914
v 0.483186 0.067805 1.749705
v 0.491651 0.045944 1.74191
v 0.498342 0.023287 1.735036
v 0.503709 0.0 1.729649
v 0.508435 -0.023878 1.726251
v 0.51284 -0.048434 1.723956
v 0.516951 -0.073791 1.721189
v 0.521094 -0.100166 1.71775
v 0.525283 -0.127785 1.713527
v 0.529171 -0.156774 1.708529
v 0.532092 -0.18707 1.702905
v 0.533198 -0.218368 1.696939
v 0.531638 -0.250146 1.691005
v 0.526747 -0.281747 1.685487
v 0.518178 -0.312512 1.680698
v 0.505947 -0.341914 1.676799
v 0.49039 -0.369653 1.67377
v 0.472049 -0.39569 1.671429
v 0.451512 -0.420198 1.669502
v 0.429283 -0.443445 1.667704
v 0.405685 -0.465668 1.665818
v 0.380849 -0.486952 1.663749
v 0.35476 -0.507179 1.661526
v 0.327353 -0.526059 1.659273
v 0.298599 -0.543227 1.657149
v 0.268563 -0.558379 1.655274
v 0.237403 -0.571382 1.653671
v 0.205331 -0.582329 1.652249
v 0.172541 -0.591496 1.650826
v 0.139154 -0.599219 1.649196
v 0.105211 -0.605723 1.647212
v 0.070708 -0.610965 1.644872
v 0.035689 -0.614548 1.642363
v 0.000339 -0.615745 1.640066
v -0.034951 -0.613644 1.638496
v -0.069584 -0.607369 1.638186
v -0.102832 -0.596319 1.639544
v -0.133983 -0.58036 1.642724
v -0.162502 -0.559914 1.647555
v -0.188176 -0.535909 1.653569
v -0.211182 -0.50961 1.660106
v -0.232049 -0.482362 1.666466
v -0.25152 -0.455313 1.672064
v -0.270346 -0.429193 1.676528
v -0.289056 -0.404211 1.679748
v -0.307799 -0.380086 1.681865
v -0.326271 -0.356203 1.683222
v -0.343784 -0.331837 1.684285
v -0.359427 -0.306374 1.685543
v -0.372285 -0.279476 1.687401
v -0.381657 -0.251144 1.690102
v -0.387201 -0.22169 1.693685
v -0.388987 -0.19163 1.698003
v -0.387442 -0.161549 1.702787
v -0.383221 -0.131975 1.707727
v -0.377034 -0.103291 1.71255
v -0.369499 -0.075716 1.717068
v -0.36104 -0.049323 1.721191
v -0.351861 -0.024099 1.724914
v -0.341992 -0.0 1.728288
v -0.331368 0.023003 1.731384
v -0.319922 0.044914 1.734267
v -0.307647 0.065718 1.736974
v -0.294622 0.085408 1.739516
v -0.28099 0.103996 1.741883
v -0.266919 0.121526 1.74406
v -0.252547 0.138057 1.746037
v -0.237952 0.153647 1.747818
v -0.223142 0.168328 1.749424
v -0.208081 0.182102 1.750887
v -0.192718 0.194943 1.752241
v -0.177023 0.206817 1.753512
v -0.161168 0.217844 1.755461
v -0.145642 0.228519 1.760483
v -0.130316 0.238866 1.768014
v -0.115011 0.248807 1.776961
v -0.099654 0.258337 1.786673
v -0.084191 0.267461 1.796696
v -0.068559 0.276153 1.806629
v -0.052684 0.284338 1.8161
v -0.036538 0.291989 1.825162
v -0.020041 0.298921 1.833306
v -0.00318 0.305015 1.84038
v 0.014015 0.310218 1.846487
v 0.03152 0.314398 1.851349
v 0.049281 0.317474 1.85487
v 0.067223 0.319383 1.857021
v 0.105331 0.384628 1.889628
v 0.083616 0.385419 1.89037
v 0.12692 0.382327 1.887368
v 0.148281 0.37864 1.883686
v 0.169918 0.376254 1.887766
v 0.191419 0.372435 1.889973
v 0.212743 0.367373 1.890823
v 0.233734 0.360881 1.889476
v 0.254344 0.353106 1.88627
v 0.274665 0.34439 1.882297
v 0.294734 0.334839 1.87788
v 0.31455 0.324457 1.873019
v 0.334106 0.31323 1.867709
v 0.353381 0.301135 1.861945
v 0.372362 0.288154 1.855725
v 0.391049 0.274286 1.849058
v 0.409477 0.25955 1.841964
v 0.427714 0.24397 1.834472
v 0.44584 0.227551 1.82661
v 0.463902 0.210253 1.81838
v 0.481846 0.191968 1.809748
v 0.499466 0.172537 1.800641
v 0.516371 0.151783 1.790967
v 0.532146 0.129611 1.781003
v 0.546076 0.105943 1.770402
v 0.557605 0.08088 1.759167
v 0.566442 0.054665 1.7475
v 0.572665 0.027611 1.735748
v 0.576759 0.0 1.724359
v 0.579527 -0.028028 1.713785
v 0.581895 -0.056538 1.704359
v 0.584667 -0.085799 1.696192
v 0.588317 -0.116213 1.689186
v 0.592779 -0.148162 1.682931
v 0.597007 -0.181706 1.675959
v 0.600081 -0.21673 1.668121
v 0.601036 -0.25288 1.659815
v 0.59891 -0.289553 1.65156
v 0.592958 -0.326 1.643893
v 0.582797 -0.361471 1.637244
v 0.568455 -0.395365 1.631835
v 0.550321 -0.427346 1.627634
v 0.529008 -0.45737 1.624391
v 0.505185 -0.485629 1.621721
v 0.479418 -0.512429 1.61923
v 0.452074 -0.538035 1.61662
v 0.423299 -0.562542 1.613756
v 0.393082 -0.585815 1.61068
v 0.361352 -0.607522 1.607564
v 0.328081 -0.627252 1.604628
v 0.293346 -0.644659 1.602036
v 0.257332 -0.659595 1.599821
v 0.220277 -0.672162 1.597857
v 0.182401 -0.682673 1.595893
v 0.143841 -0.691505 1.593642
v 0.104644 -0.698911 1.590904
v 0.064809 -0.70484 1.587675
v 0.024392 -0.708844 1.584215
v -0.016392 -0.710107 1.581049
v -0.057092 -0.707604 1.578886
v -0.097027 -0.700352 1.578459
v -0.135372 -0.687677 1.580331
v -0.171318 -0.669428 1.584713
v -0.204258 -0.64607 1.591377
v -0.233949 -0.618641 1.599681
v -0.260588 -0.588561 1.608715
v -0.284776 -0.55735 1.617517
v -0.307358 -0.52631 1.625271
v -0.329191 -0.496279 1.63146
v -0.350883 -0.467503 1.635926
v -0.3726 -0.439668 1.638864
v -0.393995 -0.412083 1.640748
v -0.414279 -0.383924 1.642224
v -0.432405 -0.354497 1.643971
v -0.447327 -0.323418 1.646552
v -0.458239 -0.290689 1.650306
v -0.464744 -0.256664 1.655287
v -0.466918 -0.221933 1.661295
v -0.465245 -0.187161 1.667957
v -0.460469 -0.152954 1.674841
v -0.453407 -0.119754 1.681567
v -0.444768 -0.087813 1.687873
v -0.43504 -0.057221 1.693631
v -0.424463 -0.027966 1.698835
v -0.413071 -0.0 1.703554
v -0.400791 0.026707 1.707888
v -0.387546 0.052158 1.711924
v -0.37333 0.076333 1.715716
v -0.358232 0.099222 1.719279
v -0.342423 0.12084 1.7226
v -0.326094 0.141233 1.725654
v -0.309407 0.160469 1.728429
v -0.292454 0.178614 1.73093
v -0.275247 0.195706 1.733187
v -0.257741 0.211745 1.735244
v -0.239879 0.2267 1.737147
v -0.221629 0.240532 1.738937
v -0.203789 0.253922 1.74389
v -0.186648 0.267355 1.753652
v -0.169721 0.280617 1.766465
v -0.152702 0.293532 1.780866
v -0.135443 0.306016 1.795905
v -0.117907 0.318093 1.811236
v -0.099898 0.329502 1.825605
v -0.081386 0.340172 1.838782
v -0.062349 0.350007 1.850648
v -0.042783 0.358911 1.861215
v -0.02268 0.366704 1.870219
v -0.002081 0.373259 1.877584
v 0.018943 0.378481 1.883276
v 0.040303 0.382295 1.887291
v 0.061898 0.384631 1.88964
v 0.10715 0.449976 1.909939
v 0.081754 0.450897 1.910683
v 0.132398 0.447279 1.907613
v 0.157395 0.443062 1.904136
v 0.182039 0.437339 1.899273
v 0.206667 0.43166 1.897598
v 0.231472 0.426085 1.899287
v 0.255789 0.418512 1.897677
v 0.279815 0.409784 1.895237
v 0.303591 0.400049 1.89232
v 0.327117 0.389323 1.888908
v 0.350388 0.377607 1.884988
v 0.373392 0.364878 1.880544
v 0.396103 0.351106 1.87556
v 0.418498 0.336264 1.870021
v 0.440571 0.320346 1.863913
v 0.462354 0.303369 1.857229
v 0.483913 0.285357 1.849966
v 0.505328 0.266313 1.842113
v 0.526741 0.246244 1.833934
v 0.548101 0.225018 1.825399
v 0.569082 0.202399 1.816197
v 0.589205 0.178174 1.806215
v 0.607801 0.152184 1.795348
v 0.624109 0.124393 1.783536
v 0.63769 0.09498 1.771326
v 0.647877 0.064178 1.758238
v 0.654615 0.032386 1.744357
v 0.65838 0.0 1.729956
v 0.660063 -0.032731 1.715368
v 0.660754 -0.065794 1.700887
v 0.661433 -0.099418 1.686658
v 0.662828 -0.134019 1.672891
v 0.664921 -0.169996 1.659287
v 0.667038 -0.207546 1.645408
v 0.668348 -0.246666 1.631541
v 0.667664 -0.286992 1.61795
v 0.663995 -0.327959 1.605399
v 0.656839 -0.369024 1.595135
v 0.645044 -0.409008 1.586351
v 0.628585 -0.447212 1.579211
v 0.6079 -0.483263 1.573672
v 0.583671 -0.517112 1.569396
v 0.556636 -0.548972 1.565878
v 0.527419 -0.57918 1.562598
v 0.496425 -0.608025 1.559161
v 0.463817 -0.635609 1.555393
v 0.429586 -0.661779 1.551346
v 0.393657 -0.686171 1.547251
v 0.356007 -0.708328 1.543392
v 0.316727 -0.727869 1.539987
v 0.276022 -0.744632 1.537079
v 0.234157 -0.758728 1.534502
v 0.191376 -0.7705 1.531923
v 0.147831 -0.780361 1.528971
v 0.103574 -0.788586 1.525381
v 0.058611 -0.795119 1.521149
v 0.013009 -0.799466 1.516617
v -0.032987 -0.800735 1.512472
v -0.078874 -0.797807 1.50964
v -0.123897 -0.78961 1.509082
v -0.167145 -0.775409 1.511531
v -0.207726 -0.755034 1.517269
v -0.244968 -0.728986 1.526001
v -0.278595 -0.698392 1.536895
v -0.308816 -0.664802 1.548763
v -0.336292 -0.629887 1.560342
v -0.361959 -0.59509 1.570556
v -0.386769 -0.561347 1.578716
v -0.411398 -0.528942 1.584611
v -0.436035 -0.497539 1.58849
v -0.460292 -0.466377 1.590978
v -0.483285 -0.434547 1.592929
v -0.503847 -0.401283 1.595237
v -0.520809 -0.36616 1.59865
v -0.533267 -0.329182 1.603614
v -0.540773 -0.290741 1.610207
v -0.543403 -0.251491 1.618165
v -0.541688 -0.212176 1.626996
v -0.536457 -0.17347 1.636132
v -0.528621 -0.135873 1.645067
v -0.518975 -0.099673 1.653451
v -0.50807 -0.064972 1.661113
v -0.496177 -0.031764 1.668043
v -0.483339 -0.0 1.674332
v -0.469475 0.030352 1.680111
v -0.454499 0.059291 1.685496
v -0.438406 0.086794 1.690559
v -0.421298 0.112845 1.695318
v -0.403368 0.137459 1.699756
v -0.384835 0.160688 1.703839
v -0.365884 0.182607 1.707551
v -0.346618 0.203288 1.710898
v -0.327055 0.222773 1.71392
v -0.307144 0.241062 1.716674
v -0.286821 0.25812 1.719224
v -0.26605 0.273901 1.72162
v -0.24587 0.289297 1.727585
v -0.227023 0.305317 1.740463
v -0.208681 0.321604 1.757846
v -0.190276 0.337821 1.777672
v -0.171447 0.353679 1.798268
v -0.151968 0.36892 1.818332
v -0.131736 0.383359 1.837073
v -0.110803 0.397047 1.854743
v -0.088932 0.409377 1.869652
v -0.066172 0.420142 1.881612
v -0.042676 0.429383 1.891229
v -0.018563 0.437063 1.8988
v 0.006064 0.443085 1.904355
v 0.031081 0.447396 1.908005
v 0.056349 0.450073 1.910233
v 0.108597 0.512196 1.912767
v 0.079693 0.513156 1.913284
v 0.137372 0.509499 1.911411
v 0.165911 0.505125 1.909034
v 0.194108 0.499082 1.905389
v 0.221908 0.491568 1.900802
v 0.249166 0.482399 1.894571
v 0.275855 0.471806 1.887131
v 0.303148 0.462422 1.885846
v 0.33029 0.45203 1.884476
v 0.357237 0.440521 1.882661
v 0.383962 0.427847 1.880256
v 0.410444 0.41398 1.877239
v 0.436652 0.398877 1.873587
v 0.462555 0.382507 1.869272
v 0.488138 0.364853 1.864262
v 0.514092 0.346461 1.860539
v 0.539403 0.326409 1.854636
v 0.564524 0.305044 1.847747
v 0.589649 0.282412 1.840255
v 0.614729 0.258373 1.832164
v 0.639501 0.232705 1.823441
v 0.663445 0.205154 1.814032
v 0.6858 0.175516 1.803874
v 0.705674 0.14372 1.792909
v 0.722216 0.109889 1.781081
v 0.73482 0.074349 1.768321
v 0.743316 0.03756 1.754558
v 0.748089 0.0 1.739773
v 0.750046 -0.037986 1.724053
v 0.750425 -0.076311 1.707595
v 0.750803 -0.115243 1.691232
v 0.751716 -0.155197 1.674574
v 0.753221 -0.196603 1.657421
v 0.754562 -0.239653 1.639395
v 0.754349 -0.284121 1.620162
v 0.75192 -0.32979 1.601268
v 0.74467 -0.375194 1.581261
v 0.731627 -0.419117 1.560842
v 0.712947 -0.460771 1.541501
v 0.689667 -0.500023 1.524946
v 0.663387 -0.537512 1.512843
v 0.635926 -0.574664 1.506775
v 0.605766 -0.609957 1.50232
v 0.573203 -0.643408 1.498168
v 0.538671 -0.675328 1.49382
v 0.502352 -0.705823 1.489055
v 0.464238 -0.734726 1.483941
v 0.424257 -0.76164 1.478767
v 0.382388 -0.786072 1.473896
v 0.338735 -0.807612 1.4696
v 0.293526 -0.826083 1.465932
v 0.247049 -0.841606 1.462682
v 0.199569 -0.854546 1.459432
v 0.151252 -0.865345 1.455712
v 0.102158 -0.874298 1.451192
v 0.0523 -0.881341 1.445866
v 0.001757 -0.885945 1.440164
v -0.049198 -0.887154 1.434953
v -0.100019 -0.883776 1.431395
v -0.149888 -0.874669 1.430694
v -0.197824 -0.859051 1.433771
v -0.242865 -0.836736 1.440984
v -0.284277 -0.808247 1.451973
v -0.321754 -0.774777 1.465699
v -0.355508 -0.737981 1.480678
v -0.386244 -0.699653 1.495314
v -0.414973 -0.661361 1.508244
v -0.44273 -0.624132 1.518588
v -0.470254 -0.588287 1.526067
v -0.497751 -0.553474 1.530991
v -0.5248 -0.518877 1.534153
v -0.550435 -0.483514 1.536631
v -0.573381 -0.446557 1.539565
v -0.592357 -0.407545 1.543904
v -0.606372 -0.366483 1.550219
v -0.614928 -0.323799 1.558613
v -0.618097 -0.280205 1.568754
v -0.616448 -0.236512 1.580021
v -0.610882 -0.193461 1.59169
v -0.602393 -0.151604 1.603117
v -0.591857 -0.111261 1.61385
v -0.579884 -0.072556 1.62367
v -0.566776 -0.035485 1.632559
v -0.552584 -0.0 1.640633
v -0.537222 0.033929 1.648057
v -0.520598 0.066298 1.654981
v -0.502705 0.097078 1.661494
v -0.483662 0.126249 1.66762
v -0.46368 0.153823 1.673335
v -0.443008 0.179858 1.678598
v -0.421851 0.204433 1.683383
v -0.400329 0.227627 1.6877
v -0.378459 0.249487 1.691599
v -0.356191 0.27001 1.695154
v -0.333452 0.289157 1.698446
v -0.310202 0.306876 1.701541
v -0.286942 0.323567 1.705989
v -0.265762 0.341415 1.718963
v -0.245786 0.360262 1.738675
v -0.226042 0.379564 1.762319
v -0.205878 0.398818 1.787567
v -0.184873 0.417568 1.812568
v -0.16277 0.435385 1.835897
v -0.139427 0.451845 1.856461
v -0.114917 0.466806 1.874233
v -0.089272 0.479972 1.888873
v -0.062458 0.49062 1.898916
v -0.034806 0.498941 1.905392
v -0.006598 0.505236 1.909484
v 0.021978 0.50966 1.911876
v 0.050781 0.512297 1.913038
v 0.109529 0.568459 1.896169
v 0.077452 0.56915 1.895798
v 0.141542 0.566172 1.896486
v 0.173416 0.562279 1.896407
v 0.205059 0.556701 1.8955
v 0.236345 0.54931 1.893262
v 0.267229 0.540309 1.890012
v 0.297499 0.529388 1.884792
v 0.327173 0.516902 1.878282
v 0.356066 0.502675 1.869825
v 0.384082 0.486777 1.859391
v 0.413669 0.472876 1.85696
v 0.443488 0.458268 1.855632
v 0.47308 0.44223 1.853567
v 0.502405 0.424716 1.850728
v 0.531436 0.405702 1.847056
v 0.560182 0.385186 1.842468
v 0.588936 0.363356 1.837495
v 0.617849 0.340198 1.832142
v 0.646772 0.315484 1.825826
v 0.675639 0.289064 1.818549
v 0.704175 0.26071 1.810354
v 0.731849 0.23016 1.801338
v 0.757901 0.197205 1.791664
v 0.781442 0.161768 1.781523
v 0.801606 0.12396 1.771059
v 0.81773 0.084089 1.760264
v 0.829529 0.042605 1.748923
v 0.837508 0.0 1.737118
v 0.842278 -0.04338 1.724208
v 0.844974 -0.087407 1.709892
v 0.846893 -0.132257 1.694157
v 0.848923 -0.178339 1.676966
v 0.851152 -0.226068 1.658129
v 0.852727 -0.275585 1.637331
v 0.854018 -0.327359 1.617158
v 0.851157 -0.379943 1.594868
v 0.842169 -0.431885 1.5707
v 0.827227 -0.482472 1.547374
v 0.80429 -0.529375 1.52341
v 0.773708 -0.571363 1.499248
v 0.737171 -0.608321 1.475913
v 0.697121 -0.641315 1.454779
v 0.656315 -0.672638 1.437785
v 0.616857 -0.705047 1.426737
v 0.578746 -0.739647 1.421118
v 0.538853 -0.772871 1.415283
v 0.497006 -0.804324 1.409026
v 0.453134 -0.833582 1.402699
v 0.407226 -0.860121 1.396746
v 0.359396 -0.883509 1.391498
v 0.309892 -0.903556 1.387021
v 0.259023 -0.920392 1.383054
v 0.207073 -0.934397 1.37909
v 0.154223 -0.946037 1.374554
v 0.100541 -0.955617 1.369045
v 0.046048 -0.963068 1.362556
v -0.009164 -0.967833 1.355616
v -0.064798 -0.968909 1.349276
v -0.120271 -0.965053 1.34495
v -0.174718 -0.955077 1.344097
v -0.227105 -0.938163 1.347838
v -0.276409 -0.914111 1.356613
v -0.321851 -0.883456 1.369996
v -0.363087 -0.84743 1.386736
v -0.400324 -0.807761 1.405035
v -0.434293 -0.766343 1.422947
v -0.466063 -0.724846 1.438797
v -0.496737 -0.684378 1.451495
v -0.527109 -0.645301 1.460685
v -0.557404 -0.607256 1.466742
v -0.58717 -0.569381 1.470631
v -0.615373 -0.530638 1.473682
v -0.640644 -0.490147 1.477294
v -0.661608 -0.447418 1.482638
v -0.677195 -0.402459 1.490422
v -0.686861 -0.355725 1.500777
v -0.690664 -0.307979 1.513303
v -0.689206 -0.260092 1.527236
v -0.683442 -0.212866 1.541687
v -0.674443 -0.166899 1.555857
v -0.663153 -0.122548 1.569185
v -0.650239 -0.079954 1.581394
v -0.636033 -0.039119 1.592457
v -0.620596 -0.0 1.602516
v -0.603837 0.037431 1.611773
v -0.585659 0.073165 1.620413
v -0.566059 0.107166 1.628547
v -0.545165 0.139408 1.636203
v -0.523213 0.169902 1.64335
v -0.500476 0.198708 1.649935
v -0.477184 0.22591 1.655926
v -0.453468 0.251593 1.661334
v -0.429353 0.275805 1.666219
v -0.404782 0.298544 1.670676
v -0.379678 0.319764 1.674805
v -0.353999 0.33941 1.678688
v -0.327776 0.35745 1.682366
v -0.302809 0.375617 1.691019
v -0.280377 0.395876 1.709521
v -0.25894 0.41745 1.734244
v -0.237398 0.439565 1.762064
v -0.215015 0.461496 1.790448
v -0.19133 0.482573 1.81742
v -0.166089 0.502161 1.841478
v -0.139198 0.519655 1.861499
v -0.110715 0.534515 1.876707
v -0.081062 0.547109 1.888607
v -0.050194 0.556252 1.894806
v -0.018568 0.562217 1.896416
v 0.013352 0.566053 1.896243
v 0.045376 0.568366 1.895951
v 0.109844 0.61658 1.860508
v 0.075047 0.616604 1.858603
v 0.144707 0.61532 1.863414
v 0.179601 0.612577 1.866506
v 0.214445 0.608141 1.869118
v 0.249134 0.601869 1.870783
v 0.28349 0.593514 1.870802
v 0.317449 0.58326 1.869417
v 0.350758 0.570811 1.865757
v 0.383473 0.5566 1.860613
v 0.415313 0.540336 1.853124
v 0.446146 0.522081 1.843272
v 0.476003 0.50211 1.831628
v 0.504686 0.480349 1.817935
v 0.536315 0.461126 1.814007
v 0.568525 0.441128 1.811601
v 0.600472 0.419401 1.808097
v 0.632345 0.39606 1.803713
v 0.664346 0.37115 1.798583
v 0.696226 0.344393 1.791975
v 0.727841 0.315625 1.783806
v 0.758869 0.284632 1.774153
v 0.789614 0.251485 1.764746
v 0.818522 0.215619 1.75443
v 0.844678 0.17698 1.743585
v 0.867496 0.135753 1.732989
v 0.886763 0.092275 1.723406
v 0.901935 0.046881 1.714225
v 0.914019 0.0 1.706112
v 0.922876 -0.048127 1.697172
v 0.929253 -0.097358 1.686293
v 0.934278 -0.147811 1.672927
v 0.938739 -0.199819 1.656682
v 0.94265 -0.253709 1.637233
v 0.946325 -0.309952 1.615965
v 0.948598 -0.368522 1.593524
v 0.945915 -0.427967 1.568424
v 0.937947 -0.487656 1.543502
v 0.922997 -0.545961 1.519372
v 0.898821 -0.60027 1.494885
v 0.865704 -0.649093 1.470493
v 0.82592 -0.692582 1.447705
v 0.779501 -0.729267 1.424123
v 0.728935 -0.76014 1.40012
v 0.676752 -0.787127 1.376664
v 0.623734 -0.810852 1.353199
v 0.573896 -0.837466 1.335816
v 0.527848 -0.870254 1.327265
v 0.480268 -0.901661 1.319731
v 0.430516 -0.930126 1.312647
v 0.378724 -0.955197 1.306406
v 0.325154 -0.976679 1.301084
v 0.270136 -0.994703 1.29637
v 0.213968 -1.009663 1.291662
v 0.156845 -1.022036 1.286276
v 0.098846 -1.032134 1.279738
v 0.040003 -1.039882 1.272042
v -0.01958 -1.044704 1.263815
v -0.079585 -1.045571 1.256305
v -0.139402 -1.041209 1.251183
v -0.198135 -1.030406 1.250173
v -0.254711 -1.012327 1.254602
v -0.308069 -0.98676 1.264997
v -0.357385 -0.954235 1.280866
v -0.402281 -0.915999 1.300746
v -0.442946 -0.873821 1.322512
v -0.48012 -0.829663 1.343857
v -0.51491 -0.785276 1.362777
v -0.548472 -0.74184 1.377957
v -0.581644 -0.699758 1.388956
v -0.614666 -0.658674 1.39621
v -0.647068 -0.617695 1.400872
v -0.677758 -0.57574 1.404529
v -0.705292 -0.531889 1.408861
v -0.728216 -0.485632 1.415273
v -0.745393 -0.436978 1.424619
v -0.756233 -0.386406 1.437065
v -0.760781 -0.33472 1.452137
v -0.759653 -0.282842 1.468927
v -0.753848 -0.231625 1.486369
v -0.744497 -0.181716 1.503498
v -0.732609 -0.133503 1.519633
v -0.718897 -0.087145 1.534433
v -0.703726 -0.042657 1.547863
v -0.687165 -0.0 1.560086
v -0.669124 0.04085 1.571347
v -0.649502 0.079876 1.581867
v -0.628296 0.117036 1.591779
v -0.60565 0.152296 1.601117
v -0.581821 0.185666 1.609841
v -0.557106 0.217204 1.617884
v -0.531758 0.247001 1.625206
v -0.505922 0.275145 1.631819
v -0.479627 0.301685 1.637796
v -0.452816 0.32662 1.643252
v -0.425406 0.349897 1.648308
v -0.397354 0.371455 1.653065
v -0.368695 0.39126 1.657572
v -0.339601 0.409396 1.661972
v -0.312988 0.429073 1.6744
v -0.288852 0.451359 1.696291
v -0.265444 0.475149 1.723591
v -0.241551 0.499385 1.752947
v -0.216387 0.523083 1.781711
v -0.189497 0.545338 1.807866
v -0.160685 0.565322 1.829926
v -0.12997 0.5823 1.846823
v -0.097556 0.595661 1.857843
v -0.063989 0.605826 1.864476
v -0.029464 0.611877 1.865155
v 0.005454 0.614498 1.861694
v 0.04029 0.6158 1.858847
v 0.109516 0.655753 1.808914
v 0.0725 0.654517 1.804642
v 0.1468 0.656176 1.815132
v 0.184343 0.655193 1.821882
v 0.222066 0.652435 1.828271
v 0.259827 0.647613 1.833591
v 0.297553 0.640814 1.837898
v 0.334981 0.631613 1.840194
v 0.372075 0.620291 1.840881
v 0.40851 0.606482 1.839006
v 0.444286 0.590516 1.83509
v 0.479193 0.572309 1.82882
v 0.512953 0.551743 1.819823
v 0.545448 0.528956 1.808309
v 0.576733 0.504243 1.794855
v 0.605861 0.476916 1.777451
v 0.632943 0.447463 1.756792
v 0.66737 0.422887 1.752502
v 0.701973 0.39659 1.74732
v 0.736539 0.368303 1.740618
v 0.77074 0.337751 1.731988
v 0.804213 0.304719 1.721519
v 0.837319 0.269319 1.71101
v 0.868766 0.231067 1.699981
v 0.897549 0.189843 1.688789
v 0.923321 0.145849 1.678616
v 0.945893 0.099354 1.670257
v 0.964085 0.050584 1.662322
v 0.977915 0.0 1.65408
v 0.987964 -0.052004 1.644604
v 0.996171 -0.105351 1.634099
v 1.00237 -0.160082 1.620145
v 1.008778 -0.216775 1.603898
v 1.014417 -0.275649 1.583753
v 1.019243 -0.337054 1.560634
v 1.021968 -0.400851 1.5353
v 1.019123 -0.465543 1.507
v 1.012314 -0.531497 1.480896
v 0.998193 -0.596399 1.456193
v 0.975232 -0.658163 1.433067
v 0.945532 -0.716968 1.414208
v 0.907169 -0.769985 1.39641
v 0.860554 -0.815746 1.37775
v 0.807335 -0.853987 1.357071
v 0.748425 -0.883875 1.332381
v 0.686535 -0.907086 1.304715
v 0.623917 -0.925758 1.275916
v 0.56284 -0.943373 1.249434
v 0.505815 -0.965967 1.230939
v 0.452242 -0.995757 1.222343
v 0.396719 -1.022335 1.215081
v 0.339331 -1.045098 1.208891
v 0.280424 -1.064179 1.203411
v 0.22031 -1.079974 1.197939
v 0.159197 -1.092964 1.191683
v 0.097176 -1.103463 1.184091
v 0.034289 -1.111391 1.17516
v -0.029344 -1.116162 1.165618
v -0.093389 -1.116736 1.156912
v -0.15722 -1.111838 1.150977
v -0.219923 -1.100255 1.149808
v -0.280407 -1.081153 1.154939
v -0.337588 -1.054306 1.166989
v -0.390609 -1.020229 1.185401
v -0.439056 -0.980154 1.208498
v -0.483088 -0.935857 1.233828
v -0.523435 -0.889335 1.258711
v -0.561222 -0.842397 1.280804
v -0.597638 -0.796286 1.298556
v -0.633556 -0.751444 1.311433
v -0.669232 -0.707529 1.319933
v -0.70418 -0.663633 1.325397
v -0.737269 -0.618648 1.329687
v -0.766999 -0.571626 1.334768
v -0.791853 -0.522046 1.342295
v -0.810639 -0.469916 1.353272
v -0.822727 -0.415735 1.367906
v -0.828138 -0.360337 1.38565
v -0.827492 -0.304688 1.405447
v -0.821819 -0.249684 1.426045
v -0.812293 -0.196012 1.446309
v -0.799976 -0.144095 1.465428
v -0.785626 -0.094112 1.482992
v -0.769636 -0.046091 1.498951
v -0.752089 -0.0 1.513495
v -0.732893 0.044178 1.52691
v -0.711947 0.086418 1.539455
v -0.689588 0.126726 1.551764
v -0.666584 0.165263 1.564828
v -0.640722 0.201481 1.574963
v -0.612943 0.235379 1.582793
v -0.585446 0.26767 1.591274
v -0.557572 0.298244 1.5992
v -0.529173 0.327087 1.606367
v -0.500192 0.354194 1.612913
v -0.470543 0.37951 1.618983
v -0.440181 0.402965 1.624695
v -0.409146 0.424523 1.63011
v -0.377567 0.444215 1.635222
v -0.34799 0.464805 1.646323
v -0.320695 0.487529 1.665175
v -0.293591 0.510679 1.686745
v -0.265607 0.533075 1.707834
v -0.237749 0.556604 1.732309
v -0.209223 0.580521 1.758395
v -0.178734 0.602289 1.780988
v -0.146179 0.620914 1.798613
v -0.111729 0.635609 1.81032
v -0.075755 0.645823 1.8156
v -0.038919 0.652152 1.816086
v -0.001578 0.653927 1.810798
v 0.035594 0.653685 1.804913
v 0.108889 0.691788 1.755391
v 0.069829 0.695763 1.760599
v 0.147863 0.688954 1.755536
v 0.187614 0.689824 1.765365
v 0.227815 0.68903 1.775233
v 0.268352 0.686225 1.784418
v 0.309021 0.681016 1.79211
v 0.349804 0.67369 1.79873
v 0.390313 0.663602 1.802932
v 0.430581 0.651192 1.805385
v 0.470268 0.636111 1.80527
v 0.509089 0.618251 1.802228
v 0.547129 0.598038 1.797049
v 0.58396 0.575174 1.78905
v 0.619103 0.549455 1.777609
v 0.652203 0.520922 1.762459
v 0.683249 0.489948 1.743959
v 0.711911 0.456603 1.721643
v 0.737903 0.421036 1.695191
v 0.76662 0.386587 1.673979
v 0.802642 0.354603 1.664349
v 0.837807 0.319955 1.652624
v 0.872028 0.282613 1.639913
v 0.905143 0.242522 1.627561
v 0.935739 0.199354 1.615403
v 0.963269 0.153243 1.604382
v 0.988484 0.104565 1.596454
v 1.009776 0.05336 1.589786
v 1.027044 0.0 1.583468
v 1.040714 -0.055186 1.576282
v 1.05245 -0.112144 1.56783
v 1.061592 -0.170841 1.5551
v 1.068358 -0.231333 1.536777
v 1.075492 -0.294488 1.515388
v 1.079018 -0.359518 1.48773
v 1.081561 -0.427416 1.458862
v 1.078314 -0.496284 1.427131
v 1.069786 -0.565874 1.396557
v 1.054519 -0.63481 1.368721
v 1.029956 -0.700441 1.3431
v 0.996406 -0.761442 1.320439
v 0.961936 -0.823371 1.30775
v 0.920297 -0.880542 1.296979
v 0.870601 -0.930514 1.284394
v 0.815223 -0.974148 1.269632
v 0.753359 -1.008651 1.249317
v 0.686502 -1.033732 1.223406
v 0.616436 -1.049843 1.19322
v 0.545408 -1.058986 1.161628
v 0.476456 -1.066643 1.133769
v 0.413362 -1.084604 1.118259
v 0.352423 -1.108486 1.111188
v 0.289905 -1.128481 1.104931
v 0.226136 -1.144984 1.098685
v 0.161334 -1.158471 1.091545
v 0.095603 -1.169248 1.082886
v 0.029 -1.177231 1.072703
v -0.038342 -1.181835 1.06183
v -0.106076 -1.182031 1.051915
v -0.173568 -1.176565 1.045159
v -0.239904 -1.164254 1.043828
v -0.303994 -1.144276 1.049669
v -0.364749 -1.1164 1.063392
v -0.42129 -1.081108 1.084379
v -0.473166 -1.039586 1.110739
v -0.520495 -0.993582 1.139691
v -0.563978 -0.945095 1.168176
v -0.604733 -0.895969 1.193508
v -0.643965 -0.847492 1.21389
v -0.682571 -0.800154 1.228691
v -0.720819 -0.753631 1.238468
v -0.758218 -0.707019 1.244757
v -0.793612 -0.659197 1.249695
v -0.825463 -0.609209 1.255548
v -0.852213 -0.556523 1.264221
v -0.872629 -0.501153 1.276879
v -0.886041 -0.443609 1.293769
v -0.892444 -0.384745 1.314277
v -0.892446 -0.32556 1.337191
v -0.887088 -0.266985 1.361073
v -0.877578 -0.209747 1.384608
v -0.865017 -0.154296 1.40685
v -0.850202 -0.100838 1.427317
v -0.833554 -0.049413 1.445941
v -0.815175 -0.0 1.462945
v -0.797821 0.04757 1.482044
v -0.782039 0.093823 1.504697
v -0.766278 0.139042 1.529618
v -0.748243 0.182976 1.553972
v -0.722999 0.224055 1.570477
v -0.689212 0.260722 1.575655
v -0.651244 0.293353 1.574135
v -0.613286 0.323268 1.571485
v -0.57837 0.35224 1.572803
v -0.546813 0.381226 1.579711
v -0.514997 0.408559 1.586874
v -0.482395 0.433896 1.593619
v -0.449049 0.457195 1.600016
v -0.41555 0.478939 1.607081
v -0.386412 0.504262 1.625588
v -0.359572 0.532432 1.652383
v -0.332344 0.561091 1.681435
v -0.303044 0.588016 1.70775
v -0.271726 0.612892 1.730708
v -0.237602 0.633545 1.746367
v -0.201619 0.650719 1.756751
v -0.164112 0.66414 1.761931
v -0.125939 0.675263 1.76513
v -0.087273 0.684192 1.766895
v -0.048218 0.690783 1.767237
v -0.008916 0.694994 1.766302
v 0.030492 0.696638 1.763971
v 0.109878 0.758658 1.755316
v 0.067054 0.761565 1.75821
v 0.152269 0.752526 1.750511
v 0.194103 0.74415 1.745006
v 0.235169 0.733169 1.737916
v 0.275271 0.719591 1.728996
v 0.317992 0.714335 1.736563
v 0.36159 0.708643 1.746132
v 0.405345 0.70043 1.754099
v 0.44907 0.689572 1.760121
v 0.492382 0.675679 1.763371
v 0.535356 0.659192 1.76456
v 0.57754 0.639712 1.762901
v 0.618527 0.617066 1.757986
v 0.658285 0.591563 1.750292
v 0.696415 0.563105 1.739372
v 0.732181 0.53141 1.724122
v 0.765171 0.496618 1.704128
v 0.795834 0.459461 1.680411
v 0.823349 0.419751 1.651945
v 0.847118 0.377594 1.618568
v 0.867153 0.333452 1.581494
v 0.895883 0.292109 1.558329
v 0.929414 0.250484 1.543627
v 0.960867 0.205877 1.529809
v 0.989428 0.158287 1.517483
v 1.015513 0.108015 1.508111
v 1.038806 0.055196 1.501427
v 1.058572 0.0 1.495767
v 1.074785 -0.057313 1.489361
v 1.089226 -0.116724 1.481716
v 1.099877 -0.178017 1.468489
v 1.107464 -0.241178 1.448835
v 1.114147 -0.306808 1.42442
v 1.116514 -0.374104 1.39304
v 1.11699 -0.443855 1.359341
v 1.111655 -0.514421 1.323037
v 1.101405 -0.585765 1.28846
v 1.086957 -0.657974 1.259228
v 1.064548 -0.728166 1.234144
v 1.036264 -0.796858 1.21564
v 0.996016 -0.857889 1.1976
v 0.947621 -0.912398 1.18108
v 0.906715 -0.976101 1.178099
v 0.85927 -1.03529 1.173733
v 0.803627 -1.086247 1.164081
v 0.740149 -1.126825 1.147755
v 0.670934 -1.157291 1.126107
v 0.596617 -1.175493 1.099337
v 0.518281 -1.179372 1.067914
v 0.439594 -1.17328 1.035804
v 0.365478 -1.170272 1.010865
v 0.298577 -1.187296 1.001619
v 0.231459 -1.204374 0.994592
v 0.163286 -1.21823 0.986564
v 0.094176 -1.229157 0.976829
v 0.0242 -1.237066 0.965388
v -0.046491 -1.241382 0.953176
v -0.117543 -1.241111 0.942046
v -0.188325 -1.235047 0.934464
v -0.257939 -1.222061 0.93297
v -0.325315 -1.201364 0.939525
v -0.389375 -1.172722 0.95493
v -0.449235 -1.136565 0.978508
v -0.504404 -1.094009 1.008154
v -0.554948 -1.046732 1.040758
v -0.60152 -0.9967 1.072882
v -0.645208 -0.945764 1.101491
v -0.687212 -0.895252 1.124538
v -0.72844 -0.845693 1.141292
v -0.769172 -0.7968 1.152367
v -0.808919 -0.747685 1.159494
v -0.846516 -0.697235 1.165092
v -0.880409 -0.644494 1.171729
v -0.90902 -0.588937 1.181568
v -0.931085 -0.530577 1.195939
v -0.945901 -0.46993 1.215133
v -0.953428 -0.407863 1.238465
v -0.954251 -0.345391 1.264575
v -0.949406 -0.283478 1.291831
v -0.940114 -0.22288 1.318737
v -0.927506 -0.164079 1.34421
v -0.912725 -0.107339 1.367994
v -0.900874 -0.05293 1.394735
v -0.891583 -0.0 1.42467
v -0.882334 0.05207 1.456067
v -0.871697 0.103447 1.488129
v -0.857976 0.153923 1.519328
v -0.840704 0.203167 1.548969
v -0.817414 0.250139 1.573381
v -0.782006 0.291872 1.583283
v -0.738279 0.32787 1.581451
v -0.690005 0.358448 1.571505
v -0.641768 0.385259 1.559426
v -0.597265 0.410637 1.551298
v -0.558882 0.437149 1.5524
v -0.523909 0.464202 1.559896
v -0.488325 0.489228 1.567342
v -0.453711 0.513756 1.577791
v -0.424494 0.543236 1.60146
v -0.397347 0.57583 1.633041
v -0.369278 0.60879 1.666231
v -0.338789 0.640094 1.696839
v -0.305238 0.668155 1.722009
v -0.268942 0.692557 1.741376
v -0.229804 0.711793 1.752885
v -0.188774 0.72644 1.758251
v -0.146821 0.737886 1.760418
v -0.104569 0.747603 1.762239
v -0.061898 0.754773 1.762608
v -0.018987 0.75957 1.762036
v 0.024032 0.762105 1.760916
v 0.110325 0.817293 1.737469
v 0.064197 0.819309 1.73868
v 0.156225 0.812822 1.735882
v 0.201649 0.805239 1.732563
v 0.246514 0.795283 1.728339
v 0.290592 0.782616 1.722467
v 0.333624 0.767066 1.714455
v 0.375835 0.749783 1.705886
v 0.417042 0.730466 1.696087
v 0.46374 0.721149 1.704777
v 0.510479 0.708945 1.711345
v 0.557168 0.69393 1.715871
v 0.603047 0.675299 1.716932
v 0.648172 0.653504 1.715274
v 0.692796 0.629048 1.711791
v 0.735738 0.600959 1.704457
v 0.776542 0.569263 1.692838
v 0.815761 0.534775 1.678043
v 0.851821 0.496698 1.657695
v 0.884089 0.455181 1.631379
v 0.913777 0.411366 1.601559
v 0.938049 0.364295 1.565638
v 0.955199 0.31411 1.523514
v 0.965872 0.261988 1.478263
v 0.978825 0.210754 1.441319
v 1.007396 0.161929 1.426827
v 1.032864 0.110367 1.414744
v 1.05625 0.056375 1.406155
v 1.076723 0.0 1.399298
v 1.094097 -0.058602 1.392194
v 1.108192 -0.119277 1.382345
v 1.117728 -0.181685 1.366304
v 1.124813 -0.246003 1.344363
v 1.128239 -0.311972 1.315045
v 1.128156 -0.379533 1.279562
v 1.123661 -0.448229 1.239582
v 1.113387 -0.517132 1.197318
v 1.099864 -0.587072 1.158204
v 1.08196 -0.657286 1.124283
v 1.058716 -0.726802 1.096792
v 1.032016 -0.796609 1.077814
v 0.99804 -0.863265 1.063807
v 0.957548 -0.926388 1.053496
v 0.908148 -0.982209 1.042343
v 0.868721 -1.052286 1.044
v 0.821946 -1.117962 1.042679
v 0.768 -1.177946 1.037362
v 0.707502 -1.231327 1.028299
v 0.637824 -1.270201 1.01251
v 0.56027 -1.291428 0.990441
v 0.478032 -1.295778 0.964207
v 0.392574 -1.279506 0.932547
v 0.310228 -1.257162 0.90238
v 0.23627 -1.257854 0.886277
v 0.165059 -1.271946 0.877357
v 0.092914 -1.282889 0.866546
v 0.019926 -1.29059 0.853844
v -0.05374 -1.294497 0.840292
v -0.127724 -1.293667 0.827945
v -0.201409 -1.286975 0.819537
v -0.273926 -1.273369 0.817881
v -0.344249 -1.252117 0.82515
v -0.411331 -1.22298 0.842238
v -0.474289 -1.186324 0.86841
v -0.5326 -1.14316 0.90135
v -0.586265 -1.09506 0.937619
v -0.635867 -1.043921 0.9734
v -0.682443 -0.991574 1.005306
v -0.727168 -0.93937 1.031038
v -0.770946 -0.887883 1.04976
v -0.814067 -0.836869 1.062144
v -0.85605 -0.785474 1.070117
v -0.895742 -0.732614 1.076383
v -0.931592 -0.677351 1.083812
v -0.962022 -0.619167 1.09483
v -0.985753 -0.558081 1.110933
v -1.002054 -0.494607 1.132459
v -1.010843 -0.429612 1.158656
v -1.012668 -0.36412 1.188012
v -1.00854 -0.299113 1.218704
v -1.000042 -0.235458 1.249353
v -0.994281 -0.174622 1.283859
v -0.991428 -0.115691 1.321521
v -0.989152 -0.057638 1.360212
v -0.985392 -0.0 1.398461
v -0.978969 0.05726 1.435787
v -0.967972 0.113828 1.470847
v -0.95172 0.169159 1.503055
v -0.93089 0.22284 1.532785
v -0.905311 0.274336 1.559145
v -0.870362 0.321457 1.575573
v -0.823167 0.361486 1.576567
v -0.768234 0.394349 1.565687
v -0.709799 0.420838 1.547265
v -0.653509 0.443689 1.52893
v -0.604529 0.466966 1.519365
v -0.564641 0.493841 1.523602
v -0.526898 0.520579 1.532158
v -0.490984 0.54762 1.545165
v -0.460394 0.57968 1.570463
v -0.431755 0.614892 1.603082
v -0.402312 0.650856 1.637787
v -0.370275 0.685233 1.670103
v -0.334879 0.716232 1.697038
v -0.296052 0.742566 1.716875
v -0.254195 0.763455 1.728995
v -0.210183 0.779158 1.734538
v -0.165145 0.791291 1.736643
v -0.119732 0.80125 1.73787
v -0.074026 0.809088 1.738555
v -0.028072 0.814611 1.738613
v 0.018003 0.818362 1.739074
v 0.110116 0.86531 1.701936
v 0.061277 0.865274 1.700124
v 0.15892 0.862429 1.702929
v 0.207594 0.857224 1.703586
v 0.255827 0.848721 1.702284
v 0.303606 0.837806 1.700052
v 0.350618 0.823902 1.695881
v 0.396587 0.806894 1.689387
v 0.441809 0.78796 1.682074
v 0.485685 0.766094 1.672234
v 0.528092 0.741535 1.659992
v 0.573692 0.721253 1.656364
v 0.622835 0.703742 1.659692
v 0.671662 0.683073 1.660724
v 0.720555 0.65979 1.660425
v 0.768155 0.632645 1.656504
v 0.814723 0.602191 1.649617
v 0.859643 0.568172 1.638808
v 0.901456 0.529939 1.622109
v 0.941537 0.488794 1.601759
v 0.977182 0.443569 1.574882
v 1.005328 0.393635 1.539379
v 1.025492 0.339977 1.497072
v 1.038043 0.283846 1.450863
v 1.042681 0.226173 1.402704
v 1.043763 0.168712 1.358417
v 1.052309 0.112949 1.328406
v 1.073052 0.057515 1.315499
v 1.091541 0.0 1.30508
v 1.107464 -0.059551 1.294984
v 1.118038 -0.120785 1.280509
v 1.125357 -0.183586 1.261112
v 1.129789 -0.247955 1.235433
v 1.130665 -0.313706 1.202514
v 1.127818 -0.380676 1.163285
v 1.120188 -0.448285 1.11936
v 1.109093 -0.516802 1.074922
v 1.093309 -0.585434 1.032512
v 1.072371 -0.653498 0.994776
v 1.046536 -0.720667 0.963834
v 1.016002 -0.786629 0.940442
v 0.981299 -0.851427 0.924256
v 0.944037 -0.916398 0.914649
v 0.897455 -0.974216 0.904575
v 0.852174 -1.035952 0.899255
v 0.809409 -1.105311 0.898579
v 0.762827 -1.175473 0.897408
v 0.711183 -1.24466 0.895066
v 0.650935 -1.305231 0.888991
v 0.584752 -1.359815 0.882249
v 0.507512 -1.391145 0.86845
v 0.421378 -1.393026 0.846117
v 0.33191 -1.36911 0.816941
v 0.245829 -1.336497 0.787022
v 0.166702 -1.319934 0.764703
v 0.091816 -1.330175 0.752587
v 0.016188 -1.337531 0.738628
v -0.060065 -1.340902 0.723741
v -0.136582 -1.339422 0.710184
v -0.212767 -1.33207 0.700955
v -0.2878 -1.317906 0.699137
v -0.360714 -1.296266 0.707115
v -0.430515 -1.266914 0.725879
v -0.496336 -1.230135 0.754636
v -0.55762 -1.186803 0.790863
v -0.614296 -1.138346 0.830794
v -0.666859 -1.086551 0.870236
v -0.716268 -1.033205 0.905446
v -0.763652 -0.979667 0.933871
v -0.809899 -0.926556 0.954569
v -0.855305 -0.873681 0.968269
v -0.899407 -0.820243 0.977092
v -0.941078 -0.765202 0.984027
v -0.978794 -0.707653 0.992253
v -1.010997 -0.647101 1.004457
v -1.03641 -0.583566 1.022303
v -1.054275 -0.517553 1.046178
v -1.064467 -0.449919 1.075264
v -1.067477 -0.381684 1.107897
v -1.07005 -0.315516 1.146213
v -1.076014 -0.251778 1.190731
v -1.081911 -0.188769 1.237245
v -1.085858 -0.125848 1.283202
v -1.08684 -0.062887 1.327372
v -1.083319 -0.0 1.368647
v -1.074006 0.062366 1.406333
v -1.058235 0.123538 1.440147
v -1.036246 0.182833 1.470277
v -1.008946 0.23974 1.497147
v -0.976652 0.293743 1.520276
v -0.939557 0.344303 1.53884
v -0.890777 0.387906 1.543772
v -0.832057 0.423271 1.535022
v -0.767186 0.450495 1.515582
v -0.703309 0.472659 1.493958
v -0.647507 0.494866 1.480606
v -0.604509 0.522769 1.484829
v -0.564692 0.551205 1.494551
v -0.526142 0.57932 1.507413
v -0.492224 0.611497 1.53015
v -0.460928 0.647293 1.560609
v -0.429285 0.684256 1.593733
v -0.395424 0.720138 1.62542
v -0.358223 0.752743 1.65221
v -0.317613 0.780861 1.672613
v -0.273901 0.803596 1.685897
v -0.227576 0.820154 1.691611
v -0.179922 0.832092 1.692673
v -0.132096 0.842289 1.693623
v -0.084101 0.850876 1.694873
v -0.035876 0.857653 1.696332
v 0.012596 0.862366 1.697863
v 0.109153 0.90058 1.649356
v 0.058315 0.898182 1.644588
v 0.16027 0.900407 1.65393
v 0.211449 0.897082 1.657236
v 0.262715 0.89166 1.660408
v 0.313592 0.88257 1.661211
v 0.364213 0.871087 1.661153
v 0.414108 0.856258 1.658787
v 0.463034 0.838141 1.653959
v 0.511334 0.817865 1.648026
v 0.558252 0.794296 1.63921
v 0.603724 0.767798 1.627853
v 0.6484 0.739523 1.615602
v 0.691296 0.708335 1.600714
v 0.740479 0.682675 1.596878
v 0.79216 0.656787 1.595674
v 0.843526 0.627608 1.592055
v 0.893917 0.594716 1.584924
v 0.942033 0.557456 1.572534
v 0.989223 0.516977 1.556771
v 1.030228 0.470747 1.532048
v 1.06257 0.41878 1.497541
v 1.088114 0.363131 1.457662
v 1.103623 0.30378 1.411726
v 1.109001 0.242144 1.362318
v 1.107106 0.180098 1.313924
v 1.099311 0.118649 1.268466
v 1.106579 0.059595 1.242356
v 1.119822 0.0 1.225852
v 1.130293 -0.061028 1.209742
v 1.137727 -0.123394 1.191333
v 1.143137 -0.187197 1.168947
v 1.146866 -0.252648 1.141063
v 1.14916 -0.320045 1.107287
v 1.149945 -0.389657 1.068436
v 1.147302 -0.460991 1.025492
v 1.13969 -0.533254 0.980751
v 1.125815 -0.60536 0.937032
v 1.104871 -0.676127 0.897061
v 1.076656 -0.744498 0.862869
v 1.04153 -0.809708 0.835363
v 1.000248 -0.871357 0.814192
v 0.953756 -0.929402 0.797952
v 0.902995 -0.984059 0.784655
v 0.848734 -1.035648 0.772306
v 0.794036 -1.088037 0.761161
v 0.741528 -1.146472 0.752622
v 0.689889 -1.211692 0.746688
v 0.635741 -1.280142 0.742399
v 0.577836 -1.350763 0.740427
v 0.510339 -1.408468 0.736118
v 0.433895 -1.44795 0.72841
v 0.348857 -1.458015 0.713335
v 0.25948 -1.436448 0.689475
v 0.172262 -1.398399 0.660902
v 0.090879 -1.371094 0.635557
v 0.012976 -1.377648 0.620252
v -0.065465 -1.380358 0.604044
v -0.144104 -1.378136 0.589289
v -0.222375 -1.370096 0.579248
v -0.299522 -1.355434 0.577271
v -0.374659 -1.333579 0.58595
v -0.44686 -1.304297 0.60637
v -0.51529 -1.267777 0.637689
v -0.579363 -1.224727 0.677177
v -0.638926 -1.176388 0.720752
v -0.694365 -1.124404 0.763841
v -0.74654 -1.070483 0.802348
v -0.796512 -1.015981 0.833465
v -0.84514 -0.961558 0.856141
v -0.892719 -0.907093 0.871156
v -0.938815 -0.851857 0.880831
v -0.982342 -0.794873 0.888437
v -1.021826 -0.735289 0.897461
v -1.055751 -0.672636 0.910854
v -1.082857 -0.606939 0.930448
v -1.102366 -0.538688 0.956679
v -1.114099 -0.468717 0.988667
v -1.131079 -0.402468 1.032391
v -1.151628 -0.337829 1.084836
v -1.16728 -0.271677 1.138397
v -1.177818 -0.204375 1.190746
v -1.182549 -0.136287 1.2399
v -1.180885 -0.067942 1.284714
v -1.172191 -0.0 1.324641
v -1.15605 0.066745 1.359609
v -1.132549 0.131454 1.389896
v -1.102909 0.19347 1.416443
v -1.067605 0.252204 1.43919
v -1.02773 0.307296 1.458298
v -0.984335 0.35857 1.473821
v -0.93549 0.404798 1.482811
v -0.876092 0.442617 1.478476
v -0.809013 0.471511 1.46239
v -0.742208 0.494747 1.443149
v -0.685754 0.519396 1.434285
v -0.643435 0.550944 1.443683
v -0.601629 0.581059 1.454612
v -0.559616 0.609317 1.466051
v -0.520587 0.639392 1.483326
v -0.484565 0.672679 1.507478
v -0.44959 0.708161 1.535892
v -0.413597 0.743822 1.564906
v -0.375161 0.777531 1.591235
v -0.333429 0.807076 1.611983
v -0.288437 0.831083 1.625808
v -0.240371 0.847817 1.631066
v -0.190917 0.859547 1.631499
v -0.141486 0.870036 1.63251
v -0.091976 0.879392 1.634446
v -0.042236 0.88743 1.637241
v 0.007845 0.893845 1.640713
v 0.107499 0.923904 1.583979
v 0.055329 0.919703 1.577362
v 0.160188 0.92581 1.590805
v 0.213376 0.925663 1.597839
v 0.266739 0.922072 1.603194
v 0.320441 0.91646 1.608442
v 0.373823 0.906875 1.611049
v 0.427205 0.894929 1.612854
v 0.479927 0.879312 1.612034
v 0.531785 0.860205 1.608595
v 0.583194 0.838729 1.603838
v 0.633201 0.813582 1.595908
v 0.6818 0.785217 1.585309
v 0.729648 0.754699 1.573522
v 0.775529 0.720797 1.5587
v 0.819374 0.68382 1.54104
v 0.862154 0.644854 1.521911
v 0.916543 0.612935 1.516706
v 0.969721 0.57681 1.507164
v 1.021897 0.536792 1.493576
v 1.067523 0.49027 1.470567
v 1.104425 0.437488 1.437869
v 1.135484 0.38089 1.400658
v 1.155698 0.319774 1.356884
v 1.164918 0.255703 1.309268
v 1.164196 0.190395 1.260842
v 1.154411 0.125253 1.213369
v 1.150619 0.062262 1.177663
v 1.163401 0.0 1.15906
v 1.172967 -0.063619 1.140622
v 1.179809 -0.128525 1.120102
v 1.184816 -0.194866 1.095548
v 1.18845 -0.262928 1.065392
v 1.190529 -0.332955 1.02888
v 1.190195 -0.404936 0.986371
v 1.186109 -0.478461 0.939418
v 1.176795 -0.552718 0.890568
v 1.161021 -0.62661 0.842898
v 1.138067 -0.698981 0.799368
v 1.107819 -0.768818 0.76217
v 1.070694 -0.835407 0.73227
v 1.027466 -0.898383 0.709272
v 0.979066 -0.957709 0.691639
v 0.926397 -1.013577 0.677208
v 0.870192 -1.066265 0.663809
v 0.810941 -1.115981 0.649835
v 0.748896 -1.16273 0.63458
v 0.684148 -1.206276 0.618284
v 0.617662 -1.248107 0.602505
v 0.554668 -1.301127 0.592488
v 0.491613 -1.362473 0.587678
v 0.424524 -1.424772 0.585828
v 0.348354 -1.467888 0.580649
v 0.264802 -1.484236 0.569179
v 0.17738 -1.468611 0.549024
v 0.091316 -1.427872 0.521535
v 0.010263 -1.410738 0.499207
v -0.069959 -1.412661 0.481703
v -0.1503 -1.409605 0.465775
v -0.230234 -1.400849 0.45494
v -0.309082 -1.385754 0.452807
v -0.388021 -1.370717 0.46377
v -0.468723 -1.359087 0.490238
v -0.541644 -1.324694 0.525073
v -0.601623 -1.264825 0.563225
v -0.660069 -1.209013 0.607924
v -0.718285 -1.157311 0.654628
v -0.773148 -1.103249 0.696412
v -0.825628 -1.048161 0.730208
v -0.876537 -0.992752 0.754854
v -0.92617 -0.936976 0.771183
v -0.974127 -0.880194 0.781706
v -1.01938 -0.821515 0.789982
v -1.06053 -0.760152 0.799804
v -1.096121 -0.695676 0.814384
v -1.124927 -0.628116 0.835725
v -1.146154 -0.557938 0.864314
v -1.165892 -0.488579 0.902545
v -1.204039 -0.426677 0.959516
v -1.239214 -0.361985 1.022036
v -1.259619 -0.291895 1.080691
v -1.268436 -0.219125 1.134463
v -1.268408 -0.145526 1.183085
v -1.25975 -0.072151 1.225745
v -1.242619 -0.0 1.262342
v -1.217398 0.069965 1.293333
v -1.185283 0.13694 1.319797
v -1.147063 0.200282 1.342274
v -1.104043 0.259591 1.361345
v -1.057498 0.314701 1.377321
v -1.00849 0.365606 1.39029
v -0.957668 0.412327 1.400139
v -0.902286 0.453348 1.403569
v -0.837702 0.48525 1.394822
v -0.774526 0.512703 1.384729
v -0.723892 0.543876 1.387478
v -0.681342 0.578327 1.400278
v -0.637644 0.610104 1.412455
v -0.592991 0.639232 1.42399
v -0.548308 0.666575 1.435802
v -0.505781 0.695014 1.45135
v -0.465573 0.725932 1.471631
v -0.426479 0.759019 1.495402
v -0.386543 0.792179 1.519414
v -0.344003 0.822308 1.539645
v -0.298336 0.847266 1.553798
v -0.249156 0.863893 1.558569
v -0.198677 0.875631 1.558959
v -0.148334 0.886481 1.56029
v -0.097949 0.896508 1.562836
v -0.047316 0.905567 1.566588
v 0.003736 0.91342 1.57147
v 0.105332 0.938107 1.511441
v 0.052339 0.932393 1.503583
v 0.159053 0.941845 1.519873
v 0.213401 0.943011 1.527936
v 0.268487 0.942477 1.53642
v 0.323893 0.938501 1.543229
v 0.379818 0.932282 1.549615
v 0.435542 0.922042 1.553389
v 0.491532 0.909438 1.556335
v 0.546966 0.892953 1.556487
v 0.601621 0.872724 1.553816
v 0.656069 0.849985 1.549763
v 0.7091 0.823204 1.542338
v 0.760733 0.792868 1.532092
v 0.811744 0.760079 1.520466
v 0.860642 0.723481 1.505404
v 0.907378 0.683435 1.486992
v 0.953545 0.6414 1.467007
v 0.997013 0.595888 1.442671
v 1.038433 0.5476 1.414767
v 1.086671 0.500965 1.392005
v 1.127965 0.448528 1.361419
v 1.163937 0.391953 1.32659
v 1.189884 0.33055 1.286028
v 1.206183 0.265869 1.2428
v 1.211575 0.199009 1.198162
v 1.209608 0.131852 1.155847
v 1.205073 0.065509 1.118845
v 1.205333 0.0 1.090292
v 1.214035 -0.066109 1.069701
v 1.220545 -0.133482 1.04731
v 1.225018 -0.202248 1.020537
v 1.227884 -0.272664 0.987686
v 1.228923 -0.344934 0.947954
v 1.227254 -0.418999 0.901752
v 1.221537 -0.494405 0.850786
v 1.210338 -0.570307 0.79783
v 1.192508 -0.645612 0.746219
v 1.167434 -0.719199 0.699144
v 1.135102 -0.790117 0.658958
v 1.095994 -0.857716 0.626685
v 1.050899 -0.921674 0.601877
v 1.000721 -0.98196 0.582867
v 0.946311 -1.038738 0.567315
v 0.888356 -1.092238 0.552881
v 0.827318 -1.142618 0.537832
v 0.763444 -1.189857 0.521411
v 0.696849 -1.233719 0.503877
v 0.627614 -1.273817 0.486226
v 0.555879 -1.309732 0.469687
v 0.481881 -1.341142 0.455165
v 0.417801 -1.409353 0.452042
v 0.353922 -1.502619 0.455952
v 0.275164 -1.559272 0.452171
v 0.185921 -1.565418 0.437076
v 0.094339 -1.522891 0.410966
v 0.008009 -1.466831 0.38143
v -0.07358 -1.437646 0.357233
v -0.155195 -1.433664 0.34017
v -0.23636 -1.424167 0.328568
v -0.31835 -1.416917 0.327593
v -0.414528 -1.4555 0.347748
v -0.511338 -1.475008 0.381126
v -0.589137 -1.434195 0.418916
v -0.639847 -1.339331 0.455448
v -0.679363 -1.239162 0.493581
v -0.738549 -1.18513 0.542994
v -0.796008 -1.131367 0.588012
v -0.850902 -1.076079 0.62446
v -0.903985 -1.020013 0.651059
v -0.955546 -0.963212 0.668691
v -1.005223 -0.905145 0.680059
v -1.052067 -0.845025 0.689001
v -1.094773 -0.78215 0.699615
v -1.131968 -0.716136 0.715377
v -1.162475 -0.64702 0.738458
v -1.185749 -0.57536 0.769512
v -1.23087 -0.51411 0.821053
v -1.283808 -0.453421 0.885926
v -1.321157 -0.384608 0.950799
v -1.340513 -0.309559 1.01099
v -1.343501 -0.231266 1.064041
v -1.335037 -0.152615 1.110339
v -1.316902 -0.075147 1.149809
v -1.290032 -0.0 1.182785
v -1.25553 0.071885 1.210186
v -1.214789 0.139814 1.2332
v -1.169361 0.203385 1.252929
v -1.120725 0.262475 1.270127
v -1.070118 0.317173 1.285152
v -1.018499 0.367702 1.298113
v -0.966599 0.414378 1.309127
v -0.914437 0.457316 1.317998
v -0.860015 0.495487 1.322801
v -0.806339 0.530386 1.326725
v -0.762407 0.568672 1.340601
v -0.718157 0.604878 1.354737
v -0.672665 0.638297 1.368194
v -0.626136 0.668953 1.38095
v -0.57886 0.696983 1.392848
v -0.531144 0.722617 1.403665
v -0.483822 0.746947 1.414237
v -0.439251 0.774065 1.429172
v -0.396386 0.804045 1.447977
v -0.35224 0.832667 1.465318
v -0.305591 0.857034 1.478048
v -0.255654 0.873395 1.482359
v -0.204657 0.885499 1.483256
v -0.153778 0.89673 1.484987
v -0.102829 0.907143 1.48781
v -0.051609 0.916648 1.491795
v 6.2e-05 0.92513 1.497023
v 0.102967 0.948548 1.438749
v 0.049362 0.943393 1.431991
v 0.157293 0.952198 1.44653
v 0.212443 0.954467 1.45519
v 0.268313 0.954351 1.463502
v 0.325021 0.952378 1.471908
v 0.382224 0.947327 1.479016
v 0.440115 0.939978 1.485564
v 0.49794 0.928669 1.4896
v 0.556248 0.914924 1.492669
v 0.614163 0.897261 1.492975
v 0.67131 0.875537 1.490226
v 0.728569 0.851274 1.486206
v 0.784395 0.822642 1.4787
v 0.838784 0.790092 1.468154
v 0.892765 0.75488 1.456044
v 0.944549 0.715514 1.440054
v 0.994749 0.67283 1.420819
v 1.044474 0.627687 1.399207
v 1.09099 0.578412 1.372351
v 1.137412 0.526938 1.343522
v 1.180537 0.471636 1.310616
v 1.219881 0.412663 1.274856
v 1.255298 0.350348 1.238164
v 1.279591 0.28339 1.197725
v 1.29501 0.213765 1.157464
v 1.296445 0.142022 1.11547
v 1.285611 0.070221 1.073158
v 1.269459 0.0 1.033473
v 1.258943 -0.068805 1.000133
v 1.25857 -0.138108 0.972236
v 1.262396 -0.209109 0.943238
v 1.264356 -0.281666 0.907687
v 1.264196 -0.355935 0.864733
v 1.261008 -0.431804 0.814839
v 1.253465 -0.50877 0.759867
v 1.240193 -0.585962 0.702821
v 1.220146 -0.662297 0.647293
v 1.192839 -0.736704 0.596706
v 1.158373 -0.808311 0.553569
v 1.125242 -0.882921 0.521551
v 1.088445 -0.957352 0.498202
v 1.031732 -1.01528 0.476292
v 0.963481 -1.06041 0.455646
v 0.903108 -1.113451 0.439911
v 0.840496 -1.164206 0.423812
v 0.775027 -1.211646 0.406253
v 0.706832 -1.255538 0.387513
v 0.63603 -1.295533 0.368657
v 0.562789 -1.331271 0.350999
v 0.487363 -1.362481 0.335501
v 0.416113 -1.410176 0.325701
v 0.354377 -1.513068 0.326158
v 0.279393 -1.595618 0.323182
v 0.191032 -1.627977 0.311304
v 0.097331 -1.610057 0.290299
v 0.006167 -1.557392 0.263267
v -0.07852 -1.493769 0.235387
v -0.158888 -1.450743 0.21308
v -0.240875 -1.44046 0.200744
v -0.333471 -1.475806 0.203214
v -0.436759 -1.526871 0.221648
v -0.537298 -1.544286 0.25381
v -0.620599 -1.505823 0.295549
v -0.672038 -1.402172 0.338418
v -0.700799 -1.27404 0.379021
v -0.755106 -1.207736 0.429333
v -0.815057 -1.154716 0.477517
v -0.872263 -1.09962 0.51657
v -0.927404 -1.043234 0.545094
v -0.980757 -0.9857 0.564013
v -1.032009 -0.926615 0.576215
v -1.080303 -0.865315 0.585815
v -1.124448 -0.801199 0.597213
v -1.163181 -0.733941 0.614144
v -1.195384 -0.663582 0.63895
v -1.235335 -0.597831 0.677934
v -1.305828 -0.543973 0.73996
v -1.363213 -0.480174 0.807187
v -1.394588 -0.404869 0.870948
v -1.403886 -0.323276 0.928685
v -1.39712 -0.239794 0.979545
v -1.378607 -0.157123 1.023281
v -1.350367 -0.076819 1.059839
v -1.314142 -0.0 1.089995
v -1.271773 0.07258 1.115142
v -1.225165 0.140542 1.136853
v -1.17607 0.203855 1.156454
v -1.125896 0.262755 1.174784
v -1.075675 0.317643 1.192214
v -1.026157 0.369022 1.208884
v -0.977938 0.417488 1.225002
v -0.931502 0.463726 1.241058
v -0.887136 0.508461 1.2578
v -0.844068 0.551873 1.275307
v -0.799653 0.592624 1.291688
v -0.75381 0.630558 1.307185
v -0.706628 0.6656 1.321948
v -0.658321 0.697769 1.335951
v -0.609191 0.727201 1.34902
v -0.559559 0.75413 1.360908
v -0.509694 0.778833 1.371381
v -0.459761 0.801562 1.380291
v -0.410331 0.823434 1.388689
v -0.362392 0.847085 1.399496
v -0.313641 0.868788 1.408644
v -0.262952 0.885259 1.412955
v -0.211336 0.897874 1.414442
v -0.159743 0.909355 1.416367
v -0.108002 0.919607 1.418841
v -0.056009 0.928823 1.422247
v -0.003594 0.936772 1.426549
v 0.100897 0.963765 1.374303
v 0.046415 0.96149 1.370761
v 0.155833 0.964985 1.379228
v 0.211355 0.96499 1.385091
v 0.267682 0.964088 1.392011
v 0.324778 0.96137 1.398988
v 0.382767 0.95693 1.406037
v 0.441379 0.949797 1.412097
v 0.500853 0.940531 1.417639
v 0.560401 0.927494 1.42084
v 0.620551 0.911882 1.422851
v 0.680542 0.892509 1.422347
v 0.73967 0.868728 1.418563
v 0.799303 0.842503 1.413746
v 0.857493 0.811665 1.405372
v 0.913405 0.775898 1.392781
v 0.970023 0.738151 1.379348
v 1.0243 0.695886 1.361402
v 1.077449 0.650272 1.339994
v 1.130046 0.601663 1.315438
v 1.178716 0.548287 1.285107
v 1.228898 0.49294 1.254263
v 1.272339 0.4321 1.218009
v 1.315194 0.368504 1.182916
v 1.347137 0.299528 1.144358
v 1.364059 0.226032 1.102473
v 1.373204 0.151029 1.063206
v 1.366606 0.074949 1.022203
v 1.347998 0.0 0.980519
v 1.324376 -0.072649 0.939468
v 1.300732 -0.14318 0.898478
v 1.296853 -0.215433 0.863868
v 1.297769 -0.28991 0.825618
v 1.296243 -0.365928 0.779445
v 1.291347 -0.443313 0.725871
v 1.281779 -0.521512 0.666915
v 1.26624 -0.59963 0.605812
v 1.243811 -0.676605 0.546413
v 1.220614 -0.755516 0.494208
v 1.218793 -0.852823 0.45733
v 1.212633 -0.954562 0.429249
v 1.178696 -1.04017 0.403995
v 1.108155 -1.094003 0.377928
v 1.02078 -1.126933 0.352952
v 0.932779 -1.153095 0.329911
v 0.852433 -1.183573 0.308711
v 0.783543 -1.227998 0.28953
v 0.714002 -1.271632 0.269631
v 0.641907 -1.311247 0.24962
v 0.567459 -1.34655 0.23089
v 0.490928 -1.377331 0.214461
v 0.412956 -1.404667 0.200616
v 0.343503 -1.472021 0.192447
v 0.271628 -1.558818 0.185706
v 0.189278 -1.626043 0.175042
v 0.098123 -1.651379 0.157856
v 0.004686 -1.630896 0.13483
v -0.084483 -1.574732 0.10943
v -0.165997 -1.501623 0.086624
v -0.248761 -1.478924 0.072964
v -0.349451 -1.540142 0.072948
v -0.4523 -1.576202 0.087076
v -0.545437 -1.563414 0.116593
v -0.622124 -1.505659 0.15936
v -0.679584 -1.414344 0.209881
v -0.716348 -1.298949 0.260599
v -0.76793 -1.225032 0.314053
v -0.830257 -1.1732 0.365304
v -0.889662 -1.118688 0.406894
v -0.946735 -1.062322 0.437297
v -1.001738 -1.004353 0.457475
v -1.054413 -0.94452 0.470494
v -1.104009 -0.882307 0.48074
v -1.149474 -0.817228 0.492909
v -1.189671 -0.749025 0.510991
v -1.223932 -0.677949 0.537607
v -1.294608 -0.625197 0.587064
v -1.379513 -0.573471 0.653387
v -1.430999 -0.502969 0.719205
v -1.447942 -0.419414 0.779451
v -1.442866 -0.331468 0.833913
v -1.42496 -0.243969 0.882651
v -1.398217 -0.158948 0.925268
v -1.361802 -0.077263 0.960457
v -1.31938 -0.0 0.989949
v -1.273423 0.072465 1.015579
v -1.226137 0.14023 1.039233
v -1.179204 0.203751 1.062387
v -1.133709 0.263688 1.085903
v -1.090304 0.320797 1.110151
v -1.049446 0.375908 1.135324
v -1.009696 0.429177 1.160341
v -0.968384 0.479812 1.183156
v -0.925602 0.527818 1.20394
v -0.881345 0.573149 1.223045
v -0.835561 0.615695 1.240873
v -0.788237 0.655331 1.257749
v -0.739472 0.691974 1.273837
v -0.689489 0.72564 1.289107
v -0.638603 0.756463 1.303367
v -0.587145 0.784677 1.316347
v -0.535399 0.810563 1.327787
v -0.483539 0.834378 1.337524
v -0.431623 0.856295 1.345526
v -0.379614 0.876374 1.351893
v -0.32742 0.894566 1.35682
v -0.274949 0.910753 1.360543
v -0.222139 0.924786 1.36329
v -0.168971 0.936526 1.365247
v -0.115469 0.945858 1.366553
v -0.061703 0.952836 1.367469
v -0.007751 0.957936 1.368667
v 0.099708 0.993974 1.325848
v 0.043513 0.99548 1.325919
v 0.155747 0.989654 1.325495
v 0.211804 0.98436 1.326185
v 0.268221 0.9788 1.328352
v 0.325289 0.972842 1.331757
v 0.383135 0.965905 1.335791
v 0.441903 0.95771 1.340124
v 0.501358 0.947262 1.343724
v 0.561854 0.93506 1.346981
v 0.622567 0.919417 1.348157
v 0.683873 0.901032 1.347905
v 0.745316 0.879222 1.345557
v 0.805927 0.852961 1.340034
v 0.865949 0.822849 1.331927
v 0.924963 0.788679 1.320845
v 0.982021 0.749906 1.305781
v 1.039785 0.708831 1.289085
v 1.095334 0.66325 1.267592
v 1.149775 0.6141 1.242196
v 1.203139 0.561394 1.213095
v 1.25308 0.504106 1.179394
v 1.302681 0.443696 1.144727
v 1.344178 0.37765 1.106103
v 1.383096 0.308369 1.069375
v 1.40829 0.234023 1.030336
v 1.42007 0.156623 0.990999
v 1.424497 0.078358 0.954714
v 1.414001 0.0 0.916557
v 1.389397 -0.076459 0.874788
v 1.360011 -0.150168 0.830758
v 1.336109 -0.222538 0.785865
v 1.328025 -0.297375 0.741682
v 1.324962 -0.374884 0.692305
v 1.318166 -0.453491 0.635076
v 1.306367 -0.53259 0.572173
v 1.288364 -0.611266 0.507069
v 1.263629 -0.68862 0.443929
v 1.251908 -0.77638 0.390993
v 1.261736 -0.884653 0.351379
v 1.261366 -0.99494 0.319284
v 1.228812 -1.086628 0.29109
v 1.164205 -1.151936 0.265673
v 1.084906 -1.200833 0.243161
v 0.994336 -1.232641 0.221009
v 0.898708 -1.251263 0.197949
v 0.805082 -1.264764 0.174161
v 0.719814 -1.284732 0.150917
v 0.645165 -1.320887 0.129588
v 0.569813 -1.355498 0.10985
v 0.492504 -1.385621 0.092547
v 0.413536 -1.41119 0.077852
v 0.33347 -1.43337 0.064924
v 0.259556 -1.494714 0.053116
v 0.182526 -1.576731 0.039307
v 0.096178 -1.638131 0.021041
v 0.003513 -1.659766 -0.001191
v -0.088952 -1.634471 -0.021131
v -0.174751 -1.569995 -0.038266
v -0.258858 -1.532371 -0.049688
v -0.361232 -1.587372 -0.053759
v -0.458557 -1.594238 -0.043755
v -0.541882 -1.549873 -0.01831
v -0.609007 -1.470761 0.023836
v -0.663489 -1.377847 0.079106
v -0.714235 -1.292361 0.138075
v -0.777013 -1.23694 0.197584
v -0.841589 -1.18674 0.251767
v -0.90307 -1.133207 0.295796
v -0.961942 -1.077202 0.328017
v -1.018447 -1.019097 0.349415
v -1.072386 -0.958792 0.363228
v -1.123132 -0.895936 0.374102
v -1.169791 -0.830176 0.38702
v -1.211374 -0.761331 0.406224
v -1.255254 -0.69408 0.436393
v -1.345725 -0.648799 0.490151
v -1.427287 -0.592324 0.554514
v -1.471142 -0.516159 0.618956
v -1.471106 -0.425307 0.676133
v -1.452747 -0.333054 0.728739
v -1.4257 -0.243565 0.776717
v -1.396309 -0.158368 0.820778
v -1.35852 -0.076891 0.857957
v -1.315629 -0.0 0.889766
v -1.272969 0.072246 0.919439
v -1.232759 0.140587 0.949117
v -1.199012 0.206539 0.981878
v -1.163114 0.269633 1.013487
v -1.127076 0.330433 1.044846
v -1.088784 0.388512 1.074232
v -1.048403 0.443836 1.101251
v -1.006252 0.496452 1.125883
v -0.962481 0.546374 1.148338
v -0.917099 0.593546 1.168994
v -0.870064 0.637852 1.188282
v -0.821374 0.679161 1.206553
v -0.771137 0.717383 1.223982
v -0.719585 0.752529 1.240534
v -0.667043 0.78473 1.256001
v -0.613856 0.81422 1.270088
v -0.560316 0.841281 1.28251
v -0.506611 0.866174 1.293088
v -0.452807 0.889073 1.301783
v -0.39887 0.91004 1.308704
v -0.344714 0.929025 1.314062
v -0.290251 0.945908 1.318111
v -0.23542 0.960536 1.3211
v -0.180207 0.972769 1.323229
v -0.12464 0.982489 1.324649
v -0.068776 0.989593 1.325482
v -0.012692 0.993973 1.32585
v 0.098897 1.029918 1.282505
v 0.04067 1.03148 1.282581
v 0.156958 1.025392 1.282083
v 0.21473 1.018077 1.281102
v 0.272125 1.0081 1.279406
v 0.329094 0.99563 1.276941
v 0.386288 0.982726 1.275359
v 0.444202 0.969797 1.27494
v 0.503053 0.956354 1.275187
v 0.562608 0.941237 1.274974
v 0.623353 0.924878 1.274652
v 0.68446 0.905566 1.272614
v 0.746029 0.883399 1.268982
v 0.808056 0.858269 1.263725
v 0.867555 0.827056 1.253616
v 0.9256 0.791555 1.240226
v 0.984659 0.754071 1.225774
v 1.041428 0.711816 1.206756
v 1.098046 0.666561 1.184729
v 1.152512 0.617016 1.157852
v 1.205212 0.563603 1.126713
v 1.255882 0.506298 1.091943
v 1.303522 0.444846 1.054388
v 1.347839 0.379403 1.015899
v 1.381733 0.308594 0.975019
v 1.41479 0.235528 0.938859
v 1.435752 0.158659 0.903078
v 1.445699 0.079683 0.868561
v 1.448458 0.0 0.835776
v 1.436253 -0.07923 0.799105
v 1.412766 -0.156392 0.757219
v 1.388205 -0.231802 0.711141
v 1.371002 -0.307709 0.66151
v 1.366478 -0.387483 0.608614
v 1.360912 -0.469195 0.548229
v 1.352114 -0.552388 0.482176
v 1.335967 -0.635133 0.41331
v 1.309729 -0.715121 0.345735
v 1.270477 -0.789038 0.283427
v 1.246764 -0.874937 0.233541
v 1.241194 -0.979803 0.196123
v 1.208248 -1.069277 0.165136
v 1.164681 -1.153675 0.140955
v 1.107452 -1.22762 0.120436
v 1.034147 -1.284431 0.100459
v 0.946768 -1.321145 0.079096
v 0.850439 -1.339305 0.055992
v 0.751343 -1.344241 0.032136
v 0.65572 -1.345276 0.009158
v 0.569889 -1.358317 -0.009682
v 0.49203 -1.387311 -0.024823
v 0.412752 -1.412088 -0.037676
v 0.332219 -1.432354 -0.049009
v 0.250969 -1.449767 -0.060336
v 0.173847 -1.507913 -0.074824
v 0.092215 -1.584113 -0.093618
v 0.002598 -1.638328 -0.115452
v -0.090744 -1.650894 -0.137289
v -0.18097 -1.618063 -0.154736
v -0.266917 -1.575309 -0.165382
v -0.36613 -1.605436 -0.171519
v -0.454911 -1.578637 -0.160032
v -0.528474 -1.508813 -0.131072
v -0.5894 -1.420818 -0.088819
v -0.646181 -1.339472 -0.038802
v -0.712204 -1.286519 0.017208
v -0.782363 -1.243408 0.080374
v -0.849051 -1.195278 0.137317
v -0.912475 -1.143116 0.183662
v -0.973005 -1.087815 0.217616
v -1.030857 -1.029876 0.240184
v -1.090651 -0.973654 0.255533
v -1.154176 -0.91943 0.268922
v -1.193563 -0.845855 0.281221
v -1.228245 -0.770813 0.300164
v -1.274595 -0.70375 0.331586
v -1.366249 -0.657746 0.383812
v -1.436263 -0.59515 0.444604
v -1.465422 -0.513317 0.506197
v -1.458506 -0.420929 0.56393
v -1.433462 -0.328016 0.617266
v -1.405604 -0.239653 0.66751
v -1.379246 -0.156104 0.714853
v -1.35218 -0.076363 0.7585
v -1.338102 -0.0 0.804786
v -1.322027 0.074841 0.849237
v -1.302259 0.148106 0.891964
v -1.2788 0.219628 0.933414
v -1.238165 0.286118 0.966348
v -1.177929 0.344214 0.987549
v -1.126048 0.400456 1.011501
v -1.085108 0.457736 1.040474
v -1.042265 0.512276 1.066932
v -0.997642 0.564062 1.091067
v -0.951264 0.613032 1.113284
v -0.903103 0.659062 1.134042
v -0.853165 0.702014 1.153718
v -0.80157 0.741791 1.172498
v -0.748558 0.778399 1.190344
v -0.694464 0.811964 1.207031
v -0.639645 0.842719 1.222235
v -0.584404 0.870947 1.235651
v -0.52894 0.896909 1.247079
v -0.473325 0.920782 1.256478
v -0.417536 0.942627 1.263961
v -0.36149 0.962395 1.269754
v -0.305102 0.979963 1.274134
v -0.248317 0.995177 1.277367
v -0.191126 1.007894 1.27967
v -0.133558 1.017993 1.281208
v -0.075678 1.025371 1.282109
v -0.017567 1.029917 1.282507
v 0.098092 1.064685 1.237714
v 0.037898 1.0663 1.237797
v 0.158112 1.059997 1.23726
v 0.217832 1.052415 1.236204
v 0.277157 1.042068 1.234377
v 0.336011 1.029049 1.231653
v 0.394335 1.013429 1.227918
v 0.452081 0.995272 1.223056
v 0.509383 0.974987 1.217233
v 0.567413 0.954659 1.212084
v 0.626249 0.933596 1.206979
v 0.686176 0.911589 1.201758
v 0.746681 0.887393 1.195389
v 0.807152 0.860063 1.187069
v 0.864814 0.826793 1.174064
v 0.922854 0.7913 1.159753
v 0.979393 0.751805 1.142085
v 1.035575 0.709367 1.121705
v 1.08991 0.662934 1.097012
v 1.142538 0.612788 1.067973
v 1.192862 0.558751 1.034424
v 1.2403 0.500762 0.996864
v 1.284877 0.439074 0.956804
v 1.324473 0.373268 0.915134
v 1.360983 0.304323 0.875018
v 1.390162 0.231677 0.836398
v 1.422149 0.15735 0.804702
v 1.474888 0.081448 0.78625
v 1.497182 0.0 0.759579
v 1.491543 -0.082466 0.724371
v 1.479545 -0.164182 0.685591
v 1.46786 -0.245744 0.642176
v 1.459826 -0.328529 0.592497
v 1.453696 -0.413272 0.534737
v 1.447814 -0.500374 0.469022
v 1.437335 -0.588554 0.396738
v 1.419323 -0.676228 0.321509
v 1.388938 -0.759924 0.247652
v 1.343862 -0.83624 0.179937
v 1.277247 -0.897545 0.121702
v 1.195273 -0.943829 0.075422
v 1.147432 -1.015531 0.041841
v 1.116002 -1.105726 0.016242
v 1.079531 -1.197326 -0.00445
v 1.029702 -1.280096 -0.021703
v 0.962965 -1.345533 -0.039799
v 0.880444 -1.388933 -0.059128
v 0.786243 -1.409529 -0.078859
v 0.685801 -1.410072 -0.097465
v 0.58537 -1.398098 -0.113638
v 0.491935 -1.389513 -0.127349
v 0.410225 -1.406186 -0.140252
v 0.329861 -1.425558 -0.152021
v 0.248582 -1.44033 -0.163725
v 0.167103 -1.454527 -0.177407
v 0.08738 -1.510656 -0.198213
v 0.001896 -1.579191 -0.224423
v -0.089883 -1.623585 -0.251073
v -0.182456 -1.625764 -0.272207
v -0.270675 -1.594054 -0.283451
v -0.363783 -1.592529 -0.288207
v -0.443651 -1.537239 -0.272352
v -0.509629 -1.452804 -0.238465
v -0.569537 -1.370874 -0.192706
v -0.636872 -1.318386 -0.141098
v -0.71193 -1.284396 -0.086076
v -0.784003 -1.244409 -0.031006
v -0.852655 -1.19878 0.022387
v -0.917882 -1.148376 0.070893
v -0.979922 -1.094119 0.106478
v -1.059957 -1.057786 0.131977
v -1.15758 -1.032597 0.151226
v -1.227746 -0.977334 0.165148
v -1.242629 -0.879843 0.176463
v -1.240415 -0.777536 0.193161
v -1.28692 -0.709706 0.225406
v -1.360554 -0.654147 0.273446
v -1.407843 -0.582524 0.329822
v -1.433815 -0.501476 0.391609
v -1.450858 -0.418084 0.45688
v -1.457614 -0.333034 0.52161
v -1.457969 -0.248191 0.58377
v -1.45324 -0.164205 0.642049
v -1.444198 -0.081413 0.696199
v -1.432626 -0.0 0.747269
v -1.416498 0.080019 0.79543
v -1.396716 0.158486 0.841849
v -1.372679 0.23517 0.886769
v -1.336086 0.307913 0.926147
v -1.267747 0.369361 0.948734
v -1.189323 0.421636 0.962846
v -1.123051 0.472234 0.980097
v -1.076358 0.527257 1.006428
v -1.031023 0.580856 1.03225
v -0.983782 0.631578 1.056033
v -0.934619 0.679294 1.078269
v -0.883556 0.723857 1.099357
v -0.830719 0.765164 1.119497
v -0.77636 0.803215 1.138646
v -0.720821 0.83813 1.156561
v -0.66447 0.87014 1.172892
v -0.607623 0.899525 1.18731
v -0.550487 0.926547 1.199596
v -0.493145 0.951383 1.209704
v -0.435581 0.974096 1.217755
v -0.377718 0.994636 1.223989
v -0.319477 1.012879 1.228703
v -0.260808 1.028669 1.232183
v -0.201705 1.04186 1.234663
v -0.142205 1.05233 1.236318
v -0.082375 1.059976 1.237288
v -0.022304 1.064683 1.237717
v 0.0973 1.098234 1.191563
v 0.03521 1.099902 1.191652
v 0.159211 1.093389 1.191077
v 0.22081 1.085546 1.189944
v 0.281997 1.074836 1.187987
v 0.34269 1.061353 1.185068
v 0.402825 1.045169 1.181066
v 0.462347 1.026349 1.175856
v 0.521217 1.004951 1.169299
v 0.579408 0.981024 1.161244
v 0.636892 0.954588 1.151552
v 0.69404 0.926205 1.140602
v 0.752005 0.897167 1.129506
v 0.809594 0.865515 1.116681
v 0.865909 0.830288 1.101251
v 0.921447 0.792153 1.083648
v 0.976066 0.751006 1.063471
v 1.029604 0.706748 1.040181
v 1.081281 0.658914 1.012814
v 1.131342 0.607804 0.981342
v 1.178323 0.552768 0.945082
v 1.222885 0.494396 0.905277
v 1.263644 0.432333 0.862645
v 1.301043 0.367064 0.819387
v 1.338073 0.299515 0.778809
v 1.415022 0.23626 0.75782
v 1.493315 0.165636 0.740456
v 1.548343 0.085704 0.718543
v 1.569963 0.0 0.68883
v 1.569845 -0.086992 0.653632
v 1.563995 -0.173955 0.614788
v 1.555669 -0.261045 0.569723
v 1.546787 -0.348874 0.516239
v 1.538113 -0.43819 0.453303
v 1.527095 -0.528797 0.381101
v 1.511001 -0.619818 0.301959
v 1.485486 -0.708892 0.2198
v 1.449075 -0.794011 0.139965
v 1.399907 -0.872359 0.067554
v 1.337008 -0.940946 0.006486
v 1.255353 -0.99283 -0.034469
v 1.155583 -1.023691 -0.06332
v 1.058623 -1.048857 -0.083937
v 1.022634 -1.134209 -0.103814
v 0.986511 -1.226644 -0.123511
v 0.939749 -1.31377 -0.144314
v 0.877287 -1.385167 -0.166265
v 0.798957 -1.434113 -0.188198
v 0.707635 -1.457295 -0.208135
v 0.608051 -1.454995 -0.224142
v 0.506543 -1.433562 -0.235537
v 0.408887 -1.403874 -0.243365
v 0.326096 -1.411831 -0.254265
v 0.245462 -1.425567 -0.266333
v 0.164245 -1.434361 -0.280062
v 0.083299 -1.447689 -0.298011
v 0.001365 -1.502594 -0.326045
v -0.086933 -1.561899 -0.357985
v -0.179417 -1.594579 -0.38546
v -0.269677 -1.585668 -0.400388
v -0.355892 -1.555969 -0.400978
v -0.42808 -1.481442 -0.379263
v -0.489942 -1.394955 -0.340855
v -0.554517 -1.333224 -0.294097
v -0.631709 -1.306446 -0.242996
v -0.708165 -1.276358 -0.186134
v -0.781971 -1.239937 -0.12907
v -0.852429 -1.19723 -0.077391
v -0.91931 -1.148965 -0.035173
v -0.991863 -1.106406 -0.004183
v -1.097987 -1.094981 0.020419
v -1.208796 -1.077668 0.038126
v -1.275951 -1.015114 0.051835
v -1.278799 -0.904835 0.066025
v -1.257589 -0.787619 0.086
v -1.34168 -0.739446 0.12171
v -1.416321 -0.680501 0.170391
v -1.470915 -0.608184 0.229967
v -1.507844 -0.526962 0.297082
v -1.528957 -0.440202 0.367441
v -1.53897 -0.35127 0.437479
v -1.54099 -0.262025 0.504575
v -1.537767 -0.173534 0.567541
v -1.529952 -0.086126 0.626068
v -1.516765 -0.0 0.680354
v -1.500127 0.0846 0.731892
v -1.47791 0.16739 0.780847
v -1.450466 0.248002 0.82777
v -1.415494 0.325508 0.871574
v -1.351829 0.392909 0.901565
v -1.264465 0.447072 0.917013
v -1.175533 0.492879 0.926934
v -1.109402 0.541823 0.945028
v -1.062568 0.596728 0.972001
v -1.014597 0.649155 0.997355
v -0.964563 0.698516 1.021073
v -0.912498 0.744658 1.043578
v -0.858539 0.78747 1.065084
v -0.802946 0.826943 1.085542
v -0.746072 0.863194 1.10469
v -0.688294 0.896446 1.122156
v -0.629937 0.926978 1.137581
v -0.57122 0.95505 1.150732
v -0.512235 0.98084 1.161555
v -0.452975 1.004411 1.170177
v -0.393371 1.025712 1.176855
v -0.333351 1.044617 1.181907
v -0.272868 1.060972 1.185636
v -0.211924 1.074627 1.188293
v -0.150561 1.085461 1.190067
v -0.088852 1.093367 1.191107
v -0.02689 1.098232 1.191566
v 0.09653 1.130526 1.144136
v 0.032614 1.132246 1.144231
v 0.160261 1.125529 1.143617
v 0.223669 1.117433 1.142408
v 0.286647 1.106368 1.140319
v 0.349108 1.09243 1.137203
v 0.410982 1.075693 1.132932
v 0.472208 1.05622 1.127373
v 0.532741 1.034074 1.120377
v 0.592547 1.009302 1.111786
v 0.651591 0.981924 1.10145
v 0.709828 0.951926 1.089257
v 0.767187 0.919258 1.075131
v 0.823577 0.883851 1.059015
v 0.878898 0.845647 1.040818
v 0.933061 0.804617 1.020354
v 0.986013 0.760766 0.9973
v 1.03774 0.714115 0.971212
v 1.088216 0.664655 0.941597
v 1.137179 0.61222 0.907988
v 1.184473 0.556744 0.870406
v 1.229494 0.497985 0.829245
v 1.271461 0.435769 0.785529
v 1.309609 0.370092 0.740883
v 1.361308 0.30527 0.703802
v 1.438369 0.240553 0.678605
v 1.517024 0.168518 0.657024
v 1.572212 0.087147 0.631819
v 1.595403 0.0 0.600579
v 1.605869 -0.089117 0.566869
v 1.608492 -0.179174 0.52854
v 1.604632 -0.269669 0.482359
v 1.596484 -0.360612 0.426129
v 1.584277 -0.451959 0.358839
v 1.566189 -0.542998 0.281267
v 1.539972 -0.63237 0.196414
v 1.505368 -0.719036 0.109225
v 1.463508 -0.802579 0.025305
v 1.415669 -0.882902 -0.042098
v 1.361322 -0.958926 -0.095559
v 1.296394 -1.02644 -0.137647
v 1.207302 -1.070936 -0.167346
v 1.089846 -1.081066 -0.185208
v 0.981791 -1.089038 -0.198136
v 0.932254 -1.159066 -0.217735
v 0.891342 -1.246088 -0.241031
v 0.843912 -1.332787 -0.266936
v 0.783244 -1.40669 -0.293465
v 0.707715 -1.458783 -0.317841
v 0.618836 -1.48268 -0.337109
v 0.519252 -1.471793 -0.3486
v 0.415935 -1.430434 -0.352501
v 0.321596 -1.3943 -0.355797
v 0.241291 -1.403808 -0.367621
v 0.161201 -1.411344 -0.381673
v 0.080956 -1.413451 -0.398607
v 0.00097 -1.430238 -0.422495
v -0.082879 -1.482879 -0.456854
v -0.173912 -1.542598 -0.493118
v -0.264961 -1.556088 -0.514034
v -0.349867 -1.528291 -0.514466
v -0.419791 -1.451629 -0.488531
v -0.475147 -1.351652 -0.442136
v -0.544704 -1.308661 -0.395694
v -0.623343 -1.288211 -0.343707
v -0.700966 -1.262442 -0.285312
v -0.776313 -1.230013 -0.226537
v -0.848414 -1.190635 -0.173167
v -0.921363 -1.150652 -0.129924
v -1.019303 -1.136437 -0.099944
v -1.130736 -1.127118 -0.08038
v -1.224267 -1.090815 -0.066924
v -1.272081 -1.011297 -0.05475
v -1.271512 -0.898976 -0.039568
v -1.312102 -0.821496 -0.019329
v -1.40919 -0.776438 0.01248
v -1.475503 -0.708648 0.062182
v -1.521057 -0.628572 0.123801
v -1.551543 -0.541865 0.19365
v -1.572382 -0.452348 0.267662
v -1.585373 -0.361541 0.341956
v -1.5907 -0.270211 0.413406
v -1.588998 -0.179119 0.480222
v -1.581263 -0.088907 0.542015
v -1.568748 -0.0 0.599516
v -1.549718 0.087271 0.653156
v -1.525488 0.17251 0.70414
v -1.495974 0.255355 0.752928
v -1.460134 0.335168 0.799051
v -1.403875 0.407231 0.83593
v -1.316705 0.464516 0.856473
v -1.219406 0.51002 0.867328
v -1.141382 0.555968 0.882716
v -1.092224 0.611653 0.910428
v -1.043661 0.665737 0.937355
v -0.992885 0.716702 0.962556
v -0.939944 0.764387 0.986483
v -0.884985 0.808677 1.009357
v -0.828277 0.849552 1.031127
v -0.77018 0.887123 1.051515
v -0.71108 0.921605 1.070119
v -0.651312 0.953273 1.086557
v -0.591106 0.982385 1.100576
v -0.530566 1.009118 1.112117
v -0.469692 1.033535 1.121314
v -0.408426 1.055585 1.128439
v -0.346701 1.075142 1.13383
v -0.284479 1.092049 1.137809
v -0.221766 1.106159 1.140645
v -0.158612 1.117348 1.142539
v -0.095093 1.125508 1.143649
v -0.031311 1.130525 1.144139
v 0.095788 1.161527 1.095513
v 0.030119 1.163295 1.095613
v 0.161266 1.156381 1.09496
v 0.22641 1.148038 1.093675
v 0.291106 1.136627 1.091453
v 0.355263 1.122244 1.08814
v 0.418802 1.104964 1.083599
v 0.481657 1.084852 1.077689
v 0.543778 1.061969 1.070253
v 0.605122 1.036365 1.061122
v 0.665646 1.008061 1.050141
v 0.725297 0.977043 1.037189
v 0.783996 0.943264 1.022189
v 0.841642 0.906657 1.005082
v 0.898124 0.867167 0.985773
v 0.953341 0.82477 0.964068
v 1.007227 0.779472 0.939627
v 1.059734 0.731289 0.911973
v 1.110801 0.68021 0.880582
v 1.160269 0.626156 0.845048
v 1.207802 0.568977 0.805298
v 1.252834 0.508486 0.761791
v 1.294581 0.44454 0.71562
v 1.332147 0.377125 0.66844
v 1.368406 0.307278 0.62339
v 1.430191 0.239424 0.589966
v 1.49966 0.166721 0.562362
v 1.546091 0.085753 0.532476
v 1.572048 0.0 0.500682
v 1.59091 -0.088349 0.467796
v 1.600992 -0.178474 0.429824
v 1.602811 -0.269576 0.38325
v 1.59545 -0.360653 0.325273
v 1.578596 -0.450641 0.255084
v 1.551961 -0.538359 0.174197
v 1.516625 -0.623041 0.086417
v 1.474645 -0.704578 -0.002522
v 1.426778 -0.782608 -0.074122
v 1.37674 -0.858774 -0.138579
v 1.330583 -0.937503 -0.193887
v 1.284084 -1.017134 -0.239056
v 1.214257 -1.077819 -0.271338
v 1.109811 -1.101846 -0.289408
v 0.990143 -1.099187 -0.298175
v 0.903543 -1.123624 -0.311027
v 0.843706 -1.179369 -0.331267
v 0.795991 -1.256954 -0.358388
v 0.746041 -1.339953 -0.389214
v 0.68498 -1.412385 -0.419368
v 0.611283 -1.465571 -0.445259
v 0.524028 -1.486933 -0.462616
v 0.424584 -1.462258 -0.467641
v 0.323389 -1.404106 -0.463761
v 0.236057 -1.375159 -0.467096
v 0.157475 -1.381326 -0.481384
v 0.078865 -1.381895 -0.498586
v 0.00068 -1.380656 -0.519634
v -0.08094 -1.443702 -0.560829
v -0.170796 -1.512936 -0.604645
v -0.2577 -1.512087 -0.623625
v -0.343206 -1.49832 -0.627646
v -0.419854 -1.451442 -0.606425
v -0.475573 -1.352533 -0.553823
v -0.532929 -1.279684 -0.495628
v -0.611848 -1.263769 -0.442753
v -0.690401 -1.242711 -0.383164
v -0.767091 -1.214679 -0.322991
v -0.844314 -1.184206 -0.269005
v -0.93891 -1.172167 -0.228103
v -1.046809 -1.166792 -0.199691
v -1.148624 -1.144522 -0.180482
v -1.218482 -1.085045 -0.165664
v -1.241484 -0.98621 -0.15026
v -1.241843 -0.8773 -0.131979
v -1.350336 -0.84523 -0.11506
v -1.435598 -0.790697 -0.085445
v -1.48889 -0.714715 -0.042611
v -1.521004 -0.628137 0.012732
v -1.548113 -0.540259 0.084893
v -1.570902 -0.451548 0.161549
v -1.586327 -0.361431 0.238607
v -1.594757 -0.270633 0.31292
v -1.595996 -0.179717 0.382561
v -1.589907 -0.08929 0.446862
v -1.576505 -0.0 0.506145
v -1.557944 0.087618 0.561753
v -1.532794 0.17309 0.614212
v -1.501127 0.255845 0.663947
v -1.465072 0.335758 0.711535
v -1.417428 0.410453 0.753824
v -1.336447 0.470587 0.780534
v -1.241267 0.518068 0.79651
v -1.167176 0.56721 0.817035
v -1.119947 0.625609 0.84763
v -1.070929 0.681297 0.876129
v -1.019544 0.733823 0.902815
v -0.965855 0.783017 0.928163
v -0.910019 0.828755 0.952408
v -0.852315 0.871011 0.975494
v -0.793108 0.909884 0.997123
v -0.732794 0.945583 1.016868
v -0.671717 0.978376 1.034321
v -0.610117 1.008518 1.049212
v -0.54811 1.036183 1.061474
v -0.485707 1.061433 1.071248
v -0.422858 1.08422 1.078822
v -0.359506 1.104416 1.084553
v -0.295621 1.121865 1.088784
v -0.231214 1.136419 1.0918
v -0.166342 1.147953 1.093813
v -0.101088 1.15636 1.094994
v -0.035559 1.161525 1.095515
v 0.095078 1.191198 1.045768
v 0.027732 1.193014 1.045874
v 0.162229 1.18591 1.045182
v 0.229033 1.177326 1.04382
v 0.295373 1.165578 1.041466
v 0.36115 1.150761 1.037954
v 0.426279 1.132949 1.033142
v 0.490688 1.112209 1.026881
v 0.554318 1.088603 1.019003
v 0.617119 1.062181 1.009332
v 0.679041 1.032965 0.997703
v 0.74002 1.000944 0.983991
v 0.79997 0.966071 0.968115
v 0.858777 0.928283 0.950015
v 0.91632 0.88753 0.929593
v 0.972487 0.843789 0.906646
v 1.027193 0.797072 0.880818
v 1.080374 0.7474 0.851608
v 1.131941 0.694764 0.818468
v 1.181712 0.639097 0.780976
v 1.229325 0.580262 0.739063
v 1.274195 0.518099 0.693222
v 1.315541 0.452494 0.644609
v 1.352487 0.383474 0.594973
v 1.384234 0.311256 0.546362
v 1.417993 0.23758 0.502595
v 1.464115 0.162843 0.466653
v 1.49337 0.082847 0.431452
v 1.518577 0.0 0.398638
v 1.540014 -0.08554 0.365327
v 1.554092 -0.173287 0.327129
v 1.557705 -0.262053 0.279909
v 1.549271 -0.350286 0.220922
v 1.528545 -0.436413 0.14958
v 1.496565 -0.519169 0.067763
v 1.455557 -0.59793 -0.017142
v 1.409916 -0.673579 -0.092098
v 1.351007 -0.740859 -0.162904
v 1.295377 -0.807747 -0.226458
v 1.248441 -0.879304 -0.281556
v 1.20844 -0.956919 -0.327961
v 1.157516 -1.027333 -0.363291
v 1.079689 -1.072134 -0.385039
v 0.976067 -1.083996 -0.394553
v 0.888409 -1.105241 -0.405817
v 0.821422 -1.148533 -0.424364
v 0.755297 -1.192598 -0.445857
v 0.699402 -1.255911 -0.474916
v 0.643451 -1.326562 -0.507472
v 0.584154 -1.400722 -0.541062
v 0.513653 -1.458289 -0.568921
v 0.427035 -1.472186 -0.582954
v 0.327443 -1.423567 -0.578355
v 0.232147 -1.35392 -0.568389
v 0.153058 -1.344456 -0.578704
v 0.076465 -1.343395 -0.596056
v 0.00047 -1.33733 -0.616509
v -0.077946 -1.38708 -0.658329
v -0.162763 -1.440095 -0.702114
v -0.243027 -1.424692 -0.717033
v -0.329387 -1.437188 -0.730538
v -0.413765 -1.430104 -0.721091
v -0.475202 -1.351435 -0.668698
v -0.522257 -1.253681 -0.596161
v -0.597306 -1.233237 -0.539661
v -0.676547 -1.217257 -0.479246
v -0.758044 -1.199884 -0.419436
v -0.853218 -1.196474 -0.369386
v -0.958588 -1.196604 -0.330377
v -1.063146 -1.18478 -0.301711
v -1.147556 -1.143039 -0.280238
v -1.192906 -1.061651 -0.261287
v -1.198955 -0.951709 -0.241239
v -1.24329 -0.878002 -0.225713
v -1.332951 -0.833916 -0.208855
v -1.393663 -0.767051 -0.17793
v -1.434623 -0.688091 -0.134034
v -1.46446 -0.604241 -0.07985
v -1.494787 -0.52116 -0.018793
v -1.525045 -0.437947 0.055203
v -1.548654 -0.352501 0.133827
v -1.559392 -0.264356 0.209573
v -1.562708 -0.175773 0.280625
v -1.559091 -0.087457 0.346403
v -1.547984 -0.0 0.407173
v -1.529685 0.085916 0.463796
v -1.505243 0.169744 0.517308
v -1.475486 0.251109 0.56839
v -1.439498 0.32939 0.616736
v -1.397469 0.40402 0.661812
v -1.33188 0.468169 0.696411
v -1.249642 0.520578 0.720751
v -1.192442 0.578292 0.751125
v -1.145694 0.638571 0.7837
v -1.096361 0.695813 0.813769
v -1.044501 0.749854 0.841938
v -0.990193 0.80052 0.868707
v -0.933606 0.847677 0.894322
v -0.875026 0.891291 0.918725
v -0.814826 0.931448 0.941596
v -0.753407 0.96835 0.962485
v -0.691124 1.002257 0.980955
v -0.628228 1.033416 0.996719
v -0.564845 1.062001 1.009705
v -0.500998 1.088074 1.020057
v -0.436649 1.111584 1.028082
v -0.371749 1.132407 1.034153
v -0.306277 1.150385 1.038637
v -0.240253 1.165372 1.041833
v -0.173739 1.177243 1.043967
v -0.106825 1.185889 1.045218
v -0.039624 1.191197 1.045771
v 0.094404 1.219508 0.994974
v 0.025457 1.221369 0.995086
v 0.16315 1.214081 0.994355
v 0.231539 1.205264 0.992915
v 0.299446 1.193188 0.990428
v 0.366767 1.177947 0.986718
v 0.433408 1.159615 0.981634
v 0.499292 1.13826 0.97502
v 0.564351 1.113945 0.9667
v 0.628527 1.086719 0.956488
v 0.691762 1.056607 0.944211
v 0.753981 1.023599 0.929738
v 0.815088 0.98765 0.912986
v 0.874961 0.948702 0.893892
v 0.933463 0.906707 0.872357
v 0.990471 0.861649 0.848168
v 1.045882 0.813543 0.820954
v 1.099611 0.762413 0.790191
v 1.151544 0.708258 0.755306
v 1.201469 0.65102 0.715863
v 1.249 0.590582 0.671797
v 1.293534 0.526806 0.623636
v 1.334292 0.459618 0.572602
v 1.37043 0.389084 0.520537
v 1.401201 0.31546 0.469592
v 1.426106 0.239184 0.421731
v 1.444972 0.160809 0.378161
v 1.459912 0.081021 0.339161
v 1.473764 0.0 0.303458
v 1.486322 -0.082566 0.267865
v 1.494693 -0.166667 0.228076
v 1.49522 -0.251533 0.179878
v 1.484959 -0.335722 0.120357
v 1.46273 -0.417577 0.048824
v 1.429563 -0.495851 -0.027489
v 1.388648 -0.570342 -0.101145
v 1.339122 -0.639597 -0.175619
v 1.282106 -0.702892 -0.245959
v 1.227339 -0.76511 -0.309252
v 1.172354 -0.825392 -0.362714
v 1.121243 -0.887393 -0.406521
v 1.070273 -0.949365 -0.441021
v 1.011406 -1.00396 -0.466195
v 0.942283 -1.046557 -0.483839
v 0.869501 -1.082042 -0.498834
v 0.803026 -1.123157 -0.517629
v 0.734177 -1.15954 -0.537979
v 0.663355 -1.191091 -0.559525
v 0.597369 -1.231133 -0.585309
v 0.541007 -1.296834 -0.619598
v 0.484174 -1.374551 -0.656919
v 0.411365 -1.418624 -0.681536
v 0.321979 -1.400829 -0.684404
v 0.229259 -1.338427 -0.672911
v 0.14795 -1.300916 -0.673152
v 0.073747 -1.298143 -0.690529
v 0.000321 -1.28941 -0.710722
v -0.073032 -1.297147 -0.740525
v -0.148538 -1.312514 -0.773316
v -0.220285 -1.289894 -0.784727
v -0.307509 -1.340827 -0.81613
v -0.397711 -1.374223 -0.823884
v -0.469459 -1.335135 -0.78209
v -0.515025 -1.236281 -0.700803
v -0.579812 -1.196762 -0.633967
v -0.659492 -1.186197 -0.573117
v -0.754734 -1.194497 -0.519173
v -0.862486 -1.209467 -0.473243
v -0.967736 -1.207946 -0.433804
v -1.061148 -1.182297 -0.402369
v -1.1254 -1.120498 -0.376062
v -1.151654 -1.024312 -0.351588
v -1.153569 -0.91506 -0.327846
v -1.207889 -0.852515 -0.313803
v -1.262821 -0.789354 -0.293096
v -1.310683 -0.720676 -0.261256
v -1.344564 -0.644211 -0.216848
v -1.380594 -0.569039 -0.16335
v -1.417566 -0.493719 -0.102886
v -1.454418 -0.417227 -0.038326
v -1.487794 -0.338297 0.032778
v -1.503908 -0.254676 0.109223
v -1.509993 -0.169653 0.181036
v -1.508435 -0.084515 0.247567
v -1.499575 -0.0 0.309175
v -1.484556 0.083273 0.366876
v -1.463225 0.164782 0.421516
v -1.435941 0.244032 0.473628
v -1.403439 0.320663 0.52333
v -1.365594 0.394192 0.5701
v -1.318945 0.462878 0.612097
v -1.260622 0.524259 0.647286
v -1.216166 0.588722 0.684476
v -1.169431 0.650521 0.718728
v -1.119922 0.709261 0.75036
v -1.067721 0.764772 0.780009
v -1.012925 0.816871 0.808197
v -0.955714 0.865417 0.835181
v -0.89638 0.910363 0.860899
v -0.835304 0.951788 0.885013
v -0.772893 0.989878 0.907046
v -0.709508 1.024884 0.926534
v -0.645413 1.057049 0.943172
v -0.580747 1.086543 0.956882
v -0.515544 1.113424 0.967814
v -0.449778 1.137645 0.976289
v -0.383412 1.159081 0.982703
v -0.316433 1.177577 0.987439
v -0.24887 1.192985 0.990816
v -0.180792 1.205182 0.993071
v -0.112295 1.21406 0.994393
v -0.043499 1.219506 0.994977
v 0.093768 1.246423 0.943196
v 0.023299 1.248327 0.943315
v 0.164031 1.240863 0.942544
v 0.233926 1.231821 0.941028
v 0.303322 1.219425 0.938407
v 0.372106 1.20377 0.934498
v 0.440181 1.184931 0.929143
v 0.507459 1.162975 0.922176
v 0.573865 1.137964 0.913413
v 0.639333 1.10995 0.902659
v 0.703793 1.078958 0.889733
v 0.767162 1.044979 0.8745
v 0.829333 1.007973 0.856871
v 0.89017 0.967885 0.836785
v 0.949528 0.924673 0.814138
v 1.007265 0.878325 0.788709
v 1.063264 0.828859 0.760112
v 1.117413 0.776306 0.7278
v 1.169574 0.720672 0.691178
v 1.219503 0.661908 0.649794
v 1.266785 0.599917 0.603591
v 1.310806 0.534592 0.553131
v 1.35079 0.465898 0.499705
v 1.385927 0.393943 0.445247
v 1.415536 0.319028 0.392011
v 1.439193 0.241616 0.342045
v 1.456789 0.162272 0.296598
v 1.468479 0.081563 0.255613
v 1.474572 0.0 0.217494
v 1.475389 -0.082002 0.179248
v 1.471112 -0.164096 0.137025
v 1.461711 -0.245951 0.086974
v 1.446751 -0.327132 0.026201
v 1.424888 -0.406826 -0.038733
v 1.395795 -0.48421 -0.10815
v 1.35888 -0.558212 -0.183287
v 1.314374 -0.62791 -0.259707
v 1.263505 -0.692886 -0.332517
v 1.20816 -0.753358 -0.397444
v 1.150298 -0.810056 -0.451716
v 1.091349 -0.863853 -0.494515
v 1.031898 -0.915344 -0.526927
v 0.971755 -0.964591 -0.551473
v 0.910296 -1.011118 -0.571366
v 0.84688 -1.05413 -0.589675
v 0.781155 -1.092817 -0.608604
v 0.713185 -1.126651 -0.629073
v 0.643406 -1.155552 -0.650713
v 0.572454 -1.179905 -0.672268
v 0.501446 -1.201603 -0.692741
v 0.437882 -1.242357 -0.719584
v 0.37244 -1.283685 -0.745319
v 0.297573 -1.294391 -0.758277
v 0.217316 -1.269061 -0.757979
v 0.142159 -1.250923 -0.76426
v 0.070707 -1.246368 -0.781533
v 0.000216 -1.235734 -0.80157
v -0.068788 -1.220073 -0.822642
v -0.136131 -1.201614 -0.841565
v -0.202365 -1.183988 -0.854586
v -0.275293 -1.19913 -0.87225
v -0.35649 -1.230615 -0.881784
v -0.435036 -1.236519 -0.859379
v -0.497472 -1.193989 -0.796698
v -0.559468 -1.154521 -0.725218
v -0.639345 -1.149689 -0.664354
v -0.736347 -1.165136 -0.612402
v -0.841015 -1.179021 -0.56655
v -0.934433 -1.165863 -0.523886
v -1.010342 -1.124988 -0.487896
v -1.061945 -1.056527 -0.458112
v -1.089842 -0.968612 -0.43269
v -1.113865 -0.883099 -0.412102
v -1.161793 -0.819502 -0.396801
v -1.211084 -0.756534 -0.375217
v -1.258745 -0.691669 -0.34332
v -1.304306 -0.624564 -0.300026
v -1.346561 -0.554697 -0.246325
v -1.383945 -0.481707 -0.184836
v -1.415037 -0.405628 -0.119054
v -1.440142 -0.327175 -0.052533
v -1.459221 -0.24688 0.014351
v -1.468283 -0.164805 0.087149
v -1.470339 -0.082296 0.15482
v -1.465786 -0.0 0.217772
v -1.455048 0.081526 0.276947
v -1.438518 0.161809 0.333296
v -1.416515 0.240434 0.387391
v -1.389258 0.317012 0.439267
v -1.357252 0.391251 0.488584
v -1.321124 0.462983 0.53487
v -1.281135 0.531999 0.577666
v -1.237701 0.598185 0.616881
v -1.191124 0.661439 0.652799
v -1.14158 0.721621 0.685988
v -1.089175 0.778554 0.717109
v -1.034021 0.832046 0.746711
v -0.976314 0.881949 0.775061
v -0.916351 0.928204 0.802091
v -0.854518 0.970875 0.827447
v -0.791226 1.010138 0.850622
v -0.726847 1.046231 0.871128
v -0.661653 1.079389 0.88864
v -0.595797 1.109778 0.903074
v -0.529328 1.137455 0.914586
v -0.462231 1.162372 0.923512
v -0.394482 1.184408 0.930268
v -0.326077 1.203408 0.935258
v -0.257055 1.219226 0.938816
v -0.187491 1.23174 0.941191
v -0.117491 1.240842 0.942584
v -0.047179 1.246421 0.943199
v 0.09317 1.271912 0.890498
v 0.02126 1.273858 0.890623
v 0.164869 1.266224 0.889813
v 0.23619 1.256965 0.888219
v 0.306994 1.244259 0.885465
v 0.377163 1.228202 0.881358
v 0.44659 1.208868 0.875731
v 0.51518 1.186324 0.868411
v 0.582849 1.160633 0.859206
v 0.649522 1.131846 0.84791
v 0.715118 1.09999 0.834337
v 0.779545 1.065059 0.818343
v 0.842682 1.027015 0.79984
v 0.904383 0.98581 0.778763
v 0.964489 0.941405 0.755006
v 1.022844 0.893793 0.728341
v 1.079308 0.843 0.698366
v 1.133749 0.78906 0.664513
v 1.185997 0.731986 0.626164
v 1.235776 0.671743 0.582855
v 1.282644 0.608254 0.534536
v 1.325971 0.541445 0.481806
v 1.364991 0.471322 0.426026
v 1.398937 0.398043 0.369223
v 1.427195 0.321951 0.31375
v 1.44943 0.243539 0.261738
v 1.465606 0.16338 0.214476
v 1.475914 0.082036 0.171896
v 1.480639 0.0 0.132329
v 1.480013 -0.082311 0.092665
v 1.474082 -0.164525 0.048921
v 1.462587 -0.246234 -0.002378
v 1.444915 -0.32688 -0.054891
v 1.420185 -0.405663 -0.117451
v 1.387555 -0.481539 -0.188867
v 1.346683 -0.553386 -0.265947
v 1.298138 -0.620331 -0.344089
v 1.24349 -0.682076 -0.418282
v 1.184955 -0.739045 -0.48421
v 1.124723 -0.792197 -0.53914
v 1.064312 -0.842601 -0.582333
v 1.004245 -0.890965 -0.614968
v 0.944162 -0.937357 -0.639636
v 0.883231 -0.981218 -0.659598
v 0.820628 -1.021624 -0.677945
v 0.755887 -1.057649 -0.696889
v 0.689046 -1.088707 -0.717344
v 0.620573 -1.114744 -0.738933
v 0.55117 -1.136248 -0.760402
v 0.481503 -1.154026 -0.780274
v 0.411991 -1.168822 -0.797528
v 0.342893 -1.181463 -0.812309
v 0.2743 -1.192857 -0.826158
v 0.204808 -1.196213 -0.837954
v 0.1357 -1.194723 -0.851576
v 0.067347 -1.18833 -0.868608
v 0.000144 -1.175755 -0.888328
v -0.065357 -1.15822 -0.909023
v -0.129007 -1.138271 -0.927566
v -0.191372 -1.119369 -0.940023
v -0.253816 -1.105003 -0.942463
v -0.319883 -1.103311 -0.935125
v -0.391576 -1.112075 -0.914607
v -0.464107 -1.113428 -0.87213
v -0.536747 -1.10747 -0.813355
v -0.616187 -1.107856 -0.752518
v -0.703443 -1.112669 -0.695481
v -0.791451 -1.108865 -0.643132
v -0.8704 -1.08513 -0.596572
v -0.938056 -1.043617 -0.559461
v -0.993787 -0.98795 -0.532058
v -1.040625 -0.924365 -0.512346
v -1.08885 -0.863042 -0.498193
v -1.140013 -0.803961 -0.483559
v -1.189787 -0.743062 -0.461666
v -1.238712 -0.680499 -0.429266
v -1.286388 -0.615826 -0.385206
v -1.331523 -0.548344 -0.330425
v -1.372336 -0.477511 -0.267533
v -1.407132 -0.403211 -0.200068
v -1.434754 -0.325808 -0.131633
v -1.45474 -0.245995 -0.065139
v -1.467192 -0.164588 -0.002354
v -1.472505 -0.082365 0.067102
v -1.471117 -0.0 0.132329
v -1.463378 0.08193 0.193786
v -1.449546 0.162913 0.252419
v -1.429855 0.242476 0.308786
v -1.404603 0.320193 0.362915
v -1.374195 0.395703 0.414416
v -1.33913 0.468734 0.462734
v -1.299922 0.539099 0.507439
v -1.257019 0.606664 0.548431
v -1.210748 0.671307 0.585999
v -1.16131 0.732875 0.620731
v -1.108835 0.79118 0.653316
v -1.053458 0.846025 0.684324
v -0.995383 0.89725 0.714034
v -0.934915 0.944787 0.742373
v -0.872443 0.988685 0.768966
v -0.808385 1.029104 0.793281
v -0.743119 1.06627 0.814803
v -0.676929 1.100408 0.833189
v -0.609979 1.131678 0.848346
v -0.542334 1.160137 0.860438
v -0.473993 1.185737 0.869815
v -0.404945 1.208357 0.876913
v -0.335197 1.227848 0.882157
v -0.264797 1.244065 0.885895
v -0.19383 1.256886 0.888391
v -0.122406 1.266205 0.889855
v -0.05066 1.271911 0.890502
v 0.09261 1.295947 0.83694
v 0.019341 1.297933 0.83707
v 0.165664 1.290137 0.836221
v 0.238328 1.280667 0.83455
v 0.310459 1.267662 0.831663
v 0.381929 1.251214 0.827357
v 0.452625 1.231398 0.821458
v 0.522443 1.20828 0.813787
v 0.59129 1.181923 0.80414
v 0.659079 1.15238 0.792304
v 0.725722 1.119678 0.778083
v 0.791111 1.083813 0.76133
v 0.855116 1.044752 0.741955
v 0.917578 1.002451 0.71989
v 0.978323 0.956879 0.695028
v 1.03718 0.908034 0.667134
v 1.093988 0.855946 0.635789
v 1.148589 0.800655 0.600406
v 1.20078 0.742183 0.560346
v 1.250254 0.680508 0.515132
v 1.296539 0.615577 0.464725
v 1.338991 0.54735 0.409762
v 1.376859 0.475881 0.351675
v 1.40942 0.401376 0.292586
v 1.43614 0.324224 0.234943
v 1.456778 0.24495 0.180956
v 1.471378 0.164132 0.131954
v 1.480171 0.082323 0.087851
v 1.483411 0.0 0.046909
v 1.481236 -0.082423 0.005907
v 1.473543 -0.164547 -0.032809
v 1.459912 -0.245896 -0.077478
v 1.439593 -0.32581 -0.131542
v 1.411641 -0.403369 -0.195818
v 1.375261 -0.477422 -0.269003
v 1.330289 -0.546794 -0.347749
v 1.277588 -0.610647 -0.427299
v 1.21909 -0.668819 -0.502542
v 1.157348 -0.721944 -0.569148
v 1.094788 -0.771224 -0.624443
v 1.03301 -0.817929 -0.667787
v 0.972467 -0.862881 -0.70045
v 0.912619 -0.906153 -0.725089
v 0.852416 -0.9471 -0.744994
v 0.790844 -0.984666 -0.763261
v 0.727322 -1.017808 -0.782094
v 0.661855 -1.045878 -0.802396
v 0.594949 -1.068855 -0.823785
v 0.527369 -1.087328 -0.845013
v 0.459831 -1.102244 -0.864624
v 0.39277 -1.114467 -0.881621
v 0.326258 -1.124337 -0.89591
v 0.260128 -1.131427 -0.908405
v 0.194216 -1.134633 -0.920739
v 0.128595 -1.132598 -0.934667
v 0.063674 -1.12432 -0.951318
v 9.4e-05 -1.109778 -0.970556
v -0.061566 -1.090365 -0.990693
v -0.121184 -1.068943 -1.008691
v -0.179439 -1.049381 -1.020756
v -0.237896 -1.035553 -1.023114
v -0.298702 -1.030071 -1.012719
v -0.363911 -1.033215 -0.987826
v -0.434676 -1.042564 -0.948465
v -0.510691 -1.05358 -0.896811
v -0.590164 -1.060935 -0.837222
v -0.670361 -1.060048 -0.77566
v -0.748442 -1.048138 -0.718455
v -0.822181 -1.024487 -0.67074
v -0.890326 -0.990029 -0.63514
v -0.952634 -0.946674 -0.611184
v -1.009738 -0.896712 -0.59559
v -1.062937 -0.84236 -0.583242
v -1.113867 -0.785389 -0.568491
v -1.164007 -0.726835 -0.546401
v -1.214121 -0.666867 -0.513656
v -1.263886 -0.604932 -0.469034
v -1.311926 -0.540152 -0.41341
v -1.356241 -0.471788 -0.349366
v -1.394854 -0.399573 -0.280462
v -1.426332 -0.323783 -0.210368
v -1.450002 -0.245096 -0.142081
v -1.465845 -0.164362 -0.077454
v -1.474213 -0.082418 -0.017114
v -1.475558 -0.0 0.046909
v -1.470268 0.082264 0.110517
v -1.458634 0.163819 0.17129
v -1.440905 0.24416 0.229787
v -1.417376 0.322827 0.286028
v -1.388441 0.399426 0.339593
v -1.354583 0.47365 0.389896
v -1.316316 0.545278 0.436475
v -1.274099 0.614146 0.479216
v -1.22828 0.680111 0.518413
v -1.179089 0.743005 0.554672
v -1.126681 0.802631 0.588707
v -1.071212 0.858786 0.62111
v -1.012898 0.9113 0.652171
v -0.952051 0.960092 0.681811
v -0.889062 1.005195 0.709637
v -0.824353 1.046752 0.735088
v -0.758309 1.084977 0.757624
v -0.691223 1.120081 0.776881
v -0.623277 1.152218 0.79276
v -0.554548 1.181443 0.80543
v -0.485052 1.207711 0.815258
v -0.414791 1.230903 0.822698
v -0.343784 1.250871 0.828194
v -0.27209 1.267473 0.832113
v -0.199801 1.28059 0.83473
v -0.127037 1.290117 0.836265
v -0.053938 1.295946 0.836943
v 0.085664 1.198751 0.774169
v 0.01789 1.200588 0.77429
v 0.153239 1.193376 0.773504
v 0.220454 1.184617 0.771959
v 0.287175 1.172587 0.769288
v 0.353285 1.157373 0.765305
v 0.418678 1.139043 0.759849
v 0.48326 1.117659 0.752753
v 0.546943 1.093279 0.743829
v 0.609648 1.065951 0.732881
v 0.671293 1.035702 0.719727
v 0.731778 1.002527 0.704231
v 0.790983 0.966395 0.686308
v 0.84876 0.927267 0.665899
v 0.904949 0.885113 0.642901
v 0.959391 0.839931 0.617099
v 1.011939 0.79175 0.588105
v 1.062445 0.740606 0.555376
v 1.110721 0.68652 0.51832
v 1.156485 0.62947 0.476497
v 1.199298 0.569409 0.429871
v 1.238567 0.506299 0.37903
v 1.273594 0.44019 0.3253
v 1.303713 0.371273 0.270642
v 1.32843 0.299907 0.217322
v 1.347519 0.226578 0.167384
v 1.361025 0.151822 0.122057
v 1.369158 0.076148 0.081262
v 1.372155 0.0 0.04339
v 1.370143 -0.076241 0.005464
v 1.363028 -0.152206 -0.030348
v 1.350419 -0.227453 -0.071667
v 1.331624 -0.301374 -0.121676
v 1.305768 -0.373116 -0.181132
v 1.272117 -0.441615 -0.248828
v 1.230517 -0.505785 -0.321667
v 1.181769 -0.564849 -0.395251
v 1.127658 -0.618658 -0.464851
v 1.070547 -0.667799 -0.526462
v 1.012679 -0.713382 -0.57761
v 0.955535 -0.756584 -0.617703
v 0.899532 -0.798165 -0.647917
v 0.844173 -0.838191 -0.670708
v 0.788485 -0.876068 -0.689119
v 0.73153 -0.910816 -0.706016
v 0.672773 -0.941472 -0.723437
v 0.612216 -0.967437 -0.742216
v 0.550328 -0.98869 -0.762001
v 0.487816 -1.005778 -0.781637
v 0.425344 -1.019576 -0.799778
v 0.363312 -1.030882 -0.815499
v 0.301789 -1.040012 -0.828717
v 0.240618 -1.04657 -0.840274
v 0.179649 -1.049535 -0.851684
v 0.11895 -1.047653 -0.864567
v 0.058899 -1.039996 -0.879969
v 8.7e-05 -1.026545 -0.897764
v -0.056948 -1.008588 -0.916391
v -0.112095 -0.988773 -0.933039
v -0.165981 -0.970678 -0.944199
v -0.220054 -0.957887 -0.94638
v -0.2763 -0.952816 -0.936765
v -0.336618 -0.955724 -0.913739
v -0.402075 -0.964372 -0.87733
v -0.472389 -0.974561 -0.82955
v -0.545901 -0.981365 -0.77443
v -0.620084 -0.980545 -0.717485
v -0.692309 -0.969528 -0.664571
v -0.760517 -0.947651 -0.620435
v -0.823551 -0.915777 -0.587505
v -0.881186 -0.875673 -0.565346
v -0.934008 -0.829459 -0.550921
v -0.983216 -0.779183 -0.539498
v -1.030327 -0.726485 -0.525854
v -1.076706 -0.672323 -0.505421
v -1.123062 -0.616852 -0.475132
v -1.169095 -0.559562 -0.433856
v -1.213531 -0.49964 -0.382404
v -1.254523 -0.436404 -0.323164
v -1.29024 -0.369605 -0.259427
v -1.319357 -0.2995 -0.19459
v -1.341252 -0.226714 -0.131425
v -1.355906 -0.152035 -0.071645
v -1.363647 -0.076237 -0.01583
v -1.364891 -0.0 0.04339
v -1.359998 0.076094 0.102229
v -1.349236 0.151532 0.158443
v -1.332837 0.225848 0.212553
v -1.311073 0.298615 0.264576
v -1.284308 0.369469 0.314124
v -1.252989 0.438127 0.360654
v -1.217592 0.504382 0.403739
v -1.178541 0.568085 0.443275
v -1.136159 0.629102 0.479532
v -1.090657 0.687279 0.513072
v -1.04218 0.742434 0.544554
v -0.990871 0.794377 0.574527
v -0.93693 0.842952 0.603258
v -0.880647 0.888085 0.630675
v -0.822382 0.929805 0.656414
v -0.762526 0.968246 0.679956
v -0.701435 1.003603 0.700802
v -0.639381 1.036075 0.718615
v -0.576531 1.065802 0.733303
v -0.512956 1.092835 0.745023
v -0.448673 1.117133 0.754113
v -0.383681 1.138585 0.760995
v -0.318 1.157056 0.76608
v -0.251683 1.172413 0.769705
v -0.184816 1.184546 0.772126
v -0.117509 1.193359 0.773545
v -0.049892 1.19875 0.774172
v -0.190464 0.306894 1.443176
v -0.277938 0.24324 1.475902
v -0.396758 0.228004 1.506374
v -0.501536 0.267006 1.522952
v -0.552253 0.345348 1.519305
v -0.529536 0.433106 1.496824
v -0.442062 0.49676 1.464098
v -0.323242 0.511996 1.433626
v -0.218464 0.472994 1.417048
v -0.167747 0.394652 1.420695
v -0.178474 0.501387 1.476695
v -0.123566 0.409623 1.46852
v -0.294565 0.549886 1.517568
v -0.427495 0.536596 1.575528
v -0.526491 0.466591 1.628434
v -0.553738 0.366613 1.65608
v -0.49883 0.274848 1.647905
v -0.38274 0.226349 1.607031
v -0.249809 0.23964 1.549072
v -0.150814 0.309644 1.496165
v -0.130769 0.516081 1.494995
v -0.084219 0.409041 1.462685
v -0.237423 0.577924 1.583155
v -0.363444 0.570949 1.69349
v -0.460695 0.497819 1.783857
v -0.492031 0.386467 1.819737
v -0.445481 0.279427 1.787427
v -0.338827 0.217584 1.699267
v -0.212806 0.224559 1.588932
v -0.115555 0.297689 1.498565
v -0.069354 0.527445 1.508591
v -0.036021 0.407471 1.456476
v -0.157103 0.598485 1.636826
v -0.26575 0.593456 1.7922
v -0.353797 0.514279 1.915365
v -0.387612 0.391196 1.959276
v -0.354279 0.271222 1.907161
v -0.26653 0.200182 1.778926
v -0.157883 0.205211 1.623552
v -0.069836 0.284388 1.500387
v 0.012855 0.534734 1.520993
v 0.032618 0.403448 1.45366
v -0.055028 0.611989 1.68093
v -0.145103 0.605705 1.872383
v -0.222963 0.518283 2.022222
v -0.258868 0.383114 2.073215
v -0.239105 0.251829 2.005882
v -0.171222 0.174573 1.845945
v -0.081147 0.180857 1.654492
v -0.003287 0.26828 1.504653
v 0.116859 0.536527 1.530212
v 0.12417 0.394754 1.450635
v 0.06665 0.618521 1.71629
v -0.007279 0.609416 1.937796
v -0.076689 0.512691 2.11012
v -0.115068 0.36529 2.167441
v -0.107757 0.223517 2.087865
v -0.057548 0.141523 1.901786
v 0.01638 0.150628 1.68028
v 0.08579 0.247353 1.507956
v 0.231078 0.516956 1.561948
v 0.22744 0.378523 1.479764
v 0.199091 0.59543 1.752562
v 0.143698 0.58397 1.978797
v 0.086058 0.486953 2.15424
v 0.048185 0.341437 2.211877
v 0.044547 0.203005 2.129692
v 0.076534 0.124531 1.939079
v 0.131927 0.135991 1.712843
v 0.189567 0.233008 1.537401
v 0.35951 0.483028 1.602604
v 0.34803 0.354525 1.52314
v 0.341865 0.554447 1.786087
v 0.301836 0.541503 2.003504
v 0.254712 0.44914 2.171808
v 0.218493 0.312638 2.226714
v 0.207014 0.184135 2.147249
v 0.224658 0.112716 1.963766
v 0.264687 0.12566 1.74635
v 0.311811 0.218023 1.578045
v 0.501927 0.442556 1.638267
v 0.484992 0.323766 1.562296
v 0.494253 0.507372 1.813256
v 0.464901 0.493456 2.020424
v 0.425083 0.406124 2.180639
v 0.390008 0.278734 2.232704
v 0.373073 0.159944 2.156733
v 0.380747 0.095128 1.981744
v 0.410099 0.109044 1.774576
v 0.449917 0.196376 1.614361
v 0.653461 0.395979 1.669297
v 0.632747 0.286711 1.597236
v 0.652658 0.45461 1.835087
v 0.630645 0.44021 2.03128
v 0.59583 0.358278 2.182937
v 0.561511 0.24011 2.232129
v 0.540797 0.130842 2.160068
v 0.5416 0.072211 1.994278
v 0.563613 0.086612 1.798085
v 0.598428 0.168543 1.646428
v 0.809762 0.343749 1.696454
v 0.786475 0.243853 1.628532
v 0.813565 0.396565 1.852673
v 0.79643 0.382125 2.037518
v 0.764903 0.305945 2.180384
v 0.731025 0.197124 2.226703
v 0.707738 0.097227 2.15878
v 0.703935 0.044412 2.002562
v 0.72107 0.058852 1.817717
v 0.752597 0.135031 1.67485
v 0.965116 0.282422 1.72941
v 0.940939 0.194756 1.668224
v 0.971665 0.328258 1.870058
v 0.958084 0.314755 2.036447
v 0.929561 0.247071 2.165021
v 0.896991 0.151059 2.206669
v 0.872814 0.063393 2.145483
v 0.866265 0.017558 2.004834
v 0.879846 0.031061 1.838446
v 0.908369 0.098744 1.709872
v 1.1137 0.208628 1.777925
v 1.091381 0.138901 1.728506
v 1.120999 0.24492 1.891279
v 1.110489 0.233914 2.025273
v 1.086184 0.179815 2.128724
v 1.057369 0.103286 2.162119
v 1.03505 0.033559 2.1127
v 1.027751 -0.002732 1.999346
v 1.038261 0.008274 1.865352
v 1.062566 0.062373 1.761901
v 1.254508 0.130773 1.825649
v 1.235307 0.078673 1.788058
v 1.261132 0.157929 1.911638
v 1.25265 0.14977 2.013181
v 1.232301 0.109411 2.091492
v 1.207857 0.052269 2.116658
v 1.188656 0.00017 2.079068
v 1.182032 -0.026987 1.993079
v 1.190514 -0.018828 1.891536
v 1.210864 0.021531 1.813225
v 1.383007 0.049627 1.873693
v 1.368181 0.014782 1.847974
v 1.387971 0.067985 1.932274
v 1.381176 0.062845 2.001342
v 1.365219 0.036169 2.054513
v 1.346194 -0.001852 2.07148
v 1.331368 -0.036697 2.04576
v 1.326404 -0.055055 1.987179
v 1.333199 -0.049915 1.918112
v 1.349156 -0.023239 1.86494
v 1.494286 -0.033726 1.923126
v 1.485252 -0.051852 1.909339
v 1.497019 -0.023918 1.954267
v 1.492409 -0.026173 1.990868
v 1.482216 -0.03963 2.018947
v 1.470334 -0.059149 2.02778
v 1.4613 -0.077275 2.013993
v 1.458567 -0.087083 1.982852
v 1.463177 -0.084828 1.946252
v 1.47337 -0.071371 1.918172
v 1.582337 -0.117227 1.974751
v 1.580999 -0.119644 1.973081
v 1.582783 -0.115869 1.978426
v 1.582166 -0.116089 1.982702
v 1.580721 -0.117802 1.985946
v 1.579001 -0.120356 1.986919
v 1.577663 -0.122773 1.985249
v 1.577217 -0.124131 1.981574
v 1.577834 -0.123911 1.977298
v 1.579279 -0.122198 1.974054
v -0.031795 0.073069 1.436071
v -0.125241 0.010223 1.445701
v -0.235784 -0.014511 1.49517
v -0.3212 0.008314 1.565582
v -0.348862 0.069979 1.630042
v -0.308205 0.146931 1.663929
v -0.214759 0.209777 1.654299
v -0.104216 0.234511 1.60483
v -0.0188 0.211686 1.534418
v 0.008862 0.150021 1.469958
v 0.060819 0.162868 1.613696
v 0.091186 0.095805 1.535496
v -0.03517 0.181795 1.703971
v -0.160116 0.145358 1.771838
v -0.266295 0.067473 1.791375
v -0.313149 -0.022109 1.755119
v -0.282782 -0.089172 1.676919
v -0.186793 -0.108099 1.586644
v -0.061847 -0.071661 1.518777
v 0.044332 0.006223 1.49924
v 0.145249 0.128693 1.665138
v 0.173019 0.060111 1.568866
v 0.04939 0.135623 1.7845
v -0.077941 0.078254 1.881358
v -0.18811 -0.021502 1.918717
v -0.239035 -0.125541 1.882306
v -0.211264 -0.194123 1.786033
v -0.115406 -0.201053 1.666672
v 0.011926 -0.143684 1.569814
v 0.122094 -0.043928 1.532455
v 0.23918 0.099464 1.703306
v 0.26181 0.029885 1.589311
v 0.148702 0.093293 1.85108
v 0.024933 0.013731 1.97619
v -0.08485 -0.108834 2.030848
v -0.138714 -0.227585 1.994175
v -0.116085 -0.297164 1.880181
v -0.025606 -0.290994 1.732406
v 0.098163 -0.211431 1.607296
v 0.207946 -0.088866 1.552639
v 0.342639 0.073557 1.730637
v 0.358345 0.00305 1.599749
v 0.261109 0.054197 1.905088
v 0.144898 -0.047636 2.056468
v 0.038395 -0.193045 2.126955
v -0.01772 -0.326488 2.089626
v -0.002014 -0.396995 1.958738
v 0.079516 -0.377634 1.784287
v 0.195727 -0.275801 1.632907
v 0.30223 -0.130393 1.56242
v 0.455391 0.050072 1.74838
v 0.463038 -0.021511 1.60153
v 0.384918 0.017931 1.947539
v 0.278539 -0.105658 2.122935
v 0.176886 -0.273488 2.207573
v 0.118788 -0.421453 2.169124
v 0.126436 -0.493036 2.022274
v 0.196908 -0.460895 1.823116
v 0.303287 -0.337306 1.647719
v 0.40494 -0.169476 1.563081
v 0.562688 0.001287 1.771352
v 0.561624 -0.065181 1.623765
v 0.509624 -0.039038 1.973642
v 0.422699 -0.170753 2.15337
v 0.335116 -0.343547 2.241884
v 0.280329 -0.49142 2.205375
v 0.279265 -0.557889 2.057789
v 0.332329 -0.517564 1.855498
v 0.419254 -0.385849 1.675771
v 0.506837 -0.213054 1.587257
v 0.674629 -0.06108 1.793612
v 0.666333 -0.120155 1.653455
v 0.638426 -0.105616 1.987135
v 0.571554 -0.236751 2.160104
v 0.499553 -0.404397 2.246451
v 0.449927 -0.544518 2.213195
v 0.441631 -0.603593 2.073038
v 0.477833 -0.559057 1.879516
v 0.544706 -0.427921 1.706547
v 0.616707 -0.260276 1.620199
v 0.795992 -0.123102 1.808031
v 0.782048 -0.175579 1.675973
v 0.773269 -0.170183 1.991451
v 0.72256 -0.29884 2.156174
v 0.663234 -0.45993 2.239281
v 0.617952 -0.591921 2.209027
v 0.604008 -0.644398 2.076969
v 0.626731 -0.597317 1.893549
v 0.67744 -0.46866 1.728826
v 0.736766 -0.30757 1.645719
v 0.923556 -0.184297 1.814751
v 0.905262 -0.230751 1.691207
v 0.911545 -0.232725 1.987282
v 0.873815 -0.357538 2.142901
v 0.824779 -0.511061 2.222165
v 0.783166 -0.634654 2.194799
v 0.764871 -0.681108 2.071255
v 0.776883 -0.63268 1.898723
v 0.814612 -0.507867 1.743105
v 0.863649 -0.354344 1.663841
v 1.054225 -0.244379 1.814208
v 1.032623 -0.285226 1.699439
v 1.050683 -0.293284 1.975399
v 1.023351 -0.413263 2.121442
v 0.982668 -0.558486 2.196554
v 0.944174 -0.673485 2.172045
v 0.922572 -0.714332 2.057276
v 0.926114 -0.665426 1.896085
v 0.953446 -0.545448 1.750042
v 0.994129 -0.400224 1.67493
v 1.183048 -0.311526 1.812033
v 1.159732 -0.346135 1.709998
v 1.18617 -0.358026 1.955929
v 1.167907 -0.467872 2.086722
v 1.135233 -0.599108 2.154454
v 1.100629 -0.701605 2.133254
v 1.077313 -0.736213 2.031219
v 1.074191 -0.689713 1.887323
v 1.092455 -0.579867 1.75653
v 1.125129 -0.448632 1.688798
v 1.306048 -0.39427 1.81386
v 1.283827 -0.421175 1.732166
v 1.313425 -0.433114 1.929053
v 1.303141 -0.522872 2.033746
v 1.279124 -0.629258 2.087949
v 1.250548 -0.711637 2.070959
v 1.228327 -0.738543 1.989265
v 1.22095 -0.699699 1.874072
v 1.231234 -0.609941 1.769379
v 1.255251 -0.503555 1.715176
v 1.424518 -0.475988 1.810398
v 1.404907 -0.495636 1.748947
v 1.433636 -0.50643 1.897083
v 1.428778 -0.575334 1.97589
v 1.411799 -0.656383 2.016719
v 1.389185 -0.718617 2.003973
v 1.369574 -0.738265 1.942522
v 1.360456 -0.707823 1.855837
v 1.365314 -0.638919 1.77703
v 1.382293 -0.55787 1.736201
v 1.535336 -0.556611 1.802523
v 1.519871 -0.569446 1.761115
v 1.543943 -0.577993 1.861006
v 1.542405 -0.625425 1.914226
v 1.53131 -0.680788 1.941855
v 1.514894 -0.722937 1.933339
v 1.49943 -0.735772 1.89193
v 1.490822 -0.71439 1.833447
v 1.49236 -0.666958 1.780227
v 1.503456 -0.611594 1.752598
v 1.635374 -0.636081 1.7912
v 1.625787 -0.642618 1.769482
v 1.641314 -0.647757 1.821922
v 1.641338 -0.673185 1.849912
v 1.635436 -0.702654 1.864479
v 1.625864 -0.724906 1.860059
v 1.616277 -0.731443 1.838341
v 1.610337 -0.719768 1.807619
v 1.610313 -0.694339 1.779629
v 1.616214 -0.664871 1.765062
v 1.721317 -0.714249 1.777572
v 1.719919 -0.715265 1.774845
v 1.722212 -0.715429 1.781226
v 1.722262 -0.718355 1.784412
v 1.721448 -0.72191 1.785913
v 1.720081 -0.724735 1.785155
v 1.718683 -0.725751 1.782428
v 1.717788 -0.724571 1.778774
v 1.717738 -0.721645 1.775588
v 1.718552 -0.71809 1.774087
v -0.160844 -0.381441 1.424132
v -0.260984 -0.430333 1.405261
v -0.383666 -0.437081 1.418757
v -0.48203 -0.399108 1.459465
v -0.518504 -0.330918 1.511837
v -0.479156 -0.258559 1.555868
v -0.379016 -0.209667 1.574739
v -0.256334 -0.202919 1.561243
v -0.15797 -0.240892 1.520535
v -0.121496 -0.309082 1.468163
v -0.12454 -0.280824 1.599026
v -0.084442 -0.354139 1.53275
v -0.234567 -0.244508 1.655644
v -0.372496 -0.259064 1.680978
v -0.485642 -0.318931 1.66535
v -0.530788 -0.401242 1.614731
v -0.490689 -0.474557 1.548454
v -0.380662 -0.510872 1.491836
v -0.242734 -0.496317 1.466503
v -0.129588 -0.43645 1.482131
v -0.080414 -0.313623 1.652774
v -0.041568 -0.385149 1.564712
v -0.19513 -0.289578 1.737955
v -0.341898 -0.322198 1.787721
v -0.464657 -0.399024 1.783061
v -0.516518 -0.490711 1.725757
v -0.477672 -0.562237 1.637695
v -0.362956 -0.586282 1.552513
v -0.216188 -0.553661 1.502748
v -0.093429 -0.476835 1.507407
v -0.027275 -0.345047 1.694473
v 0.006408 -0.412473 1.584678
v -0.14065 -0.336893 1.808249
v -0.290411 -0.391123 1.882545
v -0.419355 -0.487025 1.888985
v -0.478229 -0.587967 1.825107
v -0.444546 -0.655392 1.715312
v -0.331171 -0.663547 1.601537
v -0.18141 -0.609316 1.52724
v -0.052467 -0.513415 1.520801
v 0.034265 -0.37629 1.726721
v 0.05962 -0.438379 1.596547
v -0.072873 -0.385924 1.866981
v -0.22087 -0.463601 1.963752
v -0.353196 -0.57965 1.98007
v -0.419308 -0.689746 1.909703
v -0.393952 -0.751835 1.779529
v -0.286815 -0.742201 1.639269
v -0.138817 -0.664524 1.542498
v -0.006491 -0.548475 1.52618
v 0.104179 -0.408247 1.750848
v 0.119039 -0.464587 1.602162
v 0.006567 -0.436211 1.914619
v -0.136512 -0.537799 2.03092
v -0.270407 -0.674207 2.055329
v -0.343975 -0.793333 1.978521
v -0.329115 -0.849673 1.829836
v -0.231504 -0.821709 1.666065
v -0.088425 -0.720121 1.549763
v 0.045471 -0.583713 1.525355
v 0.164206 -0.462507 1.770466
v 0.167214 -0.508396 1.61945
v 0.084951 -0.505199 1.939238
v -0.040278 -0.620164 2.061301
v -0.163647 -0.763491 2.090032
v -0.238035 -0.880432 2.014456
v -0.235026 -0.926321 1.863441
v -0.155771 -0.883629 1.694668
v -0.030543 -0.768664 1.572605
v 0.092827 -0.625338 1.543874
v 0.225638 -0.530513 1.784677
v 0.218478 -0.565631 1.640581
v 0.165598 -0.583023 1.947371
v 0.06129 -0.703105 2.066521
v -0.047442 -0.84489 2.096614
v -0.119068 -0.954223 2.026157
v -0.126229 -0.989341 1.882062
v -0.066189 -0.93683 1.719367
v 0.038119 -0.816749 1.600218
v 0.146852 -0.674963 1.570124
v 0.296361 -0.600905 1.791232
v 0.281082 -0.627208 1.655486
v 0.252394 -0.660199 1.945605
v 0.165973 -0.782441 2.059642
v 0.070109 -0.92094 2.089782
v 0.001418 -1.022792 2.024514
v -0.013861 -1.049095 1.888768
v 0.030106 -0.989801 1.734395
v 0.116527 -0.867559 1.620358
v 0.212391 -0.72906 1.590218
v 0.374361 -0.672508 1.789672
v 0.352726 -0.691504 1.663164
v 0.343758 -0.736256 1.934356
v 0.272606 -0.8584 2.04195
v 0.188083 -0.992283 2.071358
v 0.122474 -1.086768 2.011348
v 0.10084 -1.105764 1.88484
v 0.131443 -1.042015 1.740156
v 0.202594 -0.919872 1.632562
v 0.287117 -0.785988 1.603153
v 0.457584 -0.744291 1.779868
v 0.431072 -0.757143 1.663152
v 0.438086 -0.810714 1.914033
v 0.380026 -0.931041 2.014398
v 0.305581 -1.05931 2.042629
v 0.243186 -1.146529 1.987942
v 0.216674 -1.159381 1.871225
v 0.236172 -1.092958 1.737061
v 0.294232 -0.972631 1.636695
v 0.368677 -0.844361 1.608465
v 0.540105 -0.822898 1.764147
v 0.510851 -0.830504 1.66129
v 0.530439 -0.887753 1.882716
v 0.485545 -1.000297 1.971708
v 0.422571 -1.11754 1.997132
v 0.36557 -1.194701 1.949276
v 0.336316 -1.202307 1.84642
v 0.345982 -1.137452 1.727851
v 0.390876 -1.024909 1.638858
v 0.45385 -0.907665 1.613434
v 0.617045 -0.915633 1.744737
v 0.588751 -0.919171 1.663167
v 0.615612 -0.971417 1.838583
v 0.584999 -1.065214 1.908858
v 0.5369 -1.161197 1.92872
v 0.489687 -1.222704 1.890583
v 0.461393 -1.226242 1.809013
v 0.462826 -1.170458 1.715167
v 0.493438 -1.076661 1.644892
v 0.541537 -0.980678 1.62503
v 0.694665 -1.006851 1.717267
v 0.669539 -1.007614 1.656659
v 0.698349 -1.05173 1.786839
v 0.679183 -1.125108 1.838799
v 0.644488 -1.198958 1.853301
v 0.607516 -1.245071 1.824806
v 0.58239 -1.245834 1.764198
v 0.578707 -1.200956 1.694626
v 0.597873 -1.127577 1.642666
v 0.632568 -1.053728 1.628163
v 0.770993 -1.095787 1.681995
v 0.751234 -1.094994 1.641774
v 0.776818 -1.128105 1.728049
v 0.766483 -1.179604 1.762344
v 0.743936 -1.230612 1.771782
v 0.717789 -1.261647 1.752757
v 0.69803 -1.260854 1.712536
v 0.692206 -1.228536 1.666483
v 0.702541 -1.177037 1.632187
v 0.725088 -1.126029 1.622749
v 0.844158 -1.181756 1.639204
v 0.832077 -1.180623 1.61847
v 0.84913 -1.199931 1.662872
v 0.845092 -1.228206 1.680433
v 0.833588 -1.25578 1.68518
v 0.819012 -1.272121 1.675299
v 0.806931 -1.270988 1.654565
v 0.801959 -1.252813 1.630898
v 0.805997 -1.224538 1.613337
v 0.817501 -1.196964 1.60859
v 0.912435 -1.264166 1.589141
v 0.910686 -1.264018 1.586431
v 0.913254 -1.266542 1.592179
v 0.91283 -1.270239 1.594385
v 0.911325 -1.273845 1.594916
v 0.909314 -1.275982 1.593569
v 0.907565 -1.275834 1.590859
v 0.906746 -1.273458 1.587821
v 0.90717 -1.269761 1.585615
v 0.908675 -1.266155 1.585084
v -0.553742 0.173851 1.306413
v -0.62521 0.159607 1.220018
v -0.702327 0.202808 1.133616
v -0.755637 0.286952 1.08021
v -0.764777 0.379901 1.080198
v -0.726258 0.446149 1.133587
v -0.65479 0.460393 1.219982
v -0.577673 0.417192 1.306384
v -0.524363 0.333048 1.35979
v -0.515223 0.240099 1.359802
v -0.594587 0.332734 1.437508
v -0.581369 0.228209 1.431671
v -0.6536 0.42578 1.384259
v -0.735867 0.471807 1.292262
v -0.809965 0.453235 1.196658
v -0.847591 0.377157 1.133964
v -0.834373 0.272632 1.128126
v -0.77536 0.179586 1.181376
v -0.693093 0.133559 1.273373
v -0.618995 0.152131 1.368977
v -0.667318 0.320068 1.511565
v -0.642894 0.206195 1.494591
v -0.736477 0.420629 1.461769
v -0.823953 0.469466 1.364223
v -0.896334 0.447926 1.256186
v -0.925973 0.364235 1.178925
v -0.901549 0.250362 1.16195
v -0.83239 0.149801 1.211746
v -0.744914 0.100964 1.309293
v -0.672533 0.122504 1.41733
v -0.738799 0.295738 1.578754
v -0.700496 0.175093 1.549536
v -0.819675 0.402234 1.533031
v -0.912232 0.453902 1.42983
v -0.981116 0.431008 1.308571
v -1.000017 0.342295 1.215571
v -0.961714 0.22165 1.186353
v -0.880838 0.115154 1.232077
v -0.788281 0.063486 1.335278
v -0.719397 0.08638 1.456536
v -0.808687 0.260587 1.638981
v -0.75466 0.135897 1.597265
v -0.902308 0.371385 1.597412
v -0.999762 0.425971 1.488436
v -1.063825 0.403495 1.353678
v -1.070028 0.312541 1.24461
v -1.016 0.187851 1.202894
v -0.92238 0.077052 1.244463
v -0.824926 0.022466 1.353439
v -0.760863 0.044943 1.488197
v -0.876445 0.215965 1.692221
v -0.805841 0.089581 1.638498
v -0.9832 0.329715 1.654433
v -1.08533 0.387383 1.539567
v -1.143825 0.36694 1.391499
v -1.136342 0.276196 1.266785
v -1.065738 0.149811 1.213062
v -0.958983 0.036061 1.25085
v -0.856852 -0.021606 1.365716
v -0.798357 -0.001163 1.513784
v -0.945574 0.159123 1.719736
v -0.865303 0.04333 1.661636
v -1.056907 0.266008 1.685654
v -1.156776 0.323158 1.572407
v -1.207035 0.308744 1.423252
v -1.188486 0.228271 1.295161
v -1.108215 0.112478 1.237061
v -0.996882 0.005594 1.271143
v -0.897013 -0.051556 1.38439
v -0.846754 -0.037142 1.533545
v -1.011543 0.096402 1.730657
v -0.927829 -0.004774 1.673419
v -1.121462 0.192863 1.699387
v -1.215602 0.247762 1.591553
v -1.258002 0.240132 1.448344
v -1.232469 0.172885 1.324462
v -1.148755 0.071708 1.267224
v -1.038835 -0.024752 1.298494
v -0.944696 -0.079652 1.406328
v -0.902295 -0.072021 1.549536
v -1.072614 0.031994 1.735536
v -0.988296 -0.056676 1.680664
v -1.17933 0.119425 1.706171
v -1.267681 0.172221 1.603785
v -1.303919 0.170216 1.467486
v -1.274204 0.114176 1.349336
v -1.189886 0.025506 1.294464
v -1.08317 -0.061925 1.323829
v -0.994819 -0.114721 1.426215
v -0.958581 -0.112716 1.562514
v -1.129669 -0.032921 1.735616
v -1.047055 -0.111227 1.684079
v -1.231734 0.046877 1.707588
v -1.314265 0.097686 1.610699
v -1.345738 0.100099 1.481959
v -1.314131 0.053195 1.370541
v -1.231518 -0.025112 1.319003
v -1.129453 -0.104909 1.347031
v -1.046922 -0.155719 1.44392
v -1.015449 -0.158132 1.572661
v -1.183556 -0.097354 1.732015
v -1.104481 -0.167283 1.68439
v -1.279827 -0.023907 1.704999
v -1.356521 0.025003 1.613661
v -1.384344 0.030695 1.492888
v -1.352668 -0.009006 1.388813
v -1.273592 -0.078935 1.341188
v -1.177321 -0.152382 1.368204
v -1.100627 -0.201292 1.459543
v -1.072804 -0.206984 1.580315
v -1.236961 -0.159612 1.719018
v -1.165458 -0.220717 1.676897
v -1.323218 -0.093894 1.694138
v -1.391282 -0.048666 1.611761
v -1.415156 -0.041204 1.503352
v -1.385719 -0.074356 1.41032
v -1.314216 -0.135461 1.368199
v -1.227959 -0.201179 1.393079
v -1.159894 -0.246407 1.475456
v -1.136021 -0.25387 1.583865
v -1.292202 -0.217692 1.690779
v -1.234589 -0.267035 1.656871
v -1.361209 -0.163918 1.670556
v -1.415251 -0.126255 1.603927
v -1.433687 -0.119087 1.516342
v -1.409474 -0.145153 1.441254
v -1.35186 -0.194496 1.407346
v -1.282853 -0.248269 1.427569
v -1.228811 -0.285933 1.494198
v -1.210376 -0.293101 1.581783
v -1.346115 -0.272401 1.661567
v -1.303053 -0.310777 1.635928
v -1.397651 -0.230327 1.646003
v -1.437974 -0.200624 1.595181
v -1.451684 -0.194639 1.528513
v -1.433543 -0.214658 1.471465
v -1.390481 -0.253033 1.445825
v -1.338946 -0.295108 1.461389
v -1.298622 -0.32481 1.512211
v -1.284912 -0.330795 1.578879
v -1.399513 -0.323192 1.63219
v -1.371097 -0.350639 1.614822
v -1.433761 -0.293116 1.621312
v -1.460762 -0.271899 1.586343
v -1.470201 -0.267645 1.540641
v -1.458473 -0.281978 1.501662
v -1.430058 -0.309425 1.484295
v -1.395809 -0.339501 1.495173
v -1.368809 -0.360718 1.530141
v -1.35937 -0.364973 1.575843
v -1.453244 -0.369533 1.603427
v -1.438881 -0.385277 1.594288
v -1.470909 -0.352352 1.59729
v -1.485128 -0.340295 1.57822
v -1.490469 -0.337968 1.553502
v -1.484893 -0.346261 1.532577
v -1.47053 -0.362005 1.523438
v -1.452865 -0.379187 1.529576
v -1.438647 -0.391243 1.548645
v -1.433305 -0.39357 1.573363
v -1.508321 -0.410922 1.576086
v -1.506341 -0.413236 1.575014
v -1.510943 -0.408256 1.574833
v -1.513205 -0.406257 1.571735
v -1.514242 -0.405687 1.567973
v -1.513659 -0.406764 1.564986
v -1.511679 -0.409078 1.563914
v -1.509057 -0.411744 1.565167
v -1.506795 -0.413743 1.568265
v -1.505758 -0.414313 1.572027
v -0.985133 0.222543 0.9424
v -0.983624 0.265585 0.870442
v -1.009281 0.328787 0.821657
v -1.047076 0.375126 0.824622
v -1.074867 0.377457 0.8776
v -1.076376 0.334415 0.949558
v -1.050719 0.271213 0.998343
v -1.012924 0.224874 0.995378
v -1.139805 0.194621 0.976156
v -1.0938 0.139321 0.974991
v -1.171893 0.272119 0.913865
v -1.171267 0.32642 0.824607
v -1.138295 0.325713 0.760668
v -1.09229 0.270414 0.759504
v -1.060202 0.192915 0.821795
v -1.060827 0.138615 0.911053
v -1.220913 0.118137 0.955135
v -1.164941 0.055447 0.956679
v -1.261245 0.208359 0.878417
v -1.26231 0.273264 0.771466
v -1.223485 0.27483 0.696932
v -1.167513 0.212141 0.698476
v -1.127181 0.121919 0.775194
v -1.126116 0.057014 0.882145
v -1.293375 0.042547 0.936402
v -1.22651 -0.026435 0.941213
v -1.343344 0.143994 0.844458
v -1.347145 0.21848 0.71924
v -1.302552 0.222372 0.634099
v -1.235687 0.15339 0.63891
v -1.185718 0.051943 0.730855
v -1.181917 -0.022543 0.856073
v -1.356863 -0.031524 0.920926
v -1.278075 -0.105378 0.929642
v -1.41818 0.079021 0.812735
v -1.426107 0.161501 0.668445
v -1.375999 0.1676 0.57258
v -1.297211 0.093746 0.581296
v -1.235894 -0.016799 0.689487
v -1.227967 -0.099279 0.833777
v -1.406175 -0.090115 0.873995
v -1.330957 -0.152811 0.884383
v -1.467095 0.004673 0.772169
v -1.478029 0.076028 0.638552
v -1.432573 0.082151 0.551416
v -1.357355 0.019456 0.561803
v -1.296435 -0.075333 0.663629
v -1.285501 -0.146688 0.797246
v -1.447347 -0.147191 0.831392
v -1.376246 -0.19873 0.843156
v -1.507554 -0.06874 0.736071
v -1.521599 -0.009333 0.61303
v -1.481254 -0.00377 0.534344
v -1.410153 -0.055309 0.546108
v -1.349946 -0.13376 0.641429
v -1.335901 -0.193167 0.76447
v -1.480678 -0.202633 0.793648
v -1.414338 -0.243077 0.80638
v -1.539607 -0.14105 0.705201
v -1.556605 -0.094401 0.592848
v -1.521715 -0.090013 0.522405
v -1.455375 -0.130457 0.535136
v -1.396446 -0.192041 0.623584
v -1.379448 -0.238689 0.735937
v -1.506554 -0.256436 0.761198
v -1.445754 -0.285988 0.774342
v -1.563297 -0.212049 0.680312
v -1.582745 -0.178828 0.579067
v -1.553505 -0.176234 0.516769
v -1.492706 -0.205786 0.529913
v -1.435962 -0.250173 0.610799
v -1.416514 -0.283394 0.712044
v -1.526057 -0.306908 0.722328
v -1.477605 -0.323906 0.733151
v -1.573066 -0.282843 0.659161
v -1.591095 -0.265808 0.58065
v -1.569583 -0.265781 0.532787
v -1.52113 -0.282779 0.543609
v -1.474121 -0.306844 0.606777
v -1.456092 -0.32388 0.685287
v -1.539944 -0.359381 0.68916
v -1.505401 -0.366569 0.696718
v -1.574493 -0.351172 0.645401
v -1.58881 -0.346752 0.591075
v -1.574507 -0.348709 0.558004
v -1.539963 -0.355897 0.565562
v -1.505414 -0.364106 0.609321
v -1.491098 -0.368526 0.663647
v -1.548303 -0.415992 0.66273
v -1.529004 -0.417191 0.666468
v -1.56786 -0.416786 0.639504
v -1.57622 -0.419106 0.610395
v -1.568485 -0.421594 0.592456
v -1.549186 -0.422792 0.596194
v -1.529628 -0.421999 0.61942
v -1.521268 -0.419679 0.648528
v -1.550471 -0.479121 0.645001
v -1.547147 -0.479153 0.64521
v -1.553518 -0.479603 0.641862
v -1.554505 -0.480318 0.637632
v -1.552853 -0.480847 0.63479
v -1.549529 -0.480879 0.634999
v -1.546482 -0.480397 0.638138
v -1.545495 -0.479682 0.642368
v 1.009281 0.328787 0.821657
v 0.983624 0.265585 0.870442
v 0.985133 0.222543 0.9424
v 1.012924 0.224874 0.995378
v 1.050719 0.271213 0.998343
v 1.076376 0.334415 0.949558
v 1.074867 0.377457 0.8776
v 1.047076 0.375126 0.824622
v 1.171267 0.32642 0.824607
v 1.138295 0.325713 0.760668
v 1.171893 0.272119 0.913865
v 1.139805 0.194621 0.976156
v 1.0938 0.139321 0.974991
v 1.060827 0.138615 0.911053
v 1.060202 0.192915 0.821795
v 1.09229 0.270414 0.759504
v 1.26231 0.273264 0.771466
v 1.223485 0.27483 0.696932
v 1.261245 0.208359 0.878417
v 1.220913 0.118137 0.955135
v 1.164941 0.055447 0.956679
v 1.126116 0.057014 0.882145
v 1.127181 0.121919 0.775194
v 1.167513 0.212141 0.698476
v 1.347145 0.21848 0.71924
v 1.302552 0.222372 0.634099
v 1.343344 0.143994 0.844458
v 1.293375 0.042547 0.936402
v 1.22651 -0.026435 0.941213
v 1.181917 -0.022543 0.856073
v 1.185718 0.051943 0.730855
v 1.235687 0.15339 0.63891
v 1.426107 0.161501 0.668445
v 1.375999 0.1676 0.57258
v 1.41818 0.079021 0.812735
v 1.356863 -0.031524 0.920926
v 1.278075 -0.105378 0.929642
v 1.227967 -0.099279 0.833777
v 1.235894 -0.016799 0.689487
v 1.297211 0.093746 0.581296
v 1.478029 0.076028 0.638552
v 1.432573 0.082151 0.551416
v 1.467095 0.004673 0.772169
v 1.406175 -0.090115 0.873995
v 1.330957 -0.152811 0.884383
v 1.285501 -0.146688 0.797246
v 1.296435 -0.075333 0.663629
v 1.357355 0.019456 0.561803
v 1.521599 -0.009333 0.61303
v 1.481254 -0.00377 0.534344
v 1.507554 -0.06874 0.736071
v 1.447347 -0.147191 0.831392
v 1.376246 -0.19873 0.843156
v 1.335901 -0.193167 0.76447
v 1.349946 -0.13376 0.641429
v 1.410153 -0.055309 0.546108
v 1.556605 -0.094401 0.592848
v 1.521715 -0.090013 0.522405
v 1.539607 -0.14105 0.705201
v 1.480678 -0.202633 0.793648
v 1.414338 -0.243077 0.80638
v 1.379448 -0.238689 0.735937
v 1.396446 -0.192041 0.623584
v 1.455375 -0.130457 0.535136
v 1.582745 -0.178828 0.579067
v 1.553505 -0.176234 0.516769
v 1.563297 -0.212049 0.680312
v 1.506554 -0.256436 0.761198
v 1.445754 -0.285988 0.774342
v 1.416514 -0.283394 0.712044
v 1.435962 -0.250173 0.610799
v 1.492706 -0.205786 0.529913
v 1.591095 -0.265808 0.58065
v 1.569583 -0.265781 0.532787
v 1.573066 -0.282843 0.659161
v 1.526057 -0.306908 0.722328
v 1.477605 -0.323906 0.733151
v 1.456092 -0.32388 0.685287
v 1.474121 -0.306844 0.606777
v 1.52113 -0.282779 0.543609
v 1.58881 -0.346752 0.591075
v 1.574507 -0.348709 0.558004
v 1.574493 -0.351172 0.645401
v 1.539944 -0.359381 0.68916
v 1.505401 -0.366569 0.696718
v 1.491098 -0.368526 0.663647
v 1.505414 -0.364106 0.609321
v 1.539963 -0.355897 0.565562
v 1.57622 -0.419106 0.610395
v 1.568485 -0.421594 0.592456
v 1.56786 -0.416786 0.639504
v 1.548303 -0.415992 0.66273
v 1.529004 -0.417191 0.666468
v 1.521268 -0.419679 0.648528
v 1.529628 -0.421999 0.61942
v 1.549186 -0.422792 0.596194
v 1.554505 -0.480318 0.637632
v 1.552853 -0.480847 0.63479
v 1.553518 -0.479603 0.641862
v 1.550471 -0.479121 0.645001
v 1.547147 -0.479153 0.64521
v 1.545495 -0.479682 0.642368
v 1.546482 -0.480397 0.638138
v 1.549529 -0.480879 0.634999
v 0.0 1.290378 0.745
v 0.126479 1.284164 0.745
v 0.138089 1.402039 0.485097
v 0.0 1.408823 0.485097
v 0.25174 1.265584 0.745
v 0.274848 1.381753 0.485097
v 0.374577 1.234815 0.745
v 0.40896 1.348159 0.485097
v 0.493806 1.192154 0.745
v 0.539133 1.301582 0.485097
v 0.60828 1.138012 0.745
v 0.664114 1.242471 0.485097
v 0.716896 1.07291 0.745
v 0.7827 1.171393 0.485097
v 0.818607 0.997476 0.745
v 0.893748 1.089035 0.485097
v 0.912435 0.912435 0.745
v 0.996188 0.996188 0.485097
v 0.997476 0.818607 0.745
v 1.089035 0.893748 0.485097
v 1.07291 0.716896 0.745
v 1.171393 0.7827 0.485097
v 1.138012 0.60828 0.745
v 1.242471 0.664114 0.485097
v 1.192154 0.493806 0.745
v 1.301582 0.539133 0.485097
v 1.234815 0.374577 0.745
v 1.348159 0.40896 0.485097
v 1.265584 0.25174 0.745
v 1.381753 0.274848 0.485097
v 1.284164 0.126479 0.745
v 1.402039 0.138089 0.485097
v 1.290378 0.0 0.745
v 1.408823 0.0 0.485097
v 1.284164 -0.126479 0.745
v 1.402039 -0.138089 0.485097
v 1.265584 -0.25174 0.745
v 1.381753 -0.274848 0.485097
v 1.234815 -0.374577 0.745
v 1.348159 -0.40896 0.485097
v 1.192154 -0.493806 0.745
v 1.301582 -0.539133 0.485097
v 1.138012 -0.60828 0.745
v 1.242471 -0.664114 0.485097
v 1.07291 -0.716896 0.745
v 1.171393 -0.7827 0.485097
v 0.997476 -0.818607 0.745
v 1.089035 -0.893748 0.485097
v 0.912435 -0.912435 0.745
v 0.996188 -0.996188 0.485097
v 0.818607 -0.997476 0.745
v 0.893748 -1.089035 0.485097
v 0.716896 -1.07291 0.745
v 0.7827 -1.171393 0.485097
v 0.60828 -1.138012 0.745
v 0.664114 -1.242471 0.485097
v 0.493806 -1.192154 0.745
v 0.539133 -1.301582 0.485097
v 0.374577 -1.234815 0.745
v 0.40896 -1.348159 0.485097
v 0.25174 -1.265584 0.745
v 0.274848 -1.381753 0.485097
v 0.126479 -1.284164 0.745
v 0.138089 -1.402039 0.485097
v 0.0 -1.290378 0.745
v 0.0 -1.408823 0.485097
v -0.126479 -1.284164 0.745
v -0.138089 -1.402039 0.485097
v -0.25174 -1.265584 0.745
v -0.274848 -1.381753 0.485097
v -0.374577 -1.234815 0.745
v -0.40896 -1.348159 0.485097
v -0.493806 -1.192154 0.745
v -0.539133 -1.301582 0.485097
v -0.60828 -1.138012 0.745
v -0.664114 -1.242471 0.485097
v -0.716896 -1.07291 0.745
v -0.7827 -1.171393 0.485097
v -0.818607 -0.997476 0.745
v -0.893748 -1.089035 0.485097
v -0.912435 -0.912435 0.745
v -0.996188 -0.996188 0.485097
v -0.997476 -0.818607 0.745
v -1.089035 -0.893748 0.485097
v -1.07291 -0.716896 0.745
v -1.171393 -0.7827 0.485097
v -1.138012 -0.60828 0.745
v -1.242471 -0.664114 0.485097
v -1.192154 -0.493806 0.745
v -1.301582 -0.539133 0.485097
v -1.234815 -0.374577 0.745
v -1.348159 -0.40896 0.485097
v -1.265584 -0.25174 0.745
v -1.381753 -0.274848 0.485097
v -1.284164 -0.126479 0.745
v -1.402039 -0.138089 0.485097
v -1.290378 -0.0 0.745
v -1.408823 -0.0 0.485097
v -1.284164 0.126479 0.745
v -1.402039 0.138089 0.485097
v -1.265584 0.25174 0.745
v -1.381753 0.274848 0.485097
v -1.234815 0.374577 0.745
v -1.348159 0.40896 0.485097
v -1.192154 0.493806 0.745
v -1.301582 0.539133 0.485097
v -1.138012 0.60828 0.745
v -1.242471 0.664114 0.485097
v -1.07291 0.716896 0.745
v -1.171393 0.7827 0.485097
v -0.997476 0.818607 0.745
v -1.089035 0.893748 0.485097
v -0.912435 0.912435 0.745
v -0.996188 0.996188 0.485097
v -0.818607 0.997476 0.745
v -0.893748 1.089035 0.485097
v -0.716896 1.07291 0.745
v -0.7827 1.171393 0.485097
v -0.60828 1.138012 0.745
v -0.664114 1.242471 0.485097
v -0.493806 1.192154 0.745
v -0.539133 1.301582 0.485097
v -0.374577 1.234815 0.745
v -0.40896 1.348159 0.485097
v -0.25174 1.265584 0.745
v -0.274848 1.381753 0.485097
v -0.126479 1.284164 0.745
v -0.138089 1.402039 0.485097
v 0.226974 1.287235 0.724533
v 0.407919 1.334244 0.53557
v 0.048692 1.394358 0.53557
v 0.653546 1.131976 0.724533
v 0.839657 1.114263 0.53557
v 0.522654 1.293614 0.53557
v 1.001291 0.840183 0.724533
v 1.17012 0.759885 0.53557
v 0.933576 1.036842 0.53557
v 1.228266 0.447052 0.724533
v 1.359449 0.313853 0.53557
v 1.231895 0.65501 0.53557
v 1.307093 0.0 0.724533
v 1.384808 -0.170033 0.53557
v 1.38163 0.194175 0.53557
v 1.228266 -0.447052 0.724533
v 1.243139 -0.633411 0.53557
v 1.364719 -0.29008 0.53557
v 1.001291 -0.840183 0.724533
v 0.95153 -1.02039 0.53557
v 1.183203 -0.739348 0.53557
v 0.653546 -1.131976 0.724533
v 0.545151 -1.284296 0.53557
v 0.858976 -1.099439 0.53557
v 0.226974 -1.287235 0.724533
v 0.07302 -1.393296 0.53557
v 0.431143 -1.326922 0.53557
v -0.226974 -1.287235 0.724533
v -0.407919 -1.334244 0.53557
v -0.048692 -1.394358 0.53557
v -0.653546 -1.131976 0.724533
v -0.839657 -1.114263 0.53557
v -0.522654 -1.293614 0.53557
v -1.001291 -0.840183 0.724533
v -1.17012 -0.759885 0.53557
v -0.933576 -1.036842 0.53557
v -1.228266 -0.447052 0.724533
v -1.359449 -0.313853 0.53557
v -1.231895 -0.65501 0.53557
v -1.307093 -0.0 0.724533
v -1.384808 0.170033 0.53557
v -1.38163 -0.194175 0.53557
v -1.228266 0.447052 0.724533
v -1.243139 0.633411 0.53557
v -1.364719 0.29008 0.53557
v -1.001291 0.840183 0.724533
v -0.95153 1.02039 0.53557
v -1.183203 0.739348 0.53557
v -0.653546 1.131976 0.724533
v -0.545151 1.284296 0.53557
v -0.858976 1.099439 0.53557
v -0.226974 1.287235 0.724533
v -0.07302 1.393296 0.53557
v -0.431143 1.326922 0.53557
v -0.515198 0.650505 1.445707
v -0.525137 0.638457 1.389313
v -0.517835 0.638457 1.321723
v -0.496081 0.650505 1.268753
v -0.468185 0.67 1.250636
v -0.444802 0.689495 1.274293
v -0.434863 0.701543 1.330687
v -0.442165 0.701543 1.398277
v -0.463919 0.689495 1.451247
v -0.491815 0.67 1.469364
v -0.544602 0.809585 1.462985
v -0.581126 0.785226 1.485113
v -0.513914 0.821224 1.398225
v -0.500783 0.815699 1.315567
v -0.510225 0.795119 1.246585
v -0.538634 0.767346 1.217628
v -0.575158 0.742988 1.239755
v -0.605846 0.731349 1.304516
v -0.618977 0.736874 1.387173
v -0.609534 0.757454 1.456155
v -0.629179 0.926126 1.448821
v -0.675459 0.898438 1.474622
v -0.584092 0.930304 1.374884
v -0.557421 0.909377 1.281052
v -0.559352 0.871338 1.203166
v -0.589147 0.830716 1.170976
v -0.635427 0.803029 1.196777
v -0.680514 0.798851 1.270714
v -0.707186 0.819778 1.364545
v -0.705255 0.857817 1.442431
v -0.712494 1.031789 1.407929
v -0.769295 1.001548 1.436515
v -0.649837 1.025504 1.329215
v -0.605255 0.985093 1.230438
v -0.595779 0.925993 1.149328
v -0.625027 0.870777 1.116867
v -0.681828 0.840536 1.145453
v -0.744486 0.846821 1.224167
v -0.789067 0.887232 1.322944
v -0.798543 0.946332 1.404054
v -0.792175 1.124137 1.341019
v -0.860131 1.091794 1.371095
v -0.709769 1.106135 1.262981
v -0.644389 1.044664 1.166788
v -0.621008 0.963204 1.089184
v -0.648557 0.892871 1.059809
v -0.716513 0.860528 1.089885
v -0.798919 0.87853 1.167923
v -0.864299 0.940001 1.264115
v -0.88768 1.02146 1.34172
v -0.861457 1.190727 1.245038
v -0.936101 1.158392 1.273356
v -0.764768 1.163341 1.177166
v -0.682966 1.086695 1.095666
v -0.647297 0.990066 1.031668
v -0.671384 0.910362 1.009618
v -0.746028 0.878027 1.037936
v -0.842717 0.905413 1.105808
v -0.924519 0.982058 1.187308
v -0.960189 1.078688 1.251305
v -0.910752 1.21808 1.126072
v -0.981994 1.189208 1.148682
v -0.814489 1.187941 1.077156
v -0.729976 1.110302 1.020618
v -0.689492 1.01482 0.978053
v -0.708502 0.937964 0.96572
v -0.779744 0.909092 0.98833
v -0.876006 0.939231 1.037246
v -0.96052 1.01687 1.093785
v -1.001003 1.112352 1.136349
v -0.946318 1.228062 1.005335
v -1.013432 1.201825 1.022684
v -0.853395 1.198222 0.97258
v -0.770156 1.123702 0.93693
v -0.728397 1.032967 0.912001
v -0.744068 0.960675 0.907316
v -0.811182 0.934438 0.924665
v -0.904105 0.964278 0.95742
v -0.987344 1.038798 0.99307
v -1.029103 1.129533 1.017999
v -0.969722 1.224316 0.885347
v -1.032133 1.200149 0.898013
v -0.882261 1.196668 0.865783
v -0.803156 1.127763 0.846794
v -0.762625 1.043922 0.835633
v -0.776147 0.977169 0.836564
v -0.838558 0.953001 0.849231
v -0.926019 0.98065 0.868795
v -1.005123 1.049555 0.887784
v -1.045655 1.133396 0.898944
v -0.982226 1.209747 0.767763
v -1.0395 1.187284 0.776322
v -0.901684 1.185364 0.758711
v -0.828638 1.123448 0.752624
v -0.790988 1.04765 0.751826
v -0.803117 0.986921 0.756622
v -0.860391 0.964458 0.765181
v -0.940933 0.988841 0.774233
v -1.013979 1.050757 0.780321
v -1.051628 1.126556 0.781119
v -0.981595 1.17932 0.654796
v -1.029768 1.160086 0.659379
v -0.91377 1.159804 0.654093
v -0.8522 1.108993 0.65754
v -0.820403 1.046295 0.66382
v -0.830524 0.995658 0.670533
v -0.878697 0.976424 0.675117
v -0.946522 0.995939 0.675819
v -1.008092 1.04675 0.672373
v -1.039889 1.109448 0.666093
v -0.969869 1.138796 0.549364
v -1.006856 1.123593 0.550722
v -0.917861 1.124763 0.554035
v -0.870697 1.086855 0.562949
v -0.846392 1.039551 0.572702
v -0.85423 1.000919 0.579569
v -0.891217 0.985716 0.580927
v -0.943225 0.999748 0.576257
v -0.990389 1.037656 0.567343
v -1.014694 1.084961 0.557589
v -0.949101 1.093629 0.453099
v -0.974741 1.082522 0.452354
v -0.913259 1.084841 0.460088
v -0.880905 1.059516 0.470652
v -0.864396 1.027326 0.480755
v -0.87004 1.000568 0.486538
v -0.89568 0.989462 0.485793
v -0.931522 0.998249 0.478804
v -0.963877 1.023575 0.46824
v -0.980385 1.055764 0.458137
v -0.919747 1.045499 0.368058
v -0.93404 1.038718 0.366545
v -0.900042 1.041406 0.374232
v -0.882453 1.028002 0.38271
v -0.873697 1.010407 0.390253
v -0.877119 0.995342 0.39398
v -0.891412 0.98856 0.392467
v -0.911117 0.992654 0.386292
v -0.928706 1.006058 0.377814
v -0.937462 1.023653 0.370272
v -0.882504 0.996289 0.297084
v -0.885812 0.994376 0.296674
v -0.878239 0.9958 0.298608
v -0.874647 0.993095 0.300664
v -0.873099 0.989208 0.302466
v -0.874188 0.985624 0.303326
v -0.877496 0.983711 0.302916
v -0.881761 0.9842 0.301392
v -0.885353 0.986905 0.299336
v -0.886901 0.990792 0.297534
v -0.236936 0.687592 1.459918
v -0.257168 0.679924 1.405548
v -0.259384 0.679924 1.3376
v -0.242737 0.687592 1.282028
v -0.213585 0.7 1.260058
v -0.183064 0.712408 1.280082
v -0.162832 0.720076 1.334452
v -0.160616 0.720076 1.4024
v -0.177263 0.712408 1.457972
v -0.206415 0.7 1.479942
v -0.225397 0.854306 1.478518
v -0.264265 0.841087 1.505172
v -0.201864 0.859654 1.411105
v -0.202654 0.85509 1.328683
v -0.227465 0.842357 1.262735
v -0.266821 0.826318 1.23845
v -0.305689 0.8131 1.265105
v -0.329222 0.807751 1.332517
v -0.328432 0.812315 1.414939
v -0.303621 0.825048 1.480887
v -0.260549 0.98992 1.481095
v -0.311012 0.981504 1.511212
v -0.226971 0.983957 1.403555
v -0.223102 0.965892 1.308208
v -0.250421 0.942625 1.231476
v -0.298493 0.923044 1.202665
v -0.348955 0.914628 1.232782
v -0.382534 0.920591 1.310323
v -0.386402 0.938656 1.405669
v -0.359083 0.961923 1.482402
v -0.282038 1.117199 1.465251
v -0.344462 1.11727 1.496475
v -0.237687 1.093827 1.381244
v -0.228351 1.056081 1.276544
v -0.257594 1.018379 1.191141
v -0.314248 0.995121 1.157657
v -0.376672 0.995192 1.188882
v -0.421023 1.018563 1.272888
v -0.430359 1.056309 1.377589
v -0.401116 1.094012 1.462991
v -0.290323 1.236345 1.430447
v -0.36427 1.247946 1.459351
v -0.235763 1.190215 1.345558
v -0.22143 1.127176 1.237109
v -0.252799 1.071307 1.146524
v -0.317888 1.043949 1.108404
v -0.391835 1.05555 1.137308
v -0.446394 1.10168 1.222197
v -0.460727 1.164719 1.330646
v -0.429358 1.220588 1.421231
v -0.288991 1.338583 1.368114
v -0.368133 1.361788 1.389591
v -0.229963 1.270851 1.293522
v -0.213597 1.184465 1.194306
v -0.246142 1.11242 1.108363
v -0.315169 1.082235 1.068521
v -0.394311 1.105441 1.089998
v -0.453338 1.173172 1.16459
v -0.469705 1.259559 1.263806
v -0.43716 1.331604 1.349749
v -0.282386 1.409534 1.275792
v -0.355211 1.439004 1.286531
v -0.228817 1.332447 1.222462
v -0.214965 1.237186 1.14691
v -0.246122 1.160138 1.077995
v -0.310386 1.130734 1.04204
v -0.383211 1.160203 1.052779
v -0.436781 1.237291 1.10611
v -0.450632 1.332552 1.181662
v -0.419476 1.409599 1.250577
v -0.266302 1.461205 1.176801
v -0.332219 1.493364 1.178474
v -0.219464 1.38084 1.14245
v -0.209595 1.282965 1.088543
v -0.240464 1.204966 1.03567
v -0.300281 1.176636 1.004026
v -0.366198 1.208795 1.005699
v -0.413036 1.28916 1.04005
v -0.422905 1.387035 1.093957
v -0.392036 1.465034 1.14683
v -0.243696 1.495115 1.074322
v -0.302738 1.527278 1.069139
v -0.203766 1.416264 1.05556
v -0.1982 1.320844 1.020019
v -0.229124 1.245303 0.981275
v -0.284726 1.218494 0.954126
v -0.343768 1.250658 0.948943
v -0.383698 1.329509 0.967705
v -0.389264 1.424928 1.003246
v -0.35834 1.50047 1.04199
v -0.217127 1.513229 0.970496
v -0.269669 1.543651 0.960638
v -0.183624 1.439178 0.963785
v -0.181957 1.349784 0.943068
v -0.212763 1.279193 0.916259
v -0.264275 1.254367 0.893597
v -0.316816 1.284789 0.883739
v -0.350319 1.358839 0.89045
v -0.351986 1.448233 0.911167
v -0.32118 1.518825 0.937976
v -0.19237 1.510866 0.864931
v -0.235422 1.536761 0.85326
v -0.166632 1.447913 0.866846
v -0.168038 1.371949 0.858272
v -0.196051 1.311989 0.842485
v -0.239972 1.290935 0.825515
v -0.283023 1.316831 0.813844
v -0.308762 1.379784 0.81193
v -0.307356 1.455748 0.820503
v -0.279342 1.515708 0.83629
v -0.170087 1.492596 0.761646
v -0.202531 1.512533 0.75063
v -0.151985 1.444122 0.768263
v -0.155139 1.385627 0.767952
v -0.178345 1.339454 0.760833
v -0.212739 1.323239 0.749625
v -0.245183 1.343177 0.738609
v -0.263285 1.39165 0.731993
v -0.260131 1.450145 0.732303
v -0.236924 1.496318 0.739422
v -0.150369 1.463088 0.663349
v -0.172726 1.476886 0.654551
v -0.138762 1.429624 0.671257
v -0.142338 1.389277 0.675255
v -0.159732 1.357458 0.673816
v -0.1843 1.346321 0.66749
v -0.206657 1.360119 0.658692
v -0.218265 1.393583 0.650784
v -0.214688 1.43393 0.646786
v -0.197294 1.465749 0.648225
v -0.134971 1.423686 0.571736
v -0.147616 1.431372 0.566279
v -0.128853 1.405227 0.577962
v -0.131599 1.383045 0.582579
v -0.14216 1.365613 0.583824
v -0.156502 1.35959 0.581221
v -0.169147 1.367276 0.575764
v -0.175265 1.385736 0.569538
v -0.172519 1.407917 0.564921
v -0.161958 1.425349 0.563676
v -0.125738 1.375973 0.489305
v -0.128917 1.377658 0.487955
v -0.124186 1.372006 0.490921
v -0.124855 1.367274 0.492185
v -0.12749 1.363582 0.492614
v -0.131083 1.362342 0.492045
v -0.134262 1.364027 0.490695
v -0.135814 1.367994 0.489079
v -0.135145 1.372726 0.487815
v -0.13251 1.376418 0.487386
v 0.093073 0.669813 1.308424
v 0.115922 0.657336 1.36083
v 0.12505 0.657336 1.428198
v 0.116971 0.669813 1.484796
v 0.09477 0.69 1.509004
v 0.066927 0.710187 1.491576
v 0.044078 0.722664 1.43917
v 0.03495 0.722664 1.371802
v 0.043029 0.710187 1.315204
v 0.06523 0.69 1.290996
v 0.123197 0.830858 1.278206
v 0.150051 0.802474 1.247298
v 0.115789 0.850811 1.350764
v 0.130657 0.854713 1.437258
v 0.162121 0.841072 1.50465
v 0.198163 0.815099 1.527199
v 0.225017 0.786715 1.496291
v 0.232425 0.766761 1.423733
v 0.217558 0.76286 1.337239
v 0.186094 0.776501 1.269847
v 0.192342 0.925019 1.227536
v 0.220165 0.884241 1.191556
v 0.191687 0.959548 1.313579
v 0.218451 0.974639 1.416818
v 0.26241 0.964528 1.49782
v 0.306774 0.933077 1.525645
v 0.334597 0.892299 1.489665
v 0.335252 0.85777 1.403622
v 0.308488 0.842679 1.300383
v 0.264529 0.85279 1.219381
v 0.251926 0.997271 1.166246
v 0.2781 0.942046 1.127517
v 0.262424 1.049949 1.262027
v 0.305584 1.079958 1.378274
v 0.364919 1.075836 1.470585
v 0.417767 1.039157 1.5037
v 0.443941 0.983931 1.464971
v 0.433443 0.931253 1.36919
v 0.390284 0.901245 1.252944
v 0.330948 0.905367 1.160633
v 0.301813 1.049812 1.097418
v 0.323822 0.978848 1.059056
v 0.327754 1.122987 1.197814
v 0.391736 1.170421 1.321897
v 0.469321 1.173996 1.42227
v 0.530872 1.132348 1.460594
v 0.552881 1.061383 1.422232
v 0.52694 0.988209 1.321836
v 0.462958 0.940774 1.197754
v 0.385373 0.937199 1.097381
v 0.352583 1.08687 1.034257
v 0.367534 1.00525 1.001953
v 0.394535 1.175275 1.127119
v 0.477366 1.236696 1.24507
v 0.569436 1.247674 1.343057
v 0.635578 1.204014 1.383652
v 0.650529 1.122394 1.351348
v 0.608577 1.033989 1.258486
v 0.525747 0.972567 1.140534
v 0.433676 0.96159 1.042548
v 0.419311 1.115055 0.984538
v 0.426259 1.035283 0.963501
v 0.470077 1.203855 1.055825
v 0.559166 1.267763 1.150132
v 0.652549 1.282369 1.231438
v 0.714557 1.242093 1.268686
v 0.721505 1.162321 1.247648
v 0.67074 1.073521 1.176362
v 0.581651 1.009613 1.082054
v 0.488268 0.995007 1.000749
v 0.484356 1.133426 0.924785
v 0.485391 1.057678 0.913844
v 0.540385 1.218848 0.976393
v 0.632076 1.281314 1.048953
v 0.724406 1.296965 1.114752
v 0.782109 1.259822 1.148656
v 0.783144 1.184074 1.137715
v 0.727115 1.098652 1.086107
v 0.635424 1.036186 1.013547
v 0.543094 1.020535 0.947748
v 0.547331 1.141822 0.855546
v 0.544369 1.071635 0.853043
v 0.605334 1.221169 0.890241
v 0.696221 1.279367 0.943875
v 0.785278 1.294187 0.995963
v 0.838488 1.259969 1.026607
v 0.835526 1.189782 1.024104
v 0.777523 1.110435 0.98941
v 0.686636 1.052237 0.935775
v 0.597579 1.037416 0.883688
v 0.607516 1.140084 0.778003
v 0.602146 1.076394 0.782138
v 0.664747 1.211698 0.798837
v 0.751979 1.263881 0.836681
v 0.835892 1.276701 0.87708
v 0.884435 1.245261 0.904604
v 0.879066 1.181571 0.908739
v 0.821835 1.109957 0.887905
v 0.734603 1.057774 0.850061
v 0.650689 1.044954 0.809662
v 0.672319 1.1289 0.697147
v 0.666003 1.076263 0.705446
v 0.723274 1.187615 0.706531
v 0.799404 1.22998 0.730013
v 0.871631 1.239813 0.758624
v 0.912365 1.213358 0.781435
v 0.906048 1.160721 0.789733
v 0.855093 1.102006 0.780349
v 0.778963 1.059641 0.756867
v 0.706737 1.049808 0.728257
v 0.737377 1.108052 0.611914
v 0.731444 1.068466 0.62166
v 0.77829 1.151718 0.613502
v 0.838555 1.182787 0.625816
v 0.895152 1.18939 0.644154
v 0.926464 1.169005 0.66151
v 0.920531 1.129419 0.671256
v 0.879618 1.085752 0.669669
v 0.819354 1.054684 0.657354
v 0.762756 1.048081 0.639017
v 0.797891 1.077619 0.522426
v 0.793268 1.050722 0.531421
v 0.827173 1.106795 0.519899
v 0.869929 1.127106 0.524804
v 0.909828 1.130793 0.535269
v 0.93163 1.11645 0.547296
v 0.927007 1.089553 0.556291
v 0.897725 1.060377 0.558818
v 0.854969 1.040067 0.553913
v 0.81507 1.036379 0.543448
v 0.85321 1.038197 0.430662
v 0.850552 1.023427 0.436962
v 0.869736 1.053787 0.427285
v 0.893817 1.064244 0.42812
v 0.916255 1.065572 0.432849
v 0.928479 1.057265 0.439664
v 0.92582 1.042496 0.445963
v 0.909295 1.026905 0.44934
v 0.885214 1.016449 0.448505
v 0.862776 1.01512 0.443777
v 0.902835 0.990382 0.338312
v 0.902605 0.986947 0.340022
v 0.905802 0.99367 0.337246
v 0.910372 0.995556 0.337232
v 0.9148 0.995321 0.338276
v 0.917395 0.993053 0.339978
v 0.917165 0.989618 0.341688
v 0.914198 0.98633 0.342754
v 0.909628 0.984444 0.342768
v 0.9052 0.984679 0.341724
vn -3e-06 -0.008253 0.999966
vn 0.000605 0.006656 0.999978
vn 0.000193 0.006668 0.999978
vn 0.001043 0.006635 0.999977
vn 0.001503 0.006611 0.999977
vn 0.001984 0.006587 0.999976
vn 0.002489 0.006563 0.999975
vn 0.003024 0.006541 0.999974
vn 0.003595 0.00652 0.999972
vn 0.004208 0.006497 0.99997
vn 0.004869 0.006471 0.999967
vn 0.005581 0.00644 0.999964
vn 0.006346 0.0064 0.999959
vn 0.007168 0.006344 0.999954
vn 0.008051 0.006262 0.999948
vn 0.009008 0.006142 0.999941
vn 0.010051 0.005965 0.999932
vn 0.011193 0.005718 0.999921
vn 0.012445 0.00539 0.999908
vn 0.013807 0.004977 0.999892
vn 0.015267 0.004489 0.999873
vn 0.0168 0.003942 0.999851
vn 0.018367 0.003356 0.999826
vn 0.019921 0.002745 0.999798
vn 0.021414 0.002109 0.999768
vn 0.022805 0.001426 0.999739
vn 0.024065 0.000647 0.99971
vn 0.025183 -0.000295 0.999683
vn 0.026168 -0.001479 0.999656
vn 0.027048 -0.002977 0.99963
vn 0.027865 -0.004838 0.9996
vn 0.02867 -0.007071 0.999564
vn 0.029509 -0.009639 0.999518
vn 0.03042 -0.012458 0.99946
vn 0.031417 -0.015415 0.999388
vn 0.032483 -0.018387 0.999303
vn 0.03357 -0.021269 0.99921
vn 0.034595 -0.023988 0.999113
vn 0.035452 -0.026517 0.99902
vn 0.036026 -0.02887 0.998934
vn 0.036215 -0.031096 0.99886
vn 0.035944 -0.033258 0.9988
vn 0.035182 -0.03542 0.998753
vn 0.033947 -0.037624 0.998715
vn 0.032306 -0.039882 0.998682
vn 0.030356 -0.042171 0.998649
vn 0.028208 -0.044441 0.998614
vn 0.025957 -0.046629 0.998575
vn 0.023661 -0.048674 0.998534
vn 0.021331 -0.05053 0.998495
vn 0.018932 -0.052175 0.998458
vn 0.016398 -0.053613 0.998427
vn 0.013661 -0.054866 0.9984
vn 0.010676 -0.055969 0.998375
vn 0.007448 -0.056953 0.998349
vn 0.004038 -0.057842 0.998318
vn 0.000563 -0.058635 0.998279
vn -0.002828 -0.059304 0.998236
vn -0.005985 -0.059797 0.998193
vn -0.008791 -0.060036 0.998158
vn -0.011191 -0.059927 0.99814
vn -0.013201 -0.059377 0.998148
vn -0.014902 -0.058306 0.998188
vn -0.016421 -0.056671 0.998258
vn -0.017906 -0.054472 0.998355
vn -0.019487 -0.051765 0.998469
vn -0.021254 -0.04866 0.998589
vn -0.023232 -0.045309 0.998703
vn -0.025381 -0.041887 0.9988
vn -0.027599 -0.03857 0.998875
vn -0.029747 -0.035506 0.998927
vn -0.031683 -0.032785 0.99896
vn -0.033286 -0.030429 0.998983
vn -0.034473 -0.028386 0.999002
vn -0.035206 -0.026555 0.999027
vn -0.035489 -0.024804 0.999062
vn -0.035359 -0.023009 0.99911
vn -0.034875 -0.021078 0.999169
vn -0.034111 -0.018965 0.999238
vn -0.033138 -0.016681 0.999312
vn -0.032023 -0.014282 0.999385
vn -0.030816 -0.011854 0.999455
vn -0.029554 -0.009497 0.999518
vn -0.028261 -0.007296 0.999574
vn -0.026946 -0.005308 0.999623
vn -0.025613 -0.003558 0.999666
vn -0.024261 -0.002035 0.999704
vn -0.022889 -0.000707 0.999738
vn -0.021501 0.000464 0.999769
vn -0.020107 0.001512 0.999797
vn -0.018719 0.002458 0.999822
vn -0.017357 0.003309 0.999844
vn -0.016039 0.004057 0.999863
vn -0.014781 0.004692 0.99988
vn -0.01359 0.005205 0.999894
vn -0.012467 0.005596 0.999907
vn -0.011404 0.005872 0.999918
vn -0.01039 0.006055 0.999928
vn -0.009411 0.006167 0.999937
vn -0.00846 0.006233 0.999945
vn -0.007535 0.006275 0.999952
vn -0.006644 0.006307 0.999958
vn -0.005795 0.006339 0.999963
vn -0.005 0.006374 0.999967
vn -0.00427 0.006411 0.99997
vn -0.003607 0.00645 0.999973
vn -0.003008 0.006488 0.999974
vn -0.002463 0.006525 0.999976
vn -0.001959 0.00656 0.999977
vn -0.001486 0.006593 0.999977
vn -0.001036 0.006624 0.999978
vn -0.000605 0.006649 0.999978
vn -0.000196 0.006665 0.999978
vn -0.004948 0.040082 0.999184
vn -0.005102 0.042118 0.9991
vn -0.003059 0.037399 0.999296
vn 5.7e-05 0.034569 0.999402
vn 0.004029 0.03198 0.99948
vn 0.008552 0.029917 0.999516
vn 0.013354 0.028574 0.999502
vn 0.018163 0.028055 0.999441
vn 0.022703 0.028389 0.999339
vn 0.026671 0.029533 0.999208
vn 0.029706 0.03139 0.999066
vn 0.031356 0.03383 0.998936
vn 0.031545 0.036387 0.99884
vn 0.033816 0.036101 0.998776
vn 0.036731 0.034939 0.998714
vn 0.039739 0.033643 0.998644
vn 0.042857 0.032199 0.998562
vn 0.046101 0.030598 0.998468
vn 0.049486 0.028834 0.998359
vn 0.05301 0.026899 0.998232
vn 0.056651 0.024781 0.998086
vn 0.060357 0.022459 0.997924
vn 0.064047 0.019905 0.997748
vn 0.067617 0.017085 0.997565
vn 0.070954 0.013963 0.997382
vn 0.073961 0.010509 0.997206
vn 0.076577 0.006703 0.997041
vn 0.078798 0.002537 0.996887
vn 0.080682 -0.00199 0.996738
vn 0.082343 -0.006876 0.99658
vn 0.083926 -0.012121 0.996398
vn 0.085565 -0.017722 0.996175
vn 0.087351 -0.023672 0.995896
vn 0.08929 -0.029951 0.995555
vn 0.091294 -0.036521 0.995154
vn 0.093182 -0.043319 0.994706
vn 0.09471 -0.050259 0.994235
vn 0.095618 -0.057234 0.993771
vn 0.095685 -0.064128 0.993344
vn 0.094767 -0.070834 0.992976
vn 0.092825 -0.077276 0.992679
vn 0.089925 -0.083418 0.992449
vn 0.086207 -0.089267 0.99227
vn 0.081852 -0.094858 0.99212
vn 0.077034 -0.10023 0.991978
vn 0.07189 -0.105404 0.991828
vn 0.066498 -0.110363 0.991664
vn 0.060876 -0.115053 0.991492
vn 0.054998 -0.119395 0.991322
vn 0.048823 -0.123308 0.991167
vn 0.042313 -0.126739 0.991033
vn 0.035464 -0.12968 0.990922
vn 0.0283 -0.132174 0.990822
vn 0.020879 -0.134301 0.990721
vn 0.013276 -0.13614 0.990601
vn 0.005577 -0.137736 0.990453
vn -0.002131 -0.139054 0.990282
vn -0.009767 -0.139972 0.990107
vn -0.017249 -0.140284 0.989961
vn -0.024498 -0.139737 0.989886
vn -0.031432 -0.138094 0.98992
vn -0.037973 -0.135193 0.990091
vn -0.044055 -0.130996 0.990404
vn -0.049644 -0.12562 0.990836
vn -0.054754 -0.119318 0.991345
vn -0.059453 -0.112439 0.991878
vn -0.063847 -0.10536 0.992382
vn -0.068051 -0.098415 0.992816
vn -0.072148 -0.091845 0.993156
vn -0.076166 -0.085757 0.9934
vn -0.080058 -0.080126 0.993565
vn -0.08371 -0.074814 0.993678
vn -0.086964 -0.069622 0.993776
vn -0.089643 -0.064348 0.993893
vn -0.091591 -0.058839 0.994057
vn -0.092704 -0.053029 0.994281
vn -0.092954 -0.046937 0.994563
vn -0.092396 -0.040658 0.994892
vn -0.091152 -0.034327 0.995245
vn -0.08938 -0.028088 0.995601
vn -0.087244 -0.022067 0.995943
vn -0.084881 -0.016354 0.996257
vn -0.082383 -0.011002 0.99654
vn -0.079795 -0.006026 0.996793
vn -0.077125 -0.001419 0.99702
vn -0.074362 0.002844 0.997227
vn -0.071494 0.00679 0.997418
vn -0.068522 0.010442 0.997595
vn -0.065466 0.013822 0.997759
vn -0.062362 0.016945 0.99791
vn -0.059248 0.019823 0.998046
vn -0.056159 0.022465 0.998169
vn -0.053116 0.024881 0.998278
vn -0.05012 0.027075 0.998376
vn -0.047163 0.029052 0.998465
vn -0.044228 0.03082 0.998546
vn -0.041302 0.032386 0.998622
vn -0.038379 0.033765 0.998693
vn -0.035465 0.034975 0.998759
vn -0.032579 0.036044 0.998819
vn -0.02974 0.036998 0.998873
vn -0.026966 0.037865 0.998919
vn -0.02427 0.038667 0.998957
vn -0.021652 0.039418 0.998988
vn -0.019104 0.040122 0.999012
vn -0.016611 0.040778 0.99903
vn -0.014156 0.041377 0.999043
vn -0.011722 0.041911 0.999053
vn -0.009297 0.042371 0.999059
vn -0.006874 0.042748 0.999062
vn -0.004452 0.043034 0.999064
vn -0.003247 0.042996 0.99907
vn -0.070873 -0.107686 0.991655
vn -0.065195 -0.083612 0.994363
vn -0.070664 -0.127632 0.989301
vn -0.065403 -0.143598 0.987473
vn -0.056312 -0.155605 0.986213
vn -0.044417 -0.163583 0.985529
vn -0.030614 -0.167383 0.985417
vn -0.015722 -0.166779 0.985869
vn -0.000506 -0.161472 0.986877
vn 0.00724 -0.148761 0.988847
vn 0.017591 -0.135407 0.990634
vn 0.024354 -0.115961 0.992955
vn 0.028976 -0.091511 0.995382
vn 0.033359 -0.064923 0.997333
vn 0.044677 -0.045018 0.997987
vn 0.056956 -0.026091 0.998036
vn 0.068091 -0.007343 0.997652
vn 0.078663 0.008872 0.996862
vn 0.088268 0.02237 0.995846
vn 0.095963 0.033678 0.994815
vn 0.101122 0.042282 0.993975
vn 0.106631 0.042239 0.993401
vn 0.112645 0.03752 0.992927
vn 0.118457 0.032317 0.992433
vn 0.123886 0.026583 0.99194
vn 0.128766 0.020295 0.991467
vn 0.132989 0.013462 0.991026
vn 0.136537 0.006118 0.990616
vn 0.139499 -0.001696 0.990221
vn 0.142056 -0.009948 0.989809
vn 0.144442 -0.018634 0.989338
vn 0.146878 -0.027775 0.988765
vn 0.149507 -0.037411 0.988053
vn 0.15234 -0.047574 0.987182
vn 0.155224 -0.058265 0.98616
vn 0.157861 -0.069431 0.985017
vn 0.159856 -0.080948 0.983816
vn 0.160799 -0.092629 0.982631
vn 0.160351 -0.104244 0.98154
vn 0.158314 -0.115563 0.980603
vn 0.154662 -0.126401 0.979848
vn 0.149529 -0.136656 0.979268
vn 0.14316 -0.146316 0.978824
vn 0.135842 -0.155443 0.97846
vn 0.127837 -0.164127 0.978121
vn 0.119329 -0.172435 0.977766
vn 0.110408 -0.180376 0.977382
vn 0.101081 -0.187887 0.976976
vn 0.091302 -0.194848 0.976575
vn 0.081021 -0.201123 0.97621
vn 0.070218 -0.206611 0.9759
vn 0.058925 -0.211282 0.975647
vn 0.047215 -0.215195 0.975429
vn 0.035185 -0.218474 0.975208
vn 0.022931 -0.221256 0.974946
vn 0.010538 -0.223621 0.974619
vn -0.001928 -0.22553 0.974234
vn -0.014402 -0.226795 0.973836
vn -0.026801 -0.227095 0.973504
vn -0.039005 -0.226033 0.973338
vn -0.05085 -0.22324 0.973436
vn -0.062137 -0.218469 0.973864
vn -0.072666 -0.211681 0.974634
vn -0.082293 -0.203079 0.975698
vn -0.090972 -0.193081 0.976956
vn -0.098777 -0.182244 0.978279
vn -0.105894 -0.171151 0.979537
vn -0.112558 -0.160306 0.980629
vn -0.118987 -0.150037 0.981494
vn -0.125307 -0.140464 0.982124
vn -0.131518 -0.131493 0.982554
vn -0.137484 -0.122875 0.982853
vn -0.142961 -0.114289 0.983107
vn -0.14765 -0.105438 0.983403
vn -0.151262 -0.096128 0.983809
vn -0.153587 -0.086308 0.984359
vn -0.154538 -0.076067 0.985054
vn -0.154172 -0.065592 0.985864
vn -0.152663 -0.055116 0.98674
vn -0.150262 -0.044857 0.987628
vn -0.147232 -0.034987 0.988483
vn -0.1438 -0.025615 0.989275
vn -0.14012 -0.016788 0.989992
vn -0.136266 -0.008507 0.990636
vn -0.132252 -0.000747 0.991216
vn -0.128059 0.006524 0.991745
vn -0.123665 0.013333 0.992235
vn -0.11907 0.019699 0.99269
vn -0.114305 0.02564 0.993115
vn -0.109422 0.031172 0.993507
vn -0.104481 0.036312 0.993864
vn -0.099533 0.041083 0.994186
vn -0.094608 0.045505 0.994474
vn -0.089706 0.04959 0.994733
vn -0.084811 0.053348 0.994968
vn -0.079901 0.056779 0.995184
vn -0.074956 0.059888 0.995387
vn -0.069977 0.062684 0.995577
vn -0.064981 0.065186 0.995755
vn -0.059996 0.067428 0.995919
vn -0.05548 0.068971 0.996075
vn -0.058003 0.062916 0.996332
vn -0.059672 0.051838 0.996871
vn -0.057141 0.038416 0.997627
vn -0.053569 0.022351 0.998314
vn -0.046437 0.005931 0.998904
vn -0.039185 -0.010671 0.999175
vn -0.031824 -0.026655 0.999138
vn -0.023236 -0.040625 0.998904
vn -0.017728 -0.052741 0.998451
vn -0.009282 -0.06158 0.998059
vn -0.015983 -0.06918 0.997476
vn -0.214567 -0.320993 0.922456
vn -0.092409 -0.333347 0.938265
vn -0.199193 -0.345189 0.917151
vn -0.174126 -0.367132 0.913725
vn -0.145382 -0.384691 0.911524
vn -0.113924 -0.398072 0.910253
vn -0.080614 -0.407269 0.909744
vn -0.055513 -0.410573 0.910136
vn -0.028227 -0.41411 0.909789
vn -0.009033 -0.41053 0.911802
vn 0.001109 -0.398896 0.916996
vn 0.010247 -0.385454 0.92267
vn 0.017812 -0.369402 0.929099
vn 0.021473 -0.345627 0.938126
vn 0.027014 -0.318313 0.947601
vn 0.036577 -0.290445 0.956192
vn 0.04516 -0.256655 0.965448
vn 0.053417 -0.217509 0.974595
vn 0.064285 -0.177328 0.98205
vn 0.076666 -0.133439 0.988087
vn 0.090336 -0.08478 0.992296
vn 0.108667 -0.042532 0.993168
vn 0.131806 -0.015844 0.991149
vn 0.154609 0.002116 0.987973
vn 0.173246 0.016305 0.984744
vn 0.185048 0.026255 0.982379
vn 0.191896 0.020305 0.981205
vn 0.196824 0.009664 0.980391
vn 0.200904 -0.001573 0.97961
vn 0.204384 -0.013349 0.9788
vn 0.207587 -0.025658 0.97788
vn 0.210821 -0.038543 0.976765
vn 0.214282 -0.052079 0.975382
vn 0.217981 -0.06634 0.973696
vn 0.221706 -0.081354 0.971714
vn 0.225038 -0.097062 0.969503
vn 0.227434 -0.113299 0.96718
vn 0.228335 -0.129794 0.964892
vn 0.227289 -0.146207 0.962789
vn 0.224044 -0.162193 0.960988
vn 0.218585 -0.17747 0.959544
vn 0.211113 -0.191878 0.958444
vn 0.201972 -0.205394 0.957612
vn 0.191555 -0.218104 0.956942
vn 0.180209 -0.230143 0.956326
vn 0.168173 -0.241622 0.955687
vn 0.155557 -0.252567 0.954993
vn 0.142362 -0.262904 0.954261
vn 0.128529 -0.272471 0.953541
vn 0.114003 -0.281083 0.952888
vn 0.09878 -0.288591 0.952343
vn 0.082919 -0.29495 0.951908
vn 0.066537 -0.300234 0.951542
vn 0.049766 -0.304611 0.951176
vn 0.032727 -0.308271 0.950736
vn 0.015507 -0.311326 0.950177
vn -0.001833 -0.313734 0.949509
vn -0.019234 -0.315248 0.948814
vn -0.036602 -0.315442 0.948239
vn -0.053777 -0.313791 0.947968
vn -0.070517 -0.309804 0.948182
vn -0.086519 -0.303157 0.949005
vn -0.101472 -0.293804 0.950465
vn -0.115136 -0.282017 0.952476
vn -0.127416 -0.26836 0.954855
vn -0.1384 -0.253577 0.957363
vn -0.148344 -0.238448 0.959759
vn -0.157595 -0.223636 0.961847
vn -0.166485 -0.209573 0.963515
vn -0.175226 -0.196399 0.96474
vn -0.183852 -0.183973 0.965584
vn -0.192197 -0.17195 0.966175
vn -0.199934 -0.159897 0.966674
vn -0.206648 -0.147426 0.967245
vn -0.21193 -0.134296 0.968014
vn -0.21547 -0.120465 0.969052
vn -0.217131 -0.106075 0.970362
vn -0.216971 -0.091397 0.97189
vn -0.215221 -0.076746 0.973545
vn -0.212215 -0.062416 0.975228
vn -0.208316 -0.048628 0.976852
vn -0.203835 -0.035512 0.978361
vn -0.198985 -0.023118 0.97973
vn -0.193874 -0.011438 0.98096
vn -0.188519 -0.000439 0.98207
vn -0.182893 0.00992 0.983083
vn -0.176968 0.019667 0.98402
vn -0.170742 0.028819 0.984894
vn -0.164255 0.037392 0.985709
vn -0.157576 0.045404 0.986462
vn -0.150788 0.052881 0.987151
vn -0.143959 0.059854 0.987772
vn -0.137124 0.066353 0.988329
vn -0.130288 0.072398 0.988829
vn -0.123426 0.077998 0.989284
vn -0.11651 0.083153 0.989702
vn -0.109517 0.087861 0.990094
vn -0.103244 0.090714 0.990511
vn -0.108115 0.074008 0.99138
vn -0.107786 0.044224 0.99319
vn -0.099502 0.006538 0.995016
vn -0.099733 -0.043873 0.994046
vn -0.108898 -0.100077 0.989002
vn -0.11598 -0.151864 0.981573
vn -0.114538 -0.195305 0.974031
vn -0.110702 -0.232793 0.966205
vn -0.098751 -0.263112 0.959698
vn -0.087201 -0.28836 0.953543
vn -0.071631 -0.308467 0.948534
vn -0.054515 -0.323461 0.94467
vn -0.039692 -0.334498 0.94156
vn -0.033072 -0.340866 0.93953
vn -0.110152 -0.454801 0.883755
vn -0.007207 -0.484969 0.874502
vn -0.267109 -0.405921 0.874003
vn -0.235271 -0.42123 0.875907
vn -0.185718 -0.440299 0.878433
vn -0.132964 -0.45672 0.879618
vn -0.092997 -0.468646 0.878477
vn -0.055734 -0.480649 0.87514
vn -0.032664 -0.485254 0.873763
vn -0.008816 -0.4918 0.870664
vn 0.00217 -0.493409 0.869794
vn 0.002408 -0.489203 0.872167
vn 0.00046 -0.483342 0.875431
vn 5e-06 -0.477761 0.87849
vn -0.001822 -0.469226 0.883076
vn -0.002026 -0.459143 0.88836
vn -0.002218 -0.445473 0.895293
vn -0.002319 -0.426223 0.904615
vn 0.000442 -0.403356 0.915043
vn 0.007072 -0.377507 0.92598
vn 0.017264 -0.345945 0.938096
vn 0.032104 -0.306891 0.951203
vn 0.053507 -0.264469 0.962909
vn 0.08079 -0.21766 0.972675
vn 0.113726 -0.162151 0.980191
vn 0.152526 -0.097226 0.983505
vn 0.194331 -0.048209 0.979751
vn 0.231243 -0.027219 0.972515
vn 0.256437 -0.015663 0.966434
vn 0.268197 -0.016949 0.963215
vn 0.272215 -0.03293 0.961673
vn 0.276199 -0.049654 0.959817
vn 0.280423 -0.067182 0.957523
vn 0.284893 -0.08562 0.954728
vn 0.289332 -0.105011 0.951451
vn 0.293208 -0.125286 0.947804
vn 0.295834 -0.146229 0.943981
vn 0.296514 -0.167488 0.940227
vn 0.2947 -0.18862 0.936789
vn 0.290097 -0.209177 0.933857
vn 0.28271 -0.228795 0.931519
vn 0.272804 -0.247264 0.929752
vn 0.260818 -0.264551 0.928432
vn 0.24724 -0.280766 0.927385
vn 0.232495 -0.296083 0.926434
vn 0.216876 -0.310647 0.925453
vn 0.200513 -0.324499 0.924389
vn 0.183407 -0.337551 0.923266
vn 0.165493 -0.349609 0.922164
vn 0.146714 -0.360439 0.921173
vn 0.127077 -0.369858 0.920357
vn 0.106671 -0.377806 0.91972
vn 0.085648 -0.38437 0.919198
vn 0.064173 -0.389756 0.91868
vn 0.042388 -0.394196 0.918048
vn 0.020389 -0.397834 0.917231
vn -0.001764 -0.400623 0.916241
vn -0.024013 -0.402269 0.915207
vn -0.046251 -0.40226 0.914356
vn -0.06828 -0.399969 0.913982
vn -0.089796 -0.394806 0.914366
vn -0.110407 -0.38638 0.915708
vn -0.129708 -0.374632 0.918056
vn -0.147376 -0.359886 0.921283
vn -0.163269 -0.342813 0.925107
vn -0.177481 -0.324314 0.929151
vn -0.190326 -0.305338 0.93303
vn -0.202245 -0.286698 0.93643
vn -0.21367 -0.268927 0.939161
vn -0.224892 -0.252199 0.94118
vn -0.23597 -0.23634 0.942582
vn -0.246712 -0.220924 0.943571
vn -0.256717 -0.205422 0.944404
vn -0.265464 -0.189361 0.945342
vn -0.27243 -0.172459 0.946594
vn -0.277218 -0.154675 0.948275
vn -0.27964 -0.136197 0.950395
vn -0.279755 -0.117368 0.95287
vn -0.277837 -0.098584 0.955556
vn -0.274304 -0.080205 0.958292
vn -0.269607 -0.062502 0.96094
vn -0.26414 -0.045631 0.963404
vn -0.258174 -0.029649 0.965643
vn -0.251847 -0.014545 0.967658
vn -0.245186 -0.000276 0.969476
vn -0.238157 0.013201 0.971137
vn -0.230724 0.025917 0.972674
vn -0.222884 0.037888 0.974108
vn -0.214688 0.049127 0.975446
vn -0.206224 0.059655 0.976685
vn -0.197595 0.069506 0.977817
vn -0.188884 0.078719 0.978839
vn -0.18014 0.087333 0.979756
vn -0.171364 0.095375 0.98058
vn -0.16253 0.102855 0.981328
vn -0.153601 0.109769 0.982017
vn -0.148301 0.107595 0.983072
vn -0.155096 0.0703 0.985395
vn -0.172406 -0.007308 0.984999
vn -0.200433 -0.107978 0.973739
vn -0.21504 -0.197748 0.956375
vn -0.215549 -0.271758 0.937916
vn -0.209413 -0.331463 0.919934
vn -0.199047 -0.376245 0.904887
vn -0.185723 -0.409984 0.892984
vn -0.167524 -0.434644 0.884884
vn -0.147102 -0.452205 0.8797
vn -0.125894 -0.465094 0.876264
vn -0.10374 -0.47448 0.874132
vn -0.076817 -0.480685 0.873522
vn -0.054061 -0.484337 0.87321
vn -0.030133 -0.486046 0.873414
vn 0.02935 -0.474683 0.879668
vn -0.00146 -0.474892 0.880043
vn -0.099909 -0.427859 0.898307
vn -0.251333 -0.35568 0.90018
vn -0.195509 -0.368553 0.908815
vn -0.129297 -0.389477 0.911915
vn -0.079564 -0.406978 0.909966
vn -0.037821 -0.422724 0.905469
vn -0.003185 -0.437676 0.899127
vn 0.012992 -0.447798 0.89404
vn 0.018241 -0.456912 0.889325
vn 0.015419 -0.463808 0.885802
vn 0.010228 -0.468648 0.883326
vn 0.004711 -0.472244 0.881455
vn -0.001955 -0.474252 0.880387
vn -0.008202 -0.475662 0.87959
vn -0.014299 -0.475799 0.879438
vn -0.020434 -0.473686 0.880456
vn -0.026058 -0.468756 0.882943
vn -0.030155 -0.461865 0.886437
vn -0.032782 -0.452407 0.891209
vn -0.033509 -0.438917 0.897902
vn -0.032353 -0.41966 0.907105
vn -0.026351 -0.39914 0.916511
vn -0.013011 -0.373051 0.927719
vn 0.011166 -0.33734 0.941317
vn 0.050839 -0.288949 0.955994
vn 0.105694 -0.233951 0.966486
vn 0.170922 -0.167614 0.970923
vn 0.237428 -0.106591 0.965539
vn 0.289982 -0.080852 0.953611
vn 0.3243 -0.079763 0.942585
vn 0.344113 -0.085289 0.935046
vn 0.351695 -0.104927 0.930216
vn 0.356613 -0.128615 0.925357
vn 0.360761 -0.153325 0.919969
vn 0.363326 -0.178793 0.914345
vn 0.363502 -0.204589 0.90885
vn 0.360671 -0.230184 0.903843
vn 0.354517 -0.255045 0.899594
vn 0.345074 -0.278742 0.896229
vn 0.332673 -0.30103 0.893706
vn 0.31783 -0.32187 0.891843
vn 0.301114 -0.341389 0.890384
vn 0.283015 -0.359789 0.889075
vn 0.263867 -0.37724 0.88773
vn 0.243823 -0.393793 0.886271
vn 0.222888 -0.409349 0.884734
vn 0.200994 -0.423687 0.883228
vn 0.178086 -0.436539 0.881884
vn 0.154187 -0.447697 0.880792
vn 0.129408 -0.457087 0.879958
vn 0.103931 -0.464807 0.879291
vn 0.077948 -0.471088 0.878635
vn 0.05162 -0.476196 0.877823
vn 0.025052 -0.480295 0.876749
vn -0.001693 -0.483334 0.875434
vn -0.028552 -0.48499 0.874053
vn -0.055407 -0.484694 0.872927
vn -0.082032 -0.481747 0.872463
vn -0.108075 -0.47549 0.873057
vn -0.133079 -0.465487 0.874992
vn -0.156564 -0.451659 0.878346
vn -0.178136 -0.434353 0.882952
vn -0.19761 -0.414309 0.888425
vn -0.215072 -0.392533 0.894238
vn -0.230872 -0.370103 0.899845
vn -0.245523 -0.347962 0.904788
vn -0.259539 -0.326734 0.908782
vn -0.273274 -0.306638 0.911753
vn -0.286814 -0.287484 0.913833
vn -0.299945 -0.268789 0.915306
vn -0.312203 -0.249944 0.916546
vn -0.322977 -0.230409 0.917931
vn -0.331651 -0.209863 0.919764
vn -0.337744 -0.188267 0.922217
vn -0.341021 -0.165847 0.92531
vn -0.341533 -0.143006 0.928927
vn -0.33959 -0.120209 0.93286
vn -0.335676 -0.09788 0.936879
vn -0.33032 -0.076336 0.940777
vn -0.323991 -0.055761 0.944415
vn -0.317019 -0.036224 0.947727
vn -0.309571 -0.017715 0.950711
vn -0.301683 -0.000186 0.953408
vn -0.29332 0.016407 0.955874
vn -0.284439 0.032096 0.958157
vn -0.27504 0.046893 0.960289
vn -0.265182 0.060811 0.962279
vn -0.254972 0.073873 0.964122
vn -0.244534 0.086117 0.965809
vn -0.23397 0.097593 0.967333
vn -0.223337 0.108347 0.968701
vn -0.21264 0.11841 0.969929
vn -0.201848 0.127795 0.971044
vn -0.190921 0.136475 0.972072
vn -0.202414 0.102798 0.97389
vn -0.249455 -0.00815 0.968352
vn -0.295144 -0.149675 0.943656
vn -0.316962 -0.265953 0.910387
vn -0.319137 -0.345404 0.882523
vn -0.311371 -0.40033 0.861849
vn -0.292784 -0.435992 0.850992
vn -0.269122 -0.457995 0.847239
vn -0.247113 -0.471876 0.846326
vn -0.222203 -0.479825 0.84876
vn -0.192117 -0.483526 0.853987
vn -0.16244 -0.484389 0.85964
vn -0.133228 -0.483506 0.865143
vn -0.100209 -0.481269 0.870826
vn -0.065442 -0.478923 0.875414
vn -0.033666 -0.476557 0.878499
vn 0.037776 -0.371985 0.92747
vn 0.000386 -0.37114 0.928577
vn 0.071815 -0.376074 0.923802
vn -0.052231 -0.3151 0.94762
vn -0.145305 -0.229049 0.962509
vn -0.116978 -0.215132 0.969554
vn -0.044496 -0.244945 0.968515
vn 0.006511 -0.266586 0.963789
vn 0.041258 -0.289931 0.956158
vn 0.050281 -0.309652 0.94952
vn 0.050173 -0.328313 0.943235
vn 0.046915 -0.346206 0.936985
vn 0.042136 -0.363213 0.930753
vn 0.035964 -0.379085 0.924663
vn 0.028411 -0.393028 0.919088
vn 0.020373 -0.405295 0.913959
vn 0.011981 -0.415947 0.90931
vn 0.003287 -0.424621 0.905365
vn -0.006581 -0.430385 0.902622
vn -0.017078 -0.434936 0.9003
vn -0.026992 -0.43908 0.898043
vn -0.036116 -0.441368 0.896599
vn -0.044829 -0.437789 0.897959
vn -0.051212 -0.431626 0.900598
vn -0.055727 -0.424486 0.903718
vn -0.057526 -0.41734 0.906928
vn -0.053125 -0.405276 0.912649
vn -0.038676 -0.386149 0.921625
vn -0.009403 -0.358066 0.933649
vn 0.040116 -0.319177 0.946846
vn 0.108638 -0.275397 0.955172
vn 0.184962 -0.231431 0.955107
vn 0.259398 -0.189891 0.946918
vn 0.319257 -0.173468 0.931656
vn 0.361778 -0.181517 0.914422
vn 0.392694 -0.198786 0.897928
vn 0.414608 -0.21953 0.883123
vn 0.426493 -0.240668 0.871885
vn 0.423323 -0.269676 0.864912
vn 0.41542 -0.298421 0.859285
vn 0.403823 -0.325798 0.854858
vn 0.388919 -0.35154 0.851564
vn 0.371287 -0.375602 0.849158
vn 0.35155 -0.398123 0.847296
vn 0.330244 -0.419321 0.845641
vn 0.307734 -0.439377 0.843948
vn 0.28419 -0.458347 0.842113
vn 0.259624 -0.476125 0.840179
vn 0.233973 -0.492471 0.838289
vn 0.20719 -0.5071 0.836613
vn 0.17931 -0.519784 0.835268
vn 0.150464 -0.530444 0.83426
vn 0.120856 -0.539181 0.833473
vn 0.090697 -0.54624 0.832704
vn 0.060164 -0.551902 0.831736
vn 0.029372 -0.556344 0.830433
vn -0.00161 -0.559517 0.828817
vn -0.032712 -0.561081 0.827114
vn -0.063807 -0.560439 0.825734
vn -0.09465 -0.556857 0.825198
vn -0.124859 -0.549644 0.826015
vn -0.153936 -0.538332 0.828554
vn -0.181347 -0.522824 0.832928
vn -0.206647 -0.503464 0.83894
vn -0.229605 -0.481017 0.846111
vn -0.250289 -0.456542 0.853771
vn -0.269062 -0.4312 0.861204
vn -0.286482 -0.406024 0.867797
vn -0.303118 -0.381723 0.873159
vn -0.319372 -0.358561 0.877175
vn -0.335354 -0.336353 0.880003
vn -0.350836 -0.31458 0.882017
vn -0.365308 -0.292582 0.883711
vn -0.378089 -0.269769 0.885592
vn -0.388488 -0.245789 0.888068
vn -0.395957 -0.220607 0.891376
vn -0.400212 -0.194477 0.89555
vn -0.40129 -0.167849 0.900441
vn -0.399521 -0.141244 0.905778
vn -0.395435 -0.11514 0.911249
vn -0.389626 -0.089898 0.916575
vn -0.382626 -0.065733 0.921562
vn -0.374817 -0.042727 0.926114
vn -0.366396 -0.020878 0.930225
vn -0.357414 -0.000138 0.933946
vn -0.347834 0.019537 0.937353
vn -0.33761 0.038174 0.940512
vn -0.326746 0.055784 0.943465
vn -0.31531 0.072375 0.946225
vn -0.30343 0.087971 0.948784
vn -0.291249 0.102615 0.951128
vn -0.278887 0.116363 0.953248
vn -0.266414 0.12927 0.955151
vn -0.253837 0.141371 0.95686
vn -0.241121 0.152676 0.958411
vn -0.228235 0.163159 0.959838
vn -0.264182 0.106311 0.958596
vn -0.35529 -0.051936 0.933312
vn -0.420539 -0.209756 0.882694
vn -0.439909 -0.309116 0.843165
vn -0.433506 -0.369547 0.821893
vn -0.416999 -0.407621 0.812377
vn -0.390329 -0.428877 0.814683
vn -0.355438 -0.440503 0.824392
vn -0.312128 -0.444509 0.839635
vn -0.273187 -0.440351 0.855255
vn -0.236244 -0.430344 0.871202
vn -0.197457 -0.418305 0.886585
vn -0.158297 -0.405476 0.900295
vn -0.117198 -0.392583 0.912219
vn -0.077453 -0.382058 0.920887
vn -0.035413 -0.374919 0.926381
vn 0.042044 -0.176236 0.98345
vn 0.003362 -0.172053 0.985082
vn 0.080719 -0.189084 0.978638
vn 0.11599 -0.208218 0.971181
vn 0.055967 -0.164496 0.984789
vn 0.009852 -0.079111 0.996817
vn 0.039589 -0.021794 0.998978
vn 0.073467 -0.003716 0.997291
vn 0.09406 -0.033042 0.995018
vn 0.100923 -0.06649 0.99267
vn 0.103893 -0.100429 0.989505
vn 0.104752 -0.133518 0.985495
vn 0.103597 -0.165458 0.980761
vn 0.100563 -0.196007 0.975432
vn 0.095852 -0.224917 0.969652
vn 0.07891 -0.247541 0.965659
vn 0.070136 -0.285675 0.955757
vn 0.060481 -0.310565 0.948626
vn 0.048452 -0.328035 0.943422
vn 0.034787 -0.340858 0.939471
vn 0.021567 -0.354167 0.934933
vn 0.008313 -0.368474 0.929601
vn -0.006174 -0.381712 0.924261
vn -0.021654 -0.391474 0.919934
vn -0.037602 -0.395616 0.917646
vn -0.053623 -0.398072 0.915785
vn -0.068477 -0.402961 0.912652
vn -0.080405 -0.40501 0.91077
vn -0.086509 -0.402963 0.911119
vn -0.083877 -0.396564 0.914167
vn -0.071072 -0.383595 0.920763
vn -0.04783 -0.367333 0.928859
vn -0.011939 -0.348713 0.937154
vn 0.033872 -0.33484 0.941666
vn 0.084573 -0.328765 0.940617
vn 0.140613 -0.318247 0.937521
vn 0.193651 -0.317775 0.92818
vn 0.261726 -0.315957 0.91196
vn 0.329433 -0.326119 0.88607
vn 0.380789 -0.352834 0.854698
vn 0.41733 -0.380438 0.825289
vn 0.43563 -0.398884 0.806919
vn 0.419921 -0.424467 0.802181
vn 0.397364 -0.449633 0.799957
vn 0.373087 -0.473293 0.797997
vn 0.347473 -0.495632 0.795997
vn 0.320704 -0.516704 0.79383
vn 0.292803 -0.536396 0.791547
vn 0.263715 -0.554462 0.78932
vn 0.233405 -0.57061 0.787354
vn 0.20192 -0.584605 0.78579
vn 0.169405 -0.596362 0.784636
vn 0.136078 -0.605982 0.783753
vn 0.102165 -0.61371 0.782893
vn 0.067853 -0.619832 0.781796
vn 0.033268 -0.624528 0.780294
vn -0.001514 -0.62775 0.778414
vn -0.036415 -0.629157 0.776425
vn -0.071299 -0.628151 0.774818
vn -0.105913 -0.623994 0.774219
vn -0.13986 -0.615986 0.775242
vn -0.172621 -0.603648 0.778339
vn -0.203631 -0.586866 0.78366
vn -0.232408 -0.565966 0.790992
vn -0.258683 -0.541701 0.799777
vn -0.282495 -0.515139 0.809214
vn -0.304203 -0.487476 0.81843
vn -0.324377 -0.4598 0.826658
vn -0.34362 -0.432879 0.833391
vn -0.362364 -0.407025 0.838465
vn -0.380734 -0.382072 0.842059
vn -0.398497 -0.357491 0.84463
vn -0.415115 -0.332593 0.846795
vn -0.429861 -0.30676 0.849187
vn -0.441987 -0.279623 0.852325
vn -0.450894 -0.251148 0.856516
vn -0.456257 -0.221608 0.861812
vn -0.458089 -0.191487 0.868036
vn -0.456724 -0.161348 0.874854
vn -0.452717 -0.131713 0.881872
vn -0.446708 -0.102981 0.888734
vn -0.439278 -0.075396 0.895182
vn -0.430851 -0.04906 0.901089
vn -0.421657 -0.02398 0.906438
vn -0.411758 -0.000116 0.911293
vn -0.401121 0.022572 0.915747
vn -0.389703 0.044106 0.919884
vn -0.377508 0.064489 0.923758
vn -0.364619 0.083727 0.927385
vn -0.351179 0.10184 0.930753
vn -0.337354 0.118875 0.933842
vn -0.323282 0.134894 0.936639
vn -0.309045 0.149956 0.939151
vn -0.294654 0.1641 0.941408
vn -0.280074 0.177337 0.943457
vn -0.265251 0.189651 0.945344
vn -0.29255 0.156041 0.943433
vn -0.425659 -0.005212 0.904869
vn -0.528574 -0.165787 0.832541
vn -0.563795 -0.256672 0.785019
vn -0.563363 -0.307642 0.766798
vn -0.542 -0.335769 0.770386
vn -0.508676 -0.348358 0.787334
vn -0.469311 -0.349635 0.810865
vn -0.420447 -0.343432 0.839809
vn -0.353372 -0.330721 0.875073
vn -0.283048 -0.309941 0.907646
vn -0.22604 -0.280641 0.932816
vn -0.175861 -0.248242 0.952601
vn -0.126371 -0.217999 0.967733
vn -0.082141 -0.193478 0.97766
vn -0.038127 -0.177746 0.983338
vn 0.0322 0.116683 0.992647
vn -0.000161 0.128079 0.991764
vn 0.068778 0.089742 0.993587
vn 0.105719 0.050918 0.993092
vn 0.140887 0.005965 0.990008
vn 0.154399 -0.016083 0.987878
vn 0.184123 -0.007954 0.982871
vn 0.172981 0.046693 0.983818
vn 0.14449 0.117953 0.982451
vn 0.187807 0.15445 0.969986
vn 0.177767 0.200671 0.963395
vn 0.183056 0.170309 0.968238
vn 0.190856 0.123757 0.973786
vn 0.196092 0.077771 0.977497
vn 0.198925 0.032768 0.979467
vn 0.188254 0.011197 0.982056
vn 0.182465 -0.021839 0.98297
vn 0.183182 -0.078737 0.979921
vn 0.173385 -0.120336 0.977475
vn 0.161022 -0.152004 0.975175
vn 0.149365 -0.17928 0.972393
vn 0.137759 -0.205493 0.968914
vn 0.124133 -0.231363 0.964916
vn 0.106843 -0.25747 0.960361
vn 0.084443 -0.283605 0.955216
vn 0.057912 -0.306237 0.950192
vn 0.028033 -0.329369 0.943785
vn -0.005402 -0.34883 0.93717
vn -0.039812 -0.365584 0.929926
vn -0.070454 -0.377652 0.923263
vn -0.092894 -0.380621 0.920053
vn -0.106777 -0.379275 0.919102
vn -0.113006 -0.379446 0.918287
vn -0.111849 -0.382089 0.917332
vn -0.106511 -0.379665 0.918972
vn -0.099287 -0.378067 0.920439
vn -0.082387 -0.379571 0.921487
vn -0.058861 -0.384908 0.921076
vn -0.023642 -0.394588 0.918554
vn 0.035425 -0.409646 0.911556
vn 0.124974 -0.426877 0.895632
vn 0.247822 -0.440699 0.862768
vn 0.350084 -0.465413 0.812916
vn 0.396693 -0.499774 0.769974
vn 0.409067 -0.521244 0.748979
vn 0.382626 -0.545361 0.745774
vn 0.352966 -0.568228 0.743325
vn 0.322083 -0.589544 0.740743
vn 0.289934 -0.609066 0.738226
vn 0.256494 -0.626499 0.73601
vn 0.221823 -0.64161 0.734255
vn 0.186077 -0.654313 0.732973
vn 0.149479 -0.664702 0.732002
vn 0.112266 -0.673014 0.73106
vn 0.074632 -0.679528 0.729843
vn 0.03671 -0.684423 0.72816
vn -0.00141 -0.687653 0.726038
vn -0.039645 -0.688885 0.723785
vn -0.077852 -0.687537 0.721964
vn -0.115777 -0.682886 0.721292
vn -0.153019 -0.674244 0.722482
vn -0.189052 -0.661135 0.726058
vn -0.223299 -0.643431 0.732212
vn -0.255252 -0.621432 0.740722
vn -0.284614 -0.59586 0.750963
vn -0.311395 -0.567762 0.762024
vn -0.33593 -0.538327 0.772887
vn -0.358785 -0.508666 0.782644
vn -0.380569 -0.479584 0.790675
vn -0.401728 -0.451432 0.796758
vn -0.422396 -0.424072 0.801089
vn -0.442341 -0.396985 0.8042
vn -0.461008 -0.369477 0.80682
vn -0.477647 -0.340918 0.809709
vn -0.491478 -0.310935 0.813492
vn -0.501863 -0.279496 0.818545
vn -0.508442 -0.246885 0.824945
vn -0.511204 -0.213607 0.832492
vn -0.510468 -0.180254 0.840792
vn -0.506797 -0.147379 0.849374
vn -0.500856 -0.115411 0.857802
vn -0.493258 -0.084622 0.865757
vn -0.484463 -0.055136 0.873073
vn -0.474723 -0.026975 0.879722
vn -0.464118 -0.000111 0.885774
vn -0.452619 0.02549 0.891339
vn -0.440186 0.049839 0.896522
vn -0.42683 0.072933 0.901386
vn -0.412644 0.094768 0.905949
vn -0.397789 0.115364 0.910195
vn -0.38245 0.134766 0.914095
vn -0.366785 0.153039 0.917632
vn -0.350888 0.170247 0.920812
vn -0.334776 0.18643 0.923671
vn -0.318415 0.201596 0.926267
vn -0.301748 0.215729 0.92866
vn -0.29929 0.217212 0.92911
vn -0.41885 0.113676 0.900912
vn -0.586322 -0.052455 0.808378
vn -0.658616 -0.14586 0.738207
vn -0.678973 -0.189981 0.709156
vn -0.671279 -0.207169 0.711664
vn -0.643313 -0.208068 0.736788
vn -0.597063 -0.197185 0.777582
vn -0.541169 -0.174805 0.822544
vn -0.471179 -0.139783 0.870891
vn -0.381182 -0.102086 0.918847
vn -0.266437 -0.058847 0.962054
vn -0.17538 -0.004844 0.984489
vn -0.114681 0.051009 0.992092
vn -0.070285 0.094605 0.993031
vn -0.03383 0.121044 0.992071
vn 0.002526 0.447586 0.894237
vn -0.013081 0.466476 0.884437
vn 0.028494 0.411475 0.910975
vn 0.061711 0.361261 0.930421
vn 0.102275 0.297409 0.949256
vn 0.140345 0.228854 0.963291
vn 0.179786 0.15354 0.971649
vn 0.216546 0.075641 0.973338
vn 0.224365 0.055636 0.972916
vn 0.279608 0.041003 0.959238
vn 0.268421 0.119302 0.955885
vn 0.241411 0.246073 0.938706
vn 0.294029 0.306879 0.905192
vn 0.300593 0.368596 0.879648
vn 0.312981 0.339003 0.887198
vn 0.327031 0.286764 0.900454
vn 0.332841 0.259071 0.906697
vn 0.342366 0.223314 0.912642
vn 0.34723 0.180719 0.920202
vn 0.353522 0.137854 0.925213
vn 0.361206 0.09984 0.927126
vn 0.364564 0.06904 0.928615
vn 0.365163 0.026476 0.930567
vn 0.363535 -0.015955 0.931444
vn 0.355917 -0.058393 0.932692
vn 0.336796 -0.102728 0.935957
vn 0.303518 -0.153412 0.940394
vn 0.25674 -0.196008 0.946396
vn 0.197468 -0.24023 0.950419
vn 0.136185 -0.281487 0.949852
vn 0.081129 -0.314047 0.945935
vn 0.038947 -0.336944 0.940719
vn 0.009302 -0.357791 0.933755
vn -0.011045 -0.373753 0.927463
vn -0.019552 -0.37372 0.927336
vn -0.031362 -0.381944 0.923653
vn -0.044774 -0.39522 0.917495
vn -0.05615 -0.40038 0.914627
vn -0.073119 -0.40615 0.910876
vn -0.092986 -0.417662 0.903832
vn -0.096761 -0.424063 0.900449
vn -0.080732 -0.43736 0.895655
vn -0.015378 -0.462592 0.886438
vn 0.093671 -0.502318 0.859594
vn 0.22906 -0.547133 0.805095
vn 0.33675 -0.58742 0.735892
vn 0.373763 -0.61304 0.696048
vn 0.347545 -0.635727 0.689248
vn 0.312719 -0.656481 0.686469
vn 0.276552 -0.675008 0.684019
vn 0.239112 -0.69108 0.682081
vn 0.200562 -0.704607 0.680664
vn 0.16113 -0.715676 0.679592
vn 0.121054 -0.724511 0.67855
vn 0.080536 -0.731379 0.6772
vn 0.039718 -0.73645 0.675325
vn -0.001304 -0.739683 0.672954
vn -0.042435 -0.74076 0.670428
vn -0.083529 -0.739119 0.668375
vn -0.124334 -0.734067 0.667598
vn -0.164453 -0.724937 0.668896
vn -0.203363 -0.71126 0.672869
vn -0.240484 -0.692901 0.679746
vn -0.275297 -0.670136 0.689296
vn -0.307479 -0.643648 0.700838
vn -0.337015 -0.614444 0.713358
vn -0.364213 -0.583688 0.725712
vn -0.389617 -0.552482 0.73686
vn -0.413825 -0.521648 0.746077
vn -0.437283 -0.491567 0.753091
vn -0.460127 -0.46213 0.758102
vn -0.482125 -0.432841 0.761711
vn -0.502722 -0.403017 0.764753
vn -0.52116 -0.372034 0.768103
vn -0.536643 -0.339522 0.772489
vn -0.54851 -0.30545 0.778355
vn -0.556376 -0.270112 0.785803
vn -0.560199 -0.234023 0.794613
vn -0.560281 -0.197789 0.804341
vn -0.557175 -0.161984 0.814443
vn -0.55155 -0.12706 0.824408
vn -0.544039 -0.093314 0.833855
vn -0.535122 -0.060891 0.842578
vn -0.525072 -0.02983 0.850535
vn -0.513981 -0.000117 0.857801
vn -0.501831 0.028267 0.864504
vn -0.488583 0.055325 0.870762
vn -0.474255 0.081041 0.87665
vn -0.458952 0.105404 0.882187
vn -0.442849 0.128428 0.887351
vn -0.426151 0.150155 0.892103
vn -0.409034 0.170651 0.89642
vn -0.391603 0.189981 0.900308
vn -0.373886 0.208186 0.903808
vn -0.355847 0.225271 0.906987
vn -0.337433 0.241217 0.909919
vn -0.31861 0.25599 0.912665
vn -0.358044 0.235299 0.90357
vn -0.550089 0.109651 0.827876
vn -0.696963 0.000335 0.717107
vn -0.752038 -0.043068 0.657712
vn -0.764906 -0.049323 0.64225
vn -0.752502 -0.033036 0.657761
vn -0.718317 -0.000554 0.695716
vn -0.659706 0.045247 0.750161
vn -0.57473 0.103946 0.811715
vn -0.475892 0.174118 0.862096
vn -0.349847 0.245928 0.90395
vn -0.186591 0.312742 0.93133
vn -0.071906 0.376741 0.923523
vn -0.032611 0.432387 0.901098
vn -0.021936 0.463333 0.885913
vn -0.044567 0.70484 0.707964
vn -0.035862 0.726161 0.686589
vn -0.030722 0.671024 0.740799
vn -0.002594 0.62662 0.779321
vn 0.036715 0.571923 0.819485
vn 0.083432 0.50393 0.859706
vn 0.131606 0.426249 0.894981
vn 0.180333 0.338221 0.923627
vn 0.222757 0.246188 0.943277
vn 0.258058 0.154814 0.953645
vn 0.291027 0.055484 0.955105
vn 0.30205 0.034811 0.952656
vn 0.35717 0.039644 0.933198
vn 0.364487 0.159766 0.917401
vn 0.369738 0.326163 0.870006
vn 0.448101 0.4078 0.795553
vn 0.451323 0.501784 0.737916
vn 0.468287 0.467076 0.750032
vn 0.48806 0.428186 0.760562
vn 0.513391 0.380705 0.769086
vn 0.539094 0.333855 0.773252
vn 0.556114 0.306774 0.772416
vn 0.571499 0.268707 0.775362
vn 0.586917 0.210869 0.781705
vn 0.594257 0.155735 0.789053
vn 0.589482 0.106673 0.800707
vn 0.573085 0.048105 0.818083
vn 0.549524 -0.005401 0.83546
vn 0.520989 -0.056849 0.851668
vn 0.483229 -0.11594 0.867783
vn 0.43778 -0.179966 0.880887
vn 0.396277 -0.228421 0.889263
vn 0.353666 -0.278264 0.893023
vn 0.324184 -0.311969 0.893074
vn 0.303831 -0.333259 0.892539
vn 0.285213 -0.364424 0.886481
vn 0.267802 -0.391476 0.880357
vn 0.231944 -0.414365 0.880059
vn 0.180831 -0.43959 0.879807
vn 0.113284 -0.459478 0.880935
vn 0.040107 -0.46331 0.885288
vn -0.029136 -0.461223 0.886806
vn -0.088531 -0.462715 0.882075
vn -0.11674 -0.474239 0.872622
vn -0.107793 -0.509931 0.853435
vn -0.02712 -0.569941 0.821238
vn 0.145958 -0.632505 0.76068
vn 0.293106 -0.673189 0.6789
vn 0.330112 -0.697228 0.636317
vn 0.293889 -0.716901 0.632204
vn 0.254061 -0.733813 0.630057
vn 0.213094 -0.748072 0.628474
vn 0.171217 -0.759754 0.627262
vn 0.128671 -0.769071 0.626078
vn 0.08566 -0.776271 0.624552
vn 0.042334 -0.781519 0.622444
vn -0.0012 -0.784773 0.619782
vn -0.044841 -0.785733 0.616938
vn -0.08844 -0.783864 0.614602
vn -0.131748 -0.778499 0.613662
vn -0.174376 -0.768999 0.615007
vn -0.21581 -0.754907 0.619307
vn -0.255472 -0.736084 0.626829
vn -0.292835 -0.712782 0.63733
vn -0.327563 -0.685649 0.650068
vn -0.359615 -0.655647 0.663931
vn -0.389272 -0.623902 0.677653
vn -0.417051 -0.591493 0.690076
vn -0.44353 -0.559241 0.700379
vn -0.469141 -0.527545 0.708239
vn -0.494014 -0.496328 0.713869
vn -0.517923 -0.465118 0.717928
vn -0.540316 -0.433257 0.721351
vn -0.560439 -0.400134 0.725121
vn -0.577495 -0.365388 0.730062
vn -0.590812 -0.328995 0.736684
vn -0.599985 -0.291252 0.745111
vn -0.604949 -0.252678 0.75511
vn -0.605979 -0.213884 0.766188
vn -0.603611 -0.175455 0.777734
vn -0.598505 -0.137859 0.789169
vn -0.591297 -0.101412 0.800052
vn -0.582478 -0.066279 0.81014
vn -0.572335 -0.032518 0.819375
vn -0.56097 -0.000132 0.827836
vn -0.548372 0.030886 0.835664
vn -0.533776 0.057337 0.84368
vn -0.513915 0.073234 0.854709
vn -0.488138 0.10435 0.866506
vn -0.473925 0.141317 0.869152
vn -0.466412 0.165197 0.869005
vn -0.449701 0.187596 0.873257
vn -0.43088 0.20901 0.877871
vn -0.411687 0.229207 0.882031
vn -0.392093 0.248189 0.885813
vn -0.372044 0.26593 0.889305
vn -0.35151 0.282394 0.892577
vn -0.331806 0.296716 0.895469
vn -0.434242 0.222884 0.872787
vn -0.621178 0.090222 0.778459
vn -0.729082 0.043343 0.683053
vn -0.777936 0.078112 0.623469
vn -0.79844 0.135617 0.586602
vn -0.784654 0.194692 0.588568
vn -0.734913 0.265973 0.623828
vn -0.651936 0.351291 0.671993
vn -0.528361 0.444598 0.723303
vn -0.38814 0.535265 0.750226
vn -0.222631 0.61336 0.757776
vn -0.045981 0.664304 0.746047
vn 0.026547 0.7016 0.712077
vn -0.002176 0.727454 0.686153
vn -0.059801 0.824421 0.562809
vn -0.010844 0.793341 0.608681
vn -0.090188 0.82476 0.558244
vn -0.065216 0.796555 0.601038
vn -0.025522 0.759881 0.649561
vn 0.02149 0.714489 0.699316
vn 0.072897 0.656277 0.75099
vn 0.128985 0.583693 0.801664
vn 0.183477 0.498173 0.847443
vn 0.233325 0.401402 0.885684
vn 0.278119 0.300228 0.912422
vn 0.313937 0.192976 0.929626
vn 0.340123 0.08454 0.936573
vn 0.357602 -0.011618 0.933802
vn 0.381637 -0.026143 0.923942
vn 0.463919 -0.026946 0.885468
vn 0.503919 0.174743 0.84589
vn 0.532639 0.423193 0.732942
vn 0.592913 0.517123 0.617283
vn 0.610096 0.561891 0.558624
vn 0.646119 0.512569 0.565511
vn 0.674177 0.473409 0.566895
vn 0.696599 0.442266 0.564934
vn 0.72458 0.385772 0.571108
vn 0.745737 0.326915 0.580519
vn 0.754003 0.278953 0.594697
vn 0.754151 0.214981 0.620515
vn 0.746355 0.136105 0.651483
vn 0.73193 0.06246 0.678511
vn 0.713328 0.001674 0.700828
vn 0.687018 -0.067669 0.723482
vn 0.665157 -0.128728 0.735523
vn 0.650775 -0.168439 0.740351
vn 0.629303 -0.226385 0.743457
vn 0.627781 -0.253236 0.736045
vn 0.610022 -0.309155 0.729586
vn 0.598721 -0.35155 0.719685
vn 0.585316 -0.382411 0.714959
vn 0.539315 -0.441677 0.71698
vn 0.488418 -0.492219 0.720534
vn 0.429208 -0.509878 0.745523
vn 0.297882 -0.534861 0.79069
vn 0.151571 -0.54771 0.822825
vn 0.017658 -0.542882 0.839623
vn -0.097636 -0.535163 0.839087
vn -0.172569 -0.533322 0.828123
vn -0.178679 -0.551312 0.814941
vn -0.079452 -0.612655 0.786346
vn 0.107365 -0.697606 0.708392
vn 0.257508 -0.746652 0.613352
vn 0.267013 -0.770805 0.578415
vn 0.223961 -0.785724 0.57661
vn 0.179972 -0.797969 0.5752
vn 0.135288 -0.807735 0.573813
vn 0.090117 -0.815256 0.572046
vn 0.044615 -0.820685 0.569636
vn -0.001102 -0.823985 0.566611
vn -0.046925 -0.824868 0.563374
vn -0.092705 -0.822827 0.56068
vn -0.138196 -0.817225 0.559504
vn -0.183021 -0.807448 0.560831
vn -0.226675 -0.793053 0.565408
vn -0.268584 -0.773898 0.573537
vn -0.30822 -0.750217 0.584957
vn -0.345233 -0.722622 0.598858
vn -0.379563 -0.692033 0.614021
vn -0.411465 -0.659533 0.629057
vn -0.441429 -0.626171 0.64269
vn -0.470004 -0.592758 0.654014
vn -0.497605 -0.559704 0.662662
vn -0.524353 -0.526955 0.668859
vn -0.550023 -0.494073 0.673325
vn -0.574074 -0.460421 0.67709
vn -0.595761 -0.425413 0.681243
vn -0.614294 -0.388697 0.686701
vn -0.628998 -0.350258 0.694032
vn -0.639457 -0.310394 0.703386
vn -0.645584 -0.269623 0.71451
vn -0.64763 -0.22856 0.726867
vn -0.646108 -0.18779 0.739783
vn -0.641662 -0.147792 0.752614
vn -0.63492 -0.108894 0.764865
vn -0.626374 -0.07128 0.776257
vn -0.616299 -0.035076 0.786731
vn -0.597484 -0.021431 0.801595
vn -0.553369 -0.032812 0.83229
vn -0.481895 -0.064613 0.873844
vn -0.399542 -0.109442 0.910159
vn -0.320741 -0.097588 0.942126
vn -0.276542 -0.013128 0.960912
vn -0.302118 0.075843 0.950249
vn -0.365938 0.157686 0.917183
vn -0.419675 0.222879 0.879885
vn -0.442821 0.249319 0.861249
vn -0.426909 0.270197 0.862984
vn -0.40535 0.289706 0.867042
vn -0.383222 0.30784 0.870847
vn -0.362695 0.317476 0.876163
vn -0.416175 0.209719 0.884769
vn -0.516161 0.008881 0.856445
vn -0.573455 -0.106188 0.812326
vn -0.585968 -0.110696 0.802738
vn -0.617514 -0.062778 0.784051
vn -0.658638 0.031836 0.751786
vn -0.664559 0.178915 0.725501
vn -0.608712 0.359557 0.70724
vn -0.510238 0.527698 0.679112
vn -0.368688 0.654702 0.659874
vn -0.222003 0.731466 0.644726
vn -0.062683 0.762818 0.643568
vn 0.056677 0.756904 0.651064
vn 0.047737 0.762227 0.645547
vn 0.072366 0.437206 0.896445
vn 0.094615 0.374113 0.922544
vn -0.044285 0.575948 0.816286
vn -0.08317 0.698631 0.710632
vn -0.015141 0.786375 0.617564
vn -0.017314 0.831058 0.555916
vn 0.02209 0.808268 0.588401
vn 0.079236 0.761777 0.642976
vn 0.136865 0.701766 0.699137
vn 0.197081 0.626193 0.754348
vn 0.254111 0.535078 0.805679
vn 0.303121 0.432823 0.848989
vn 0.344275 0.323043 0.881543
vn 0.378889 0.202655 0.902981
vn 0.404899 0.078856 0.910955
vn 0.423299 -0.04826 0.904704
vn 0.429818 -0.162751 0.888126
vn 0.462566 -0.146801 0.874346
vn 0.559225 -0.052525 0.82735
vn 0.644018 0.230504 0.729457
vn 0.710285 0.43885 0.550369
vn 0.742026 0.525999 0.4156
vn 0.758213 0.53792 0.368449
vn 0.789549 0.493674 0.364554
vn 0.821312 0.43588 0.368041
vn 0.842197 0.390246 0.372038
vn 0.858338 0.340701 0.383639
vn 0.872169 0.267978 0.409279
vn 0.87662 0.190836 0.441722
vn 0.870136 0.126544 0.476287
vn 0.858307 0.053481 0.510342
vn 0.843694 -0.034861 0.535691
vn 0.838406 -0.080971 0.538999
vn 0.83142 -0.145061 0.536374
vn 0.835018 -0.184708 0.518293
vn 0.835274 -0.23232 0.498343
vn 0.823781 -0.294724 0.484275
vn 0.815265 -0.33373 0.473252
vn 0.773647 -0.411617 0.481707
vn 0.707981 -0.492947 0.505734
vn 0.67306 -0.53266 0.513092
vn 0.6475 -0.569431 0.506451
vn 0.577706 -0.599912 0.5535
vn 0.407519 -0.629936 0.661142
vn 0.206362 -0.63176 0.747191
vn 0.010613 -0.610858 0.791669
vn -0.13407 -0.57892 0.804286
vn -0.223434 -0.556857 0.799992
vn -0.236755 -0.573768 0.784052
vn -0.116124 -0.660357 0.741919
vn 0.087284 -0.769615 0.632514
vn 0.218858 -0.815173 0.536278
vn 0.187612 -0.831285 0.523228
vn 0.141067 -0.841468 0.521566
vn 0.094013 -0.849294 0.519482
vn 0.046612 -0.854904 0.516688
vn -0.001011 -0.858261 0.513212
vn -0.048741 -0.859095 0.50949
vn -0.096426 -0.856921 0.506348
vn -0.143829 -0.851135 0.504859
vn -0.190584 -0.841149 0.506108
vn -0.236198 -0.826537 0.510927
vn -0.280105 -0.807155 0.519655
vn -0.321773 -0.783217 0.532009
vn -0.360842 -0.755299 0.547099
vn -0.397233 -0.724278 0.563585
vn -0.431178 -0.691194 0.579945
vn -0.463138 -0.657065 0.594784
vn -0.493638 -0.622688 0.60711
vn -0.523066 -0.588478 0.616519
vn -0.551537 -0.554405 0.623252
vn -0.578823 -0.520057 0.628095
vn -0.604397 -0.48483 0.632174
vn -0.627527 -0.448155 0.636684
vn -0.647434 -0.409696 0.642634
vn -0.663446 -0.369445 0.650653
vn -0.675138 -0.327703 0.660908
vn -0.682409 -0.284985 0.673128
vn -0.685487 -0.241904 0.686725
vn -0.684861 -0.199043 0.700962
vn -0.681155 -0.156886 0.715133
vn -0.674091 -0.11757 0.729232
vn -0.650239 -0.108934 0.75188
vn -0.591177 -0.123245 0.79707
vn -0.506377 -0.173119 0.844756
vn -0.415226 -0.258938 0.872089
vn -0.326958 -0.332741 0.884523
vn -0.246599 -0.37319 0.894382
vn -0.16474 -0.347026 0.923273
vn -0.067866 -0.213382 0.974609
vn -0.007328 -0.055882 0.998411
vn -0.021408 0.079164 0.996632
vn -0.119773 0.190622 0.974329
vn -0.281565 0.257182 0.924434
vn -0.407258 0.289313 0.866279
vn -0.434947 0.312104 0.844637
vn -0.413568 0.332185 0.847711
vn -0.404061 0.322272 0.856081
vn -0.490378 0.156928 0.857265
vn -0.572922 -0.077833 0.815906
vn -0.581255 -0.20234 0.788163
vn -0.540973 -0.237157 0.80691
vn -0.478192 -0.229694 0.847687
vn -0.418609 -0.185385 0.889044
vn -0.352357 -0.082935 0.932184
vn -0.285752 0.065712 0.956048
vn -0.229767 0.22065 0.947903
vn -0.189826 0.341259 0.920602
vn -0.12522 0.412342 0.902382
vn -0.05886 0.439816 0.896157
vn 0.017308 0.421416 0.906702
vn 0.0726 0.38133 0.921584
vn 0.100725 0.140454 0.98495
vn 0.067944 0.178105 0.981663
vn 0.113916 0.13007 0.984939
vn 0.115789 0.201828 0.972553
vn 0.182993 0.301356 0.935787
vn 0.118472 0.504566 0.855206
vn 0.029178 0.704746 0.70886
vn 0.094162 0.795816 0.598173
vn 0.098597 0.834184 0.5426
vn 0.160039 0.785756 0.597474
vn 0.220315 0.723487 0.654238
vn 0.281604 0.64302 0.712197
vn 0.339268 0.549477 0.763526
vn 0.384474 0.443548 0.809596
vn 0.421554 0.315303 0.850221
vn 0.450611 0.169492 0.876483
vn 0.461821 0.020192 0.886744
vn 0.458518 -0.122458 0.880208
vn 0.448013 -0.245876 0.859552
vn 0.449724 -0.306604 0.838893
vn 0.51608 -0.293523 0.804677
vn 0.660443 -0.117754 0.741586
vn 0.793814 0.234761 0.561023
vn 0.839256 0.423287 0.341288
vn 0.844724 0.479148 0.23845
vn 0.872489 0.428988 0.233949
vn 0.892367 0.389228 0.228437
vn 0.913551 0.333039 0.233474
vn 0.931363 0.266859 0.24769
vn 0.94261 0.206697 0.262227
vn 0.95229 0.139643 0.271375
vn 0.959196 0.062825 0.275673
vn 0.962441 0.002752 0.271476
vn 0.966648 -0.044263 0.252255
vn 0.968605 -0.098612 0.228211
vn 0.971694 -0.137755 0.191921
vn 0.968246 -0.191798 0.160355
vn 0.962455 -0.234664 0.136428
vn 0.94438 -0.302956 0.127922
vn 0.911442 -0.385819 0.142889
vn 0.841902 -0.503505 0.194122
vn 0.762075 -0.603176 0.235415
vn 0.751466 -0.620929 0.223037
vn 0.777284 -0.582195 0.238491
vn 0.650223 -0.658953 0.378141
vn 0.44796 -0.71931 0.530965
vn 0.217265 -0.717854 0.661424
vn -0.007598 -0.671072 0.741353
vn -0.186095 -0.613502 0.767452
vn -0.288416 -0.575554 0.765215
vn -0.287085 -0.60615 0.741731
vn -0.115979 -0.738873 0.663789
vn 0.113709 -0.844104 0.523984
vn 0.146135 -0.871025 0.469
vn 0.097431 -0.879126 0.466523
vn 0.048366 -0.8849 0.463263
vn -0.000926 -0.888308 0.459248
vn -0.050325 -0.889093 0.454951
vn -0.099677 -0.886801 0.451275
vn -0.148754 -0.880859 0.449398
vn -0.197206 -0.870714 0.450518
vn -0.244555 -0.855957 0.455554
vn -0.290244 -0.836445 0.464886
vn -0.333739 -0.812365 0.478207
vn -0.374668 -0.784254 0.494539
vn -0.412935 -0.752941 0.51241
vn -0.448747 -0.71942 0.530152
vn -0.482537 -0.684677 0.546237
vn -0.514802 -0.649495 0.559585
vn -0.545909 -0.614296 0.569758
vn -0.575959 -0.57907 0.577017
vn -0.604729 -0.543436 0.58222
vn -0.6317 -0.506815 0.586595
vn -0.65616 -0.468661 0.591448
vn -0.677341 -0.428654 0.597884
vn -0.694577 -0.386791 0.606593
vn -0.707438 -0.343376 0.617757
vn -0.715809 -0.298923 0.631081
vn -0.719899 -0.254037 0.645918
vn -0.719129 -0.211018 0.662061
vn -0.696311 -0.199629 0.68942
vn -0.633573 -0.213272 0.743707
vn -0.539601 -0.270355 0.797333
vn -0.435685 -0.352901 0.828034
vn -0.336384 -0.410293 0.847647
vn -0.260991 -0.44368 0.85734
vn -0.221597 -0.4546 0.86269
vn -0.208719 -0.445429 0.870649
vn -0.198762 -0.405512 0.892219
vn -0.137031 -0.271909 0.952517
vn -0.026654 -0.067035 0.997395
vn 0.054771 0.105906 0.992867
vn 0.07708 0.241903 0.967234
vn 0.004857 0.342003 0.939686
vn -0.184369 0.391439 0.901545
vn -0.383853 0.371083 0.84555
vn -0.439831 0.357241 0.82397
vn -0.451399 0.326395 0.830485
vn -0.553584 0.144916 0.820088
vn -0.650445 -0.063158 0.756923
vn -0.67211 -0.138579 0.727368
vn -0.652367 -0.135331 0.745723
vn -0.596345 -0.093189 0.797301
vn -0.516251 -0.028682 0.855957
vn -0.391252 0.051399 0.918847
vn -0.250199 0.125938 0.959969
vn -0.142604 0.179428 0.973381
vn -0.099162 0.20837 0.97301
vn -0.069741 0.225078 0.971842
vn -0.031422 0.231297 0.972376
vn -0.004253 0.225364 0.974265
vn 0.035064 0.204295 0.978281
vn 0.055487 0.447129 0.892747
vn 0.018501 0.490268 0.871376
vn 0.097788 0.39109 0.915143
vn 0.138815 0.326747 0.934862
vn 0.171471 0.262782 0.949496
vn 0.209723 0.185271 0.960047
vn 0.19804 0.232451 0.952232
vn 0.253713 0.342634 0.904562
vn 0.201538 0.56991 0.796608
vn 0.160579 0.756119 0.634428
vn 0.216259 0.808022 0.548027
vn 0.260356 0.797001 0.544981
vn 0.328415 0.731917 0.597027
vn 0.376166 0.659065 0.651254
vn 0.425313 0.557479 0.71297
vn 0.472289 0.426727 0.771263
vn 0.49918 0.280427 0.819866
vn 0.512047 0.111633 0.851673
vn 0.50463 -0.0572 0.861439
vn 0.480491 -0.206795 0.85227
vn 0.455934 -0.33652 0.823941
vn 0.436208 -0.446096 0.781486
vn 0.475328 -0.45648 0.752123
vn 0.628106 -0.34356 0.698176
vn 0.84815 0.043687 0.527952
vn 0.89615 0.339016 0.286328
vn 0.906796 0.375292 0.192033
vn 0.925721 0.33745 0.170788
vn 0.945093 0.285336 0.159319
vn 0.963904 0.219495 0.150699
vn 0.978741 0.155739 0.133461
vn 0.98897 0.092138 0.115966
vn 0.994402 0.037232 0.098885
vn 0.997172 -0.008493 0.074667
vn 0.996889 -0.061652 0.049099
vn 0.99391 -0.108226 0.020718
vn 0.987173 -0.159565 -0.005409
vn 0.978653 -0.2031 -0.031435
vn 0.964564 -0.257623 -0.056982
vn 0.943622 -0.322037 -0.076614
vn 0.914991 -0.394195 -0.086031
vn 0.865553 -0.496753 -0.063666
vn 0.787269 -0.616502 -0.011539
vn 0.820135 -0.571379 -0.030058
vn 0.83575 -0.548325 -0.029367
vn 0.771987 -0.633161 0.056073
vn 0.672374 -0.714651 0.19284
vn 0.483432 -0.789872 0.377352
vn 0.212897 -0.797536 0.564457
vn -0.072916 -0.722604 0.687405
vn -0.280531 -0.63338 0.721201
vn -0.377378 -0.599871 0.705508
vn -0.277071 -0.701046 0.657089
vn -0.036438 -0.854142 0.518761
vn 0.098631 -0.904689 0.414499
vn 0.049905 -0.91114 0.409064
vn -0.000847 -0.914566 0.404436
vn -0.051699 -0.915278 0.39949
vn -0.1025 -0.912854 0.395211
vn -0.153033 -0.906763 0.392889
vn -0.202966 -0.896492 0.393837
vn -0.251844 -0.881657 0.399068
vn -0.299122 -0.862114 0.409006
vn -0.344268 -0.838021 0.423321
vn -0.386895 -0.809863 0.440946
vn -0.426886 -0.77841 0.460268
vn -0.464418 -0.744604 0.479459
vn -0.499899 -0.709396 0.496849
vn -0.533794 -0.673556 0.51126
vn -0.566449 -0.637514 0.522218
vn -0.597953 -0.601285 0.530007
vn -0.628086 -0.564518 0.535563
vn -0.656343 -0.526662 0.540224
vn -0.68203 -0.487194 0.545415
vn -0.704395 -0.445808 0.552343
vn -0.722779 -0.402509 0.561763
vn -0.736746 -0.3576 0.57387
vn -0.746169 -0.311593 0.588338
vn -0.735084 -0.288693 0.613439
vn -0.680953 -0.298217 0.668857
vn -0.582959 -0.352255 0.732172
vn -0.467821 -0.429566 0.772409
vn -0.361556 -0.476915 0.801142
vn -0.288158 -0.49861 0.817529
vn -0.257862 -0.496516 0.828842
vn -0.258169 -0.472968 0.842407
vn -0.278018 -0.431148 0.858381
vn -0.310459 -0.376411 0.872886
vn -0.348335 -0.305846 0.886071
vn -0.355876 -0.179055 0.91722
vn -0.258267 0.064954 0.963888
vn -0.118158 0.302546 0.945783
vn -0.013778 0.471254 0.88189
vn 0.014613 0.569547 0.821829
vn -0.066038 0.595542 0.800605
vn -0.284043 0.506833 0.813904
vn -0.434743 0.403685 0.805007
vn -0.484882 0.352504 0.800394
vn -0.598977 0.203919 0.774367
vn -0.713911 0.044547 0.698818
vn -0.755454 0.006849 0.655165
vn -0.753909 0.042321 0.655614
vn -0.714432 0.120114 0.689318
vn -0.633794 0.222355 0.740853
vn -0.512192 0.333901 0.791309
vn -0.353844 0.438151 0.826328
vn -0.223449 0.50813 0.83179
vn -0.160581 0.542177 0.824778
vn -0.129771 0.556592 0.820588
vn -0.091886 0.559282 0.823869
vn -0.061036 0.549995 0.832935
vn -0.031424 0.529375 0.847806
vn -0.000833 0.726787 0.686862
vn -0.050912 0.764379 0.642754
vn 0.044095 0.68288 0.729199
vn 0.091312 0.625997 0.774461
vn 0.142049 0.555875 0.819039
vn 0.182182 0.483653 0.85609
vn 0.230584 0.390564 0.89123
vn 0.259698 0.312244 0.913816
vn 0.282336 0.240105 0.928782
vn 0.292405 0.296125 0.909291
vn 0.330854 0.454646 0.826942
vn 0.301204 0.663366 0.684997
vn 0.343773 0.753262 0.560729
vn 0.373502 0.784756 0.494625
vn 0.414386 0.747852 0.518654
vn 0.471114 0.662119 0.582795
vn 0.517195 0.549283 0.656352
vn 0.55948 0.398746 0.726624
vn 0.575972 0.236615 0.782477
vn 0.574229 0.038837 0.817773
vn 0.569867 -0.155951 0.806803
vn 0.554637 -0.313866 0.770627
vn 0.5239 -0.434541 0.732601
vn 0.496781 -0.51026 0.702028
vn 0.521421 -0.507225 0.68618
vn 0.712225 -0.308663 0.630447
vn 0.899995 0.087486 0.42703
vn 0.924472 0.253966 0.284347
vn 0.946576 0.227351 0.228702
vn 0.967629 0.169335 0.187134
vn 0.982596 0.10474 0.153412
vn 0.990344 0.049555 0.12947
vn 0.993279 -0.001058 0.115738
vn 0.991601 -0.060831 0.11414
vn 0.983578 -0.131858 0.123241
vn 0.970522 -0.200745 0.13337
vn 0.952899 -0.267098 0.143672
vn 0.934915 -0.324238 0.144236
vn 0.91827 -0.374468 0.128664
vn 0.901045 -0.421774 0.101116
vn 0.885372 -0.461251 0.058003
vn 0.863552 -0.504132 0.011343
vn 0.816491 -0.57712 -0.016558
vn 0.772127 -0.634649 -0.03225
vn 0.816927 -0.566756 -0.106855
vn 0.815662 -0.556397 -0.158487
vn 0.794764 -0.587072 -0.153938
vn 0.748039 -0.655989 -0.10058
vn 0.664735 -0.746917 0.015564
vn 0.462563 -0.857913 0.223655
vn 0.098911 -0.88139 0.461918
vn -0.245131 -0.762686 0.598515
vn -0.406654 -0.658925 0.632811
vn -0.378733 -0.697315 0.608534
vn -0.158242 -0.85868 0.487471
vn 0.047369 -0.933421 0.355642
vn -0.00077 -0.937258 0.348635
vn -0.052873 -0.937849 0.342991
vn -0.104914 -0.935257 0.338065
vn -0.156691 -0.929004 0.335259
vn -0.2079 -0.918629 0.336005
vn -0.25811 -0.90378 0.341409
vn -0.306797 -0.884315 0.351942
vn -0.353431 -0.860354 0.367256
vn -0.397616 -0.832318 0.386196
vn -0.439204 -0.800902 0.407009
vn -0.478342 -0.766982 0.4277
vn -0.5154 -0.73147 0.446447
vn -0.550815 -0.695122 0.461962
vn -0.584907 -0.658381 0.473728
vn -0.617756 -0.621288 0.482056
vn -0.649144 -0.583528 0.487962
vn -0.678586 -0.544581 0.492903
vn -0.705409 -0.503948 0.498432
vn -0.728881 -0.461339 0.505865
vn -0.74835 -0.416764 0.516023
vn -0.763376 -0.370527 0.529119
vn -0.739529 -0.367656 0.563849
vn -0.648941 -0.414996 0.637694
vn -0.518301 -0.489173 0.70148
vn -0.398088 -0.540036 0.741544
vn -0.319572 -0.557194 0.766426
vn -0.292512 -0.547586 0.783955
vn -0.302589 -0.516004 0.801361
vn -0.337058 -0.463249 0.81963
vn -0.38986 -0.389764 0.834322
vn -0.45279 -0.295003 0.8414
vn -0.516196 -0.181966 0.836917
vn -0.575434 -0.051813 0.816205
vn -0.617142 0.099903 0.780484
vn -0.566729 0.321043 0.758782
vn -0.388427 0.566179 0.727025
vn -0.212236 0.718147 0.662737
vn -0.11164 0.78466 0.609792
vn -0.126258 0.774068 0.620385
vn -0.294504 0.636198 0.713105
vn -0.446135 0.455178 0.770569
vn -0.495222 0.397842 0.772319
vn -0.596825 0.318787 0.736325
vn -0.73433 0.222525 0.641282
vn -0.800449 0.213621 0.560042
vn -0.810251 0.267882 0.52128
vn -0.775812 0.359332 0.518649
vn -0.69809 0.471346 0.538983
vn -0.57978 0.586545 0.565526
vn -0.418677 0.69408 0.585631
vn -0.269927 0.766957 0.582166
vn -0.200378 0.797852 0.568579
vn -0.174245 0.807123 0.564085
vn -0.147515 0.807395 0.571273
vn -0.114967 0.799196 0.589974
vn -0.087282 0.786049 0.611972
vn -0.057809 0.894739 0.442831
vn -0.096101 0.908181 0.407397
vn -0.009262 0.870628 0.491854
vn 0.038771 0.839229 0.542394
vn 0.089251 0.796418 0.598124
vn 0.146031 0.738919 0.657779
vn 0.193058 0.67542 0.711714
vn 0.251226 0.585501 0.770762
vn 0.289187 0.505269 0.813065
vn 0.322715 0.417913 0.849237
vn 0.358884 0.308103 0.881065
vn 0.369066 0.297414 0.880531
vn 0.414511 0.360379 0.835648
vn 0.442332 0.507114 0.739714
vn 0.433826 0.680384 0.590655
vn 0.48772 0.732347 0.475182
vn 0.505096 0.746893 0.432468
vn 0.567023 0.654156 0.500564
vn 0.616207 0.537395 0.575756
vn 0.670385 0.36552 0.645739
vn 0.723244 0.127758 0.678672
vn 0.727588 -0.074391 0.681969
vn 0.691489 -0.259164 0.674297
vn 0.642166 -0.401375 0.653085
vn 0.601813 -0.484445 0.634928
vn 0.591789 -0.515223 0.619944
vn 0.710301 -0.349878 0.610785
vn 0.853214 0.007131 0.521513
vn 0.889238 0.067783 0.452394
vn 0.91464 0.035837 0.402677
vn 0.929603 -0.01699 0.36817
vn 0.935459 -0.065442 0.347323
vn 0.934758 -0.114624 0.336288
vn 0.927554 -0.166 0.334796
vn 0.911542 -0.226679 0.343084
vn 0.882467 -0.302266 0.360399
vn 0.850395 -0.370571 0.373504
vn 0.818582 -0.432311 0.378194
vn 0.790189 -0.485071 0.374576
vn 0.767613 -0.529524 0.361075
vn 0.748902 -0.570503 0.337152
vn 0.731583 -0.610987 0.302459
vn 0.717377 -0.649535 0.251943
vn 0.676027 -0.704374 0.216436
vn 0.678232 -0.71761 0.158232
vn 0.722618 -0.689963 0.042126
vn 0.751671 -0.653827 -0.086612
vn 0.750397 -0.633502 -0.188627
vn 0.735535 -0.634401 -0.237745
vn 0.689599 -0.689177 -0.222458
vn 0.557406 -0.821771 -0.118281
vn 0.2662 -0.957281 0.112916
vn -0.139409 -0.916419 0.375155
vn -0.392957 -0.771512 0.500355
vn -0.437723 -0.745613 0.502454
vn -0.189137 -0.896905 0.399735
vn -0.002219 -0.956323 0.292303
vn -0.053847 -0.956866 0.285495
vn -0.106923 -0.954055 0.279904
vn -0.159735 -0.947617 0.276598
vn -0.195132 -0.938204 0.285826
vn -0.207247 -0.920335 0.33171
vn -0.258078 -0.88281 0.392484
vn -0.346245 -0.851664 0.393425
vn -0.407711 -0.841477 0.354525
vn -0.449937 -0.820498 0.352618
vn -0.490584 -0.786661 0.374824
vn -0.529129 -0.751024 0.394949
vn -0.565973 -0.714331 0.41159
vn -0.601409 -0.677037 0.42418
vn -0.635505 -0.639219 0.433051
vn -0.668052 -0.600599 0.439304
vn -0.698586 -0.560697 0.444518
vn -0.726465 -0.519042 0.450383
vn -0.750979 -0.475359 0.458328
vn -0.771487 -0.429665 0.46925
vn -0.771376 -0.401979 0.493347
vn -0.669583 -0.502358 0.547079
vn -0.489475 -0.603077 0.629851
vn -0.363053 -0.625436 0.690668
vn -0.320782 -0.610346 0.724276
vn -0.333612 -0.575672 0.746529
vn -0.37834 -0.518703 0.766685
vn -0.44658 -0.437522 0.780475
vn -0.530709 -0.326674 0.782069
vn -0.617138 -0.187312 0.764235
vn -0.690893 -0.029529 0.722353
vn -0.741032 0.133311 0.658103
vn -0.762346 0.289626 0.578745
vn -0.756528 0.42785 0.494581
vn -0.715648 0.555982 0.422767
vn -0.580084 0.708997 0.401031
vn -0.381159 0.832548 0.401973
vn -0.246706 0.876794 0.412756
vn -0.24092 0.835156 0.494441
vn -0.377092 0.659002 0.650782
vn -0.496672 0.462576 0.734398
vn -0.497854 0.436669 0.749308
vn -0.542583 0.430192 0.721483
vn -0.669126 0.408415 0.620861
vn -0.762425 0.422824 0.489824
vn -0.7893 0.471824 0.392922
vn -0.765565 0.542861 0.345271
vn -0.697325 0.63322 0.335814
vn -0.588863 0.731389 0.343963
vn -0.431077 0.831423 0.350582
vn -0.282233 0.896834 0.340638
vn -0.214253 0.918956 0.331082
vn -0.196685 0.922999 0.330737
vn -0.178924 0.923885 0.338265
vn -0.15606 0.922127 0.354016
vn -0.126148 0.916803 0.378892
vn -0.089363 0.96056 0.263324
vn -0.123784 0.963528 0.237257
vn -0.050504 0.954971 0.292369
vn -0.004421 0.942821 0.333271
vn 0.043531 0.924461 0.378783
vn 0.097141 0.896922 0.431387
vn 0.154831 0.858219 0.489375
vn 0.206426 0.811693 0.546391
vn 0.27139 0.739275 0.616295
vn 0.317893 0.670629 0.670224
vn 0.361308 0.589611 0.722368
vn 0.407498 0.481394 0.776019
vn 0.431522 0.398789 0.80917
vn 0.450392 0.311313 0.836798
vn 0.473351 0.30293 0.827147
vn 0.543583 0.350567 0.76264
vn 0.553453 0.543444 0.631157
vn 0.561 0.66917 0.487329
vn 0.636608 0.65692 0.403964
vn 0.694192 0.619576 0.366365
vn 0.800153 0.432958 0.415094
vn 0.854396 0.237168 0.46234
vn 0.862548 0.028744 0.505159
vn 0.825167 -0.187913 0.532718
vn 0.756298 -0.353283 0.550639
vn 0.688193 -0.453848 0.566049
vn 0.661682 -0.454579 0.596267
vn 0.771925 -0.21009 0.599995
vn 0.846233 -0.007821 0.532756
vn 0.855923 -0.045106 0.515132
vn 0.86016 -0.09446 0.5012
vn 0.860671 -0.144724 0.48816
vn 0.857305 -0.197154 0.47556
vn 0.851138 -0.249866 0.461662
vn 0.845005 -0.299695 0.442887
vn 0.836578 -0.350517 0.42104
vn 0.82475 -0.401094 0.398637
vn 0.808982 -0.450933 0.377104
vn 0.788981 -0.499571 0.357684
vn 0.764727 -0.546563 0.341266
vn 0.736451 -0.59154 0.328207
vn 0.70456 -0.634261 0.318291
vn 0.669537 -0.674619 0.310821
vn 0.631862 -0.712618 0.304837
vn 0.591947 -0.748313 0.299378
vn 0.56286 -0.777473 0.280579
vn 0.554114 -0.801397 0.225212
vn 0.561 -0.818615 0.123075
vn 0.610189 -0.791821 -0.026255
vn 0.654855 -0.7338 -0.180836
vn 0.676464 -0.698131 -0.234542
vn 0.624424 -0.772541 -0.115218
vn 0.336289 -0.925221 0.175712
vn -0.107599 -0.894403 0.434126
vn -0.420073 -0.752048 0.5079
vn -0.447261 -0.758095 0.474605
vn -0.185907 -0.922365 0.338646
vn -0.054632 -0.972323 0.227166
vn -0.108524 -0.969238 0.220906
vn -0.144527 -0.962988 0.227522
vn -0.041819 -0.949658 0.310484
vn 0.025207 -0.876617 0.480529
vn -0.04057 -0.803033 0.594552
vn -0.275169 -0.742948 0.610173
vn -0.480306 -0.740142 0.470634
vn -0.484449 -0.814384 0.319513
vn -0.501156 -0.803658 0.320899
vn -0.541111 -0.768094 0.34239
vn -0.579304 -0.73123 0.360152
vn -0.616001 -0.693538 0.373562
vn -0.651255 -0.655134 0.382971
vn -0.68487 -0.615788 0.389561
vn -0.716411 -0.575065 0.395039
vn -0.74527 -0.532527 0.401232
vn -0.770772 -0.487919 0.40969
vn -0.791668 -0.441972 0.421808
vn -0.724017 -0.505519 0.469308
vn -0.525801 -0.648273 0.550705
vn -0.366605 -0.71982 0.589458
vn -0.346282 -0.684296 0.641738
vn -0.395515 -0.603445 0.692403
vn -0.475034 -0.514181 0.714115
vn -0.574175 -0.399682 0.714547
vn -0.678592 -0.249461 0.690856
vn -0.768143 -0.070835 0.636349
vn -0.824661 0.113387 0.554145
vn -0.842335 0.28067 0.460104
vn -0.829708 0.418958 0.368861
vn -0.798266 0.527819 0.290134
vn -0.758279 0.610684 0.228207
vn -0.715081 0.674739 0.182718
vn -0.649673 0.741493 0.167668
vn -0.514543 0.830563 0.213096
vn -0.381487 0.871515 0.308106
vn -0.390792 0.793121 0.467163
vn -0.477527 0.589597 0.651416
vn -0.539187 0.447683 0.713342
vn -0.511728 0.460444 0.725345
vn -0.493603 0.48236 0.723661
vn -0.538111 0.50758 0.672904
vn -0.627445 0.557163 0.54395
vn -0.697199 0.604457 0.385416
vn -0.710007 0.647166 0.277606
vn -0.665103 0.711093 0.228001
vn -0.572557 0.792796 0.208931
vn -0.42365 0.883131 0.201495
vn -0.280556 0.940363 0.192368
vn -0.219257 0.957193 0.188966
vn -0.206296 0.959697 0.190849
vn -0.192833 0.961562 0.195482
vn -0.175706 0.963182 0.20349
vn -0.153376 0.96414 0.216586
vn -0.106243 0.980499 0.165333
vn -0.13691 0.977443 0.160814
vn -0.069016 0.981479 0.178706
vn -0.031763 0.980228 0.195305
vn 0.013369 0.974991 0.221843
vn 0.060468 0.965363 0.253806
vn 0.115422 0.948394 0.295343
vn 0.170809 0.924198 0.341587
vn 0.224339 0.892968 0.390232
vn 0.292118 0.840653 0.456037
vn 0.344452 0.788899 0.508912
vn 0.395021 0.724643 0.564669
vn 0.451804 0.630974 0.630671
vn 0.486698 0.555038 0.67458
vn 0.516853 0.468353 0.716595
vn 0.546499 0.349501 0.761044
vn 0.557778 0.26409 0.786855
vn 0.581005 0.306788 0.753866
vn 0.665492 0.303766 0.681796
vn 0.707782 0.40061 0.581856
vn 0.755653 0.388408 0.527378
vn 0.805508 0.236466 0.543361
vn 0.811264 0.070134 0.580458
vn 0.770601 -0.145263 0.620543
vn 0.693722 -0.308081 0.651026
vn 0.608735 -0.421687 0.672028
vn 0.557552 -0.46524 0.687522
vn 0.597215 -0.403028 0.693472
vn 0.756953 -0.199538 0.622259
vn 0.855573 -0.084476 0.510743
vn 0.875887 -0.10076 0.471879
vn 0.875591 -0.151471 0.45869
vn 0.873417 -0.202629 0.442814
vn 0.869285 -0.254145 0.423975
vn 0.862834 -0.305852 0.402457
vn 0.853511 -0.357493 0.379102
vn 0.840714 -0.408723 0.35517
vn 0.823955 -0.459132 0.332108
vn 0.802976 -0.508279 0.311258
vn 0.783048 -0.539904 0.308769
vn 0.735739 -0.582663 0.345243
vn 0.663353 -0.652631 0.366108
vn 0.630751 -0.708407 0.31672
vn 0.638334 -0.725282 0.257866
vn 0.601076 -0.759731 0.248025
vn 0.558469 -0.793499 0.24181
vn 0.514106 -0.824893 0.235046
vn 0.468096 -0.853801 0.227838
vn 0.426413 -0.878709 0.214574
vn 0.423246 -0.893112 0.152359
vn 0.600218 -0.799832 0.002684
vn 0.784061 -0.618125 -0.056313
vn 0.692344 -0.712555 0.113692
vn 0.255461 -0.882457 0.39498
vn -0.27726 -0.803592 0.526656
vn -0.527892 -0.67102 0.520636
vn -0.510097 -0.723429 0.465243
vn -0.278372 -0.91232 0.300303
vn -0.110097 -0.980388 0.163457
vn -0.024464 -0.977348 0.210221
vn 0.207797 -0.925203 0.317522
vn 0.296645 -0.854455 0.426508
vn 0.08724 -0.812414 0.576518
vn -0.346574 -0.674349 0.652027
vn -0.668289 -0.516383 0.53548
vn -0.639957 -0.68105 0.355846
vn -0.519532 -0.810271 0.271196
vn -0.551335 -0.782665 0.288904
vn -0.590805 -0.745813 0.307755
vn -0.628682 -0.707883 0.321963
vn -0.66501 -0.669036 0.331892
vn -0.699604 -0.629099 0.338804
vn -0.732065 -0.587689 0.344532
vn -0.761833 -0.54441 0.351039
vn -0.788272 -0.499028 0.359998
vn -0.77518 -0.492175 0.396056
vn -0.592492 -0.657851 0.464956
vn -0.374628 -0.756791 0.535651
vn -0.328369 -0.753373 0.569739
vn -0.425836 -0.670993 0.606987
vn -0.566362 -0.530683 0.630563
vn -0.697773 -0.359407 0.619628
vn -0.806621 -0.170118 0.566058
vn -0.877086 0.031252 0.479316
vn -0.899992 0.217348 0.377856
vn -0.88567 0.368526 0.282449
vn -0.852128 0.481811 0.204294
vn -0.811663 0.565225 0.147394
vn -0.771724 0.626147 0.111279
vn -0.735407 0.671116 0.093705
vn -0.703793 0.70421 0.09362
vn -0.674722 0.729234 0.113876
vn -0.62782 0.75758 0.178647
vn -0.551074 0.765884 0.331267
vn -0.53845 0.655372 0.529678
vn -0.572907 0.492719 0.654985
vn -0.563094 0.452086 0.691768
vn -0.531897 0.478563 0.698615
vn -0.499715 0.503146 0.705074
vn -0.471934 0.528462 0.705696
vn -0.471733 0.567068 0.675205
vn -0.52603 0.62439 0.577433
vn -0.597908 0.683536 0.41867
vn -0.608826 0.741137 0.282926
vn -0.54096 0.813882 0.212033
vn -0.412402 0.893331 0.178565
vn -0.278969 0.945569 0.167557
vn -0.223756 0.96023 0.167008
vn -0.210126 0.963096 0.168208
vn -0.196909 0.966112 0.166897
vn -0.18061 0.969701 0.164502
vn -0.161146 0.9736 0.161666
vn -0.097915 0.978542 0.181295
vn -0.123566 0.969491 0.211705
vn -0.069663 0.98499 0.157932
vn -0.035372 0.988413 0.147612
vn 0.000714 0.989443 0.144923
vn 0.044876 0.987227 0.152871
vn 0.08933 0.981835 0.167394
vn 0.142153 0.970729 0.193591
vn 0.194781 0.954798 0.224547
vn 0.247958 0.933506 0.259005
vn 0.315097 0.896482 0.311503
vn 0.369598 0.859193 0.353816
vn 0.422681 0.812834 0.400801
vn 0.487536 0.738355 0.465983
vn 0.534912 0.675418 0.507622
vn 0.574471 0.607013 0.549106
vn 0.61704 0.500848 0.60697
vn 0.638027 0.425162 0.641995
vn 0.658085 0.320338 0.681401
vn 0.66843 0.209506 0.713659
vn 0.677338 0.197953 0.708539
vn 0.701601 0.089997 0.706864
vn 0.697711 0.015343 0.716215
vn 0.658037 -0.142841 0.739313
vn 0.604403 -0.28114 0.745424
vn 0.543746 -0.376654 0.749981
vn 0.475731 -0.466956 0.745407
vn 0.459758 -0.502171 0.732425
vn 0.533589 -0.465568 0.706067
vn 0.713645 -0.337993 0.613573
vn 0.863273 -0.172852 0.474218
vn 0.893649 -0.15452 0.421326
vn 0.890885 -0.206603 0.404524
vn 0.886041 -0.25896 0.384539
vn 0.878765 -0.311404 0.361663
vn 0.86852 -0.363667 0.336779
vn 0.854735 -0.415407 0.311232
vn 0.837879 -0.456933 0.298615
vn 0.804091 -0.47035 0.363605
vn 0.702503 -0.494993 0.511343
vn 0.606034 -0.507254 0.612712
vn 0.473453 -0.607064 0.638213
vn 0.370274 -0.728225 0.576702
vn 0.425433 -0.788069 0.444921
vn 0.530535 -0.797728 0.286641
vn 0.556026 -0.806862 0.199521
vn 0.520167 -0.834472 0.181888
vn 0.473474 -0.863441 0.174046
vn 0.425203 -0.889712 0.166179
vn 0.375432 -0.913137 0.158844
vn 0.416025 -0.901156 0.121821
vn 0.739513 -0.671788 -0.042687
vn 0.799674 -0.591248 -0.104626
vn 0.587524 -0.809206 0.001138
vn 0.063326 -0.96732 0.245522
vn -0.407544 -0.81399 0.413919
vn -0.582385 -0.671703 0.457868
vn -0.576215 -0.701641 0.419137
vn -0.307505 -0.906216 0.290197
vn 0.17541 -0.957706 0.228101
vn 0.343163 -0.882593 0.321354
vn 0.319097 -0.891478 0.321627
vn -0.026386 -0.953396 0.300566
vn -0.592166 -0.750054 0.294547
vn -0.857885 -0.422836 0.291966
vn -0.815241 -0.505327 0.28289
vn -0.574826 -0.784593 0.232356
vn -0.559782 -0.79471 0.234692
vn -0.600453 -0.758053 0.254581
vn -0.639432 -0.720049 0.269549
vn -0.676746 -0.680904 0.279971
vn -0.712228 -0.640512 0.287185
vn -0.745523 -0.59855 0.293144
vn -0.776128 -0.55467 0.299946
vn -0.802652 -0.509552 0.310009
vn -0.69588 -0.620849 0.360967
vn -0.431151 -0.77697 0.458723
vn -0.304404 -0.808555 0.503565
vn -0.404427 -0.73379 0.545885
vn -0.607601 -0.569978 0.553124
vn -0.794509 -0.341525 0.502112
vn -0.90279 -0.103993 0.417319
vn -0.940625 0.10749 0.321978
vn -0.933194 0.279699 0.22565
vn -0.900817 0.408586 0.146924
vn -0.86107 0.500068 0.092145
vn -0.823855 0.563397 0.06203
vn -0.793451 0.606079 0.055714
vn -0.771151 0.632422 0.073274
vn -0.756798 0.643024 0.117371
vn -0.745448 0.638989 0.189737
vn -0.730613 0.622862 0.279728
vn -0.714214 0.591774 0.373767
vn -0.683899 0.546728 0.483085
vn -0.633642 0.487697 0.600541
vn -0.612464 0.444915 0.653405
vn -0.582835 0.467911 0.664351
vn -0.550775 0.495522 0.671643
vn -0.517664 0.521189 0.678517
vn -0.483678 0.544975 0.684878
vn -0.449005 0.567004 0.690581
vn -0.418975 0.590421 0.689828
vn -0.42259 0.632079 0.649534
vn -0.461216 0.701605 0.543167
vn -0.461456 0.780942 0.420938
vn -0.386425 0.855431 0.344839
vn -0.28064 0.902584 0.32647
vn -0.223668 0.916376 0.332005
vn -0.203184 0.922345 0.328627
vn -0.184442 0.932547 0.310381
vn -0.166409 0.945234 0.280785
vn -0.146045 0.958108 0.246374
vn -0.048759 0.928922 0.367051
vn -0.069184 0.894167 0.442356
vn -0.028871 0.957169 0.288088
vn -0.009335 0.975576 0.219465
vn 0.018428 0.985005 0.171539
vn 0.050019 0.988904 0.139883
vn 0.089477 0.9882 0.124314
vn 0.129677 0.984537 0.117773
vn 0.177838 0.976079 0.125074
vn 0.227289 0.963795 0.139424
vn 0.278046 0.947586 0.157391
vn 0.34201 0.919672 0.192959
vn 0.394346 0.891945 0.221193
vn 0.451146 0.856811 0.249686
vn 0.522872 0.800035 0.294192
vn 0.571902 0.755364 0.319928
vn 0.61409 0.708548 0.347639
vn 0.667031 0.632149 0.394281
vn 0.700718 0.576374 0.420461
vn 0.742792 0.484361 0.462228
vn 0.767679 0.416221 0.487267
vn 0.788813 0.336191 0.514538
vn 0.805539 0.2273 0.547213
vn 0.80985 0.138725 0.569999
vn 0.783653 -0.078449 0.616225
vn 0.745619 -0.212989 0.631418
vn 0.68644 -0.327281 0.649375
vn 0.58911 -0.456572 0.666702
vn 0.534919 -0.523145 0.663462
vn 0.560273 -0.533104 0.633951
vn 0.714512 -0.423989 0.556512
vn 0.874456 -0.231912 0.42608
vn 0.906575 -0.210175 0.365989
vn 0.90101 -0.26326 0.344783
vn 0.892884 -0.316319 0.320469
vn 0.88168 -0.369068 0.293987
vn 0.866858 -0.420893 0.26722
vn 0.87231 -0.410145 0.266187
vn 0.905049 -0.273478 0.325723
vn 0.849586 -0.236639 0.471387
vn 0.688203 -0.376861 0.619962
vn 0.452476 -0.583658 0.674247
vn 0.233875 -0.721108 0.652155
vn 0.128057 -0.776277 0.617249
vn 0.165643 -0.821462 0.545677
vn 0.301389 -0.866879 0.397096
vn 0.434599 -0.872763 0.222281
vn 0.469159 -0.873678 0.128752
vn 0.428599 -0.896617 0.111271
vn 0.378306 -0.919893 0.10335
vn 0.331667 -0.938633 0.094683
vn 0.50578 -0.861989 -0.034085
vn 0.738033 -0.630315 -0.240852
vn 0.701976 -0.652612 -0.28518
vn 0.485585 -0.856539 -0.174782
vn 0.00103 -0.994797 0.10187
vn -0.438171 -0.837121 0.327467
vn -0.620405 -0.675698 0.398158
vn -0.508908 -0.758161 0.407681
vn 0.178055 -0.926723 0.33088
vn 0.368914 -0.8844 0.2859
vn 0.132063 -0.967808 0.214261
vn -0.364276 -0.930642 0.034752
vn -0.75646 -0.646798 -0.097055
vn -0.909706 -0.412273 -0.04966
vn -0.880689 -0.464951 0.09059
vn -0.642045 -0.747815 0.168969
vn -0.56644 -0.80421 0.179977
vn -0.608231 -0.76793 0.200843
vn -0.648228 -0.730011 0.216527
vn -0.686439 -0.690714 0.22741
vn -0.722716 -0.650001 0.234903
vn -0.756756 -0.607622 0.241073
vn -0.78812 -0.563285 0.248147
vn -0.798232 -0.53776 0.271368
vn -0.590113 -0.743914 0.313621
vn -0.354096 -0.853297 0.382753
vn -0.370886 -0.824947 0.426504
vn -0.621219 -0.632568 0.462541
vn -0.868716 -0.317506 0.38016
vn -0.968033 -0.029869 0.249039
vn -0.976099 0.157853 0.149373
vn -0.948207 0.304004 0.092119
vn -0.9077 0.416847 0.04816
vn -0.871975 0.489124 0.020415
vn -0.846076 0.532672 0.020367
vn -0.836287 0.545323 0.056984
vn -0.827482 0.545796 0.131835
vn -0.823651 0.522935 0.219405
vn -0.816082 0.483318 0.316881
vn -0.800533 0.438334 0.408669
vn -0.767894 0.40946 0.492627
vn -0.725893 0.398791 0.560398
vn -0.690623 0.400689 0.60207
vn -0.663174 0.41985 0.619618
vn -0.632934 0.452064 0.628517
vn -0.601319 0.482727 0.636703
vn -0.568457 0.511405 0.644454
vn -0.53448 0.538091 0.651758
vn -0.499566 0.562845 0.658513
vn -0.463906 0.585783 0.664567
vn -0.427666 0.607052 0.669769
vn -0.390959 0.626785 0.674011
vn -0.359269 0.648536 0.671064
vn -0.343516 0.686756 0.640596
vn -0.312169 0.738928 0.597106
vn -0.261522 0.774413 0.576099
vn -0.212722 0.786893 0.579265
vn -0.175399 0.79447 0.581422
vn -0.139693 0.808647 0.571468
vn -0.110966 0.830591 0.545715
vn -0.088435 0.859986 0.502597
vn 0.029013 0.801943 0.596696
vn -0.008289 0.777416 0.628933
vn 0.055532 0.839127 0.541094
vn 0.069329 0.885031 0.460341
vn 0.082586 0.928796 0.361272
vn 0.099588 0.959163 0.264741
vn 0.120075 0.974535 0.189378
vn 0.151004 0.97849 0.140557
vn 0.183867 0.977146 0.10667
vn 0.224567 0.97024 0.090574
vn 0.269783 0.959028 0.086507
vn 0.315934 0.944827 0.086534
vn 0.373088 0.922022 0.103353
vn 0.434943 0.893086 0.114989
vn 0.49328 0.86261 0.112154
vn 0.549851 0.825702 0.126016
vn 0.592354 0.794173 0.135671
vn 0.635194 0.759096 0.142481
vn 0.685573 0.710253 0.159783
vn 0.722636 0.671794 0.162754
vn 0.77113 0.611134 0.178533
vn 0.800736 0.572355 0.176723
vn 0.849199 0.491754 0.192453
vn 0.89026 0.412479 0.193126
vn 0.928763 0.30697 0.207771
vn 0.950719 0.07743 0.300229
vn 0.928283 -0.075254 0.364181
vn 0.865107 -0.239486 0.440722
vn 0.738998 -0.428363 0.519987
vn 0.642938 -0.532755 0.550275
vn 0.62155 -0.554123 0.553736
vn 0.735801 -0.443834 0.511477
vn 0.848799 -0.308675 0.429254
vn 0.857573 -0.322838 0.400429
vn 0.832594 -0.388752 0.394536
vn 0.797756 -0.458936 0.391104
vn 0.767211 -0.517926 0.378339
vn 0.829192 -0.463245 0.3128
vn 0.967987 -0.180121 0.17481
vn 0.995207 -0.016508 0.096391
vn 0.968934 -0.212759 0.126101
vn 0.824878 -0.529681 0.197518
vn 0.538765 -0.767649 0.347055
vn 0.288413 -0.829262 0.478689
vn 0.115173 -0.831717 0.543123
vn 0.035669 -0.840068 0.541307
vn 0.071761 -0.88151 0.46668
vn 0.216443 -0.928059 0.303081
vn 0.358948 -0.924973 0.124823
vn 0.379544 -0.923884 0.048832
vn 0.328237 -0.943704 0.041038
vn 0.283141 -0.958618 0.029696
vn 0.497537 -0.852212 -0.161839
vn 0.679487 -0.647972 -0.344138
vn 0.652421 -0.668236 -0.357501
vn 0.442982 -0.862193 -0.245744
vn -0.037584 -0.998999 0.024275
vn -0.479306 -0.835449 0.268869
vn -0.544543 -0.749919 0.375626
vn 0.032761 -0.933967 0.355855
vn 0.260292 -0.944216 0.201752
vn -0.193778 -0.980929 0.015107
vn -0.645521 -0.741929 -0.18123
vn -0.829102 -0.503444 -0.243174
vn -0.872832 -0.44175 -0.207418
vn -0.820576 -0.567884 -0.064521
vn -0.628099 -0.774711 0.072904
vn -0.571308 -0.811166 0.124966
vn -0.614135 -0.775437 0.146752
vn -0.655061 -0.737761 0.163106
vn -0.682223 -0.707679 0.183743
vn -0.697148 -0.678269 0.232242
vn -0.757906 -0.595216 0.267015
vn -0.800731 -0.554527 0.22656
vn -0.791777 -0.574953 0.206199
vn -0.556168 -0.801349 0.220266
vn -0.409518 -0.880242 0.239725
vn -0.601453 -0.765528 0.228522
vn -0.915068 -0.365763 0.169907
vn -0.996859 0.043479 0.066194
vn -0.971817 0.234871 -0.020188
vn -0.945657 0.319228 -0.061862
vn -0.923516 0.37886 -0.059857
vn -0.913399 0.407058 0.002524
vn -0.905802 0.400337 0.138758
vn -0.888207 0.346289 0.301948
vn -0.853224 0.23626 0.464963
vn -0.79074 0.177897 0.585733
vn -0.761283 0.233679 0.604849
vn -0.787181 0.280434 0.549275
vn -0.791056 0.293437 0.536773
vn -0.766113 0.319489 0.557671
vn -0.73947 0.358359 0.569879
vn -0.711372 0.395696 0.58084
vn -0.681862 0.431239 0.590845
vn -0.650945 0.464908 0.600109
vn -0.618644 0.496615 0.608813
vn -0.585033 0.526295 0.617049
vn -0.550247 0.553939 0.624804
vn -0.514465 0.579602 0.631971
vn -0.477881 0.603394 0.638392
vn -0.440662 0.625458 0.643909
vn -0.402926 0.645922 0.648411
vn -0.364728 0.664869 0.651861
vn -0.326073 0.68232 0.654306
vn -0.286936 0.698234 0.655848
vn -0.247289 0.712526 0.656624
vn -0.207118 0.725091 0.656768
vn -0.166434 0.735828 0.656397
vn -0.125275 0.744644 0.6556
vn -0.084401 0.752176 0.653534
vn -0.045714 0.761734 0.646275
vn 0.043892 0.779768 0.624528
vn 0.000376 0.779606 0.62627
vn 0.087314 0.777852 0.622352
vn 0.125287 0.78295 0.609337
vn 0.162841 0.801683 0.575141
vn 0.189053 0.838873 0.510443
vn 0.202488 0.88618 0.416754
vn 0.216605 0.925811 0.309769
vn 0.235815 0.947443 0.2162
vn 0.256481 0.955706 0.14437
vn 0.28727 0.952858 0.097659
vn 0.325667 0.942883 0.070088
vn 0.365516 0.929543 0.048448
vn 0.43367 0.900372 0.035511
vn 0.493686 0.869398 0.020544
vn 0.53211 0.846668 0.003587
vn 0.570931 0.82098 -0.005375
vn 0.608509 0.793409 -0.014755
vn 0.645877 0.762952 -0.027347
vn 0.683966 0.728533 -0.037804
vn 0.715439 0.69648 -0.055337
vn 0.750774 0.656794 -0.070428
vn 0.781208 0.617328 -0.092846
vn 0.837008 0.538287 -0.098307
vn 0.877046 0.468346 -0.106964
vn 0.921325 0.379352 -0.085161
vn 0.969648 0.233524 0.072449
vn 0.949296 -0.024419 0.313433
vn 0.859171 -0.257813 0.441993
vn 0.739063 -0.430713 0.51795
vn 0.626495 -0.519706 0.58087
vn 0.565736 -0.535949 0.626659
vn 0.587805 -0.493046 0.641397
vn 0.614198 -0.479663 0.626645
vn 0.590884 -0.527544 0.610371
vn 0.556348 -0.578404 0.596595
vn 0.51572 -0.630659 0.579916
vn 0.483143 -0.678509 0.553352
vn 0.663332 -0.607515 0.43694
vn 0.969176 -0.246356 0.002352
vn 0.949147 -0.105145 -0.296757
vn 0.899633 -0.260562 -0.350381
vn 0.846509 -0.469884 -0.250264
vn 0.712366 -0.701427 -0.02313
vn 0.448252 -0.86125 0.239415
vn 0.180239 -0.892784 0.412857
vn 0.006002 -0.875348 0.483457
vn -0.062219 -0.875335 0.479498
vn 0.008832 -0.923852 0.382648
vn 0.185307 -0.967253 0.173443
vn 0.310919 -0.950423 0.005046
vn 0.275604 -0.960917 -0.026084
vn 0.231589 -0.972005 -0.039665
vn 0.456081 -0.857699 -0.237365
vn 0.644796 -0.647896 -0.405549
vn 0.612104 -0.673569 -0.414286
vn 0.390653 -0.865359 -0.313917
vn -0.103171 -0.993383 -0.050461
vn -0.442237 -0.875294 0.195668
vn -0.136953 -0.965392 0.221952
vn 0.002008 -0.999882 0.015217
vn -0.52105 -0.825711 -0.216121
vn -0.766024 -0.557553 -0.31991
vn -0.827483 -0.463142 -0.317446
vn -0.795561 -0.55837 -0.23517
vn -0.669023 -0.739097 -0.078381
vn -0.557885 -0.82946 0.027588
vn -0.574397 -0.815593 0.069832
vn -0.618171 -0.780583 0.092489
vn -0.60048 -0.785033 0.152142
vn -0.538619 -0.782688 0.31191
vn -0.537327 -0.706786 0.460145
vn -0.68949 -0.536979 0.486063
vn -0.844996 -0.414472 0.337928
vn -0.820805 -0.546248 0.16701
vn -0.619125 -0.776633 0.116299
vn -0.577007 -0.816342 0.02547
vn -0.843349 -0.531109 -0.081768
vn -0.985963 -0.123143 -0.11275
vn -0.991914 0.122688 -0.032475
vn -0.981183 0.177417 0.076175
vn -0.969515 0.145374 0.197248
vn -0.940807 0.088446 0.3272
vn -0.890038 -0.013369 0.455691
vn -0.798262 -0.130825 0.587931
vn -0.679818 -0.19529 0.706901
vn -0.575903 -0.239568 0.781629
vn -0.501915 -0.208025 0.839528
vn -0.452786 -0.016641 0.891464
vn -0.518377 0.182848 0.835375
vn -0.686011 0.290089 0.667261
vn -0.775032 0.32409 0.542486
vn -0.757866 0.367258 0.539222
vn -0.729344 0.405675 0.550895
vn -0.699332 0.44227 0.561545
vn -0.667842 0.476957 0.571401
vn -0.634902 0.509646 0.580655
vn -0.600591 0.54027 0.589405
vn -0.565047 0.568815 0.597637
vn -0.528453 0.595332 0.605242
vn -0.491001 0.619927 0.612053
vn -0.452863 0.642736 0.617904
vn -0.414158 0.663883 0.622682
vn -0.374948 0.683446 0.626351
vn -0.335241 0.701444 0.628959
vn -0.29502 0.717833 0.630617
vn -0.254261 0.732528 0.63147
vn -0.212955 0.745424 0.631659
vn -0.171121 0.756419 0.631307
vn -0.1288 0.765421 0.630509
vn -0.086056 0.772347 0.629344
vn -0.042967 0.777109 0.627898
vn 0.044959 0.799232 0.599339
vn 0.000358 0.799167 0.601109
vn 0.089594 0.796944 0.597372
vn 0.134161 0.792379 0.595094
vn 0.178572 0.785594 0.592414
vn 0.222534 0.77704 0.588802
vn 0.260825 0.778133 0.571384
vn 0.298112 0.794794 0.528613
vn 0.322372 0.831246 0.452887
vn 0.339523 0.870582 0.356106
vn 0.354238 0.900674 0.251599
vn 0.373507 0.913114 0.163447
vn 0.406964 0.907946 0.100078
vn 0.461962 0.885524 0.049376
vn 0.514373 0.857499 0.010776
vn 0.549078 0.835608 -0.016535
vn 0.576747 0.815631 -0.045928
vn 0.610833 0.788501 -0.071754
vn 0.639617 0.762604 -0.096566
vn 0.670449 0.731997 -0.121155
vn 0.697752 0.70136 -0.145725
vn 0.724362 0.667793 -0.171323
vn 0.754237 0.626567 -0.196316
vn 0.782557 0.5841 -0.215479
vn 0.821643 0.552181 -0.141419
vn 0.893499 0.438884 0.095082
vn 0.876545 0.369688 0.30822
vn 0.853556 0.168606 0.492964
vn 0.771172 -0.179991 0.610653
vn 0.67591 -0.362952 0.641414
vn 0.596151 -0.440578 0.67119
vn 0.528463 -0.483904 0.697541
vn 0.484053 -0.515184 0.707304
vn 0.47676 -0.539025 0.694372
vn 0.473082 -0.577538 0.665314
vn 0.468228 -0.617213 0.632305
vn 0.458711 -0.658249 0.596903
vn 0.433265 -0.704691 0.561865
vn 0.368076 -0.764729 0.528876
vn 0.370383 -0.810132 0.454426
vn 0.67121 -0.729805 0.129853
vn 0.840055 -0.396196 -0.370588
vn 0.834973 -0.207658 -0.509606
vn 0.826256 -0.327539 -0.458278
vn 0.775056 -0.550367 -0.310457
vn 0.590998 -0.805365 -0.04592
vn 0.287278 -0.930085 0.228939
vn 0.030363 -0.92114 0.388046
vn -0.116469 -0.88999 0.440855
vn -0.141702 -0.905589 0.399786
vn -0.00278 -0.979053 0.203588
vn 0.217178 -0.974938 -0.04826
vn 0.219919 -0.970003 -0.103583
vn 0.187606 -0.974416 -0.123767
vn 0.440636 -0.838885 -0.319549
vn 0.622781 -0.641617 -0.447741
vn 0.571654 -0.688651 -0.446062
vn 0.311739 -0.882653 -0.35177
vn -0.160104 -0.980002 -0.118163
vn -0.254383 -0.967044 -0.010709
vn -0.30663 -0.930659 -0.199629
vn -0.687904 -0.642761 -0.337116
vn -0.795693 -0.483981 -0.364192
vn -0.771889 -0.543008 -0.330651
vn -0.651966 -0.730313 -0.203918
vn -0.52569 -0.846837 -0.080732
vn -0.529053 -0.848446 -0.015571
vn -0.575687 -0.817519 0.015688
vn -0.59151 -0.804109 0.059374
vn -0.430007 -0.888816 0.15843
vn -0.2641 -0.907496 0.326655
vn -0.369166 -0.781237 0.503375
vn -0.699374 -0.440618 0.562789
vn -0.905168 -0.122073 0.407148
vn -0.837374 -0.46841 0.281774
vn -0.570553 -0.76019 0.310775
vn -0.550359 -0.795223 0.254412
vn -0.760735 -0.612033 0.216097
vn -0.881084 -0.419898 0.217664
vn -0.890804 -0.329107 0.3133
vn -0.822456 -0.324765 0.467004
vn -0.720963 -0.355196 0.595019
vn -0.631656 -0.370048 0.681231
vn -0.563244 -0.368976 0.739333
vn -0.534637 -0.370024 0.759767
vn -0.533845 -0.337437 0.775336
vn -0.537321 -0.304775 0.786383
vn -0.534821 -0.243395 0.809151
vn -0.474725 -0.036845 0.879363
vn -0.385133 0.210593 0.898512
vn -0.435728 0.351582 0.828572
vn -0.642355 0.397831 0.655066
vn -0.761277 0.386586 0.520584
vn -0.746188 0.415028 0.520534
vn -0.71572 0.452617 0.531867
vn -0.683702 0.488267 0.542352
vn -0.65017 0.521885 0.552191
vn -0.615208 0.553399 0.561488
vn -0.578955 0.582794 0.57023
vn -0.541598 0.610115 0.578301
vn -0.503331 0.635465 0.585527
vn -0.464329 0.658974 0.591737
vn -0.424713 0.68076 0.596813
vn -0.384549 0.700899 0.600719
vn -0.343853 0.719405 0.603508
vn -0.30261 0.736234 0.605299
vn -0.260804 0.751299 0.606244
vn -0.218431 0.764496 0.606493
vn -0.175516 0.775723 0.606175
vn -0.132104 0.78489 0.60539
vn -0.088264 0.791912 0.604222
vn -0.044078 0.796704 0.60276
vn 0.045957 0.817451 0.574162
vn 0.00034 0.817488 0.575946
vn 0.091596 0.815002 0.572173
vn 0.137151 0.810215 0.569861
vn 0.182531 0.803146 0.567131
vn 0.227653 0.793834 0.563916
vn 0.272438 0.782305 0.560157
vn 0.31681 0.768585 0.555795
vn 0.359828 0.754765 0.548501
vn 0.397733 0.753667 0.523253
vn 0.435467 0.76553 0.473638
vn 0.460132 0.79485 0.395591
vn 0.487363 0.81761 0.306579
vn 0.529265 0.817401 0.227452
vn 0.577215 0.798097 0.172811
vn 0.606133 0.786029 0.121495
vn 0.637805 0.766433 0.07606
vn 0.666318 0.74479 0.036158
vn 0.69667 0.717384 0.003313
vn 0.727746 0.685518 -0.021221
vn 0.760001 0.648707 -0.039715
vn 0.792749 0.607151 -0.054016
vn 0.824691 0.56151 -0.067758
vn 0.839255 0.541312 -0.051319
vn 0.756298 0.654218 0.003342
vn 0.71734 0.676582 0.166311
vn 0.771362 0.471908 0.42697
vn 0.823179 0.216264 0.524982
vn 0.838408 -0.07639 0.539664
vn 0.774036 -0.265875 0.574612
vn 0.710268 -0.353953 0.60847
vn 0.663723 -0.418272 0.620097
vn 0.643037 -0.466102 0.607662
vn 0.641488 -0.508068 0.574769
vn 0.656788 -0.542504 0.523755
vn 0.674525 -0.576566 0.461072
vn 0.681914 -0.613255 0.398639
vn 0.65533 -0.6645 0.35914
vn 0.572526 -0.735587 0.362112
vn 0.415391 -0.812418 0.409179
vn 0.230669 -0.860973 0.453341
vn 0.222715 -0.907739 0.35554
vn 0.643784 -0.739321 -0.197349
vn 0.799426 -0.226796 -0.55631
vn 0.787642 -0.253233 -0.561687
vn 0.770422 -0.412493 -0.486106
vn 0.66803 -0.678926 -0.304623
vn 0.396096 -0.918055 -0.016832
vn 0.069775 -0.971661 0.225845
vn -0.154205 -0.931254 0.330133
vn -0.264123 -0.913383 0.30979
vn -0.12862 -0.985106 0.114116
vn 0.165356 -0.975706 -0.143717
vn 0.163646 -0.970003 -0.179761
vn 0.162798 -0.962415 -0.217382
vn 0.457749 -0.796892 -0.394244
vn 0.606151 -0.638398 -0.474373
vn 0.52976 -0.715429 -0.455539
vn 0.187133 -0.917789 -0.350205
vn -0.231786 -0.953275 -0.193759
vn -0.52186 -0.821255 -0.230657
vn -0.781049 -0.548231 -0.299007
vn -0.783477 -0.510018 -0.355029
vn -0.664118 -0.680979 -0.308568
vn -0.498891 -0.844161 -0.196217
vn -0.477263 -0.870267 -0.121879
vn -0.527228 -0.845624 -0.083371
vn -0.558091 -0.829035 -0.035141
vn -0.464068 -0.882565 0.075631
vn -0.243157 -0.943687 0.224342
vn -0.146064 -0.948293 0.281791
vn -0.395356 -0.86869 0.298448
vn -0.880849 -0.404846 0.245367
vn -0.966452 -0.067207 0.247899
vn -0.768932 -0.495031 0.404584
vn -0.407156 -0.809674 0.422672
vn -0.449788 -0.780055 0.434976
vn -0.572796 -0.685567 0.449336
vn -0.639159 -0.597045 0.484782
vn -0.665791 -0.533126 0.522015
vn -0.680039 -0.47549 0.558083
vn -0.687042 -0.425949 0.588678
vn -0.694265 -0.377353 0.612862
vn -0.699942 -0.326945 0.634971
vn -0.708561 -0.276741 0.649119
vn -0.71991 -0.22363 0.657054
vn -0.729457 -0.166859 0.663363
vn -0.737396 -0.096146 0.668583
vn -0.69388 0.09677 0.713559
vn -0.52816 0.389992 0.75429
vn -0.415072 0.556602 0.71966
vn -0.491986 0.584764 0.644981
vn -0.70359 0.47065 0.532399
vn -0.758667 0.427015 0.492019
vn -0.731084 0.462319 0.501774
vn -0.698588 0.498883 0.512923
vn -0.664513 0.533381 0.523381
vn -0.628945 0.56574 0.53326
vn -0.592033 0.595938 0.542545
vn -0.553962 0.62402 0.551113
vn -0.514931 0.650082 0.558784
vn -0.475115 0.674249 0.565379
vn -0.434642 0.696635 0.570777
vn -0.39358 0.717312 0.574941
vn -0.35195 0.736292 0.577931
vn -0.309745 0.753529 0.579873
vn -0.266952 0.768935 0.580927
vn -0.223575 0.782407 0.581252
vn -0.179642 0.793844 0.580983
vn -0.135205 0.803155 0.580226
vn -0.090335 0.810258 0.57907
vn -0.045121 0.815068 0.577606
vn 0.046891 0.834529 0.548965
vn 0.000322 0.83467 0.55075
vn 0.093471 0.83192 0.546967
vn 0.139951 0.826916 0.544632
vn 0.186236 0.819573 0.541864
vn 0.232239 0.809929 0.538591
vn 0.277876 0.798013 0.534753
vn 0.323069 0.78385 0.530289
vn 0.36774 0.767465 0.525133
vn 0.411812 0.748881 0.519218
vn 0.455205 0.72811 0.512488
vn 0.496502 0.708932 0.500899
vn 0.534448 0.700945 0.472272
vn 0.577303 0.691838 0.433683
vn 0.620657 0.675291 0.398455
vn 0.659825 0.656905 0.364837
vn 0.696915 0.6363 0.330804
vn 0.731659 0.613332 0.297488
vn 0.766055 0.583286 0.270069
vn 0.797816 0.549961 0.247048
vn 0.830395 0.506295 0.232614
vn 0.860609 0.458026 0.22263
vn 0.890004 0.401523 0.216036
vn 0.875927 0.450713 0.172073
vn 0.765661 0.632056 0.11945
vn 0.676406 0.734072 0.06011
vn 0.763259 0.645865 0.017181
vn 0.90359 0.428352 -0.006286
vn 0.980938 0.193006 0.022579
vn 0.994054 0.025736 0.105806
vn 0.976694 -0.09858 0.19066
vn 0.94972 -0.201262 0.239845
vn 0.931331 -0.272757 0.241301
vn 0.928192 -0.315501 0.197275
vn 0.933039 -0.338801 0.12105
vn 0.936807 -0.348447 0.031268
vn 0.927873 -0.369368 -0.051176
vn 0.910216 -0.398208 -0.113744
vn 0.87271 -0.473977 -0.117143
vn 0.783022 -0.621744 -0.01764
vn 0.525683 -0.83248 0.175028
vn 0.179855 -0.937913 0.296599
vn 0.045676 -0.961817 0.269856
vn 0.538468 -0.827447 -0.159325
vn 0.779869 -0.319717 -0.538131
vn 0.773633 -0.242444 -0.585417
vn 0.758426 -0.340371 -0.555822
vn 0.685623 -0.569725 -0.453138
vn 0.459166 -0.857994 -0.230248
vn 0.070612 -0.995859 0.057253
vn -0.250752 -0.944948 0.210231
vn -0.376835 -0.904825 0.198211
vn -0.139682 -0.989881 -0.025007
vn 0.147742 -0.958859 -0.242409
vn 0.10739 -0.960459 -0.256878
vn 0.178732 -0.930438 -0.319905
vn 0.539174 -0.741767 -0.398839
vn 0.615419 -0.696734 -0.36854
vn 0.384591 -0.849394 -0.361413
vn -0.051837 -0.943335 -0.327768
vn -0.52517 -0.827195 -0.199859
vn -0.824194 -0.557405 -0.100023
vn -0.811818 -0.553117 -0.187117
vn -0.557246 -0.778564 -0.288643
vn -0.426057 -0.874452 -0.231967
vn -0.472175 -0.860944 -0.18928
vn -0.506799 -0.850775 -0.139055
vn -0.441257 -0.897025 -0.025261
vn -0.244965 -0.958838 0.1436
vn -0.117477 -0.959485 0.2561
vn -0.216634 -0.946761 0.238145
vn -0.628317 -0.776404 0.049138
vn -0.952715 -0.259449 -0.158176
vn -0.944105 -0.318602 -0.084608
vn -0.658544 -0.66199 0.357897
vn -0.433805 -0.824377 0.363616
vn -0.631611 -0.706037 0.320281
vn -0.789446 -0.562787 0.245041
vn -0.873648 -0.439661 0.208414
vn -0.913346 -0.34862 0.210389
vn -0.929868 -0.282134 0.236105
vn -0.936091 -0.223486 0.271639
vn -0.939398 -0.164444 0.300816
vn -0.943789 -0.100587 0.314872
vn -0.945891 -0.03267 0.322837
vn -0.945336 0.039667 0.323677
vn -0.942428 0.118596 0.312672
vn -0.932949 0.19856 0.300301
vn -0.884323 0.343545 0.316148
vn -0.696123 0.610342 0.378016
vn -0.496707 0.771801 0.396995
vn -0.481988 0.77003 0.41802
vn -0.665315 0.591706 0.455237
vn -0.766445 0.445357 0.462838
vn -0.745466 0.4714 0.471235
vn -0.712545 0.508836 0.48308
vn -0.677976 0.544172 0.494192
vn -0.641854 0.577335 0.504685
vn -0.604331 0.608299 0.514545
vn -0.565595 0.637103 0.523642
vn -0.525849 0.66384 0.531788
vn -0.48527 0.68863 0.538797
vn -0.44399 0.711582 0.544541
vn -0.402082 0.732764 0.548987
vn -0.359572 0.752187 0.552199
vn -0.316458 0.769802 0.55431
vn -0.272735 0.785523 0.55549
vn -0.228411 0.799247 0.555906
vn -0.18352 0.810874 0.555702
vn -0.138118 0.820312 0.554988
vn -0.09228 0.827482 0.553857
vn -0.046099 0.8323 0.552406
vn 0.047768 0.850557 0.523708
vn 0.000305 0.850805 0.525482
vn 0.09523 0.84779 0.521713
vn 0.142576 0.842574 0.519366
vn 0.189707 0.834965 0.51657
vn 0.236533 0.825002 0.513248
vn 0.282966 0.812715 0.509338
vn 0.328923 0.798129 0.504777
vn 0.374322 0.781271 0.499498
vn 0.419082 0.762166 0.49343
vn 0.463119 0.740828 0.486512
vn 0.506337 0.717261 0.478705
vn 0.548633 0.691457 0.469988
vn 0.589891 0.663407 0.460347
vn 0.629996 0.63311 0.449753
vn 0.668838 0.600584 0.438126
vn 0.70632 0.565875 0.425322
vn 0.742333 0.529123 0.411061
vn 0.776781 0.490488 0.395009
vn 0.809689 0.449131 0.377738
vn 0.840429 0.406195 0.358725
vn 0.869022 0.361257 0.338074
vn 0.895003 0.314355 0.316466
vn 0.913736 0.289183 0.285412
vn 0.852105 0.510052 0.117323
vn 0.710551 0.69567 -0.105647
vn 0.738193 0.632369 -0.234906
vn 0.813683 0.48499 -0.320475
vn 0.875791 0.349969 -0.332433
vn 0.917041 0.262778 -0.299974
vn 0.94964 0.176872 -0.258652
vn 0.968354 0.095928 -0.230411
vn 0.972919 0.029746 -0.229225
vn 0.965738 -0.011656 -0.259258
vn 0.949906 -0.031093 -0.310986
vn 0.927093 -0.037143 -0.372986
vn 0.893211 -0.066955 -0.444624
vn 0.851263 -0.073618 -0.51955
vn 0.824223 -0.075998 -0.561143
vn 0.820323 -0.133844 -0.556018
vn 0.781533 -0.376914 -0.497134
vn 0.49521 -0.817971 -0.292729
vn 0.100249 -0.993903 -0.045907
vn 0.118547 -0.992882 -0.011459
vn 0.583344 -0.764159 -0.275265
vn 0.746351 -0.422194 -0.514502
vn 0.757223 -0.262573 -0.598054
vn 0.733996 -0.304375 -0.607129
vn 0.679331 -0.476349 -0.558212
vn 0.483639 -0.78616 -0.384767
vn 0.000885 -0.998633 -0.052271
vn -0.386007 -0.912 0.138758
vn -0.441384 -0.893289 0.084942
vn -0.065663 -0.977542 -0.20025
vn 0.105201 -0.940278 -0.323744
vn 0.07253 -0.937762 -0.33962
vn 0.470038 -0.800238 -0.372402
vn 0.654296 -0.677241 -0.336512
vn 0.416295 -0.809667 -0.413687
vn 0.06814 -0.87011 -0.488124
vn -0.307647 -0.881437 -0.35836
vn -0.764459 -0.638222 -0.090965
vn -0.865253 -0.500333 -0.031674
vn -0.620896 -0.749368 -0.230077
vn -0.41198 -0.861978 -0.295409
vn -0.445462 -0.861358 -0.244184
vn -0.386668 -0.912948 -0.130441
vn -0.213926 -0.975893 0.043226
vn -0.08185 -0.979765 0.182651
vn -0.126685 -0.969766 0.208578
vn -0.433754 -0.897293 0.081998
vn -0.850146 -0.490663 -0.191053
vn -0.939544 -0.181287 -0.290504
vn -0.823589 -0.521673 -0.222617
vn -0.556815 -0.828551 -0.058822
vn -0.707617 -0.70106 -0.08828
vn -0.904188 -0.374399 -0.205595
vn -0.951751 -0.17426 -0.252594
vn -0.9655 -0.086108 -0.245753
vn -0.977105 -0.038729 -0.209205
vn -0.98496 0.015099 -0.17212
vn -0.986278 0.068691 -0.150121
vn -0.984314 0.121863 -0.127573
vn -0.977746 0.179902 -0.107926
vn -0.965417 0.239904 -0.10206
vn -0.94716 0.30415 -0.101886
vn -0.923482 0.370128 -0.100924
vn -0.894693 0.433958 -0.105855
vn -0.852816 0.511917 -0.103178
vn -0.723643 0.689616 -0.027771
vn -0.541495 0.836666 0.082299
vn -0.537068 0.819375 0.200457
vn -0.692328 0.624354 0.361752
vn -0.785873 0.453492 0.420415
vn -0.758888 0.479876 0.440236
vn -0.725599 0.518146 0.452804
vn -0.690592 0.554286 0.464596
vn -0.65397 0.588218 0.475734
vn -0.615887 0.619915 0.486198
vn -0.576537 0.649409 0.495856
vn -0.536125 0.676789 0.504506
vn -0.494833 0.702171 0.511954
vn -0.452794 0.725659 0.51807
vn -0.410089 0.747318 0.522821
vn -0.36675 0.767157 0.526275
vn -0.32278 0.785126 0.528574
vn -0.27818 0.80114 0.529897
vn -0.232963 0.815095 0.530422
vn -0.187169 0.826894 0.530297
vn -0.140857 0.836445 0.52964
vn -0.094109 0.843671 0.528548
vn -0.047019 0.848488 0.527121
vn 0.048591 0.865612 0.498352
vn 0.000289 0.865966 0.500103
vn 0.09688 0.862688 0.49637
vn 0.145038 0.857267 0.494022
vn 0.192962 0.849402 0.491205
vn 0.240558 0.839132 0.487841
vn 0.287734 0.826488 0.483866
vn 0.334403 0.811498 0.479213
vn 0.38048 0.79419 0.473812
vn 0.425879 0.774588 0.467589
vn 0.470511 0.752711 0.460483
vn 0.514279 0.728566 0.452448
vn 0.557073 0.702147 0.443464
vn 0.598775 0.673449 0.433513
vn 0.639268 0.642477 0.422564
vn 0.678436 0.609251 0.410532
vn 0.71618 0.573817 0.397267
vn 0.752399 0.536231 0.38256
vn 0.78698 0.496556 0.366189
vn 0.819765 0.454842 0.348001
vn 0.850521 0.411125 0.328008
vn 0.87894 0.365435 0.306465
vn 0.904652 0.317805 0.28391
vn 0.927272 0.268306 0.261112
vn 0.937715 0.280274 0.205272
vn 0.87542 0.482953 -0.019896
vn 0.814532 0.525074 -0.246646
vn 0.819704 0.437402 -0.369817
vn 0.823037 0.381273 -0.421
vn 0.833274 0.339443 -0.436385
vn 0.850408 0.289037 -0.439617
vn 0.865496 0.237733 -0.440907
vn 0.873493 0.190597 -0.447975
vn 0.871785 0.151712 -0.465806
vn 0.858965 0.123866 -0.496827
vn 0.837146 0.095652 -0.538551
vn 0.80571 0.043503 -0.59071
vn 0.773507 -0.001903 -0.633785
vn 0.750935 0.003878 -0.660365
vn 0.727764 0.021903 -0.685478
vn 0.693014 -0.042698 -0.719658
vn 0.600808 -0.304412 -0.739164
vn 0.352023 -0.735222 -0.579248
vn 0.19419 -0.930135 -0.31167
vn 0.418123 -0.86942 -0.263217
vn 0.596088 -0.728039 -0.338581
vn 0.680722 -0.521625 -0.514321
vn 0.702822 -0.315561 -0.637544
vn 0.699693 -0.262997 -0.664276
vn 0.678898 -0.373612 -0.632069
vn 0.455266 -0.722669 -0.520078
vn -0.182627 -0.963285 -0.196796
vn -0.52287 -0.852335 -0.011463
vn -0.393714 -0.910045 -0.129643
vn 0.034706 -0.93022 -0.365357
vn 0.055212 -0.91404 -0.401849
vn 0.343652 -0.823696 -0.451029
vn 0.614625 -0.60861 -0.501827
vn 0.392719 -0.619775 -0.679449
vn 0.210104 -0.646001 -0.733852
vn 0.072501 -0.785996 -0.613965
vn -0.570004 -0.75374 -0.327064
vn -0.886392 -0.45538 -0.083295
vn -0.778452 -0.59984 -0.184946
vn -0.434425 -0.832201 -0.344551
vn -0.34406 -0.896777 -0.278234
vn -0.159815 -0.982698 -0.093613
vn -0.030618 -0.996279 0.08056
vn -0.05153 -0.98939 0.135836
vn -0.280428 -0.957886 0.061763
vn -0.697962 -0.696493 -0.166571
vn -0.909528 -0.21789 -0.353952
vn -0.868852 -0.203667 -0.451238
vn -0.774429 -0.510185 -0.374127
vn -0.605681 -0.633787 -0.481107
vn -0.756362 -0.251243 -0.603981
vn -0.785889 0.002532 -0.618363
vn -0.801114 0.107858 -0.588714
vn -0.830999 0.13295 -0.540152
vn -0.868929 0.143705 -0.473616
vn -0.892476 0.191274 -0.408535
vn -0.893536 0.242262 -0.378024
vn -0.88744 0.282973 -0.363836
vn -0.877764 0.326459 -0.350649
vn -0.86491 0.372977 -0.335885
vn -0.847686 0.419837 -0.324293
vn -0.825401 0.4682 -0.315439
vn -0.80049 0.516659 -0.303774
vn -0.771665 0.565047 -0.291984
vn -0.711475 0.660795 -0.239069
vn -0.608761 0.788925 -0.083704
vn -0.643195 0.757027 0.114932
vn -0.764855 0.557377 0.322996
vn -0.802507 0.449163 0.392727
vn -0.771361 0.487752 0.408779
vn -0.737766 0.526823 0.422088
vn -0.702381 0.563736 0.434583
vn -0.665315 0.59841 0.446388
vn -0.626727 0.630811 0.457484
vn -0.586816 0.660968 0.467726
vn -0.545789 0.688966 0.476907
vn -0.503832 0.714914 0.484821
vn -0.461084 0.738913 0.491334
vn -0.417631 0.761025 0.496411
vn -0.373511 0.781257 0.500127
vn -0.328735 0.799559 0.502632
vn -0.283307 0.815846 0.504116
vn -0.237249 0.830016 0.504763
vn -0.190603 0.841971 0.504732
vn -0.143435 0.851624 0.504145
vn -0.095829 0.858896 0.503104
vn -0.047885 0.863707 0.501715
vn 0.049364 0.879755 0.472858
vn 0.000272 0.880214 0.474577
vn 0.098429 0.876679 0.470899
vn 0.147348 0.871058 0.468558
vn 0.196015 0.862946 0.465728
vn 0.244331 0.852382 0.462329
vn 0.292202 0.839396 0.458292
vn 0.339535 0.824019 0.45355
vn 0.386243 0.80628 0.448028
vn 0.432235 0.786205 0.441651
vn 0.477417 0.763814 0.434351
vn 0.52169 0.739116 0.426084
vn 0.564939 0.712111 0.416823
vn 0.607044 0.682798 0.406552
vn 0.647882 0.651182 0.395235
vn 0.687336 0.61729 0.382782
vn 0.725298 0.581168 0.369035
vn 0.761662 0.542877 0.353773
vn 0.796304 0.502483 0.336764
vn 0.829056 0.460043 0.317846
vn 0.85968 0.415601 0.297029
vn 0.887861 0.369198 0.274581
vn 0.913237 0.320883 0.251064
vn 0.935438 0.270737 0.227284
vn 0.954151 0.2189 0.204156
vn 0.967913 0.201846 0.149676
vn 0.967268 0.25371 0.004874
vn 0.961621 0.243321 -0.126805
vn 0.94037 0.250085 -0.230569
vn 0.913535 0.250815 -0.320227
vn 0.891402 0.238152 -0.385599
vn 0.880116 0.213768 -0.42391
vn 0.87796 0.175535 -0.445392
vn 0.877515 0.126541 -0.462553
vn 0.876493 0.061681 -0.477447
vn 0.870742 -0.014651 -0.491521
vn 0.856848 -0.11572 -0.502414
vn 0.838625 -0.216773 -0.499718
vn 0.821732 -0.255198 -0.50954
vn 0.794207 -0.239877 -0.558296
vn 0.745025 -0.201171 -0.635979
vn 0.664167 -0.265464 -0.698864
vn 0.557915 -0.464239 -0.687905
vn 0.446609 -0.724782 -0.524625
vn 0.476806 -0.798399 -0.367716
vn 0.539812 -0.765753 -0.349608
vn 0.50608 -0.77271 -0.383148
vn 0.560881 -0.647373 -0.516063
vn 0.63616 -0.4006 -0.659409
vn 0.671332 -0.224094 -0.706467
vn 0.591614 -0.292181 -0.751414
vn 0.225038 -0.598198 -0.769102
vn -0.362051 -0.791356 -0.492621
vn -0.474515 -0.824606 -0.307995
vn -0.129411 -0.908267 -0.397874
vn 0.049432 -0.884356 -0.464188
vn 0.119188 -0.854183 -0.506129
vn 0.387105 -0.661976 -0.641823
vn 0.285482 -0.536228 -0.794329
vn 0.264901 -0.493411 -0.828476
vn 0.357884 -0.50798 -0.783502
vn -0.178199 -0.590845 -0.786859
vn -0.831893 -0.397242 -0.387495
vn -0.871049 -0.433036 -0.231849
vn -0.535164 -0.755623 -0.377668
vn -0.251254 -0.894343 -0.370164
vn -0.047668 -0.972593 -0.227578
vn -0.041914 -0.98843 -0.145769
vn -0.225047 -0.950719 -0.213279
vn -0.533321 -0.752527 -0.386357
vn -0.787497 -0.363292 -0.497863
vn -0.872883 -0.078097 -0.481639
vn -0.855525 -0.165872 -0.490473
vn -0.726718 -0.43809 -0.529111
vn -0.689597 -0.382012 -0.615242
vn -0.753885 -0.143542 -0.641134
vn -0.794159 -0.005029 -0.607689
vn -0.814999 0.047001 -0.577553
vn -0.826478 0.076479 -0.55775
vn -0.836434 0.120136 -0.534738
vn -0.856055 0.186972 -0.481883
vn -0.866347 0.262512 -0.424888
vn -0.8634 0.30298 -0.403414
vn -0.857955 0.3395 -0.385556
vn -0.850478 0.377275 -0.366538
vn -0.841698 0.416165 -0.344021
vn -0.830895 0.456689 -0.31788
vn -0.817625 0.49656 -0.291406
vn -0.802821 0.536235 -0.260635
vn -0.78441 0.582338 -0.2135
vn -0.757473 0.649061 -0.070386
vn -0.778588 0.605957 0.163145
vn -0.830375 0.461631 0.312047
vn -0.814768 0.453113 0.361721
vn -0.782883 0.495029 0.376883
vn -0.74905 0.534871 0.390943
vn -0.713351 0.57253 0.404153
vn -0.675901 0.60792 0.416643
vn -0.636866 0.641002 0.428389
vn -0.596449 0.671802 0.439239
vn -0.554859 0.700396 0.448973
vn -0.512288 0.72689 0.457375
vn -0.468881 0.75138 0.464305
vn -0.424729 0.773925 0.469729
vn -0.379876 0.79453 0.473726
vn -0.334341 0.813147 0.476454
vn -0.288135 0.82969 0.478113
vn -0.241284 0.844061 0.478898
vn -0.193836 0.856161 0.478974
vn -0.145861 0.865905 0.47847
vn -0.097447 0.873216 0.477492
vn -0.048699 0.878015 0.47615
vn 0.050088 0.893034 0.447193
vn 0.000257 0.893597 0.44887
vn 0.099883 0.889811 0.445265
vn 0.149516 0.883997 0.442939
vn 0.198878 0.875647 0.440103
vn 0.247867 0.8648 0.436673
vn 0.296386 0.851487 0.43258
vn 0.344338 0.83574 0.42775
vn 0.391632 0.817587 0.422109
vn 0.438172 0.797059 0.415574
vn 0.483863 0.774176 0.408078
vn 0.528597 0.748951 0.399572
vn 0.57226 0.721386 0.390027
vn 0.614725 0.691483 0.379426
vn 0.655867 0.659252 0.367729
vn 0.695564 0.624722 0.354842
vn 0.7337 0.587943 0.340599
vn 0.770162 0.548978 0.324767
vn 0.804815 0.507897 0.307104
vn 0.837481 0.464762 0.28744
vn 0.867911 0.419629 0.265785
vn 0.89579 0.372549 0.242421
vn 0.920758 0.323588 0.217934
vn 0.942467 0.272842 0.193168
vn 0.960629 0.220463 0.169079
vn 0.975068 0.166665 0.146511
vn 0.985725 0.111752 0.125924
vn 0.992997 0.064016 0.099295
vn 0.998157 0.030292 0.052583
vn 0.999835 0.006957 -0.016769
vn 0.99539 -0.009963 -0.095393
vn 0.985621 -0.021511 -0.167598
vn 0.973623 -0.045204 -0.223641
vn 0.961764 -0.094502 -0.25706
vn 0.947596 -0.164654 -0.27377
vn 0.92662 -0.251885 -0.279157
vn 0.894515 -0.350872 -0.277005
vn 0.849411 -0.455619 -0.266293
vn 0.813045 -0.5115 -0.278076
vn 0.777185 -0.547285 -0.310586
vn 0.747868 -0.553235 -0.366912
vn 0.707308 -0.557212 -0.435007
vn 0.649559 -0.59346 -0.475266
vn 0.590361 -0.661226 -0.462876
vn 0.545469 -0.726146 -0.418539
vn 0.52545 -0.745248 -0.410497
vn 0.479716 -0.76818 -0.423997
vn 0.432921 -0.78776 -0.438193
vn 0.424173 -0.756909 -0.497158
vn 0.526132 -0.548641 -0.649752
vn 0.540629 -0.337817 -0.770454
vn 0.371253 -0.360184 -0.855826
vn 0.016217 -0.558927 -0.829058
vn -0.220607 -0.738742 -0.636862
vn -0.093374 -0.841796 -0.531659
vn 0.047544 -0.849481 -0.525472
vn 0.000414 -0.842468 -0.538747
vn 0.034969 -0.792448 -0.608936
vn 0.062747 -0.695756 -0.715532
vn 0.075818 -0.63974 -0.764843
vn 0.292907 -0.49736 -0.816602
vn 0.024007 -0.38311 -0.923391
vn -0.539898 -0.28263 -0.792862
vn -0.801078 -0.328311 -0.500485
vn -0.614199 -0.645955 -0.453323
vn -0.285579 -0.83639 -0.467864
vn -0.161419 -0.852426 -0.497306
vn -0.274224 -0.758402 -0.591294
vn -0.466405 -0.561356 -0.683627
vn -0.594548 -0.356732 -0.720594
vn -0.704301 -0.19105 -0.68371
vn -0.800532 -0.12871 -0.585305
vn -0.857215 -0.255175 -0.44729
vn -0.762832 -0.482498 -0.430445
vn -0.784071 -0.430554 -0.447052
vn -0.829353 -0.347037 -0.437879
vn -0.883163 -0.282158 -0.374714
vn -0.915672 -0.257121 -0.308922
vn -0.939256 -0.207442 -0.273433
vn -0.95263 -0.130609 -0.274658
vn -0.954552 -0.031696 -0.296355
vn -0.961066 0.068279 -0.267749
vn -0.966945 0.123923 -0.222846
vn -0.967033 0.167002 -0.192243
vn -0.965051 0.208947 -0.158173
vn -0.960415 0.250176 -0.122537
vn -0.952579 0.292224 -0.084843
vn -0.941945 0.332887 -0.043891
vn -0.92867 0.370905 -0.001104
vn -0.913001 0.405477 0.04493
vn -0.893912 0.433061 0.11567
vn -0.86656 0.436044 0.242776
vn -0.854653 0.416824 0.309558
vn -0.82541 0.459024 0.328627
vn -0.793448 0.501702 0.34458
vn -0.759448 0.542288 0.359392
vn -0.723501 0.580668 0.373324
vn -0.685732 0.616752 0.386508
vn -0.646312 0.650497 0.398918
vn -0.605445 0.681921 0.41039
vn -0.563349 0.711094 0.420694
vn -0.520217 0.738117 0.429602
vn -0.4762 0.763081 0.436968
vn -0.431397 0.786043 0.442756
vn -0.38586 0.807006 0.447049
vn -0.339613 0.825923 0.450016
vn -0.292675 0.84271 0.451864
vn -0.245078 0.857268 0.4528
vn -0.196876 0.869503 0.452994
vn -0.148142 0.87933 0.452584
vn -0.098969 0.886674 0.451679
vn -0.049465 0.891458 0.450395
vn 0.050767 0.905485 0.421331
vn 0.000241 0.906149 0.422958
vn 0.101245 0.902119 0.419441
vn 0.151546 0.89612 0.417136
vn 0.201558 0.887541 0.4143
vn 0.251176 0.876423 0.410845
vn 0.300299 0.862797 0.406697
vn 0.348827 0.846694 0.401783
vn 0.396663 0.828146 0.396021
vn 0.44371 0.807183 0.389329
vn 0.489865 0.783829 0.381633
vn 0.53502 0.758098 0.372882
vn 0.579053 0.729996 0.363048
vn 0.621837 0.699527 0.352109
vn 0.66324 0.666706 0.340023
vn 0.703135 0.631565 0.326692
vn 0.7414 0.594155 0.31194
vn 0.777911 0.554543 0.295528
vn 0.812523 0.512803 0.277201
vn 0.845044 0.469003 0.256781
vn 0.875218 0.423209 0.23428
vn 0.902724 0.375488 0.209994
vn 0.927213 0.32592 0.184535
vn 0.948352 0.274619 0.158784
vn 0.965889 0.22175 0.133736
vn 0.97968 0.167535 0.110271
vn 0.989696 0.112252 0.088894
vn 0.995996 0.056203 0.069526
vn 0.998678 -0.000315 0.0514
vn 0.99783 -0.056652 0.033552
vn 0.993514 -0.112886 0.013689
vn 0.985607 -0.168616 -0.012136
vn 0.97361 -0.223447 -0.046431
vn 0.95642 -0.278329 -0.088286
vn 0.934219 -0.330191 -0.134936
vn 0.906939 -0.378441 -0.185051
vn 0.87471 -0.423288 -0.236028
vn 0.83846 -0.464786 -0.284532
vn 0.799476 -0.50338 -0.327789
vn 0.759081 -0.539711 -0.364016
vn 0.71826 -0.574362 -0.392697
vn 0.677443 -0.607638 -0.414544
vn 0.636515 -0.639472 -0.431189
vn 0.595035 -0.669457 -0.444703
vn 0.552539 -0.696987 -0.457066
vn 0.508779 -0.72147 -0.469707
vn 0.463805 -0.742544 -0.483233
vn 0.417899 -0.76021 -0.497434
vn 0.371434 -0.774832 -0.511538
vn 0.32812 -0.782907 -0.528577
vn 0.342441 -0.714699 -0.609868
vn 0.315336 -0.626738 -0.712575
vn 0.201397 -0.632876 -0.747601
vn 0.059646 -0.733069 -0.677534
vn 0.039108 -0.801129 -0.597213
vn 0.045411 -0.810348 -0.584186
vn 0.000487 -0.802035 -0.597276
vn -0.043062 -0.790552 -0.610878
vn -0.085334 -0.777595 -0.622948
vn -0.124868 -0.764438 -0.632489
vn -0.045843 -0.699249 -0.713407
vn -0.069281 -0.55715 -0.827517
vn -0.316846 -0.425672 -0.847592
vn -0.558801 -0.42633 -0.711326
vn -0.536484 -0.621546 -0.570846
vn -0.37395 -0.765107 -0.524187
vn -0.364452 -0.709914 -0.602658
vn -0.463914 -0.535061 -0.706041
vn -0.549516 -0.378893 -0.744629
vn -0.595025 -0.314065 -0.739803
vn -0.661521 -0.306253 -0.684542
vn -0.743589 -0.358443 -0.564442
vn -0.78717 -0.463548 -0.406801
vn -0.773886 -0.540279 -0.330454
vn -0.803777 -0.509138 -0.307769
vn -0.837274 -0.466307 -0.285535
vn -0.869875 -0.421931 -0.255522
vn -0.900681 -0.375675 -0.218269
vn -0.928523 -0.327224 -0.175414
vn -0.952295 -0.276461 -0.129245
vn -0.971176 -0.221798 -0.087306
vn -0.985713 -0.159235 -0.054908
vn -0.99549 -0.093542 -0.015796
vn -0.998976 -0.039893 0.021362
vn -0.998351 0.013894 0.0557
vn -0.993719 0.067057 0.089587
vn -0.985268 0.119507 0.122328
vn -0.973174 0.171445 0.153426
vn -0.957538 0.222798 0.182984
vn -0.938651 0.273128 0.210561
vn -0.916845 0.322727 0.235036
vn -0.892084 0.371691 0.256965
vn -0.864735 0.418962 0.276956
vn -0.835009 0.464356 0.295183
vn -0.803047 0.507765 0.311914
vn -0.768952 0.549067 0.327472
vn -0.732827 0.588146 0.342124
vn -0.694806 0.624904 0.356005
vn -0.655064 0.659295 0.369083
vn -0.61381 0.691328 0.381187
vn -0.571263 0.721067 0.392072
vn -0.527624 0.748606 0.4015
vn -0.483049 0.774031 0.409315
vn -0.437645 0.797397 0.415481
vn -0.391471 0.818706 0.420085
vn -0.344559 0.837911 0.423302
vn -0.296936 0.854929 0.425352
vn -0.248641 0.869666 0.426449
vn -0.19973 0.882028 0.426773
vn -0.150283 0.891931 0.426466
vn -0.100397 0.899304 0.425644
vn -0.050183 0.90407 0.424427
vn 0.041349 0.848212 -0.52804
vn -0.000139 0.849801 -0.527103
vn 0.078392 0.844958 -0.529056
vn 0.11163 0.840481 -0.530217
vn 0.142006 0.83503 -0.531562
vn 0.170041 0.828783 -0.533109
vn 0.195878 0.821928 -0.534851
vn 0.219443 0.814693 -0.536768
vn 0.240725 0.807285 -0.538835
vn 0.259998 0.799792 -0.541049
vn 0.277857 0.792124 -0.543448
vn 0.295009 0.784054 -0.546103
vn 0.311907 0.775392 -0.549073
vn 0.328419 0.766203 -0.552336
vn 0.343743 0.756973 -0.555726
vn 0.356691 0.748568 -0.558944
vn 0.36628 0.741887 -0.561642
vn 0.372418 0.737314 -0.563625
vn 0.376367 0.734181 -0.56509
vn 0.380679 0.730593 -0.566848
vn 0.388562 0.723706 -0.570324
vn 0.402911 0.710229 -0.577268
vn 0.425393 0.686924 -0.589217
vn 0.455812 0.651092 -0.606889
vn 0.491775 0.601436 -0.629628
vn 0.528808 0.539607 -0.655124
vn 0.561366 0.47201 -0.679761
vn 0.584903 0.410169 -0.69975
vn 0.597854 0.367738 -0.712278
vn 0.608109 0.321944 -0.725641
vn 0.59193 0.320267 -0.739626
vn 0.554292 0.367612 -0.746741
vn 0.539101 0.415047 -0.732875
vn 0.538714 0.44892 -0.712922
vn 0.540291 0.466349 -0.700432
vn 0.542527 0.463496 -0.700596
vn 0.542492 0.439069 -0.716185
vn 0.535832 0.392785 -0.747398
vn 0.517522 0.325766 -0.791232
vn 0.48401 0.242823 -0.840697
vn 0.436938 0.154765 -0.886077
vn 0.385396 0.076637 -0.919563
vn 0.342337 0.020763 -0.939348
vn 0.317056 -0.009324 -0.948361
vn 0.310523 -0.018876 -0.950378
vn 0.316078 -0.017779 -0.948567
vn 0.323356 -0.015872 -0.946144
vn 0.32274 -0.019614 -0.946284
vn 0.308586 -0.030817 -0.950697
vn 0.281042 -0.047187 -0.958535
vn 0.246678 -0.064045 -0.966979
vn 0.21866 -0.07468 -0.972939
vn 0.211309 -0.07244 -0.974731
vn 0.206574 -0.078433 -0.975282
vn 0.236901 -0.082197 -0.96805
vn 0.27571 -0.083357 -0.95762
vn 0.296602 -0.086345 -0.95109
vn 0.284234 -0.089787 -0.954541
vn 0.220164 -0.08742 -0.971538
vn 0.091134 -0.069649 -0.9934
vn -0.095286 -0.028494 -0.995042
vn -0.27075 0.041392 -0.961759
vn -0.422292 0.128501 -0.897306
vn -0.548198 0.189184 -0.814671
vn -0.606469 0.199828 -0.769587
vn -0.596883 0.186304 -0.780398
vn -0.550448 0.186098 -0.813864
vn -0.489839 0.188438 -0.851205
vn -0.425015 0.162454 -0.890489
vn -0.357084 0.099906 -0.928714
vn -0.314494 0.026453 -0.948891
vn -0.314978 -0.031589 -0.948573
vn -0.332797 -0.056888 -0.941281
vn -0.366665 -0.015985 -0.930216
vn -0.41769 0.080519 -0.905015
vn -0.462125 0.187938 -0.866672
vn -0.491302 0.285183 -0.822978
vn -0.505986 0.360934 -0.783393
vn -0.511235 0.413222 -0.753582
vn -0.512053 0.444995 -0.734698
vn -0.511778 0.461053 -0.724923
vn -0.511954 0.466996 -0.720984
vn -0.51264 0.46883 -0.719305
vn -0.538901 0.490427 -0.684885
vn -0.553228 0.517661 -0.652661
vn -0.549725 0.537849 -0.639156
vn -0.540534 0.558415 -0.629282
vn -0.528906 0.580827 -0.618788
vn -0.516512 0.601946 -0.608996
vn -0.504869 0.619876 -0.600717
vn -0.494597 0.634412 -0.59405
vn -0.485059 0.646845 -0.588481
vn -0.474526 0.659314 -0.583207
vn -0.460847 0.673868 -0.577513
vn -0.442363 0.691548 -0.571031
vn -0.418691 0.71191 -0.563809
vn -0.391037 0.733265 -0.556248
vn -0.361894 0.753444 -0.548958
vn -0.334246 0.77065 -0.542566
vn -0.310604 0.783973 -0.537504
vn -0.292211 0.79347 -0.533872
vn -0.278677 0.799946 -0.531438
vn -0.268144 0.804625 -0.52979
vn -0.257921 0.808778 -0.52854
vn -0.245364 0.813372 -0.527467
vn -0.228634 0.818838 -0.526528
vn -0.207043 0.825041 -0.525776
vn -0.180906 0.831477 -0.52528
vn -0.151035 0.837546 -0.525076
vn -0.118144 0.842755 -0.525172
vn -0.082389 0.846758 -0.525559
vn -0.043113 0.849254 -0.526221
vn 0.020177 0.541385 -0.840533
vn -0.004664 0.54203 -0.840346
vn 0.039958 0.539853 -0.840811
vn 0.054819 0.53796 -0.841186
vn 0.066072 0.535984 -0.841639
vn 0.074524 0.534103 -0.842128
vn 0.080499 0.5325 -0.842593
vn 0.083977 0.531416 -0.842938
vn 0.084894 0.531106 -0.843042
vn 0.083455 0.531723 -0.842796
vn 0.080265 0.533211 -0.842166
vn 0.076162 0.535319 -0.841209
vn 0.071838 0.537767 -0.840028
vn 0.067419 0.540528 -0.838621
vn 0.062296 0.544064 -0.836728
vn 0.055341 0.549351 -0.833757
vn 0.045504 0.557541 -0.828901
vn 0.032557 0.569314 -0.821475
vn 0.017583 0.584181 -0.811433
vn 0.002871 0.600195 -0.799848
vn -0.008827 0.614274 -0.789043
vn -0.015284 0.62292 -0.782137
vn -0.015493 0.622857 -0.782182
vn -0.009869 0.611432 -0.791236
vn -0.000111 0.587093 -0.809519
vn 0.011113 0.550558 -0.834723
vn 0.02075 0.506825 -0.861799
vn 0.026505 0.466778 -0.883977
vn 0.028296 0.445561 -0.894804
vn 0.027959 0.438052 -0.898515
vn 0.029362 0.44173 -0.896667
vn 0.038725 0.502124 -0.863928
vn 0.055683 0.575459 -0.815933
vn 0.077057 0.64057 -0.764024
vn 0.098742 0.688997 -0.718007
vn 0.116478 0.719083 -0.685093
vn 0.126206 0.732304 -0.669181
vn 0.123779 0.730363 -0.67175
vn 0.105068 0.714081 -0.692133
vn 0.067563 0.684009 -0.726339
vn 0.014147 0.643025 -0.765715
vn -0.043357 0.599744 -0.799016
vn -0.086982 0.567539 -0.818739
vn -0.102289 0.556509 -0.824521
vn -0.085853 0.566395 -0.81965
vn -0.045585 0.587984 -0.807587
vn 0.003714 0.610172 -0.792261
vn 0.046792 0.625991 -0.778425
vn 0.073417 0.633931 -0.769897
vn 0.081189 0.635903 -0.767486
vn 0.07644 0.635031 -0.768695
vn 0.073183 0.634416 -0.76952
vn 0.088306 0.635886 -0.766715
vn 0.133466 0.638156 -0.758251
vn 0.207765 0.63653 -0.74274
vn 0.295744 0.626742 -0.720923
vn 0.373064 0.610804 -0.698385
vn 0.415267 0.59879 -0.684839
vn 0.399817 0.604686 -0.68884
vn 0.301876 0.637709 -0.708659
vn 0.107207 0.686199 -0.71947
vn -0.13578 0.714325 -0.686516
vn -0.329276 0.710529 -0.621873
vn -0.435213 0.698376 -0.568208
vn -0.471691 0.692869 -0.545381
vn -0.459832 0.693483 -0.55465
vn -0.409736 0.693085 -0.593085
vn -0.323794 0.681248 -0.65655
vn -0.20416 0.64562 -0.735862
vn -0.064007 0.579007 -0.812806
vn 0.066292 0.493263 -0.867351
vn 0.154058 0.420416 -0.894157
vn 0.185292 0.390546 -0.901743
vn 0.165796 0.413048 -0.89549
vn 0.113556 0.474392 -0.872959
vn 0.052512 0.547617 -0.83508
vn 0.002389 0.609621 -0.79269
vn -0.028904 0.650848 -0.758658
vn -0.042921 0.671314 -0.73993
vn -0.044847 0.674071 -0.737304
vn -0.040064 0.662482 -0.748006
vn -0.033009 0.6402 -0.767499
vn -0.026826 0.611788 -0.790567
vn -0.02416 0.598439 -0.800804
vn -0.025108 0.612851 -0.7898
vn -0.02558 0.608432 -0.793193
vn -0.027028 0.597391 -0.801494
vn -0.028497 0.590726 -0.806369
vn -0.030264 0.585127 -0.810376
vn -0.033166 0.577961 -0.81539
vn -0.037929 0.568192 -0.822021
vn -0.044517 0.556593 -0.829591
vn -0.0518 0.545342 -0.836611
vn -0.057786 0.537099 -0.841538
vn -0.060395 0.533811 -0.843444
vn -0.058442 0.535787 -0.842328
vn -0.052312 0.541569 -0.839027
vn -0.043967 0.548632 -0.834907
vn -0.036306 0.554441 -0.831431
vn -0.032194 0.557272 -0.829706
vn -0.033536 0.556555 -0.830133
vn -0.040653 0.55279 -0.832328
vn -0.052138 0.547225 -0.83536
vn -0.06526 0.541417 -0.838218
vn -0.076845 0.536748 -0.840236
vn -0.084294 0.534028 -0.841254
vn -0.086258 0.533354 -0.841483
vn -0.082709 0.534263 -0.841262
vn -0.07447 0.536066 -0.840885
vn -0.062492 0.538139 -0.840536
vn -0.047216 0.540047 -0.84031
vn -0.02818 0.541472 -0.840246
vn -0.135576 -0.236964 -0.962012
vn 0.273424 -0.873948 -0.401813
vn -0.15051 -0.847119 -0.509642
vn -0.457454 -0.624294 -0.63324
vn -0.613887 -0.283735 -0.736639
vn -0.592999 0.064355 -0.802628
vn -0.438143 0.311007 -0.843389
vn -0.208209 0.423898 -0.881453
vn 0.096077 0.397009 -0.912772
vn 0.530574 0.112092 -0.840194
vn 0.306642 0.689189 -0.656497
vn 0.493228 -0.005662 -0.869882
vn -0.0503 0.935576 -0.349524
vn -0.420943 0.898571 -0.124006
vn -0.805747 0.58792 0.071562
vn -0.968738 -0.139343 0.205256
vn -0.610193 -0.778965 0.144493
vn -0.180489 -0.983305 -0.023115
vn 0.152999 -0.951015 -0.26863
vn 0.389114 -0.669368 -0.63288
vn 0.061356 0.700809 -0.710705
vn -0.054853 0.068755 -0.996124
vn -0.076667 0.957088 -0.279471
vn -0.34812 0.936822 0.034317
vn -0.684694 0.658198 0.313
vn -0.876788 -0.060343 0.477075
vn -0.598365 -0.740592 0.305749
vn -0.248386 -0.968603 0.010625
vn -0.028789 -0.931964 -0.361406
vn -0.036952 -0.548976 -0.835021
vn 0.033824 0.751036 -0.659394
vn -0.028453 0.111765 -0.993327
vn -0.056037 0.974539 -0.217103
vn -0.25581 0.95632 0.141471
vn -0.536662 0.692121 0.482661
vn -0.739853 -0.02874 0.672154
vn -0.550249 -0.72576 0.412915
vn -0.287798 -0.956885 0.039285
vn -0.119909 -0.928612 -0.351143
vn -0.066831 -0.598896 -0.798033
vn 0.043176 0.778338 -0.62636
vn -0.005482 0.119484 -0.992821
vn -0.02046 0.984381 -0.17486
vn -0.169487 0.96384 0.205638
vn -0.403066 0.705449 0.582992
vn -0.611717 -0.020511 0.790811
vn -0.499116 -0.723564 0.4768
vn -0.30768 -0.949557 0.06062
vn -0.175542 -0.925098 -0.336717
vn -0.092005 -0.627454 -0.773199
vn 0.181008 0.788078 -0.588362
vn 0.154602 0.093276 -0.983564
vn 0.104962 0.986266 -0.127524
vn -0.02036 0.96424 0.264246
vn -0.211943 0.710544 0.670975
vn -0.416218 -0.029612 0.908783
vn -0.37332 -0.746321 0.551032
vn -0.23698 -0.965963 0.103714
vn -0.116817 -0.947679 -0.297084
vn 0.008758 -0.678481 -0.734566
vn 0.336138 0.762154 -0.553292
vn 0.318922 0.049711 -0.946477
vn 0.250483 0.96354 -0.094073
vn 0.145085 0.942663 0.300562
vn -0.000988 0.692132 0.72177
vn -0.184709 -0.050898 0.981474
vn -0.2141 -0.769392 0.601828
vn -0.134727 -0.981311 0.137398
vn -0.030057 -0.964316 -0.263042
vn 0.122139 -0.712044 -0.69143
vn 0.365044 0.748924 -0.553043
vn 0.315786 0.035674 -0.94816
vn 0.303611 0.948419 -0.091223
vn 0.222761 0.926155 0.304326
vn 0.105145 0.676574 0.728829
vn -0.074085 -0.067456 0.994968
vn -0.15502 -0.7811 0.604857
vn -0.117416 -0.983806 0.135424
vn -0.037057 -0.963749 -0.264224
vn 0.103975 -0.716327 -0.689975
vn 0.352259 0.75011 -0.559687
vn 0.264274 0.03768 -0.963711
vn 0.318942 0.943065 -0.094363
vn 0.257821 0.918345 0.300284
vn 0.154874 0.670388 0.725668
vn -0.033014 -0.077485 0.996447
vn -0.151043 -0.788661 0.595986
vn -0.140277 -0.982187 0.125025
vn -0.079814 -0.958791 -0.27267
vn 0.044827 -0.713627 -0.69909
vn 0.349781 0.750372 -0.560887
vn 0.228688 0.038807 -0.972726
vn 0.337305 0.936578 -0.095118
vn 0.289942 0.910099 0.296062
vn 0.196141 0.665241 0.720405
vn -0.003707 -0.085316 0.996347
vn -0.154349 -0.794598 0.587188
vn -0.163571 -0.979581 0.116897
vn -0.116915 -0.953808 -0.276733
vn -0.002436 -0.712134 -0.702039
vn 0.37798 0.739011 -0.557669
vn 0.234903 0.025675 -0.97168
vn 0.375013 0.922206 -0.094344
vn 0.337324 0.895101 0.291558
vn 0.254848 0.653544 0.712694
vn 0.047521 -0.096564 0.994192
vn -0.140618 -0.802121 0.580369
vn -0.171108 -0.978824 0.112366
vn -0.133083 -0.952082 -0.275371
vn -0.017388 -0.717763 -0.696071
vn 0.456214 0.698122 -0.55181
vn 0.305527 -0.019191 -0.95199
vn 0.447913 0.88907 -0.094491
vn 0.416074 0.863337 0.285539
vn 0.352969 0.622044 0.698909
vn 0.153876 -0.117974 0.981022
vn -0.082662 -0.81242 0.577183
vn -0.145404 -0.982798 0.113868
vn -0.113427 -0.956888 -0.267393
vn 0.018663 -0.735187 -0.677607
vn 0.524789 0.649772 -0.549902
vn 0.357032 -0.065027 -0.931826
vn 0.51463 0.851863 -0.09739
vn 0.484137 0.829102 0.279646
vn 0.429762 0.58793 0.685305
vn 0.231624 -0.134487 0.963465
vn -0.043964 -0.815367 0.577272
vn -0.1344 -0.983882 0.117955
vn -0.108112 -0.959419 -0.260435
vn 0.038012 -0.748352 -0.662211
vn 0.560409 0.615064 -0.554652
vn 0.360324 -0.0967 -0.927802
vn 0.558563 0.823257 -0.101263
vn 0.527588 0.803416 0.275996
vn 0.466254 0.56684 0.679191
vn 0.244988 -0.138196 0.959626
vn -0.062516 -0.810538 0.58234
vn -0.165552 -0.978599 0.122211
vn -0.140271 -0.956348 -0.256364
vn 0.013889 -0.754958 -0.655626
vn 0.60892 0.560703 -0.561096
vn 0.369431 -0.148654 -0.917291
vn 0.614576 0.781572 -0.106966
vn 0.579849 0.768426 0.270734
vn 0.507294 0.541436 0.670448
vn 0.258848 -0.135064 0.956429
vn -0.085827 -0.799068 0.595083
vn -0.202945 -0.970137 0.132844
vn -0.176579 -0.952967 -0.24632
vn -0.010335 -0.767464 -0.641008
vn 0.665376 0.465422 -0.583658
vn 0.366067 -0.246179 -0.897436
vn 0.683997 0.718447 -0.126418
vn 0.643167 0.722338 0.254094
vn 0.556988 0.518903 0.648463
vn 0.285158 -0.100709 0.953175
vn -0.108057 -0.766849 0.632666
vn -0.249132 -0.954719 0.162618
vn -0.223045 -0.949528 -0.220563
vn -0.04566 -0.792753 -0.60783
vn 0.669007 0.273335 -0.691171
vn 0.295811 -0.460883 -0.836709
vn 0.745688 0.627321 -0.224538
vn 0.711154 0.681574 0.172387
vn 0.630967 0.539482 0.55753
vn 0.399076 0.059575 0.914981
vn -0.043818 -0.645212 0.762746
vn -0.272658 -0.921681 0.275974
vn -0.282383 -0.950061 -0.132831
vn -0.131703 -0.845042 -0.518226
vn -0.310818 0.472474 -0.824718
vn 0.049791 -0.50331 -0.86267
vn -0.413262 -0.41381 -0.811157
vn -0.737028 -0.092623 -0.669486
vn -0.831695 0.307981 -0.461986
vn -0.715236 0.643562 -0.272515
vn -0.481218 0.861227 -0.163452
vn -0.18525 0.970362 -0.15518
vn 0.185909 0.942575 -0.277471
vn 0.589618 0.554159 -0.587587
vn 0.489501 0.870975 -0.042319
vn 0.632754 0.42567 -0.646859
vn 0.166776 0.912755 0.372914
vn -0.194712 0.787228 0.585115
vn -0.627075 0.473334 0.618654
vn -0.943392 -0.149385 0.296135
vn -0.732989 -0.639169 -0.232789
vn -0.356359 -0.73846 -0.572438
vn -0.00197 -0.617738 -0.786381
vn 0.364432 -0.250528 -0.896898
vn 0.37315 0.925375 -0.06663
vn 0.448221 0.532364 -0.718113
vn 0.135331 0.911165 0.389183
vn -0.162626 0.750499 0.64055
vn -0.550307 0.41023 0.727237
vn -0.870606 -0.235612 0.431894
vn -0.697547 -0.699477 -0.155436
vn -0.370127 -0.749949 -0.548253
vn -0.075275 -0.587972 -0.805371
vn 0.218563 -0.174145 -0.960158
vn 0.296334 0.952956 -0.063726
vn 0.319226 0.585288 -0.745341
vn 0.12023 0.904205 0.409828
vn -0.124946 0.718273 0.68445
vn -0.469254 0.35392 0.809037
vn -0.785983 -0.314197 0.532457
vn -0.654091 -0.74968 -0.10072
vn -0.379167 -0.759244 -0.528943
vn -0.137376 -0.571253 -0.809195
vn 0.103747 -0.139504 -0.984772
vn 0.239769 0.969452 -0.051716
vn 0.216954 0.619941 -0.754058
vn 0.11475 0.895734 0.429526
vn -0.084923 0.691414 0.71745
vn -0.388444 0.308284 0.868373
vn -0.699201 -0.378656 0.606413
vn -0.609986 -0.790028 -0.061422
vn -0.384656 -0.767403 -0.512964
vn -0.188521 -0.560968 -0.806086
vn 0.010194 -0.118899 -0.992854
vn 0.320006 0.947286 -0.015654
vn 0.297136 0.590937 -0.750002
vn 0.198562 0.861686 0.466979
vn 0.025342 0.64672 0.762307
vn -0.23544 0.245446 0.940385
vn -0.534126 -0.474512 0.699677
vn -0.49686 -0.86777 -0.010245
vn -0.318828 -0.814926 -0.483987
vn -0.146474 -0.601723 -0.785159
vn 0.05657 -0.16986 -0.983843
vn 0.451973 0.891964 0.01102
vn 0.441597 0.520264 -0.73097
vn 0.320263 0.81047 0.490479
vn 0.167201 0.591919 0.788464
vn -0.044514 0.177411 0.98313
vn -0.312565 -0.56459 0.763898
vn -0.339042 -0.940248 0.031376
vn -0.215048 -0.86351 -0.456184
vn -0.061762 -0.647253 -0.759769
vn 0.157908 -0.233191 -0.959524
vn 0.471917 0.881619 0.006488
vn 0.435889 0.514649 -0.738334
vn 0.36396 0.793739 0.487351
vn 0.238005 0.569444 0.786821
vn 0.062205 0.147784 0.987061
vn -0.188071 -0.603281 0.775036
vn -0.261852 -0.964496 0.034371
vn -0.181175 -0.871576 -0.455556
vn -0.055349 -0.648387 -0.759297
vn 0.147243 -0.234732 -0.960844
vn 0.446002 0.895032 -0.000825
vn 0.372741 0.539495 -0.754989
vn 0.370955 0.794357 0.48103
vn 0.271123 0.564011 0.77999
vn 0.120138 0.138295 0.983078
vn -0.125568 -0.621803 0.773042
vn -0.235309 -0.971633 0.02364
vn -0.18677 -0.86573 -0.464357
vn -0.087435 -0.636015 -0.766707
vn 0.088927 -0.217431 -0.972016
vn 0.427535 0.903991 -0.003685
vn 0.32004 0.558059 -0.765601
vn 0.380491 0.792943 0.475887
vn 0.302543 0.559115 0.771918
vn 0.172217 0.132107 0.97616
vn -0.072043 -0.636257 0.768106
vn -0.215759 -0.976378 0.01155
vn -0.194756 -0.859854 -0.471934
vn -0.117533 -0.626298 -0.770673
vn 0.037291 -0.205848 -0.977873
vn 0.440908 0.897511 -0.008587
vn 0.310614 0.553588 -0.772696
vn 0.41055 0.782882 0.467487
vn 0.350933 0.548337 0.759061
vn 0.244566 0.121596 0.961978
vn 0.007526 -0.652909 0.757399
vn -0.177346 -0.984148 -0.00109
vn -0.186654 -0.85835 -0.477907
vn -0.126639 -0.623812 -0.771246
vn 0.018757 -0.208152 -0.977917
vn 0.509327 0.86008 -0.029126
vn 0.372795 0.504782 -0.778601
vn 0.479237 0.75595 0.445949
vn 0.433954 0.523841 0.73299
vn 0.361015 0.097934 0.927404
vn 0.1502 -0.670522 0.726526
vn -0.088924 -0.995935 -0.014345
vn -0.141393 -0.864558 -0.482231
vn -0.095672 -0.631397 -0.769535
vn 0.057725 -0.229583 -0.971576
vn 0.563313 0.824139 -0.058941
vn 0.409047 0.461644 -0.787125
vn 0.539162 0.731139 0.418018
vn 0.504851 0.500899 0.703012
vn 0.455344 0.076387 0.887033
vn 0.26429 -0.675385 0.688481
vn -0.017823 -0.999543 -0.024422
vn -0.109906 -0.867676 -0.484829
vn -0.079937 -0.634489 -0.768787
vn 0.076317 -0.2423 -0.967195
vn 0.57415 0.814192 -0.086276
vn 0.385112 0.450997 -0.805165
vn 0.569713 0.721082 0.394294
vn 0.547117 0.489309 0.679146
vn 0.50702 0.066306 0.85938
vn 0.312449 -0.675635 0.667753
vn -0.004255 -0.999567 -0.029104
vn -0.121687 -0.865454 -0.485985
vn -0.105321 -0.630316 -0.769161
vn 0.043217 -0.240949 -0.969575
vn 0.592726 0.795353 -0.126841
vn 0.36316 0.424683 -0.829312
vn 0.608753 0.706801 0.360351
vn 0.596578 0.475436 0.646572
vn 0.564019 0.057485 0.823758
vn 0.365669 -0.669051 0.647038
vn 0.011136 -0.999574 -0.026971
vn -0.135202 -0.865749 -0.48187
vn -0.132698 -0.629915 -0.765244
vn 0.009622 -0.247635 -0.968806
vn 0.612886 0.763227 -0.204585
vn 0.326884 0.362687 -0.8727
vn 0.65577 0.691949 0.301947
vn 0.653793 0.465717 0.596374
vn 0.628515 0.063076 0.775236
vn 0.43602 -0.634312 0.638385
vn 0.03978 -0.999205 0.002578
vn -0.148701 -0.875002 -0.460716
vn -0.165347 -0.640692 -0.749782
vn -0.033136 -0.274438 -0.961034
vn 0.581714 0.704919 -0.40583
vn 0.248784 0.170055 -0.953513
vn 0.687298 0.706064 0.170574
vn 0.702684 0.501102 0.505105
vn 0.694365 0.144509 0.704964
vn 0.563753 -0.472246 0.677618
vn 0.160072 -0.975181 0.152967
vn -0.126016 -0.922548 -0.364727
vn -0.198087 -0.699009 -0.68713
vn -0.110752 -0.369122 -0.922758
vn -0.014039 0.495048 -0.868752
vn 0.214827 -0.469097 -0.85662
vn -0.208831 -0.252029 -0.944919
vn -0.456853 0.091187 -0.884856
vn -0.527578 0.435694 -0.729269
vn -0.445507 0.707953 -0.548019
vn -0.261487 0.876845 -0.403443
vn -0.007459 0.946842 -0.321611
vn 0.343868 0.885348 -0.312911
vn 0.779026 0.459821 -0.426243
vn 0.609601 0.786702 0.097401
vn 0.844226 0.315404 -0.433362
vn 0.182273 0.899836 0.396322
vn -0.251816 0.831357 0.495413
vn -0.714659 0.572023 0.402558
vn -0.999916 0.0108 0.007134
vn -0.740855 -0.495072 -0.453914
vn -0.302767 -0.649592 -0.697397
vn 0.12108 -0.580574 -0.805155
vn 0.559676 -0.28297 -0.778904
vn 0.522592 0.85038 0.061248
vn 0.664891 0.49751 -0.557139
vn 0.166336 0.879392 0.446097
vn -0.232463 0.761264 0.605342
vn -0.679816 0.473436 0.560096
vn -0.983037 -0.074817 0.167453
vn -0.765925 -0.523272 -0.373557
vn -0.360702 -0.61349 -0.702512
vn 0.024589 -0.468331 -0.883211
vn 0.402958 -0.083894 -0.911365
vn 0.459734 0.88581 0.063125
vn 0.529917 0.601798 -0.597518
vn 0.16607 0.852413 0.495796
vn -0.194503 0.688549 0.69862
vn -0.621338 0.368605 0.691426
vn -0.939044 -0.170345 0.298627
vn -0.7732 -0.555419 -0.306057
vn -0.415495 -0.584385 -0.697035
vn -0.073252 -0.390045 -0.917877
vn 0.26462 0.032022 -0.963821
vn 0.414475 0.906553 0.079828
vn 0.426585 0.672623 -0.604652
vn 0.177575 0.822882 0.539752
vn -0.143308 0.619151 0.772084
vn -0.546062 0.269573 0.793188
vn -0.87743 -0.262303 0.401639
vn -0.767962 -0.59006 -0.249126
vn -0.46191 -0.564919 -0.683744
vn -0.16013 -0.333362 -0.929101
vn 0.150394 0.109901 -0.982499
vn 0.521523 0.840882 0.144675
vn 0.537545 0.614195 -0.577764
vn 0.286497 0.73595 0.613431
vn -0.016566 0.508154 0.861107
vn -0.399835 0.129253 0.907428
vn -0.745606 -0.415892 0.520678
vn -0.688842 -0.703689 -0.174124
vn -0.420788 -0.639684 -0.643228
vn -0.127846 -0.401217 -0.907017
vn 0.212756 0.032406 -0.976568
vn 0.672842 0.715355 0.18855
vn 0.694661 0.477246 -0.538222
vn 0.437251 0.613435 0.657654
vn 0.153798 0.375054 0.914156
vn -0.19961 -0.024866 0.97956
vn -0.547281 -0.579417 0.603953
vn -0.548117 -0.828489 -0.114778
vn -0.322223 -0.73114 -0.601337
vn -0.036308 -0.493398 -0.869046
vn 0.331665 -0.088768 -0.939212
vn 0.701359 0.690783 0.175824
vn 0.679262 0.477648 -0.557185
vn 0.504033 0.565547 0.652769
vn 0.254706 0.308658 0.916436
vn -0.069005 -0.106946 0.991867
vn -0.421999 -0.66176 0.619669
vn -0.476939 -0.871831 -0.111531
vn -0.299288 -0.738605 -0.604061
vn -0.045823 -0.482218 -0.874852
vn 0.302815 -0.073999 -0.950172
vn 0.681848 0.714004 0.159002
vn 0.606756 0.535682 -0.587275
vn 0.529037 0.555949 0.641125
vn 0.313761 0.279201 0.907525
vn 0.013683 -0.149619 0.988649
vn -0.351554 -0.705634 0.615216
vn -0.455115 -0.881303 -0.127183
vn -0.321235 -0.715548 -0.620321
vn -0.103831 -0.438276 -0.892823
vn 0.217577 -0.015468 -0.975921
vn 0.665948 0.730961 0.149027
vn 0.542211 0.582865 -0.605207
vn 0.552636 0.545852 0.629792
vn 0.367639 0.254333 0.894515
vn 0.088718 -0.183934 0.978927
vn -0.289707 -0.741482 0.605206
vn -0.43934 -0.886714 -0.143938
vn -0.344313 -0.694002 -0.632304
vn -0.1584 -0.40148 -0.902066
vn 0.139496 0.03139 -0.989725
vn 0.678553 0.722043 0.134978
vn 0.516756 0.591573 -0.618874
vn 0.594382 0.522151 0.611611
vn 0.436432 0.22134 0.872087
vn 0.182908 -0.224927 0.957054
vn -0.202311 -0.784967 0.585575
vn -0.401854 -0.901125 -0.16275
vn -0.346926 -0.684393 -0.641287
vn -0.186939 -0.382984 -0.904642
vn 0.097398 0.048477 -0.994064
vn 0.73756 0.668387 0.096249
vn 0.550308 0.536844 -0.639499
vn 0.670575 0.473393 0.571164
vn 0.536369 0.169504 0.826787
vn 0.318133 -0.28323 0.90475
vn -0.054242 -0.840148 0.539637
vn -0.311417 -0.931637 -0.187276
vn -0.307374 -0.694647 -0.650374
vn -0.170197 -0.389554 -0.905141
vn 0.113246 0.024865 -0.993256
vn 0.773523 0.63177 0.050285
vn 0.551787 0.506625 -0.662467
vn 0.730645 0.437378 0.524269
vn 0.617164 0.129422 0.776118
vn 0.425078 -0.325972 0.844424
vn 0.06359 -0.87095 0.487239
vn -0.242542 -0.947326 -0.209156
vn -0.286773 -0.696408 -0.657858
vn -0.174603 -0.384406 -0.906502
vn 0.102021 0.021909 -0.994541
vn 0.765946 0.642657 0.017839
vn 0.496275 0.534805 -0.683882
vn 0.757855 0.431372 0.489463
vn 0.665755 0.113172 0.737538
vn 0.48721 -0.345303 0.802117
vn 0.115994 -0.883256 0.454317
vn -0.235031 -0.946025 -0.223154
vn -0.315044 -0.680707 -0.661351
vn -0.226205 -0.358044 -0.905889
vn 0.034833 0.054342 -0.997915
vn 0.757531 0.65235 -0.024195
vn 0.435061 0.555179 -0.708872
vn 0.786773 0.427158 0.445561
vn 0.716484 0.100617 0.690309
vn 0.552199 -0.357987 0.752942
vn 0.173509 -0.889598 0.422503
vn -0.225569 -0.946433 -0.231047
vn -0.344764 -0.66893 -0.658537
vn -0.280616 -0.336853 -0.898768
vn -0.0367 0.079032 -0.996196
vn 0.738965 0.667125 -0.094201
vn 0.349274 0.558827 -0.752144
vn 0.815136 0.434987 0.382543
vn 0.769977 0.10377 0.629577
vn 0.625698 -0.347662 0.698307
vn 0.252846 -0.877196 0.408163
vn -0.201897 -0.955569 -0.214766
vn -0.373498 -0.672108 -0.639351
vn -0.34139 -0.33197 -0.879346
vn -0.123641 0.082961 -0.988853
vn 0.658385 0.703739 -0.266982
vn 0.206333 0.452166 -0.86774
vn 0.824528 0.499531 0.265747
vn 0.819863 0.173979 0.545486
vn 0.719693 -0.247761 0.64858
vn 0.419472 -0.776974 0.469419
vn -0.083251 -0.992301 -0.091698
vn -0.363398 -0.745713 -0.558439
vn -0.399414 -0.402763 -0.82356
vn -0.249542 -0.001765 -0.968362
vn 0.814739 -0.056994 -0.57702
vn 0.33108 -0.891513 -0.309176
vn 0.342007 -0.574717 -0.743459
vn 0.400901 -0.183421 -0.897572
vn 0.471872 0.148388 -0.86909
vn 0.555226 0.394016 -0.732445
vn 0.652273 0.542172 -0.529706
vn 0.767641 0.581701 -0.268982
vn 0.897197 0.432758 0.088084
vn 0.872539 -0.157321 0.462521
vn 0.640949 0.410044 0.648882
vn 0.726237 -0.310361 0.613397
vn 0.391652 0.831936 0.393053
vn 0.097686 0.993756 0.053918
vn -0.240975 0.899186 -0.365235
vn -0.493425 0.378664 -0.783036
vn -0.384284 -0.334324 -0.860554
vn -0.084535 -0.757587 -0.647237
vn 0.2122 -0.92793 -0.306459
vn 0.509101 -0.8453 0.162124
vn 0.587499 0.386696 0.710852
vn 0.734431 -0.284709 0.616078
vn 0.307924 0.819377 0.483533
vn -0.000955 0.991742 0.128249
vn -0.314883 0.892351 -0.323354
vn -0.486643 0.40363 -0.774765
vn -0.306107 -0.257952 -0.916384
vn 0.046686 -0.675726 -0.735673
vn 0.361292 -0.851899 -0.379127
vn 0.616108 -0.776939 0.129528
vn 0.531885 0.35828 0.76729
vn 0.736256 -0.262823 0.623579
vn 0.21961 0.794176 0.566619
vn -0.102345 0.975268 0.195902
vn -0.386974 0.876461 -0.286474
vn -0.482627 0.426033 -0.765224
vn -0.237993 -0.175504 -0.955279
vn 0.158859 -0.577996 -0.800428
vn 0.486082 -0.761344 -0.429044
vn 0.701246 -0.704288 0.110599
vn 0.477815 0.323804 0.816605
vn 0.733256 -0.244576 0.634443
vn 0.133115 0.756367 0.64046
vn -0.200273 0.945746 0.255841
vn -0.454138 0.853881 -0.254257
vn -0.48195 0.446161 -0.754099
vn -0.181182 -0.093066 -0.979036
vn 0.254383 -0.473608 -0.843199
vn 0.591458 -0.663569 -0.458098
vn 0.769104 -0.630518 0.104526
vn 0.355449 0.22145 0.908084
vn 0.653657 -0.306232 0.692065
vn -0.024725 0.654334 0.755801
vn -0.369717 0.859766 0.352295
vn -0.594121 0.781127 -0.191995
vn -0.577397 0.401473 -0.710938
vn -0.266489 -0.118215 -0.956561
vn 0.180569 -0.522623 -0.833223
vn 0.549764 -0.71948 -0.424391
vn 0.727763 -0.667777 0.156319
vn 0.198781 0.076209 0.977076
vn 0.526332 -0.416518 0.741274
vn -0.211066 0.486826 0.847615
vn -0.56112 0.696556 0.447162
vn -0.756882 0.643718 -0.112945
vn -0.69966 0.298194 -0.649274
vn -0.385277 -0.210512 -0.898469
vn 0.031724 -0.638151 -0.769258
vn 0.399577 -0.843437 -0.359099
vn 0.600701 -0.771308 0.21034
vn 0.121442 -0.006774 0.992575
vn 0.483179 -0.4663 0.741015
vn -0.307823 0.377657 0.873281
vn -0.654075 0.584181 0.48054
vn -0.826349 0.556974 -0.083232
vn -0.728936 0.250139 -0.637247
vn -0.379847 -0.227798 -0.896562
vn 0.039401 -0.637899 -0.769111
vn 0.391844 -0.843153 -0.368172
vn 0.580215 -0.790432 0.196385
vn 0.08771 -0.0487 0.994955
vn 0.484786 -0.480831 0.730605
vn -0.355909 0.317776 0.878833
vn -0.696816 0.524139 0.489618
vn -0.851313 0.518789 -0.078254
vn -0.719866 0.244095 -0.649777
vn -0.331722 -0.204022 -0.921051
vn 0.103856 -0.59241 -0.798915
vn 0.448683 -0.797704 -0.40293
vn 0.61535 -0.770459 0.166544
vn 0.059408 -0.083101 0.994769
vn 0.484578 -0.494078 0.721853
vn -0.393205 0.269189 0.879163
vn -0.727644 0.475852 0.494064
vn -0.868494 0.489997 -0.074969
vn -0.710717 0.242395 -0.660398
vn -0.292186 -0.18264 -0.93876
vn 0.152767 -0.554056 -0.818343
vn 0.489367 -0.759871 -0.42792
vn 0.64032 -0.754768 0.142532
vn 0.012272 -0.140851 0.989955
vn 0.450354 -0.539296 0.711576
vn -0.438461 0.204383 0.875203
vn -0.764584 0.409697 0.497553
vn -0.898493 0.434103 -0.065303
vn -0.726257 0.205643 -0.655943
vn -0.287495 -0.196881 -0.937328
vn 0.160806 -0.549595 -0.819809
vn 0.48588 -0.75565 -0.439218
vn 0.621778 -0.773232 0.124512
vn -0.076472 -0.255038 0.963902
vn 0.348194 -0.640632 0.684362
vn -0.506203 0.089793 0.857727
vn -0.818299 0.29106 0.495652
vn -0.94943 0.310689 -0.045326
vn -0.780402 0.094966 -0.618024
vn -0.341775 -0.273065 -0.899236
vn 0.103658 -0.597225 -0.795347
vn 0.413833 -0.800523 -0.433479
vn 0.528065 -0.842074 0.109813
vn -0.139985 -0.33798 0.930685
vn 0.268143 -0.708237 0.65307
vn -0.549074 0.006574 0.835748
vn -0.847203 0.209355 0.48828
vn -0.97301 0.228449 -0.032582
vn -0.811366 0.023478 -0.584066
vn -0.3858 -0.320554 -0.865103
vn 0.053038 -0.628146 -0.776286
vn 0.354234 -0.830565 -0.429744
vn 0.453163 -0.886202 0.096374
vn -0.153886 -0.352736 0.922982
vn 0.248263 -0.725231 0.642188
vn -0.555359 -0.002368 0.831608
vn -0.847232 0.207482 0.489029
vn -0.971635 0.234955 -0.026853
vn -0.815077 0.035837 -0.578244
vn -0.396135 -0.310423 -0.864126
vn 0.037149 -0.624891 -0.779827
vn 0.333796 -0.834965 -0.437508
vn 0.430868 -0.89839 0.085137
vn -0.164761 -0.36127 0.91779
vn 0.221263 -0.744681 0.629677
vn -0.552944 0.001978 0.833216
vn -0.837805 0.222117 0.498746
vn -0.966274 0.257344 -0.009406
vn -0.825688 0.057852 -0.561153
vn -0.423295 -0.300353 -0.854757
vn -0.00114 -0.628076 -0.778151
vn 0.290121 -0.847708 -0.444096
vn 0.390582 -0.91779 0.071462
vn -0.161235 -0.374541 0.913084
vn 0.195288 -0.775509 0.600373
vn -0.530789 0.012293 0.847415
vn -0.809331 0.250891 0.531071
vn -0.952898 0.300956 0.037565
vn -0.847975 0.101601 -0.520208
vn -0.475664 -0.278136 -0.834496
vn -0.070416 -0.626729 -0.776049
vn 0.216225 -0.859955 -0.462304
vn 0.331515 -0.942774 0.035708
vn -0.090152 -0.463556 0.881469
vn 0.141598 -0.877348 0.458487
vn -0.45434 -0.041387 0.889866
vn -0.740291 0.232298 0.630878
vn -0.924235 0.331473 0.189516
vn -0.906518 0.183379 -0.38026
vn -0.590265 -0.201047 -0.781772
vn -0.191028 -0.577556 -0.793686
vn 0.107546 -0.833031 -0.542672
vn 0.270022 -0.957105 -0.105061
vn 0.922757 0.182198 0.339593
vn 0.815508 -0.412074 -0.406377
vn 0.833575 0.111173 -0.541104
vn 0.587723 0.76607 -0.260229
vn 0.140254 0.958797 0.247058
vn -0.114918 0.782545 0.611896
vn -0.133358 0.442602 0.886747
vn 0.248985 -0.24713 0.936447
vn -0.408105 0.195613 0.891732
vn 0.291716 -0.466882 0.834819
vn -0.597359 0.548215 0.58534
vn -0.542932 0.82627 0.150008
vn 0.046855 0.752892 -0.656474
vn 0.623159 -0.010817 -0.782021
vn 0.757622 -0.412707 -0.505651
vn 0.767151 -0.640398 -0.037018
vn -0.432303 0.200661 0.879118
vn 0.312847 -0.436029 0.843804
vn -0.625845 0.528232 0.573837
vn -0.581641 0.798472 0.155355
vn 0.026338 0.757933 -0.6518
vn 0.645541 0.003933 -0.763715
vn 0.78651 -0.377242 -0.488968
vn 0.804298 -0.593174 -0.035344
vn -0.451916 0.205679 0.868025
vn 0.337697 -0.394876 0.85442
vn -0.653341 0.508502 0.560866
vn -0.619669 0.769944 0.152309
vn 0.001776 0.757836 -0.652442
vn 0.66278 0.022966 -0.748462
vn 0.813562 -0.338554 -0.472756
vn 0.840908 -0.540437 -0.028305
vn -0.565652 0.091785 0.81952
vn 0.237161 -0.564624 0.790541
vn -0.7566 0.403663 0.514405
vn -0.761457 0.640329 0.100811
vn -0.190205 0.62565 -0.756561
vn 0.584636 -0.058061 -0.809215
vn 0.763841 -0.3898 -0.514395
vn 0.783026 -0.61492 -0.093508
vn -0.667483 -0.056748 0.742459
vn 0.110729 -0.739412 0.664085
vn -0.846662 0.273914 0.456218
vn -0.877629 0.477597 0.040848
vn -0.377571 0.419973 -0.825266
vn 0.483912 -0.158938 -0.860563
vn 0.699857 -0.451698 -0.553325
vn 0.70314 -0.69377 -0.155811
vn -0.672803 -0.083213 0.735127
vn 0.14559 -0.723727 0.674553
vn -0.867843 0.226828 0.442038
vn -0.910474 0.412861 0.024137
vn -0.408313 0.356614 -0.840302
vn 0.491667 -0.164461 -0.855112
vn 0.722953 -0.430073 -0.540719
vn 0.738483 -0.6592 -0.141768
vn -0.672355 -0.109256 0.732122
vn 0.188233 -0.698892 0.690013
vn -0.885163 0.174149 0.431461
vn -0.941685 0.336317 0.010976
vn -0.441411 0.275337 -0.854018
vn 0.497956 -0.176374 -0.849077
vn 0.74551 -0.407523 -0.52739
vn 0.775707 -0.618338 -0.126237
vn -0.672412 -0.190932 0.715127
vn 0.20003 -0.732697 0.650495
vn -0.904889 0.076817 0.418659
vn -0.980376 0.197131 -0.001337
vn -0.507584 0.098105 -0.855999
vn 0.474775 -0.239466 -0.846903
vn 0.744486 -0.419161 -0.519659
vn 0.776249 -0.618216 -0.123477
vn -0.646203 -0.289864 0.705975
vn 0.229921 -0.756834 0.611833
vn -0.908003 -0.03734 0.417296
vn -0.999393 0.034841 0.00076
vn -0.562707 -0.117759 -0.818226
vn 0.439519 -0.326855 -0.836653
vn 0.741147 -0.438783 -0.508105
vn 0.780379 -0.615317 -0.111325
vn -0.585561 -0.302558 0.752048
vn 0.341178 -0.669299 0.660027
vn -0.887715 -0.106532 0.447899
vn -0.995513 -0.0887 0.032966
vn -0.585192 -0.279091 -0.761353
vn 0.436625 -0.378622 -0.816091
vn 0.76798 -0.416029 -0.486957
vn 0.838136 -0.539878 -0.077849
vn -0.491597 -0.283956 0.823226
vn 0.498689 -0.531405 0.684776
vn -0.848901 -0.158585 0.504201
vn -0.97395 -0.202949 0.101162
vn -0.627292 -0.43904 -0.643233
vn 0.407292 -0.446887 -0.796496
vn 0.786322 -0.389837 -0.479295
vn 0.896772 -0.437314 -0.067501
vn -0.263893 -0.262296 0.928203
vn 0.72215 -0.459448 0.517114
vn -0.77424 -0.171912 0.609097
vn -0.939837 -0.255803 0.226431
vn -0.760135 -0.518537 -0.391553
vn 0.204468 -0.570191 -0.79566
vn 0.737744 -0.402737 -0.54179
vn 0.920956 -0.354901 -0.160892
vn -0.842674 0.534146 -0.067741
vn -0.788341 -0.295995 -0.539356
vn -0.939072 -0.343108 -0.020519
vn -0.770431 -0.01794 0.63727
vn -0.271713 0.411158 0.870127
vn 0.09101 0.687132 0.72081
vn 0.240431 0.899139 0.365707
vn 0.020619 0.918362 -0.395204
vn 0.556651 0.81072 0.181309
vn 0.017101 0.788105 -0.615304
vn 0.592635 0.536065 0.601181
vn 0.382852 0.174187 0.907239
vn -0.351874 -0.497079 0.793156
vn -0.773533 -0.630078 -0.068184
vn -0.753444 -0.401756 -0.520494
vn -0.604681 0.015842 -0.79631
vn 0.592073 0.785667 0.179378
vn 0.029432 0.784275 -0.619714
vn 0.621152 0.519906 0.586403
vn 0.410858 0.186594 0.8924
vn -0.365075 -0.45794 0.810562
vn -0.808989 -0.584684 -0.060679
vn -0.782498 -0.368898 -0.501609
vn -0.629437 0.024023 -0.77668
vn 0.627783 0.759097 0.172218
vn 0.048616 0.777532 -0.626961
vn 0.648233 0.503029 0.571626
vn 0.432737 0.197471 0.879627
vn -0.382311 -0.408945 0.828615
vn -0.844156 -0.533922 -0.048251
vn -0.809528 -0.332986 -0.483513
vn -0.648037 0.037426 -0.760689
vn 0.760071 0.642185 0.099451
vn 0.196482 0.618283 -0.761
vn 0.755076 0.408233 0.513035
vn 0.566459 0.098624 0.818167
vn -0.234039 -0.552546 0.799949
vn -0.786124 -0.612164 -0.085234
vn -0.763445 -0.393571 -0.512106
vn -0.579598 -0.067508 -0.812101
vn 0.875397 0.483195 0.014222
vn 0.336887 0.388203 -0.857791
vn 0.848973 0.288312 0.442855
vn 0.679921 -0.026206 0.732817
vn -0.056655 -0.704048 0.707889
vn -0.697983 -0.705102 -0.125104
vn -0.703248 -0.464603 -0.538133
vn -0.496717 -0.18181 -0.848656
vn 0.908008 0.41893 -0.00434
vn 0.361924 0.324327 -0.87397
vn 0.870956 0.242533 0.427333
vn 0.688435 -0.050621 0.723529
vn -0.082127 -0.687388 0.721632
vn -0.733088 -0.671508 -0.107979
vn -0.727182 -0.443576 -0.523876
vn -0.50667 -0.18794 -0.841406
vn 0.939219 0.342753 -0.019707
vn 0.388335 0.242713 -0.88898
vn 0.889481 0.191191 0.415053
vn 0.692006 -0.074845 0.718002
vn -0.114062 -0.662065 0.740715
vn -0.770406 -0.631327 -0.088885
vn -0.750824 -0.421429 -0.508587
vn -0.515589 -0.200166 -0.833128
vn 0.977269 0.207149 -0.045118
vn 0.422589 0.058708 -0.904418
vn 0.913261 0.0982 0.395362
vn 0.704393 -0.150808 0.693605
vn -0.095926 -0.692068 0.71543
vn -0.770001 -0.633844 -0.073073
vn -0.752449 -0.436213 -0.493497
vn -0.502449 -0.268765 -0.821772
vn 0.996972 0.037421 -0.068172
vn 0.427253 -0.164699 -0.889004
vn 0.92428 -0.009862 0.381589
vn 0.697961 -0.229652 0.678314
vn -0.081803 -0.711434 0.697976
vn -0.762649 -0.645551 -0.040371
vn -0.753629 -0.46112 -0.468414
vn -0.491176 -0.352783 -0.796424
vn 0.993289 -0.095702 -0.06494
vn 0.390674 -0.328768 -0.859817
vn 0.915339 -0.078356 0.394986
vn 0.665214 -0.235313 0.708603
vn -0.141313 -0.621984 0.770173
vn -0.817496 -0.575517 0.021914
vn -0.789024 -0.439228 -0.429557
vn -0.516049 -0.396674 -0.759172
vn 0.966928 -0.244017 -0.074204
vn 0.283712 -0.497635 -0.819675
vn 0.903503 -0.138832 0.405473
vn 0.643488 -0.207514 0.736791
vn -0.155958 -0.474195 0.866496
vn -0.870633 -0.478544 0.113988
vn -0.832986 -0.406054 -0.375838
vn -0.562114 -0.436052 -0.70277
vn 0.876166 -0.422951 -0.231183
vn 0.00664 -0.634286 -0.77307
vn 0.918639 -0.212236 0.333255
vn 0.697463 -0.18835 0.691426
vn 0.065066 -0.335907 0.939645
vn -0.842673 -0.412955 0.345499
vn -0.892733 -0.362451 -0.267688
vn -0.658528 -0.422539 -0.622737
vn 0.015784 0.909848 0.414642
vn 0.104889 0.90392 0.414642
vn 0.07521 0.906867 0.414652
vn -0.014041 0.909872 0.414652
vn 0.192983 0.889286 0.414642
vn 0.163736 0.895128 0.414652
vn 0.279219 0.866088 0.414642
vn 0.250686 0.874769 0.414652
vn 0.362766 0.83455 0.414642
vn 0.335221 0.845985 0.414652
vn 0.44282 0.794974 0.414642
vn 0.416528 0.809054 0.414652
vn 0.518608 0.747742 0.414642
vn 0.493823 0.764331 0.414652
vn 0.589403 0.693309 0.414642
vn 0.566363 0.712247 0.414652
vn 0.654521 0.632199 0.414642
vn 0.633448 0.653305 0.414652
vn 0.713335 0.565 0.414642
vn 0.694433 0.58807 0.414652
vn 0.76528 0.492361 0.414642
vn 0.74873 0.517172 0.414652
vn 0.809855 0.414979 0.414642
vn 0.795816 0.441293 0.414652
vn 0.84663 0.333601 0.414642
vn 0.835239 0.361165 0.414652
vn 0.875252 0.249011 0.414642
vn 0.866617 0.277558 0.414652
vn 0.895445 0.162022 0.414642
vn 0.889649 0.191278 0.414652
vn 0.907014 0.073473 0.414642
vn 0.904114 0.103156 0.414652
vn 0.909848 -0.015784 0.414642
vn 0.909872 0.014041 0.414652
vn 0.90392 -0.104889 0.414642
vn 0.906867 -0.07521 0.414652
vn 0.889286 -0.192983 0.414642
vn 0.895128 -0.163736 0.414652
vn 0.866088 -0.279219 0.414642
vn 0.874769 -0.250686 0.414652
vn 0.83455 -0.362766 0.414642
vn 0.845985 -0.335221 0.414652
vn 0.794974 -0.44282 0.414642
vn 0.809054 -0.416528 0.414652
vn 0.747742 -0.518608 0.414642
vn 0.764331 -0.493823 0.414652
vn 0.693309 -0.589403 0.414642
vn 0.712247 -0.566363 0.414652
vn 0.632199 -0.654521 0.414642
vn 0.653305 -0.633448 0.414652
vn 0.565 -0.713335 0.414642
vn 0.58807 -0.694433 0.414652
vn 0.492361 -0.76528 0.414642
vn 0.517172 -0.74873 0.414652
vn 0.414979 -0.809855 0.414642
vn 0.441293 -0.795816 0.414652
vn 0.333601 -0.84663 0.414642
vn 0.361165 -0.835239 0.414652
vn 0.249011 -0.875252 0.414642
vn 0.277558 -0.866617 0.414652
vn 0.162022 -0.895445 0.414642
vn 0.191278 -0.889649 0.414652
vn 0.073473 -0.907014 0.414642
vn 0.103156 -0.904114 0.414652
vn -0.015784 -0.909848 0.414642
vn 0.014041 -0.909872 0.414652
vn -0.104889 -0.90392 0.414642
vn -0.07521 -0.906867 0.414652
vn -0.192983 -0.889286 0.414642
vn -0.163736 -0.895128 0.414652
vn -0.279219 -0.866088 0.414642
vn -0.250686 -0.874769 0.414652
vn -0.362766 -0.83455 0.414642
vn -0.335221 -0.845985 0.414652
vn -0.44282 -0.794974 0.414642
vn -0.416528 -0.809054 0.414652
vn -0.518608 -0.747742 0.414642
vn -0.493823 -0.764331 0.414652
vn -0.589403 -0.693309 0.414642
vn -0.566363 -0.712247 0.414652
vn -0.654521 -0.632199 0.414642
vn -0.633448 -0.653305 0.414652
vn -0.713335 -0.565 0.414642
vn -0.694433 -0.58807 0.414652
vn -0.76528 -0.492361 0.414642
vn -0.74873 -0.517172 0.414652
vn -0.809855 -0.414979 0.414642
vn -0.795816 -0.441293 0.414652
vn -0.84663 -0.333601 0.414642
vn -0.835239 -0.361165 0.414652
vn -0.875252 -0.249011 0.414642
vn -0.866617 -0.277558 0.414652
vn -0.895445 -0.162022 0.414642
vn -0.889649 -0.191278 0.414652
vn -0.907014 -0.073473 0.414642
vn -0.904114 -0.103156 0.414652
vn -0.909848 0.015784 0.414642
vn -0.909872 -0.014041 0.414652
vn -0.90392 0.104889 0.414642
vn -0.906867 0.07521 0.414652
vn -0.889286 0.192983 0.414642
vn -0.895128 0.163736 0.414652
vn -0.866088 0.279219 0.414642
vn -0.874769 0.250686 0.414652
vn -0.83455 0.362766 0.414642
vn -0.845985 0.335221 0.414652
vn -0.794974 0.44282 0.414642
vn -0.809054 0.416528 0.414652
vn -0.747742 0.518608 0.414642
vn -0.764331 0.493823 0.414652
vn -0.693309 0.589403 0.414642
vn -0.712247 0.566363 0.414652
vn -0.632199 0.654521 0.414642
vn -0.653305 0.633448 0.414652
vn -0.565 0.713335 0.414642
vn -0.58807 0.694433 0.414652
vn -0.492361 0.76528 0.414642
vn -0.517172 0.74873 0.414652
vn -0.414979 0.809855 0.414642
vn -0.441293 0.795816 0.414652
vn -0.333601 0.84663 0.414642
vn -0.361165 0.835239 0.414652
vn -0.249011 0.875252 0.414642
vn -0.277558 0.866617 0.414652
vn -0.162022 0.895445 0.414642
vn -0.191278 0.889649 0.414652
vn -0.073473 0.907014 0.414642
vn -0.103156 0.904114 0.414652
vn 0.153063 0.914666 0.374111
vn 0.153063 0.914666 0.374111
vn 0.153063 0.914666 0.374111
vn 0.456666 0.807154 0.374111
vn 0.456666 0.807154 0.374111
vn 0.456666 0.807154 0.374111
vn 0.705188 0.602288 0.374111
vn 0.705188 0.602288 0.374111
vn 0.705188 0.602288 0.374111
vn 0.868655 0.324777 0.374111
vn 0.868655 0.324777 0.374111
vn 0.868655 0.324777 0.374111
vn 0.927349 0.008093 0.374111
vn 0.927349 0.008093 0.374111
vn 0.927349 0.008093 0.374111
vn 0.874191 -0.309567 0.374111
vn 0.874191 -0.309567 0.374111
vn 0.874191 -0.309567 0.374111
vn 0.715592 -0.589889 0.374111
vn 0.715592 -0.589889 0.374111
vn 0.715592 -0.589889 0.374111
vn 0.470683 -0.799061 0.374111
vn 0.470683 -0.799061 0.374111
vn 0.470683 -0.799061 0.374111
vn 0.169002 -0.911855 0.374111
vn 0.169002 -0.911855 0.374111
vn 0.169002 -0.911855 0.374111
vn -0.153063 -0.914666 0.374111
vn -0.153063 -0.914666 0.374111
vn -0.153063 -0.914666 0.374111
vn -0.456666 -0.807154 0.374111
vn -0.456666 -0.807154 0.374111
vn -0.456666 -0.807154 0.374111
vn -0.705188 -0.602288 0.374111
vn -0.705188 -0.602288 0.374111
vn -0.705188 -0.602288 0.374111
vn -0.868655 -0.324777 0.374111
vn -0.868655 -0.324777 0.374111
vn -0.868655 -0.324777 0.374111
vn -0.927349 -0.008093 0.374111
vn -0.927349 -0.008093 0.374111
vn -0.927349 -0.008093 0.374111
vn -0.874191 0.309567 0.374111
vn -0.874191 0.309567 0.374111
vn -0.874191 0.309567 0.374111
vn -0.715592 0.589889 0.374111
vn -0.715592 0.589889 0.374111
vn -0.715592 0.589889 0.374111
vn -0.470683 0.799061 0.374111
vn -0.470683 0.799061 0.374111
vn -0.470683 0.799061 0.374111
vn -0.169002 0.911855 0.374111
vn -0.169002 0.911855 0.374111
vn -0.169002 0.911855 0.374111
vn 0.236158 -0.910919 0.338314
vn -0.683841 -0.711178 0.163055
vn -0.572299 -0.806399 -0.148974
vn -0.246598 -0.866799 -0.433416
vn 0.398718 -0.698979 -0.593677
vn 0.889351 -0.24428 -0.386501
vn 0.993749 0.070479 -0.086582
vn 0.954962 0.22224 0.196613
vn 0.802542 0.240739 0.545867
vn 0.229074 -0.063162 0.971358
vn 0.622006 0.442614 0.645911
vn -0.027327 -0.033795 0.999055
vn 0.810329 0.526129 0.257984
vn 0.869132 0.490412 -0.064074
vn 0.821702 0.318568 -0.472569
vn 0.292817 -0.258119 -0.92067
vn -0.432572 -0.681117 -0.590729
vn -0.656677 -0.725404 -0.206312
vn -0.71482 -0.688754 0.121035
vn -0.627493 -0.551966 0.549168
vn 0.523151 0.554854 0.646877
vn -0.14088 0.109361 0.983968
vn 0.761011 0.591089 0.267351
vn 0.863369 0.502699 -0.043446
vn 0.873518 0.247458 -0.419202
vn 0.435544 -0.425236 -0.793395
vn -0.299339 -0.812836 -0.499694
vn -0.585371 -0.797136 -0.148034
vn -0.693636 -0.70172 0.162659
vn -0.659992 -0.487067 0.571994
vn 0.418074 0.673147 0.609989
vn -0.261085 0.258847 0.929964
vn 0.705777 0.660031 0.257365
vn 0.853437 0.520741 -0.021787
vn 0.922076 0.192273 -0.335866
vn 0.566297 -0.555008 -0.609323
vn -0.179697 -0.915415 -0.360173
vn -0.524527 -0.848929 -0.064732
vn -0.68216 -0.700731 0.208886
vn -0.704497 -0.412784 0.577316
vn 0.295515 0.803349 0.517012
vn -0.414264 0.414519 0.810283
vn 0.634152 0.745609 0.20474
vn 0.820848 0.569922 -0.037396
vn 0.93302 0.20031 -0.298914
vn 0.6271 -0.598246 -0.498845
vn -0.131231 -0.955701 -0.263466
vn -0.510156 -0.860001 -0.011769
vn -0.705097 -0.674341 0.219323
vn -0.783494 -0.326256 0.528861
vn 0.148554 0.932086 0.330376
vn -0.601806 0.559173 0.570224
vn 0.538532 0.839326 0.07426
vn 0.751104 0.644769 -0.141833
vn 0.873487 0.271965 -0.403802
vn 0.575583 -0.537416 -0.616351
vn -0.175815 -0.926874 -0.331653
vn -0.553045 -0.830793 -0.062644
vn -0.766107 -0.626593 0.143042
vn -0.894376 -0.236489 0.379689
vn 0.047716 0.988747 0.141782
vn -0.712471 0.621968 0.324869
vn 0.474446 0.878954 -0.048388
vn 0.709688 0.667343 -0.225824
vn 0.842838 0.279442 -0.459931
vn 0.561694 -0.520817 -0.642844
vn -0.170594 -0.918347 -0.357123
vn -0.561214 -0.821843 -0.098044
vn -0.793594 -0.604008 0.073361
vn -0.953833 -0.189558 0.232958
vn 0.012271 0.999556 0.027138
vn -0.752098 0.634838 0.177
vn 0.462213 0.880386 -0.106206
vn 0.721619 0.652156 -0.232289
vn 0.885808 0.237004 -0.398965
vn 0.639205 -0.581092 -0.503735
vn -0.107639 -0.960255 -0.257535
vn -0.530899 -0.84567 -0.054667
vn -0.787137 -0.613106 0.067203
vn -0.969776 -0.183818 0.160457
vn -0.010201 0.997406 -0.07125
vn -0.774485 0.630998 0.04488
vn 0.456894 0.876553 -0.151334
vn 0.73415 0.63904 -0.229461
vn 0.919046 0.207977 -0.334812
vn 0.695083 -0.613723 -0.374437
vn -0.059546 -0.984022 -0.167796
vn -0.507885 -0.861242 -0.017735
vn -0.782065 -0.620512 0.057782
vn -0.978662 -0.184155 0.091142
vn -0.030028 0.982246 -0.185179
vn -0.787441 0.607055 -0.106867
vn 0.449766 0.867443 -0.212728
vn 0.739023 0.626444 -0.247816
vn 0.933566 0.188826 -0.304631
vn 0.724317 -0.619933 -0.301743
vn -0.023329 -0.991348 -0.129173
vn -0.489567 -0.871731 -0.020217
vn -0.776836 -0.629495 0.016145
vn -0.98097 -0.194087 -0.005226
vn -0.041212 0.951456 -0.305013
vn -0.784147 0.560081 -0.267249
vn 0.444637 0.85049 -0.281008
vn 0.740103 0.612751 -0.277098
vn 0.939013 0.177824 -0.294334
vn 0.745305 -0.612785 -0.262706
vn 0.009822 -0.992865 -0.118839
vn -0.468595 -0.882189 -0.046482
vn -0.763378 -0.64421 -0.047401
vn -0.96847 -0.218596 -0.119504
vn -0.038244 0.920229 -0.389507
vn -0.768107 0.508815 -0.388741
vn 0.4496 0.835462 -0.316012
vn 0.748631 0.604677 -0.271877
vn 0.952819 0.176503 -0.246945
vn 0.775913 -0.602716 -0.18626
vn 0.045014 -0.995962 -0.077678
vn -0.444073 -0.89467 -0.048619
vn -0.743015 -0.663417 -0.088359
vn -0.945994 -0.250754 -0.205472
vn -0.033179 0.889472 -0.455783
vn -0.746376 0.449694 -0.49061
vn 0.455924 0.825995 -0.33146
vn 0.757433 0.605166 -0.245091
vn 0.966204 0.187426 -0.176976
vn 0.809863 -0.579765 -0.089414
vn 0.085601 -0.996086 -0.022035
vn -0.414945 -0.908943 -0.04054
vn -0.716988 -0.6867 -0.119879
vn -0.915763 -0.289653 -0.278351
vn -0.048898 0.847169 -0.529069
vn -0.72596 0.355364 -0.58881
vn 0.448725 0.822849 -0.348662
vn 0.756402 0.617751 -0.215033
vn 0.970337 0.218567 -0.103315
vn 0.852578 -0.522537 0.008041
vn 0.153249 -0.987576 0.034764
vn -0.367679 -0.929347 -0.03355
vn -0.676506 -0.720168 -0.15394
vn -0.870065 -0.34636 -0.350743
vn -0.184363 0.755482 -0.628695
vn -0.691113 0.116524 -0.713292
vn 0.367443 0.832309 -0.415028
vn 0.712016 0.660115 -0.239333
vn 0.946871 0.304699 -0.102925
vn 0.935601 -0.352582 0.018359
vn 0.34409 -0.937237 0.056473
vn -0.247742 -0.968611 -0.02042
vn -0.602389 -0.782537 -0.157364
vn -0.815118 -0.448794 -0.366288
vn 0.018652 -0.944337 0.328449
vn -0.820831 -0.507999 0.2611
vn -0.789556 -0.610308 -0.064226
vn -0.551733 -0.730529 -0.402389
vn 0.097578 -0.723826 -0.683048
vn 0.744145 -0.404644 -0.531518
vn 0.961637 -0.147381 -0.231374
vn 0.998138 -0.010905 0.060007
vn 0.901255 0.03284 0.432043
vn 0.32136 -0.12694 0.93841
vn 0.805239 0.185456 0.563201
vn 0.085174 -0.086487 0.992605
vn 0.961193 0.234526 0.145275
vn 0.958905 0.209862 -0.190943
vn 0.793217 0.100809 -0.600537
vn 0.038352 -0.23567 -0.971076
vn -0.715936 -0.444055 -0.538749
vn -0.882187 -0.454973 -0.12143
vn -0.876717 -0.429812 0.215939
vn -0.690775 -0.356904 0.628848
vn 0.772028 0.1866 0.607579
vn 0.018146 0.027808 0.999449
vn 0.967776 0.166048 0.189309
vn 0.984845 0.084064 -0.151705
vn 0.826179 -0.085955 -0.556812
vn 0.081843 -0.409417 -0.908669
vn -0.698943 -0.48327 -0.52719
vn -0.901865 -0.414836 -0.12063
vn -0.914464 -0.338813 0.221272
vn -0.73703 -0.222341 0.63824
vn 0.734688 0.209578 0.645221
vn -0.043155 0.173036 0.98397
vn 0.963083 0.104353 0.248156
vn 0.995926 -0.045195 -0.078025
vn 0.842303 -0.28335 -0.458519
vn 0.107235 -0.596044 -0.795759
vn -0.689988 -0.530363 -0.492576
vn -0.921323 -0.369412 -0.121236
vn -0.949895 -0.232045 0.209413
vn -0.781895 -0.063053 0.620213
vn 0.69898 0.296585 0.650741
vn -0.100473 0.38268 0.918402
vn 0.950808 0.099722 0.293292
vn 0.993606 -0.112744 -0.005968
vn 0.8413 -0.404092 -0.359059
vn 0.106021 -0.702485 -0.703757
vn -0.700473 -0.526761 -0.481519
vn -0.9453 -0.288113 -0.152967
vn -0.983671 -0.091388 0.155049
vn -0.825544 0.1392 0.5469
vn 0.680265 0.462547 0.568586
vn -0.133424 0.661379 0.738089
vn 0.946523 0.179983 0.26777
vn 0.997692 -0.066503 -0.013721
vn 0.853493 -0.353877 -0.382519
vn 0.119072 -0.610646 -0.7829
vn -0.699177 -0.409973 -0.585724
vn -0.952234 -0.148852 -0.266632
vn -0.995893 0.088272 0.020106
vn -0.844641 0.383492 0.373516
vn 0.679054 0.572244 0.459807
vn -0.118434 0.84738 0.51761
vn 0.946421 0.222251 0.234289
vn 0.998131 -0.058743 -0.016849
vn 0.85385 -0.353251 -0.382302
vn 0.144596 -0.578143 -0.803021
vn -0.660807 -0.356171 -0.660663
vn -0.925307 -0.066882 -0.373275
vn -0.970538 0.208164 -0.121345
vn -0.814672 0.551704 0.178694
vn 0.692945 0.600949 0.398356
vn -0.081131 0.927692 0.364426
vn 0.947846 0.199688 0.248418
vn 0.990724 -0.126921 0.048559
vn 0.838736 -0.473726 -0.268523
vn 0.140578 -0.722981 -0.676414
vn -0.649369 -0.43123 -0.626387
vn -0.909558 -0.075826 -0.408602
vn -0.947099 0.245185 -0.207095
vn -0.778216 0.626578 0.042177
vn 0.709618 0.620551 0.333704
vn -0.038232 0.974825 0.21967
vn 0.948772 0.185322 0.255905
vn 0.978705 -0.174838 0.10756
vn 0.81299 -0.560396 -0.158126
vn 0.121592 -0.830864 -0.543029
vn -0.64798 -0.49782 -0.576452
vn -0.898757 -0.094167 -0.428215
vn -0.924294 0.261654 -0.277882
vn -0.737924 0.670099 -0.080226
vn 0.732875 0.638488 0.235008
vn 0.010297 0.998539 0.053045
vn 0.956755 0.184271 0.225088
vn 0.972467 -0.19718 0.124209
vn 0.791448 -0.603654 -0.095982
vn 0.113397 -0.883235 -0.455013
vn -0.633084 -0.541559 -0.553098
vn -0.878908 -0.111295 -0.463826
vn -0.894199 0.266956 -0.359365
vn -0.690264 0.691309 -0.213605
vn 0.75777 0.64237 0.114655
vn 0.056688 0.990753 -0.123271
vn 0.968597 0.183424 0.167857
vn 0.971785 -0.207805 0.111584
vn 0.778886 -0.623722 -0.065639
vn 0.114408 -0.911398 -0.395303
vn -0.614144 -0.576229 -0.539247
vn -0.854707 -0.13293 -0.501803
vn -0.859591 0.256349 -0.442028
vn -0.640428 0.684002 -0.349275
vn 0.776799 0.629428 0.020084
vn 0.086352 0.962312 -0.257876
vn 0.976537 0.172222 0.129288
vn 0.967449 -0.223388 0.11891
vn 0.762508 -0.646917 -0.00901
vn 0.099788 -0.94839 -0.300996
vn -0.620235 -0.617222 -0.484094
vn -0.851445 -0.163363 -0.498352
vn -0.844071 0.231306 -0.483778
vn -0.611385 0.656329 -0.442087
vn 0.787983 0.612083 -0.06661
vn 0.096938 0.923781 -0.370447
vn 0.982596 0.15995 0.094455
vn 0.962808 -0.236621 0.130429
vn 0.746235 -0.663374 0.055388
vn 0.082683 -0.978483 -0.189036
vn -0.637052 -0.65689 -0.403311
vn -0.86213 -0.195354 -0.467513
vn -0.843923 0.201352 -0.497244
vn -0.600433 0.6192 -0.506035
vn 0.777818 0.60399 -0.173768
vn 0.069768 0.871896 -0.484696
vn 0.986388 0.159051 0.041742
vn 0.962891 -0.237941 0.127375
vn 0.741912 -0.661554 0.109149
vn 0.094596 -0.992834 -0.073025
vn -0.639251 -0.70481 -0.307572
vn -0.875479 -0.236404 -0.421484
vn -0.853153 0.162525 -0.495697
vn -0.607391 0.567284 -0.556117
vn 0.669587 0.670321 -0.319881
vn -0.055997 0.741112 -0.669042
vn 0.971219 0.232212 -0.053012
vn 0.980736 -0.178304 0.079782
vn 0.796863 -0.594851 0.105647
vn 0.25573 -0.966714 -0.008165
vn -0.518954 -0.822863 -0.231479
vn -0.858283 -0.348356 -0.376826
vn -0.876676 0.074883 -0.475217
vn -0.671608 0.476132 -0.567663
vn -0.328732 -0.905793 -0.267347
vn 0.614225 -0.725908 -0.309491
vn 0.60144 -0.798794 0.014113
vn 0.39441 -0.838594 0.375766
vn -0.191174 -0.641702 0.742746
vn -0.761189 -0.121216 0.637101
vn -0.925381 0.180418 0.333344
vn -0.954612 0.294605 0.043865
vn -0.905728 0.276051 -0.321642
vn -0.489748 -0.07143 -0.868933
vn -0.810958 0.399091 -0.42787
vn -0.33925 -0.195661 -0.920123
vn -0.832683 0.552986 -0.029084
vn -0.772947 0.56739 0.283939
vn -0.593357 0.443098 0.672006
vn 0.065927 -0.131332 0.989144
vn 0.615358 -0.623589 0.482152
vn 0.687283 -0.722745 0.072676
vn 0.628257 -0.740283 -0.239322
vn 0.400553 -0.679919 -0.614221
vn -0.830701 0.385209 -0.401933
vn -0.447375 -0.301431 -0.842018
vn -0.805733 0.591603 -0.028282
vn -0.719299 0.638497 0.273733
vn -0.519333 0.546765 0.656766
vn 0.121734 -0.024544 0.992259
vn 0.6082 -0.607219 0.511251
vn 0.642009 -0.758706 0.110405
vn 0.551956 -0.811848 -0.190387
vn 0.288426 -0.787001 -0.545381
vn -0.84905 0.378781 -0.368291
vn -0.559604 -0.390287 -0.731109
vn -0.773118 0.633374 -0.033556
vn -0.656358 0.711761 0.250179
vn -0.430764 0.652731 0.623205
vn 0.196671 0.08519 0.976762
vn 0.606509 -0.584243 0.539265
vn 0.595657 -0.787162 0.159902
vn 0.471652 -0.873578 -0.120022
vn 0.170441 -0.879631 -0.444071
vn -0.832007 0.41161 -0.371942
vn -0.613101 -0.420874 -0.66856
vn -0.715317 0.695184 -0.070991
vn -0.569584 0.799385 0.191199
vn -0.310834 0.778613 0.545109
vn 0.323589 0.227769 0.918374
vn 0.646554 -0.535573 0.543258
vn 0.582142 -0.788916 0.19678
vn 0.428249 -0.901699 -0.059512
vn 0.106282 -0.926305 -0.361474
vn -0.727946 0.485022 -0.484611
vn -0.51005 -0.373973 -0.774593
vn -0.608869 0.772601 -0.179906
vn -0.443669 0.893754 0.066039
vn -0.142293 0.913315 0.381587
vn 0.526356 0.402572 0.748922
vn 0.751733 -0.455518 0.476865
vn 0.626563 -0.758354 0.179775
vn 0.45729 -0.887111 -0.062607
vn 0.158487 -0.909336 -0.384695
vn -0.64874 0.496899 -0.576392
vn -0.445931 -0.368063 -0.815889
vn -0.524806 0.802033 -0.28517
vn -0.3398 0.938522 -0.060926
vn -0.0026 0.977731 0.209847
vn 0.674328 0.493295 0.549492
vn 0.820259 -0.406644 0.402265
vn 0.645013 -0.745567 0.167597
vn 0.455549 -0.888573 -0.053977
vn 0.162137 -0.909699 -0.382307
vn -0.672506 0.462435 -0.577832
vn -0.540205 -0.43236 -0.721972
vn -0.504317 0.795255 -0.336501
vn -0.289591 0.946193 -0.144415
vn 0.075322 0.992808 0.093051
vn 0.746951 0.506912 0.430237
vn 0.829589 -0.407093 0.382175
vn 0.614625 -0.762021 0.203864
vn 0.39563 -0.91829 0.014868
vn 0.069558 -0.956177 -0.284407
vn -0.697858 0.431268 -0.571841
vn -0.622044 -0.475782 -0.621846
vn -0.491181 0.782786 -0.382083
vn -0.249897 0.942292 -0.222796
vn 0.139088 0.990114 -0.018112
vn 0.804288 0.502896 0.316569
vn 0.837164 -0.409065 0.363072
vn 0.589096 -0.771493 0.240344
vn 0.344128 -0.935138 0.084215
vn -0.010764 -0.982755 -0.184597
vn -0.7031 0.394343 -0.59173
vn -0.657134 -0.505882 -0.5588
vn -0.471988 0.760382 -0.446145
vn -0.210444 0.924969 -0.316457
vn 0.19796 0.969238 -0.146251
vn 0.856791 0.484639 0.176166
vn 0.855078 -0.411214 0.315824
vn 0.580233 -0.775087 0.250141
vn 0.314552 -0.940986 0.124913
vn -0.0586 -0.991131 -0.119268
vn -0.700862 0.350927 -0.621002
vn -0.668239 -0.535105 -0.516836
vn -0.453387 0.72656 -0.516285
vn -0.177114 0.891891 -0.416126
vn 0.242985 0.928166 -0.281898
vn 0.892148 0.451181 0.022539
vn 0.8729 -0.418029 0.25159
vn 0.579199 -0.77807 0.243179
vn 0.298962 -0.942797 0.147496
vn -0.084038 -0.993647 -0.074861
vn -0.720554 0.315725 -0.617349
vn -0.702305 -0.559321 -0.440372
vn -0.453705 0.695425 -0.557257
vn -0.164135 0.857978 -0.486757
vn 0.263088 0.885524 -0.382926
vn 0.904729 0.416689 -0.088522
vn 0.877892 -0.427486 0.215782
vn 0.569757 -0.780105 0.258481
vn 0.276668 -0.941351 0.193168
vn -0.117805 -0.993035 -0.001822
vn -0.751693 0.282083 -0.596144
vn -0.737945 -0.579977 -0.345057
vn -0.466016 0.666518 -0.581879
vn -0.163682 0.825999 -0.539383
vn 0.268022 0.845532 -0.461779
vn 0.90313 0.391205 -0.176961
vn 0.882107 -0.429483 0.193474
vn 0.56201 -0.776653 0.284526
vn 0.25638 -0.93392 0.249125
vn -0.148913 -0.98534 0.08325
vn -0.79435 0.221119 -0.565786
vn -0.748461 -0.6197 -0.236173
vn -0.493246 0.628053 -0.601879
vn -0.175495 0.790767 -0.586421
vn 0.256388 0.805547 -0.53419
vn 0.877719 0.392165 -0.275349
vn 0.901996 -0.402919 0.155108
vn 0.572263 -0.76158 0.304155
vn 0.250557 -0.920158 0.300882
vn -0.16182 -0.972846 0.165487
vn -0.870528 0.029744 -0.49122
vn -0.622086 -0.766004 -0.162009
vn -0.5795 0.540173 -0.61024
vn -0.236771 0.742133 -0.627039
vn 0.184429 0.772427 -0.607735
vn 0.763338 0.476388 -0.436313
vn 0.965617 -0.259773 0.010042
vn 0.656547 -0.702932 0.273554
vn 0.307643 -0.892089 0.330958
vn -0.100864 -0.964011 0.245987
usemtl color_20
f 1//1 2//2 3//3
f 1//1 4//4 2//2
f 1//1 5//5 4//4
f 1//1 6//6 5//5
f 1//1 7//7 6//6
f 1//1 8//8 7//7
f 1//1 9//9 8//8
f 1//1 10//10 9//9
f 1//1 11//11 10//10
f 1//1 12//12 11//11
f 1//1 13//13 12//12
f 1//1 14//14 13//13
f 1//1 15//15 14//14
f 1//1 16//16 15//15
f 1//1 17//17 16//16
f 1//1 18//18 17//17
f 1//1 19//19 18//18
f 1//1 20//20 19//19
f 1//1 21//21 20//20
f 1//1 22//22 21//21
f 1//1 23//23 22//22
f 1//1 24//24 23//23
f 1//1 25//25 24//24
f 1//1 26//26 25//25
f 1//1 27//27 26//26
f 1//1 28//28 27//27
f 1//1 29//29 28//28
f 1//1 30//30 29//29
f 1//1 31//31 30//30
f 1//1 32//32 31//31
f 1//1 33//33 32//32
f 1//1 34//34 33//33
f 1//1 35//35 34//34
f 1//1 36//36 35//35
f 1//1 37//37 36//36
f 1//1 38//38 37//37
f 1//1 39//39 38//38
f 1//1 40//40 39//39
f 1//1 41//41 40//40
f 1//1 42//42 41//41
f 1//1 43//43 42//42
f 1//1 44//44 43//43
f 1//1 45//45 44//44
f 1//1 46//46 45//45
f 1//1 47//47 46//46
f 1//1 48//48 47//47
f 1//1 49//49 48//48
f 1//1 50//50 49//49
f 1//1 51//51 50//50
f 1//1 52//52 51//51
f 1//1 53//53 52//52
f 1//1 54//54 53//53
f 1//1 55//55 54//54
f 1//1 56//56 55//55
f 1//1 57//57 56//56
f 1//1 58//58 57//57
f 1//1 59//59 58//58
f 1//1 60//60 59//59
f 1//1 61//61 60//60
f 1//1 62//62 61//61
f 1//1 63//63 62//62
f 1//1 64//64 63//63
f 1//1 65//65 64//64
f 1//1 66//66 65//65
f 1//1 67//67 66//66
f 1//1 68//68 67//67
f 1//1 69//69 68//68
f 1//1 70//70 69//69
f 1//1 71//71 70//70
f 1//1 72//72 71//71
f 1//1 73//73 72//72
f 1//1 74//74 73//73
f 1//1 75//75 74//74
f 1//1 76//76 75//75
f 1//1 77//77 76//76
f 1//1 78//78 77//77
f 1//1 79//79 78//78
f 1//1 80//80 79//79
f 1//1 81//81 80//80
f 1//1 82//82 81//81
f 1//1 83//83 82//82
f 1//1 84//84 83//83
f 1//1 85//85 84//84
f 1//1 86//86 85//85
f 1//1 87//87 86//86
f 1//1 88//88 87//87
f 1//1 89//89 88//88
f 1//1 90//90 89//89
f 1//1 91//91 90//90
f 1//1 92//92 91//91
f 1//1 93//93 92//92
f 1//1 94//94 93//93
f 1//1 95//95 94//94
f 1//1 96//96 95//95
f 1//1 97//97 96//96
f 1//1 98//98 97//97
f 1//1 99//99 98//98
f 1//1 100//100 99//99
f 1//1 101//101 100//100
f 1//1 102//102 101//101
f 1//1 103//103 102//102
f 1//1 104//104 103//103
f 1//1 105//105 104//104
f 1//1 106//106 105//105
f 1//1 107//107 106//106
f 1//1 108//108 107//107
f 1//1 109//109 108//108
f 1//1 110//110 109//109
f 1//1 111//111 110//110
f 1//1 112//112 111//111
f 1//1 113//113 112//112
f 1//1 3//3 113//113
f 3//3 2//2 114//114
f 3//3 114//114 115//115
f 2//2 4//4 116//116
f 2//2 116//116 114//114
f 4//4 5//5 117//117
f 4//4 117//117 116//116
f 5//5 6//6 118//118
f 5//5 118//118 117//117
f 6//6 7//7 119//119
f 6//6 119//119 118//118
f 7//7 8//8 120//120
f 7//7 120//120 119//119
f 8//8 9//9 121//121
f 8//8 121//121 120//120
f 9//9 10//10 122//122
f 9//9 122//122 121//121
f 10//10 11//11 123//123
f 10//10 123//123 122//122
f 11//11 12//12 124//124
f 11//11 124//124 123//123
f 12//12 13//13 125//125
f 12//12 125//125 124//124
f 13//13 14//14 126//126
f 13//13 126//126 125//125
f 14//14 15//15 127//127
f 14//14 127//127 126//126
f 15//15 16//16 128//128
f 15//15 128//128 127//127
f 16//16 17//17 129//129
f 16//16 129//129 128//128
f 17//17 18//18 130//130
f 17//17 130//130 129//129
f 18//18 19//19 131//131
f 18//18 131//131 130//130
f 19//19 20//20 132//132
f 19//19 132//132 131//131
f 20//20 21//21 133//133
f 20//20 133//133 132//132
f 21//21 22//22 134//134
f 21//21 134//134 133//133
f 22//22 23//23 135//135
f 22//22 135//135 134//134
f 23//23 24//24 136//136
f 23//23 136//136 135//135
f 24//24 25//25 137//137
f 24//24 137//137 136//136
f 25//25 26//26 138//138
f 25//25 138//138 137//137
f 26//26 27//27 139//139
f 26//26 139//139 138//138
f 27//27 28//28 140//140
f 27//27 140//140 139//139
f 28//28 29//29 141//141
f 28//28 141//141 140//140
f 29//29 30//30 142//142
f 29//29 142//142 141//141
f 30//30 31//31 143//143
f 30//30 143//143 142//142
f 31//31 32//32 144//144
f 31//31 144//144 143//143
f 32//32 33//33 145//145
f 32//32 145//145 144//144
f 33//33 34//34 146//146
f 33//33 146//146 145//145
f 34//34 35//35 147//147
f 34//34 147//147 146//146
f 35//35 36//36 148//148
f 35//35 148//148 147//147
f 36//36 37//37 149//149
f 36//36 149//149 148//148
f 37//37 38//38 150//150
f 37//37 150//150 149//149
f 38//38 39//39 151//151
f 38//38 151//151 150//150
f 39//39 40//40 152//152
f 39//39 152//152 151//151
f 40//40 41//41 153//153
f 40//40 153//153 152//152
f 41//41 42//42 154//154
f 41//41 154//154 153//153
f 42//42 43//43 155//155
f 42//42 155//155 154//154
f 43//43 44//44 156//156
f 43//43 156//156 155//155
f 44//44 45//45 157//157
f 44//44 157//157 156//156
f 45//45 46//46 158//158
f 45//45 158//158 157//157
f 46//46 47//47 159//159
f 46//46 159//159 158//158
f 47//47 48//48 160//160
f 47//47 160//160 159//159
f 48//48 49//49 161//161
f 48//48 161//161 160//160
f 49//49 50//50 162//162
f 49//49 162//162 161//161
f 50//50 51//51 163//163
f 50//50 163//163 162//162
f 51//51 52//52 164//164
f 51//51 164//164 163//163
f 52//52 53//53 165//165
f 52//52 165//165 164//164
f 53//53 54//54 166//166
f 53//53 166//166 165//165
f 54//54 55//55 167//167
f 54//54 167//167 166//166
f 55//55 56//56 168//168
f 55//55 168//168 167//167
f 56//56 57//57 169//169
f 56//56 169//169 168//168
f 57//57 58//58 170//170
f 57//57 170//170 169//169
f 58//58 59//59 171//171
f 58//58 171//171 170//170
f 59//59 60//60 172//172
f 59//59 172//172 171//171
f 60//60 61//61 173//173
f 60//60 173//173 172//172
f 61//61 62//62 174//174
f 61//61 174//174 173//173
f 62//62 63//63 175//175
f 62//62 175//175 174//174
f 63//63 64//64 176//176
f 63//63 176//176 175//175
f 64//64 65//65 177//177
f 64//64 177//177 176//176
f 65//65 66//66 178//178
f 65//65 178//178 177//177
f 66//66 67//67 179//179
f 66//66 179//179 178//178
f 67//67 68//68 180//180
f 67//67 180//180 179//179
f 68//68 69//69 181//181
f 68//68 181//181 180//180
f 69//69 70//70 182//182
f 69//69 182//182 181//181
f 70//70 71//71 183//183
f 70//70 183//183 182//182
f 71//71 72//72 184//184
f 71//71 184//184 183//183
f 72//72 73//73 185//185
f 72//72 185//185 184//184
f 73//73 74//74 186//186
f 73//73 186//186 185//185
f 74//74 75//75 187//187
f 74//74 187//187 186//186
f 75//75 76//76 188//188
f 75//75 188//188 187//187
f 76//76 77//77 189//189
f 76//76 189//189 188//188
f 77//77 78//78 190//190
f 77//77 190//190 189//189
f 78//78 79//79 191//191
f 78//78 191//191 190//190
f 79//79 80//80 192//192
f 79//79 192//192 191//191
f 80//80 81//81 193//193
f 80//80 193//193 192//192
f 81//81 82//82 194//194
f 81//81 194//194 193//193
f 82//82 83//83 195//195
f 82//82 195//195 194//194
f 83//83 84//84 196//196
f 83//83 196//196 195//195
f 84//84 85//85 197//197
f 84//84 197//197 196//196
f 85//85 86//86 198//198
f 85//85 198//198 197//197
f 86//86 87//87 199//199
f 86//86 199//199 198//198
f 87//87 88//88 200//200
f 87//87 200//200 199//199
f 88//88 89//89 201//201
f 88//88 201//201 200//200
f 89//89 90//90 202//202
f 89//89 202//202 201//201
f 90//90 91//91 203//203
f 90//90 203//203 202//202
f 91//91 92//92 204//204
f 91//91 204//204 203//203
f 92//92 93//93 205//205
f 92//92 205//205 204//204
f 93//93 94//94 206//206
f 93//93 206//206 205//205
f 94//94 95//95 207//207
f 94//94 207//207 206//206
f 95//95 96//96 208//208
f 95//95 208//208 207//207
f 96//96 97//97 209//209
f 96//96 209//209 208//208
f 97//97 98//98 210//210
f 97//97 210//210 209//209
f 98//98 99//99 211//211
f 98//98 211//211 210//210
f 99//99 100//100 212//212
f 99//99 212//212 211//211
f 100//100 101//101 213//213
f 100//100 213//213 212//212
f 101//101 102//102 214//214
f 101//101 214//214 213//213
f 102//102 103//103 215//215
f 102//102 215//215 214//214
f 103//103 104//104 216//216
f 103//103 216//216 215//215
f 104//104 105//105 217//217
f 104//104 217//217 216//216
f 105//105 106//106 218//218
f 105//105 218//218 217//217
f 106//106 107//107 219//219
f 106//106 219//219 218//218
f 107//107 108//108 220//220
f 107//107 220//220 219//219
f 108//108 109//109 221//221
f 108//108 221//221 220//220
f 109//109 110//110 222//222
f 109//109 222//222 221//221
f 110//110 111//111 223//223
f 110//110 223//223 222//222
f 111//111 112//112 224//224
f 111//111 224//224 223//223
f 112//112 113//113 225//225
f 112//112 225//225 224//224
f 113//113 3//3 115//115
f 113//113 115//115 225//225
f 115//115 114//114 226//226
f 115//115 226//226 227//227
f 114//114 116//116 228//228
f 114//114 228//228 226//226
f 116//116 117//117 229//229
f 116//116 229//229 228//228
f 117//117 118//118 230//230
f 117//117 230//230 229//229
f 118//118 119//119 231//231
f 118//118 231//231 230//230
f 119//119 120//120 232//232
f 119//119 232//232 231//231
f 120//120 121//121 233//233
f 120//120 233//233 232//232
f 121//121 122//122 234//234
f 121//121 234//234 233//233
f 122//122 123//123 235//235
f 122//122 235//235 234//234
f 123//123 124//124 236//236
f 123//123 236//236 235//235
f 124//124 125//125 237//237
f 124//124 237//237 236//236
f 125//125 126//126 238//238
f 125//125 238//238 237//237
f 126//126 127//127 239//239
f 126//126 239//239 238//238
f 127//127 128//128 240//240
f 127//127 240//240 239//239
f 128//128 129//129 241//241
f 128//128 241//241 240//240
f 129//129 130//130 242//242
f 129//129 242//242 241//241
f 130//130 131//131 243//243
f 130//130 243//243 242//242
f 131//131 132//132 244//244
f 131//131 244//244 243//243
f 132//132 133//133 245//245
f 132//132 245//245 244//244
f 133//133 134//134 246//246
f 133//133 246//246 245//245
f 134//134 135//135 247//247
f 134//134 247//247 246//246
f 135//135 136//136 248//248
f 135//135 248//248 247//247
f 136//136 137//137 249//249
f 136//136 249//249 248//248
f 137//137 138//138 250//250
f 137//137 250//250 249//249
f 138//138 139//139 251//251
f 138//138 251//251 250//250
f 139//139 140//140 252//252
f 139//139 252//252 251//251
f 140//140 141//141 253//253
f 140//140 253//253 252//252
f 141//141 142//142 254//254
f 141//141 254//254 253//253
f 142//142 143//143 255//255
f 142//142 255//255 254//254
f 143//143 144//144 256//256
f 143//143 256//256 255//255
f 144//144 145//145 257//257
f 144//144 257//257 256//256
f 145//145 146//146 258//258
f 145//145 258//258 257//257
f 146//146 147//147 259//259
f 146//146 259//259 258//258
f 147//147 148//148 260//260
f 147//147 260//260 259//259
f 148//148 149//149 261//261
f 148//148 261//261 260//260
f 149//149 150//150 262//262
f 149//149 262//262 261//261
f 150//150 151//151 263//263
f 150//150 263//263 262//262
f 151//151 152//152 264//264
f 151//151 264//264 263//263
f 152//152 153//153 265//265
f 152//152 265//265 264//264
f 153//153 154//154 266//266
f 153//153 266//266 265//265
f 154//154 155//155 267//267
f 154//154 267//267 266//266
f 155//155 156//156 268//268
f 155//155 268//268 267//267
f 156//156 157//157 269//269
f 156//156 269//269 268//268
f 157//157 158//158 270//270
f 157//157 270//270 269//269
f 158//158 159//159 271//271
f 158//158 271//271 270//270
f 159//159 160//160 272//272
f 159//159 272//272 271//271
f 160//160 161//161 273//273
f 160//160 273//273 272//272
f 161//161 162//162 274//274
f 161//161 274//274 273//273
f 162//162 163//163 275//275
f 162//162 275//275 274//274
f 163//163 164//164 276//276
f 163//163 276//276 275//275
f 164//164 165//165 277//277
f 164//164 277//277 276//276
f 165//165 166//166 278//278
f 165//165 278//278 277//277
f 166//166 167//167 279//279
f 166//166 279//279 278//278
f 167//167 168//168 280//280
f 167//167 280//280 279//279
f 168//168 169//169 281//281
f 168//168 281//281 280//280
f 169//169 170//170 282//282
f 169//169 282//282 281//281
f 170//170 171//171 283//283
f 170//170 283//283 282//282
f 171//171 172//172 284//284
f 171//171 284//284 283//283
f 172//172 173//173 285//285
f 172//172 285//285 284//284
f 173//173 174//174 286//286
f 173//173 286//286 285//285
f 174//174 175//175 287//287
f 174//174 287//287 286//286
f 175//175 176//176 288//288
f 175//175 288//288 287//287
f 176//176 177//177 289//289
f 176//176 289//289 288//288
f 177//177 178//178 290//290
f 177//177 290//290 289//289
f 178//178 179//179 291//291
f 178//178 291//291 290//290
f 179//179 180//180 292//292
f 179//179 292//292 291//291
f 180//180 181//181 293//293
f 180//180 293//293 292//292
f 181//181 182//182 294//294
f 181//181 294//294 293//293
f 182//182 183//183 295//295
f 182//182 295//295 294//294
f 183//183 184//184 296//296
f 183//183 296//296 295//295
f 184//184 185//185 297//297
f 184//184 297//297 296//296
f 185//185 186//186 298//298
f 185//185 298//298 297//297
f 186//186 187//187 299//299
f 186//186 299//299 298//298
f 187//187 188//188 300//300
f 187//187 300//300 299//299
f 188//188 189//189 301//301
f 188//188 301//301 300//300
f 189//189 190//190 302//302
f 189//189 302//302 301//301
f 190//190 191//191 303//303
f 190//190 303//303 302//302
f 191//191 192//192 304//304
f 191//191 304//304 303//303
f 192//192 193//193 305//305
f 192//192 305//305 304//304
f 193//193 194//194 306//306
f 193//193 306//306 305//305
f 194//194 195//195 307//307
f 194//194 307//307 306//306
f 195//195 196//196 308//308
f 195//195 308//308 307//307
f 196//196 197//197 309//309
f 196//196 309//309 308//308
f 197//197 198//198 310//310
f 197//197 310//310 309//309
f 198//198 199//199 311//311
f 198//198 311//311 310//310
f 199//199 200//200 312//312
f 199//199 312//312 311//311
f 200//200 201//201 313//313
f 200//200 313//313 312//312
f 201//201 202//202 314//314
f 201//201 314//314 313//313
f 202//202 203//203 315//315
f 202//202 315//315 314//314
f 203//203 204//204 316//316
f 203//203 316//316 315//315
f 204//204 205//205 317//317
f 204//204 317//317 316//316
f 205//205 206//206 318//318
f 205//205 318//318 317//317
f 206//206 207//207 319//319
f 206//206 319//319 318//318
f 207//207 208//208 320//320
f 207//207 320//320 319//319
f 208//208 209//209 321//321
f 208//208 321//321 320//320
f 209//209 210//210 322//322
f 209//209 322//322 321//321
f 210//210 211//211 323//323
f 210//210 323//323 322//322
f 211//211 212//212 324//324
f 211//211 324//324 323//323
f 212//212 213//213 325//325
f 212//212 325//325 324//324
f 213//213 214//214 326//326
f 213//213 326//326 325//325
f 214//214 215//215 327//327
f 214//214 327//327 326//326
f 215//215 216//216 328//328
f 215//215 328//328 327//327
f 216//216 217//217 329//329
f 216//216 329//329 328//328
f 217//217 218//218 330//330
f 217//217 330//330 329//329
f 218//218 219//219 331//331
f 218//218 331//331 330//330
f 219//219 220//220 332//332
f 219//219 332//332 331//331
f 220//220 221//221 333//333
f 220//220 333//333 332//332
f 221//221 222//222 334//334
f 221//221 334//334 333//333
f 222//222 223//223 335//335
f 222//222 335//335 334//334
f 223//223 224//224 336//336
f 223//223 336//336 335//335
f 224//224 225//225 337//337
f 224//224 337//337 336//336
f 225//225 115//115 227//227
f 225//225 227//227 337//337
f 227//227 226//226 338//338
f 227//227 338//338 339//339
f 226//226 228//228 340//340
f 226//226 340//340 338//338
f 228//228 229//229 341//341
f 228//228 341//341 340//340
f 229//229 230//230 342//342
f 229//229 342//342 341//341
f 230//230 231//231 343//343
f 230//230 343//343 342//342
f 231//231 232//232 344//344
f 231//231 344//344 343//343
f 232//232 233//233 345//345
f 232//232 345//345 344//344
f 233//233 234//234 346//346
f 233//233 346//346 345//345
f 234//234 235//235 347//347
f 234//234 347//347 346//346
f 235//235 236//236 348//348
f 235//235 348//348 347//347
f 236//236 237//237 349//349
f 236//236 349//349 348//348
f 237//237 238//238 350//350
f 237//237 350//350 349//349
f 238//238 239//239 351//351
f 238//238 351//351 350//350
f 239//239 240//240 352//352
f 239//239 352//352 351//351
f 240//240 241//241 353//353
f 240//240 353//353 352//352
f 241//241 242//242 354//354
f 241//241 354//354 353//353
f 242//242 243//243 355//355
f 242//242 355//355 354//354
f 243//243 244//244 356//356
f 243//243 356//356 355//355
f 244//244 245//245 357//357
f 244//244 357//357 356//356
f 245//245 246//246 358//358
f 245//245 358//358 357//357
f 246//246 247//247 359//359
f 246//246 359//359 358//358
f 247//247 248//248 360//360
f 247//247 360//360 359//359
f 248//248 249//249 361//361
f 248//248 361//361 360//360
f 249//249 250//250 362//362
f 249//249 362//362 361//361
f 250//250 251//251 363//363
f 250//250 363//363 362//362
f 251//251 252//252 364//364
f 251//251 364//364 363//363
f 252//252 253//253 365//365
f 252//252 365//365 364//364
f 253//253 254//254 366//366
f 253//253 366//366 365//365
f 254//254 255//255 367//367
f 254//254 367//367 366//366
f 255//255 256//256 368//368
f 255//255 368//368 367//367
f 256//256 257//257 369//369
f 256//256 369//369 368//368
f 257//257 258//258 370//370
f 257//257 370//370 369//369
f 258//258 259//259 371//371
f 258//258 371//371 370//370
f 259//259 260//260 372//372
f 259//259 372//372 371//371
f 260//260 261//261 373//373
f 260//260 373//373 372//372
f 261//261 262//262 374//374
f 261//261 374//374 373//373
f 262//262 263//263 375//375
f 262//262 375//375 374//374
f 263//263 264//264 376//376
f 263//263 376//376 375//375
f 264//264 265//265 377//377
f 264//264 377//377 376//376
f 265//265 266//266 378//378
f 265//265 378//378 377//377
f 266//266 267//267 379//379
f 266//266 379//379 378//378
f 267//267 268//268 380//380
f 267//267 380//380 379//379
f 268//268 269//269 381//381
f 268//268 381//381 380//380
f 269//269 270//270 382//382
f 269//269 382//382 381//381
f 270//270 271//271 383//383
f 270//270 383//383 382//382
f 271//271 272//272 384//384
f 271//271 384//384 383//383
f 272//272 273//273 385//385
f 272//272 385//385 384//384
f 273//273 274//274 386//386
f 273//273 386//386 385//385
f 274//274 275//275 387//387
f 274//274 387//387 386//386
f 275//275 276//276 388//388
f 275//275 388//388 387//387
f 276//276 277//277 389//389
f 276//276 389//389 388//388
f 277//277 278//278 390//390
f 277//277 390//390 389//389
f 278//278 279//279 391//391
f 278//278 391//391 390//390
f 279//279 280//280 392//392
f 279//279 392//392 391//391
f 280//280 281//281 393//393
f 280//280 393//393 392//392
f 281//281 282//282 394//394
f 281//281 394//394 393//393
f 282//282 283//283 395//395
f 282//282 395//395 394//394
f 283//283 284//284 396//396
f 283//283 396//396 395//395
f 284//284 285//285 397//397
f 284//284 397//397 396//396
f 285//285 286//286 398//398
f 285//285 398//398 397//397
f 286//286 287//287 399//399
f 286//286 399//399 398//398
f 287//287 288//288 400//400
f 287//287 400//400 399//399
f 288//288 289//289 401//401
f 288//288 401//401 400//400
f 289//289 290//290 402//402
f 289//289 402//402 401//401
f 290//290 291//291 403//403
f 290//290 403//403 402//402
f 291//291 292//292 404//404
f 291//291 404//404 403//403
f 292//292 293//293 405//405
f 292//292 405//405 404//404
f 293//293 294//294 406//406
f 293//293 406//406 405//405
f 294//294 295//295 407//407
f 294//294 407//407 406//406
f 295//295 296//296 408//408
f 295//295 408//408 407//407
f 296//296 297//297 409//409
f 296//296 409//409 408//408
f 297//297 298//298 410//410
f 297//297 410//410 409//409
f 298//298 299//299 411//411
f 298//298 411//411 410//410
f 299//299 300//300 412//412
f 299//299 412//412 411//411
f 300//300 301//301 413//413
f 300//300 413//413 412//412
f 301//301 302//302 414//414
f 301//301 414//414 413//413
f 302//302 303//303 415//415
f 302//302 415//415 414//414
f 303//303 304//304 416//416
f 303//303 416//416 415//415
f 304//304 305//305 417//417
f 304//304 417//417 416//416
f 305//305 306//306 418//418
f 305//305 418//418 417//417
f 306//306 307//307 419//419
f 306//306 419//419 418//418
f 307//307 308//308 420//420
f 307//307 420//420 419//419
f 308//308 309//309 421//421
f 308//308 421//421 420//420
f 309//309 310//310 422//422
f 309//309 422//422 421//421
f 310//310 311//311 423//423
f 310//310 423//423 422//422
f 311//311 312//312 424//424
f 311//311 424//424 423//423
f 312//312 313//313 425//425
f 312//312 425//425 424//424
f 313//313 314//314 426//426
f 313//313 426//426 425//425
f 314//314 315//315 427//427
f 314//314 427//427 426//426
f 315//315 316//316 428//428
f 315//315 428//428 427//427
f 316//316 317//317 429//429
f 316//316 429//429 428//428
f 317//317 318//318 430//430
f 317//317 430//430 429//429
f 318//318 319//319 431//431
f 318//318 431//431 430//430
f 319//319 320//320 432//432
f 319//319 432//432 431//431
f 320//320 321//321 433//433
f 320//320 433//433 432//432
f 321//321 322//322 434//434
f 321//321 434//434 433//433
f 322//322 323//323 435//435
f 322//322 435//435 434//434
f 323//323 324//324 436//436
f 323//323 436//436 435//435
f 324//324 325//325 437//437
f 324//324 437//437 436//436
f 325//325 326//326 438//438
f 325//325 438//438 437//437
f 326//326 327//327 439//439
f 326//326 439//439 438//438
f 327//327 328//328 440//440
f 327//327 440//440 439//439
f 328//328 329//329 441//441
f 328//328 441//441 440//440
f 329//329 330//330 442//442
f 329//329 442//442 441//441
f 330//330 331//331 443//443
f 330//330 443//443 442//442
f 331//331 332//332 444//444
f 331//331 444//444 443//443
f 332//332 333//333 445//445
f 332//332 445//445 444//444
f 333//333 334//334 446//446
f 333//333 446//446 445//445
f 334//334 335//335 447//447
f 334//334 447//447 446//446
f 335//335 336//336 448//448
f 335//335 448//448 447//447
f 336//336 337//337 449//449
f 336//336 449//449 448//448
f 337//337 227//227 339//339
f 337//337 339//339 449//449
f 339//339 338//338 450//450
f 339//339 450//450 451//451
f 338//338 340//340 452//452
f 338//338 452//452 450//450
f 340//340 341//341 453//453
f 340//340 453//453 452//452
f 341//341 342//342 454//454
f 341//341 454//454 453//453
f 342//342 343//343 455//455
f 342//342 455//455 454//454
f 343//343 344//344 456//456
f 343//343 456//456 455//455
f 344//344 345//345 457//457
f 344//344 457//457 456//456
f 345//345 346//346 458//458
f 345//345 458//458 457//457
f 346//346 347//347 459//459
f 346//346 459//459 458//458
f 347//347 348//348 460//460
f 347//347 460//460 459//459
f 348//348 349//349 461//461
f 348//348 461//461 460//460
f 349//349 350//350 462//462
f 349//349 462//462 461//461
f 350//350 351//351 463//463
f 350//350 463//463 462//462
f 351//351 352//352 464//464
f 351//351 464//464 463//463
f 352//352 353//353 465//465
f 352//352 465//465 464//464
f 353//353 354//354 466//466
f 353//353 466//466 465//465
f 354//354 355//355 467//467
f 354//354 467//467 466//466
f 355//355 356//356 468//468
f 355//355 468//468 467//467
f 356//356 357//357 469//469
f 356//356 469//469 468//468
f 357//357 358//358 470//470
f 357//357 470//470 469//469
f 358//358 359//359 471//471
f 358//358 471//471 470//470
f 359//359 360//360 472//472
f 359//359 472//472 471//471
f 360//360 361//361 473//473
f 360//360 473//473 472//472
f 361//361 362//362 474//474
f 361//361 474//474 473//473
f 362//362 363//363 475//475
f 362//362 475//475 474//474
f 363//363 364//364 476//476
f 363//363 476//476 475//475
f 364//364 365//365 477//477
f 364//364 477//477 476//476
f 365//365 366//366 478//478
f 365//365 478//478 477//477
f 366//366 367//367 479//479
f 366//366 479//479 478//478
f 367//367 368//368 480//480
f 367//367 480//480 479//479
f 368//368 369//369 481//481
f 368//368 481//481 480//480
f 369//369 370//370 482//482
f 369//369 482//482 481//481
f 370//370 371//371 483//483
f 370//370 483//483 482//482
f 371//371 372//372 484//484
f 371//371 484//484 483//483
f 372//372 373//373 485//485
f 372//372 485//485 484//484
f 373//373 374//374 486//486
f 373//373 486//486 485//485
f 374//374 375//375 487//487
f 374//374 487//487 486//486
f 375//375 376//376 488//488
f 375//375 488//488 487//487
f 376//376 377//377 489//489
f 376//376 489//489 488//488
f 377//377 378//378 490//490
f 377//377 490//490 489//489
f 378//378 379//379 491//491
f 378//378 491//491 490//490
f 379//379 380//380 492//492
f 379//379 492//492 491//491
f 380//380 381//381 493//493
f 380//380 493//493 492//492
f 381//381 382//382 494//494
f 381//381 494//494 493//493
f 382//382 383//383 495//495
f 382//382 495//495 494//494
f 383//383 384//384 496//496
f 383//383 496//496 495//495
f 384//384 385//385 497//497
f 384//384 497//497 496//496
f 385//385 386//386 498//498
f 385//385 498//498 497//497
f 386//386 387//387 499//499
f 386//386 499//499 498//498
f 387//387 388//388 500//500
f 387//387 500//500 499//499
f 388//388 389//389 501//501
f 388//388 501//501 500//500
f 389//389 390//390 502//502
f 389//389 502//502 501//501
f 390//390 391//391 503//503
f 390//390 503//503 502//502
f 391//391 392//392 504//504
f 391//391 504//504 503//503
f 392//392 393//393 505//505
f 392//392 505//505 504//504
f 393//393 394//394 506//506
f 393//393 506//506 505//505
f 394//394 395//395 507//507
f 394//394 507//507 506//506
f 395//395 396//396 508//508
f 395//395 508//508 507//507
f 396//396 397//397 509//509
f 396//396 509//509 508//508
f 397//397 398//398 510//510
f 397//397 510//510 509//509
f 398//398 399//399 511//511
f 398//398 511//511 510//510
f 399//399 400//400 512//512
f 399//399 512//512 511//511
f 400//400 401//401 513//513
f 400//400 513//513 512//512
f 401//401 402//402 514//514
f 401//401 514//514 513//513
f 402//402 403//403 515//515
f 402//402 515//515 514//514
f 403//403 404//404 516//516
f 403//403 516//516 515//515
f 404//404 405//405 517//517
f 404//404 517//517 516//516
f 405//405 406//406 518//518
f 405//405 518//518 517//517
f 406//406 407//407 519//519
f 406//406 519//519 518//518
f 407//407 408//408 520//520
f 407//407 520//520 519//519
f 408//408 409//409 521//521
f 408//408 521//521 520//520
f 409//409 410//410 522//522
f 409//409 522//522 521//521
f 410//410 411//411 523//523
f 410//410 523//523 522//522
f 411//411 412//412 524//524
f 411//411 524//524 523//523
f 412//412 413//413 525//525
f 412//412 525//525 524//524
f 413//413 414//414 526//526
f 413//413 526//526 525//525
f 414//414 415//415 527//527
f 414//414 527//527 526//526
f 415//415 416//416 528//528
f 415//415 528//528 527//527
f 416//416 417//417 529//529
f 416//416 529//529 528//528
f 417//417 418//418 530//530
f 417//417 530//530 529//529
f 418//418 419//419 531//531
f 418//418 531//531 530//530
f 419//419 420//420 532//532
f 419//419 532//532 531//531
f 420//420 421//421 533//533
f 420//420 533//533 532//532
f 421//421 422//422 534//534
f 421//421 534//534 533//533
f 422//422 423//423 535//535
f 422//422 535//535 534//534
f 423//423 424//424 536//536
f 423//423 536//536 535//535
f 424//424 425//425 537//537
f 424//424 537//537 536//536
f 425//425 426//426 538//538
f 425//425 538//538 537//537
f 426//426 427//427 539//539
f 426//426 539//539 538//538
f 427//427 428//428 540//540
f 427//427 540//540 539//539
f 428//428 429//429 541//541
f 428//428 541//541 540//540
f 429//429 430//430 542//542
f 429//429 542//542 541//541
f 430//430 431//431 543//543
f 430//430 543//543 542//542
f 431//431 432//432 544//544
f 431//431 544//544 543//543
f 432//432 433//433 545//545
f 432//432 545//545 544//544
f 433//433 434//434 546//546
f 433//433 546//546 545//545
f 434//434 435//435 547//547
f 434//434 547//547 546//546
f 435//435 436//436 548//548
f 435//435 548//548 547//547
f 436//436 437//437 549//549
f 436//436 549//549 548//548
f 437//437 438//438 550//550
f 437//437 550//550 549//549
f 438//438 439//439 551//551
f 438//438 551//551 550//550
f 439//439 440//440 552//552
f 439//439 552//552 551//551
f 440//440 441//441 553//553
f 440//440 553//553 552//552
f 441//441 442//442 554//554
f 441//441 554//554 553//553
f 442//442 443//443 555//555
f 442//442 555//555 554//554
f 443//443 444//444 556//556
f 443//443 556//556 555//555
f 444//444 445//445 557//557
f 444//444 557//557 556//556
f 445//445 446//446 558//558
f 445//445 558//558 557//557
f 446//446 447//447 559//559
f 446//446 559//559 558//558
f 447//447 448//448 560//560
f 447//447 560//560 559//559
f 448//448 449//449 561//561
f 448//448 561//561 560//560
f 449//449 339//339 451//451
f 449//449 451//451 561//561
f 451//451 450//450 562//562
f 451//451 562//562 563//563
f 450//450 452//452 564//564
f 450//450 564//564 562//562
f 452//452 453//453 565//565
f 452//452 565//565 564//564
f 453//453 454//454 566//566
f 453//453 566//566 565//565
f 454//454 455//455 567//567
f 454//454 567//567 566//566
f 455//455 456//456 568//568
f 455//455 568//568 567//567
f 456//456 457//457 569//569
f 456//456 569//569 568//568
f 457//457 458//458 570//570
f 457//457 570//570 569//569
f 458//458 459//459 571//571
f 458//458 571//571 570//570
f 459//459 460//460 572//572
f 459//459 572//572 571//571
f 460//460 461//461 573//573
f 460//460 573//573 572//572
f 461//461 462//462 574//574
f 461//461 574//574 573//573
f 462//462 463//463 575//575
f 462//462 575//575 574//574
f 463//463 464//464 576//576
f 463//463 576//576 575//575
f 464//464 465//465 577//577
f 464//464 577//577 576//576
f 465//465 466//466 578//578
f 465//465 578//578 577//577
f 466//466 467//467 579//579
f 466//466 579//579 578//578
f 467//467 468//468 580//580
f 467//467 580//580 579//579
f 468//468 469//469 581//581
f 468//468 581//581 580//580
f 469//469 470//470 582//582
f 469//469 582//582 581//581
f 470//470 471//471 583//583
f 470//470 583//583 582//582
f 471//471 472//472 584//584
f 471//471 584//584 583//583
f 472//472 473//473 585//585
f 472//472 585//585 584//584
f 473//473 474//474 586//586
f 473//473 586//586 585//585
f 474//474 475//475 587//587
f 474//474 587//587 586//586
f 475//475 476//476 588//588
f 475//475 588//588 587//587
f 476//476 477//477 589//589
f 476//476 589//589 588//588
f 477//477 478//478 590//590
f 477//477 590//590 589//589
f 478//478 479//479 591//591
f 478//478 591//591 590//590
f 479//479 480//480 592//592
f 479//479 592//592 591//591
f 480//480 481//481 593//593
f 480//480 593//593 592//592
f 481//481 482//482 594//594
f 481//481 594//594 593//593
f 482//482 483//483 595//595
f 482//482 595//595 594//594
f 483//483 484//484 596//596
f 483//483 596//596 595//595
f 484//484 485//485 597//597
f 484//484 597//597 596//596
f 485//485 486//486 598//598
f 485//485 598//598 597//597
f 486//486 487//487 599//599
f 486//486 599//599 598//598
f 487//487 488//488 600//600
f 487//487 600//600 599//599
f 488//488 489//489 601//601
f 488//488 601//601 600//600
f 489//489 490//490 602//602
f 489//489 602//602 601//601
f 490//490 491//491 603//603
f 490//490 603//603 602//602
f 491//491 492//492 604//604
f 491//491 604//604 603//603
f 492//492 493//493 605//605
f 492//492 605//605 604//604
f 493//493 494//494 606//606
f 493//493 606//606 605//605
f 494//494 495//495 607//607
f 494//494 607//607 606//606
f 495//495 496//496 608//608
f 495//495 608//608 607//607
f 496//496 497//497 609//609
f 496//496 609//609 608//608
f 497//497 498//498 610//610
f 497//497 610//610 609//609
f 498//498 499//499 611//611
f 498//498 611//611 610//610
f 499//499 500//500 612//612
f 499//499 612//612 611//611
f 500//500 501//501 613//613
f 500//500 613//613 612//612
f 501//501 502//502 614//614
f 501//501 614//614 613//613
f 502//502 503//503 615//615
f 502//502 615//615 614//614
f 503//503 504//504 616//616
f 503//503 616//616 615//615
f 504//504 505//505 617//617
f 504//504 617//617 616//616
f 505//505 506//506 618//618
f 505//505 618//618 617//617
f 506//506 507//507 619//619
f 506//506 619//619 618//618
f 507//507 508//508 620//620
f 507//507 620//620 619//619
f 508//508 509//509 621//621
f 508//508 621//621 620//620
f 509//509 510//510 622//622
f 509//509 622//622 621//621
f 510//510 511//511 623//623
f 510//510 623//623 622//622
f 511//511 512//512 624//624
f 511//511 624//624 623//623
f 512//512 513//513 625//625
f 512//512 625//625 624//624
f 513//513 514//514 626//626
f 513//513 626//626 625//625
f 514//514 515//515 627//627
f 514//514 627//627 626//626
f 515//515 516//516 628//628
f 515//515 628//628 627//627
f 516//516 517//517 629//629
f 516//516 629//629 628//628
f 517//517 518//518 630//630
f 517//517 630//630 629//629
f 518//518 519//519 631//631
f 518//518 631//631 630//630
f 519//519 520//520 632//632
f 519//519 632//632 631//631
f 520//520 521//521 633//633
f 520//520 633//633 632//632
f 521//521 522//522 634//634
f 521//521 634//634 633//633
f 522//522 523//523 635//635
f 522//522 635//635 634//634
f 523//523 524//524 636//636
f 523//523 636//636 635//635
f 524//524 525//525 637//637
f 524//524 637//637 636//636
f 525//525 526//526 638//638
f 525//525 638//638 637//637
f 526//526 527//527 639//639
f 526//526 639//639 638//638
f 527//527 528//528 640//640
f 527//527 640//640 639//639
f 528//528 529//529 641//641
f 528//528 641//641 640//640
f 529//529 530//530 642//642
f 529//529 642//642 641//641
f 530//530 531//531 643//643
f 530//530 643//643 642//642
f 531//531 532//532 644//644
f 531//531 644//644 643//643
f 532//532 533//533 645//645
f 532//532 645//645 644//644
f 533//533 534//534 646//646
f 533//533 646//646 645//645
f 534//534 535//535 647//647
f 534//534 647//647 646//646
f 535//535 536//536 648//648
f 535//535 648//648 647//647
f 536//536 537//537 649//649
f 536//536 649//649 648//648
f 537//537 538//538 650//650
f 537//537 650//650 649//649
f 538//538 539//539 651//651
f 538//538 651//651 650//650
f 539//539 540//540 652//652
f 539//539 652//652 651//651
f 540//540 541//541 653//653
f 540//540 653//653 652//652
f 541//541 542//542 654//654
f 541//541 654//654 653//653
f 542//542 543//543 655//655
f 542//542 655//655 654//654
f 543//543 544//544 656//656
f 543//543 656//656 655//655
f 544//544 545//545 657//657
f 544//544 657//657 656//656
f 545//545 546//546 658//658
f 545//545 658//658 657//657
f 546//546 547//547 659//659
f 546//546 659//659 658//658
f 547//547 548//548 660//660
f 547//547 660//660 659//659
f 548//548 549//549 661//661
f 548//548 661//661 660//660
f 549//549 550//550 662//662
f 549//549 662//662 661//661
f 550//550 551//551 663//663
f 550//550 663//663 662//662
f 551//551 552//552 664//664
f 551//551 664//664 663//663
f 552//552 553//553 665//665
f 552//552 665//665 664//664
f 553//553 554//554 666//666
f 553//553 666//666 665//665
f 554//554 555//555 667//667
f 554//554 667//667 666//666
f 555//555 556//556 668//668
f 555//555 668//668 667//667
f 556//556 557//557 669//669
f 556//556 669//669 668//668
f 557//557 558//558 670//670
f 557//557 670//670 669//669
f 558//558 559//559 671//671
f 558//558 671//671 670//670
f 559//559 560//560 672//672
f 559//559 672//672 671//671
f 560//560 561//561 673//673
f 560//560 673//673 672//672
f 561//561 451//451 563//563
f 561//561 563//563 673//673
f 563//563 562//562 674//674
f 563//563 674//674 675//675
f 562//562 564//564 676//676
f 562//562 676//676 674//674
f 564//564 565//565 677//677
f 564//564 677//677 676//676
f 565//565 566//566 678//678
f 565//565 678//678 677//677
f 566//566 567//567 679//679
f 566//566 679//679 678//678
f 567//567 568//568 680//680
f 567//567 680//680 679//679
f 568//568 569//569 681//681
f 568//568 681//681 680//680
f 569//569 570//570 682//682
f 569//569 682//682 681//681
f 570//570 571//571 683//683
f 570//570 683//683 682//682
f 571//571 572//572 684//684
f 571//571 684//684 683//683
f 572//572 573//573 685//685
f 572//572 685//685 684//684
f 573//573 574//574 686//686
f 573//573 686//686 685//685
f 574//574 575//575 687//687
f 574//574 687//687 686//686
f 575//575 576//576 688//688
f 575//575 688//688 687//687
f 576//576 577//577 689//689
f 576//576 689//689 688//688
f 577//577 578//578 690//690
f 577//577 690//690 689//689
f 578//578 579//579 691//691
f 578//578 691//691 690//690
f 579//579 580//580 692//692
f 579//579 692//692 691//691
f 580//580 581//581 693//693
f 580//580 693//693 692//692
f 581//581 582//582 694//694
f 581//581 694//694 693//693
f 582//582 583//583 695//695
f 582//582 695//695 694//694
f 583//583 584//584 696//696
f 583//583 696//696 695//695
f 584//584 585//585 697//697
f 584//584 697//697 696//696
f 585//585 586//586 698//698
f 585//585 698//698 697//697
f 586//586 587//587 699//699
f 586//586 699//699 698//698
f 587//587 588//588 700//700
f 587//587 700//700 699//699
f 588//588 589//589 701//701
f 588//588 701//701 700//700
f 589//589 590//590 702//702
f 589//589 702//702 701//701
f 590//590 591//591 703//703
f 590//590 703//703 702//702
f 591//591 592//592 704//704
f 591//591 704//704 703//703
f 592//592 593//593 705//705
f 592//592 705//705 704//704
f 593//593 594//594 706//706
f 593//593 706//706 705//705
f 594//594 595//595 707//707
f 594//594 707//707 706//706
f 595//595 596//596 708//708
f 595//595 708//708 707//707
f 596//596 597//597 709//709
f 596//596 709//709 708//708
f 597//597 598//598 710//710
f 597//597 710//710 709//709
f 598//598 599//599 711//711
f 598//598 711//711 710//710
f 599//599 600//600 712//712
f 599//599 712//712 711//711
f 600//600 601//601 713//713
f 600//600 713//713 712//712
f 601//601 602//602 714//714
f 601//601 714//714 713//713
f 602//602 603//603 715//715
f 602//602 715//715 714//714
f 603//603 604//604 716//716
f 603//603 716//716 715//715
f 604//604 605//605 717//717
f 604//604 717//717 716//716
f 605//605 606//606 718//718
f 605//605 718//718 717//717
f 606//606 607//607 719//719
f 606//606 719//719 718//718
f 607//607 608//608 720//720
f 607//607 720//720 719//719
f 608//608 609//609 721//721
f 608//608 721//721 720//720
f 609//609 610//610 722//722
f 609//609 722//722 721//721
f 610//610 611//611 723//723
f 610//610 723//723 722//722
f 611//611 612//612 724//724
f 611//611 724//724 723//723
f 612//612 613//613 725//725
f 612//612 725//725 724//724
f 613//613 614//614 726//726
f 613//613 726//726 725//725
f 614//614 615//615 727//727
f 614//614 727//727 726//726
f 615//615 616//616 728//728
f 615//615 728//728 727//727
f 616//616 617//617 729//729
f 616//616 729//729 728//728
f 617//617 618//618 730//730
f 617//617 730//730 729//729
f 618//618 619//619 731//731
f 618//618 731//731 730//730
f 619//619 620//620 732//732
f 619//619 732//732 731//731
f 620//620 621//621 733//733
f 620//620 733//733 732//732
f 621//621 622//622 734//734
f 621//621 734//734 733//733
f 622//622 623//623 735//735
f 622//622 735//735 734//734
f 623//623 624//624 736//736
f 623//623 736//736 735//735
f 624//624 625//625 737//737
f 624//624 737//737 736//736
f 625//625 626//626 738//738
f 625//625 738//738 737//737
f 626//626 627//627 739//739
f 626//626 739//739 738//738
f 627//627 628//628 740//740
f 627//627 740//740 739//739
f 628//628 629//629 741//741
f 628//628 741//741 740//740
f 629//629 630//630 742//742
f 629//629 742//742 741//741
f 630//630 631//631 743//743
f 630//630 743//743 742//742
f 631//631 632//632 744//744
f 631//631 744//744 743//743
f 632//632 633//633 745//745
f 632//632 745//745 744//744
f 633//633 634//634 746//746
f 633//633 746//746 745//745
f 634//634 635//635 747//747
f 634//634 747//747 746//746
f 635//635 636//636 748//748
f 635//635 748//748 747//747
f 636//636 637//637 749//749
f 636//636 749//749 748//748
f 637//637 638//638 750//750
f 637//637 750//750 749//749
f 638//638 639//639 751//751
f 638//638 751//751 750//750
f 639//639 640//640 752//752
f 639//639 752//752 751//751
f 640//640 641//641 753//753
f 640//640 753//753 752//752
f 641//641 642//642 754//754
f 641//641 754//754 753//753
f 642//642 643//643 755//755
f 642//642 755//755 754//754
f 643//643 644//644 756//756
f 643//643 756//756 755//755
f 644//644 645//645 757//757
f 644//644 757//757 756//756
f 645//645 646//646 758//758
f 645//645 758//758 757//757
f 646//646 647//647 759//759
f 646//646 759//759 758//758
f 647//647 648//648 760//760
f 647//647 760//760 759//759
f 648//648 649//649 761//761
f 648//648 761//761 760//760
f 649//649 650//650 762//762
f 649//649 762//762 761//761
f 650//650 651//651 763//763
f 650//650 763//763 762//762
f 651//651 652//652 764//764
f 651//651 764//764 763//763
f 652//652 653//653 765//765
f 652//652 765//765 764//764
f 653//653 654//654 766//766
f 653//653 766//766 765//765
f 654//654 655//655 767//767
f 654//654 767//767 766//766
f 655//655 656//656 768//768
f 655//655 768//768 767//767
f 656//656 657//657 769//769
f 656//656 769//769 768//768
f 657//657 658//658 770//770
f 657//657 770//770 769//769
f 658//658 659//659 771//771
f 658//658 771//771 770//770
f 659//659 660//660 772//772
f 659//659 772//772 771//771
f 660//660 661//661 773//773
f 660//660 773//773 772//772
f 661//661 662//662 774//774
f 661//661 774//774 773//773
f 662//662 663//663 775//775
f 662//662 775//775 774//774
f 663//663 664//664 776//776
f 663//663 776//776 775//775
f 664//664 665//665 777//777
f 664//664 777//777 776//776
f 665//665 666//666 778//778
f 665//665 778//778 777//777
f 666//666 667//667 779//779
f 666//666 779//779 778//778
f 667//667 668//668 780//780
f 667//667 780//780 779//779
f 668//668 669//669 781//781
f 668//668 781//781 780//780
f 669//669 670//670 782//782
f 669//669 782//782 781//781
f 670//670 671//671 783//783
f 670//670 783//783 782//782
f 671//671 672//672 784//784
f 671//671 784//784 783//783
f 672//672 673//673 785//785
f 672//672 785//785 784//784
f 673//673 563//563 675//675
f 673//673 675//675 785//785
f 675//675 674//674 786//786
f 675//675 786//786 787//787
f 674//674 676//676 788//788
f 674//674 788//788 786//786
f 676//676 677//677 789//789
f 676//676 789//789 788//788
f 677//677 678//678 790//790
f 677//677 790//790 789//789
f 678//678 679//679 791//791
f 678//678 791//791 790//790
f 679//679 680//680 792//792
f 679//679 792//792 791//791
f 680//680 681//681 793//793
f 680//680 793//793 792//792
f 681//681 682//682 794//794
f 681//681 794//794 793//793
f 682//682 683//683 795//795
f 682//682 795//795 794//794
f 683//683 684//684 796//796
f 683//683 796//796 795//795
f 684//684 685//685 797//797
f 684//684 797//797 796//796
f 685//685 686//686 798//798
f 685//685 798//798 797//797
f 686//686 687//687 799//799
f 686//686 799//799 798//798
f 687//687 688//688 800//800
f 687//687 800//800 799//799
f 688//688 689//689 801//801
f 688//688 801//801 800//800
f 689//689 690//690 802//802
f 689//689 802//802 801//801
f 690//690 691//691 803//803
f 690//690 803//803 802//802
f 691//691 692//692 804//804
f 691//691 804//804 803//803
f 692//692 693//693 805//805
f 692//692 805//805 804//804
f 693//693 694//694 806//806
f 693//693 806//806 805//805
f 694//694 695//695 807//807
f 694//694 807//807 806//806
f 695//695 696//696 808//808
f 695//695 808//808 807//807
f 696//696 697//697 809//809
f 696//696 809//809 808//808
f 697//697 698//698 810//810
f 697//697 810//810 809//809
f 698//698 699//699 811//811
f 698//698 811//811 810//810
f 699//699 700//700 812//812
f 699//699 812//812 811//811
f 700//700 701//701 813//813
f 700//700 813//813 812//812
f 701//701 702//702 814//814
f 701//701 814//814 813//813
f 702//702 703//703 815//815
f 702//702 815//815 814//814
f 703//703 704//704 816//816
f 703//703 816//816 815//815
f 704//704 705//705 817//817
f 704//704 817//817 816//816
f 705//705 706//706 818//818
f 705//705 818//818 817//817
f 706//706 707//707 819//819
f 706//706 819//819 818//818
f 707//707 708//708 820//820
f 707//707 820//820 819//819
f 708//708 709//709 821//821
f 708//708 821//821 820//820
f 709//709 710//710 822//822
f 709//709 822//822 821//821
f 710//710 711//711 823//823
f 710//710 823//823 822//822
f 711//711 712//712 824//824
f 711//711 824//824 823//823
f 712//712 713//713 825//825
f 712//712 825//825 824//824
f 713//713 714//714 826//826
f 713//713 826//826 825//825
f 714//714 715//715 827//827
f 714//714 827//827 826//826
f 715//715 716//716 828//828
f 715//715 828//828 827//827
f 716//716 717//717 829//829
f 716//716 829//829 828//828
f 717//717 718//718 830//830
f 717//717 830//830 829//829
f 718//718 719//719 831//831
f 718//718 831//831 830//830
f 719//719 720//720 832//832
f 719//719 832//832 831//831
f 720//720 721//721 833//833
f 720//720 833//833 832//832
f 721//721 722//722 834//834
f 721//721 834//834 833//833
f 722//722 723//723 835//835
f 722//722 835//835 834//834
f 723//723 724//724 836//836
f 723//723 836//836 835//835
f 724//724 725//725 837//837
f 724//724 837//837 836//836
f 725//725 726//726 838//838
f 725//725 838//838 837//837
f 726//726 727//727 839//839
f 726//726 839//839 838//838
f 727//727 728//728 840//840
f 727//727 840//840 839//839
f 728//728 729//729 841//841
f 728//728 841//841 840//840
f 729//729 730//730 842//842
f 729//729 842//842 841//841
f 730//730 731//731 843//843
f 730//730 843//843 842//842
f 731//731 732//732 844//844
f 731//731 844//844 843//843
f 732//732 733//733 845//845
f 732//732 845//845 844//844
f 733//733 734//734 846//846
f 733//733 846//846 845//845
f 734//734 735//735 847//847
f 734//734 847//847 846//846
f 735//735 736//736 848//848
f 735//735 848//848 847//847
f 736//736 737//737 849//849
f 736//736 849//849 848//848
f 737//737 738//738 850//850
f 737//737 850//850 849//849
f 738//738 739//739 851//851
f 738//738 851//851 850//850
f 739//739 740//740 852//852
f 739//739 852//852 851//851
f 740//740 741//741 853//853
f 740//740 853//853 852//852
f 741//741 742//742 854//854
f 741//741 854//854 853//853
f 742//742 743//743 855//855
f 742//742 855//855 854//854
f 743//743 744//744 856//856
f 743//743 856//856 855//855
f 744//744 745//745 857//857
f 744//744 857//857 856//856
f 745//745 746//746 858//858
f 745//745 858//858 857//857
f 746//746 747//747 859//859
f 746//746 859//859 858//858
f 747//747 748//748 860//860
f 747//747 860//860 859//859
f 748//748 749//749 861//861
f 748//748 861//861 860//860
f 749//749 750//750 862//862
f 749//749 862//862 861//861
f 750//750 751//751 863//863
f 750//750 863//863 862//862
f 751//751 752//752 864//864
f 751//751 864//864 863//863
f 752//752 753//753 865//865
f 752//752 865//865 864//864
f 753//753 754//754 866//866
f 753//753 866//866 865//865
f 754//754 755//755 867//867
f 754//754 867//867 866//866
f 755//755 756//756 868//868
f 755//755 868//868 867//867
f 756//756 757//757 869//869
f 756//756 869//869 868//868
f 757//757 758//758 870//870
f 757//757 870//870 869//869
f 758//758 759//759 871//871
f 758//758 871//871 870//870
f 759//759 760//760 872//872
f 759//759 872//872 871//871
f 760//760 761//761 873//873
f 760//760 873//873 872//872
f 761//761 762//762 874//874
f 761//761 874//874 873//873
f 762//762 763//763 875//875
f 762//762 875//875 874//874
f 763//763 764//764 876//876
f 763//763 876//876 875//875
f 764//764 765//765 877//877
f 764//764 877//877 876//876
f 765//765 766//766 878//878
f 765//765 878//878 877//877
f 766//766 767//767 879//879
f 766//766 879//879 878//878
f 767//767 768//768 880//880
f 767//767 880//880 879//879
f 768//768 769//769 881//881
f 768//768 881//881 880//880
f 769//769 770//770 882//882
f 769//769 882//882 881//881
f 770//770 771//771 883//883
f 770//770 883//883 882//882
f 771//771 772//772 884//884
f 771//771 884//884 883//883
f 772//772 773//773 885//885
f 772//772 885//885 884//884
f 773//773 774//774 886//886
f 773//773 886//886 885//885
f 774//774 775//775 887//887
f 774//774 887//887 886//886
f 775//775 776//776 888//888
f 775//775 888//888 887//887
f 776//776 777//777 889//889
f 776//776 889//889 888//888
f 777//777 778//778 890//890
f 777//777 890//890 889//889
f 778//778 779//779 891//891
f 778//778 891//891 890//890
f 779//779 780//780 892//892
f 779//779 892//892 891//891
f 780//780 781//781 893//893
f 780//780 893//893 892//892
f 781//781 782//782 894//894
f 781//781 894//894 893//893
f 782//782 783//783 895//895
f 782//782 895//895 894//894
f 783//783 784//784 896//896
f 783//783 896//896 895//895
f 784//784 785//785 897//897
f 784//784 897//897 896//896
f 785//785 675//675 787//787
f 785//785 787//787 897//897
f 787//787 786//786 898//898
f 787//787 898//898 899//899
f 786//786 788//788 900//900
f 786//786 900//900 898//898
f 788//788 789//789 901//901
f 788//788 901//901 900//900
f 789//789 790//790 902//902
f 789//789 902//902 901//901
f 790//790 791//791 903//903
f 790//790 903//903 902//902
f 791//791 792//792 904//904
f 791//791 904//904 903//903
f 792//792 793//793 905//905
f 792//792 905//905 904//904
f 793//793 794//794 906//906
f 793//793 906//906 905//905
f 794//794 795//795 907//907
f 794//794 907//907 906//906
f 795//795 796//796 908//908
f 795//795 908//908 907//907
f 796//796 797//797 909//909
f 796//796 909//909 908//908
f 797//797 798//798 910//910
f 797//797 910//910 909//909
f 798//798 799//799 911//911
f 798//798 911//911 910//910
f 799//799 800//800 912//912
f 799//799 912//912 911//911
f 800//800 801//801 913//913
f 800//800 913//913 912//912
f 801//801 802//802 914//914
f 801//801 914//914 913//913
f 802//802 803//803 915//915
f 802//802 915//915 914//914
f 803//803 804//804 916//916
f 803//803 916//916 915//915
f 804//804 805//805 917//917
f 804//804 917//917 916//916
f 805//805 806//806 918//918
f 805//805 918//918 917//917
f 806//806 807//807 919//919
f 806//806 919//919 918//918
f 807//807 808//808 920//920
f 807//807 920//920 919//919
f 808//808 809//809 921//921
f 808//808 921//921 920//920
f 809//809 810//810 922//922
f 809//809 922//922 921//921
f 810//810 811//811 923//923
f 810//810 923//923 922//922
f 811//811 812//812 924//924
f 811//811 924//924 923//923
f 812//812 813//813 925//925
f 812//812 925//925 924//924
f 813//813 814//814 926//926
f 813//813 926//926 925//925
f 814//814 815//815 927//927
f 814//814 927//927 926//926
f 815//815 816//816 928//928
f 815//815 928//928 927//927
f 816//816 817//817 929//929
f 816//816 929//929 928//928
f 817//817 818//818 930//930
f 817//817 930//930 929//929
f 818//818 819//819 931//931
f 818//818 931//931 930//930
f 819//819 820//820 932//932
f 819//819 932//932 931//931
f 820//820 821//821 933//933
f 820//820 933//933 932//932
f 821//821 822//822 934//934
f 821//821 934//934 933//933
f 822//822 823//823 935//935
f 822//822 935//935 934//934
f 823//823 824//824 936//936
f 823//823 936//936 935//935
f 824//824 825//825 937//937
f 824//824 937//937 936//936
f 825//825 826//826 938//938
f 825//825 938//938 937//937
f 826//826 827//827 939//939
f 826//826 939//939 938//938
f 827//827 828//828 940//940
f 827//827 940//940 939//939
f 828//828 829//829 941//941
f 828//828 941//941 940//940
f 829//829 830//830 942//942
f 829//829 942//942 941//941
f 830//830 831//831 943//943
f 830//830 943//943 942//942
f 831//831 832//832 944//944
f 831//831 944//944 943//943
f 832//832 833//833 945//945
f 832//832 945//945 944//944
f 833//833 834//834 946//946
f 833//833 946//946 945//945
f 834//834 835//835 947//947
f 834//834 947//947 946//946
f 835//835 836//836 948//948
f 835//835 948//948 947//947
f 836//836 837//837 949//949
f 836//836 949//949 948//948
f 837//837 838//838 950//950
f 837//837 950//950 949//949
f 838//838 839//839 951//951
f 838//838 951//951 950//950
f 839//839 840//840 952//952
f 839//839 952//952 951//951
f 840//840 841//841 953//953
f 840//840 953//953 952//952
f 841//841 842//842 954//954
f 841//841 954//954 953//953
f 842//842 843//843 955//955
f 842//842 955//955 954//954
f 843//843 844//844 956//956
f 843//843 956//956 955//955
f 844//844 845//845 957//957
f 844//844 957//957 956//956
f 845//845 846//846 958//958
f 845//845 958//958 957//957
f 846//846 847//847 959//959
f 846//846 959//959 958//958
f 847//847 848//848 960//960
f 847//847 960//960 959//959
f 848//848 849//849 961//961
f 848//848 961//961 960//960
f 849//849 850//850 962//962
f 849//849 962//962 961//961
f 850//850 851//851 963//963
f 850//850 963//963 962//962
f 851//851 852//852 964//964
f 851//851 964//964 963//963
f 852//852 853//853 965//965
f 852//852 965//965 964//964
f 853//853 854//854 966//966
f 853//853 966//966 965//965
f 854//854 855//855 967//967
f 854//854 967//967 966//966
f 855//855 856//856 968//968
f 855//855 968//968 967//967
f 856//856 857//857 969//969
f 856//856 969//969 968//968
f 857//857 858//858 970//970
f 857//857 970//970 969//969
f 858//858 859//859 971//971
f 858//858 971//971 970//970
f 859//859 860//860 972//972
f 859//859 972//972 971//971
f 860//860 861//861 973//973
f 860//860 973//973 972//972
f 861//861 862//862 974//974
f 861//861 974//974 973//973
f 862//862 863//863 975//975
f 862//862 975//975 974//974
f 863//863 864//864 976//976
f 863//863 976//976 975//975
f 864//864 865//865 977//977
f 864//864 977//977 976//976
f 865//865 866//866 978//978
f 865//865 978//978 977//977
f 866//866 867//867 979//979
f 866//866 979//979 978//978
f 867//867 868//868 980//980
f 867//867 980//980 979//979
f 868//868 869//869 981//981
f 868//868 981//981 980//980
f 869//869 870//870 982//982
f 869//869 982//982 981//981
f 870//870 871//871 983//983
f 870//870 983//983 982//982
f 871//871 872//872 984//984
f 871//871 984//984 983//983
f 872//872 873//873 985//985
f 872//872 985//985 984//984
f 873//873 874//874 986//986
f 873//873 986//986 985//985
f 874//874 875//875 987//987
f 874//874 987//987 986//986
f 875//875 876//876 988//988
f 875//875 988//988 987//987
f 876//876 877//877 989//989
f 876//876 989//989 988//988
f 877//877 878//878 990//990
f 877//877 990//990 989//989
f 878//878 879//879 991//991
f 878//878 991//991 990//990
f 879//879 880//880 992//992
f 879//879 992//992 991//991
f 880//880 881//881 993//993
f 880//880 993//993 992//992
f 881//881 882//882 994//994
f 881//881 994//994 993//993
f 882//882 883//883 995//995
f 882//882 995//995 994//994
f 883//883 884//884 996//996
f 883//883 996//996 995//995
f 884//884 885//885 997//997
f 884//884 997//997 996//996
f 885//885 886//886 998//998
f 885//885 998//998 997//997
f 886//886 887//887 999//999
f 886//886 999//999 998//998
f 887//887 888//888 1000//1000
f 887//887 1000//1000 999//999
f 888//888 889//889 1001//1001
f 888//888 1001//1001 1000//1000
f 889//889 890//890 1002//1002
f 889//889 1002//1002 1001//1001
f 890//890 891//891 1003//1003
f 890//890 1003//1003 1002//1002
f 891//891 892//892 1004//1004
f 891//891 1004//1004 1003//1003
f 892//892 893//893 1005//1005
f 892//892 1005//1005 1004//1004
f 893//893 894//894 1006//1006
f 893//893 1006//1006 1005//1005
f 894//894 895//895 1007//1007
f 894//894 1007//1007 1006//1006
f 895//895 896//896 1008//1008
f 895//895 1008//1008 1007//1007
f 896//896 897//897 1009//1009
f 896//896 1009//1009 1008//1008
f 897//897 787//787 899//899
f 897//897 899//899 1009//1009
f 899//899 898//898 1010//1010
f 899//899 1010//1010 1011//1011
f 898//898 900//900 1012//1012
f 898//898 1012//1012 1010//1010
f 900//900 901//901 1013//1013
f 900//900 1013//1013 1012//1012
f 901//901 902//902 1014//1014
f 901//901 1014//1014 1013//1013
f 902//902 903//903 1015//1015
f 902//902 1015//1015 1014//1014
f 903//903 904//904 1016//1016
f 903//903 1016//1016 1015//1015
f 904//904 905//905 1017//1017
f 904//904 1017//1017 1016//1016
f 905//905 906//906 1018//1018
f 905//905 1018//1018 1017//1017
f 906//906 907//907 1019//1019
f 906//906 1019//1019 1018//1018
f 907//907 908//908 1020//1020
f 907//907 1020//1020 1019//1019
f 908//908 909//909 1021//1021
f 908//908 1021//1021 1020//1020
f 909//909 910//910 1022//1022
f 909//909 1022//1022 1021//1021
f 910//910 911//911 1023//1023
f 910//910 1023//1023 1022//1022
f 911//911 912//912 1024//1024
f 911//911 1024//1024 1023//1023
f 912//912 913//913 1025//1025
f 912//912 1025//1025 1024//1024
f 913//913 914//914 1026//1026
f 913//913 1026//1026 1025//1025
f 914//914 915//915 1027//1027
f 914//914 1027//1027 1026//1026
f 915//915 916//916 1028//1028
f 915//915 1028//1028 1027//1027
f 916//916 917//917 1029//1029
f 916//916 1029//1029 1028//1028
f 917//917 918//918 1030//1030
f 917//917 1030//1030 1029//1029
f 918//918 919//919 1031//1031
f 918//918 1031//1031 1030//1030
f 919//919 920//920 1032//1032
f 919//919 1032//1032 1031//1031
f 920//920 921//921 1033//1033
f 920//920 1033//1033 1032//1032
f 921//921 922//922 1034//1034
f 921//921 1034//1034 1033//1033
f 922//922 923//923 1035//1035
f 922//922 1035//1035 1034//1034
f 923//923 924//924 1036//1036
f 923//923 1036//1036 1035//1035
f 924//924 925//925 1037//1037
f 924//924 1037//1037 1036//1036
f 925//925 926//926 1038//1038
f 925//925 1038//1038 1037//1037
f 926//926 927//927 1039//1039
f 926//926 1039//1039 1038//1038
f 927//927 928//928 1040//1040
f 927//927 1040//1040 1039//1039
f 928//928 929//929 1041//1041
f 928//928 1041//1041 1040//1040
f 929//929 930//930 1042//1042
f 929//929 1042//1042 1041//1041
f 930//930 931//931 1043//1043
f 930//930 1043//1043 1042//1042
f 931//931 932//932 1044//1044
f 931//931 1044//1044 1043//1043
f 932//932 933//933 1045//1045
f 932//932 1045//1045 1044//1044
f 933//933 934//934 1046//1046
f 933//933 1046//1046 1045//1045
f 934//934 935//935 1047//1047
f 934//934 1047//1047 1046//1046
f 935//935 936//936 1048//1048
f 935//935 1048//1048 1047//1047
f 936//936 937//937 1049//1049
f 936//936 1049//1049 1048//1048
f 937//937 938//938 1050//1050
f 937//937 1050//1050 1049//1049
f 938//938 939//939 1051//1051
f 938//938 1051//1051 1050//1050
f 939//939 940//940 1052//1052
f 939//939 1052//1052 1051//1051
f 940//940 941//941 1053//1053
f 940//940 1053//1053 1052//1052
f 941//941 942//942 1054//1054
f 941//941 1054//1054 1053//1053
f 942//942 943//943 1055//1055
f 942//942 1055//1055 1054//1054
f 943//943 944//944 1056//1056
f 943//943 1056//1056 1055//1055
f 944//944 945//945 1057//1057
f 944//944 1057//1057 1056//1056
f 945//945 946//946 1058//1058
f 945//945 1058//1058 1057//1057
f 946//946 947//947 1059//1059
f 946//946 1059//1059 1058//1058
f 947//947 948//948 1060//1060
f 947//947 1060//1060 1059//1059
f 948//948 949//949 1061//1061
f 948//948 1061//1061 1060//1060
f 949//949 950//950 1062//1062
f 949//949 1062//1062 1061//1061
f 950//950 951//951 1063//1063
f 950//950 1063//1063 1062//1062
f 951//951 952//952 1064//1064
f 951//951 1064//1064 1063//1063
f 952//952 953//953 1065//1065
f 952//952 1065//1065 1064//1064
f 953//953 954//954 1066//1066
f 953//953 1066//1066 1065//1065
f 954//954 955//955 1067//1067
f 954//954 1067//1067 1066//1066
f 955//955 956//956 1068//1068
f 955//955 1068//1068 1067//1067
f 956//956 957//957 1069//1069
f 956//956 1069//1069 1068//1068
f 957//957 958//958 1070//1070
f 957//957 1070//1070 1069//1069
f 958//958 959//959 1071//1071
f 958//958 1071//1071 1070//1070
f 959//959 960//960 1072//1072
f 959//959 1072//1072 1071//1071
f 960//960 961//961 1073//1073
f 960//960 1073//1073 1072//1072
f 961//961 962//962 1074//1074
f 961//961 1074//1074 1073//1073
f 962//962 963//963 1075//1075
f 962//962 1075//1075 1074//1074
f 963//963 964//964 1076//1076
f 963//963 1076//1076 1075//1075
f 964//964 965//965 1077//1077
f 964//964 1077//1077 1076//1076
f 965//965 966//966 1078//1078
f 965//965 1078//1078 1077//1077
f 966//966 967//967 1079//1079
f 966//966 1079//1079 1078//1078
f 967//967 968//968 1080//1080
f 967//967 1080//1080 1079//1079
f 968//968 969//969 1081//1081
f 968//968 1081//1081 1080//1080
f 969//969 970//970 1082//1082
f 969//969 1082//1082 1081//1081
f 970//970 971//971 1083//1083
f 970//970 1083//1083 1082//1082
f 971//971 972//972 1084//1084
f 971//971 1084//1084 1083//1083
f 972//972 973//973 1085//1085
f 972//972 1085//1085 1084//1084
f 973//973 974//974 1086//1086
f 973//973 1086//1086 1085//1085
f 974//974 975//975 1087//1087
f 974//974 1087//1087 1086//1086
f 975//975 976//976 1088//1088
f 975//975 1088//1088 1087//1087
f 976//976 977//977 1089//1089
f 976//976 1089//1089 1088//1088
f 977//977 978//978 1090//1090
f 977//977 1090//1090 1089//1089
f 978//978 979//979 1091//1091
f 978//978 1091//1091 1090//1090
f 979//979 980//980 1092//1092
f 979//979 1092//1092 1091//1091
f 980//980 981//981 1093//1093
f 980//980 1093//1093 1092//1092
f 981//981 982//982 1094//1094
f 981//981 1094//1094 1093//1093
f 982//982 983//983 1095//1095
f 982//982 1095//1095 1094//1094
f 983//983 984//984 1096//1096
f 983//983 1096//1096 1095//1095
f 984//984 985//985 1097//1097
f 984//984 1097//1097 1096//1096
f 985//985 986//986 1098//1098
f 985//985 1098//1098 1097//1097
f 986//986 987//987 1099//1099
f 986//986 1099//1099 1098//1098
f 987//987 988//988 1100//1100
f 987//987 1100//1100 1099//1099
f 988//988 989//989 1101//1101
f 988//988 1101//1101 1100//1100
f 989//989 990//990 1102//1102
f 989//989 1102//1102 1101//1101
f 990//990 991//991 1103//1103
f 990//990 1103//1103 1102//1102
f 991//991 992//992 1104//1104
f 991//991 1104//1104 1103//1103
f 992//992 993//993 1105//1105
f 992//992 1105//1105 1104//1104
f 993//993 994//994 1106//1106
f 993//993 1106//1106 1105//1105
f 994//994 995//995 1107//1107
f 994//994 1107//1107 1106//1106
f 995//995 996//996 1108//1108
f 995//995 1108//1108 1107//1107
f 996//996 997//997 1109//1109
f 996//996 1109//1109 1108//1108
f 997//997 998//998 1110//1110
f 997//997 1110//1110 1109//1109
f 998//998 999//999 1111//1111
f 998//998 1111//1111 1110//1110
f 999//999 1000//1000 1112//1112
f 999//999 1112//1112 1111//1111
f 1000//1000 1001//1001 1113//1113
f 1000//1000 1113//1113 1112//1112
f 1001//1001 1002//1002 1114//1114
f 1001//1001 1114//1114 1113//1113
f 1002//1002 1003//1003 1115//1115
f 1002//1002 1115//1115 1114//1114
f 1003//1003 1004//1004 1116//1116
f 1003//1003 1116//1116 1115//1115
f 1004//1004 1005//1005 1117//1117
f 1004//1004 1117//1117 1116//1116
f 1005//1005 1006//1006 1118//1118
f 1005//1005 1118//1118 1117//1117
f 1006//1006 1007//1007 1119//1119
f 1006//1006 1119//1119 1118//1118
f 1007//1007 1008//1008 1120//1120
f 1007//1007 1120//1120 1119//1119
f 1008//1008 1009//1009 1121//1121
f 1008//1008 1121//1121 1120//1120
f 1009//1009 899//899 1011//1011
f 1009//1009 1011//1011 1121//1121
f 1011//1011 1010//1010 1122//1122
f 1011//1011 1122//1122 1123//1123
f 1010//1010 1012//1012 1124//1124
f 1010//1010 1124//1124 1122//1122
f 1012//1012 1013//1013 1125//1125
f 1012//1012 1125//1125 1124//1124
f 1013//1013 1014//1014 1126//1126
f 1013//1013 1126//1126 1125//1125
f 1014//1014 1015//1015 1127//1127
f 1014//1014 1127//1127 1126//1126
f 1015//1015 1016//1016 1128//1128
f 1015//1015 1128//1128 1127//1127
f 1016//1016 1017//1017 1129//1129
f 1016//1016 1129//1129 1128//1128
f 1017//1017 1018//1018 1130//1130
f 1017//1017 1130//1130 1129//1129
f 1018//1018 1019//1019 1131//1131
f 1018//1018 1131//1131 1130//1130
f 1019//1019 1020//1020 1132//1132
f 1019//1019 1132//1132 1131//1131
f 1020//1020 1021//1021 1133//1133
f 1020//1020 1133//1133 1132//1132
f 1021//1021 1022//1022 1134//1134
f 1021//1021 1134//1134 1133//1133
f 1022//1022 1023//1023 1135//1135
f 1022//1022 1135//1135 1134//1134
f 1023//1023 1024//1024 1136//1136
f 1023//1023 1136//1136 1135//1135
f 1024//1024 1025//1025 1137//1137
f 1024//1024 1137//1137 1136//1136
f 1025//1025 1026//1026 1138//1138
f 1025//1025 1138//1138 1137//1137
f 1026//1026 1027//1027 1139//1139
f 1026//1026 1139//1139 1138//1138
f 1027//1027 1028//1028 1140//1140
f 1027//1027 1140//1140 1139//1139
f 1028//1028 1029//1029 1141//1141
f 1028//1028 1141//1141 1140//1140
f 1029//1029 1030//1030 1142//1142
f 1029//1029 1142//1142 1141//1141
f 1030//1030 1031//1031 1143//1143
f 1030//1030 1143//1143 1142//1142
f 1031//1031 1032//1032 1144//1144
f 1031//1031 1144//1144 1143//1143
f 1032//1032 1033//1033 1145//1145
f 1032//1032 1145//1145 1144//1144
f 1033//1033 1034//1034 1146//1146
f 1033//1033 1146//1146 1145//1145
f 1034//1034 1035//1035 1147//1147
f 1034//1034 1147//1147 1146//1146
f 1035//1035 1036//1036 1148//1148
f 1035//1035 1148//1148 1147//1147
f 1036//1036 1037//1037 1149//1149
f 1036//1036 1149//1149 1148//1148
f 1037//1037 1038//1038 1150//1150
f 1037//1037 1150//1150 1149//1149
f 1038//1038 1039//1039 1151//1151
f 1038//1038 1151//1151 1150//1150
f 1039//1039 1040//1040 1152//1152
f 1039//1039 1152//1152 1151//1151
f 1040//1040 1041//1041 1153//1153
f 1040//1040 1153//1153 1152//1152
f 1041//1041 1042//1042 1154//1154
f 1041//1041 1154//1154 1153//1153
f 1042//1042 1043//1043 1155//1155
f 1042//1042 1155//1155 1154//1154
f 1043//1043 1044//1044 1156//1156
f 1043//1043 1156//1156 1155//1155
f 1044//1044 1045//1045 1157//1157
f 1044//1044 1157//1157 1156//1156
f 1045//1045 1046//1046 1158//1158
f 1045//1045 1158//1158 1157//1157
f 1046//1046 1047//1047 1159//1159
f 1046//1046 1159//1159 1158//1158
f 1047//1047 1048//1048 1160//1160
f 1047//1047 1160//1160 1159//1159
f 1048//1048 1049//1049 1161//1161
f 1048//1048 1161//1161 1160//1160
f 1049//1049 1050//1050 1162//1162
f 1049//1049 1162//1162 1161//1161
f 1050//1050 1051//1051 1163//1163
f 1050//1050 1163//1163 1162//1162
f 1051//1051 1052//1052 1164//1164
f 1051//1051 1164//1164 1163//1163
f 1052//1052 1053//1053 1165//1165
f 1052//1052 1165//1165 1164//1164
f 1053//1053 1054//1054 1166//1166
f 1053//1053 1166//1166 1165//1165
f 1054//1054 1055//1055 1167//1167
f 1054//1054 1167//1167 1166//1166
f 1055//1055 1056//1056 1168//1168
f 1055//1055 1168//1168 1167//1167
f 1056//1056 1057//1057 1169//1169
f 1056//1056 1169//1169 1168//1168
f 1057//1057 1058//1058 1170//1170
f 1057//1057 1170//1170 1169//1169
f 1058//1058 1059//1059 1171//1171
f 1058//1058 1171//1171 1170//1170
f 1059//1059 1060//1060 1172//1172
f 1059//1059 1172//1172 1171//1171
f 1060//1060 1061//1061 1173//1173
f 1060//1060 1173//1173 1172//1172
f 1061//1061 1062//1062 1174//1174
f 1061//1061 1174//1174 1173//1173
f 1062//1062 1063//1063 1175//1175
f 1062//1062 1175//1175 1174//1174
f 1063//1063 1064//1064 1176//1176
f 1063//1063 1176//1176 1175//1175
f 1064//1064 1065//1065 1177//1177
f 1064//1064 1177//1177 1176//1176
f 1065//1065 1066//1066 1178//1178
f 1065//1065 1178//1178 1177//1177
f 1066//1066 1067//1067 1179//1179
f 1066//1066 1179//1179 1178//1178
f 1067//1067 1068//1068 1180//1180
f 1067//1067 1180//1180 1179//1179
f 1068//1068 1069//1069 1181//1181
f 1068//1068 1181//1181 1180//1180
f 1069//1069 1070//1070 1182//1182
f 1069//1069 1182//1182 1181//1181
f 1070//1070 1071//1071 1183//1183
f 1070//1070 1183//1183 1182//1182
f 1071//1071 1072//1072 1184//1184
f 1071//1071 1184//1184 1183//1183
f 1072//1072 1073//1073 1185//1185
f 1072//1072 1185//1185 1184//1184
f 1073//1073 1074//1074 1186//1186
f 1073//1073 1186//1186 1185//1185
f 1074//1074 1075//1075 1187//1187
f 1074//1074 1187//1187 1186//1186
f 1075//1075 1076//1076 1188//1188
f 1075//1075 1188//1188 1187//1187
f 1076//1076 1077//1077 1189//1189
f 1076//1076 1189//1189 1188//1188
f 1077//1077 1078//1078 1190//1190
f 1077//1077 1190//1190 1189//1189
f 1078//1078 1079//1079 1191//1191
f 1078//1078 1191//1191 1190//1190
f 1079//1079 1080//1080 1192//1192
f 1079//1079 1192//1192 1191//1191
f 1080//1080 1081//1081 1193//1193
f 1080//1080 1193//1193 1192//1192
f 1081//1081 1082//1082 1194//1194
f 1081//1081 1194//1194 1193//1193
f 1082//1082 1083//1083 1195//1195
f 1082//1082 1195//1195 1194//1194
f 1083//1083 1084//1084 1196//1196
f 1083//1083 1196//1196 1195//1195
f 1084//1084 1085//1085 1197//1197
f 1084//1084 1197//1197 1196//1196
f 1085//1085 1086//1086 1198//1198
f 1085//1085 1198//1198 1197//1197
f 1086//1086 1087//1087 1199//1199
f 1086//1086 1199//1199 1198//1198
f 1087//1087 1088//1088 1200//1200
f 1087//1087 1200//1200 1199//1199
f 1088//1088 1089//1089 1201//1201
f 1088//1088 1201//1201 1200//1200
f 1089//1089 1090//1090 1202//1202
f 1089//1089 1202//1202 1201//1201
f 1090//1090 1091//1091 1203//1203
f 1090//1090 1203//1203 1202//1202
f 1091//1091 1092//1092 1204//1204
f 1091//1091 1204//1204 1203//1203
f 1092//1092 1093//1093 1205//1205
f 1092//1092 1205//1205 1204//1204
f 1093//1093 1094//1094 1206//1206
f 1093//1093 1206//1206 1205//1205
f 1094//1094 1095//1095 1207//1207
f 1094//1094 1207//1207 1206//1206
f 1095//1095 1096//1096 1208//1208
f 1095//1095 1208//1208 1207//1207
f 1096//1096 1097//1097 1209//1209
f 1096//1096 1209//1209 1208//1208
f 1097//1097 1098//1098 1210//1210
f 1097//1097 1210//1210 1209//1209
f 1098//1098 1099//1099 1211//1211
f 1098//1098 1211//1211 1210//1210
f 1099//1099 1100//1100 1212//1212
f 1099//1099 1212//1212 1211//1211
f 1100//1100 1101//1101 1213//1213
f 1100//1100 1213//1213 1212//1212
f 1101//1101 1102//1102 1214//1214
f 1101//1101 1214//1214 1213//1213
f 1102//1102 1103//1103 1215//1215
f 1102//1102 1215//1215 1214//1214
f 1103//1103 1104//1104 1216//1216
f 1103//1103 1216//1216 1215//1215
f 1104//1104 1105//1105 1217//1217
f 1104//1104 1217//1217 1216//1216
f 1105//1105 1106//1106 1218//1218
f 1105//1105 1218//1218 1217//1217
f 1106//1106 1107//1107 1219//1219
f 1106//1106 1219//1219 1218//1218
f 1107//1107 1108//1108 1220//1220
f 1107//1107 1220//1220 1219//1219
f 1108//1108 1109//1109 1221//1221
f 1108//1108 1221//1221 1220//1220
f 1109//1109 1110//1110 1222//1222
f 1109//1109 1222//1222 1221//1221
f 1110//1110 1111//1111 1223//1223
f 1110//1110 1223//1223 1222//1222
f 1111//1111 1112//1112 1224//1224
f 1111//1111 1224//1224 1223//1223
f 1112//1112 1113//1113 1225//1225
f 1112//1112 1225//1225 1224//1224
f 1113//1113 1114//1114 1226//1226
f 1113//1113 1226//1226 1225//1225
f 1114//1114 1115//1115 1227//1227
f 1114//1114 1227//1227 1226//1226
f 1115//1115 1116//1116 1228//1228
f 1115//1115 1228//1228 1227//1227
f 1116//1116 1117//1117 1229//1229
f 1116//1116 1229//1229 1228//1228
f 1117//1117 1118//1118 1230//1230
f 1117//1117 1230//1230 1229//1229
f 1118//1118 1119//1119 1231//1231
f 1118//1118 1231//1231 1230//1230
f 1119//1119 1120//1120 1232//1232
f 1119//1119 1232//1232 1231//1231
f 1120//1120 1121//1121 1233//1233
f 1120//1120 1233//1233 1232//1232
f 1121//1121 1011//1011 1123//1123
f 1121//1121 1123//1123 1233//1233
f 1123//1123 1122//1122 1234//1234
f 1123//1123 1234//1234 1235//1235
f 1122//1122 1124//1124 1236//1236
f 1122//1122 1236//1236 1234//1234
f 1124//1124 1125//1125 1237//1237
f 1124//1124 1237//1237 1236//1236
f 1125//1125 1126//1126 1238//1238
f 1125//1125 1238//1238 1237//1237
f 1126//1126 1127//1127 1239//1239
f 1126//1126 1239//1239 1238//1238
f 1127//1127 1128//1128 1240//1240
f 1127//1127 1240//1240 1239//1239
f 1128//1128 1129//1129 1241//1241
f 1128//1128 1241//1241 1240//1240
f 1129//1129 1130//1130 1242//1242
f 1129//1129 1242//1242 1241//1241
f 1130//1130 1131//1131 1243//1243
f 1130//1130 1243//1243 1242//1242
f 1131//1131 1132//1132 1244//1244
f 1131//1131 1244//1244 1243//1243
f 1132//1132 1133//1133 1245//1245
f 1132//1132 1245//1245 1244//1244
f 1133//1133 1134//1134 1246//1246
f 1133//1133 1246//1246 1245//1245
f 1134//1134 1135//1135 1247//1247
f 1134//1134 1247//1247 1246//1246
f 1135//1135 1136//1136 1248//1248
f 1135//1135 1248//1248 1247//1247
f 1136//1136 1137//1137 1249//1249
f 1136//1136 1249//1249 1248//1248
f 1137//1137 1138//1138 1250//1250
f 1137//1137 1250//1250 1249//1249
f 1138//1138 1139//1139 1251//1251
f 1138//1138 1251//1251 1250//1250
f 1139//1139 1140//1140 1252//1252
f 1139//1139 1252//1252 1251//1251
f 1140//1140 1141//1141 1253//1253
f 1140//1140 1253//1253 1252//1252
f 1141//1141 1142//1142 1254//1254
f 1141//1141 1254//1254 1253//1253
f 1142//1142 1143//1143 1255//1255
f 1142//1142 1255//1255 1254//1254
f 1143//1143 1144//1144 1256//1256
f 1143//1143 1256//1256 1255//1255
f 1144//1144 1145//1145 1257//1257
f 1144//1144 1257//1257 1256//1256
f 1145//1145 1146//1146 1258//1258
f 1145//1145 1258//1258 1257//1257
f 1146//1146 1147//1147 1259//1259
f 1146//1146 1259//1259 1258//1258
f 1147//1147 1148//1148 1260//1260
f 1147//1147 1260//1260 1259//1259
f 1148//1148 1149//1149 1261//1261
f 1148//1148 1261//1261 1260//1260
f 1149//1149 1150//1150 1262//1262
f 1149//1149 1262//1262 1261//1261
f 1150//1150 1151//1151 1263//1263
f 1150//1150 1263//1263 1262//1262
f 1151//1151 1152//1152 1264//1264
f 1151//1151 1264//1264 1263//1263
f 1152//1152 1153//1153 1265//1265
f 1152//1152 1265//1265 1264//1264
f 1153//1153 1154//1154 1266//1266
f 1153//1153 1266//1266 1265//1265
f 1154//1154 1155//1155 1267//1267
f 1154//1154 1267//1267 1266//1266
f 1155//1155 1156//1156 1268//1268
f 1155//1155 1268//1268 1267//1267
f 1156//1156 1157//1157 1269//1269
f 1156//1156 1269//1269 1268//1268
f 1157//1157 1158//1158 1270//1270
f 1157//1157 1270//1270 1269//1269
f 1158//1158 1159//1159 1271//1271
f 1158//1158 1271//1271 1270//1270
f 1159//1159 1160//1160 1272//1272
f 1159//1159 1272//1272 1271//1271
f 1160//1160 1161//1161 1273//1273
f 1160//1160 1273//1273 1272//1272
f 1161//1161 1162//1162 1274//1274
f 1161//1161 1274//1274 1273//1273
f 1162//1162 1163//1163 1275//1275
f 1162//1162 1275//1275 1274//1274
f 1163//1163 1164//1164 1276//1276
f 1163//1163 1276//1276 1275//1275
f 1164//1164 1165//1165 1277//1277
f 1164//1164 1277//1277 1276//1276
f 1165//1165 1166//1166 1278//1278
f 1165//1165 1278//1278 1277//1277
f 1166//1166 1167//1167 1279//1279
f 1166//1166 1279//1279 1278//1278
f 1167//1167 1168//1168 1280//1280
f 1167//1167 1280//1280 1279//1279
f 1168//1168 1169//1169 1281//1281
f 1168//1168 1281//1281 1280//1280
f 1169//1169 1170//1170 1282//1282
f 1169//1169 1282//1282 1281//1281
f 1170//1170 1171//1171 1283//1283
f 1170//1170 1283//1283 1282//1282
f 1171//1171 1172//1172 1284//1284
f 1171//1171 1284//1284 1283//1283
f 1172//1172 1173//1173 1285//1285
f 1172//1172 1285//1285 1284//1284
f 1173//1173 1174//1174 1286//1286
f 1173//1173 1286//1286 1285//1285
f 1174//1174 1175//1175 1287//1287
f 1174//1174 1287//1287 1286//1286
f 1175//1175 1176//1176 1288//1288
f 1175//1175 1288//1288 1287//1287
f 1176//1176 1177//1177 1289//1289
f 1176//1176 1289//1289 1288//1288
f 1177//1177 1178//1178 1290//1290
f 1177//1177 1290//1290 1289//1289
f 1178//1178 1179//1179 1291//1291
f 1178//1178 1291//1291 1290//1290
f 1179//1179 1180//1180 1292//1292
f 1179//1179 1292//1292 1291//1291
f 1180//1180 1181//1181 1293//1293
f 1180//1180 1293//1293 1292//1292
f 1181//1181 1182//1182 1294//1294
f 1181//1181 1294//1294 1293//1293
f 1182//1182 1183//1183 1295//1295
f 1182//1182 1295//1295 1294//1294
f 1183//1183 1184//1184 1296//1296
f 1183//1183 1296//1296 1295//1295
f 1184//1184 1185//1185 1297//1297
f 1184//1184 1297//1297 1296//1296
f 1185//1185 1186//1186 1298//1298
f 1185//1185 1298//1298 1297//1297
f 1186//1186 1187//1187 1299//1299
f 1186//1186 1299//1299 1298//1298
f 1187//1187 1188//1188 1300//1300
f 1187//1187 1300//1300 1299//1299
f 1188//1188 1189//1189 1301//1301
f 1188//1188 1301//1301 1300//1300
f 1189//1189 1190//1190 1302//1302
f 1189//1189 1302//1302 1301//1301
f 1190//1190 1191//1191 1303//1303
f 1190//1190 1303//1303 1302//1302
f 1191//1191 1192//1192 1304//1304
f 1191//1191 1304//1304 1303//1303
f 1192//1192 1193//1193 1305//1305
f 1192//1192 1305//1305 1304//1304
f 1193//1193 1194//1194 1306//1306
f 1193//1193 1306//1306 1305//1305
f 1194//1194 1195//1195 1307//1307
f 1194//1194 1307//1307 1306//1306
f 1195//1195 1196//1196 1308//1308
f 1195//1195 1308//1308 1307//1307
f 1196//1196 1197//1197 1309//1309
f 1196//1196 1309//1309 1308//1308
f 1197//1197 1198//1198 1310//1310
f 1197//1197 1310//1310 1309//1309
f 1198//1198 1199//1199 1311//1311
f 1198//1198 1311//1311 1310//1310
f 1199//1199 1200//1200 1312//1312
f 1199//1199 1312//1312 1311//1311
f 1200//1200 1201//1201 1313//1313
f 1200//1200 1313//1313 1312//1312
f 1201//1201 1202//1202 1314//1314
f 1201//1201 1314//1314 1313//1313
f 1202//1202 1203//1203 1315//1315
f 1202//1202 1315//1315 1314//1314
f 1203//1203 1204//1204 1316//1316
f 1203//1203 1316//1316 1315//1315
f 1204//1204 1205//1205 1317//1317
f 1204//1204 1317//1317 1316//1316
f 1205//1205 1206//1206 1318//1318
f 1205//1205 1318//1318 1317//1317
f 1206//1206 1207//1207 1319//1319
f 1206//1206 1319//1319 1318//1318
f 1207//1207 1208//1208 1320//1320
f 1207//1207 1320//1320 1319//1319
f 1208//1208 1209//1209 1321//1321
f 1208//1208 1321//1321 1320//1320
f 1209//1209 1210//1210 1322//1322
f 1209//1209 1322//1322 1321//1321
f 1210//1210 1211//1211 1323//1323
f 1210//1210 1323//1323 1322//1322
f 1211//1211 1212//1212 1324//1324
f 1211//1211 1324//1324 1323//1323
f 1212//1212 1213//1213 1325//1325
f 1212//1212 1325//1325 1324//1324
f 1213//1213 1214//1214 1326//1326
f 1213//1213 1326//1326 1325//1325
f 1214//1214 1215//1215 1327//1327
f 1214//1214 1327//1327 1326//1326
f 1215//1215 1216//1216 1328//1328
f 1215//1215 1328//1328 1327//1327
f 1216//1216 1217//1217 1329//1329
f 1216//1216 1329//1329 1328//1328
f 1217//1217 1218//1218 1330//1330
f 1217//1217 1330//1330 1329//1329
f 1218//1218 1219//1219 1331//1331
f 1218//1218 1331//1331 1330//1330
f 1219//1219 1220//1220 1332//1332
f 1219//1219 1332//1332 1331//1331
f 1220//1220 1221//1221 1333//1333
f 1220//1220 1333//1333 1332//1332
f 1221//1221 1222//1222 1334//1334
f 1221//1221 1334//1334 1333//1333
f 1222//1222 1223//1223 1335//1335
f 1222//1222 1335//1335 1334//1334
f 1223//1223 1224//1224 1336//1336
f 1223//1223 1336//1336 1335//1335
f 1224//1224 1225//1225 1337//1337
f 1224//1224 1337//1337 1336//1336
f 1225//1225 1226//1226 1338//1338
f 1225//1225 1338//1338 1337//1337
f 1226//1226 1227//1227 1339//1339
f 1226//1226 1339//1339 1338//1338
f 1227//1227 1228//1228 1340//1340
f 1227//1227 1340//1340 1339//1339
f 1228//1228 1229//1229 1341//1341
f 1228//1228 1341//1341 1340//1340
f 1229//1229 1230//1230 1342//1342
f 1229//1229 1342//1342 1341//1341
f 1230//1230 1231//1231 1343//1343
f 1230//1230 1343//1343 1342//1342
f 1231//1231 1232//1232 1344//1344
f 1231//1231 1344//1344 1343//1343
f 1232//1232 1233//1233 1345//1345
f 1232//1232 1345//1345 1344//1344
f 1233//1233 1123//1123 1235//1235
f 1233//1233 1235//1235 1345//1345
f 1235//1235 1234//1234 1346//1346
f 1235//1235 1346//1346 1347//1347
f 1234//1234 1236//1236 1348//1348
f 1234//1234 1348//1348 1346//1346
f 1236//1236 1237//1237 1349//1349
f 1236//1236 1349//1349 1348//1348
f 1237//1237 1238//1238 1350//1350
f 1237//1237 1350//1350 1349//1349
f 1238//1238 1239//1239 1351//1351
f 1238//1238 1351//1351 1350//1350
f 1239//1239 1240//1240 1352//1352
f 1239//1239 1352//1352 1351//1351
f 1240//1240 1241//1241 1353//1353
f 1240//1240 1353//1353 1352//1352
f 1241//1241 1242//1242 1354//1354
f 1241//1241 1354//1354 1353//1353
f 1242//1242 1243//1243 1355//1355
f 1242//1242 1355//1355 1354//1354
f 1243//1243 1244//1244 1356//1356
f 1243//1243 1356//1356 1355//1355
f 1244//1244 1245//1245 1357//1357
f 1244//1244 1357//1357 1356//1356
f 1245//1245 1246//1246 1358//1358
f 1245//1245 1358//1358 1357//1357
f 1246//1246 1247//1247 1359//1359
f 1246//1246 1359//1359 1358//1358
f 1247//1247 1248//1248 1360//1360
f 1247//1247 1360//1360 1359//1359
f 1248//1248 1249//1249 1361//1361
f 1248//1248 1361//1361 1360//1360
f 1249//1249 1250//1250 1362//1362
f 1249//1249 1362//1362 1361//1361
f 1250//1250 1251//1251 1363//1363
f 1250//1250 1363//1363 1362//1362
f 1251//1251 1252//1252 1364//1364
f 1251//1251 1364//1364 1363//1363
f 1252//1252 1253//1253 1365//1365
f 1252//1252 1365//1365 1364//1364
f 1253//1253 1254//1254 1366//1366
f 1253//1253 1366//1366 1365//1365
f 1254//1254 1255//1255 1367//1367
f 1254//1254 1367//1367 1366//1366
f 1255//1255 1256//1256 1368//1368
f 1255//1255 1368//1368 1367//1367
f 1256//1256 1257//1257 1369//1369
f 1256//1256 1369//1369 1368//1368
f 1257//1257 1258//1258 1370//1370
f 1257//1257 1370//1370 1369//1369
f 1258//1258 1259//1259 1371//1371
f 1258//1258 1371//1371 1370//1370
f 1259//1259 1260//1260 1372//1372
f 1259//1259 1372//1372 1371//1371
f 1260//1260 1261//1261 1373//1373
f 1260//1260 1373//1373 1372//1372
f 1261//1261 1262//1262 1374//1374
f 1261//1261 1374//1374 1373//1373
f 1262//1262 1263//1263 1375//1375
f 1262//1262 1375//1375 1374//1374
f 1263//1263 1264//1264 1376//1376
f 1263//1263 1376//1376 1375//1375
f 1264//1264 1265//1265 1377//1377
f 1264//1264 1377//1377 1376//1376
f 1265//1265 1266//1266 1378//1378
f 1265//1265 1378//1378 1377//1377
f 1266//1266 1267//1267 1379//1379
f 1266//1266 1379//1379 1378//1378
f 1267//1267 1268//1268 1380//1380
f 1267//1267 1380//1380 1379//1379
f 1268//1268 1269//1269 1381//1381
f 1268//1268 1381//1381 1380//1380
f 1269//1269 1270//1270 1382//1382
f 1269//1269 1382//1382 1381//1381
f 1270//1270 1271//1271 1383//1383
f 1270//1270 1383//1383 1382//1382
f 1271//1271 1272//1272 1384//1384
f 1271//1271 1384//1384 1383//1383
f 1272//1272 1273//1273 1385//1385
f 1272//1272 1385//1385 1384//1384
f 1273//1273 1274//1274 1386//1386
f 1273//1273 1386//1386 1385//1385
f 1274//1274 1275//1275 1387//1387
f 1274//1274 1387//1387 1386//1386
f 1275//1275 1276//1276 1388//1388
f 1275//1275 1388//1388 1387//1387
f 1276//1276 1277//1277 1389//1389
f 1276//1276 1389//1389 1388//1388
f 1277//1277 1278//1278 1390//1390
f 1277//1277 1390//1390 1389//1389
f 1278//1278 1279//1279 1391//1391
f 1278//1278 1391//1391 1390//1390
f 1279//1279 1280//1280 1392//1392
f 1279//1279 1392//1392 1391//1391
f 1280//1280 1281//1281 1393//1393
f 1280//1280 1393//1393 1392//1392
f 1281//1281 1282//1282 1394//1394
f 1281//1281 1394//1394 1393//1393
f 1282//1282 1283//1283 1395//1395
f 1282//1282 1395//1395 1394//1394
f 1283//1283 1284//1284 1396//1396
f 1283//1283 1396//1396 1395//1395
f 1284//1284 1285//1285 1397//1397
f 1284//1284 1397//1397 1396//1396
f 1285//1285 1286//1286 1398//1398
f 1285//1285 1398//1398 1397//1397
f 1286//1286 1287//1287 1399//1399
f 1286//1286 1399//1399 1398//1398
f 1287//1287 1288//1288 1400//1400
f 1287//1287 1400//1400 1399//1399
f 1288//1288 1289//1289 1401//1401
f 1288//1288 1401//1401 1400//1400
f 1289//1289 1290//1290 1402//1402
f 1289//1289 1402//1402 1401//1401
f 1290//1290 1291//1291 1403//1403
f 1290//1290 1403//1403 1402//1402
f 1291//1291 1292//1292 1404//1404
f 1291//1291 1404//1404 1403//1403
f 1292//1292 1293//1293 1405//1405
f 1292//1292 1405//1405 1404//1404
f 1293//1293 1294//1294 1406//1406
f 1293//1293 1406//1406 1405//1405
f 1294//1294 1295//1295 1407//1407
f 1294//1294 1407//1407 1406//1406
f 1295//1295 1296//1296 1408//1408
f 1295//1295 1408//1408 1407//1407
f 1296//1296 1297//1297 1409//1409
f 1296//1296 1409//1409 1408//1408
f 1297//1297 1298//1298 1410//1410
f 1297//1297 1410//1410 1409//1409
f 1298//1298 1299//1299 1411//1411
f 1298//1298 1411//1411 1410//1410
f 1299//1299 1300//1300 1412//1412
f 1299//1299 1412//1412 1411//1411
f 1300//1300 1301//1301 1413//1413
f 1300//1300 1413//1413 1412//1412
f 1301//1301 1302//1302 1414//1414
f 1301//1301 1414//1414 1413//1413
f 1302//1302 1303//1303 1415//1415
f 1302//1302 1415//1415 1414//1414
f 1303//1303 1304//1304 1416//1416
f 1303//1303 1416//1416 1415//1415
f 1304//1304 1305//1305 1417//1417
f 1304//1304 1417//1417 1416//1416
f 1305//1305 1306//1306 1418//1418
f 1305//1305 1418//1418 1417//1417
f 1306//1306 1307//1307 1419//1419
f 1306//1306 1419//1419 1418//1418
f 1307//1307 1308//1308 1420//1420
f 1307//1307 1420//1420 1419//1419
f 1308//1308 1309//1309 1421//1421
f 1308//1308 1421//1421 1420//1420
f 1309//1309 1310//1310 1422//1422
f 1309//1309 1422//1422 1421//1421
f 1310//1310 1311//1311 1423//1423
f 1310//1310 1423//1423 1422//1422
f 1311//1311 1312//1312 1424//1424
f 1311//1311 1424//1424 1423//1423
f 1312//1312 1313//1313 1425//1425
f 1312//1312 1425//1425 1424//1424
f 1313//1313 1314//1314 1426//1426
f 1313//1313 1426//1426 1425//1425
f 1314//1314 1315//1315 1427//1427
f 1314//1314 1427//1427 1426//1426
f 1315//1315 1316//1316 1428//1428
f 1315//1315 1428//1428 1427//1427
f 1316//1316 1317//1317 1429//1429
f 1316//1316 1429//1429 1428//1428
f 1317//1317 1318//1318 1430//1430
f 1317//1317 1430//1430 1429//1429
f 1318//1318 1319//1319 1431//1431
f 1318//1318 1431//1431 1430//1430
f 1319//1319 1320//1320 1432//1432
f 1319//1319 1432//1432 1431//1431
f 1320//1320 1321//1321 1433//1433
f 1320//1320 1433//1433 1432//1432
f 1321//1321 1322//1322 1434//1434
f 1321//1321 1434//1434 1433//1433
f 1322//1322 1323//1323 1435//1435
f 1322//1322 1435//1435 1434//1434
f 1323//1323 1324//1324 1436//1436
f 1323//1323 1436//1436 1435//1435
f 1324//1324 1325//1325 1437//1437
f 1324//1324 1437//1437 1436//1436
f 1325//1325 1326//1326 1438//1438
f 1325//1325 1438//1438 1437//1437
f 1326//1326 1327//1327 1439//1439
f 1326//1326 1439//1439 1438//1438
f 1327//1327 1328//1328 1440//1440
f 1327//1327 1440//1440 1439//1439
f 1328//1328 1329//1329 1441//1441
f 1328//1328 1441//1441 1440//1440
f 1329//1329 1330//1330 1442//1442
f 1329//1329 1442//1442 1441//1441
f 1330//1330 1331//1331 1443//1443
f 1330//1330 1443//1443 1442//1442
f 1331//1331 1332//1332 1444//1444
f 1331//1331 1444//1444 1443//1443
f 1332//1332 1333//1333 1445//1445
f 1332//1332 1445//1445 1444//1444
f 1333//1333 1334//1334 1446//1446
f 1333//1333 1446//1446 1445//1445
f 1334//1334 1335//1335 1447//1447
f 1334//1334 1447//1447 1446//1446
f 1335//1335 1336//1336 1448//1448
f 1335//1335 1448//1448 1447//1447
f 1336//1336 1337//1337 1449//1449
f 1336//1336 1449//1449 1448//1448
f 1337//1337 1338//1338 1450//1450
f 1337//1337 1450//1450 1449//1449
f 1338//1338 1339//1339 1451//1451
f 1338//1338 1451//1451 1450//1450
f 1339//1339 1340//1340 1452//1452
f 1339//1339 1452//1452 1451//1451
f 1340//1340 1341//1341 1453//1453
f 1340//1340 1453//1453 1452//1452
f 1341//1341 1342//1342 1454//1454
f 1341//1341 1454//1454 1453//1453
f 1342//1342 1343//1343 1455//1455
f 1342//1342 1455//1455 1454//1454
f 1343//1343 1344//1344 1456//1456
f 1343//1343 1456//1456 1455//1455
f 1344//1344 1345//1345 1457//1457
f 1344//1344 1457//1457 1456//1456
f 1345//1345 1235//1235 1347//1347
f 1345//1345 1347//1347 1457//1457
f 1347//1347 1346//1346 1458//1458
f 1347//1347 1458//1458 1459//1459
f 1346//1346 1348//1348 1460//1460
f 1346//1346 1460//1460 1458//1458
f 1348//1348 1349//1349 1461//1461
f 1348//1348 1461//1461 1460//1460
f 1349//1349 1350//1350 1462//1462
f 1349//1349 1462//1462 1461//1461
f 1350//1350 1351//1351 1463//1463
f 1350//1350 1463//1463 1462//1462
f 1351//1351 1352//1352 1464//1464
f 1351//1351 1464//1464 1463//1463
f 1352//1352 1353//1353 1465//1465
f 1352//1352 1465//1465 1464//1464
f 1353//1353 1354//1354 1466//1466
f 1353//1353 1466//1466 1465//1465
f 1354//1354 1355//1355 1467//1467
f 1354//1354 1467//1467 1466//1466
f 1355//1355 1356//1356 1468//1468
f 1355//1355 1468//1468 1467//1467
f 1356//1356 1357//1357 1469//1469
f 1356//1356 1469//1469 1468//1468
f 1357//1357 1358//1358 1470//1470
f 1357//1357 1470//1470 1469//1469
f 1358//1358 1359//1359 1471//1471
f 1358//1358 1471//1471 1470//1470
f 1359//1359 1360//1360 1472//1472
f 1359//1359 1472//1472 1471//1471
f 1360//1360 1361//1361 1473//1473
f 1360//1360 1473//1473 1472//1472
f 1361//1361 1362//1362 1474//1474
f 1361//1361 1474//1474 1473//1473
f 1362//1362 1363//1363 1475//1475
f 1362//1362 1475//1475 1474//1474
f 1363//1363 1364//1364 1476//1476
f 1363//1363 1476//1476 1475//1475
f 1364//1364 1365//1365 1477//1477
f 1364//1364 1477//1477 1476//1476
f 1365//1365 1366//1366 1478//1478
f 1365//1365 1478//1478 1477//1477
f 1366//1366 1367//1367 1479//1479
f 1366//1366 1479//1479 1478//1478
f 1367//1367 1368//1368 1480//1480
f 1367//1367 1480//1480 1479//1479
f 1368//1368 1369//1369 1481//1481
f 1368//1368 1481//1481 1480//1480
f 1369//1369 1370//1370 1482//1482
f 1369//1369 1482//1482 1481//1481
f 1370//1370 1371//1371 1483//1483
f 1370//1370 1483//1483 1482//1482
f 1371//1371 1372//1372 1484//1484
f 1371//1371 1484//1484 1483//1483
f 1372//1372 1373//1373 1485//1485
f 1372//1372 1485//1485 1484//1484
f 1373//1373 1374//1374 1486//1486
f 1373//1373 1486//1486 1485//1485
f 1374//1374 1375//1375 1487//1487
f 1374//1374 1487//1487 1486//1486
f 1375//1375 1376//1376 1488//1488
f 1375//1375 1488//1488 1487//1487
f 1376//1376 1377//1377 1489//1489
f 1376//1376 1489//1489 1488//1488
f 1377//1377 1378//1378 1490//1490
f 1377//1377 1490//1490 1489//1489
f 1378//1378 1379//1379 1491//1491
f 1378//1378 1491//1491 1490//1490
f 1379//1379 1380//1380 1492//1492
f 1379//1379 1492//1492 1491//1491
f 1380//1380 1381//1381 1493//1493
f 1380//1380 1493//1493 1492//1492
f 1381//1381 1382//1382 1494//1494
f 1381//1381 1494//1494 1493//1493
f 1382//1382 1383//1383 1495//1495
f 1382//1382 1495//1495 1494//1494
f 1383//1383 1384//1384 1496//1496
f 1383//1383 1496//1496 1495//1495
f 1384//1384 1385//1385 1497//1497
f 1384//1384 1497//1497 1496//1496
f 1385//1385 1386//1386 1498//1498
f 1385//1385 1498//1498 1497//1497
f 1386//1386 1387//1387 1499//1499
f 1386//1386 1499//1499 1498//1498
f 1387//1387 1388//1388 1500//1500
f 1387//1387 1500//1500 1499//1499
f 1388//1388 1389//1389 1501//1501
f 1388//1388 1501//1501 1500//1500
f 1389//1389 1390//1390 1502//1502
f 1389//1389 1502//1502 1501//1501
f 1390//1390 1391//1391 1503//1503
f 1390//1390 1503//1503 1502//1502
f 1391//1391 1392//1392 1504//1504
f 1391//1391 1504//1504 1503//1503
f 1392//1392 1393//1393 1505//1505
f 1392//1392 1505//1505 1504//1504
f 1393//1393 1394//1394 1506//1506
f 1393//1393 1506//1506 1505//1505
f 1394//1394 1395//1395 1507//1507
f 1394//1394 1507//1507 1506//1506
f 1395//1395 1396//1396 1508//1508
f 1395//1395 1508//1508 1507//1507
f 1396//1396 1397//1397 1509//1509
f 1396//1396 1509//1509 1508//1508
f 1397//1397 1398//1398 1510//1510
f 1397//1397 1510//1510 1509//1509
f 1398//1398 1399//1399 1511//1511
f 1398//1398 1511//1511 1510//1510
f 1399//1399 1400//1400 1512//1512
f 1399//1399 1512//1512 1511//1511
f 1400//1400 1401//1401 1513//1513
f 1400//1400 1513//1513 1512//1512
f 1401//1401 1402//1402 1514//1514
f 1401//1401 1514//1514 1513//1513
f 1402//1402 1403//1403 1515//1515
f 1402//1402 1515//1515 1514//1514
f 1403//1403 1404//1404 1516//1516
f 1403//1403 1516//1516 1515//1515
f 1404//1404 1405//1405 1517//1517
f 1404//1404 1517//1517 1516//1516
f 1405//1405 1406//1406 1518//1518
f 1405//1405 1518//1518 1517//1517
f 1406//1406 1407//1407 1519//1519
f 1406//1406 1519//1519 1518//1518
f 1407//1407 1408//1408 1520//1520
f 1407//1407 1520//1520 1519//1519
f 1408//1408 1409//1409 1521//1521
f 1408//1408 1521//1521 1520//1520
f 1409//1409 1410//1410 1522//1522
f 1409//1409 1522//1522 1521//1521
f 1410//1410 1411//1411 1523//1523
f 1410//1410 1523//1523 1522//1522
f 1411//1411 1412//1412 1524//1524
f 1411//1411 1524//1524 1523//1523
f 1412//1412 1413//1413 1525//1525
f 1412//1412 1525//1525 1524//1524
f 1413//1413 1414//1414 1526//1526
f 1413//1413 1526//1526 1525//1525
f 1414//1414 1415//1415 1527//1527
f 1414//1414 1527//1527 1526//1526
f 1415//1415 1416//1416 1528//1528
f 1415//1415 1528//1528 1527//1527
f 1416//1416 1417//1417 1529//1529
f 1416//1416 1529//1529 1528//1528
f 1417//1417 1418//1418 1530//1530
f 1417//1417 1530//1530 1529//1529
f 1418//1418 1419//1419 1531//1531
f 1418//1418 1531//1531 1530//1530
f 1419//1419 1420//1420 1532//1532
f 1419//1419 1532//1532 1531//1531
f 1420//1420 1421//1421 1533//1533
f 1420//1420 1533//1533 1532//1532
f 1421//1421 1422//1422 1534//1534
f 1421//1421 1534//1534 1533//1533
f 1422//1422 1423//1423 1535//1535
f 1422//1422 1535//1535 1534//1534
f 1423//1423 1424//1424 1536//1536
f 1423//1423 1536//1536 1535//1535
f 1424//1424 1425//1425 1537//1537
f 1424//1424 1537//1537 1536//1536
f 1425//1425 1426//1426 1538//1538
f 1425//1425 1538//1538 1537//1537
f 1426//1426 1427//1427 1539//1539
f 1426//1426 1539//1539 1538//1538
f 1427//1427 1428//1428 1540//1540
f 1427//1427 1540//1540 1539//1539
f 1428//1428 1429//1429 1541//1541
f 1428//1428 1541//1541 1540//1540
f 1429//1429 1430//1430 1542//1542
f 1429//1429 1542//1542 1541//1541
f 1430//1430 1431//1431 1543//1543
f 1430//1430 1543//1543 1542//1542
f 1431//1431 1432//1432 1544//1544
f 1431//1431 1544//1544 1543//1543
f 1432//1432 1433//1433 1545//1545
f 1432//1432 1545//1545 1544//1544
f 1433//1433 1434//1434 1546//1546
f 1433//1433 1546//1546 1545//1545
f 1434//1434 1435//1435 1547//1547
f 1434//1434 1547//1547 1546//1546
f 1435//1435 1436//1436 1548//1548
f 1435//1435 1548//1548 1547//1547
f 1436//1436 1437//1437 1549//1549
f 1436//1436 1549//1549 1548//1548
f 1437//1437 1438//1438 1550//1550
f 1437//1437 1550//1550 1549//1549
f 1438//1438 1439//1439 1551//1551
f 1438//1438 1551//1551 1550//1550
f 1439//1439 1440//1440 1552//1552
f 1439//1439 1552//1552 1551//1551
f 1440//1440 1441//1441 1553//1553
f 1440//1440 1553//1553 1552//1552
f 1441//1441 1442//1442 1554//1554
f 1441//1441 1554//1554 1553//1553
f 1442//1442 1443//1443 1555//1555
f 1442//1442 1555//1555 1554//1554
f 1443//1443 1444//1444 1556//1556
f 1443//1443 1556//1556 1555//1555
f 1444//1444 1445//1445 1557//1557
f 1444//1444 1557//1557 1556//1556
f 1445//1445 1446//1446 1558//1558
f 1445//1445 1558//1558 1557//1557
f 1446//1446 1447//1447 1559//1559
f 1446//1446 1559//1559 1558//1558
f 1447//1447 1448//1448 1560//1560
f 1447//1447 1560//1560 1559//1559
f 1448//1448 1449//1449 1561//1561
f 1448//1448 1561//1561 1560//1560
f 1449//1449 1450//1450 1562//1562
f 1449//1449 1562//1562 1561//1561
f 1450//1450 1451//1451 1563//1563
f 1450//1450 1563//1563 1562//1562
f 1451//1451 1452//1452 1564//1564
f 1451//1451 1564//1564 1563//1563
f 1452//1452 1453//1453 1565//1565
f 1452//1452 1565//1565 1564//1564
f 1453//1453 1454//1454 1566//1566
f 1453//1453 1566//1566 1565//1565
f 1454//1454 1455//1455 1567//1567
f 1454//1454 1567//1567 1566//1566
f 1455//1455 1456//1456 1568//1568
f 1455//1455 1568//1568 1567//1567
f 1456//1456 1457//1457 1569//1569
f 1456//1456 1569//1569 1568//1568
f 1457//1457 1347//1347 1459//1459
f 1457//1457 1459//1459 1569//1569
f 1459//1459 1458//1458 1570//1570
f 1459//1459 1570//1570 1571//1571
f 1458//1458 1460//1460 1572//1572
f 1458//1458 1572//1572 1570//1570
f 1460//1460 1461//1461 1573//1573
f 1460//1460 1573//1573 1572//1572
f 1461//1461 1462//1462 1574//1574
f 1461//1461 1574//1574 1573//1573
f 1462//1462 1463//1463 1575//1575
f 1462//1462 1575//1575 1574//1574
f 1463//1463 1464//1464 1576//1576
f 1463//1463 1576//1576 1575//1575
f 1464//1464 1465//1465 1577//1577
f 1464//1464 1577//1577 1576//1576
f 1465//1465 1466//1466 1578//1578
f 1465//1465 1578//1578 1577//1577
f 1466//1466 1467//1467 1579//1579
f 1466//1466 1579//1579 1578//1578
f 1467//1467 1468//1468 1580//1580
f 1467//1467 1580//1580 1579//1579
f 1468//1468 1469//1469 1581//1581
f 1468//1468 1581//1581 1580//1580
f 1469//1469 1470//1470 1582//1582
f 1469//1469 1582//1582 1581//1581
f 1470//1470 1471//1471 1583//1583
f 1470//1470 1583//1583 1582//1582
f 1471//1471 1472//1472 1584//1584
f 1471//1471 1584//1584 1583//1583
f 1472//1472 1473//1473 1585//1585
f 1472//1472 1585//1585 1584//1584
f 1473//1473 1474//1474 1586//1586
f 1473//1473 1586//1586 1585//1585
f 1474//1474 1475//1475 1587//1587
f 1474//1474 1587//1587 1586//1586
f 1475//1475 1476//1476 1588//1588
f 1475//1475 1588//1588 1587//1587
f 1476//1476 1477//1477 1589//1589
f 1476//1476 1589//1589 1588//1588
f 1477//1477 1478//1478 1590//1590
f 1477//1477 1590//1590 1589//1589
f 1478//1478 1479//1479 1591//1591
f 1478//1478 1591//1591 1590//1590
f 1479//1479 1480//1480 1592//1592
f 1479//1479 1592//1592 1591//1591
f 1480//1480 1481//1481 1593//1593
f 1480//1480 1593//1593 1592//1592
f 1481//1481 1482//1482 1594//1594
f 1481//1481 1594//1594 1593//1593
f 1482//1482 1483//1483 1595//1595
f 1482//1482 1595//1595 1594//1594
f 1483//1483 1484//1484 1596//1596
f 1483//1483 1596//1596 1595//1595
f 1484//1484 1485//1485 1597//1597
f 1484//1484 1597//1597 1596//1596
f 1485//1485 1486//1486 1598//1598
f 1485//1485 1598//1598 1597//1597
f 1486//1486 1487//1487 1599//1599
f 1486//1486 1599//1599 1598//1598
f 1487//1487 1488//1488 1600//1600
f 1487//1487 1600//1600 1599//1599
f 1488//1488 1489//1489 1601//1601
f 1488//1488 1601//1601 1600//1600
f 1489//1489 1490//1490 1602//1602
f 1489//1489 1602//1602 1601//1601
f 1490//1490 1491//1491 1603//1603
f 1490//1490 1603//1603 1602//1602
f 1491//1491 1492//1492 1604//1604
f 1491//1491 1604//1604 1603//1603
f 1492//1492 1493//1493 1605//1605
f 1492//1492 1605//1605 1604//1604
f 1493//1493 1494//1494 1606//1606
f 1493//1493 1606//1606 1605//1605
f 1494//1494 1495//1495 1607//1607
f 1494//1494 1607//1607 1606//1606
f 1495//1495 1496//1496 1608//1608
f 1495//1495 1608//1608 1607//1607
f 1496//1496 1497//1497 1609//1609
f 1496//1496 1609//1609 1608//1608
f 1497//1497 1498//1498 1610//1610
f 1497//1497 1610//1610 1609//1609
f 1498//1498 1499//1499 1611//1611
f 1498//1498 1611//1611 1610//1610
f 1499//1499 1500//1500 1612//1612
f 1499//1499 1612//1612 1611//1611
f 1500//1500 1501//1501 1613//1613
f 1500//1500 1613//1613 1612//1612
f 1501//1501 1502//1502 1614//1614
f 1501//1501 1614//1614 1613//1613
f 1502//1502 1503//1503 1615//1615
f 1502//1502 1615//1615 1614//1614
f 1503//1503 1504//1504 1616//1616
f 1503//1503 1616//1616 1615//1615
f 1504//1504 1505//1505 1617//1617
f 1504//1504 1617//1617 1616//1616
f 1505//1505 1506//1506 1618//1618
f 1505//1505 1618//1618 1617//1617
f 1506//1506 1507//1507 1619//1619
f 1506//1506 1619//1619 1618//1618
f 1507//1507 1508//1508 1620//1620
f 1507//1507 1620//1620 1619//1619
f 1508//1508 1509//1509 1621//1621
f 1508//1508 1621//1621 1620//1620
f 1509//1509 1510//1510 1622//1622
f 1509//1509 1622//1622 1621//1621
f 1510//1510 1511//1511 1623//1623
f 1510//1510 1623//1623 1622//1622
f 1511//1511 1512//1512 1624//1624
f 1511//1511 1624//1624 1623//1623
f 1512//1512 1513//1513 1625//1625
f 1512//1512 1625//1625 1624//1624
f 1513//1513 1514//1514 1626//1626
f 1513//1513 1626//1626 1625//1625
f 1514//1514 1515//1515 1627//1627
f 1514//1514 1627//1627 1626//1626
f 1515//1515 1516//1516 1628//1628
f 1515//1515 1628//1628 1627//1627
f 1516//1516 1517//1517 1629//1629
f 1516//1516 1629//1629 1628//1628
f 1517//1517 1518//1518 1630//1630
f 1517//1517 1630//1630 1629//1629
f 1518//1518 1519//1519 1631//1631
f 1518//1518 1631//1631 1630//1630
f 1519//1519 1520//1520 1632//1632
f 1519//1519 1632//1632 1631//1631
f 1520//1520 1521//1521 1633//1633
f 1520//1520 1633//1633 1632//1632
f 1521//1521 1522//1522 1634//1634
f 1521//1521 1634//1634 1633//1633
f 1522//1522 1523//1523 1635//1635
f 1522//1522 1635//1635 1634//1634
f 1523//1523 1524//1524 1636//1636
f 1523//1523 1636//1636 1635//1635
f 1524//1524 1525//1525 1637//1637
f 1524//1524 1637//1637 1636//1636
f 1525//1525 1526//1526 1638//1638
f 1525//1525 1638//1638 1637//1637
f 1526//1526 1527//1527 1639//1639
f 1526//1526 1639//1639 1638//1638
f 1527//1527 1528//1528 1640//1640
f 1527//1527 1640//1640 1639//1639
f 1528//1528 1529//1529 1641//1641
f 1528//1528 1641//1641 1640//1640
f 1529//1529 1530//1530 1642//1642
f 1529//1529 1642//1642 1641//1641
f 1530//1530 1531//1531 1643//1643
f 1530//1530 1643//1643 1642//1642
f 1531//1531 1532//1532 1644//1644
f 1531//1531 1644//1644 1643//1643
f 1532//1532 1533//1533 1645//1645
f 1532//1532 1645//1645 1644//1644
f 1533//1533 1534//1534 1646//1646
f 1533//1533 1646//1646 1645//1645
f 1534//1534 1535//1535 1647//1647
f 1534//1534 1647//1647 1646//1646
f 1535//1535 1536//1536 1648//1648
f 1535//1535 1648//1648 1647//1647
f 1536//1536 1537//1537 1649//1649
f 1536//1536 1649//1649 1648//1648
f 1537//1537 1538//1538 1650//1650
f 1537//1537 1650//1650 1649//1649
f 1538//1538 1539//1539 1651//1651
f 1538//1538 1651//1651 1650//1650
f 1539//1539 1540//1540 1652//1652
f 1539//1539 1652//1652 1651//1651
f 1540//1540 1541//1541 1653//1653
f 1540//1540 1653//1653 1652//1652
f 1541//1541 1542//1542 1654//1654
f 1541//1541 1654//1654 1653//1653
f 1542//1542 1543//1543 1655//1655
f 1542//1542 1655//1655 1654//1654
f 1543//1543 1544//1544 1656//1656
f 1543//1543 1656//1656 1655//1655
f 1544//1544 1545//1545 1657//1657
f 1544//1544 1657//1657 1656//1656
f 1545//1545 1546//1546 1658//1658
f 1545//1545 1658//1658 1657//1657
f 1546//1546 1547//1547 1659//1659
f 1546//1546 1659//1659 1658//1658
f 1547//1547 1548//1548 1660//1660
f 1547//1547 1660//1660 1659//1659
f 1548//1548 1549//1549 1661//1661
f 1548//1548 1661//1661 1660//1660
f 1549//1549 1550//1550 1662//1662
f 1549//1549 1662//1662 1661//1661
f 1550//1550 1551//1551 1663//1663
f 1550//1550 1663//1663 1662//1662
f 1551//1551 1552//1552 1664//1664
f 1551//1551 1664//1664 1663//1663
f 1552//1552 1553//1553 1665//1665
f 1552//1552 1665//1665 1664//1664
f 1553//1553 1554//1554 1666//1666
f 1553//1553 1666//1666 1665//1665
f 1554//1554 1555//1555 1667//1667
f 1554//1554 1667//1667 1666//1666
f 1555//1555 1556//1556 1668//1668
f 1555//1555 1668//1668 1667//1667
f 1556//1556 1557//1557 1669//1669
f 1556//1556 1669//1669 1668//1668
f 1557//1557 1558//1558 1670//1670
f 1557//1557 1670//1670 1669//1669
f 1558//1558 1559//1559 1671//1671
f 1558//1558 1671//1671 1670//1670
f 1559//1559 1560//1560 1672//1672
f 1559//1559 1672//1672 1671//1671
f 1560//1560 1561//1561 1673//1673
f 1560//1560 1673//1673 1672//1672
f 1561//1561 1562//1562 1674//1674
f 1561//1561 1674//1674 1673//1673
f 1562//1562 1563//1563 1675//1675
f 1562//1562 1675//1675 1674//1674
f 1563//1563 1564//1564 1676//1676
f 1563//1563 1676//1676 1675//1675
f 1564//1564 1565//1565 1677//1677
f 1564//1564 1677//1677 1676//1676
f 1565//1565 1566//1566 1678//1678
f 1565//1565 1678//1678 1677//1677
f 1566//1566 1567//1567 1679//1679
f 1566//1566 1679//1679 1678//1678
f 1567//1567 1568//1568 1680//1680
f 1567//1567 1680//1680 1679//1679
f 1568//1568 1569//1569 1681//1681
f 1568//1568 1681//1681 1680//1680
f 1569//1569 1459//1459 1571//1571
f 1569//1569 1571//1571 1681//1681
f 1571//1571 1570//1570 1682//1682
f 1571//1571 1682//1682 1683//1683
f 1570//1570 1572//1572 1684//1684
f 1570//1570 1684//1684 1682//1682
f 1572//1572 1573//1573 1685//1685
f 1572//1572 1685//1685 1684//1684
f 1573//1573 1574//1574 1686//1686
f 1573//1573 1686//1686 1685//1685
f 1574//1574 1575//1575 1687//1687
f 1574//1574 1687//1687 1686//1686
f 1575//1575 1576//1576 1688//1688
f 1575//1575 1688//1688 1687//1687
f 1576//1576 1577//1577 1689//1689
f 1576//1576 1689//1689 1688//1688
f 1577//1577 1578//1578 1690//1690
f 1577//1577 1690//1690 1689//1689
f 1578//1578 1579//1579 1691//1691
f 1578//1578 1691//1691 1690//1690
f 1579//1579 1580//1580 1692//1692
f 1579//1579 1692//1692 1691//1691
f 1580//1580 1581//1581 1693//1693
f 1580//1580 1693//1693 1692//1692
f 1581//1581 1582//1582 1694//1694
f 1581//1581 1694//1694 1693//1693
f 1582//1582 1583//1583 1695//1695
f 1582//1582 1695//1695 1694//1694
f 1583//1583 1584//1584 1696//1696
f 1583//1583 1696//1696 1695//1695
f 1584//1584 1585//1585 1697//1697
f 1584//1584 1697//1697 1696//1696
f 1585//1585 1586//1586 1698//1698
f 1585//1585 1698//1698 1697//1697
f 1586//1586 1587//1587 1699//1699
f 1586//1586 1699//1699 1698//1698
f 1587//1587 1588//1588 1700//1700
f 1587//1587 1700//1700 1699//1699
f 1588//1588 1589//1589 1701//1701
f 1588//1588 1701//1701 1700//1700
f 1589//1589 1590//1590 1702//1702
f 1589//1589 1702//1702 1701//1701
f 1590//1590 1591//1591 1703//1703
f 1590//1590 1703//1703 1702//1702
f 1591//1591 1592//1592 1704//1704
f 1591//1591 1704//1704 1703//1703
f 1592//1592 1593//1593 1705//1705
f 1592//1592 1705//1705 1704//1704
f 1593//1593 1594//1594 1706//1706
f 1593//1593 1706//1706 1705//1705
f 1594//1594 1595//1595 1707//1707
f 1594//1594 1707//1707 1706//1706
f 1595//1595 1596//1596 1708//1708
f 1595//1595 1708//1708 1707//1707
f 1596//1596 1597//1597 1709//1709
f 1596//1596 1709//1709 1708//1708
f 1597//1597 1598//1598 1710//1710
f 1597//1597 1710//1710 1709//1709
f 1598//1598 1599//1599 1711//1711
f 1598//1598 1711//1711 1710//1710
f 1599//1599 1600//1600 1712//1712
f 1599//1599 1712//1712 1711//1711
f 1600//1600 1601//1601 1713//1713
f 1600//1600 1713//1713 1712//1712
f 1601//1601 1602//1602 1714//1714
f 1601//1601 1714//1714 1713//1713
f 1602//1602 1603//1603 1715//1715
f 1602//1602 1715//1715 1714//1714
f 1603//1603 1604//1604 1716//1716
f 1603//1603 1716//1716 1715//1715
f 1604//1604 1605//1605 1717//1717
f 1604//1604 1717//1717 1716//1716
f 1605//1605 1606//1606 1718//1718
f 1605//1605 1718//1718 1717//1717
f 1606//1606 1607//1607 1719//1719
f 1606//1606 1719//1719 1718//1718
f 1607//1607 1608//1608 1720//1720
f 1607//1607 1720//1720 1719//1719
f 1608//1608 1609//1609 1721//1721
f 1608//1608 1721//1721 1720//1720
f 1609//1609 1610//1610 1722//1722
f 1609//1609 1722//1722 1721//1721
f 1610//1610 1611//1611 1723//1723
f 1610//1610 1723//1723 1722//1722
f 1611//1611 1612//1612 1724//1724
f 1611//1611 1724//1724 1723//1723
f 1612//1612 1613//1613 1725//1725
f 1612//1612 1725//1725 1724//1724
f 1613//1613 1614//1614 1726//1726
f 1613//1613 1726//1726 1725//1725
f 1614//1614 1615//1615 1727//1727
f 1614//1614 1727//1727 1726//1726
f 1615//1615 1616//1616 1728//1728
f 1615//1615 1728//1728 1727//1727
f 1616//1616 1617//1617 1729//1729
f 1616//1616 1729//1729 1728//1728
f 1617//1617 1618//1618 1730//1730
f 1617//1617 1730//1730 1729//1729
f 1618//1618 1619//1619 1731//1731
f 1618//1618 1731//1731 1730//1730
f 1619//1619 1620//1620 1732//1732
f 1619//1619 1732//1732 1731//1731
f 1620//1620 1621//1621 1733//1733
f 1620//1620 1733//1733 1732//1732
f 1621//1621 1622//1622 1734//1734
f 1621//1621 1734//1734 1733//1733
f 1622//1622 1623//1623 1735//1735
f 1622//1622 1735//1735 1734//1734
f 1623//1623 1624//1624 1736//1736
f 1623//1623 1736//1736 1735//1735
f 1624//1624 1625//1625 1737//1737
f 1624//1624 1737//1737 1736//1736
f 1625//1625 1626//1626 1738//1738
f 1625//1625 1738//1738 1737//1737
f 1626//1626 1627//1627 1739//1739
f 1626//1626 1739//1739 1738//1738
f 1627//1627 1628//1628 1740//1740
f 1627//1627 1740//1740 1739//1739
f 1628//1628 1629//1629 1741//1741
f 1628//1628 1741//1741 1740//1740
f 1629//1629 1630//1630 1742//1742
f 1629//1629 1742//1742 1741//1741
f 1630//1630 1631//1631 1743//1743
f 1630//1630 1743//1743 1742//1742
f 1631//1631 1632//1632 1744//1744
f 1631//1631 1744//1744 1743//1743
f 1632//1632 1633//1633 1745//1745
f 1632//1632 1745//1745 1744//1744
f 1633//1633 1634//1634 1746//1746
f 1633//1633 1746//1746 1745//1745
f 1634//1634 1635//1635 1747//1747
f 1634//1634 1747//1747 1746//1746
f 1635//1635 1636//1636 1748//1748
f 1635//1635 1748//1748 1747//1747
f 1636//1636 1637//1637 1749//1749
f 1636//1636 1749//1749 1748//1748
f 1637//1637 1638//1638 1750//1750
f 1637//1637 1750//1750 1749//1749
f 1638//1638 1639//1639 1751//1751
f 1638//1638 1751//1751 1750//1750
f 1639//1639 1640//1640 1752//1752
f 1639//1639 1752//1752 1751//1751
f 1640//1640 1641//1641 1753//1753
f 1640//1640 1753//1753 1752//1752
f 1641//1641 1642//1642 1754//1754
f 1641//1641 1754//1754 1753//1753
f 1642//1642 1643//1643 1755//1755
f 1642//1642 1755//1755 1754//1754
f 1643//1643 1644//1644 1756//1756
f 1643//1643 1756//1756 1755//1755
f 1644//1644 1645//1645 1757//1757
f 1644//1644 1757//1757 1756//1756
f 1645//1645 1646//1646 1758//1758
f 1645//1645 1758//1758 1757//1757
f 1646//1646 1647//1647 1759//1759
f 1646//1646 1759//1759 1758//1758
f 1647//1647 1648//1648 1760//1760
f 1647//1647 1760//1760 1759//1759
f 1648//1648 1649//1649 1761//1761
f 1648//1648 1761//1761 1760//1760
f 1649//1649 1650//1650 1762//1762
f 1649//1649 1762//1762 1761//1761
f 1650//1650 1651//1651 1763//1763
f 1650//1650 1763//1763 1762//1762
f 1651//1651 1652//1652 1764//1764
f 1651//1651 1764//1764 1763//1763
f 1652//1652 1653//1653 1765//1765
f 1652//1652 1765//1765 1764//1764
f 1653//1653 1654//1654 1766//1766
f 1653//1653 1766//1766 1765//1765
f 1654//1654 1655//1655 1767//1767
f 1654//1654 1767//1767 1766//1766
f 1655//1655 1656//1656 1768//1768
f 1655//1655 1768//1768 1767//1767
f 1656//1656 1657//1657 1769//1769
f 1656//1656 1769//1769 1768//1768
f 1657//1657 1658//1658 1770//1770
f 1657//1657 1770//1770 1769//1769
f 1658//1658 1659//1659 1771//1771
f 1658//1658 1771//1771 1770//1770
f 1659//1659 1660//1660 1772//1772
f 1659//1659 1772//1772 1771//1771
f 1660//1660 1661//1661 1773//1773
f 1660//1660 1773//1773 1772//1772
f 1661//1661 1662//1662 1774//1774
f 1661//1661 1774//1774 1773//1773
f 1662//1662 1663//1663 1775//1775
f 1662//1662 1775//1775 1774//1774
f 1663//1663 1664//1664 1776//1776
f 1663//1663 1776//1776 1775//1775
f 1664//1664 1665//1665 1777//1777
f 1664//1664 1777//1777 1776//1776
f 1665//1665 1666//1666 1778//1778
f 1665//1665 1778//1778 1777//1777
f 1666//1666 1667//1667 1779//1779
f 1666//1666 1779//1779 1778//1778
f 1667//1667 1668//1668 1780//1780
f 1667//1667 1780//1780 1779//1779
f 1668//1668 1669//1669 1781//1781
f 1668//1668 1781//1781 1780//1780
f 1669//1669 1670//1670 1782//1782
f 1669//1669 1782//1782 1781//1781
f 1670//1670 1671//1671 1783//1783
f 1670//1670 1783//1783 1782//1782
f 1671//1671 1672//1672 1784//1784
f 1671//1671 1784//1784 1783//1783
f 1672//1672 1673//1673 1785//1785
f 1672//1672 1785//1785 1784//1784
f 1673//1673 1674//1674 1786//1786
f 1673//1673 1786//1786 1785//1785
f 1674//1674 1675//1675 1787//1787
f 1674//1674 1787//1787 1786//1786
f 1675//1675 1676//1676 1788//1788
f 1675//1675 1788//1788 1787//1787
f 1676//1676 1677//1677 1789//1789
f 1676//1676 1789//1789 1788//1788
f 1677//1677 1678//1678 1790//1790
f 1677//1677 1790//1790 1789//1789
f 1678//1678 1679//1679 1791//1791
f 1678//1678 1791//1791 1790//1790
f 1679//1679 1680//1680 1792//1792
f 1679//1679 1792//1792 1791//1791
f 1680//1680 1681//1681 1793//1793
f 1680//1680 1793//1793 1792//1792
f 1681//1681 1571//1571 1683//1683
f 1681//1681 1683//1683 1793//1793
f 1683//1683 1682//1682 1794//1794
f 1683//1683 1794//1794 1795//1795
f 1682//1682 1684//1684 1796//1796
f 1682//1682 1796//1796 1794//1794
f 1684//1684 1685//1685 1797//1797
f 1684//1684 1797//1797 1796//1796
f 1685//1685 1686//1686 1798//1798
f 1685//1685 1798//1798 1797//1797
f 1686//1686 1687//1687 1799//1799
f 1686//1686 1799//1799 1798//1798
f 1687//1687 1688//1688 1800//1800
f 1687//1687 1800//1800 1799//1799
f 1688//1688 1689//1689 1801//1801
f 1688//1688 1801//1801 1800//1800
f 1689//1689 1690//1690 1802//1802
f 1689//1689 1802//1802 1801//1801
f 1690//1690 1691//1691 1803//1803
f 1690//1690 1803//1803 1802//1802
f 1691//1691 1692//1692 1804//1804
f 1691//1691 1804//1804 1803//1803
f 1692//1692 1693//1693 1805//1805
f 1692//1692 1805//1805 1804//1804
f 1693//1693 1694//1694 1806//1806
f 1693//1693 1806//1806 1805//1805
f 1694//1694 1695//1695 1807//1807
f 1694//1694 1807//1807 1806//1806
f 1695//1695 1696//1696 1808//1808
f 1695//1695 1808//1808 1807//1807
f 1696//1696 1697//1697 1809//1809
f 1696//1696 1809//1809 1808//1808
f 1697//1697 1698//1698 1810//1810
f 1697//1697 1810//1810 1809//1809
f 1698//1698 1699//1699 1811//1811
f 1698//1698 1811//1811 1810//1810
f 1699//1699 1700//1700 1812//1812
f 1699//1699 1812//1812 1811//1811
f 1700//1700 1701//1701 1813//1813
f 1700//1700 1813//1813 1812//1812
f 1701//1701 1702//1702 1814//1814
f 1701//1701 1814//1814 1813//1813
f 1702//1702 1703//1703 1815//1815
f 1702//1702 1815//1815 1814//1814
f 1703//1703 1704//1704 1816//1816
f 1703//1703 1816//1816 1815//1815
f 1704//1704 1705//1705 1817//1817
f 1704//1704 1817//1817 1816//1816
f 1705//1705 1706//1706 1818//1818
f 1705//1705 1818//1818 1817//1817
f 1706//1706 1707//1707 1819//1819
f 1706//1706 1819//1819 1818//1818
f 1707//1707 1708//1708 1820//1820
f 1707//1707 1820//1820 1819//1819
f 1708//1708 1709//1709 1821//1821
f 1708//1708 1821//1821 1820//1820
f 1709//1709 1710//1710 1822//1822
f 1709//1709 1822//1822 1821//1821
f 1710//1710 1711//1711 1823//1823
f 1710//1710 1823//1823 1822//1822
f 1711//1711 1712//1712 1824//1824
f 1711//1711 1824//1824 1823//1823
f 1712//1712 1713//1713 1825//1825
f 1712//1712 1825//1825 1824//1824
f 1713//1713 1714//1714 1826//1826
f 1713//1713 1826//1826 1825//1825
f 1714//1714 1715//1715 1827//1827
f 1714//1714 1827//1827 1826//1826
f 1715//1715 1716//1716 1828//1828
f 1715//1715 1828//1828 1827//1827
f 1716//1716 1717//1717 1829//1829
f 1716//1716 1829//1829 1828//1828
f 1717//1717 1718//1718 1830//1830
f 1717//1717 1830//1830 1829//1829
f 1718//1718 1719//1719 1831//1831
f 1718//1718 1831//1831 1830//1830
f 1719//1719 1720//1720 1832//1832
f 1719//1719 1832//1832 1831//1831
f 1720//1720 1721//1721 1833//1833
f 1720//1720 1833//1833 1832//1832
f 1721//1721 1722//1722 1834//1834
f 1721//1721 1834//1834 1833//1833
f 1722//1722 1723//1723 1835//1835
f 1722//1722 1835//1835 1834//1834
f 1723//1723 1724//1724 1836//1836
f 1723//1723 1836//1836 1835//1835
f 1724//1724 1725//1725 1837//1837
f 1724//1724 1837//1837 1836//1836
f 1725//1725 1726//1726 1838//1838
f 1725//1725 1838//1838 1837//1837
f 1726//1726 1727//1727 1839//1839
f 1726//1726 1839//1839 1838//1838
f 1727//1727 1728//1728 1840//1840
f 1727//1727 1840//1840 1839//1839
f 1728//1728 1729//1729 1841//1841
f 1728//1728 1841//1841 1840//1840
f 1729//1729 1730//1730 1842//1842
f 1729//1729 1842//1842 1841//1841
f 1730//1730 1731//1731 1843//1843
f 1730//1730 1843//1843 1842//1842
f 1731//1731 1732//1732 1844//1844
f 1731//1731 1844//1844 1843//1843
f 1732//1732 1733//1733 1845//1845
f 1732//1732 1845//1845 1844//1844
f 1733//1733 1734//1734 1846//1846
f 1733//1733 1846//1846 1845//1845
f 1734//1734 1735//1735 1847//1847
f 1734//1734 1847//1847 1846//1846
f 1735//1735 1736//1736 1848//1848
f 1735//1735 1848//1848 1847//1847
f 1736//1736 1737//1737 1849//1849
f 1736//1736 1849//1849 1848//1848
f 1737//1737 1738//1738 1850//1850
f 1737//1737 1850//1850 1849//1849
f 1738//1738 1739//1739 1851//1851
f 1738//1738 1851//1851 1850//1850
f 1739//1739 1740//1740 1852//1852
f 1739//1739 1852//1852 1851//1851
f 1740//1740 1741//1741 1853//1853
f 1740//1740 1853//1853 1852//1852
f 1741//1741 1742//1742 1854//1854
f 1741//1741 1854//1854 1853//1853
f 1742//1742 1743//1743 1855//1855
f 1742//1742 1855//1855 1854//1854
f 1743//1743 1744//1744 1856//1856
f 1743//1743 1856//1856 1855//1855
f 1744//1744 1745//1745 1857//1857
f 1744//1744 1857//1857 1856//1856
f 1745//1745 1746//1746 1858//1858
f 1745//1745 1858//1858 1857//1857
f 1746//1746 1747//1747 1859//1859
f 1746//1746 1859//1859 1858//1858
f 1747//1747 1748//1748 1860//1860
f 1747//1747 1860//1860 1859//1859
f 1748//1748 1749//1749 1861//1861
f 1748//1748 1861//1861 1860//1860
f 1749//1749 1750//1750 1862//1862
f 1749//1749 1862//1862 1861//1861
f 1750//1750 1751//1751 1863//1863
f 1750//1750 1863//1863 1862//1862
f 1751//1751 1752//1752 1864//1864
f 1751//1751 1864//1864 1863//1863
f 1752//1752 1753//1753 1865//1865
f 1752//1752 1865//1865 1864//1864
f 1753//1753 1754//1754 1866//1866
f 1753//1753 1866//1866 1865//1865
f 1754//1754 1755//1755 1867//1867
f 1754//1754 1867//1867 1866//1866
f 1755//1755 1756//1756 1868//1868
f 1755//1755 1868//1868 1867//1867
f 1756//1756 1757//1757 1869//1869
f 1756//1756 1869//1869 1868//1868
f 1757//1757 1758//1758 1870//1870
f 1757//1757 1870//1870 1869//1869
f 1758//1758 1759//1759 1871//1871
f 1758//1758 1871//1871 1870//1870
f 1759//1759 1760//1760 1872//1872
f 1759//1759 1872//1872 1871//1871
f 1760//1760 1761//1761 1873//1873
f 1760//1760 1873//1873 1872//1872
f 1761//1761 1762//1762 1874//1874
f 1761//1761 1874//1874 1873//1873
f 1762//1762 1763//1763 1875//1875
f 1762//1762 1875//1875 1874//1874
f 1763//1763 1764//1764 1876//1876
f 1763//1763 1876//1876 1875//1875
f 1764//1764 1765//1765 1877//1877
f 1764//1764 1877//1877 1876//1876
f 1765//1765 1766//1766 1878//1878
f 1765//1765 1878//1878 1877//1877
f 1766//1766 1767//1767 1879//1879
f 1766//1766 1879//1879 1878//1878
f 1767//1767 1768//1768 1880//1880
f 1767//1767 1880//1880 1879//1879
f 1768//1768 1769//1769 1881//1881
f 1768//1768 1881//1881 1880//1880
f 1769//1769 1770//1770 1882//1882
f 1769//1769 1882//1882 1881//1881
f 1770//1770 1771//1771 1883//1883
f 1770//1770 1883//1883 1882//1882
f 1771//1771 1772//1772 1884//1884
f 1771//1771 1884//1884 1883//1883
f 1772//1772 1773//1773 1885//1885
f 1772//1772 1885//1885 1884//1884
f 1773//1773 1774//1774 1886//1886
f 1773//1773 1886//1886 1885//1885
f 1774//1774 1775//1775 1887//1887
f 1774//1774 1887//1887 1886//1886
f 1775//1775 1776//1776 1888//1888
f 1775//1775 1888//1888 1887//1887
f 1776//1776 1777//1777 1889//1889
f 1776//1776 1889//1889 1888//1888
f 1777//1777 1778//1778 1890//1890
f 1777//1777 1890//1890 1889//1889
f 1778//1778 1779//1779 1891//1891
f 1778//1778 1891//1891 1890//1890
f 1779//1779 1780//1780 1892//1892
f 1779//1779 1892//1892 1891//1891
f 1780//1780 1781//1781 1893//1893
f 1780//1780 1893//1893 1892//1892
f 1781//1781 1782//1782 1894//1894
f 1781//1781 1894//1894 1893//1893
f 1782//1782 1783//1783 1895//1895
f 1782//1782 1895//1895 1894//1894
f 1783//1783 1784//1784 1896//1896
f 1783//1783 1896//1896 1895//1895
f 1784//1784 1785//1785 1897//1897
f 1784//1784 1897//1897 1896//1896
f 1785//1785 1786//1786 1898//1898
f 1785//1785 1898//1898 1897//1897
f 1786//1786 1787//1787 1899//1899
f 1786//1786 1899//1899 1898//1898
f 1787//1787 1788//1788 1900//1900
f 1787//1787 1900//1900 1899//1899
f 1788//1788 1789//1789 1901//1901
f 1788//1788 1901//1901 1900//1900
f 1789//1789 1790//1790 1902//1902
f 1789//1789 1902//1902 1901//1901
f 1790//1790 1791//1791 1903//1903
f 1790//1790 1903//1903 1902//1902
f 1791//1791 1792//1792 1904//1904
f 1791//1791 1904//1904 1903//1903
f 1792//1792 1793//1793 1905//1905
f 1792//1792 1905//1905 1904//1904
f 1793//1793 1683//1683 1795//1795
f 1793//1793 1795//1795 1905//1905
f 1795//1795 1794//1794 1906//1906
f 1795//1795 1906//1906 1907//1907
f 1794//1794 1796//1796 1908//1908
f 1794//1794 1908//1908 1906//1906
f 1796//1796 1797//1797 1909//1909
f 1796//1796 1909//1909 1908//1908
f 1797//1797 1798//1798 1910//1910
f 1797//1797 1910//1910 1909//1909
f 1798//1798 1799//1799 1911//1911
f 1798//1798 1911//1911 1910//1910
f 1799//1799 1800//1800 1912//1912
f 1799//1799 1912//1912 1911//1911
f 1800//1800 1801//1801 1913//1913
f 1800//1800 1913//1913 1912//1912
f 1801//1801 1802//1802 1914//1914
f 1801//1801 1914//1914 1913//1913
f 1802//1802 1803//1803 1915//1915
f 1802//1802 1915//1915 1914//1914
f 1803//1803 1804//1804 1916//1916
f 1803//1803 1916//1916 1915//1915
f 1804//1804 1805//1805 1917//1917
f 1804//1804 1917//1917 1916//1916
f 1805//1805 1806//1806 1918//1918
f 1805//1805 1918//1918 1917//1917
f 1806//1806 1807//1807 1919//1919
f 1806//1806 1919//1919 1918//1918
f 1807//1807 1808//1808 1920//1920
f 1807//1807 1920//1920 1919//1919
f 1808//1808 1809//1809 1921//1921
f 1808//1808 1921//1921 1920//1920
f 1809//1809 1810//1810 1922//1922
f 1809//1809 1922//1922 1921//1921
f 1810//1810 1811//1811 1923//1923
f 1810//1810 1923//1923 1922//1922
f 1811//1811 1812//1812 1924//1924
f 1811//1811 1924//1924 1923//1923
f 1812//1812 1813//1813 1925//1925
f 1812//1812 1925//1925 1924//1924
f 1813//1813 1814//1814 1926//1926
f 1813//1813 1926//1926 1925//1925
f 1814//1814 1815//1815 1927//1927
f 1814//1814 1927//1927 1926//1926
f 1815//1815 1816//1816 1928//1928
f 1815//1815 1928//1928 1927//1927
f 1816//1816 1817//1817 1929//1929
f 1816//1816 1929//1929 1928//1928
f 1817//1817 1818//1818 1930//1930
f 1817//1817 1930//1930 1929//1929
f 1818//1818 1819//1819 1931//1931
f 1818//1818 1931//1931 1930//1930
f 1819//1819 1820//1820 1932//1932
f 1819//1819 1932//1932 1931//1931
f 1820//1820 1821//1821 1933//1933
f 1820//1820 1933//1933 1932//1932
f 1821//1821 1822//1822 1934//1934
f 1821//1821 1934//1934 1933//1933
f 1822//1822 1823//1823 1935//1935
f 1822//1822 1935//1935 1934//1934
f 1823//1823 1824//1824 1936//1936
f 1823//1823 1936//1936 1935//1935
f 1824//1824 1825//1825 1937//1937
f 1824//1824 1937//1937 1936//1936
f 1825//1825 1826//1826 1938//1938
f 1825//1825 1938//1938 1937//1937
f 1826//1826 1827//1827 1939//1939
f 1826//1826 1939//1939 1938//1938
f 1827//1827 1828//1828 1940//1940
f 1827//1827 1940//1940 1939//1939
f 1828//1828 1829//1829 1941//1941
f 1828//1828 1941//1941 1940//1940
f 1829//1829 1830//1830 1942//1942
f 1829//1829 1942//1942 1941//1941
f 1830//1830 1831//1831 1943//1943
f 1830//1830 1943//1943 1942//1942
f 1831//1831 1832//1832 1944//1944
f 1831//1831 1944//1944 1943//1943
f 1832//1832 1833//1833 1945//1945
f 1832//1832 1945//1945 1944//1944
f 1833//1833 1834//1834 1946//1946
f 1833//1833 1946//1946 1945//1945
f 1834//1834 1835//1835 1947//1947
f 1834//1834 1947//1947 1946//1946
f 1835//1835 1836//1836 1948//1948
f 1835//1835 1948//1948 1947//1947
f 1836//1836 1837//1837 1949//1949
f 1836//1836 1949//1949 1948//1948
f 1837//1837 1838//1838 1950//1950
f 1837//1837 1950//1950 1949//1949
f 1838//1838 1839//1839 1951//1951
f 1838//1838 1951//1951 1950//1950
f 1839//1839 1840//1840 1952//1952
f 1839//1839 1952//1952 1951//1951
f 1840//1840 1841//1841 1953//1953
f 1840//1840 1953//1953 1952//1952
f 1841//1841 1842//1842 1954//1954
f 1841//1841 1954//1954 1953//1953
f 1842//1842 1843//1843 1955//1955
f 1842//1842 1955//1955 1954//1954
f 1843//1843 1844//1844 1956//1956
f 1843//1843 1956//1956 1955//1955
f 1844//1844 1845//1845 1957//1957
f 1844//1844 1957//1957 1956//1956
f 1845//1845 1846//1846 1958//1958
f 1845//1845 1958//1958 1957//1957
f 1846//1846 1847//1847 1959//1959
f 1846//1846 1959//1959 1958//1958
f 1847//1847 1848//1848 1960//1960
f 1847//1847 1960//1960 1959//1959
f 1848//1848 1849//1849 1961//1961
f 1848//1848 1961//1961 1960//1960
f 1849//1849 1850//1850 1962//1962
f 1849//1849 1962//1962 1961//1961
f 1850//1850 1851//1851 1963//1963
f 1850//1850 1963//1963 1962//1962
f 1851//1851 1852//1852 1964//1964
f 1851//1851 1964//1964 1963//1963
f 1852//1852 1853//1853 1965//1965
f 1852//1852 1965//1965 1964//1964
f 1853//1853 1854//1854 1966//1966
f 1853//1853 1966//1966 1965//1965
f 1854//1854 1855//1855 1967//1967
f 1854//1854 1967//1967 1966//1966
f 1855//1855 1856//1856 1968//1968
f 1855//1855 1968//1968 1967//1967
f 1856//1856 1857//1857 1969//1969
f 1856//1856 1969//1969 1968//1968
f 1857//1857 1858//1858 1970//1970
f 1857//1857 1970//1970 1969//1969
f 1858//1858 1859//1859 1971//1971
f 1858//1858 1971//1971 1970//1970
f 1859//1859 1860//1860 1972//1972
f 1859//1859 1972//1972 1971//1971
f 1860//1860 1861//1861 1973//1973
f 1860//1860 1973//1973 1972//1972
f 1861//1861 1862//1862 1974//1974
f 1861//1861 1974//1974 1973//1973
f 1862//1862 1863//1863 1975//1975
f 1862//1862 1975//1975 1974//1974
f 1863//1863 1864//1864 1976//1976
f 1863//1863 1976//1976 1975//1975
f 1864//1864 1865//1865 1977//1977
f 1864//1864 1977//1977 1976//1976
f 1865//1865 1866//1866 1978//1978
f 1865//1865 1978//1978 1977//1977
f 1866//1866 1867//1867 1979//1979
f 1866//1866 1979//1979 1978//1978
f 1867//1867 1868//1868 1980//1980
f 1867//1867 1980//1980 1979//1979
f 1868//1868 1869//1869 1981//1981
f 1868//1868 1981//1981 1980//1980
f 1869//1869 1870//1870 1982//1982
f 1869//1869 1982//1982 1981//1981
f 1870//1870 1871//1871 1983//1983
f 1870//1870 1983//1983 1982//1982
f 1871//1871 1872//1872 1984//1984
f 1871//1871 1984//1984 1983//1983
f 1872//1872 1873//1873 1985//1985
f 1872//1872 1985//1985 1984//1984
f 1873//1873 1874//1874 1986//1986
f 1873//1873 1986//1986 1985//1985
f 1874//1874 1875//1875 1987//1987
f 1874//1874 1987//1987 1986//1986
f 1875//1875 1876//1876 1988//1988
f 1875//1875 1988//1988 1987//1987
f 1876//1876 1877//1877 1989//1989
f 1876//1876 1989//1989 1988//1988
f 1877//1877 1878//1878 1990//1990
f 1877//1877 1990//1990 1989//1989
f 1878//1878 1879//1879 1991//1991
f 1878//1878 1991//1991 1990//1990
f 1879//1879 1880//1880 1992//1992
f 1879//1879 1992//1992 1991//1991
f 1880//1880 1881//1881 1993//1993
f 1880//1880 1993//1993 1992//1992
f 1881//1881 1882//1882 1994//1994
f 1881//1881 1994//1994 1993//1993
f 1882//1882 1883//1883 1995//1995
f 1882//1882 1995//1995 1994//1994
f 1883//1883 1884//1884 1996//1996
f 1883//1883 1996//1996 1995//1995
f 1884//1884 1885//1885 1997//1997
f 1884//1884 1997//1997 1996//1996
f 1885//1885 1886//1886 1998//1998
f 1885//1885 1998//1998 1997//1997
f 1886//1886 1887//1887 1999//1999
f 1886//1886 1999//1999 1998//1998
f 1887//1887 1888//1888 2000//2000
f 1887//1887 2000//2000 1999//1999
f 1888//1888 1889//1889 2001//2001
f 1888//1888 2001//2001 2000//2000
f 1889//1889 1890//1890 2002//2002
f 1889//1889 2002//2002 2001//2001
f 1890//1890 1891//1891 2003//2003
f 1890//1890 2003//2003 2002//2002
f 1891//1891 1892//1892 2004//2004
f 1891//1891 2004//2004 2003//2003
f 1892//1892 1893//1893 2005//2005
f 1892//1892 2005//2005 2004//2004
f 1893//1893 1894//1894 2006//2006
f 1893//1893 2006//2006 2005//2005
f 1894//1894 1895//1895 2007//2007
f 1894//1894 2007//2007 2006//2006
f 1895//1895 1896//1896 2008//2008
f 1895//1895 2008//2008 2007//2007
f 1896//1896 1897//1897 2009//2009
f 1896//1896 2009//2009 2008//2008
f 1897//1897 1898//1898 2010//2010
f 1897//1897 2010//2010 2009//2009
f 1898//1898 1899//1899 2011//2011
f 1898//1898 2011//2011 2010//2010
f 1899//1899 1900//1900 2012//2012
f 1899//1899 2012//2012 2011//2011
f 1900//1900 1901//1901 2013//2013
f 1900//1900 2013//2013 2012//2012
f 1901//1901 1902//1902 2014//2014
f 1901//1901 2014//2014 2013//2013
f 1902//1902 1903//1903 2015//2015
f 1902//1902 2015//2015 2014//2014
f 1903//1903 1904//1904 2016//2016
f 1903//1903 2016//2016 2015//2015
f 1904//1904 1905//1905 2017//2017
f 1904//1904 2017//2017 2016//2016
f 1905//1905 1795//1795 1907//1907
f 1905//1905 1907//1907 2017//2017
f 1907//1907 1906//1906 2018//2018
f 1907//1907 2018//2018 2019//2019
f 1906//1906 1908//1908 2020//2020
f 1906//1906 2020//2020 2018//2018
f 1908//1908 1909//1909 2021//2021
f 1908//1908 2021//2021 2020//2020
f 1909//1909 1910//1910 2022//2022
f 1909//1909 2022//2022 2021//2021
f 1910//1910 1911//1911 2023//2023
f 1910//1910 2023//2023 2022//2022
f 1911//1911 1912//1912 2024//2024
f 1911//1911 2024//2024 2023//2023
f 1912//1912 1913//1913 2025//2025
f 1912//1912 2025//2025 2024//2024
f 1913//1913 1914//1914 2026//2026
f 1913//1913 2026//2026 2025//2025
f 1914//1914 1915//1915 2027//2027
f 1914//1914 2027//2027 2026//2026
f 1915//1915 1916//1916 2028//2028
f 1915//1915 2028//2028 2027//2027
f 1916//1916 1917//1917 2029//2029
f 1916//1916 2029//2029 2028//2028
f 1917//1917 1918//1918 2030//2030
f 1917//1917 2030//2030 2029//2029
f 1918//1918 1919//1919 2031//2031
f 1918//1918 2031//2031 2030//2030
f 1919//1919 1920//1920 2032//2032
f 1919//1919 2032//2032 2031//2031
f 1920//1920 1921//1921 2033//2033
f 1920//1920 2033//2033 2032//2032
f 1921//1921 1922//1922 2034//2034
f 1921//1921 2034//2034 2033//2033
f 1922//1922 1923//1923 2035//2035
f 1922//1922 2035//2035 2034//2034
f 1923//1923 1924//1924 2036//2036
f 1923//1923 2036//2036 2035//2035
f 1924//1924 1925//1925 2037//2037
f 1924//1924 2037//2037 2036//2036
f 1925//1925 1926//1926 2038//2038
f 1925//1925 2038//2038 2037//2037
f 1926//1926 1927//1927 2039//2039
f 1926//1926 2039//2039 2038//2038
f 1927//1927 1928//1928 2040//2040
f 1927//1927 2040//2040 2039//2039
f 1928//1928 1929//1929 2041//2041
f 1928//1928 2041//2041 2040//2040
f 1929//1929 1930//1930 2042//2042
f 1929//1929 2042//2042 2041//2041
f 1930//1930 1931//1931 2043//2043
f 1930//1930 2043//2043 2042//2042
f 1931//1931 1932//1932 2044//2044
f 1931//1931 2044//2044 2043//2043
f 1932//1932 1933//1933 2045//2045
f 1932//1932 2045//2045 2044//2044
f 1933//1933 1934//1934 2046//2046
f 1933//1933 2046//2046 2045//2045
f 1934//1934 1935//1935 2047//2047
f 1934//1934 2047//2047 2046//2046
f 1935//1935 1936//1936 2048//2048
f 1935//1935 2048//2048 2047//2047
f 1936//1936 1937//1937 2049//2049
f 1936//1936 2049//2049 2048//2048
f 1937//1937 1938//1938 2050//2050
f 1937//1937 2050//2050 2049//2049
f 1938//1938 1939//1939 2051//2051
f 1938//1938 2051//2051 2050//2050
f 1939//1939 1940//1940 2052//2052
f 1939//1939 2052//2052 2051//2051
f 1940//1940 1941//1941 2053//2053
f 1940//1940 2053//2053 2052//2052
f 1941//1941 1942//1942 2054//2054
f 1941//1941 2054//2054 2053//2053
f 1942//1942 1943//1943 2055//2055
f 1942//1942 2055//2055 2054//2054
f 1943//1943 1944//1944 2056//2056
f 1943//1943 2056//2056 2055//2055
f 1944//1944 1945//1945 2057//2057
f 1944//1944 2057//2057 2056//2056
f 1945//1945 1946//1946 2058//2058
f 1945//1945 2058//2058 2057//2057
f 1946//1946 1947//1947 2059//2059
f 1946//1946 2059//2059 2058//2058
f 1947//1947 1948//1948 2060//2060
f 1947//1947 2060//2060 2059//2059
f 1948//1948 1949//1949 2061//2061
f 1948//1948 2061//2061 2060//2060
f 1949//1949 1950//1950 2062//2062
f 1949//1949 2062//2062 2061//2061
f 1950//1950 1951//1951 2063//2063
f 1950//1950 2063//2063 2062//2062
f 1951//1951 1952//1952 2064//2064
f 1951//1951 2064//2064 2063//2063
f 1952//1952 1953//1953 2065//2065
f 1952//1952 2065//2065 2064//2064
f 1953//1953 1954//1954 2066//2066
f 1953//1953 2066//2066 2065//2065
f 1954//1954 1955//1955 2067//2067
f 1954//1954 2067//2067 2066//2066
f 1955//1955 1956//1956 2068//2068
f 1955//1955 2068//2068 2067//2067
f 1956//1956 1957//1957 2069//2069
f 1956//1956 2069//2069 2068//2068
f 1957//1957 1958//1958 2070//2070
f 1957//1957 2070//2070 2069//2069
f 1958//1958 1959//1959 2071//2071
f 1958//1958 2071//2071 2070//2070
f 1959//1959 1960//1960 2072//2072
f 1959//1959 2072//2072 2071//2071
f 1960//1960 1961//1961 2073//2073
f 1960//1960 2073//2073 2072//2072
f 1961//1961 1962//1962 2074//2074
f 1961//1961 2074//2074 2073//2073
f 1962//1962 1963//1963 2075//2075
f 1962//1962 2075//2075 2074//2074
f 1963//1963 1964//1964 2076//2076
f 1963//1963 2076//2076 2075//2075
f 1964//1964 1965//1965 2077//2077
f 1964//1964 2077//2077 2076//2076
f 1965//1965 1966//1966 2078//2078
f 1965//1965 2078//2078 2077//2077
f 1966//1966 1967//1967 2079//2079
f 1966//1966 2079//2079 2078//2078
f 1967//1967 1968//1968 2080//2080
f 1967//1967 2080//2080 2079//2079
f 1968//1968 1969//1969 2081//2081
f 1968//1968 2081//2081 2080//2080
f 1969//1969 1970//1970 2082//2082
f 1969//1969 2082//2082 2081//2081
f 1970//1970 1971//1971 2083//2083
f 1970//1970 2083//2083 2082//2082
f 1971//1971 1972//1972 2084//2084
f 1971//1971 2084//2084 2083//2083
f 1972//1972 1973//1973 2085//2085
f 1972//1972 2085//2085 2084//2084
f 1973//1973 1974//1974 2086//2086
f 1973//1973 2086//2086 2085//2085
f 1974//1974 1975//1975 2087//2087
f 1974//1974 2087//2087 2086//2086
f 1975//1975 1976//1976 2088//2088
f 1975//1975 2088//2088 2087//2087
f 1976//1976 1977//1977 2089//2089
f 1976//1976 2089//2089 2088//2088
f 1977//1977 1978//1978 2090//2090
f 1977//1977 2090//2090 2089//2089
f 1978//1978 1979//1979 2091//2091
f 1978//1978 2091//2091 2090//2090
f 1979//1979 1980//1980 2092//2092
f 1979//1979 2092//2092 2091//2091
f 1980//1980 1981//1981 2093//2093
f 1980//1980 2093//2093 2092//2092
f 1981//1981 1982//1982 2094//2094
f 1981//1981 2094//2094 2093//2093
f 1982//1982 1983//1983 2095//2095
f 1982//1982 2095//2095 2094//2094
f 1983//1983 1984//1984 2096//2096
f 1983//1983 2096//2096 2095//2095
f 1984//1984 1985//1985 2097//2097
f 1984//1984 2097//2097 2096//2096
f 1985//1985 1986//1986 2098//2098
f 1985//1985 2098//2098 2097//2097
f 1986//1986 1987//1987 2099//2099
f 1986//1986 2099//2099 2098//2098
f 1987//1987 1988//1988 2100//2100
f 1987//1987 2100//2100 2099//2099
f 1988//1988 1989//1989 2101//2101
f 1988//1988 2101//2101 2100//2100
f 1989//1989 1990//1990 2102//2102
f 1989//1989 2102//2102 2101//2101
f 1990//1990 1991//1991 2103//2103
f 1990//1990 2103//2103 2102//2102
f 1991//1991 1992//1992 2104//2104
f 1991//1991 2104//2104 2103//2103
f 1992//1992 1993//1993 2105//2105
f 1992//1992 2105//2105 2104//2104
f 1993//1993 1994//1994 2106//2106
f 1993//1993 2106//2106 2105//2105
f 1994//1994 1995//1995 2107//2107
f 1994//1994 2107//2107 2106//2106
f 1995//1995 1996//1996 2108//2108
f 1995//1995 2108//2108 2107//2107
f 1996//1996 1997//1997 2109//2109
f 1996//1996 2109//2109 2108//2108
f 1997//1997 1998//1998 2110//2110
f 1997//1997 2110//2110 2109//2109
f 1998//1998 1999//1999 2111//2111
f 1998//1998 2111//2111 2110//2110
f 1999//1999 2000//2000 2112//2112
f 1999//1999 2112//2112 2111//2111
f 2000//2000 2001//2001 2113//2113
f 2000//2000 2113//2113 2112//2112
f 2001//2001 2002//2002 2114//2114
f 2001//2001 2114//2114 2113//2113
f 2002//2002 2003//2003 2115//2115
f 2002//2002 2115//2115 2114//2114
f 2003//2003 2004//2004 2116//2116
f 2003//2003 2116//2116 2115//2115
f 2004//2004 2005//2005 2117//2117
f 2004//2004 2117//2117 2116//2116
f 2005//2005 2006//2006 2118//2118
f 2005//2005 2118//2118 2117//2117
f 2006//2006 2007//2007 2119//2119
f 2006//2006 2119//2119 2118//2118
f 2007//2007 2008//2008 2120//2120
f 2007//2007 2120//2120 2119//2119
f 2008//2008 2009//2009 2121//2121
f 2008//2008 2121//2121 2120//2120
f 2009//2009 2010//2010 2122//2122
f 2009//2009 2122//2122 2121//2121
f 2010//2010 2011//2011 2123//2123
f 2010//2010 2123//2123 2122//2122
f 2011//2011 2012//2012 2124//2124
f 2011//2011 2124//2124 2123//2123
f 2012//2012 2013//2013 2125//2125
f 2012//2012 2125//2125 2124//2124
f 2013//2013 2014//2014 2126//2126
f 2013//2013 2126//2126 2125//2125
f 2014//2014 2015//2015 2127//2127
f 2014//2014 2127//2127 2126//2126
f 2015//2015 2016//2016 2128//2128
f 2015//2015 2128//2128 2127//2127
f 2016//2016 2017//2017 2129//2129
f 2016//2016 2129//2129 2128//2128
f 2017//2017 1907//1907 2019//2019
f 2017//2017 2019//2019 2129//2129
f 2019//2019 2018//2018 2130//2130
f 2019//2019 2130//2130 2131//2131
f 2018//2018 2020//2020 2132//2132
f 2018//2018 2132//2132 2130//2130
f 2020//2020 2021//2021 2133//2133
f 2020//2020 2133//2133 2132//2132
f 2021//2021 2022//2022 2134//2134
f 2021//2021 2134//2134 2133//2133
f 2022//2022 2023//2023 2135//2135
f 2022//2022 2135//2135 2134//2134
f 2023//2023 2024//2024 2136//2136
f 2023//2023 2136//2136 2135//2135
f 2024//2024 2025//2025 2137//2137
f 2024//2024 2137//2137 2136//2136
f 2025//2025 2026//2026 2138//2138
f 2025//2025 2138//2138 2137//2137
f 2026//2026 2027//2027 2139//2139
f 2026//2026 2139//2139 2138//2138
f 2027//2027 2028//2028 2140//2140
f 2027//2027 2140//2140 2139//2139
f 2028//2028 2029//2029 2141//2141
f 2028//2028 2141//2141 2140//2140
f 2029//2029 2030//2030 2142//2142
f 2029//2029 2142//2142 2141//2141
f 2030//2030 2031//2031 2143//2143
f 2030//2030 2143//2143 2142//2142
f 2031//2031 2032//2032 2144//2144
f 2031//2031 2144//2144 2143//2143
f 2032//2032 2033//2033 2145//2145
f 2032//2032 2145//2145 2144//2144
f 2033//2033 2034//2034 2146//2146
f 2033//2033 2146//2146 2145//2145
f 2034//2034 2035//2035 2147//2147
f 2034//2034 2147//2147 2146//2146
f 2035//2035 2036//2036 2148//2148
f 2035//2035 2148//2148 2147//2147
f 2036//2036 2037//2037 2149//2149
f 2036//2036 2149//2149 2148//2148
f 2037//2037 2038//2038 2150//2150
f 2037//2037 2150//2150 2149//2149
f 2038//2038 2039//2039 2151//2151
f 2038//2038 2151//2151 2150//2150
f 2039//2039 2040//2040 2152//2152
f 2039//2039 2152//2152 2151//2151
f 2040//2040 2041//2041 2153//2153
f 2040//2040 2153//2153 2152//2152
f 2041//2041 2042//2042 2154//2154
f 2041//2041 2154//2154 2153//2153
f 2042//2042 2043//2043 2155//2155
f 2042//2042 2155//2155 2154//2154
f 2043//2043 2044//2044 2156//2156
f 2043//2043 2156//2156 2155//2155
f 2044//2044 2045//2045 2157//2157
f 2044//2044 2157//2157 2156//2156
f 2045//2045 2046//2046 2158//2158
f 2045//2045 2158//2158 2157//2157
f 2046//2046 2047//2047 2159//2159
f 2046//2046 2159//2159 2158//2158
f 2047//2047 2048//2048 2160//2160
f 2047//2047 2160//2160 2159//2159
f 2048//2048 2049//2049 2161//2161
f 2048//2048 2161//2161 2160//2160
f 2049//2049 2050//2050 2162//2162
f 2049//2049 2162//2162 2161//2161
f 2050//2050 2051//2051 2163//2163
f 2050//2050 2163//2163 2162//2162
f 2051//2051 2052//2052 2164//2164
f 2051//2051 2164//2164 2163//2163
f 2052//2052 2053//2053 2165//2165
f 2052//2052 2165//2165 2164//2164
f 2053//2053 2054//2054 2166//2166
f 2053//2053 2166//2166 2165//2165
f 2054//2054 2055//2055 2167//2167
f 2054//2054 2167//2167 2166//2166
f 2055//2055 2056//2056 2168//2168
f 2055//2055 2168//2168 2167//2167
f 2056//2056 2057//2057 2169//2169
f 2056//2056 2169//2169 2168//2168
f 2057//2057 2058//2058 2170//2170
f 2057//2057 2170//2170 2169//2169
f 2058//2058 2059//2059 2171//2171
f 2058//2058 2171//2171 2170//2170
f 2059//2059 2060//2060 2172//2172
f 2059//2059 2172//2172 2171//2171
f 2060//2060 2061//2061 2173//2173
f 2060//2060 2173//2173 2172//2172
f 2061//2061 2062//2062 2174//2174
f 2061//2061 2174//2174 2173//2173
f 2062//2062 2063//2063 2175//2175
f 2062//2062 2175//2175 2174//2174
f 2063//2063 2064//2064 2176//2176
f 2063//2063 2176//2176 2175//2175
f 2064//2064 2065//2065 2177//2177
f 2064//2064 2177//2177 2176//2176
f 2065//2065 2066//2066 2178//2178
f 2065//2065 2178//2178 2177//2177
f 2066//2066 2067//2067 2179//2179
f 2066//2066 2179//2179 2178//2178
f 2067//2067 2068//2068 2180//2180
f 2067//2067 2180//2180 2179//2179
f 2068//2068 2069//2069 2181//2181
f 2068//2068 2181//2181 2180//2180
f 2069//2069 2070//2070 2182//2182
f 2069//2069 2182//2182 2181//2181
f 2070//2070 2071//2071 2183//2183
f 2070//2070 2183//2183 2182//2182
f 2071//2071 2072//2072 2184//2184
f 2071//2071 2184//2184 2183//2183
f 2072//2072 2073//2073 2185//2185
f 2072//2072 2185//2185 2184//2184
f 2073//2073 2074//2074 2186//2186
f 2073//2073 2186//2186 2185//2185
f 2074//2074 2075//2075 2187//2187
f 2074//2074 2187//2187 2186//2186
f 2075//2075 2076//2076 2188//2188
f 2075//2075 2188//2188 2187//2187
f 2076//2076 2077//2077 2189//2189
f 2076//2076 2189//2189 2188//2188
f 2077//2077 2078//2078 2190//2190
f 2077//2077 2190//2190 2189//2189
f 2078//2078 2079//2079 2191//2191
f 2078//2078 2191//2191 2190//2190
f 2079//2079 2080//2080 2192//2192
f 2079//2079 2192//2192 2191//2191
f 2080//2080 2081//2081 2193//2193
f 2080//2080 2193//2193 2192//2192
f 2081//2081 2082//2082 2194//2194
f 2081//2081 2194//2194 2193//2193
f 2082//2082 2083//2083 2195//2195
f 2082//2082 2195//2195 2194//2194
f 2083//2083 2084//2084 2196//2196
f 2083//2083 2196//2196 2195//2195
f 2084//2084 2085//2085 2197//2197
f 2084//2084 2197//2197 2196//2196
f 2085//2085 2086//2086 2198//2198
f 2085//2085 2198//2198 2197//2197
f 2086//2086 2087//2087 2199//2199
f 2086//2086 2199//2199 2198//2198
f 2087//2087 2088//2088 2200//2200
f 2087//2087 2200//2200 2199//2199
f 2088//2088 2089//2089 2201//2201
f 2088//2088 2201//2201 2200//2200
f 2089//2089 2090//2090 2202//2202
f 2089//2089 2202//2202 2201//2201
f 2090//2090 2091//2091 2203//2203
f 2090//2090 2203//2203 2202//2202
f 2091//2091 2092//2092 2204//2204
f 2091//2091 2204//2204 2203//2203
f 2092//2092 2093//2093 2205//2205
f 2092//2092 2205//2205 2204//2204
f 2093//2093 2094//2094 2206//2206
f 2093//2093 2206//2206 2205//2205
f 2094//2094 2095//2095 2207//2207
f 2094//2094 2207//2207 2206//2206
f 2095//2095 2096//2096 2208//2208
f 2095//2095 2208//2208 2207//2207
f 2096//2096 2097//2097 2209//2209
f 2096//2096 2209//2209 2208//2208
f 2097//2097 2098//2098 2210//2210
f 2097//2097 2210//2210 2209//2209
f 2098//2098 2099//2099 2211//2211
f 2098//2098 2211//2211 2210//2210
f 2099//2099 2100//2100 2212//2212
f 2099//2099 2212//2212 2211//2211
f 2100//2100 2101//2101 2213//2213
f 2100//2100 2213//2213 2212//2212
f 2101//2101 2102//2102 2214//2214
f 2101//2101 2214//2214 2213//2213
f 2102//2102 2103//2103 2215//2215
f 2102//2102 2215//2215 2214//2214
f 2103//2103 2104//2104 2216//2216
f 2103//2103 2216//2216 2215//2215
f 2104//2104 2105//2105 2217//2217
f 2104//2104 2217//2217 2216//2216
f 2105//2105 2106//2106 2218//2218
f 2105//2105 2218//2218 2217//2217
f 2106//2106 2107//2107 2219//2219
f 2106//2106 2219//2219 2218//2218
f 2107//2107 2108//2108 2220//2220
f 2107//2107 2220//2220 2219//2219
f 2108//2108 2109//2109 2221//2221
f 2108//2108 2221//2221 2220//2220
f 2109//2109 2110//2110 2222//2222
f 2109//2109 2222//2222 2221//2221
f 2110//2110 2111//2111 2223//2223
f 2110//2110 2223//2223 2222//2222
f 2111//2111 2112//2112 2224//2224
f 2111//2111 2224//2224 2223//2223
f 2112//2112 2113//2113 2225//2225
f 2112//2112 2225//2225 2224//2224
f 2113//2113 2114//2114 2226//2226
f 2113//2113 2226//2226 2225//2225
f 2114//2114 2115//2115 2227//2227
f 2114//2114 2227//2227 2226//2226
f 2115//2115 2116//2116 2228//2228
f 2115//2115 2228//2228 2227//2227
f 2116//2116 2117//2117 2229//2229
f 2116//2116 2229//2229 2228//2228
f 2117//2117 2118//2118 2230//2230
f 2117//2117 2230//2230 2229//2229
f 2118//2118 2119//2119 2231//2231
f 2118//2118 2231//2231 2230//2230
f 2119//2119 2120//2120 2232//2232
f 2119//2119 2232//2232 2231//2231
f 2120//2120 2121//2121 2233//2233
f 2120//2120 2233//2233 2232//2232
f 2121//2121 2122//2122 2234//2234
f 2121//2121 2234//2234 2233//2233
f 2122//2122 2123//2123 2235//2235
f 2122//2122 2235//2235 2234//2234
f 2123//2123 2124//2124 2236//2236
f 2123//2123 2236//2236 2235//2235
f 2124//2124 2125//2125 2237//2237
f 2124//2124 2237//2237 2236//2236
f 2125//2125 2126//2126 2238//2238
f 2125//2125 2238//2238 2237//2237
f 2126//2126 2127//2127 2239//2239
f 2126//2126 2239//2239 2238//2238
f 2127//2127 2128//2128 2240//2240
f 2127//2127 2240//2240 2239//2239
f 2128//2128 2129//2129 2241//2241
f 2128//2128 2241//2241 2240//2240
f 2129//2129 2019//2019 2131//2131
f 2129//2129 2131//2131 2241//2241
f 2131//2131 2130//2130 2242//2242
f 2131//2131 2242//2242 2243//2243
f 2130//2130 2132//2132 2244//2244
f 2130//2130 2244//2244 2242//2242
f 2132//2132 2133//2133 2245//2245
f 2132//2132 2245//2245 2244//2244
f 2133//2133 2134//2134 2246//2246
f 2133//2133 2246//2246 2245//2245
f 2134//2134 2135//2135 2247//2247
f 2134//2134 2247//2247 2246//2246
f 2135//2135 2136//2136 2248//2248
f 2135//2135 2248//2248 2247//2247
f 2136//2136 2137//2137 2249//2249
f 2136//2136 2249//2249 2248//2248
f 2137//2137 2138//2138 2250//2250
f 2137//2137 2250//2250 2249//2249
f 2138//2138 2139//2139 2251//2251
f 2138//2138 2251//2251 2250//2250
f 2139//2139 2140//2140 2252//2252
f 2139//2139 2252//2252 2251//2251
f 2140//2140 2141//2141 2253//2253
f 2140//2140 2253//2253 2252//2252
f 2141//2141 2142//2142 2254//2254
f 2141//2141 2254//2254 2253//2253
f 2142//2142 2143//2143 2255//2255
f 2142//2142 2255//2255 2254//2254
f 2143//2143 2144//2144 2256//2256
f 2143//2143 2256//2256 2255//2255
f 2144//2144 2145//2145 2257//2257
f 2144//2144 2257//2257 2256//2256
f 2145//2145 2146//2146 2258//2258
f 2145//2145 2258//2258 2257//2257
f 2146//2146 2147//2147 2259//2259
f 2146//2146 2259//2259 2258//2258
f 2147//2147 2148//2148 2260//2260
f 2147//2147 2260//2260 2259//2259
f 2148//2148 2149//2149 2261//2261
f 2148//2148 2261//2261 2260//2260
f 2149//2149 2150//2150 2262//2262
f 2149//2149 2262//2262 2261//2261
f 2150//2150 2151//2151 2263//2263
f 2150//2150 2263//2263 2262//2262
f 2151//2151 2152//2152 2264//2264
f 2151//2151 2264//2264 2263//2263
f 2152//2152 2153//2153 2265//2265
f 2152//2152 2265//2265 2264//2264
f 2153//2153 2154//2154 2266//2266
f 2153//2153 2266//2266 2265//2265
f 2154//2154 2155//2155 2267//2267
f 2154//2154 2267//2267 2266//2266
f 2155//2155 2156//2156 2268//2268
f 2155//2155 2268//2268 2267//2267
f 2156//2156 2157//2157 2269//2269
f 2156//2156 2269//2269 2268//2268
f 2157//2157 2158//2158 2270//2270
f 2157//2157 2270//2270 2269//2269
f 2158//2158 2159//2159 2271//2271
f 2158//2158 2271//2271 2270//2270
f 2159//2159 2160//2160 2272//2272
f 2159//2159 2272//2272 2271//2271
f 2160//2160 2161//2161 2273//2273
f 2160//2160 2273//2273 2272//2272
f 2161//2161 2162//2162 2274//2274
f 2161//2161 2274//2274 2273//2273
f 2162//2162 2163//2163 2275//2275
f 2162//2162 2275//2275 2274//2274
f 2163//2163 2164//2164 2276//2276
f 2163//2163 2276//2276 2275//2275
f 2164//2164 2165//2165 2277//2277
f 2164//2164 2277//2277 2276//2276
f 2165//2165 2166//2166 2278//2278
f 2165//2165 2278//2278 2277//2277
f 2166//2166 2167//2167 2279//2279
f 2166//2166 2279//2279 2278//2278
f 2167//2167 2168//2168 2280//2280
f 2167//2167 2280//2280 2279//2279
f 2168//2168 2169//2169 2281//2281
f 2168//2168 2281//2281 2280//2280
f 2169//2169 2170//2170 2282//2282
f 2169//2169 2282//2282 2281//2281
f 2170//2170 2171//2171 2283//2283
f 2170//2170 2283//2283 2282//2282
f 2171//2171 2172//2172 2284//2284
f 2171//2171 2284//2284 2283//2283
f 2172//2172 2173//2173 2285//2285
f 2172//2172 2285//2285 2284//2284
f 2173//2173 2174//2174 2286//2286
f 2173//2173 2286//2286 2285//2285
f 2174//2174 2175//2175 2287//2287
f 2174//2174 2287//2287 2286//2286
f 2175//2175 2176//2176 2288//2288
f 2175//2175 2288//2288 2287//2287
f 2176//2176 2177//2177 2289//2289
f 2176//2176 2289//2289 2288//2288
f 2177//2177 2178//2178 2290//2290
f 2177//2177 2290//2290 2289//2289
f 2178//2178 2179//2179 2291//2291
f 2178//2178 2291//2291 2290//2290
f 2179//2179 2180//2180 2292//2292
f 2179//2179 2292//2292 2291//2291
f 2180//2180 2181//2181 2293//2293
f 2180//2180 2293//2293 2292//2292
f 2181//2181 2182//2182 2294//2294
f 2181//2181 2294//2294 2293//2293
f 2182//2182 2183//2183 2295//2295
f 2182//2182 2295//2295 2294//2294
f 2183//2183 2184//2184 2296//2296
f 2183//2183 2296//2296 2295//2295
f 2184//2184 2185//2185 2297//2297
f 2184//2184 2297//2297 2296//2296
f 2185//2185 2186//2186 2298//2298
f 2185//2185 2298//2298 2297//2297
f 2186//2186 2187//2187 2299//2299
f 2186//2186 2299//2299 2298//2298
f 2187//2187 2188//2188 2300//2300
f 2187//2187 2300//2300 2299//2299
f 2188//2188 2189//2189 2301//2301
f 2188//2188 2301//2301 2300//2300
f 2189//2189 2190//2190 2302//2302
f 2189//2189 2302//2302 2301//2301
f 2190//2190 2191//2191 2303//2303
f 2190//2190 2303//2303 2302//2302
f 2191//2191 2192//2192 2304//2304
f 2191//2191 2304//2304 2303//2303
f 2192//2192 2193//2193 2305//2305
f 2192//2192 2305//2305 2304//2304
f 2193//2193 2194//2194 2306//2306
f 2193//2193 2306//2306 2305//2305
f 2194//2194 2195//2195 2307//2307
f 2194//2194 2307//2307 2306//2306
f 2195//2195 2196//2196 2308//2308
f 2195//2195 2308//2308 2307//2307
f 2196//2196 2197//2197 2309//2309
f 2196//2196 2309//2309 2308//2308
f 2197//2197 2198//2198 2310//2310
f 2197//2197 2310//2310 2309//2309
f 2198//2198 2199//2199 2311//2311
f 2198//2198 2311//2311 2310//2310
f 2199//2199 2200//2200 2312//2312
f 2199//2199 2312//2312 2311//2311
f 2200//2200 2201//2201 2313//2313
f 2200//2200 2313//2313 2312//2312
f 2201//2201 2202//2202 2314//2314
f 2201//2201 2314//2314 2313//2313
f 2202//2202 2203//2203 2315//2315
f 2202//2202 2315//2315 2314//2314
f 2203//2203 2204//2204 2316//2316
f 2203//2203 2316//2316 2315//2315
f 2204//2204 2205//2205 2317//2317
f 2204//2204 2317//2317 2316//2316
f 2205//2205 2206//2206 2318//2318
f 2205//2205 2318//2318 2317//2317
f 2206//2206 2207//2207 2319//2319
f 2206//2206 2319//2319 2318//2318
f 2207//2207 2208//2208 2320//2320
f 2207//2207 2320//2320 2319//2319
f 2208//2208 2209//2209 2321//2321
f 2208//2208 2321//2321 2320//2320
f 2209//2209 2210//2210 2322//2322
f 2209//2209 2322//2322 2321//2321
f 2210//2210 2211//2211 2323//2323
f 2210//2210 2323//2323 2322//2322
f 2211//2211 2212//2212 2324//2324
f 2211//2211 2324//2324 2323//2323
f 2212//2212 2213//2213 2325//2325
f 2212//2212 2325//2325 2324//2324
f 2213//2213 2214//2214 2326//2326
f 2213//2213 2326//2326 2325//2325
f 2214//2214 2215//2215 2327//2327
f 2214//2214 2327//2327 2326//2326
f 2215//2215 2216//2216 2328//2328
f 2215//2215 2328//2328 2327//2327
f 2216//2216 2217//2217 2329//2329
f 2216//2216 2329//2329 2328//2328
f 2217//2217 2218//2218 2330//2330
f 2217//2217 2330//2330 2329//2329
f 2218//2218 2219//2219 2331//2331
f 2218//2218 2331//2331 2330//2330
f 2219//2219 2220//2220 2332//2332
f 2219//2219 2332//2332 2331//2331
f 2220//2220 2221//2221 2333//2333
f 2220//2220 2333//2333 2332//2332
f 2221//2221 2222//2222 2334//2334
f 2221//2221 2334//2334 2333//2333
f 2222//2222 2223//2223 2335//2335
f 2222//2222 2335//2335 2334//2334
f 2223//2223 2224//2224 2336//2336
f 2223//2223 2336//2336 2335//2335
f 2224//2224 2225//2225 2337//2337
f 2224//2224 2337//2337 2336//2336
f 2225//2225 2226//2226 2338//2338
f 2225//2225 2338//2338 2337//2337
f 2226//2226 2227//2227 2339//2339
f 2226//2226 2339//2339 2338//2338
f 2227//2227 2228//2228 2340//2340
f 2227//2227 2340//2340 2339//2339
f 2228//2228 2229//2229 2341//2341
f 2228//2228 2341//2341 2340//2340
f 2229//2229 2230//2230 2342//2342
f 2229//2229 2342//2342 2341//2341
f 2230//2230 2231//2231 2343//2343
f 2230//2230 2343//2343 2342//2342
f 2231//2231 2232//2232 2344//2344
f 2231//2231 2344//2344 2343//2343
f 2232//2232 2233//2233 2345//2345
f 2232//2232 2345//2345 2344//2344
f 2233//2233 2234//2234 2346//2346
f 2233//2233 2346//2346 2345//2345
f 2234//2234 2235//2235 2347//2347
f 2234//2234 2347//2347 2346//2346
f 2235//2235 2236//2236 2348//2348
f 2235//2235 2348//2348 2347//2347
f 2236//2236 2237//2237 2349//2349
f 2236//2236 2349//2349 2348//2348
f 2237//2237 2238//2238 2350//2350
f 2237//2237 2350//2350 2349//2349
f 2238//2238 2239//2239 2351//2351
f 2238//2238 2351//2351 2350//2350
f 2239//2239 2240//2240 2352//2352
f 2239//2239 2352//2352 2351//2351
f 2240//2240 2241//2241 2353//2353
f 2240//2240 2353//2353 2352//2352
f 2241//2241 2131//2131 2243//2243
f 2241//2241 2243//2243 2353//2353
f 2243//2243 2242//2242 2354//2354
f 2243//2243 2354//2354 2355//2355
f 2242//2242 2244//2244 2356//2356
f 2242//2242 2356//2356 2354//2354
f 2244//2244 2245//2245 2357//2357
f 2244//2244 2357//2357 2356//2356
f 2245//2245 2246//2246 2358//2358
f 2245//2245 2358//2358 2357//2357
f 2246//2246 2247//2247 2359//2359
f 2246//2246 2359//2359 2358//2358
f 2247//2247 2248//2248 2360//2360
f 2247//2247 2360//2360 2359//2359
f 2248//2248 2249//2249 2361//2361
f 2248//2248 2361//2361 2360//2360
f 2249//2249 2250//2250 2362//2362
f 2249//2249 2362//2362 2361//2361
f 2250//2250 2251//2251 2363//2363
f 2250//2250 2363//2363 2362//2362
f 2251//2251 2252//2252 2364//2364
f 2251//2251 2364//2364 2363//2363
f 2252//2252 2253//2253 2365//2365
f 2252//2252 2365//2365 2364//2364
f 2253//2253 2254//2254 2366//2366
f 2253//2253 2366//2366 2365//2365
f 2254//2254 2255//2255 2367//2367
f 2254//2254 2367//2367 2366//2366
f 2255//2255 2256//2256 2368//2368
f 2255//2255 2368//2368 2367//2367
f 2256//2256 2257//2257 2369//2369
f 2256//2256 2369//2369 2368//2368
f 2257//2257 2258//2258 2370//2370
f 2257//2257 2370//2370 2369//2369
f 2258//2258 2259//2259 2371//2371
f 2258//2258 2371//2371 2370//2370
f 2259//2259 2260//2260 2372//2372
f 2259//2259 2372//2372 2371//2371
f 2260//2260 2261//2261 2373//2373
f 2260//2260 2373//2373 2372//2372
f 2261//2261 2262//2262 2374//2374
f 2261//2261 2374//2374 2373//2373
f 2262//2262 2263//2263 2375//2375
f 2262//2262 2375//2375 2374//2374
f 2263//2263 2264//2264 2376//2376
f 2263//2263 2376//2376 2375//2375
f 2264//2264 2265//2265 2377//2377
f 2264//2264 2377//2377 2376//2376
f 2265//2265 2266//2266 2378//2378
f 2265//2265 2378//2378 2377//2377
f 2266//2266 2267//2267 2379//2379
f 2266//2266 2379//2379 2378//2378
f 2267//2267 2268//2268 2380//2380
f 2267//2267 2380//2380 2379//2379
f 2268//2268 2269//2269 2381//2381
f 2268//2268 2381//2381 2380//2380
f 2269//2269 2270//2270 2382//2382
f 2269//2269 2382//2382 2381//2381
f 2270//2270 2271//2271 2383//2383
f 2270//2270 2383//2383 2382//2382
f 2271//2271 2272//2272 2384//2384
f 2271//2271 2384//2384 2383//2383
f 2272//2272 2273//2273 2385//2385
f 2272//2272 2385//2385 2384//2384
f 2273//2273 2274//2274 2386//2386
f 2273//2273 2386//2386 2385//2385
f 2274//2274 2275//2275 2387//2387
f 2274//2274 2387//2387 2386//2386
f 2275//2275 2276//2276 2388//2388
f 2275//2275 2388//2388 2387//2387
f 2276//2276 2277//2277 2389//2389
f 2276//2276 2389//2389 2388//2388
f 2277//2277 2278//2278 2390//2390
f 2277//2277 2390//2390 2389//2389
f 2278//2278 2279//2279 2391//2391
f 2278//2278 2391//2391 2390//2390
f 2279//2279 2280//2280 2392//2392
f 2279//2279 2392//2392 2391//2391
f 2280//2280 2281//2281 2393//2393
f 2280//2280 2393//2393 2392//2392
f 2281//2281 2282//2282 2394//2394
f 2281//2281 2394//2394 2393//2393
f 2282//2282 2283//2283 2395//2395
f 2282//2282 2395//2395 2394//2394
f 2283//2283 2284//2284 2396//2396
f 2283//2283 2396//2396 2395//2395
f 2284//2284 2285//2285 2397//2397
f 2284//2284 2397//2397 2396//2396
f 2285//2285 2286//2286 2398//2398
f 2285//2285 2398//2398 2397//2397
f 2286//2286 2287//2287 2399//2399
f 2286//2286 2399//2399 2398//2398
f 2287//2287 2288//2288 2400//2400
f 2287//2287 2400//2400 2399//2399
f 2288//2288 2289//2289 2401//2401
f 2288//2288 2401//2401 2400//2400
f 2289//2289 2290//2290 2402//2402
f 2289//2289 2402//2402 2401//2401
f 2290//2290 2291//2291 2403//2403
f 2290//2290 2403//2403 2402//2402
f 2291//2291 2292//2292 2404//2404
f 2291//2291 2404//2404 2403//2403
f 2292//2292 2293//2293 2405//2405
f 2292//2292 2405//2405 2404//2404
f 2293//2293 2294//2294 2406//2406
f 2293//2293 2406//2406 2405//2405
f 2294//2294 2295//2295 2407//2407
f 2294//2294 2407//2407 2406//2406
f 2295//2295 2296//2296 2408//2408
f 2295//2295 2408//2408 2407//2407
f 2296//2296 2297//2297 2409//2409
f 2296//2296 2409//2409 2408//2408
f 2297//2297 2298//2298 2410//2410
f 2297//2297 2410//2410 2409//2409
f 2298//2298 2299//2299 2411//2411
f 2298//2298 2411//2411 2410//2410
f 2299//2299 2300//2300 2412//2412
f 2299//2299 2412//2412 2411//2411
f 2300//2300 2301//2301 2413//2413
f 2300//2300 2413//2413 2412//2412
f 2301//2301 2302//2302 2414//2414
f 2301//2301 2414//2414 2413//2413
f 2302//2302 2303//2303 2415//2415
f 2302//2302 2415//2415 2414//2414
f 2303//2303 2304//2304 2416//2416
f 2303//2303 2416//2416 2415//2415
f 2304//2304 2305//2305 2417//2417
f 2304//2304 2417//2417 2416//2416
f 2305//2305 2306//2306 2418//2418
f 2305//2305 2418//2418 2417//2417
f 2306//2306 2307//2307 2419//2419
f 2306//2306 2419//2419 2418//2418
f 2307//2307 2308//2308 2420//2420
f 2307//2307 2420//2420 2419//2419
f 2308//2308 2309//2309 2421//2421
f 2308//2308 2421//2421 2420//2420
f 2309//2309 2310//2310 2422//2422
f 2309//2309 2422//2422 2421//2421
f 2310//2310 2311//2311 2423//2423
f 2310//2310 2423//2423 2422//2422
f 2311//2311 2312//2312 2424//2424
f 2311//2311 2424//2424 2423//2423
f 2312//2312 2313//2313 2425//2425
f 2312//2312 2425//2425 2424//2424
f 2313//2313 2314//2314 2426//2426
f 2313//2313 2426//2426 2425//2425
f 2314//2314 2315//2315 2427//2427
f 2314//2314 2427//2427 2426//2426
f 2315//2315 2316//2316 2428//2428
f 2315//2315 2428//2428 2427//2427
f 2316//2316 2317//2317 2429//2429
f 2316//2316 2429//2429 2428//2428
f 2317//2317 2318//2318 2430//2430
f 2317//2317 2430//2430 2429//2429
f 2318//2318 2319//2319 2431//2431
f 2318//2318 2431//2431 2430//2430
f 2319//2319 2320//2320 2432//2432
f 2319//2319 2432//2432 2431//2431
f 2320//2320 2321//2321 2433//2433
f 2320//2320 2433//2433 2432//2432
f 2321//2321 2322//2322 2434//2434
f 2321//2321 2434//2434 2433//2433
f 2322//2322 2323//2323 2435//2435
f 2322//2322 2435//2435 2434//2434
f 2323//2323 2324//2324 2436//2436
f 2323//2323 2436//2436 2435//2435
f 2324//2324 2325//2325 2437//2437
f 2324//2324 2437//2437 2436//2436
f 2325//2325 2326//2326 2438//2438
f 2325//2325 2438//2438 2437//2437
f 2326//2326 2327//2327 2439//2439
f 2326//2326 2439//2439 2438//2438
f 2327//2327 2328//2328 2440//2440
f 2327//2327 2440//2440 2439//2439
f 2328//2328 2329//2329 2441//2441
f 2328//2328 2441//2441 2440//2440
f 2329//2329 2330//2330 2442//2442
f 2329//2329 2442//2442 2441//2441
f 2330//2330 2331//2331 2443//2443
f 2330//2330 2443//2443 2442//2442
f 2331//2331 2332//2332 2444//2444
f 2331//2331 2444//2444 2443//2443
f 2332//2332 2333//2333 2445//2445
f 2332//2332 2445//2445 2444//2444
f 2333//2333 2334//2334 2446//2446
f 2333//2333 2446//2446 2445//2445
f 2334//2334 2335//2335 2447//2447
f 2334//2334 2447//2447 2446//2446
f 2335//2335 2336//2336 2448//2448
f 2335//2335 2448//2448 2447//2447
f 2336//2336 2337//2337 2449//2449
f 2336//2336 2449//2449 2448//2448
f 2337//2337 2338//2338 2450//2450
f 2337//2337 2450//2450 2449//2449
f 2338//2338 2339//2339 2451//2451
f 2338//2338 2451//2451 2450//2450
f 2339//2339 2340//2340 2452//2452
f 2339//2339 2452//2452 2451//2451
f 2340//2340 2341//2341 2453//2453
f 2340//2340 2453//2453 2452//2452
f 2341//2341 2342//2342 2454//2454
f 2341//2341 2454//2454 2453//2453
f 2342//2342 2343//2343 2455//2455
f 2342//2342 2455//2455 2454//2454
f 2343//2343 2344//2344 2456//2456
f 2343//2343 2456//2456 2455//2455
f 2344//2344 2345//2345 2457//2457
f 2344//2344 2457//2457 2456//2456
f 2345//2345 2346//2346 2458//2458
f 2345//2345 2458//2458 2457//2457
f 2346//2346 2347//2347 2459//2459
f 2346//2346 2459//2459 2458//2458
f 2347//2347 2348//2348 2460//2460
f 2347//2347 2460//2460 2459//2459
f 2348//2348 2349//2349 2461//2461
f 2348//2348 2461//2461 2460//2460
f 2349//2349 2350//2350 2462//2462
f 2349//2349 2462//2462 2461//2461
f 2350//2350 2351//2351 2463//2463
f 2350//2350 2463//2463 2462//2462
f 2351//2351 2352//2352 2464//2464
f 2351//2351 2464//2464 2463//2463
f 2352//2352 2353//2353 2465//2465
f 2352//2352 2465//2465 2464//2464
f 2353//2353 2243//2243 2355//2355
f 2353//2353 2355//2355 2465//2465
f 2355//2355 2354//2354 2466//2466
f 2355//2355 2466//2466 2467//2467
f 2354//2354 2356//2356 2468//2468
f 2354//2354 2468//2468 2466//2466
f 2356//2356 2357//2357 2469//2469
f 2356//2356 2469//2469 2468//2468
f 2357//2357 2358//2358 2470//2470
f 2357//2357 2470//2470 2469//2469
f 2358//2358 2359//2359 2471//2471
f 2358//2358 2471//2471 2470//2470
f 2359//2359 2360//2360 2472//2472
f 2359//2359 2472//2472 2471//2471
f 2360//2360 2361//2361 2473//2473
f 2360//2360 2473//2473 2472//2472
f 2361//2361 2362//2362 2474//2474
f 2361//2361 2474//2474 2473//2473
f 2362//2362 2363//2363 2475//2475
f 2362//2362 2475//2475 2474//2474
f 2363//2363 2364//2364 2476//2476
f 2363//2363 2476//2476 2475//2475
f 2364//2364 2365//2365 2477//2477
f 2364//2364 2477//2477 2476//2476
f 2365//2365 2366//2366 2478//2478
f 2365//2365 2478//2478 2477//2477
f 2366//2366 2367//2367 2479//2479
f 2366//2366 2479//2479 2478//2478
f 2367//2367 2368//2368 2480//2480
f 2367//2367 2480//2480 2479//2479
f 2368//2368 2369//2369 2481//2481
f 2368//2368 2481//2481 2480//2480
f 2369//2369 2370//2370 2482//2482
f 2369//2369 2482//2482 2481//2481
f 2370//2370 2371//2371 2483//2483
f 2370//2370 2483//2483 2482//2482
f 2371//2371 2372//2372 2484//2484
f 2371//2371 2484//2484 2483//2483
f 2372//2372 2373//2373 2485//2485
f 2372//2372 2485//2485 2484//2484
f 2373//2373 2374//2374 2486//2486
f 2373//2373 2486//2486 2485//2485
f 2374//2374 2375//2375 2487//2487
f 2374//2374 2487//2487 2486//2486
f 2375//2375 2376//2376 2488//2488
f 2375//2375 2488//2488 2487//2487
f 2376//2376 2377//2377 2489//2489
f 2376//2376 2489//2489 2488//2488
f 2377//2377 2378//2378 2490//2490
f 2377//2377 2490//2490 2489//2489
f 2378//2378 2379//2379 2491//2491
f 2378//2378 2491//2491 2490//2490
f 2379//2379 2380//2380 2492//2492
f 2379//2379 2492//2492 2491//2491
f 2380//2380 2381//2381 2493//2493
f 2380//2380 2493//2493 2492//2492
f 2381//2381 2382//2382 2494//2494
f 2381//2381 2494//2494 2493//2493
f 2382//2382 2383//2383 2495//2495
f 2382//2382 2495//2495 2494//2494
f 2383//2383 2384//2384 2496//2496
f 2383//2383 2496//2496 2495//2495
f 2384//2384 2385//2385 2497//2497
f 2384//2384 2497//2497 2496//2496
f 2385//2385 2386//2386 2498//2498
f 2385//2385 2498//2498 2497//2497
f 2386//2386 2387//2387 2499//2499
f 2386//2386 2499//2499 2498//2498
f 2387//2387 2388//2388 2500//2500
f 2387//2387 2500//2500 2499//2499
f 2388//2388 2389//2389 2501//2501
f 2388//2388 2501//2501 2500//2500
f 2389//2389 2390//2390 2502//2502
f 2389//2389 2502//2502 2501//2501
f 2390//2390 2391//2391 2503//2503
f 2390//2390 2503//2503 2502//2502
f 2391//2391 2392//2392 2504//2504
f 2391//2391 2504//2504 2503//2503
f 2392//2392 2393//2393 2505//2505
f 2392//2392 2505//2505 2504//2504
f 2393//2393 2394//2394 2506//2506
f 2393//2393 2506//2506 2505//2505
f 2394//2394 2395//2395 2507//2507
f 2394//2394 2507//2507 2506//2506
f 2395//2395 2396//2396 2508//2508
f 2395//2395 2508//2508 2507//2507
f 2396//2396 2397//2397 2509//2509
f 2396//2396 2509//2509 2508//2508
f 2397//2397 2398//2398 2510//2510
f 2397//2397 2510//2510 2509//2509
f 2398//2398 2399//2399 2511//2511
f 2398//2398 2511//2511 2510//2510
f 2399//2399 2400//2400 2512//2512
f 2399//2399 2512//2512 2511//2511
f 2400//2400 2401//2401 2513//2513
f 2400//2400 2513//2513 2512//2512
f 2401//2401 2402//2402 2514//2514
f 2401//2401 2514//2514 2513//2513
f 2402//2402 2403//2403 2515//2515
f 2402//2402 2515//2515 2514//2514
f 2403//2403 2404//2404 2516//2516
f 2403//2403 2516//2516 2515//2515
f 2404//2404 2405//2405 2517//2517
f 2404//2404 2517//2517 2516//2516
f 2405//2405 2406//2406 2518//2518
f 2405//2405 2518//2518 2517//2517
f 2406//2406 2407//2407 2519//2519
f 2406//2406 2519//2519 2518//2518
f 2407//2407 2408//2408 2520//2520
f 2407//2407 2520//2520 2519//2519
f 2408//2408 2409//2409 2521//2521
f 2408//2408 2521//2521 2520//2520
f 2409//2409 2410//2410 2522//2522
f 2409//2409 2522//2522 2521//2521
f 2410//2410 2411//2411 2523//2523
f 2410//2410 2523//2523 2522//2522
f 2411//2411 2412//2412 2524//2524
f 2411//2411 2524//2524 2523//2523
f 2412//2412 2413//2413 2525//2525
f 2412//2412 2525//2525 2524//2524
f 2413//2413 2414//2414 2526//2526
f 2413//2413 2526//2526 2525//2525
f 2414//2414 2415//2415 2527//2527
f 2414//2414 2527//2527 2526//2526
f 2415//2415 2416//2416 2528//2528
f 2415//2415 2528//2528 2527//2527
f 2416//2416 2417//2417 2529//2529
f 2416//2416 2529//2529 2528//2528
f 2417//2417 2418//2418 2530//2530
f 2417//2417 2530//2530 2529//2529
f 2418//2418 2419//2419 2531//2531
f 2418//2418 2531//2531 2530//2530
f 2419//2419 2420//2420 2532//2532
f 2419//2419 2532//2532 2531//2531
f 2420//2420 2421//2421 2533//2533
f 2420//2420 2533//2533 2532//2532
f 2421//2421 2422//2422 2534//2534
f 2421//2421 2534//2534 2533//2533
f 2422//2422 2423//2423 2535//2535
f 2422//2422 2535//2535 2534//2534
f 2423//2423 2424//2424 2536//2536
f 2423//2423 2536//2536 2535//2535
f 2424//2424 2425//2425 2537//2537
f 2424//2424 2537//2537 2536//2536
f 2425//2425 2426//2426 2538//2538
f 2425//2425 2538//2538 2537//2537
f 2426//2426 2427//2427 2539//2539
f 2426//2426 2539//2539 2538//2538
f 2427//2427 2428//2428 2540//2540
f 2427//2427 2540//2540 2539//2539
f 2428//2428 2429//2429 2541//2541
f 2428//2428 2541//2541 2540//2540
f 2429//2429 2430//2430 2542//2542
f 2429//2429 2542//2542 2541//2541
f 2430//2430 2431//2431 2543//2543
f 2430//2430 2543//2543 2542//2542
f 2431//2431 2432//2432 2544//2544
f 2431//2431 2544//2544 2543//2543
f 2432//2432 2433//2433 2545//2545
f 2432//2432 2545//2545 2544//2544
f 2433//2433 2434//2434 2546//2546
f 2433//2433 2546//2546 2545//2545
f 2434//2434 2435//2435 2547//2547
f 2434//2434 2547//2547 2546//2546
f 2435//2435 2436//2436 2548//2548
f 2435//2435 2548//2548 2547//2547
f 2436//2436 2437//2437 2549//2549
f 2436//2436 2549//2549 2548//2548
f 2437//2437 2438//2438 2550//2550
f 2437//2437 2550//2550 2549//2549
f 2438//2438 2439//2439 2551//2551
f 2438//2438 2551//2551 2550//2550
f 2439//2439 2440//2440 2552//2552
f 2439//2439 2552//2552 2551//2551
f 2440//2440 2441//2441 2553//2553
f 2440//2440 2553//2553 2552//2552
f 2441//2441 2442//2442 2554//2554
f 2441//2441 2554//2554 2553//2553
f 2442//2442 2443//2443 2555//2555
f 2442//2442 2555//2555 2554//2554
f 2443//2443 2444//2444 2556//2556
f 2443//2443 2556//2556 2555//2555
f 2444//2444 2445//2445 2557//2557
f 2444//2444 2557//2557 2556//2556
f 2445//2445 2446//2446 2558//2558
f 2445//2445 2558//2558 2557//2557
f 2446//2446 2447//2447 2559//2559
f 2446//2446 2559//2559 2558//2558
f 2447//2447 2448//2448 2560//2560
f 2447//2447 2560//2560 2559//2559
f 2448//2448 2449//2449 2561//2561
f 2448//2448 2561//2561 2560//2560
f 2449//2449 2450//2450 2562//2562
f 2449//2449 2562//2562 2561//2561
f 2450//2450 2451//2451 2563//2563
f 2450//2450 2563//2563 2562//2562
f 2451//2451 2452//2452 2564//2564
f 2451//2451 2564//2564 2563//2563
f 2452//2452 2453//2453 2565//2565
f 2452//2452 2565//2565 2564//2564
f 2453//2453 2454//2454 2566//2566
f 2453//2453 2566//2566 2565//2565
f 2454//2454 2455//2455 2567//2567
f 2454//2454 2567//2567 2566//2566
f 2455//2455 2456//2456 2568//2568
f 2455//2455 2568//2568 2567//2567
f 2456//2456 2457//2457 2569//2569
f 2456//2456 2569//2569 2568//2568
f 2457//2457 2458//2458 2570//2570
f 2457//2457 2570//2570 2569//2569
f 2458//2458 2459//2459 2571//2571
f 2458//2458 2571//2571 2570//2570
f 2459//2459 2460//2460 2572//2572
f 2459//2459 2572//2572 2571//2571
f 2460//2460 2461//2461 2573//2573
f 2460//2460 2573//2573 2572//2572
f 2461//2461 2462//2462 2574//2574
f 2461//2461 2574//2574 2573//2573
f 2462//2462 2463//2463 2575//2575
f 2462//2462 2575//2575 2574//2574
f 2463//2463 2464//2464 2576//2576
f 2463//2463 2576//2576 2575//2575
f 2464//2464 2465//2465 2577//2577
f 2464//2464 2577//2577 2576//2576
f 2465//2465 2355//2355 2467//2467
f 2465//2465 2467//2467 2577//2577
f 2467//2467 2466//2466 2578//2578
f 2467//2467 2578//2578 2579//2579
f 2466//2466 2468//2468 2580//2580
f 2466//2466 2580//2580 2578//2578
f 2468//2468 2469//2469 2581//2581
f 2468//2468 2581//2581 2580//2580
f 2469//2469 2470//2470 2582//2582
f 2469//2469 2582//2582 2581//2581
f 2470//2470 2471//2471 2583//2583
f 2470//2470 2583//2583 2582//2582
f 2471//2471 2472//2472 2584//2584
f 2471//2471 2584//2584 2583//2583
f 2472//2472 2473//2473 2585//2585
f 2472//2472 2585//2585 2584//2584
f 2473//2473 2474//2474 2586//2586
f 2473//2473 2586//2586 2585//2585
f 2474//2474 2475//2475 2587//2587
f 2474//2474 2587//2587 2586//2586
f 2475//2475 2476//2476 2588//2588
f 2475//2475 2588//2588 2587//2587
f 2476//2476 2477//2477 2589//2589
f 2476//2476 2589//2589 2588//2588
f 2477//2477 2478//2478 2590//2590
f 2477//2477 2590//2590 2589//2589
f 2478//2478 2479//2479 2591//2591
f 2478//2478 2591//2591 2590//2590
f 2479//2479 2480//2480 2592//2592
f 2479//2479 2592//2592 2591//2591
f 2480//2480 2481//2481 2593//2593
f 2480//2480 2593//2593 2592//2592
f 2481//2481 2482//2482 2594//2594
f 2481//2481 2594//2594 2593//2593
f 2482//2482 2483//2483 2595//2595
f 2482//2482 2595//2595 2594//2594
f 2483//2483 2484//2484 2596//2596
f 2483//2483 2596//2596 2595//2595
f 2484//2484 2485//2485 2597//2597
f 2484//2484 2597//2597 2596//2596
f 2485//2485 2486//2486 2598//2598
f 2485//2485 2598//2598 2597//2597
f 2486//2486 2487//2487 2599//2599
f 2486//2486 2599//2599 2598//2598
f 2487//2487 2488//2488 2600//2600
f 2487//2487 2600//2600 2599//2599
f 2488//2488 2489//2489 2601//2601
f 2488//2488 2601//2601 2600//2600
f 2489//2489 2490//2490 2602//2602
f 2489//2489 2602//2602 2601//2601
f 2490//2490 2491//2491 2603//2603
f 2490//2490 2603//2603 2602//2602
f 2491//2491 2492//2492 2604//2604
f 2491//2491 2604//2604 2603//2603
f 2492//2492 2493//2493 2605//2605
f 2492//2492 2605//2605 2604//2604
f 2493//2493 2494//2494 2606//2606
f 2493//2493 2606//2606 2605//2605
f 2494//2494 2495//2495 2607//2607
f 2494//2494 2607//2607 2606//2606
f 2495//2495 2496//2496 2608//2608
f 2495//2495 2608//2608 2607//2607
f 2496//2496 2497//2497 2609//2609
f 2496//2496 2609//2609 2608//2608
f 2497//2497 2498//2498 2610//2610
f 2497//2497 2610//2610 2609//2609
f 2498//2498 2499//2499 2611//2611
f 2498//2498 2611//2611 2610//2610
f 2499//2499 2500//2500 2612//2612
f 2499//2499 2612//2612 2611//2611
f 2500//2500 2501//2501 2613//2613
f 2500//2500 2613//2613 2612//2612
f 2501//2501 2502//2502 2614//2614
f 2501//2501 2614//2614 2613//2613
f 2502//2502 2503//2503 2615//2615
f 2502//2502 2615//2615 2614//2614
f 2503//2503 2504//2504 2616//2616
f 2503//2503 2616//2616 2615//2615
f 2504//2504 2505//2505 2617//2617
f 2504//2504 2617//2617 2616//2616
f 2505//2505 2506//2506 2618//2618
f 2505//2505 2618//2618 2617//2617
f 2506//2506 2507//2507 2619//2619
f 2506//2506 2619//2619 2618//2618
f 2507//2507 2508//2508 2620//2620
f 2507//2507 2620//2620 2619//2619
f 2508//2508 2509//2509 2621//2621
f 2508//2508 2621//2621 2620//2620
f 2509//2509 2510//2510 2622//2622
f 2509//2509 2622//2622 2621//2621
f 2510//2510 2511//2511 2623//2623
f 2510//2510 2623//2623 2622//2622
f 2511//2511 2512//2512 2624//2624
f 2511//2511 2624//2624 2623//2623
f 2512//2512 2513//2513 2625//2625
f 2512//2512 2625//2625 2624//2624
f 2513//2513 2514//2514 2626//2626
f 2513//2513 2626//2626 2625//2625
f 2514//2514 2515//2515 2627//2627
f 2514//2514 2627//2627 2626//2626
f 2515//2515 2516//2516 2628//2628
f 2515//2515 2628//2628 2627//2627
f 2516//2516 2517//2517 2629//2629
f 2516//2516 2629//2629 2628//2628
f 2517//2517 2518//2518 2630//2630
f 2517//2517 2630//2630 2629//2629
f 2518//2518 2519//2519 2631//2631
f 2518//2518 2631//2631 2630//2630
f 2519//2519 2520//2520 2632//2632
f 2519//2519 2632//2632 2631//2631
f 2520//2520 2521//2521 2633//2633
f 2520//2520 2633//2633 2632//2632
f 2521//2521 2522//2522 2634//2634
f 2521//2521 2634//2634 2633//2633
f 2522//2522 2523//2523 2635//2635
f 2522//2522 2635//2635 2634//2634
f 2523//2523 2524//2524 2636//2636
f 2523//2523 2636//2636 2635//2635
f 2524//2524 2525//2525 2637//2637
f 2524//2524 2637//2637 2636//2636
f 2525//2525 2526//2526 2638//2638
f 2525//2525 2638//2638 2637//2637
f 2526//2526 2527//2527 2639//2639
f 2526//2526 2639//2639 2638//2638
f 2527//2527 2528//2528 2640//2640
f 2527//2527 2640//2640 2639//2639
f 2528//2528 2529//2529 2641//2641
f 2528//2528 2641//2641 2640//2640
f 2529//2529 2530//2530 2642//2642
f 2529//2529 2642//2642 2641//2641
f 2530//2530 2531//2531 2643//2643
f 2530//2530 2643//2643 2642//2642
f 2531//2531 2532//2532 2644//2644
f 2531//2531 2644//2644 2643//2643
f 2532//2532 2533//2533 2645//2645
f 2532//2532 2645//2645 2644//2644
f 2533//2533 2534//2534 2646//2646
f 2533//2533 2646//2646 2645//2645
f 2534//2534 2535//2535 2647//2647
f 2534//2534 2647//2647 2646//2646
f 2535//2535 2536//2536 2648//2648
f 2535//2535 2648//2648 2647//2647
f 2536//2536 2537//2537 2649//2649
f 2536//2536 2649//2649 2648//2648
f 2537//2537 2538//2538 2650//2650
f 2537//2537 2650//2650 2649//2649
f 2538//2538 2539//2539 2651//2651
f 2538//2538 2651//2651 2650//2650
f 2539//2539 2540//2540 2652//2652
f 2539//2539 2652//2652 2651//2651
f 2540//2540 2541//2541 2653//2653
f 2540//2540 2653//2653 2652//2652
f 2541//2541 2542//2542 2654//2654
f 2541//2541 2654//2654 2653//2653
f 2542//2542 2543//2543 2655//2655
f 2542//2542 2655//2655 2654//2654
f 2543//2543 2544//2544 2656//2656
f 2543//2543 2656//2656 2655//2655
f 2544//2544 2545//2545 2657//2657
f 2544//2544 2657//2657 2656//2656
f 2545//2545 2546//2546 2658//2658
f 2545//2545 2658//2658 2657//2657
f 2546//2546 2547//2547 2659//2659
f 2546//2546 2659//2659 2658//2658
f 2547//2547 2548//2548 2660//2660
f 2547//2547 2660//2660 2659//2659
f 2548//2548 2549//2549 2661//2661
f 2548//2548 2661//2661 2660//2660
f 2549//2549 2550//2550 2662//2662
f 2549//2549 2662//2662 2661//2661
f 2550//2550 2551//2551 2663//2663
f 2550//2550 2663//2663 2662//2662
f 2551//2551 2552//2552 2664//2664
f 2551//2551 2664//2664 2663//2663
f 2552//2552 2553//2553 2665//2665
f 2552//2552 2665//2665 2664//2664
f 2553//2553 2554//2554 2666//2666
f 2553//2553 2666//2666 2665//2665
f 2554//2554 2555//2555 2667//2667
f 2554//2554 2667//2667 2666//2666
f 2555//2555 2556//2556 2668//2668
f 2555//2555 2668//2668 2667//2667
f 2556//2556 2557//2557 2669//2669
f 2556//2556 2669//2669 2668//2668
f 2557//2557 2558//2558 2670//2670
f 2557//2557 2670//2670 2669//2669
f 2558//2558 2559//2559 2671//2671
f 2558//2558 2671//2671 2670//2670
f 2559//2559 2560//2560 2672//2672
f 2559//2559 2672//2672 2671//2671
f 2560//2560 2561//2561 2673//2673
f 2560//2560 2673//2673 2672//2672
f 2561//2561 2562//2562 2674//2674
f 2561//2561 2674//2674 2673//2673
f 2562//2562 2563//2563 2675//2675
f 2562//2562 2675//2675 2674//2674
f 2563//2563 2564//2564 2676//2676
f 2563//2563 2676//2676 2675//2675
f 2564//2564 2565//2565 2677//2677
f 2564//2564 2677//2677 2676//2676
f 2565//2565 2566//2566 2678//2678
f 2565//2565 2678//2678 2677//2677
f 2566//2566 2567//2567 2679//2679
f 2566//2566 2679//2679 2678//2678
f 2567//2567 2568//2568 2680//2680
f 2567//2567 2680//2680 2679//2679
f 2568//2568 2569//2569 2681//2681
f 2568//2568 2681//2681 2680//2680
f 2569//2569 2570//2570 2682//2682
f 2569//2569 2682//2682 2681//2681
f 2570//2570 2571//2571 2683//2683
f 2570//2570 2683//2683 2682//2682
f 2571//2571 2572//2572 2684//2684
f 2571//2571 2684//2684 2683//2683
f 2572//2572 2573//2573 2685//2685
f 2572//2572 2685//2685 2684//2684
f 2573//2573 2574//2574 2686//2686
f 2573//2573 2686//2686 2685//2685
f 2574//2574 2575//2575 2687//2687
f 2574//2574 2687//2687 2686//2686
f 2575//2575 2576//2576 2688//2688
f 2575//2575 2688//2688 2687//2687
f 2576//2576 2577//2577 2689//2689
f 2576//2576 2689//2689 2688//2688
f 2577//2577 2467//2467 2579//2579
f 2577//2577 2579//2579 2689//2689
f 2579//2579 2578//2578 2690//2690
f 2579//2579 2690//2690 2691//2691
f 2578//2578 2580//2580 2692//2692
f 2578//2578 2692//2692 2690//2690
f 2580//2580 2581//2581 2693//2693
f 2580//2580 2693//2693 2692//2692
f 2581//2581 2582//2582 2694//2694
f 2581//2581 2694//2694 2693//2693
f 2582//2582 2583//2583 2695//2695
f 2582//2582 2695//2695 2694//2694
f 2583//2583 2584//2584 2696//2696
f 2583//2583 2696//2696 2695//2695
f 2584//2584 2585//2585 2697//2697
f 2584//2584 2697//2697 2696//2696
f 2585//2585 2586//2586 2698//2698
f 2585//2585 2698//2698 2697//2697
f 2586//2586 2587//2587 2699//2699
f 2586//2586 2699//2699 2698//2698
f 2587//2587 2588//2588 2700//2700
f 2587//2587 2700//2700 2699//2699
f 2588//2588 2589//2589 2701//2701
f 2588//2588 2701//2701 2700//2700
f 2589//2589 2590//2590 2702//2702
f 2589//2589 2702//2702 2701//2701
f 2590//2590 2591//2591 2703//2703
f 2590//2590 2703//2703 2702//2702
f 2591//2591 2592//2592 2704//2704
f 2591//2591 2704//2704 2703//2703
f 2592//2592 2593//2593 2705//2705
f 2592//2592 2705//2705 2704//2704
f 2593//2593 2594//2594 2706//2706
f 2593//2593 2706//2706 2705//2705
f 2594//2594 2595//2595 2707//2707
f 2594//2594 2707//2707 2706//2706
f 2595//2595 2596//2596 2708//2708
f 2595//2595 2708//2708 2707//2707
f 2596//2596 2597//2597 2709//2709
f 2596//2596 2709//2709 2708//2708
f 2597//2597 2598//2598 2710//2710
f 2597//2597 2710//2710 2709//2709
f 2598//2598 2599//2599 2711//2711
f 2598//2598 2711//2711 2710//2710
f 2599//2599 2600//2600 2712//2712
f 2599//2599 2712//2712 2711//2711
f 2600//2600 2601//2601 2713//2713
f 2600//2600 2713//2713 2712//2712
f 2601//2601 2602//2602 2714//2714
f 2601//2601 2714//2714 2713//2713
f 2602//2602 2603//2603 2715//2715
f 2602//2602 2715//2715 2714//2714
f 2603//2603 2604//2604 2716//2716
f 2603//2603 2716//2716 2715//2715
f 2604//2604 2605//2605 2717//2717
f 2604//2604 2717//2717 2716//2716
f 2605//2605 2606//2606 2718//2718
f 2605//2605 2718//2718 2717//2717
f 2606//2606 2607//2607 2719//2719
f 2606//2606 2719//2719 2718//2718
f 2607//2607 2608//2608 2720//2720
f 2607//2607 2720//2720 2719//2719
f 2608//2608 2609//2609 2721//2721
f 2608//2608 2721//2721 2720//2720
f 2609//2609 2610//2610 2722//2722
f 2609//2609 2722//2722 2721//2721
f 2610//2610 2611//2611 2723//2723
f 2610//2610 2723//2723 2722//2722
f 2611//2611 2612//2612 2724//2724
f 2611//2611 2724//2724 2723//2723
f 2612//2612 2613//2613 2725//2725
f 2612//2612 2725//2725 2724//2724
f 2613//2613 2614//2614 2726//2726
f 2613//2613 2726//2726 2725//2725
f 2614//2614 2615//2615 2727//2727
f 2614//2614 2727//2727 2726//2726
f 2615//2615 2616//2616 2728//2728
f 2615//2615 2728//2728 2727//2727
f 2616//2616 2617//2617 2729//2729
f 2616//2616 2729//2729 2728//2728
f 2617//2617 2618//2618 2730//2730
f 2617//2617 2730//2730 2729//2729
f 2618//2618 2619//2619 2731//2731
f 2618//2618 2731//2731 2730//2730
f 2619//2619 2620//2620 2732//2732
f 2619//2619 2732//2732 2731//2731
f 2620//2620 2621//2621 2733//2733
f 2620//2620 2733//2733 2732//2732
f 2621//2621 2622//2622 2734//2734
f 2621//2621 2734//2734 2733//2733
f 2622//2622 2623//2623 2735//2735
f 2622//2622 2735//2735 2734//2734
f 2623//2623 2624//2624 2736//2736
f 2623//2623 2736//2736 2735//2735
f 2624//2624 2625//2625 2737//2737
f 2624//2624 2737//2737 2736//2736
f 2625//2625 2626//2626 2738//2738
f 2625//2625 2738//2738 2737//2737
f 2626//2626 2627//2627 2739//2739
f 2626//2626 2739//2739 2738//2738
f 2627//2627 2628//2628 2740//2740
f 2627//2627 2740//2740 2739//2739
f 2628//2628 2629//2629 2741//2741
f 2628//2628 2741//2741 2740//2740
f 2629//2629 2630//2630 2742//2742
f 2629//2629 2742//2742 2741//2741
f 2630//2630 2631//2631 2743//2743
f 2630//2630 2743//2743 2742//2742
f 2631//2631 2632//2632 2744//2744
f 2631//2631 2744//2744 2743//2743
f 2632//2632 2633//2633 2745//2745
f 2632//2632 2745//2745 2744//2744
f 2633//2633 2634//2634 2746//2746
f 2633//2633 2746//2746 2745//2745
f 2634//2634 2635//2635 2747//2747
f 2634//2634 2747//2747 2746//2746
f 2635//2635 2636//2636 2748//2748
f 2635//2635 2748//2748 2747//2747
f 2636//2636 2637//2637 2749//2749
f 2636//2636 2749//2749 2748//2748
f 2637//2637 2638//2638 2750//2750
f 2637//2637 2750//2750 2749//2749
f 2638//2638 2639//2639 2751//2751
f 2638//2638 2751//2751 2750//2750
f 2639//2639 2640//2640 2752//2752
f 2639//2639 2752//2752 2751//2751
f 2640//2640 2641//2641 2753//2753
f 2640//2640 2753//2753 2752//2752
f 2641//2641 2642//2642 2754//2754
f 2641//2641 2754//2754 2753//2753
f 2642//2642 2643//2643 2755//2755
f 2642//2642 2755//2755 2754//2754
f 2643//2643 2644//2644 2756//2756
f 2643//2643 2756//2756 2755//2755
f 2644//2644 2645//2645 2757//2757
f 2644//2644 2757//2757 2756//2756
f 2645//2645 2646//2646 2758//2758
f 2645//2645 2758//2758 2757//2757
f 2646//2646 2647//2647 2759//2759
f 2646//2646 2759//2759 2758//2758
f 2647//2647 2648//2648 2760//2760
f 2647//2647 2760//2760 2759//2759
f 2648//2648 2649//2649 2761//2761
f 2648//2648 2761//2761 2760//2760
f 2649//2649 2650//2650 2762//2762
f 2649//2649 2762//2762 2761//2761
f 2650//2650 2651//2651 2763//2763
f 2650//2650 2763//2763 2762//2762
f 2651//2651 2652//2652 2764//2764
f 2651//2651 2764//2764 2763//2763
f 2652//2652 2653//2653 2765//2765
f 2652//2652 2765//2765 2764//2764
f 2653//2653 2654//2654 2766//2766
f 2653//2653 2766//2766 2765//2765
f 2654//2654 2655//2655 2767//2767
f 2654//2654 2767//2767 2766//2766
f 2655//2655 2656//2656 2768//2768
f 2655//2655 2768//2768 2767//2767
f 2656//2656 2657//2657 2769//2769
f 2656//2656 2769//2769 2768//2768
f 2657//2657 2658//2658 2770//2770
f 2657//2657 2770//2770 2769//2769
f 2658//2658 2659//2659 2771//2771
f 2658//2658 2771//2771 2770//2770
f 2659//2659 2660//2660 2772//2772
f 2659//2659 2772//2772 2771//2771
f 2660//2660 2661//2661 2773//2773
f 2660//2660 2773//2773 2772//2772
f 2661//2661 2662//2662 2774//2774
f 2661//2661 2774//2774 2773//2773
f 2662//2662 2663//2663 2775//2775
f 2662//2662 2775//2775 2774//2774
f 2663//2663 2664//2664 2776//2776
f 2663//2663 2776//2776 2775//2775
f 2664//2664 2665//2665 2777//2777
f 2664//2664 2777//2777 2776//2776
f 2665//2665 2666//2666 2778//2778
f 2665//2665 2778//2778 2777//2777
f 2666//2666 2667//2667 2779//2779
f 2666//2666 2779//2779 2778//2778
f 2667//2667 2668//2668 2780//2780
f 2667//2667 2780//2780 2779//2779
f 2668//2668 2669//2669 2781//2781
f 2668//2668 2781//2781 2780//2780
f 2669//2669 2670//2670 2782//2782
f 2669//2669 2782//2782 2781//2781
f 2670//2670 2671//2671 2783//2783
f 2670//2670 2783//2783 2782//2782
f 2671//2671 2672//2672 2784//2784
f 2671//2671 2784//2784 2783//2783
f 2672//2672 2673//2673 2785//2785
f 2672//2672 2785//2785 2784//2784
f 2673//2673 2674//2674 2786//2786
f 2673//2673 2786//2786 2785//2785
f 2674//2674 2675//2675 2787//2787
f 2674//2674 2787//2787 2786//2786
f 2675//2675 2676//2676 2788//2788
f 2675//2675 2788//2788 2787//2787
f 2676//2676 2677//2677 2789//2789
f 2676//2676 2789//2789 2788//2788
f 2677//2677 2678//2678 2790//2790
f 2677//2677 2790//2790 2789//2789
f 2678//2678 2679//2679 2791//2791
f 2678//2678 2791//2791 2790//2790
f 2679//2679 2680//2680 2792//2792
f 2679//2679 2792//2792 2791//2791
f 2680//2680 2681//2681 2793//2793
f 2680//2680 2793//2793 2792//2792
f 2681//2681 2682//2682 2794//2794
f 2681//2681 2794//2794 2793//2793
f 2682//2682 2683//2683 2795//2795
f 2682//2682 2795//2795 2794//2794
f 2683//2683 2684//2684 2796//2796
f 2683//2683 2796//2796 2795//2795
f 2684//2684 2685//2685 2797//2797
f 2684//2684 2797//2797 2796//2796
f 2685//2685 2686//2686 2798//2798
f 2685//2685 2798//2798 2797//2797
f 2686//2686 2687//2687 2799//2799
f 2686//2686 2799//2799 2798//2798
f 2687//2687 2688//2688 2800//2800
f 2687//2687 2800//2800 2799//2799
f 2688//2688 2689//2689 2801//2801
f 2688//2688 2801//2801 2800//2800
f 2689//2689 2579//2579 2691//2691
f 2689//2689 2691//2691 2801//2801
f 2691//2691 2690//2690 2802//2802
f 2691//2691 2802//2802 2803//2803
f 2690//2690 2692//2692 2804//2804
f 2690//2690 2804//2804 2802//2802
f 2692//2692 2693//2693 2805//2805
f 2692//2692 2805//2805 2804//2804
f 2693//2693 2694//2694 2806//2806
f 2693//2693 2806//2806 2805//2805
f 2694//2694 2695//2695 2807//2807
f 2694//2694 2807//2807 2806//2806
f 2695//2695 2696//2696 2808//2808
f 2695//2695 2808//2808 2807//2807
f 2696//2696 2697//2697 2809//2809
f 2696//2696 2809//2809 2808//2808
f 2697//2697 2698//2698 2810//2810
f 2697//2697 2810//2810 2809//2809
f 2698//2698 2699//2699 2811//2811
f 2698//2698 2811//2811 2810//2810
f 2699//2699 2700//2700 2812//2812
f 2699//2699 2812//2812 2811//2811
f 2700//2700 2701//2701 2813//2813
f 2700//2700 2813//2813 2812//2812
f 2701//2701 2702//2702 2814//2814
f 2701//2701 2814//2814 2813//2813
f 2702//2702 2703//2703 2815//2815
f 2702//2702 2815//2815 2814//2814
f 2703//2703 2704//2704 2816//2816
f 2703//2703 2816//2816 2815//2815
f 2704//2704 2705//2705 2817//2817
f 2704//2704 2817//2817 2816//2816
f 2705//2705 2706//2706 2818//2818
f 2705//2705 2818//2818 2817//2817
f 2706//2706 2707//2707 2819//2819
f 2706//2706 2819//2819 2818//2818
f 2707//2707 2708//2708 2820//2820
f 2707//2707 2820//2820 2819//2819
f 2708//2708 2709//2709 2821//2821
f 2708//2708 2821//2821 2820//2820
f 2709//2709 2710//2710 2822//2822
f 2709//2709 2822//2822 2821//2821
f 2710//2710 2711//2711 2823//2823
f 2710//2710 2823//2823 2822//2822
f 2711//2711 2712//2712 2824//2824
f 2711//2711 2824//2824 2823//2823
f 2712//2712 2713//2713 2825//2825
f 2712//2712 2825//2825 2824//2824
f 2713//2713 2714//2714 2826//2826
f 2713//2713 2826//2826 2825//2825
f 2714//2714 2715//2715 2827//2827
f 2714//2714 2827//2827 2826//2826
f 2715//2715 2716//2716 2828//2828
f 2715//2715 2828//2828 2827//2827
f 2716//2716 2717//2717 2829//2829
f 2716//2716 2829//2829 2828//2828
f 2717//2717 2718//2718 2830//2830
f 2717//2717 2830//2830 2829//2829
f 2718//2718 2719//2719 2831//2831
f 2718//2718 2831//2831 2830//2830
f 2719//2719 2720//2720 2832//2832
f 2719//2719 2832//2832 2831//2831
f 2720//2720 2721//2721 2833//2833
f 2720//2720 2833//2833 2832//2832
f 2721//2721 2722//2722 2834//2834
f 2721//2721 2834//2834 2833//2833
f 2722//2722 2723//2723 2835//2835
f 2722//2722 2835//2835 2834//2834
f 2723//2723 2724//2724 2836//2836
f 2723//2723 2836//2836 2835//2835
f 2724//2724 2725//2725 2837//2837
f 2724//2724 2837//2837 2836//2836
f 2725//2725 2726//2726 2838//2838
f 2725//2725 2838//2838 2837//2837
f 2726//2726 2727//2727 2839//2839
f 2726//2726 2839//2839 2838//2838
f 2727//2727 2728//2728 2840//2840
f 2727//2727 2840//2840 2839//2839
f 2728//2728 2729//2729 2841//2841
f 2728//2728 2841//2841 2840//2840
f 2729//2729 2730//2730 2842//2842
f 2729//2729 2842//2842 2841//2841
f 2730//2730 2731//2731 2843//2843
f 2730//2730 2843//2843 2842//2842
f 2731//2731 2732//2732 2844//2844
f 2731//2731 2844//2844 2843//2843
f 2732//2732 2733//2733 2845//2845
f 2732//2732 2845//2845 2844//2844
f 2733//2733 2734//2734 2846//2846
f 2733//2733 2846//2846 2845//2845
f 2734//2734 2735//2735 2847//2847
f 2734//2734 2847//2847 2846//2846
f 2735//2735 2736//2736 2848//2848
f 2735//2735 2848//2848 2847//2847
f 2736//2736 2737//2737 2849//2849
f 2736//2736 2849//2849 2848//2848
f 2737//2737 2738//2738 2850//2850
f 2737//2737 2850//2850 2849//2849
f 2738//2738 2739//2739 2851//2851
f 2738//2738 2851//2851 2850//2850
f 2739//2739 2740//2740 2852//2852
f 2739//2739 2852//2852 2851//2851
f 2740//2740 2741//2741 2853//2853
f 2740//2740 2853//2853 2852//2852
f 2741//2741 2742//2742 2854//2854
f 2741//2741 2854//2854 2853//2853
f 2742//2742 2743//2743 2855//2855
f 2742//2742 2855//2855 2854//2854
f 2743//2743 2744//2744 2856//2856
f 2743//2743 2856//2856 2855//2855
f 2744//2744 2745//2745 2857//2857
f 2744//2744 2857//2857 2856//2856
f 2745//2745 2746//2746 2858//2858
f 2745//2745 2858//2858 2857//2857
f 2746//2746 2747//2747 2859//2859
f 2746//2746 2859//2859 2858//2858
f 2747//2747 2748//2748 2860//2860
f 2747//2747 2860//2860 2859//2859
f 2748//2748 2749//2749 2861//2861
f 2748//2748 2861//2861 2860//2860
f 2749//2749 2750//2750 2862//2862
f 2749//2749 2862//2862 2861//2861
f 2750//2750 2751//2751 2863//2863
f 2750//2750 2863//2863 2862//2862
f 2751//2751 2752//2752 2864//2864
f 2751//2751 2864//2864 2863//2863
f 2752//2752 2753//2753 2865//2865
f 2752//2752 2865//2865 2864//2864
f 2753//2753 2754//2754 2866//2866
f 2753//2753 2866//2866 2865//2865
f 2754//2754 2755//2755 2867//2867
f 2754//2754 2867//2867 2866//2866
f 2755//2755 2756//2756 2868//2868
f 2755//2755 2868//2868 2867//2867
f 2756//2756 2757//2757 2869//2869
f 2756//2756 2869//2869 2868//2868
f 2757//2757 2758//2758 2870//2870
f 2757//2757 2870//2870 2869//2869
f 2758//2758 2759//2759 2871//2871
f 2758//2758 2871//2871 2870//2870
f 2759//2759 2760//2760 2872//2872
f 2759//2759 2872//2872 2871//2871
f 2760//2760 2761//2761 2873//2873
f 2760//2760 2873//2873 2872//2872
f 2761//2761 2762//2762 2874//2874
f 2761//2761 2874//2874 2873//2873
f 2762//2762 2763//2763 2875//2875
f 2762//2762 2875//2875 2874//2874
f 2763//2763 2764//2764 2876//2876
f 2763//2763 2876//2876 2875//2875
f 2764//2764 2765//2765 2877//2877
f 2764//2764 2877//2877 2876//2876
f 2765//2765 2766//2766 2878//2878
f 2765//2765 2878//2878 2877//2877
f 2766//2766 2767//2767 2879//2879
f 2766//2766 2879//2879 2878//2878
f 2767//2767 2768//2768 2880//2880
f 2767//2767 2880//2880 2879//2879
f 2768//2768 2769//2769 2881//2881
f 2768//2768 2881//2881 2880//2880
f 2769//2769 2770//2770 2882//2882
f 2769//2769 2882//2882 2881//2881
f 2770//2770 2771//2771 2883//2883
f 2770//2770 2883//2883 2882//2882
f 2771//2771 2772//2772 2884//2884
f 2771//2771 2884//2884 2883//2883
f 2772//2772 2773//2773 2885//2885
f 2772//2772 2885//2885 2884//2884
f 2773//2773 2774//2774 2886//2886
f 2773//2773 2886//2886 2885//2885
f 2774//2774 2775//2775 2887//2887
f 2774//2774 2887//2887 2886//2886
f 2775//2775 2776//2776 2888//2888
f 2775//2775 2888//2888 2887//2887
f 2776//2776 2777//2777 2889//2889
f 2776//2776 2889//2889 2888//2888
f 2777//2777 2778//2778 2890//2890
f 2777//2777 2890//2890 2889//2889
f 2778//2778 2779//2779 2891//2891
f 2778//2778 2891//2891 2890//2890
f 2779//2779 2780//2780 2892//2892
f 2779//2779 2892//2892 2891//2891
f 2780//2780 2781//2781 2893//2893
f 2780//2780 2893//2893 2892//2892
f 2781//2781 2782//2782 2894//2894
f 2781//2781 2894//2894 2893//2893
f 2782//2782 2783//2783 2895//2895
f 2782//2782 2895//2895 2894//2894
f 2783//2783 2784//2784 2896//2896
f 2783//2783 2896//2896 2895//2895
f 2784//2784 2785//2785 2897//2897
f 2784//2784 2897//2897 2896//2896
f 2785//2785 2786//2786 2898//2898
f 2785//2785 2898//2898 2897//2897
f 2786//2786 2787//2787 2899//2899
f 2786//2786 2899//2899 2898//2898
f 2787//2787 2788//2788 2900//2900
f 2787//2787 2900//2900 2899//2899
f 2788//2788 2789//2789 2901//2901
f 2788//2788 2901//2901 2900//2900
f 2789//2789 2790//2790 2902//2902
f 2789//2789 2902//2902 2901//2901
f 2790//2790 2791//2791 2903//2903
f 2790//2790 2903//2903 2902//2902
f 2791//2791 2792//2792 2904//2904
f 2791//2791 2904//2904 2903//2903
f 2792//2792 2793//2793 2905//2905
f 2792//2792 2905//2905 2904//2904
f 2793//2793 2794//2794 2906//2906
f 2793//2793 2906//2906 2905//2905
f 2794//2794 2795//2795 2907//2907
f 2794//2794 2907//2907 2906//2906
f 2795//2795 2796//2796 2908//2908
f 2795//2795 2908//2908 2907//2907
f 2796//2796 2797//2797 2909//2909
f 2796//2796 2909//2909 2908//2908
f 2797//2797 2798//2798 2910//2910
f 2797//2797 2910//2910 2909//2909
f 2798//2798 2799//2799 2911//2911
f 2798//2798 2911//2911 2910//2910
f 2799//2799 2800//2800 2912//2912
f 2799//2799 2912//2912 2911//2911
f 2800//2800 2801//2801 2913//2913
f 2800//2800 2913//2913 2912//2912
f 2801//2801 2691//2691 2803//2803
f 2801//2801 2803//2803 2913//2913
f 2803//2803 2802//2802 2914//2914
f 2803//2803 2914//2914 2915//2915
f 2802//2802 2804//2804 2916//2916
f 2802//2802 2916//2916 2914//2914
f 2804//2804 2805//2805 2917//2917
f 2804//2804 2917//2917 2916//2916
f 2805//2805 2806//2806 2918//2918
f 2805//2805 2918//2918 2917//2917
f 2806//2806 2807//2807 2919//2919
f 2806//2806 2919//2919 2918//2918
f 2807//2807 2808//2808 2920//2920
f 2807//2807 2920//2920 2919//2919
f 2808//2808 2809//2809 2921//2921
f 2808//2808 2921//2921 2920//2920
f 2809//2809 2810//2810 2922//2922
f 2809//2809 2922//2922 2921//2921
f 2810//2810 2811//2811 2923//2923
f 2810//2810 2923//2923 2922//2922
f 2811//2811 2812//2812 2924//2924
f 2811//2811 2924//2924 2923//2923
f 2812//2812 2813//2813 2925//2925
f 2812//2812 2925//2925 2924//2924
f 2813//2813 2814//2814 2926//2926
f 2813//2813 2926//2926 2925//2925
f 2814//2814 2815//2815 2927//2927
f 2814//2814 2927//2927 2926//2926
f 2815//2815 2816//2816 2928//2928
f 2815//2815 2928//2928 2927//2927
f 2816//2816 2817//2817 2929//2929
f 2816//2816 2929//2929 2928//2928
f 2817//2817 2818//2818 2930//2930
f 2817//2817 2930//2930 2929//2929
f 2818//2818 2819//2819 2931//2931
f 2818//2818 2931//2931 2930//2930
f 2819//2819 2820//2820 2932//2932
f 2819//2819 2932//2932 2931//2931
f 2820//2820 2821//2821 2933//2933
f 2820//2820 2933//2933 2932//2932
f 2821//2821 2822//2822 2934//2934
f 2821//2821 2934//2934 2933//2933
f 2822//2822 2823//2823 2935//2935
f 2822//2822 2935//2935 2934//2934
f 2823//2823 2824//2824 2936//2936
f 2823//2823 2936//2936 2935//2935
f 2824//2824 2825//2825 2937//2937
f 2824//2824 2937//2937 2936//2936
f 2825//2825 2826//2826 2938//2938
f 2825//2825 2938//2938 2937//2937
f 2826//2826 2827//2827 2939//2939
f 2826//2826 2939//2939 2938//2938
f 2827//2827 2828//2828 2940//2940
f 2827//2827 2940//2940 2939//2939
f 2828//2828 2829//2829 2941//2941
f 2828//2828 2941//2941 2940//2940
f 2829//2829 2830//2830 2942//2942
f 2829//2829 2942//2942 2941//2941
f 2830//2830 2831//2831 2943//2943
f 2830//2830 2943//2943 2942//2942
f 2831//2831 2832//2832 2944//2944
f 2831//2831 2944//2944 2943//2943
f 2832//2832 2833//2833 2945//2945
f 2832//2832 2945//2945 2944//2944
f 2833//2833 2834//2834 2946//2946
f 2833//2833 2946//2946 2945//2945
f 2834//2834 2835//2835 2947//2947
f 2834//2834 2947//2947 2946//2946
f 2835//2835 2836//2836 2948//2948
f 2835//2835 2948//2948 2947//2947
f 2836//2836 2837//2837 2949//2949
f 2836//2836 2949//2949 2948//2948
f 2837//2837 2838//2838 2950//2950
f 2837//2837 2950//2950 2949//2949
f 2838//2838 2839//2839 2951//2951
f 2838//2838 2951//2951 2950//2950
f 2839//2839 2840//2840 2952//2952
f 2839//2839 2952//2952 2951//2951
f 2840//2840 2841//2841 2953//2953
f 2840//2840 2953//2953 2952//2952
f 2841//2841 2842//2842 2954//2954
f 2841//2841 2954//2954 2953//2953
f 2842//2842 2843//2843 2955//2955
f 2842//2842 2955//2955 2954//2954
f 2843//2843 2844//2844 2956//2956
f 2843//2843 2956//2956 2955//2955
f 2844//2844 2845//2845 2957//2957
f 2844//2844 2957//2957 2956//2956
f 2845//2845 2846//2846 2958//2958
f 2845//2845 2958//2958 2957//2957
f 2846//2846 2847//2847 2959//2959
f 2846//2846 2959//2959 2958//2958
f 2847//2847 2848//2848 2960//2960
f 2847//2847 2960//2960 2959//2959
f 2848//2848 2849//2849 2961//2961
f 2848//2848 2961//2961 2960//2960
f 2849//2849 2850//2850 2962//2962
f 2849//2849 2962//2962 2961//2961
f 2850//2850 2851//2851 2963//2963
f 2850//2850 2963//2963 2962//2962
f 2851//2851 2852//2852 2964//2964
f 2851//2851 2964//2964 2963//2963
f 2852//2852 2853//2853 2965//2965
f 2852//2852 2965//2965 2964//2964
f 2853//2853 2854//2854 2966//2966
f 2853//2853 2966//2966 2965//2965
f 2854//2854 2855//2855 2967//2967
f 2854//2854 2967//2967 2966//2966
f 2855//2855 2856//2856 2968//2968
f 2855//2855 2968//2968 2967//2967
f 2856//2856 2857//2857 2969//2969
f 2856//2856 2969//2969 2968//2968
f 2857//2857 2858//2858 2970//2970
f 2857//2857 2970//2970 2969//2969
f 2858//2858 2859//2859 2971//2971
f 2858//2858 2971//2971 2970//2970
f 2859//2859 2860//2860 2972//2972
f 2859//2859 2972//2972 2971//2971
f 2860//2860 2861//2861 2973//2973
f 2860//2860 2973//2973 2972//2972
f 2861//2861 2862//2862 2974//2974
f 2861//2861 2974//2974 2973//2973
f 2862//2862 2863//2863 2975//2975
f 2862//2862 2975//2975 2974//2974
f 2863//2863 2864//2864 2976//2976
f 2863//2863 2976//2976 2975//2975
f 2864//2864 2865//2865 2977//2977
f 2864//2864 2977//2977 2976//2976
f 2865//2865 2866//2866 2978//2978
f 2865//2865 2978//2978 2977//2977
f 2866//2866 2867//2867 2979//2979
f 2866//2866 2979//2979 2978//2978
f 2867//2867 2868//2868 2980//2980
f 2867//2867 2980//2980 2979//2979
f 2868//2868 2869//2869 2981//2981
f 2868//2868 2981//2981 2980//2980
f 2869//2869 2870//2870 2982//2982
f 2869//2869 2982//2982 2981//2981
f 2870//2870 2871//2871 2983//2983
f 2870//2870 2983//2983 2982//2982
f 2871//2871 2872//2872 2984//2984
f 2871//2871 2984//2984 2983//2983
f 2872//2872 2873//2873 2985//2985
f 2872//2872 2985//2985 2984//2984
f 2873//2873 2874//2874 2986//2986
f 2873//2873 2986//2986 2985//2985
f 2874//2874 2875//2875 2987//2987
f 2874//2874 2987//2987 2986//2986
f 2875//2875 2876//2876 2988//2988
f 2875//2875 2988//2988 2987//2987
f 2876//2876 2877//2877 2989//2989
f 2876//2876 2989//2989 2988//2988
f 2877//2877 2878//2878 2990//2990
f 2877//2877 2990//2990 2989//2989
f 2878//2878 2879//2879 2991//2991
f 2878//2878 2991//2991 2990//2990
f 2879//2879 2880//2880 2992//2992
f 2879//2879 2992//2992 2991//2991
f 2880//2880 2881//2881 2993//2993
f 2880//2880 2993//2993 2992//2992
f 2881//2881 2882//2882 2994//2994
f 2881//2881 2994//2994 2993//2993
f 2882//2882 2883//2883 2995//2995
f 2882//2882 2995//2995 2994//2994
f 2883//2883 2884//2884 2996//2996
f 2883//2883 2996//2996 2995//2995
f 2884//2884 2885//2885 2997//2997
f 2884//2884 2997//2997 2996//2996
f 2885//2885 2886//2886 2998//2998
f 2885//2885 2998//2998 2997//2997
f 2886//2886 2887//2887 2999//2999
f 2886//2886 2999//2999 2998//2998
f 2887//2887 2888//2888 3000//3000
f 2887//2887 3000//3000 2999//2999
f 2888//2888 2889//2889 3001//3001
f 2888//2888 3001//3001 3000//3000
f 2889//2889 2890//2890 3002//3002
f 2889//2889 3002//3002 3001//3001
f 2890//2890 2891//2891 3003//3003
f 2890//2890 3003//3003 3002//3002
f 2891//2891 2892//2892 3004//3004
f 2891//2891 3004//3004 3003//3003
f 2892//2892 2893//2893 3005//3005
f 2892//2892 3005//3005 3004//3004
f 2893//2893 2894//2894 3006//3006
f 2893//2893 3006//3006 3005//3005
f 2894//2894 2895//2895 3007//3007
f 2894//2894 3007//3007 3006//3006
f 2895//2895 2896//2896 3008//3008
f 2895//2895 3008//3008 3007//3007
f 2896//2896 2897//2897 3009//3009
f 2896//2896 3009//3009 3008//3008
f 2897//2897 2898//2898 3010//3010
f 2897//2897 3010//3010 3009//3009
f 2898//2898 2899//2899 3011//3011
f 2898//2898 3011//3011 3010//3010
f 2899//2899 2900//2900 3012//3012
f 2899//2899 3012//3012 3011//3011
f 2900//2900 2901//2901 3013//3013
f 2900//2900 3013//3013 3012//3012
f 2901//2901 2902//2902 3014//3014
f 2901//2901 3014//3014 3013//3013
f 2902//2902 2903//2903 3015//3015
f 2902//2902 3015//3015 3014//3014
f 2903//2903 2904//2904 3016//3016
f 2903//2903 3016//3016 3015//3015
f 2904//2904 2905//2905 3017//3017
f 2904//2904 3017//3017 3016//3016
f 2905//2905 2906//2906 3018//3018
f 2905//2905 3018//3018 3017//3017
f 2906//2906 2907//2907 3019//3019
f 2906//2906 3019//3019 3018//3018
f 2907//2907 2908//2908 3020//3020
f 2907//2907 3020//3020 3019//3019
f 2908//2908 2909//2909 3021//3021
f 2908//2908 3021//3021 3020//3020
f 2909//2909 2910//2910 3022//3022
f 2909//2909 3022//3022 3021//3021
f 2910//2910 2911//2911 3023//3023
f 2910//2910 3023//3023 3022//3022
f 2911//2911 2912//2912 3024//3024
f 2911//2911 3024//3024 3023//3023
f 2912//2912 2913//2913 3025//3025
f 2912//2912 3025//3025 3024//3024
f 2913//2913 2803//2803 2915//2915
f 2913//2913 2915//2915 3025//3025
f 2915//2915 2914//2914 3026//3026
f 2915//2915 3026//3026 3027//3027
f 2914//2914 2916//2916 3028//3028
f 2914//2914 3028//3028 3026//3026
f 2916//2916 2917//2917 3029//3029
f 2916//2916 3029//3029 3028//3028
f 2917//2917 2918//2918 3030//3030
f 2917//2917 3030//3030 3029//3029
f 2918//2918 2919//2919 3031//3031
f 2918//2918 3031//3031 3030//3030
f 2919//2919 2920//2920 3032//3032
f 2919//2919 3032//3032 3031//3031
f 2920//2920 2921//2921 3033//3033
f 2920//2920 3033//3033 3032//3032
f 2921//2921 2922//2922 3034//3034
f 2921//2921 3034//3034 3033//3033
f 2922//2922 2923//2923 3035//3035
f 2922//2922 3035//3035 3034//3034
f 2923//2923 2924//2924 3036//3036
f 2923//2923 3036//3036 3035//3035
f 2924//2924 2925//2925 3037//3037
f 2924//2924 3037//3037 3036//3036
f 2925//2925 2926//2926 3038//3038
f 2925//2925 3038//3038 3037//3037
f 2926//2926 2927//2927 3039//3039
f 2926//2926 3039//3039 3038//3038
f 2927//2927 2928//2928 3040//3040
f 2927//2927 3040//3040 3039//3039
f 2928//2928 2929//2929 3041//3041
f 2928//2928 3041//3041 3040//3040
f 2929//2929 2930//2930 3042//3042
f 2929//2929 3042//3042 3041//3041
f 2930//2930 2931//2931 3043//3043
f 2930//2930 3043//3043 3042//3042
f 2931//2931 2932//2932 3044//3044
f 2931//2931 3044//3044 3043//3043
f 2932//2932 2933//2933 3045//3045
f 2932//2932 3045//3045 3044//3044
f 2933//2933 2934//2934 3046//3046
f 2933//2933 3046//3046 3045//3045
f 2934//2934 2935//2935 3047//3047
f 2934//2934 3047//3047 3046//3046
f 2935//2935 2936//2936 3048//3048
f 2935//2935 3048//3048 3047//3047
f 2936//2936 2937//2937 3049//3049
f 2936//2936 3049//3049 3048//3048
f 2937//2937 2938//2938 3050//3050
f 2937//2937 3050//3050 3049//3049
f 2938//2938 2939//2939 3051//3051
f 2938//2938 3051//3051 3050//3050
f 2939//2939 2940//2940 3052//3052
f 2939//2939 3052//3052 3051//3051
f 2940//2940 2941//2941 3053//3053
f 2940//2940 3053//3053 3052//3052
f 2941//2941 2942//2942 3054//3054
f 2941//2941 3054//3054 3053//3053
f 2942//2942 2943//2943 3055//3055
f 2942//2942 3055//3055 3054//3054
f 2943//2943 2944//2944 3056//3056
f 2943//2943 3056//3056 3055//3055
f 2944//2944 2945//2945 3057//3057
f 2944//2944 3057//3057 3056//3056
f 2945//2945 2946//2946 3058//3058
f 2945//2945 3058//3058 3057//3057
f 2946//2946 2947//2947 3059//3059
f 2946//2946 3059//3059 3058//3058
f 2947//2947 2948//2948 3060//3060
f 2947//2947 3060//3060 3059//3059
f 2948//2948 2949//2949 3061//3061
f 2948//2948 3061//3061 3060//3060
f 2949//2949 2950//2950 3062//3062
f 2949//2949 3062//3062 3061//3061
f 2950//2950 2951//2951 3063//3063
f 2950//2950 3063//3063 3062//3062
f 2951//2951 2952//2952 3064//3064
f 2951//2951 3064//3064 3063//3063
f 2952//2952 2953//2953 3065//3065
f 2952//2952 3065//3065 3064//3064
f 2953//2953 2954//2954 3066//3066
f 2953//2953 3066//3066 3065//3065
f 2954//2954 2955//2955 3067//3067
f 2954//2954 3067//3067 3066//3066
f 2955//2955 2956//2956 3068//3068
f 2955//2955 3068//3068 3067//3067
f 2956//2956 2957//2957 3069//3069
f 2956//2956 3069//3069 3068//3068
f 2957//2957 2958//2958 3070//3070
f 2957//2957 3070//3070 3069//3069
f 2958//2958 2959//2959 3071//3071
f 2958//2958 3071//3071 3070//3070
f 2959//2959 2960//2960 3072//3072
f 2959//2959 3072//3072 3071//3071
f 2960//2960 2961//2961 3073//3073
f 2960//2960 3073//3073 3072//3072
f 2961//2961 2962//2962 3074//3074
f 2961//2961 3074//3074 3073//3073
f 2962//2962 2963//2963 3075//3075
f 2962//2962 3075//3075 3074//3074
f 2963//2963 2964//2964 3076//3076
f 2963//2963 3076//3076 3075//3075
f 2964//2964 2965//2965 3077//3077
f 2964//2964 3077//3077 3076//3076
f 2965//2965 2966//2966 3078//3078
f 2965//2965 3078//3078 3077//3077
f 2966//2966 2967//2967 3079//3079
f 2966//2966 3079//3079 3078//3078
f 2967//2967 2968//2968 3080//3080
f 2967//2967 3080//3080 3079//3079
f 2968//2968 2969//2969 3081//3081
f 2968//2968 3081//3081 3080//3080
f 2969//2969 2970//2970 3082//3082
f 2969//2969 3082//3082 3081//3081
f 2970//2970 2971//2971 3083//3083
f 2970//2970 3083//3083 3082//3082
f 2971//2971 2972//2972 3084//3084
f 2971//2971 3084//3084 3083//3083
f 2972//2972 2973//2973 3085//3085
f 2972//2972 3085//3085 3084//3084
f 2973//2973 2974//2974 3086//3086
f 2973//2973 3086//3086 3085//3085
f 2974//2974 2975//2975 3087//3087
f 2974//2974 3087//3087 3086//3086
f 2975//2975 2976//2976 3088//3088
f 2975//2975 3088//3088 3087//3087
f 2976//2976 2977//2977 3089//3089
f 2976//2976 3089//3089 3088//3088
f 2977//2977 2978//2978 3090//3090
f 2977//2977 3090//3090 3089//3089
f 2978//2978 2979//2979 3091//3091
f 2978//2978 3091//3091 3090//3090
f 2979//2979 2980//2980 3092//3092
f 2979//2979 3092//3092 3091//3091
f 2980//2980 2981//2981 3093//3093
f 2980//2980 3093//3093 3092//3092
f 2981//2981 2982//2982 3094//3094
f 2981//2981 3094//3094 3093//3093
f 2982//2982 2983//2983 3095//3095
f 2982//2982 3095//3095 3094//3094
f 2983//2983 2984//2984 3096//3096
f 2983//2983 3096//3096 3095//3095
f 2984//2984 2985//2985 3097//3097
f 2984//2984 3097//3097 3096//3096
f 2985//2985 2986//2986 3098//3098
f 2985//2985 3098//3098 3097//3097
f 2986//2986 2987//2987 3099//3099
f 2986//2986 3099//3099 3098//3098
f 2987//2987 2988//2988 3100//3100
f 2987//2987 3100//3100 3099//3099
f 2988//2988 2989//2989 3101//3101
f 2988//2988 3101//3101 3100//3100
f 2989//2989 2990//2990 3102//3102
f 2989//2989 3102//3102 3101//3101
f 2990//2990 2991//2991 3103//3103
f 2990//2990 3103//3103 3102//3102
f 2991//2991 2992//2992 3104//3104
f 2991//2991 3104//3104 3103//3103
f 2992//2992 2993//2993 3105//3105
f 2992//2992 3105//3105 3104//3104
f 2993//2993 2994//2994 3106//3106
f 2993//2993 3106//3106 3105//3105
f 2994//2994 2995//2995 3107//3107
f 2994//2994 3107//3107 3106//3106
f 2995//2995 2996//2996 3108//3108
f 2995//2995 3108//3108 3107//3107
f 2996//2996 2997//2997 3109//3109
f 2996//2996 3109//3109 3108//3108
f 2997//2997 2998//2998 3110//3110
f 2997//2997 3110//3110 3109//3109
f 2998//2998 2999//2999 3111//3111
f 2998//2998 3111//3111 3110//3110
f 2999//2999 3000//3000 3112//3112
f 2999//2999 3112//3112 3111//3111
f 3000//3000 3001//3001 3113//3113
f 3000//3000 3113//3113 3112//3112
f 3001//3001 3002//3002 3114//3114
f 3001//3001 3114//3114 3113//3113
f 3002//3002 3003//3003 3115//3115
f 3002//3002 3115//3115 3114//3114
f 3003//3003 3004//3004 3116//3116
f 3003//3003 3116//3116 3115//3115
f 3004//3004 3005//3005 3117//3117
f 3004//3004 3117//3117 3116//3116
f 3005//3005 3006//3006 3118//3118
f 3005//3005 3118//3118 3117//3117
f 3006//3006 3007//3007 3119//3119
f 3006//3006 3119//3119 3118//3118
f 3007//3007 3008//3008 3120//3120
f 3007//3007 3120//3120 3119//3119
f 3008//3008 3009//3009 3121//3121
f 3008//3008 3121//3121 3120//3120
f 3009//3009 3010//3010 3122//3122
f 3009//3009 3122//3122 3121//3121
f 3010//3010 3011//3011 3123//3123
f 3010//3010 3123//3123 3122//3122
f 3011//3011 3012//3012 3124//3124
f 3011//3011 3124//3124 3123//3123
f 3012//3012 3013//3013 3125//3125
f 3012//3012 3125//3125 3124//3124
f 3013//3013 3014//3014 3126//3126
f 3013//3013 3126//3126 3125//3125
f 3014//3014 3015//3015 3127//3127
f 3014//3014 3127//3127 3126//3126
f 3015//3015 3016//3016 3128//3128
f 3015//3015 3128//3128 3127//3127
f 3016//3016 3017//3017 3129//3129
f 3016//3016 3129//3129 3128//3128
f 3017//3017 3018//3018 3130//3130
f 3017//3017 3130//3130 3129//3129
f 3018//3018 3019//3019 3131//3131
f 3018//3018 3131//3131 3130//3130
f 3019//3019 3020//3020 3132//3132
f 3019//3019 3132//3132 3131//3131
f 3020//3020 3021//3021 3133//3133
f 3020//3020 3133//3133 3132//3132
f 3021//3021 3022//3022 3134//3134
f 3021//3021 3134//3134 3133//3133
f 3022//3022 3023//3023 3135//3135
f 3022//3022 3135//3135 3134//3134
f 3023//3023 3024//3024 3136//3136
f 3023//3023 3136//3136 3135//3135
f 3024//3024 3025//3025 3137//3137
f 3024//3024 3137//3137 3136//3136
f 3025//3025 2915//2915 3027//3027
f 3025//3025 3027//3027 3137//3137
f 3027//3027 3026//3026 3138//3138
f 3027//3027 3138//3138 3139//3139
f 3026//3026 3028//3028 3140//3140
f 3026//3026 3140//3140 3138//3138
f 3028//3028 3029//3029 3141//3141
f 3028//3028 3141//3141 3140//3140
f 3029//3029 3030//3030 3142//3142
f 3029//3029 3142//3142 3141//3141
f 3030//3030 3031//3031 3143//3143
f 3030//3030 3143//3143 3142//3142
f 3031//3031 3032//3032 3144//3144
f 3031//3031 3144//3144 3143//3143
f 3032//3032 3033//3033 3145//3145
f 3032//3032 3145//3145 3144//3144
f 3033//3033 3034//3034 3146//3146
f 3033//3033 3146//3146 3145//3145
f 3034//3034 3035//3035 3147//3147
f 3034//3034 3147//3147 3146//3146
f 3035//3035 3036//3036 3148//3148
f 3035//3035 3148//3148 3147//3147
f 3036//3036 3037//3037 3149//3149
f 3036//3036 3149//3149 3148//3148
f 3037//3037 3038//3038 3150//3150
f 3037//3037 3150//3150 3149//3149
f 3038//3038 3039//3039 3151//3151
f 3038//3038 3151//3151 3150//3150
f 3039//3039 3040//3040 3152//3152
f 3039//3039 3152//3152 3151//3151
f 3040//3040 3041//3041 3153//3153
f 3040//3040 3153//3153 3152//3152
f 3041//3041 3042//3042 3154//3154
f 3041//3041 3154//3154 3153//3153
f 3042//3042 3043//3043 3155//3155
f 3042//3042 3155//3155 3154//3154
f 3043//3043 3044//3044 3156//3156
f 3043//3043 3156//3156 3155//3155
f 3044//3044 3045//3045 3157//3157
f 3044//3044 3157//3157 3156//3156
f 3045//3045 3046//3046 3158//3158
f 3045//3045 3158//3158 3157//3157
f 3046//3046 3047//3047 3159//3159
f 3046//3046 3159//3159 3158//3158
f 3047//3047 3048//3048 3160//3160
f 3047//3047 3160//3160 3159//3159
f 3048//3048 3049//3049 3161//3161
f 3048//3048 3161//3161 3160//3160
f 3049//3049 3050//3050 3162//3162
f 3049//3049 3162//3162 3161//3161
f 3050//3050 3051//3051 3163//3163
f 3050//3050 3163//3163 3162//3162
f 3051//3051 3052//3052 3164//3164
f 3051//3051 3164//3164 3163//3163
f 3052//3052 3053//3053 3165//3165
f 3052//3052 3165//3165 3164//3164
f 3053//3053 3054//3054 3166//3166
f 3053//3053 3166//3166 3165//3165
f 3054//3054 3055//3055 3167//3167
f 3054//3054 3167//3167 3166//3166
f 3055//3055 3056//3056 3168//3168
f 3055//3055 3168//3168 3167//3167
f 3056//3056 3057//3057 3169//3169
f 3056//3056 3169//3169 3168//3168
f 3057//3057 3058//3058 3170//3170
f 3057//3057 3170//3170 3169//3169
f 3058//3058 3059//3059 3171//3171
f 3058//3058 3171//3171 3170//3170
f 3059//3059 3060//3060 3172//3172
f 3059//3059 3172//3172 3171//3171
f 3060//3060 3061//3061 3173//3173
f 3060//3060 3173//3173 3172//3172
f 3061//3061 3062//3062 3174//3174
f 3061//3061 3174//3174 3173//3173
f 3062//3062 3063//3063 3175//3175
f 3062//3062 3175//3175 3174//3174
f 3063//3063 3064//3064 3176//3176
f 3063//3063 3176//3176 3175//3175
f 3064//3064 3065//3065 3177//3177
f 3064//3064 3177//3177 3176//3176
f 3065//3065 3066//3066 3178//3178
f 3065//3065 3178//3178 3177//3177
f 3066//3066 3067//3067 3179//3179
f 3066//3066 3179//3179 3178//3178
f 3067//3067 3068//3068 3180//3180
f 3067//3067 3180//3180 3179//3179
f 3068//3068 3069//3069 3181//3181
f 3068//3068 3181//3181 3180//3180
f 3069//3069 3070//3070 3182//3182
f 3069//3069 3182//3182 3181//3181
f 3070//3070 3071//3071 3183//3183
f 3070//3070 3183//3183 3182//3182
f 3071//3071 3072//3072 3184//3184
f 3071//3071 3184//3184 3183//3183
f 3072//3072 3073//3073 3185//3185
f 3072//3072 3185//3185 3184//3184
f 3073//3073 3074//3074 3186//3186
f 3073//3073 3186//3186 3185//3185
f 3074//3074 3075//3075 3187//3187
f 3074//3074 3187//3187 3186//3186
f 3075//3075 3076//3076 3188//3188
f 3075//3075 3188//3188 3187//3187
f 3076//3076 3077//3077 3189//3189
f 3076//3076 3189//3189 3188//3188
f 3077//3077 3078//3078 3190//3190
f 3077//3077 3190//3190 3189//3189
f 3078//3078 3079//3079 3191//3191
f 3078//3078 3191//3191 3190//3190
f 3079//3079 3080//3080 3192//3192
f 3079//3079 3192//3192 3191//3191
f 3080//3080 3081//3081 3193//3193
f 3080//3080 3193//3193 3192//3192
f 3081//3081 3082//3082 3194//3194
f 3081//3081 3194//3194 3193//3193
f 3082//3082 3083//3083 3195//3195
f 3082//3082 3195//3195 3194//3194
f 3083//3083 3084//3084 3196//3196
f 3083//3083 3196//3196 3195//3195
f 3084//3084 3085//3085 3197//3197
f 3084//3084 3197//3197 3196//3196
f 3085//3085 3086//3086 3198//3198
f 3085//3085 3198//3198 3197//3197
f 3086//3086 3087//3087 3199//3199
f 3086//3086 3199//3199 3198//3198
f 3087//3087 3088//3088 3200//3200
f 3087//3087 3200//3200 3199//3199
f 3088//3088 3089//3089 3201//3201
f 3088//3088 3201//3201 3200//3200
f 3089//3089 3090//3090 3202//3202
f 3089//3089 3202//3202 3201//3201
f 3090//3090 3091//3091 3203//3203
f 3090//3090 3203//3203 3202//3202
f 3091//3091 3092//3092 3204//3204
f 3091//3091 3204//3204 3203//3203
f 3092//3092 3093//3093 3205//3205
f 3092//3092 3205//3205 3204//3204
f 3093//3093 3094//3094 3206//3206
f 3093//3093 3206//3206 3205//3205
f 3094//3094 3095//3095 3207//3207
f 3094//3094 3207//3207 3206//3206
f 3095//3095 3096//3096 3208//3208
f 3095//3095 3208//3208 3207//3207
f 3096//3096 3097//3097 3209//3209
f 3096//3096 3209//3209 3208//3208
f 3097//3097 3098//3098 3210//3210
f 3097//3097 3210//3210 3209//3209
f 3098//3098 3099//3099 3211//3211
f 3098//3098 3211//3211 3210//3210
f 3099//3099 3100//3100 3212//3212
f 3099//3099 3212//3212 3211//3211
f 3100//3100 3101//3101 3213//3213
f 3100//3100 3213//3213 3212//3212
f 3101//3101 3102//3102 3214//3214
f 3101//3101 3214//3214 3213//3213
f 3102//3102 3103//3103 3215//3215
f 3102//3102 3215//3215 3214//3214
f 3103//3103 3104//3104 3216//3216
f 3103//3103 3216//3216 3215//3215
f 3104//3104 3105//3105 3217//3217
f 3104//3104 3217//3217 3216//3216
f 3105//3105 3106//3106 3218//3218
f 3105//3105 3218//3218 3217//3217
f 3106//3106 3107//3107 3219//3219
f 3106//3106 3219//3219 3218//3218
f 3107//3107 3108//3108 3220//3220
f 3107//3107 3220//3220 3219//3219
f 3108//3108 3109//3109 3221//3221
f 3108//3108 3221//3221 3220//3220
f 3109//3109 3110//3110 3222//3222
f 3109//3109 3222//3222 3221//3221
f 3110//3110 3111//3111 3223//3223
f 3110//3110 3223//3223 3222//3222
f 3111//3111 3112//3112 3224//3224
f 3111//3111 3224//3224 3223//3223
f 3112//3112 3113//3113 3225//3225
f 3112//3112 3225//3225 3224//3224
f 3113//3113 3114//3114 3226//3226
f 3113//3113 3226//3226 3225//3225
f 3114//3114 3115//3115 3227//3227
f 3114//3114 3227//3227 3226//3226
f 3115//3115 3116//3116 3228//3228
f 3115//3115 3228//3228 3227//3227
f 3116//3116 3117//3117 3229//3229
f 3116//3116 3229//3229 3228//3228
f 3117//3117 3118//3118 3230//3230
f 3117//3117 3230//3230 3229//3229
f 3118//3118 3119//3119 3231//3231
f 3118//3118 3231//3231 3230//3230
f 3119//3119 3120//3120 3232//3232
f 3119//3119 3232//3232 3231//3231
f 3120//3120 3121//3121 3233//3233
f 3120//3120 3233//3233 3232//3232
f 3121//3121 3122//3122 3234//3234
f 3121//3121 3234//3234 3233//3233
f 3122//3122 3123//3123 3235//3235
f 3122//3122 3235//3235 3234//3234
f 3123//3123 3124//3124 3236//3236
f 3123//3123 3236//3236 3235//3235
f 3124//3124 3125//3125 3237//3237
f 3124//3124 3237//3237 3236//3236
f 3125//3125 3126//3126 3238//3238
f 3125//3125 3238//3238 3237//3237
f 3126//3126 3127//3127 3239//3239
f 3126//3126 3239//3239 3238//3238
f 3127//3127 3128//3128 3240//3240
f 3127//3127 3240//3240 3239//3239
f 3128//3128 3129//3129 3241//3241
f 3128//3128 3241//3241 3240//3240
f 3129//3129 3130//3130 3242//3242
f 3129//3129 3242//3242 3241//3241
f 3130//3130 3131//3131 3243//3243
f 3130//3130 3243//3243 3242//3242
f 3131//3131 3132//3132 3244//3244
f 3131//3131 3244//3244 3243//3243
f 3132//3132 3133//3133 3245//3245
f 3132//3132 3245//3245 3244//3244
f 3133//3133 3134//3134 3246//3246
f 3133//3133 3246//3246 3245//3245
f 3134//3134 3135//3135 3247//3247
f 3134//3134 3247//3247 3246//3246
f 3135//3135 3136//3136 3248//3248
f 3135//3135 3248//3248 3247//3247
f 3136//3136 3137//3137 3249//3249
f 3136//3136 3249//3249 3248//3248
f 3137//3137 3027//3027 3139//3139
f 3137//3137 3139//3139 3249//3249
f 3139//3139 3138//3138 3250//3250
f 3139//3139 3250//3250 3251//3251
f 3138//3138 3140//3140 3252//3252
f 3138//3138 3252//3252 3250//3250
f 3140//3140 3141//3141 3253//3253
f 3140//3140 3253//3253 3252//3252
f 3141//3141 3142//3142 3254//3254
f 3141//3141 3254//3254 3253//3253
f 3142//3142 3143//3143 3255//3255
f 3142//3142 3255//3255 3254//3254
f 3143//3143 3144//3144 3256//3256
f 3143//3143 3256//3256 3255//3255
f 3144//3144 3145//3145 3257//3257
f 3144//3144 3257//3257 3256//3256
f 3145//3145 3146//3146 3258//3258
f 3145//3145 3258//3258 3257//3257
f 3146//3146 3147//3147 3259//3259
f 3146//3146 3259//3259 3258//3258
f 3147//3147 3148//3148 3260//3260
f 3147//3147 3260//3260 3259//3259
f 3148//3148 3149//3149 3261//3261
f 3148//3148 3261//3261 3260//3260
f 3149//3149 3150//3150 3262//3262
f 3149//3149 3262//3262 3261//3261
f 3150//3150 3151//3151 3263//3263
f 3150//3150 3263//3263 3262//3262
f 3151//3151 3152//3152 3264//3264
f 3151//3151 3264//3264 3263//3263
f 3152//3152 3153//3153 3265//3265
f 3152//3152 3265//3265 3264//3264
f 3153//3153 3154//3154 3266//3266
f 3153//3153 3266//3266 3265//3265
f 3154//3154 3155//3155 3267//3267
f 3154//3154 3267//3267 3266//3266
f 3155//3155 3156//3156 3268//3268
f 3155//3155 3268//3268 3267//3267
f 3156//3156 3157//3157 3269//3269
f 3156//3156 3269//3269 3268//3268
f 3157//3157 3158//3158 3270//3270
f 3157//3157 3270//3270 3269//3269
f 3158//3158 3159//3159 3271//3271
f 3158//3158 3271//3271 3270//3270
f 3159//3159 3160//3160 3272//3272
f 3159//3159 3272//3272 3271//3271
f 3160//3160 3161//3161 3273//3273
f 3160//3160 3273//3273 3272//3272
f 3161//3161 3162//3162 3274//3274
f 3161//3161 3274//3274 3273//3273
f 3162//3162 3163//3163 3275//3275
f 3162//3162 3275//3275 3274//3274
f 3163//3163 3164//3164 3276//3276
f 3163//3163 3276//3276 3275//3275
f 3164//3164 3165//3165 3277//3277
f 3164//3164 3277//3277 3276//3276
f 3165//3165 3166//3166 3278//3278
f 3165//3165 3278//3278 3277//3277
f 3166//3166 3167//3167 3279//3279
f 3166//3166 3279//3279 3278//3278
f 3167//3167 3168//3168 3280//3280
f 3167//3167 3280//3280 3279//3279
f 3168//3168 3169//3169 3281//3281
f 3168//3168 3281//3281 3280//3280
f 3169//3169 3170//3170 3282//3282
f 3169//3169 3282//3282 3281//3281
f 3170//3170 3171//3171 3283//3283
f 3170//3170 3283//3283 3282//3282
f 3171//3171 3172//3172 3284//3284
f 3171//3171 3284//3284 3283//3283
f 3172//3172 3173//3173 3285//3285
f 3172//3172 3285//3285 3284//3284
f 3173//3173 3174//3174 3286//3286
f 3173//3173 3286//3286 3285//3285
f 3174//3174 3175//3175 3287//3287
f 3174//3174 3287//3287 3286//3286
f 3175//3175 3176//3176 3288//3288
f 3175//3175 3288//3288 3287//3287
f 3176//3176 3177//3177 3289//3289
f 3176//3176 3289//3289 3288//3288
f 3177//3177 3178//3178 3290//3290
f 3177//3177 3290//3290 3289//3289
f 3178//3178 3179//3179 3291//3291
f 3178//3178 3291//3291 3290//3290
f 3179//3179 3180//3180 3292//3292
f 3179//3179 3292//3292 3291//3291
f 3180//3180 3181//3181 3293//3293
f 3180//3180 3293//3293 3292//3292
f 3181//3181 3182//3182 3294//3294
f 3181//3181 3294//3294 3293//3293
f 3182//3182 3183//3183 3295//3295
f 3182//3182 3295//3295 3294//3294
f 3183//3183 3184//3184 3296//3296
f 3183//3183 3296//3296 3295//3295
f 3184//3184 3185//3185 3297//3297
f 3184//3184 3297//3297 3296//3296
f 3185//3185 3186//3186 3298//3298
f 3185//3185 3298//3298 3297//3297
f 3186//3186 3187//3187 3299//3299
f 3186//3186 3299//3299 3298//3298
f 3187//3187 3188//3188 3300//3300
f 3187//3187 3300//3300 3299//3299
f 3188//3188 3189//3189 3301//3301
f 3188//3188 3301//3301 3300//3300
f 3189//3189 3190//3190 3302//3302
f 3189//3189 3302//3302 3301//3301
f 3190//3190 3191//3191 3303//3303
f 3190//3190 3303//3303 3302//3302
f 3191//3191 3192//3192 3304//3304
f 3191//3191 3304//3304 3303//3303
f 3192//3192 3193//3193 3305//3305
f 3192//3192 3305//3305 3304//3304
f 3193//3193 3194//3194 3306//3306
f 3193//3193 3306//3306 3305//3305
f 3194//3194 3195//3195 3307//3307
f 3194//3194 3307//3307 3306//3306
f 3195//3195 3196//3196 3308//3308
f 3195//3195 3308//3308 3307//3307
f 3196//3196 3197//3197 3309//3309
f 3196//3196 3309//3309 3308//3308
f 3197//3197 3198//3198 3310//3310
f 3197//3197 3310//3310 3309//3309
f 3198//3198 3199//3199 3311//3311
f 3198//3198 3311//3311 3310//3310
f 3199//3199 3200//3200 3312//3312
f 3199//3199 3312//3312 3311//3311
f 3200//3200 3201//3201 3313//3313
f 3200//3200 3313//3313 3312//3312
f 3201//3201 3202//3202 3314//3314
f 3201//3201 3314//3314 3313//3313
f 3202//3202 3203//3203 3315//3315
f 3202//3202 3315//3315 3314//3314
f 3203//3203 3204//3204 3316//3316
f 3203//3203 3316//3316 3315//3315
f 3204//3204 3205//3205 3317//3317
f 3204//3204 3317//3317 3316//3316
f 3205//3205 3206//3206 3318//3318
f 3205//3205 3318//3318 3317//3317
f 3206//3206 3207//3207 3319//3319
f 3206//3206 3319//3319 3318//3318
f 3207//3207 3208//3208 3320//3320
f 3207//3207 3320//3320 3319//3319
f 3208//3208 3209//3209 3321//3321
f 3208//3208 3321//3321 3320//3320
f 3209//3209 3210//3210 3322//3322
f 3209//3209 3322//3322 3321//3321
f 3210//3210 3211//3211 3323//3323
f 3210//3210 3323//3323 3322//3322
f 3211//3211 3212//3212 3324//3324
f 3211//3211 3324//3324 3323//3323
f 3212//3212 3213//3213 3325//3325
f 3212//3212 3325//3325 3324//3324
f 3213//3213 3214//3214 3326//3326
f 3213//3213 3326//3326 3325//3325
f 3214//3214 3215//3215 3327//3327
f 3214//3214 3327//3327 3326//3326
f 3215//3215 3216//3216 3328//3328
f 3215//3215 3328//3328 3327//3327
f 3216//3216 3217//3217 3329//3329
f 3216//3216 3329//3329 3328//3328
f 3217//3217 3218//3218 3330//3330
f 3217//3217 3330//3330 3329//3329
f 3218//3218 3219//3219 3331//3331
f 3218//3218 3331//3331 3330//3330
f 3219//3219 3220//3220 3332//3332
f 3219//3219 3332//3332 3331//3331
f 3220//3220 3221//3221 3333//3333
f 3220//3220 3333//3333 3332//3332
f 3221//3221 3222//3222 3334//3334
f 3221//3221 3334//3334 3333//3333
f 3222//3222 3223//3223 3335//3335
f 3222//3222 3335//3335 3334//3334
f 3223//3223 3224//3224 3336//3336
f 3223//3223 3336//3336 3335//3335
f 3224//3224 3225//3225 3337//3337
f 3224//3224 3337//3337 3336//3336
f 3225//3225 3226//3226 3338//3338
f 3225//3225 3338//3338 3337//3337
f 3226//3226 3227//3227 3339//3339
f 3226//3226 3339//3339 3338//3338
f 3227//3227 3228//3228 3340//3340
f 3227//3227 3340//3340 3339//3339
f 3228//3228 3229//3229 3341//3341
f 3228//3228 3341//3341 3340//3340
f 3229//3229 3230//3230 3342//3342
f 3229//3229 3342//3342 3341//3341
f 3230//3230 3231//3231 3343//3343
f 3230//3230 3343//3343 3342//3342
f 3231//3231 3232//3232 3344//3344
f 3231//3231 3344//3344 3343//3343
f 3232//3232 3233//3233 3345//3345
f 3232//3232 3345//3345 3344//3344
f 3233//3233 3234//3234 3346//3346
f 3233//3233 3346//3346 3345//3345
f 3234//3234 3235//3235 3347//3347
f 3234//3234 3347//3347 3346//3346
f 3235//3235 3236//3236 3348//3348
f 3235//3235 3348//3348 3347//3347
f 3236//3236 3237//3237 3349//3349
f 3236//3236 3349//3349 3348//3348
f 3237//3237 3238//3238 3350//3350
f 3237//3237 3350//3350 3349//3349
f 3238//3238 3239//3239 3351//3351
f 3238//3238 3351//3351 3350//3350
f 3239//3239 3240//3240 3352//3352
f 3239//3239 3352//3352 3351//3351
f 3240//3240 3241//3241 3353//3353
f 3240//3240 3353//3353 3352//3352
f 3241//3241 3242//3242 3354//3354
f 3241//3241 3354//3354 3353//3353
f 3242//3242 3243//3243 3355//3355
f 3242//3242 3355//3355 3354//3354
f 3243//3243 3244//3244 3356//3356
f 3243//3243 3356//3356 3355//3355
f 3244//3244 3245//3245 3357//3357
f 3244//3244 3357//3357 3356//3356
f 3245//3245 3246//3246 3358//3358
f 3245//3245 3358//3358 3357//3357
f 3246//3246 3247//3247 3359//3359
f 3246//3246 3359//3359 3358//3358
f 3247//3247 3248//3248 3360//3360
f 3247//3247 3360//3360 3359//3359
f 3248//3248 3249//3249 3361//3361
f 3248//3248 3361//3361 3360//3360
f 3249//3249 3139//3139 3251//3251
f 3249//3249 3251//3251 3361//3361
f 3251//3251 3250//3250 3362//3362
f 3251//3251 3362//3362 3363//3363
f 3250//3250 3252//3252 3364//3364
f 3250//3250 3364//3364 3362//3362
f 3252//3252 3253//3253 3365//3365
f 3252//3252 3365//3365 3364//3364
f 3253//3253 3254//3254 3366//3366
f 3253//3253 3366//3366 3365//3365
f 3254//3254 3255//3255 3367//3367
f 3254//3254 3367//3367 3366//3366
f 3255//3255 3256//3256 3368//3368
f 3255//3255 3368//3368 3367//3367
f 3256//3256 3257//3257 3369//3369
f 3256//3256 3369//3369 3368//3368
f 3257//3257 3258//3258 3370//3370
f 3257//3257 3370//3370 3369//3369
f 3258//3258 3259//3259 3371//3371
f 3258//3258 3371//3371 3370//3370
f 3259//3259 3260//3260 3372//3372
f 3259//3259 3372//3372 3371//3371
f 3260//3260 3261//3261 3373//3373
f 3260//3260 3373//3373 3372//3372
f 3261//3261 3262//3262 3374//3374
f 3261//3261 3374//3374 3373//3373
f 3262//3262 3263//3263 3375//3375
f 3262//3262 3375//3375 3374//3374
f 3263//3263 3264//3264 3376//3376
f 3263//3263 3376//3376 3375//3375
f 3264//3264 3265//3265 3377//3377
f 3264//3264 3377//3377 3376//3376
f 3265//3265 3266//3266 3378//3378
f 3265//3265 3378//3378 3377//3377
f 3266//3266 3267//3267 3379//3379
f 3266//3266 3379//3379 3378//3378
f 3267//3267 3268//3268 3380//3380
f 3267//3267 3380//3380 3379//3379
f 3268//3268 3269//3269 3381//3381
f 3268//3268 3381//3381 3380//3380
f 3269//3269 3270//3270 3382//3382
f 3269//3269 3382//3382 3381//3381
f 3270//3270 3271//3271 3383//3383
f 3270//3270 3383//3383 3382//3382
f 3271//3271 3272//3272 3384//3384
f 3271//3271 3384//3384 3383//3383
f 3272//3272 3273//3273 3385//3385
f 3272//3272 3385//3385 3384//3384
f 3273//3273 3274//3274 3386//3386
f 3273//3273 3386//3386 3385//3385
f 3274//3274 3275//3275 3387//3387
f 3274//3274 3387//3387 3386//3386
f 3275//3275 3276//3276 3388//3388
f 3275//3275 3388//3388 3387//3387
f 3276//3276 3277//3277 3389//3389
f 3276//3276 3389//3389 3388//3388
f 3277//3277 3278//3278 3390//3390
f 3277//3277 3390//3390 3389//3389
f 3278//3278 3279//3279 3391//3391
f 3278//3278 3391//3391 3390//3390
f 3279//3279 3280//3280 3392//3392
f 3279//3279 3392//3392 3391//3391
f 3280//3280 3281//3281 3393//3393
f 3280//3280 3393//3393 3392//3392
f 3281//3281 3282//3282 3394//3394
f 3281//3281 3394//3394 3393//3393
f 3282//3282 3283//3283 3395//3395
f 3282//3282 3395//3395 3394//3394
f 3283//3283 3284//3284 3396//3396
f 3283//3283 3396//3396 3395//3395
f 3284//3284 3285//3285 3397//3397
f 3284//3284 3397//3397 3396//3396
f 3285//3285 3286//3286 3398//3398
f 3285//3285 3398//3398 3397//3397
f 3286//3286 3287//3287 3399//3399
f 3286//3286 3399//3399 3398//3398
f 3287//3287 3288//3288 3400//3400
f 3287//3287 3400//3400 3399//3399
f 3288//3288 3289//3289 3401//3401
f 3288//3288 3401//3401 3400//3400
f 3289//3289 3290//3290 3402//3402
f 3289//3289 3402//3402 3401//3401
f 3290//3290 3291//3291 3403//3403
f 3290//3290 3403//3403 3402//3402
f 3291//3291 3292//3292 3404//3404
f 3291//3291 3404//3404 3403//3403
f 3292//3292 3293//3293 3405//3405
f 3292//3292 3405//3405 3404//3404
f 3293//3293 3294//3294 3406//3406
f 3293//3293 3406//3406 3405//3405
f 3294//3294 3295//3295 3407//3407
f 3294//3294 3407//3407 3406//3406
f 3295//3295 3296//3296 3408//3408
f 3295//3295 3408//3408 3407//3407
f 3296//3296 3297//3297 3409//3409
f 3296//3296 3409//3409 3408//3408
f 3297//3297 3298//3298 3410//3410
f 3297//3297 3410//3410 3409//3409
f 3298//3298 3299//3299 3411//3411
f 3298//3298 3411//3411 3410//3410
f 3299//3299 3300//3300 3412//3412
f 3299//3299 3412//3412 3411//3411
f 3300//3300 3301//3301 3413//3413
f 3300//3300 3413//3413 3412//3412
f 3301//3301 3302//3302 3414//3414
f 3301//3301 3414//3414 3413//3413
f 3302//3302 3303//3303 3415//3415
f 3302//3302 3415//3415 3414//3414
f 3303//3303 3304//3304 3416//3416
f 3303//3303 3416//3416 3415//3415
f 3304//3304 3305//3305 3417//3417
f 3304//3304 3417//3417 3416//3416
f 3305//3305 3306//3306 3418//3418
f 3305//3305 3418//3418 3417//3417
f 3306//3306 3307//3307 3419//3419
f 3306//3306 3419//3419 3418//3418
f 3307//3307 3308//3308 3420//3420
f 3307//3307 3420//3420 3419//3419
f 3308//3308 3309//3309 3421//3421
f 3308//3308 3421//3421 3420//3420
f 3309//3309 3310//3310 3422//3422
f 3309//3309 3422//3422 3421//3421
f 3310//3310 3311//3311 3423//3423
f 3310//3310 3423//3423 3422//3422
f 3311//3311 3312//3312 3424//3424
f 3311//3311 3424//3424 3423//3423
f 3312//3312 3313//3313 3425//3425
f 3312//3312 3425//3425 3424//3424
f 3313//3313 3314//3314 3426//3426
f 3313//3313 3426//3426 3425//3425
f 3314//3314 3315//3315 3427//3427
f 3314//3314 3427//3427 3426//3426
f 3315//3315 3316//3316 3428//3428
f 3315//3315 3428//3428 3427//3427
f 3316//3316 3317//3317 3429//3429
f 3316//3316 3429//3429 3428//3428
f 3317//3317 3318//3318 3430//3430
f 3317//3317 3430//3430 3429//3429
f 3318//3318 3319//3319 3431//3431
f 3318//3318 3431//3431 3430//3430
f 3319//3319 3320//3320 3432//3432
f 3319//3319 3432//3432 3431//3431
f 3320//3320 3321//3321 3433//3433
f 3320//3320 3433//3433 3432//3432
f 3321//3321 3322//3322 3434//3434
f 3321//3321 3434//3434 3433//3433
f 3322//3322 3323//3323 3435//3435
f 3322//3322 3435//3435 3434//3434
f 3323//3323 3324//3324 3436//3436
f 3323//3323 3436//3436 3435//3435
f 3324//3324 3325//3325 3437//3437
f 3324//3324 3437//3437 3436//3436
f 3325//3325 3326//3326 3438//3438
f 3325//3325 3438//3438 3437//3437
f 3326//3326 3327//3327 3439//3439
f 3326//3326 3439//3439 3438//3438
f 3327//3327 3328//3328 3440//3440
f 3327//3327 3440//3440 3439//3439
f 3328//3328 3329//3329 3441//3441
f 3328//3328 3441//3441 3440//3440
f 3329//3329 3330//3330 3442//3442
f 3329//3329 3442//3442 3441//3441
f 3330//3330 3331//3331 3443//3443
f 3330//3330 3443//3443 3442//3442
f 3331//3331 3332//3332 3444//3444
f 3331//3331 3444//3444 3443//3443
f 3332//3332 3333//3333 3445//3445
f 3332//3332 3445//3445 3444//3444
f 3333//3333 3334//3334 3446//3446
f 3333//3333 3446//3446 3445//3445
f 3334//3334 3335//3335 3447//3447
f 3334//3334 3447//3447 3446//3446
f 3335//3335 3336//3336 3448//3448
f 3335//3335 3448//3448 3447//3447
f 3336//3336 3337//3337 3449//3449
f 3336//3336 3449//3449 3448//3448
f 3337//3337 3338//3338 3450//3450
f 3337//3337 3450//3450 3449//3449
f 3338//3338 3339//3339 3451//3451
f 3338//3338 3451//3451 3450//3450
f 3339//3339 3340//3340 3452//3452
f 3339//3339 3452//3452 3451//3451
f 3340//3340 3341//3341 3453//3453
f 3340//3340 3453//3453 3452//3452
f 3341//3341 3342//3342 3454//3454
f 3341//3341 3454//3454 3453//3453
f 3342//3342 3343//3343 3455//3455
f 3342//3342 3455//3455 3454//3454
f 3343//3343 3344//3344 3456//3456
f 3343//3343 3456//3456 3455//3455
f 3344//3344 3345//3345 3457//3457
f 3344//3344 3457//3457 3456//3456
f 3345//3345 3346//3346 3458//3458
f 3345//3345 3458//3458 3457//3457
f 3346//3346 3347//3347 3459//3459
f 3346//3346 3459//3459 3458//3458
f 3347//3347 3348//3348 3460//3460
f 3347//3347 3460//3460 3459//3459
f 3348//3348 3349//3349 3461//3461
f 3348//3348 3461//3461 3460//3460
f 3349//3349 3350//3350 3462//3462
f 3349//3349 3462//3462 3461//3461
f 3350//3350 3351//3351 3463//3463
f 3350//3350 3463//3463 3462//3462
f 3351//3351 3352//3352 3464//3464
f 3351//3351 3464//3464 3463//3463
f 3352//3352 3353//3353 3465//3465
f 3352//3352 3465//3465 3464//3464
f 3353//3353 3354//3354 3466//3466
f 3353//3353 3466//3466 3465//3465
f 3354//3354 3355//3355 3467//3467
f 3354//3354 3467//3467 3466//3466
f 3355//3355 3356//3356 3468//3468
f 3355//3355 3468//3468 3467//3467
f 3356//3356 3357//3357 3469//3469
f 3356//3356 3469//3469 3468//3468
f 3357//3357 3358//3358 3470//3470
f 3357//3357 3470//3470 3469//3469
f 3358//3358 3359//3359 3471//3471
f 3358//3358 3471//3471 3470//3470
f 3359//3359 3360//3360 3472//3472
f 3359//3359 3472//3472 3471//3471
f 3360//3360 3361//3361 3473//3473
f 3360//3360 3473//3473 3472//3472
f 3361//3361 3251//3251 3363//3363
f 3361//3361 3363//3363 3473//3473
f 3363//3363 3362//3362 3474//3474
f 3363//3363 3474//3474 3475//3475
f 3362//3362 3364//3364 3476//3476
f 3362//3362 3476//3476 3474//3474
f 3364//3364 3365//3365 3477//3477
f 3364//3364 3477//3477 3476//3476
f 3365//3365 3366//3366 3478//3478
f 3365//3365 3478//3478 3477//3477
f 3366//3366 3367//3367 3479//3479
f 3366//3366 3479//3479 3478//3478
f 3367//3367 3368//3368 3480//3480
f 3367//3367 3480//3480 3479//3479
f 3368//3368 3369//3369 3481//3481
f 3368//3368 3481//3481 3480//3480
f 3369//3369 3370//3370 3482//3482
f 3369//3369 3482//3482 3481//3481
f 3370//3370 3371//3371 3483//3483
f 3370//3370 3483//3483 3482//3482
f 3371//3371 3372//3372 3484//3484
f 3371//3371 3484//3484 3483//3483
f 3372//3372 3373//3373 3485//3485
f 3372//3372 3485//3485 3484//3484
f 3373//3373 3374//3374 3486//3486
f 3373//3373 3486//3486 3485//3485
f 3374//3374 3375//3375 3487//3487
f 3374//3374 3487//3487 3486//3486
f 3375//3375 3376//3376 3488//3488
f 3375//3375 3488//3488 3487//3487
f 3376//3376 3377//3377 3489//3489
f 3376//3376 3489//3489 3488//3488
f 3377//3377 3378//3378 3490//3490
f 3377//3377 3490//3490 3489//3489
f 3378//3378 3379//3379 3491//3491
f 3378//3378 3491//3491 3490//3490
f 3379//3379 3380//3380 3492//3492
f 3379//3379 3492//3492 3491//3491
f 3380//3380 3381//3381 3493//3493
f 3380//3380 3493//3493 3492//3492
f 3381//3381 3382//3382 3494//3494
f 3381//3381 3494//3494 3493//3493
f 3382//3382 3383//3383 3495//3495
f 3382//3382 3495//3495 3494//3494
f 3383//3383 3384//3384 3496//3496
f 3383//3383 3496//3496 3495//3495
f 3384//3384 3385//3385 3497//3497
f 3384//3384 3497//3497 3496//3496
f 3385//3385 3386//3386 3498//3498
f 3385//3385 3498//3498 3497//3497
f 3386//3386 3387//3387 3499//3499
f 3386//3386 3499//3499 3498//3498
f 3387//3387 3388//3388 3500//3500
f 3387//3387 3500//3500 3499//3499
f 3388//3388 3389//3389 3501//3501
f 3388//3388 3501//3501 3500//3500
f 3389//3389 3390//3390 3502//3502
f 3389//3389 3502//3502 3501//3501
f 3390//3390 3391//3391 3503//3503
f 3390//3390 3503//3503 3502//3502
f 3391//3391 3392//3392 3504//3504
f 3391//3391 3504//3504 3503//3503
f 3392//3392 3393//3393 3505//3505
f 3392//3392 3505//3505 3504//3504
f 3393//3393 3394//3394 3506//3506
f 3393//3393 3506//3506 3505//3505
f 3394//3394 3395//3395 3507//3507
f 3394//3394 3507//3507 3506//3506
f 3395//3395 3396//3396 3508//3508
f 3395//3395 3508//3508 3507//3507
f 3396//3396 3397//3397 3509//3509
f 3396//3396 3509//3509 3508//3508
f 3397//3397 3398//3398 3510//3510
f 3397//3397 3510//3510 3509//3509
f 3398//3398 3399//3399 3511//3511
f 3398//3398 3511//3511 3510//3510
f 3399//3399 3400//3400 3512//3512
f 3399//3399 3512//3512 3511//3511
f 3400//3400 3401//3401 3513//3513
f 3400//3400 3513//3513 3512//3512
f 3401//3401 3402//3402 3514//3514
f 3401//3401 3514//3514 3513//3513
f 3402//3402 3403//3403 3515//3515
f 3402//3402 3515//3515 3514//3514
f 3403//3403 3404//3404 3516//3516
f 3403//3403 3516//3516 3515//3515
f 3404//3404 3405//3405 3517//3517
f 3404//3404 3517//3517 3516//3516
f 3405//3405 3406//3406 3518//3518
f 3405//3405 3518//3518 3517//3517
f 3406//3406 3407//3407 3519//3519
f 3406//3406 3519//3519 3518//3518
f 3407//3407 3408//3408 3520//3520
f 3407//3407 3520//3520 3519//3519
f 3408//3408 3409//3409 3521//3521
f 3408//3408 3521//3521 3520//3520
f 3409//3409 3410//3410 3522//3522
f 3409//3409 3522//3522 3521//3521
f 3410//3410 3411//3411 3523//3523
f 3410//3410 3523//3523 3522//3522
f 3411//3411 3412//3412 3524//3524
f 3411//3411 3524//3524 3523//3523
f 3412//3412 3413//3413 3525//3525
f 3412//3412 3525//3525 3524//3524
f 3413//3413 3414//3414 3526//3526
f 3413//3413 3526//3526 3525//3525
f 3414//3414 3415//3415 3527//3527
f 3414//3414 3527//3527 3526//3526
f 3415//3415 3416//3416 3528//3528
f 3415//3415 3528//3528 3527//3527
f 3416//3416 3417//3417 3529//3529
f 3416//3416 3529//3529 3528//3528
f 3417//3417 3418//3418 3530//3530
f 3417//3417 3530//3530 3529//3529
f 3418//3418 3419//3419 3531//3531
f 3418//3418 3531//3531 3530//3530
f 3419//3419 3420//3420 3532//3532
f 3419//3419 3532//3532 3531//3531
f 3420//3420 3421//3421 3533//3533
f 3420//3420 3533//3533 3532//3532
f 3421//3421 3422//3422 3534//3534
f 3421//3421 3534//3534 3533//3533
f 3422//3422 3423//3423 3535//3535
f 3422//3422 3535//3535 3534//3534
f 3423//3423 3424//3424 3536//3536
f 3423//3423 3536//3536 3535//3535
f 3424//3424 3425//3425 3537//3537
f 3424//3424 3537//3537 3536//3536
f 3425//3425 3426//3426 3538//3538
f 3425//3425 3538//3538 3537//3537
f 3426//3426 3427//3427 3539//3539
f 3426//3426 3539//3539 3538//3538
f 3427//3427 3428//3428 3540//3540
f 3427//3427 3540//3540 3539//3539
f 3428//3428 3429//3429 3541//3541
f 3428//3428 3541//3541 3540//3540
f 3429//3429 3430//3430 3542//3542
f 3429//3429 3542//3542 3541//3541
f 3430//3430 3431//3431 3543//3543
f 3430//3430 3543//3543 3542//3542
f 3431//3431 3432//3432 3544//3544
f 3431//3431 3544//3544 3543//3543
f 3432//3432 3433//3433 3545//3545
f 3432//3432 3545//3545 3544//3544
f 3433//3433 3434//3434 3546//3546
f 3433//3433 3546//3546 3545//3545
f 3434//3434 3435//3435 3547//3547
f 3434//3434 3547//3547 3546//3546
f 3435//3435 3436//3436 3548//3548
f 3435//3435 3548//3548 3547//3547
f 3436//3436 3437//3437 3549//3549
f 3436//3436 3549//3549 3548//3548
f 3437//3437 3438//3438 3550//3550
f 3437//3437 3550//3550 3549//3549
f 3438//3438 3439//3439 3551//3551
f 3438//3438 3551//3551 3550//3550
f 3439//3439 3440//3440 3552//3552
f 3439//3439 3552//3552 3551//3551
f 3440//3440 3441//3441 3553//3553
f 3440//3440 3553//3553 3552//3552
f 3441//3441 3442//3442 3554//3554
f 3441//3441 3554//3554 3553//3553
f 3442//3442 3443//3443 3555//3555
f 3442//3442 3555//3555 3554//3554
f 3443//3443 3444//3444 3556//3556
f 3443//3443 3556//3556 3555//3555
f 3444//3444 3445//3445 3557//3557
f 3444//3444 3557//3557 3556//3556
f 3445//3445 3446//3446 3558//3558
f 3445//3445 3558//3558 3557//3557
f 3446//3446 3447//3447 3559//3559
f 3446//3446 3559//3559 3558//3558
f 3447//3447 3448//3448 3560//3560
f 3447//3447 3560//3560 3559//3559
f 3448//3448 3449//3449 3561//3561
f 3448//3448 3561//3561 3560//3560
f 3449//3449 3450//3450 3562//3562
f 3449//3449 3562//3562 3561//3561
f 3450//3450 3451//3451 3563//3563
f 3450//3450 3563//3563 3562//3562
f 3451//3451 3452//3452 3564//3564
f 3451//3451 3564//3564 3563//3563
f 3452//3452 3453//3453 3565//3565
f 3452//3452 3565//3565 3564//3564
f 3453//3453 3454//3454 3566//3566
f 3453//3453 3566//3566 3565//3565
f 3454//3454 3455//3455 3567//3567
f 3454//3454 3567//3567 3566//3566
f 3455//3455 3456//3456 3568//3568
f 3455//3455 3568//3568 3567//3567
f 3456//3456 3457//3457 3569//3569
f 3456//3456 3569//3569 3568//3568
f 3457//3457 3458//3458 3570//3570
f 3457//3457 3570//3570 3569//3569
f 3458//3458 3459//3459 3571//3571
f 3458//3458 3571//3571 3570//3570
f 3459//3459 3460//3460 3572//3572
f 3459//3459 3572//3572 3571//3571
f 3460//3460 3461//3461 3573//3573
f 3460//3460 3573//3573 3572//3572
f 3461//3461 3462//3462 3574//3574
f 3461//3461 3574//3574 3573//3573
f 3462//3462 3463//3463 3575//3575
f 3462//3462 3575//3575 3574//3574
f 3463//3463 3464//3464 3576//3576
f 3463//3463 3576//3576 3575//3575
f 3464//3464 3465//3465 3577//3577
f 3464//3464 3577//3577 3576//3576
f 3465//3465 3466//3466 3578//3578
f 3465//3465 3578//3578 3577//3577
f 3466//3466 3467//3467 3579//3579
f 3466//3466 3579//3579 3578//3578
f 3467//3467 3468//3468 3580//3580
f 3467//3467 3580//3580 3579//3579
f 3468//3468 3469//3469 3581//3581
f 3468//3468 3581//3581 3580//3580
f 3469//3469 3470//3470 3582//3582
f 3469//3469 3582//3582 3581//3581
f 3470//3470 3471//3471 3583//3583
f 3470//3470 3583//3583 3582//3582
f 3471//3471 3472//3472 3584//3584
f 3471//3471 3584//3584 3583//3583
f 3472//3472 3473//3473 3585//3585
f 3472//3472 3585//3585 3584//3584
f 3473//3473 3363//3363 3475//3475
f 3473//3473 3475//3475 3585//3585
f 3475//3475 3474//3474 3586//3586
f 3475//3475 3586//3586 3587//3587
f 3474//3474 3476//3476 3588//3588
f 3474//3474 3588//3588 3586//3586
f 3476//3476 3477//3477 3589//3589
f 3476//3476 3589//3589 3588//3588
f 3477//3477 3478//3478 3590//3590
f 3477//3477 3590//3590 3589//3589
f 3478//3478 3479//3479 3591//3591
f 3478//3478 3591//3591 3590//3590
f 3479//3479 3480//3480 3592//3592
f 3479//3479 3592//3592 3591//3591
f 3480//3480 3481//3481 3593//3593
f 3480//3480 3593//3593 3592//3592
f 3481//3481 3482//3482 3594//3594
f 3481//3481 3594//3594 3593//3593
f 3482//3482 3483//3483 3595//3595
f 3482//3482 3595//3595 3594//3594
f 3483//3483 3484//3484 3596//3596
f 3483//3483 3596//3596 3595//3595
f 3484//3484 3485//3485 3597//3597
f 3484//3484 3597//3597 3596//3596
f 3485//3485 3486//3486 3598//3598
f 3485//3485 3598//3598 3597//3597
f 3486//3486 3487//3487 3599//3599
f 3486//3486 3599//3599 3598//3598
f 3487//3487 3488//3488 3600//3600
f 3487//3487 3600//3600 3599//3599
f 3488//3488 3489//3489 3601//3601
f 3488//3488 3601//3601 3600//3600
f 3489//3489 3490//3490 3602//3602
f 3489//3489 3602//3602 3601//3601
f 3490//3490 3491//3491 3603//3603
f 3490//3490 3603//3603 3602//3602
f 3491//3491 3492//3492 3604//3604
f 3491//3491 3604//3604 3603//3603
f 3492//3492 3493//3493 3605//3605
f 3492//3492 3605//3605 3604//3604
f 3493//3493 3494//3494 3606//3606
f 3493//3493 3606//3606 3605//3605
f 3494//3494 3495//3495 3607//3607
f 3494//3494 3607//3607 3606//3606
f 3495//3495 3496//3496 3608//3608
f 3495//3495 3608//3608 3607//3607
f 3496//3496 3497//3497 3609//3609
f 3496//3496 3609//3609 3608//3608
f 3497//3497 3498//3498 3610//3610
f 3497//3497 3610//3610 3609//3609
f 3498//3498 3499//3499 3611//3611
f 3498//3498 3611//3611 3610//3610
f 3499//3499 3500//3500 3612//3612
f 3499//3499 3612//3612 3611//3611
f 3500//3500 3501//3501 3613//3613
f 3500//3500 3613//3613 3612//3612
f 3501//3501 3502//3502 3614//3614
f 3501//3501 3614//3614 3613//3613
f 3502//3502 3503//3503 3615//3615
f 3502//3502 3615//3615 3614//3614
f 3503//3503 3504//3504 3616//3616
f 3503//3503 3616//3616 3615//3615
f 3504//3504 3505//3505 3617//3617
f 3504//3504 3617//3617 3616//3616
f 3505//3505 3506//3506 3618//3618
f 3505//3505 3618//3618 3617//3617
f 3506//3506 3507//3507 3619//3619
f 3506//3506 3619//3619 3618//3618
f 3507//3507 3508//3508 3620//3620
f 3507//3507 3620//3620 3619//3619
f 3508//3508 3509//3509 3621//3621
f 3508//3508 3621//3621 3620//3620
f 3509//3509 3510//3510 3622//3622
f 3509//3509 3622//3622 3621//3621
f 3510//3510 3511//3511 3623//3623
f 3510//3510 3623//3623 3622//3622
f 3511//3511 3512//3512 3624//3624
f 3511//3511 3624//3624 3623//3623
f 3512//3512 3513//3513 3625//3625
f 3512//3512 3625//3625 3624//3624
f 3513//3513 3514//3514 3626//3626
f 3513//3513 3626//3626 3625//3625
f 3514//3514 3515//3515 3627//3627
f 3514//3514 3627//3627 3626//3626
f 3515//3515 3516//3516 3628//3628
f 3515//3515 3628//3628 3627//3627
f 3516//3516 3517//3517 3629//3629
f 3516//3516 3629//3629 3628//3628
f 3517//3517 3518//3518 3630//3630
f 3517//3517 3630//3630 3629//3629
f 3518//3518 3519//3519 3631//3631
f 3518//3518 3631//3631 3630//3630
f 3519//3519 3520//3520 3632//3632
f 3519//3519 3632//3632 3631//3631
f 3520//3520 3521//3521 3633//3633
f 3520//3520 3633//3633 3632//3632
f 3521//3521 3522//3522 3634//3634
f 3521//3521 3634//3634 3633//3633
f 3522//3522 3523//3523 3635//3635
f 3522//3522 3635//3635 3634//3634
f 3523//3523 3524//3524 3636//3636
f 3523//3523 3636//3636 3635//3635
f 3524//3524 3525//3525 3637//3637
f 3524//3524 3637//3637 3636//3636
f 3525//3525 3526//3526 3638//3638
f 3525//3525 3638//3638 3637//3637
f 3526//3526 3527//3527 3639//3639
f 3526//3526 3639//3639 3638//3638
f 3527//3527 3528//3528 3640//3640
f 3527//3527 3640//3640 3639//3639
f 3528//3528 3529//3529 3641//3641
f 3528//3528 3641//3641 3640//3640
f 3529//3529 3530//3530 3642//3642
f 3529//3529 3642//3642 3641//3641
f 3530//3530 3531//3531 3643//3643
f 3530//3530 3643//3643 3642//3642
f 3531//3531 3532//3532 3644//3644
f 3531//3531 3644//3644 3643//3643
f 3532//3532 3533//3533 3645//3645
f 3532//3532 3645//3645 3644//3644
f 3533//3533 3534//3534 3646//3646
f 3533//3533 3646//3646 3645//3645
f 3534//3534 3535//3535 3647//3647
f 3534//3534 3647//3647 3646//3646
f 3535//3535 3536//3536 3648//3648
f 3535//3535 3648//3648 3647//3647
f 3536//3536 3537//3537 3649//3649
f 3536//3536 3649//3649 3648//3648
f 3537//3537 3538//3538 3650//3650
f 3537//3537 3650//3650 3649//3649
f 3538//3538 3539//3539 3651//3651
f 3538//3538 3651//3651 3650//3650
f 3539//3539 3540//3540 3652//3652
f 3539//3539 3652//3652 3651//3651
f 3540//3540 3541//3541 3653//3653
f 3540//3540 3653//3653 3652//3652
f 3541//3541 3542//3542 3654//3654
f 3541//3541 3654//3654 3653//3653
f 3542//3542 3543//3543 3655//3655
f 3542//3542 3655//3655 3654//3654
f 3543//3543 3544//3544 3656//3656
f 3543//3543 3656//3656 3655//3655
f 3544//3544 3545//3545 3657//3657
f 3544//3544 3657//3657 3656//3656
f 3545//3545 3546//3546 3658//3658
f 3545//3545 3658//3658 3657//3657
f 3546//3546 3547//3547 3659//3659
f 3546//3546 3659//3659 3658//3658
f 3547//3547 3548//3548 3660//3660
f 3547//3547 3660//3660 3659//3659
f 3548//3548 3549//3549 3661//3661
f 3548//3548 3661//3661 3660//3660
f 3549//3549 3550//3550 3662//3662
f 3549//3549 3662//3662 3661//3661
f 3550//3550 3551//3551 3663//3663
f 3550//3550 3663//3663 3662//3662
f 3551//3551 3552//3552 3664//3664
f 3551//3551 3664//3664 3663//3663
f 3552//3552 3553//3553 3665//3665
f 3552//3552 3665//3665 3664//3664
f 3553//3553 3554//3554 3666//3666
f 3553//3553 3666//3666 3665//3665
f 3554//3554 3555//3555 3667//3667
f 3554//3554 3667//3667 3666//3666
f 3555//3555 3556//3556 3668//3668
f 3555//3555 3668//3668 3667//3667
f 3556//3556 3557//3557 3669//3669
f 3556//3556 3669//3669 3668//3668
f 3557//3557 3558//3558 3670//3670
f 3557//3557 3670//3670 3669//3669
f 3558//3558 3559//3559 3671//3671
f 3558//3558 3671//3671 3670//3670
f 3559//3559 3560//3560 3672//3672
f 3559//3559 3672//3672 3671//3671
f 3560//3560 3561//3561 3673//3673
f 3560//3560 3673//3673 3672//3672
f 3561//3561 3562//3562 3674//3674
f 3561//3561 3674//3674 3673//3673
f 3562//3562 3563//3563 3675//3675
f 3562//3562 3675//3675 3674//3674
f 3563//3563 3564//3564 3676//3676
f 3563//3563 3676//3676 3675//3675
f 3564//3564 3565//3565 3677//3677
f 3564//3564 3677//3677 3676//3676
f 3565//3565 3566//3566 3678//3678
f 3565//3565 3678//3678 3677//3677
f 3566//3566 3567//3567 3679//3679
f 3566//3566 3679//3679 3678//3678
f 3567//3567 3568//3568 3680//3680
f 3567//3567 3680//3680 3679//3679
f 3568//3568 3569//3569 3681//3681
f 3568//3568 3681//3681 3680//3680
f 3569//3569 3570//3570 3682//3682
f 3569//3569 3682//3682 3681//3681
f 3570//3570 3571//3571 3683//3683
f 3570//3570 3683//3683 3682//3682
f 3571//3571 3572//3572 3684//3684
f 3571//3571 3684//3684 3683//3683
f 3572//3572 3573//3573 3685//3685
f 3572//3572 3685//3685 3684//3684
f 3573//3573 3574//3574 3686//3686
f 3573//3573 3686//3686 3685//3685
f 3574//3574 3575//3575 3687//3687
f 3574//3574 3687//3687 3686//3686
f 3575//3575 3576//3576 3688//3688
f 3575//3575 3688//3688 3687//3687
f 3576//3576 3577//3577 3689//3689
f 3576//3576 3689//3689 3688//3688
f 3577//3577 3578//3578 3690//3690
f 3577//3577 3690//3690 3689//3689
f 3578//3578 3579//3579 3691//3691
f 3578//3578 3691//3691 3690//3690
f 3579//3579 3580//3580 3692//3692
f 3579//3579 3692//3692 3691//3691
f 3580//3580 3581//3581 3693//3693
f 3580//3580 3693//3693 3692//3692
f 3581//3581 3582//3582 3694//3694
f 3581//3581 3694//3694 3693//3693
f 3582//3582 3583//3583 3695//3695
f 3582//3582 3695//3695 3694//3694
f 3583//3583 3584//3584 3696//3696
f 3583//3583 3696//3696 3695//3695
f 3584//3584 3585//3585 3697//3697
f 3584//3584 3697//3697 3696//3696
f 3585//3585 3475//3475 3587//3587
f 3585//3585 3587//3587 3697//3697
f 3698//3698 3699//3699 3700//3700
f 3698//3698 3700//3700 3701//3701
f 3698//3698 3701//3701 3702//3702
f 3698//3698 3702//3702 3703//3703
f 3698//3698 3703//3703 3704//3704
f 3698//3698 3704//3704 3705//3705
f 3698//3698 3705//3705 3706//3706
f 3698//3698 3706//3706 3707//3707
f 3707//3707 3706//3706 3708//3708
f 3707//3707 3708//3708 3709//3709
f 3706//3706 3705//3705 3710//3710
f 3706//3706 3710//3710 3708//3708
f 3705//3705 3704//3704 3711//3711
f 3705//3705 3711//3711 3710//3710
f 3704//3704 3703//3703 3712//3712
f 3704//3704 3712//3712 3711//3711
f 3703//3703 3702//3702 3713//3713
f 3703//3703 3713//3713 3712//3712
f 3702//3702 3701//3701 3714//3714
f 3702//3702 3714//3714 3713//3713
f 3701//3701 3700//3700 3715//3715
f 3701//3701 3715//3715 3714//3714
f 3700//3700 3699//3699 3716//3716
f 3700//3700 3716//3716 3715//3715
f 3699//3699 3698//3698 3717//3717
f 3699//3699 3717//3717 3716//3716
f 3698//3698 3707//3707 3709//3709
f 3698//3698 3709//3709 3717//3717
f 3709//3709 3708//3708 3718//3718
f 3709//3709 3718//3718 3719//3719
f 3708//3708 3710//3710 3720//3720
f 3708//3708 3720//3720 3718//3718
f 3710//3710 3711//3711 3721//3721
f 3710//3710 3721//3721 3720//3720
f 3711//3711 3712//3712 3722//3722
f 3711//3711 3722//3722 3721//3721
f 3712//3712 3713//3713 3723//3723
f 3712//3712 3723//3723 3722//3722
f 3713//3713 3714//3714 3724//3724
f 3713//3713 3724//3724 3723//3723
f 3714//3714 3715//3715 3725//3725
f 3714//3714 3725//3725 3724//3724
f 3715//3715 3716//3716 3726//3726
f 3715//3715 3726//3726 3725//3725
f 3716//3716 3717//3717 3727//3727
f 3716//3716 3727//3727 3726//3726
f 3717//3717 3709//3709 3719//3719
f 3717//3717 3719//3719 3727//3727
f 3719//3719 3718//3718 3728//3728
f 3719//3719 3728//3728 3729//3729
f 3718//3718 3720//3720 3730//3730
f 3718//3718 3730//3730 3728//3728
f 3720//3720 3721//3721 3731//3731
f 3720//3720 3731//3731 3730//3730
f 3721//3721 3722//3722 3732//3732
f 3721//3721 3732//3732 3731//3731
f 3722//3722 3723//3723 3733//3733
f 3722//3722 3733//3733 3732//3732
f 3723//3723 3724//3724 3734//3734
f 3723//3723 3734//3734 3733//3733
f 3724//3724 3725//3725 3735//3735
f 3724//3724 3735//3735 3734//3734
f 3725//3725 3726//3726 3736//3736
f 3725//3725 3736//3736 3735//3735
f 3726//3726 3727//3727 3737//3737
f 3726//3726 3737//3737 3736//3736
f 3727//3727 3719//3719 3729//3729
f 3727//3727 3729//3729 3737//3737
f 3729//3729 3728//3728 3738//3738
f 3729//3729 3738//3738 3739//3739
f 3728//3728 3730//3730 3740//3740
f 3728//3728 3740//3740 3738//3738
f 3730//3730 3731//3731 3741//3741
f 3730//3730 3741//3741 3740//3740
f 3731//3731 3732//3732 3742//3742
f 3731//3731 3742//3742 3741//3741
f 3732//3732 3733//3733 3743//3743
f 3732//3732 3743//3743 3742//3742
f 3733//3733 3734//3734 3744//3744
f 3733//3733 3744//3744 3743//3743
f 3734//3734 3735//3735 3745//3745
f 3734//3734 3745//3745 3744//3744
f 3735//3735 3736//3736 3746//3746
f 3735//3735 3746//3746 3745//3745
f 3736//3736 3737//3737 3747//3747
f 3736//3736 3747//3747 3746//3746
f 3737//3737 3729//3729 3739//3739
f 3737//3737 3739//3739 3747//3747
f 3739//3739 3738//3738 3748//3748
f 3739//3739 3748//3748 3749//3749
f 3738//3738 3740//3740 3750//3750
f 3738//3738 3750//3750 3748//3748
f 3740//3740 3741//3741 3751//3751
f 3740//3740 3751//3751 3750//3750
f 3741//3741 3742//3742 3752//3752
f 3741//3741 3752//3752 3751//3751
f 3742//3742 3743//3743 3753//3753
f 3742//3742 3753//3753 3752//3752
f 3743//3743 3744//3744 3754//3754
f 3743//3743 3754//3754 3753//3753
f 3744//3744 3745//3745 3755//3755
f 3744//3744 3755//3755 3754//3754
f 3745//3745 3746//3746 3756//3756
f 3745//3745 3756//3756 3755//3755
f 3746//3746 3747//3747 3757//3757
f 3746//3746 3757//3757 3756//3756
f 3747//3747 3739//3739 3749//3749
f 3747//3747 3749//3749 3757//3757
f 3749//3749 3748//3748 3758//3758
f 3749//3749 3758//3758 3759//3759
f 3748//3748 3750//3750 3760//3760
f 3748//3748 3760//3760 3758//3758
f 3750//3750 3751//3751 3761//3761
f 3750//3750 3761//3761 3760//3760
f 3751//3751 3752//3752 3762//3762
f 3751//3751 3762//3762 3761//3761
f 3752//3752 3753//3753 3763//3763
f 3752//3752 3763//3763 3762//3762
f 3753//3753 3754//3754 3764//3764
f 3753//3753 3764//3764 3763//3763
f 3754//3754 3755//3755 3765//3765
f 3754//3754 3765//3765 3764//3764
f 3755//3755 3756//3756 3766//3766
f 3755//3755 3766//3766 3765//3765
f 3756//3756 3757//3757 3767//3767
f 3756//3756 3767//3767 3766//3766
f 3757//3757 3749//3749 3759//3759
f 3757//3757 3759//3759 3767//3767
f 3759//3759 3758//3758 3768//3768
f 3759//3759 3768//3768 3769//3769
f 3758//3758 3760//3760 3770//3770
f 3758//3758 3770//3770 3768//3768
f 3760//3760 3761//3761 3771//3771
f 3760//3760 3771//3771 3770//3770
f 3761//3761 3762//3762 3772//3772
f 3761//3761 3772//3772 3771//3771
f 3762//3762 3763//3763 3773//3773
f 3762//3762 3773//3773 3772//3772
f 3763//3763 3764//3764 3774//3774
f 3763//3763 3774//3774 3773//3773
f 3764//3764 3765//3765 3775//3775
f 3764//3764 3775//3775 3774//3774
f 3765//3765 3766//3766 3776//3776
f 3765//3765 3776//3776 3775//3775
f 3766//3766 3767//3767 3777//3777
f 3766//3766 3777//3777 3776//3776
f 3767//3767 3759//3759 3769//3769
f 3767//3767 3769//3769 3777//3777
f 3769//3769 3768//3768 3778//3778
f 3769//3769 3778//3778 3779//3779
f 3768//3768 3770//3770 3780//3780
f 3768//3768 3780//3780 3778//3778
f 3770//3770 3771//3771 3781//3781
f 3770//3770 3781//3781 3780//3780
f 3771//3771 3772//3772 3782//3782
f 3771//3771 3782//3782 3781//3781
f 3772//3772 3773//3773 3783//3783
f 3772//3772 3783//3783 3782//3782
f 3773//3773 3774//3774 3784//3784
f 3773//3773 3784//3784 3783//3783
f 3774//3774 3775//3775 3785//3785
f 3774//3774 3785//3785 3784//3784
f 3775//3775 3776//3776 3786//3786
f 3775//3775 3786//3786 3785//3785
f 3776//3776 3777//3777 3787//3787
f 3776//3776 3787//3787 3786//3786
f 3777//3777 3769//3769 3779//3779
f 3777//3777 3779//3779 3787//3787
f 3779//3779 3778//3778 3788//3788
f 3779//3779 3788//3788 3789//3789
f 3778//3778 3780//3780 3790//3790
f 3778//3778 3790//3790 3788//3788
f 3780//3780 3781//3781 3791//3791
f 3780//3780 3791//3791 3790//3790
f 3781//3781 3782//3782 3792//3792
f 3781//3781 3792//3792 3791//3791
f 3782//3782 3783//3783 3793//3793
f 3782//3782 3793//3793 3792//3792
f 3783//3783 3784//3784 3794//3794
f 3783//3783 3794//3794 3793//3793
f 3784//3784 3785//3785 3795//3795
f 3784//3784 3795//3795 3794//3794
f 3785//3785 3786//3786 3796//3796
f 3785//3785 3796//3796 3795//3795
f 3786//3786 3787//3787 3797//3797
f 3786//3786 3797//3797 3796//3796
f 3787//3787 3779//3779 3789//3789
f 3787//3787 3789//3789 3797//3797
f 3789//3789 3788//3788 3798//3798
f 3789//3789 3798//3798 3799//3799
f 3788//3788 3790//3790 3800//3800
f 3788//3788 3800//3800 3798//3798
f 3790//3790 3791//3791 3801//3801
f 3790//3790 3801//3801 3800//3800
f 3791//3791 3792//3792 3802//3802
f 3791//3791 3802//3802 3801//3801
f 3792//3792 3793//3793 3803//3803
f 3792//3792 3803//3803 3802//3802
f 3793//3793 3794//3794 3804//3804
f 3793//3793 3804//3804 3803//3803
f 3794//3794 3795//3795 3805//3805
f 3794//3794 3805//3805 3804//3804
f 3795//3795 3796//3796 3806//3806
f 3795//3795 3806//3806 3805//3805
f 3796//3796 3797//3797 3807//3807
f 3796//3796 3807//3807 3806//3806
f 3797//3797 3789//3789 3799//3799
f 3797//3797 3799//3799 3807//3807
f 3799//3799 3798//3798 3808//3808
f 3799//3799 3808//3808 3809//3809
f 3798//3798 3800//3800 3810//3810
f 3798//3798 3810//3810 3808//3808
f 3800//3800 3801//3801 3811//3811
f 3800//3800 3811//3811 3810//3810
f 3801//3801 3802//3802 3812//3812
f 3801//3801 3812//3812 3811//3811
f 3802//3802 3803//3803 3813//3813
f 3802//3802 3813//3813 3812//3812
f 3803//3803 3804//3804 3814//3814
f 3803//3803 3814//3814 3813//3813
f 3804//3804 3805//3805 3815//3815
f 3804//3804 3815//3815 3814//3814
f 3805//3805 3806//3806 3816//3816
f 3805//3805 3816//3816 3815//3815
f 3806//3806 3807//3807 3817//3817
f 3806//3806 3817//3817 3816//3816
f 3807//3807 3799//3799 3809//3809
f 3807//3807 3809//3809 3817//3817
f 3809//3809 3808//3808 3818//3818
f 3809//3809 3818//3818 3819//3819
f 3808//3808 3810//3810 3820//3820
f 3808//3808 3820//3820 3818//3818
f 3810//3810 3811//3811 3821//3821
f 3810//3810 3821//3821 3820//3820
f 3811//3811 3812//3812 3822//3822
f 3811//3811 3822//3822 3821//3821
f 3812//3812 3813//3813 3823//3823
f 3812//3812 3823//3823 3822//3822
f 3813//3813 3814//3814 3824//3824
f 3813//3813 3824//3824 3823//3823
f 3814//3814 3815//3815 3825//3825
f 3814//3814 3825//3825 3824//3824
f 3815//3815 3816//3816 3826//3826
f 3815//3815 3826//3826 3825//3825
f 3816//3816 3817//3817 3827//3827
f 3816//3816 3827//3827 3826//3826
f 3817//3817 3809//3809 3819//3819
f 3817//3817 3819//3819 3827//3827
f 3819//3819 3818//3818 3828//3828
f 3819//3819 3828//3828 3829//3829
f 3818//3818 3820//3820 3830//3830
f 3818//3818 3830//3830 3828//3828
f 3820//3820 3821//3821 3831//3831
f 3820//3820 3831//3831 3830//3830
f 3821//3821 3822//3822 3832//3832
f 3821//3821 3832//3832 3831//3831
f 3822//3822 3823//3823 3833//3833
f 3822//3822 3833//3833 3832//3832
f 3823//3823 3824//3824 3834//3834
f 3823//3823 3834//3834 3833//3833
f 3824//3824 3825//3825 3835//3835
f 3824//3824 3835//3835 3834//3834
f 3825//3825 3826//3826 3836//3836
f 3825//3825 3836//3836 3835//3835
f 3826//3826 3827//3827 3837//3837
f 3826//3826 3837//3837 3836//3836
f 3827//3827 3819//3819 3829//3829
f 3827//3827 3829//3829 3837//3837
f 3829//3829 3828//3828 3838//3838
f 3829//3829 3838//3838 3839//3839
f 3828//3828 3830//3830 3840//3840
f 3828//3828 3840//3840 3838//3838
f 3830//3830 3831//3831 3841//3841
f 3830//3830 3841//3841 3840//3840
f 3831//3831 3832//3832 3842//3842
f 3831//3831 3842//3842 3841//3841
f 3832//3832 3833//3833 3843//3843
f 3832//3832 3843//3843 3842//3842
f 3833//3833 3834//3834 3844//3844
f 3833//3833 3844//3844 3843//3843
f 3834//3834 3835//3835 3845//3845
f 3834//3834 3845//3845 3844//3844
f 3835//3835 3836//3836 3846//3846
f 3835//3835 3846//3846 3845//3845
f 3836//3836 3837//3837 3847//3847
f 3836//3836 3847//3847 3846//3846
f 3837//3837 3829//3829 3839//3839
f 3837//3837 3839//3839 3847//3847
f 3839//3839 3838//3838 3848//3848
f 3839//3839 3848//3848 3849//3849
f 3838//3838 3840//3840 3850//3850
f 3838//3838 3850//3850 3848//3848
f 3840//3840 3841//3841 3851//3851
f 3840//3840 3851//3851 3850//3850
f 3841//3841 3842//3842 3852//3852
f 3841//3841 3852//3852 3851//3851
f 3842//3842 3843//3843 3853//3853
f 3842//3842 3853//3853 3852//3852
f 3843//3843 3844//3844 3854//3854
f 3843//3843 3854//3854 3853//3853
f 3844//3844 3845//3845 3855//3855
f 3844//3844 3855//3855 3854//3854
f 3845//3845 3846//3846 3856//3856
f 3845//3845 3856//3856 3855//3855
f 3846//3846 3847//3847 3857//3857
f 3846//3846 3857//3857 3856//3856
f 3847//3847 3839//3839 3849//3849
f 3847//3847 3849//3849 3857//3857
f 3849//3849 3848//3848 3858//3858
f 3849//3849 3858//3858 3859//3859
f 3848//3848 3850//3850 3860//3860
f 3848//3848 3860//3860 3858//3858
f 3850//3850 3851//3851 3861//3861
f 3850//3850 3861//3861 3860//3860
f 3851//3851 3852//3852 3862//3862
f 3851//3851 3862//3862 3861//3861
f 3852//3852 3853//3853 3863//3863
f 3852//3852 3863//3863 3862//3862
f 3853//3853 3854//3854 3864//3864
f 3853//3853 3864//3864 3863//3863
f 3854//3854 3855//3855 3865//3865
f 3854//3854 3865//3865 3864//3864
f 3855//3855 3856//3856 3866//3866
f 3855//3855 3866//3866 3865//3865
f 3856//3856 3857//3857 3867//3867
f 3856//3856 3867//3867 3866//3866
f 3857//3857 3849//3849 3859//3859
f 3857//3857 3859//3859 3867//3867
f 3859//3859 3858//3858 3860//3860
f 3859//3859 3860//3860 3861//3861
f 3859//3859 3861//3861 3862//3862
f 3859//3859 3862//3862 3863//3863
f 3859//3859 3863//3863 3864//3864
f 3859//3859 3864//3864 3865//3865
f 3859//3859 3865//3865 3866//3866
f 3859//3859 3866//3866 3867//3867
f 3868//3868 3869//3869 3870//3870
f 3868//3868 3870//3870 3871//3871
f 3868//3868 3871//3871 3872//3872
f 3868//3868 3872//3872 3873//3873
f 3868//3868 3873//3873 3874//3874
f 3868//3868 3874//3874 3875//3875
f 3868//3868 3875//3875 3876//3876
f 3868//3868 3876//3876 3877//3877
f 3877//3877 3876//3876 3878//3878
f 3877//3877 3878//3878 3879//3879
f 3876//3876 3875//3875 3880//3880
f 3876//3876 3880//3880 3878//3878
f 3875//3875 3874//3874 3881//3881
f 3875//3875 3881//3881 3880//3880
f 3874//3874 3873//3873 3882//3882
f 3874//3874 3882//3882 3881//3881
f 3873//3873 3872//3872 3883//3883
f 3873//3873 3883//3883 3882//3882
f 3872//3872 3871//3871 3884//3884
f 3872//3872 3884//3884 3883//3883
f 3871//3871 3870//3870 3885//3885
f 3871//3871 3885//3885 3884//3884
f 3870//3870 3869//3869 3886//3886
f 3870//3870 3886//3886 3885//3885
f 3869//3869 3868//3868 3887//3887
f 3869//3869 3887//3887 3886//3886
f 3868//3868 3877//3877 3879//3879
f 3868//3868 3879//3879 3887//3887
f 3879//3879 3878//3878 3888//3888
f 3879//3879 3888//3888 3889//3889
f 3878//3878 3880//3880 3890//3890
f 3878//3878 3890//3890 3888//3888
f 3880//3880 3881//3881 3891//3891
f 3880//3880 3891//3891 3890//3890
f 3881//3881 3882//3882 3892//3892
f 3881//3881 3892//3892 3891//3891
f 3882//3882 3883//3883 3893//3893
f 3882//3882 3893//3893 3892//3892
f 3883//3883 3884//3884 3894//3894
f 3883//3883 3894//3894 3893//3893
f 3884//3884 3885//3885 3895//3895
f 3884//3884 3895//3895 3894//3894
f 3885//3885 3886//3886 3896//3896
f 3885//3885 3896//3896 3895//3895
f 3886//3886 3887//3887 3897//3897
f 3886//3886 3897//3897 3896//3896
f 3887//3887 3879//3879 3889//3889
f 3887//3887 3889//3889 3897//3897
f 3889//3889 3888//3888 3898//3898
f 3889//3889 3898//3898 3899//3899
f 3888//3888 3890//3890 3900//3900
f 3888//3888 3900//3900 3898//3898
f 3890//3890 3891//3891 3901//3901
f 3890//3890 3901//3901 3900//3900
f 3891//3891 3892//3892 3902//3902
f 3891//3891 3902//3902 3901//3901
f 3892//3892 3893//3893 3903//3903
f 3892//3892 3903//3903 3902//3902
f 3893//3893 3894//3894 3904//3904
f 3893//3893 3904//3904 3903//3903
f 3894//3894 3895//3895 3905//3905
f 3894//3894 3905//3905 3904//3904
f 3895//3895 3896//3896 3906//3906
f 3895//3895 3906//3906 3905//3905
f 3896//3896 3897//3897 3907//3907
f 3896//3896 3907//3907 3906//3906
f 3897//3897 3889//3889 3899//3899
f 3897//3897 3899//3899 3907//3907
f 3899//3899 3898//3898 3908//3908
f 3899//3899 3908//3908 3909//3909
f 3898//3898 3900//3900 3910//3910
f 3898//3898 3910//3910 3908//3908
f 3900//3900 3901//3901 3911//3911
f 3900//3900 3911//3911 3910//3910
f 3901//3901 3902//3902 3912//3912
f 3901//3901 3912//3912 3911//3911
f 3902//3902 3903//3903 3913//3913
f 3902//3902 3913//3913 3912//3912
f 3903//3903 3904//3904 3914//3914
f 3903//3903 3914//3914 3913//3913
f 3904//3904 3905//3905 3915//3915
f 3904//3904 3915//3915 3914//3914
f 3905//3905 3906//3906 3916//3916
f 3905//3905 3916//3916 3915//3915
f 3906//3906 3907//3907 3917//3917
f 3906//3906 3917//3917 3916//3916
f 3907//3907 3899//3899 3909//3909
f 3907//3907 3909//3909 3917//3917
f 3909//3909 3908//3908 3918//3918
f 3909//3909 3918//3918 3919//3919
f 3908//3908 3910//3910 3920//3920
f 3908//3908 3920//3920 3918//3918
f 3910//3910 3911//3911 3921//3921
f 3910//3910 3921//3921 3920//3920
f 3911//3911 3912//3912 3922//3922
f 3911//3911 3922//3922 3921//3921
f 3912//3912 3913//3913 3923//3923
f 3912//3912 3923//3923 3922//3922
f 3913//3913 3914//3914 3924//3924
f 3913//3913 3924//3924 3923//3923
f 3914//3914 3915//3915 3925//3925
f 3914//3914 3925//3925 3924//3924
f 3915//3915 3916//3916 3926//3926
f 3915//3915 3926//3926 3925//3925
f 3916//3916 3917//3917 3927//3927
f 3916//3916 3927//3927 3926//3926
f 3917//3917 3909//3909 3919//3919
f 3917//3917 3919//3919 3927//3927
f 3919//3919 3918//3918 3928//3928
f 3919//3919 3928//3928 3929//3929
f 3918//3918 3920//3920 3930//3930
f 3918//3918 3930//3930 3928//3928
f 3920//3920 3921//3921 3931//3931
f 3920//3920 3931//3931 3930//3930
f 3921//3921 3922//3922 3932//3932
f 3921//3921 3932//3932 3931//3931
f 3922//3922 3923//3923 3933//3933
f 3922//3922 3933//3933 3932//3932
f 3923//3923 3924//3924 3934//3934
f 3923//3923 3934//3934 3933//3933
f 3924//3924 3925//3925 3935//3935
f 3924//3924 3935//3935 3934//3934
f 3925//3925 3926//3926 3936//3936
f 3925//3925 3936//3936 3935//3935
f 3926//3926 3927//3927 3937//3937
f 3926//3926 3937//3937 3936//3936
f 3927//3927 3919//3919 3929//3929
f 3927//3927 3929//3929 3937//3937
f 3929//3929 3928//3928 3938//3938
f 3929//3929 3938//3938 3939//3939
f 3928//3928 3930//3930 3940//3940
f 3928//3928 3940//3940 3938//3938
f 3930//3930 3931//3931 3941//3941
f 3930//3930 3941//3941 3940//3940
f 3931//3931 3932//3932 3942//3942
f 3931//3931 3942//3942 3941//3941
f 3932//3932 3933//3933 3943//3943
f 3932//3932 3943//3943 3942//3942
f 3933//3933 3934//3934 3944//3944
f 3933//3933 3944//3944 3943//3943
f 3934//3934 3935//3935 3945//3945
f 3934//3934 3945//3945 3944//3944
f 3935//3935 3936//3936 3946//3946
f 3935//3935 3946//3946 3945//3945
f 3936//3936 3937//3937 3947//3947
f 3936//3936 3947//3947 3946//3946
f 3937//3937 3929//3929 3939//3939
f 3937//3937 3939//3939 3947//3947
f 3939//3939 3938//3938 3948//3948
f 3939//3939 3948//3948 3949//3949
f 3938//3938 3940//3940 3950//3950
f 3938//3938 3950//3950 3948//3948
f 3940//3940 3941//3941 3951//3951
f 3940//3940 3951//3951 3950//3950
f 3941//3941 3942//3942 3952//3952
f 3941//3941 3952//3952 3951//3951
f 3942//3942 3943//3943 3953//3953
f 3942//3942 3953//3953 3952//3952
f 3943//3943 3944//3944 3954//3954
f 3943//3943 3954//3954 3953//3953
f 3944//3944 3945//3945 3955//3955
f 3944//3944 3955//3955 3954//3954
f 3945//3945 3946//3946 3956//3956
f 3945//3945 3956//3956 3955//3955
f 3946//3946 3947//3947 3957//3957
f 3946//3946 3957//3957 3956//3956
f 3947//3947 3939//3939 3949//3949
f 3947//3947 3949//3949 3957//3957
f 3949//3949 3948//3948 3958//3958
f 3949//3949 3958//3958 3959//3959
f 3948//3948 3950//3950 3960//3960
f 3948//3948 3960//3960 3958//3958
f 3950//3950 3951//3951 3961//3961
f 3950//3950 3961//3961 3960//3960
f 3951//3951 3952//3952 3962//3962
f 3951//3951 3962//3962 3961//3961
f 3952//3952 3953//3953 3963//3963
f 3952//3952 3963//3963 3962//3962
f 3953//3953 3954//3954 3964//3964
f 3953//3953 3964//3964 3963//3963
f 3954//3954 3955//3955 3965//3965
f 3954//3954 3965//3965 3964//3964
f 3955//3955 3956//3956 3966//3966
f 3955//3955 3966//3966 3965//3965
f 3956//3956 3957//3957 3967//3967
f 3956//3956 3967//3967 3966//3966
f 3957//3957 3949//3949 3959//3959
f 3957//3957 3959//3959 3967//3967
f 3959//3959 3958//3958 3968//3968
f 3959//3959 3968//3968 3969//3969
f 3958//3958 3960//3960 3970//3970
f 3958//3958 3970//3970 3968//3968
f 3960//3960 3961//3961 3971//3971
f 3960//3960 3971//3971 3970//3970
f 3961//3961 3962//3962 3972//3972
f 3961//3961 3972//3972 3971//3971
f 3962//3962 3963//3963 3973//3973
f 3962//3962 3973//3973 3972//3972
f 3963//3963 3964//3964 3974//3974
f 3963//3963 3974//3974 3973//3973
f 3964//3964 3965//3965 3975//3975
f 3964//3964 3975//3975 3974//3974
f 3965//3965 3966//3966 3976//3976
f 3965//3965 3976//3976 3975//3975
f 3966//3966 3967//3967 3977//3977
f 3966//3966 3977//3977 3976//3976
f 3967//3967 3959//3959 3969//3969
f 3967//3967 3969//3969 3977//3977
f 3969//3969 3968//3968 3978//3978
f 3969//3969 3978//3978 3979//3979
f 3968//3968 3970//3970 3980//3980
f 3968//3968 3980//3980 3978//3978
f 3970//3970 3971//3971 3981//3981
f 3970//3970 3981//3981 3980//3980
f 3971//3971 3972//3972 3982//3982
f 3971//3971 3982//3982 3981//3981
f 3972//3972 3973//3973 3983//3983
f 3972//3972 3983//3983 3982//3982
f 3973//3973 3974//3974 3984//3984
f 3973//3973 3984//3984 3983//3983
f 3974//3974 3975//3975 3985//3985
f 3974//3974 3985//3985 3984//3984
f 3975//3975 3976//3976 3986//3986
f 3975//3975 3986//3986 3985//3985
f 3976//3976 3977//3977 3987//3987
f 3976//3976 3987//3987 3986//3986
f 3977//3977 3969//3969 3979//3979
f 3977//3977 3979//3979 3987//3987
f 3979//3979 3978//3978 3988//3988
f 3979//3979 3988//3988 3989//3989
f 3978//3978 3980//3980 3990//3990
f 3978//3978 3990//3990 3988//3988
f 3980//3980 3981//3981 3991//3991
f 3980//3980 3991//3991 3990//3990
f 3981//3981 3982//3982 3992//3992
f 3981//3981 3992//3992 3991//3991
f 3982//3982 3983//3983 3993//3993
f 3982//3982 3993//3993 3992//3992
f 3983//3983 3984//3984 3994//3994
f 3983//3983 3994//3994 3993//3993
f 3984//3984 3985//3985 3995//3995
f 3984//3984 3995//3995 3994//3994
f 3985//3985 3986//3986 3996//3996
f 3985//3985 3996//3996 3995//3995
f 3986//3986 3987//3987 3997//3997
f 3986//3986 3997//3997 3996//3996
f 3987//3987 3979//3979 3989//3989
f 3987//3987 3989//3989 3997//3997
f 3989//3989 3988//3988 3998//3998
f 3989//3989 3998//3998 3999//3999
f 3988//3988 3990//3990 4000//4000
f 3988//3988 4000//4000 3998//3998
f 3990//3990 3991//3991 4001//4001
f 3990//3990 4001//4001 4000//4000
f 3991//3991 3992//3992 4002//4002
f 3991//3991 4002//4002 4001//4001
f 3992//3992 3993//3993 4003//4003
f 3992//3992 4003//4003 4002//4002
f 3993//3993 3994//3994 4004//4004
f 3993//3993 4004//4004 4003//4003
f 3994//3994 3995//3995 4005//4005
f 3994//3994 4005//4005 4004//4004
f 3995//3995 3996//3996 4006//4006
f 3995//3995 4006//4006 4005//4005
f 3996//3996 3997//3997 4007//4007
f 3996//3996 4007//4007 4006//4006
f 3997//3997 3989//3989 3999//3999
f 3997//3997 3999//3999 4007//4007
f 3999//3999 3998//3998 4008//4008
f 3999//3999 4008//4008 4009//4009
f 3998//3998 4000//4000 4010//4010
f 3998//3998 4010//4010 4008//4008
f 4000//4000 4001//4001 4011//4011
f 4000//4000 4011//4011 4010//4010
f 4001//4001 4002//4002 4012//4012
f 4001//4001 4012//4012 4011//4011
f 4002//4002 4003//4003 4013//4013
f 4002//4002 4013//4013 4012//4012
f 4003//4003 4004//4004 4014//4014
f 4003//4003 4014//4014 4013//4013
f 4004//4004 4005//4005 4015//4015
f 4004//4004 4015//4015 4014//4014
f 4005//4005 4006//4006 4016//4016
f 4005//4005 4016//4016 4015//4015
f 4006//4006 4007//4007 4017//4017
f 4006//4006 4017//4017 4016//4016
f 4007//4007 3999//3999 4009//4009
f 4007//4007 4009//4009 4017//4017
f 4009//4009 4008//4008 4018//4018
f 4009//4009 4018//4018 4019//4019
f 4008//4008 4010//4010 4020//4020
f 4008//4008 4020//4020 4018//4018
f 4010//4010 4011//4011 4021//4021
f 4010//4010 4021//4021 4020//4020
f 4011//4011 4012//4012 4022//4022
f 4011//4011 4022//4022 4021//4021
f 4012//4012 4013//4013 4023//4023
f 4012//4012 4023//4023 4022//4022
f 4013//4013 4014//4014 4024//4024
f 4013//4013 4024//4024 4023//4023
f 4014//4014 4015//4015 4025//4025
f 4014//4014 4025//4025 4024//4024
f 4015//4015 4016//4016 4026//4026
f 4015//4015 4026//4026 4025//4025
f 4016//4016 4017//4017 4027//4027
f 4016//4016 4027//4027 4026//4026
f 4017//4017 4009//4009 4019//4019
f 4017//4017 4019//4019 4027//4027
f 4019//4019 4018//4018 4028//4028
f 4019//4019 4028//4028 4029//4029
f 4018//4018 4020//4020 4030//4030
f 4018//4018 4030//4030 4028//4028
f 4020//4020 4021//4021 4031//4031
f 4020//4020 4031//4031 4030//4030
f 4021//4021 4022//4022 4032//4032
f 4021//4021 4032//4032 4031//4031
f 4022//4022 4023//4023 4033//4033
f 4022//4022 4033//4033 4032//4032
f 4023//4023 4024//4024 4034//4034
f 4023//4023 4034//4034 4033//4033
f 4024//4024 4025//4025 4035//4035
f 4024//4024 4035//4035 4034//4034
f 4025//4025 4026//4026 4036//4036
f 4025//4025 4036//4036 4035//4035
f 4026//4026 4027//4027 4037//4037
f 4026//4026 4037//4037 4036//4036
f 4027//4027 4019//4019 4029//4029
f 4027//4027 4029//4029 4037//4037
f 4029//4029 4028//4028 4030//4030
f 4029//4029 4030//4030 4031//4031
f 4029//4029 4031//4031 4032//4032
f 4029//4029 4032//4032 4033//4033
f 4029//4029 4033//4033 4034//4034
f 4029//4029 4034//4034 4035//4035
f 4029//4029 4035//4035 4036//4036
f 4029//4029 4036//4036 4037//4037
f 4038//4038 4039//4039 4040//4040
f 4038//4038 4040//4040 4041//4041
f 4038//4038 4041//4041 4042//4042
f 4038//4038 4042//4042 4043//4043
f 4038//4038 4043//4043 4044//4044
f 4038//4038 4044//4044 4045//4045
f 4038//4038 4045//4045 4046//4046
f 4038//4038 4046//4046 4047//4047
f 4047//4047 4046//4046 4048//4048
f 4047//4047 4048//4048 4049//4049
f 4046//4046 4045//4045 4050//4050
f 4046//4046 4050//4050 4048//4048
f 4045//4045 4044//4044 4051//4051
f 4045//4045 4051//4051 4050//4050
f 4044//4044 4043//4043 4052//4052
f 4044//4044 4052//4052 4051//4051
f 4043//4043 4042//4042 4053//4053
f 4043//4043 4053//4053 4052//4052
f 4042//4042 4041//4041 4054//4054
f 4042//4042 4054//4054 4053//4053
f 4041//4041 4040//4040 4055//4055
f 4041//4041 4055//4055 4054//4054
f 4040//4040 4039//4039 4056//4056
f 4040//4040 4056//4056 4055//4055
f 4039//4039 4038//4038 4057//4057
f 4039//4039 4057//4057 4056//4056
f 4038//4038 4047//4047 4049//4049
f 4038//4038 4049//4049 4057//4057
f 4049//4049 4048//4048 4058//4058
f 4049//4049 4058//4058 4059//4059
f 4048//4048 4050//4050 4060//4060
f 4048//4048 4060//4060 4058//4058
f 4050//4050 4051//4051 4061//4061
f 4050//4050 4061//4061 4060//4060
f 4051//4051 4052//4052 4062//4062
f 4051//4051 4062//4062 4061//4061
f 4052//4052 4053//4053 4063//4063
f 4052//4052 4063//4063 4062//4062
f 4053//4053 4054//4054 4064//4064
f 4053//4053 4064//4064 4063//4063
f 4054//4054 4055//4055 4065//4065
f 4054//4054 4065//4065 4064//4064
f 4055//4055 4056//4056 4066//4066
f 4055//4055 4066//4066 4065//4065
f 4056//4056 4057//4057 4067//4067
f 4056//4056 4067//4067 4066//4066
f 4057//4057 4049//4049 4059//4059
f 4057//4057 4059//4059 4067//4067
f 4059//4059 4058//4058 4068//4068
f 4059//4059 4068//4068 4069//4069
f 4058//4058 4060//4060 4070//4070
f 4058//4058 4070//4070 4068//4068
f 4060//4060 4061//4061 4071//4071
f 4060//4060 4071//4071 4070//4070
f 4061//4061 4062//4062 4072//4072
f 4061//4061 4072//4072 4071//4071
f 4062//4062 4063//4063 4073//4073
f 4062//4062 4073//4073 4072//4072
f 4063//4063 4064//4064 4074//4074
f 4063//4063 4074//4074 4073//4073
f 4064//4064 4065//4065 4075//4075
f 4064//4064 4075//4075 4074//4074
f 4065//4065 4066//4066 4076//4076
f 4065//4065 4076//4076 4075//4075
f 4066//4066 4067//4067 4077//4077
f 4066//4066 4077//4077 4076//4076
f 4067//4067 4059//4059 4069//4069
f 4067//4067 4069//4069 4077//4077
f 4069//4069 4068//4068 4078//4078
f 4069//4069 4078//4078 4079//4079
f 4068//4068 4070//4070 4080//4080
f 4068//4068 4080//4080 4078//4078
f 4070//4070 4071//4071 4081//4081
f 4070//4070 4081//4081 4080//4080
f 4071//4071 4072//4072 4082//4082
f 4071//4071 4082//4082 4081//4081
f 4072//4072 4073//4073 4083//4083
f 4072//4072 4083//4083 4082//4082
f 4073//4073 4074//4074 4084//4084
f 4073//4073 4084//4084 4083//4083
f 4074//4074 4075//4075 4085//4085
f 4074//4074 4085//4085 4084//4084
f 4075//4075 4076//4076 4086//4086
f 4075//4075 4086//4086 4085//4085
f 4076//4076 4077//4077 4087//4087
f 4076//4076 4087//4087 4086//4086
f 4077//4077 4069//4069 4079//4079
f 4077//4077 4079//4079 4087//4087
f 4079//4079 4078//4078 4088//4088
f 4079//4079 4088//4088 4089//4089
f 4078//4078 4080//4080 4090//4090
f 4078//4078 4090//4090 4088//4088
f 4080//4080 4081//4081 4091//4091
f 4080//4080 4091//4091 4090//4090
f 4081//4081 4082//4082 4092//4092
f 4081//4081 4092//4092 4091//4091
f 4082//4082 4083//4083 4093//4093
f 4082//4082 4093//4093 4092//4092
f 4083//4083 4084//4084 4094//4094
f 4083//4083 4094//4094 4093//4093
f 4084//4084 4085//4085 4095//4095
f 4084//4084 4095//4095 4094//4094
f 4085//4085 4086//4086 4096//4096
f 4085//4085 4096//4096 4095//4095
f 4086//4086 4087//4087 4097//4097
f 4086//4086 4097//4097 4096//4096
f 4087//4087 4079//4079 4089//4089
f 4087//4087 4089//4089 4097//4097
f 4089//4089 4088//4088 4098//4098
f 4089//4089 4098//4098 4099//4099
f 4088//4088 4090//4090 4100//4100
f 4088//4088 4100//4100 4098//4098
f 4090//4090 4091//4091 4101//4101
f 4090//4090 4101//4101 4100//4100
f 4091//4091 4092//4092 4102//4102
f 4091//4091 4102//4102 4101//4101
f 4092//4092 4093//4093 4103//4103
f 4092//4092 4103//4103 4102//4102
f 4093//4093 4094//4094 4104//4104
f 4093//4093 4104//4104 4103//4103
f 4094//4094 4095//4095 4105//4105
f 4094//4094 4105//4105 4104//4104
f 4095//4095 4096//4096 4106//4106
f 4095//4095 4106//4106 4105//4105
f 4096//4096 4097//4097 4107//4107
f 4096//4096 4107//4107 4106//4106
f 4097//4097 4089//4089 4099//4099
f 4097//4097 4099//4099 4107//4107
f 4099//4099 4098//4098 4108//4108
f 4099//4099 4108//4108 4109//4109
f 4098//4098 4100//4100 4110//4110
f 4098//4098 4110//4110 4108//4108
f 4100//4100 4101//4101 4111//4111
f 4100//4100 4111//4111 4110//4110
f 4101//4101 4102//4102 4112//4112
f 4101//4101 4112//4112 4111//4111
f 4102//4102 4103//4103 4113//4113
f 4102//4102 4113//4113 4112//4112
f 4103//4103 4104//4104 4114//4114
f 4103//4103 4114//4114 4113//4113
f 4104//4104 4105//4105 4115//4115
f 4104//4104 4115//4115 4114//4114
f 4105//4105 4106//4106 4116//4116
f 4105//4105 4116//4116 4115//4115
f 4106//4106 4107//4107 4117//4117
f 4106//4106 4117//4117 4116//4116
f 4107//4107 4099//4099 4109//4109
f 4107//4107 4109//4109 4117//4117
f 4109//4109 4108//4108 4118//4118
f 4109//4109 4118//4118 4119//4119
f 4108//4108 4110//4110 4120//4120
f 4108//4108 4120//4120 4118//4118
f 4110//4110 4111//4111 4121//4121
f 4110//4110 4121//4121 4120//4120
f 4111//4111 4112//4112 4122//4122
f 4111//4111 4122//4122 4121//4121
f 4112//4112 4113//4113 4123//4123
f 4112//4112 4123//4123 4122//4122
f 4113//4113 4114//4114 4124//4124
f 4113//4113 4124//4124 4123//4123
f 4114//4114 4115//4115 4125//4125
f 4114//4114 4125//4125 4124//4124
f 4115//4115 4116//4116 4126//4126
f 4115//4115 4126//4126 4125//4125
f 4116//4116 4117//4117 4127//4127
f 4116//4116 4127//4127 4126//4126
f 4117//4117 4109//4109 4119//4119
f 4117//4117 4119//4119 4127//4127
f 4119//4119 4118//4118 4128//4128
f 4119//4119 4128//4128 4129//4129
f 4118//4118 4120//4120 4130//4130
f 4118//4118 4130//4130 4128//4128
f 4120//4120 4121//4121 4131//4131
f 4120//4120 4131//4131 4130//4130
f 4121//4121 4122//4122 4132//4132
f 4121//4121 4132//4132 4131//4131
f 4122//4122 4123//4123 4133//4133
f 4122//4122 4133//4133 4132//4132
f 4123//4123 4124//4124 4134//4134
f 4123//4123 4134//4134 4133//4133
f 4124//4124 4125//4125 4135//4135
f 4124//4124 4135//4135 4134//4134
f 4125//4125 4126//4126 4136//4136
f 4125//4125 4136//4136 4135//4135
f 4126//4126 4127//4127 4137//4137
f 4126//4126 4137//4137 4136//4136
f 4127//4127 4119//4119 4129//4129
f 4127//4127 4129//4129 4137//4137
f 4129//4129 4128//4128 4138//4138
f 4129//4129 4138//4138 4139//4139
f 4128//4128 4130//4130 4140//4140
f 4128//4128 4140//4140 4138//4138
f 4130//4130 4131//4131 4141//4141
f 4130//4130 4141//4141 4140//4140
f 4131//4131 4132//4132 4142//4142
f 4131//4131 4142//4142 4141//4141
f 4132//4132 4133//4133 4143//4143
f 4132//4132 4143//4143 4142//4142
f 4133//4133 4134//4134 4144//4144
f 4133//4133 4144//4144 4143//4143
f 4134//4134 4135//4135 4145//4145
f 4134//4134 4145//4145 4144//4144
f 4135//4135 4136//4136 4146//4146
f 4135//4135 4146//4146 4145//4145
f 4136//4136 4137//4137 4147//4147
f 4136//4136 4147//4147 4146//4146
f 4137//4137 4129//4129 4139//4139
f 4137//4137 4139//4139 4147//4147
f 4139//4139 4138//4138 4148//4148
f 4139//4139 4148//4148 4149//4149
f 4138//4138 4140//4140 4150//4150
f 4138//4138 4150//4150 4148//4148
f 4140//4140 4141//4141 4151//4151
f 4140//4140 4151//4151 4150//4150
f 4141//4141 4142//4142 4152//4152
f 4141//4141 4152//4152 4151//4151
f 4142//4142 4143//4143 4153//4153
f 4142//4142 4153//4153 4152//4152
f 4143//4143 4144//4144 4154//4154
f 4143//4143 4154//4154 4153//4153
f 4144//4144 4145//4145 4155//4155
f 4144//4144 4155//4155 4154//4154
f 4145//4145 4146//4146 4156//4156
f 4145//4145 4156//4156 4155//4155
f 4146//4146 4147//4147 4157//4157
f 4146//4146 4157//4157 4156//4156
f 4147//4147 4139//4139 4149//4149
f 4147//4147 4149//4149 4157//4157
f 4149//4149 4148//4148 4158//4158
f 4149//4149 4158//4158 4159//4159
f 4148//4148 4150//4150 4160//4160
f 4148//4148 4160//4160 4158//4158
f 4150//4150 4151//4151 4161//4161
f 4150//4150 4161//4161 4160//4160
f 4151//4151 4152//4152 4162//4162
f 4151//4151 4162//4162 4161//4161
f 4152//4152 4153//4153 4163//4163
f 4152//4152 4163//4163 4162//4162
f 4153//4153 4154//4154 4164//4164
f 4153//4153 4164//4164 4163//4163
f 4154//4154 4155//4155 4165//4165
f 4154//4154 4165//4165 4164//4164
f 4155//4155 4156//4156 4166//4166
f 4155//4155 4166//4166 4165//4165
f 4156//4156 4157//4157 4167//4167
f 4156//4156 4167//4167 4166//4166
f 4157//4157 4149//4149 4159//4159
f 4157//4157 4159//4159 4167//4167
f 4159//4159 4158//4158 4168//4168
f 4159//4159 4168//4168 4169//4169
f 4158//4158 4160//4160 4170//4170
f 4158//4158 4170//4170 4168//4168
f 4160//4160 4161//4161 4171//4171
f 4160//4160 4171//4171 4170//4170
f 4161//4161 4162//4162 4172//4172
f 4161//4161 4172//4172 4171//4171
f 4162//4162 4163//4163 4173//4173
f 4162//4162 4173//4173 4172//4172
f 4163//4163 4164//4164 4174//4174
f 4163//4163 4174//4174 4173//4173
f 4164//4164 4165//4165 4175//4175
f 4164//4164 4175//4175 4174//4174
f 4165//4165 4166//4166 4176//4176
f 4165//4165 4176//4176 4175//4175
f 4166//4166 4167//4167 4177//4177
f 4166//4166 4177//4177 4176//4176
f 4167//4167 4159//4159 4169//4169
f 4167//4167 4169//4169 4177//4177
f 4169//4169 4168//4168 4178//4178
f 4169//4169 4178//4178 4179//4179
f 4168//4168 4170//4170 4180//4180
f 4168//4168 4180//4180 4178//4178
f 4170//4170 4171//4171 4181//4181
f 4170//4170 4181//4181 4180//4180
f 4171//4171 4172//4172 4182//4182
f 4171//4171 4182//4182 4181//4181
f 4172//4172 4173//4173 4183//4183
f 4172//4172 4183//4183 4182//4182
f 4173//4173 4174//4174 4184//4184
f 4173//4173 4184//4184 4183//4183
f 4174//4174 4175//4175 4185//4185
f 4174//4174 4185//4185 4184//4184
f 4175//4175 4176//4176 4186//4186
f 4175//4175 4186//4186 4185//4185
f 4176//4176 4177//4177 4187//4187
f 4176//4176 4187//4187 4186//4186
f 4177//4177 4169//4169 4179//4179
f 4177//4177 4179//4179 4187//4187
f 4179//4179 4178//4178 4188//4188
f 4179//4179 4188//4188 4189//4189
f 4178//4178 4180//4180 4190//4190
f 4178//4178 4190//4190 4188//4188
f 4180//4180 4181//4181 4191//4191
f 4180//4180 4191//4191 4190//4190
f 4181//4181 4182//4182 4192//4192
f 4181//4181 4192//4192 4191//4191
f 4182//4182 4183//4183 4193//4193
f 4182//4182 4193//4193 4192//4192
f 4183//4183 4184//4184 4194//4194
f 4183//4183 4194//4194 4193//4193
f 4184//4184 4185//4185 4195//4195
f 4184//4184 4195//4195 4194//4194
f 4185//4185 4186//4186 4196//4196
f 4185//4185 4196//4196 4195//4195
f 4186//4186 4187//4187 4197//4197
f 4186//4186 4197//4197 4196//4196
f 4187//4187 4179//4179 4189//4189
f 4187//4187 4189//4189 4197//4197
f 4189//4189 4188//4188 4198//4198
f 4189//4189 4198//4198 4199//4199
f 4188//4188 4190//4190 4200//4200
f 4188//4188 4200//4200 4198//4198
f 4190//4190 4191//4191 4201//4201
f 4190//4190 4201//4201 4200//4200
f 4191//4191 4192//4192 4202//4202
f 4191//4191 4202//4202 4201//4201
f 4192//4192 4193//4193 4203//4203
f 4192//4192 4203//4203 4202//4202
f 4193//4193 4194//4194 4204//4204
f 4193//4193 4204//4204 4203//4203
f 4194//4194 4195//4195 4205//4205
f 4194//4194 4205//4205 4204//4204
f 4195//4195 4196//4196 4206//4206
f 4195//4195 4206//4206 4205//4205
f 4196//4196 4197//4197 4207//4207
f 4196//4196 4207//4207 4206//4206
f 4197//4197 4189//4189 4199//4199
f 4197//4197 4199//4199 4207//4207
f 4199//4199 4198//4198 4200//4200
f 4199//4199 4200//4200 4201//4201
f 4199//4199 4201//4201 4202//4202
f 4199//4199 4202//4202 4203//4203
f 4199//4199 4203//4203 4204//4204
f 4199//4199 4204//4204 4205//4205
f 4199//4199 4205//4205 4206//4206
f 4199//4199 4206//4206 4207//4207
f 4208//4208 4209//4209 4210//4210
f 4208//4208 4210//4210 4211//4211
f 4208//4208 4211//4211 4212//4212
f 4208//4208 4212//4212 4213//4213
f 4208//4208 4213//4213 4214//4214
f 4208//4208 4214//4214 4215//4215
f 4208//4208 4215//4215 4216//4216
f 4208//4208 4216//4216 4217//4217
f 4217//4217 4216//4216 4218//4218
f 4217//4217 4218//4218 4219//4219
f 4216//4216 4215//4215 4220//4220
f 4216//4216 4220//4220 4218//4218
f 4215//4215 4214//4214 4221//4221
f 4215//4215 4221//4221 4220//4220
f 4214//4214 4213//4213 4222//4222
f 4214//4214 4222//4222 4221//4221
f 4213//4213 4212//4212 4223//4223
f 4213//4213 4223//4223 4222//4222
f 4212//4212 4211//4211 4224//4224
f 4212//4212 4224//4224 4223//4223
f 4211//4211 4210//4210 4225//4225
f 4211//4211 4225//4225 4224//4224
f 4210//4210 4209//4209 4226//4226
f 4210//4210 4226//4226 4225//4225
f 4209//4209 4208//4208 4227//4227
f 4209//4209 4227//4227 4226//4226
f 4208//4208 4217//4217 4219//4219
f 4208//4208 4219//4219 4227//4227
f 4219//4219 4218//4218 4228//4228
f 4219//4219 4228//4228 4229//4229
f 4218//4218 4220//4220 4230//4230
f 4218//4218 4230//4230 4228//4228
f 4220//4220 4221//4221 4231//4231
f 4220//4220 4231//4231 4230//4230
f 4221//4221 4222//4222 4232//4232
f 4221//4221 4232//4232 4231//4231
f 4222//4222 4223//4223 4233//4233
f 4222//4222 4233//4233 4232//4232
f 4223//4223 4224//4224 4234//4234
f 4223//4223 4234//4234 4233//4233
f 4224//4224 4225//4225 4235//4235
f 4224//4224 4235//4235 4234//4234
f 4225//4225 4226//4226 4236//4236
f 4225//4225 4236//4236 4235//4235
f 4226//4226 4227//4227 4237//4237
f 4226//4226 4237//4237 4236//4236
f 4227//4227 4219//4219 4229//4229
f 4227//4227 4229//4229 4237//4237
f 4229//4229 4228//4228 4238//4238
f 4229//4229 4238//4238 4239//4239
f 4228//4228 4230//4230 4240//4240
f 4228//4228 4240//4240 4238//4238
f 4230//4230 4231//4231 4241//4241
f 4230//4230 4241//4241 4240//4240
f 4231//4231 4232//4232 4242//4242
f 4231//4231 4242//4242 4241//4241
f 4232//4232 4233//4233 4243//4243
f 4232//4232 4243//4243 4242//4242
f 4233//4233 4234//4234 4244//4244
f 4233//4233 4244//4244 4243//4243
f 4234//4234 4235//4235 4245//4245
f 4234//4234 4245//4245 4244//4244
f 4235//4235 4236//4236 4246//4246
f 4235//4235 4246//4246 4245//4245
f 4236//4236 4237//4237 4247//4247
f 4236//4236 4247//4247 4246//4246
f 4237//4237 4229//4229 4239//4239
f 4237//4237 4239//4239 4247//4247
f 4239//4239 4238//4238 4248//4248
f 4239//4239 4248//4248 4249//4249
f 4238//4238 4240//4240 4250//4250
f 4238//4238 4250//4250 4248//4248
f 4240//4240 4241//4241 4251//4251
f 4240//4240 4251//4251 4250//4250
f 4241//4241 4242//4242 4252//4252
f 4241//4241 4252//4252 4251//4251
f 4242//4242 4243//4243 4253//4253
f 4242//4242 4253//4253 4252//4252
f 4243//4243 4244//4244 4254//4254
f 4243//4243 4254//4254 4253//4253
f 4244//4244 4245//4245 4255//4255
f 4244//4244 4255//4255 4254//4254
f 4245//4245 4246//4246 4256//4256
f 4245//4245 4256//4256 4255//4255
f 4246//4246 4247//4247 4257//4257
f 4246//4246 4257//4257 4256//4256
f 4247//4247 4239//4239 4249//4249
f 4247//4247 4249//4249 4257//4257
f 4249//4249 4248//4248 4258//4258
f 4249//4249 4258//4258 4259//4259
f 4248//4248 4250//4250 4260//4260
f 4248//4248 4260//4260 4258//4258
f 4250//4250 4251//4251 4261//4261
f 4250//4250 4261//4261 4260//4260
f 4251//4251 4252//4252 4262//4262
f 4251//4251 4262//4262 4261//4261
f 4252//4252 4253//4253 4263//4263
f 4252//4252 4263//4263 4262//4262
f 4253//4253 4254//4254 4264//4264
f 4253//4253 4264//4264 4263//4263
f 4254//4254 4255//4255 4265//4265
f 4254//4254 4265//4265 4264//4264
f 4255//4255 4256//4256 4266//4266
f 4255//4255 4266//4266 4265//4265
f 4256//4256 4257//4257 4267//4267
f 4256//4256 4267//4267 4266//4266
f 4257//4257 4249//4249 4259//4259
f 4257//4257 4259//4259 4267//4267
f 4259//4259 4258//4258 4268//4268
f 4259//4259 4268//4268 4269//4269
f 4258//4258 4260//4260 4270//4270
f 4258//4258 4270//4270 4268//4268
f 4260//4260 4261//4261 4271//4271
f 4260//4260 4271//4271 4270//4270
f 4261//4261 4262//4262 4272//4272
f 4261//4261 4272//4272 4271//4271
f 4262//4262 4263//4263 4273//4273
f 4262//4262 4273//4273 4272//4272
f 4263//4263 4264//4264 4274//4274
f 4263//4263 4274//4274 4273//4273
f 4264//4264 4265//4265 4275//4275
f 4264//4264 4275//4275 4274//4274
f 4265//4265 4266//4266 4276//4276
f 4265//4265 4276//4276 4275//4275
f 4266//4266 4267//4267 4277//4277
f 4266//4266 4277//4277 4276//4276
f 4267//4267 4259//4259 4269//4269
f 4267//4267 4269//4269 4277//4277
f 4269//4269 4268//4268 4278//4278
f 4269//4269 4278//4278 4279//4279
f 4268//4268 4270//4270 4280//4280
f 4268//4268 4280//4280 4278//4278
f 4270//4270 4271//4271 4281//4281
f 4270//4270 4281//4281 4280//4280
f 4271//4271 4272//4272 4282//4282
f 4271//4271 4282//4282 4281//4281
f 4272//4272 4273//4273 4283//4283
f 4272//4272 4283//4283 4282//4282
f 4273//4273 4274//4274 4284//4284
f 4273//4273 4284//4284 4283//4283
f 4274//4274 4275//4275 4285//4285
f 4274//4274 4285//4285 4284//4284
f 4275//4275 4276//4276 4286//4286
f 4275//4275 4286//4286 4285//4285
f 4276//4276 4277//4277 4287//4287
f 4276//4276 4287//4287 4286//4286
f 4277//4277 4269//4269 4279//4279
f 4277//4277 4279//4279 4287//4287
f 4279//4279 4278//4278 4288//4288
f 4279//4279 4288//4288 4289//4289
f 4278//4278 4280//4280 4290//4290
f 4278//4278 4290//4290 4288//4288
f 4280//4280 4281//4281 4291//4291
f 4280//4280 4291//4291 4290//4290
f 4281//4281 4282//4282 4292//4292
f 4281//4281 4292//4292 4291//4291
f 4282//4282 4283//4283 4293//4293
f 4282//4282 4293//4293 4292//4292
f 4283//4283 4284//4284 4294//4294
f 4283//4283 4294//4294 4293//4293
f 4284//4284 4285//4285 4295//4295
f 4284//4284 4295//4295 4294//4294
f 4285//4285 4286//4286 4296//4296
f 4285//4285 4296//4296 4295//4295
f 4286//4286 4287//4287 4297//4297
f 4286//4286 4297//4297 4296//4296
f 4287//4287 4279//4279 4289//4289
f 4287//4287 4289//4289 4297//4297
f 4289//4289 4288//4288 4298//4298
f 4289//4289 4298//4298 4299//4299
f 4288//4288 4290//4290 4300//4300
f 4288//4288 4300//4300 4298//4298
f 4290//4290 4291//4291 4301//4301
f 4290//4290 4301//4301 4300//4300
f 4291//4291 4292//4292 4302//4302
f 4291//4291 4302//4302 4301//4301
f 4292//4292 4293//4293 4303//4303
f 4292//4292 4303//4303 4302//4302
f 4293//4293 4294//4294 4304//4304
f 4293//4293 4304//4304 4303//4303
f 4294//4294 4295//4295 4305//4305
f 4294//4294 4305//4305 4304//4304
f 4295//4295 4296//4296 4306//4306
f 4295//4295 4306//4306 4305//4305
f 4296//4296 4297//4297 4307//4307
f 4296//4296 4307//4307 4306//4306
f 4297//4297 4289//4289 4299//4299
f 4297//4297 4299//4299 4307//4307
f 4299//4299 4298//4298 4308//4308
f 4299//4299 4308//4308 4309//4309
f 4298//4298 4300//4300 4310//4310
f 4298//4298 4310//4310 4308//4308
f 4300//4300 4301//4301 4311//4311
f 4300//4300 4311//4311 4310//4310
f 4301//4301 4302//4302 4312//4312
f 4301//4301 4312//4312 4311//4311
f 4302//4302 4303//4303 4313//4313
f 4302//4302 4313//4313 4312//4312
f 4303//4303 4304//4304 4314//4314
f 4303//4303 4314//4314 4313//4313
f 4304//4304 4305//4305 4315//4315
f 4304//4304 4315//4315 4314//4314
f 4305//4305 4306//4306 4316//4316
f 4305//4305 4316//4316 4315//4315
f 4306//4306 4307//4307 4317//4317
f 4306//4306 4317//4317 4316//4316
f 4307//4307 4299//4299 4309//4309
f 4307//4307 4309//4309 4317//4317
f 4309//4309 4308//4308 4318//4318
f 4309//4309 4318//4318 4319//4319
f 4308//4308 4310//4310 4320//4320
f 4308//4308 4320//4320 4318//4318
f 4310//4310 4311//4311 4321//4321
f 4310//4310 4321//4321 4320//4320
f 4311//4311 4312//4312 4322//4322
f 4311//4311 4322//4322 4321//4321
f 4312//4312 4313//4313 4323//4323
f 4312//4312 4323//4323 4322//4322
f 4313//4313 4314//4314 4324//4324
f 4313//4313 4324//4324 4323//4323
f 4314//4314 4315//4315 4325//4325
f 4314//4314 4325//4325 4324//4324
f 4315//4315 4316//4316 4326//4326
f 4315//4315 4326//4326 4325//4325
f 4316//4316 4317//4317 4327//4327
f 4316//4316 4327//4327 4326//4326
f 4317//4317 4309//4309 4319//4319
f 4317//4317 4319//4319 4327//4327
f 4319//4319 4318//4318 4328//4328
f 4319//4319 4328//4328 4329//4329
f 4318//4318 4320//4320 4330//4330
f 4318//4318 4330//4330 4328//4328
f 4320//4320 4321//4321 4331//4331
f 4320//4320 4331//4331 4330//4330
f 4321//4321 4322//4322 4332//4332
f 4321//4321 4332//4332 4331//4331
f 4322//4322 4323//4323 4333//4333
f 4322//4322 4333//4333 4332//4332
f 4323//4323 4324//4324 4334//4334
f 4323//4323 4334//4334 4333//4333
f 4324//4324 4325//4325 4335//4335
f 4324//4324 4335//4335 4334//4334
f 4325//4325 4326//4326 4336//4336
f 4325//4325 4336//4336 4335//4335
f 4326//4326 4327//4327 4337//4337
f 4326//4326 4337//4337 4336//4336
f 4327//4327 4319//4319 4329//4329
f 4327//4327 4329//4329 4337//4337
f 4329//4329 4328//4328 4338//4338
f 4329//4329 4338//4338 4339//4339
f 4328//4328 4330//4330 4340//4340
f 4328//4328 4340//4340 4338//4338
f 4330//4330 4331//4331 4341//4341
f 4330//4330 4341//4341 4340//4340
f 4331//4331 4332//4332 4342//4342
f 4331//4331 4342//4342 4341//4341
f 4332//4332 4333//4333 4343//4343
f 4332//4332 4343//4343 4342//4342
f 4333//4333 4334//4334 4344//4344
f 4333//4333 4344//4344 4343//4343
f 4334//4334 4335//4335 4345//4345
f 4334//4334 4345//4345 4344//4344
f 4335//4335 4336//4336 4346//4346
f 4335//4335 4346//4346 4345//4345
f 4336//4336 4337//4337 4347//4347
f 4336//4336 4347//4347 4346//4346
f 4337//4337 4329//4329 4339//4339
f 4337//4337 4339//4339 4347//4347
f 4339//4339 4338//4338 4348//4348
f 4339//4339 4348//4348 4349//4349
f 4338//4338 4340//4340 4350//4350
f 4338//4338 4350//4350 4348//4348
f 4340//4340 4341//4341 4351//4351
f 4340//4340 4351//4351 4350//4350
f 4341//4341 4342//4342 4352//4352
f 4341//4341 4352//4352 4351//4351
f 4342//4342 4343//4343 4353//4353
f 4342//4342 4353//4353 4352//4352
f 4343//4343 4344//4344 4354//4354
f 4343//4343 4354//4354 4353//4353
f 4344//4344 4345//4345 4355//4355
f 4344//4344 4355//4355 4354//4354
f 4345//4345 4346//4346 4356//4356
f 4345//4345 4356//4356 4355//4355
f 4346//4346 4347//4347 4357//4357
f 4346//4346 4357//4357 4356//4356
f 4347//4347 4339//4339 4349//4349
f 4347//4347 4349//4349 4357//4357
f 4349//4349 4348//4348 4358//4358
f 4349//4349 4358//4358 4359//4359
f 4348//4348 4350//4350 4360//4360
f 4348//4348 4360//4360 4358//4358
f 4350//4350 4351//4351 4361//4361
f 4350//4350 4361//4361 4360//4360
f 4351//4351 4352//4352 4362//4362
f 4351//4351 4362//4362 4361//4361
f 4352//4352 4353//4353 4363//4363
f 4352//4352 4363//4363 4362//4362
f 4353//4353 4354//4354 4364//4364
f 4353//4353 4364//4364 4363//4363
f 4354//4354 4355//4355 4365//4365
f 4354//4354 4365//4365 4364//4364
f 4355//4355 4356//4356 4366//4366
f 4355//4355 4366//4366 4365//4365
f 4356//4356 4357//4357 4367//4367
f 4356//4356 4367//4367 4366//4366
f 4357//4357 4349//4349 4359//4359
f 4357//4357 4359//4359 4367//4367
f 4359//4359 4358//4358 4368//4368
f 4359//4359 4368//4368 4369//4369
f 4358//4358 4360//4360 4370//4370
f 4358//4358 4370//4370 4368//4368
f 4360//4360 4361//4361 4371//4371
f 4360//4360 4371//4371 4370//4370
f 4361//4361 4362//4362 4372//4372
f 4361//4361 4372//4372 4371//4371
f 4362//4362 4363//4363 4373//4373
f 4362//4362 4373//4373 4372//4372
f 4363//4363 4364//4364 4374//4374
f 4363//4363 4374//4374 4373//4373
f 4364//4364 4365//4365 4375//4375
f 4364//4364 4375//4375 4374//4374
f 4365//4365 4366//4366 4376//4376
f 4365//4365 4376//4376 4375//4375
f 4366//4366 4367//4367 4377//4377
f 4366//4366 4377//4377 4376//4376
f 4367//4367 4359//4359 4369//4369
f 4367//4367 4369//4369 4377//4377
f 4369//4369 4368//4368 4370//4370
f 4369//4369 4370//4370 4371//4371
f 4369//4369 4371//4371 4372//4372
f 4369//4369 4372//4372 4373//4373
f 4369//4369 4373//4373 4374//4374
f 4369//4369 4374//4374 4375//4375
f 4369//4369 4375//4375 4376//4376
f 4369//4369 4376//4376 4377//4377
f 4378//4378 4379//4379 4380//4380
f 4378//4378 4380//4380 4381//4381
f 4378//4378 4381//4381 4382//4382
f 4378//4378 4382//4382 4383//4383
f 4378//4378 4383//4383 4384//4384
f 4378//4378 4384//4384 4385//4385
f 4385//4385 4384//4384 4386//4386
f 4385//4385 4386//4386 4387//4387
f 4384//4384 4383//4383 4388//4388
f 4384//4384 4388//4388 4386//4386
f 4383//4383 4382//4382 4389//4389
f 4383//4383 4389//4389 4388//4388
f 4382//4382 4381//4381 4390//4390
f 4382//4382 4390//4390 4389//4389
f 4381//4381 4380//4380 4391//4391
f 4381//4381 4391//4391 4390//4390
f 4380//4380 4379//4379 4392//4392
f 4380//4380 4392//4392 4391//4391
f 4379//4379 4378//4378 4393//4393
f 4379//4379 4393//4393 4392//4392
f 4378//4378 4385//4385 4387//4387
f 4378//4378 4387//4387 4393//4393
f 4387//4387 4386//4386 4394//4394
f 4387//4387 4394//4394 4395//4395
f 4386//4386 4388//4388 4396//4396
f 4386//4386 4396//4396 4394//4394
f 4388//4388 4389//4389 4397//4397
f 4388//4388 4397//4397 4396//4396
f 4389//4389 4390//4390 4398//4398
f 4389//4389 4398//4398 4397//4397
f 4390//4390 4391//4391 4399//4399
f 4390//4390 4399//4399 4398//4398
f 4391//4391 4392//4392 4400//4400
f 4391//4391 4400//4400 4399//4399
f 4392//4392 4393//4393 4401//4401
f 4392//4392 4401//4401 4400//4400
f 4393//4393 4387//4387 4395//4395
f 4393//4393 4395//4395 4401//4401
f 4395//4395 4394//4394 4402//4402
f 4395//4395 4402//4402 4403//4403
f 4394//4394 4396//4396 4404//4404
f 4394//4394 4404//4404 4402//4402
f 4396//4396 4397//4397 4405//4405
f 4396//4396 4405//4405 4404//4404
f 4397//4397 4398//4398 4406//4406
f 4397//4397 4406//4406 4405//4405
f 4398//4398 4399//4399 4407//4407
f 4398//4398 4407//4407 4406//4406
f 4399//4399 4400//4400 4408//4408
f 4399//4399 4408//4408 4407//4407
f 4400//4400 4401//4401 4409//4409
f 4400//4400 4409//4409 4408//4408
f 4401//4401 4395//4395 4403//4403
f 4401//4401 4403//4403 4409//4409
f 4403//4403 4402//4402 4410//4410
f 4403//4403 4410//4410 4411//4411
f 4402//4402 4404//4404 4412//4412
f 4402//4402 4412//4412 4410//4410
f 4404//4404 4405//4405 4413//4413
f 4404//4404 4413//4413 4412//4412
f 4405//4405 4406//4406 4414//4414
f 4405//4405 4414//4414 4413//4413
f 4406//4406 4407//4407 4415//4415
f 4406//4406 4415//4415 4414//4414
f 4407//4407 4408//4408 4416//4416
f 4407//4407 4416//4416 4415//4415
f 4408//4408 4409//4409 4417//4417
f 4408//4408 4417//4417 4416//4416
f 4409//4409 4403//4403 4411//4411
f 4409//4409 4411//4411 4417//4417
f 4411//4411 4410//4410 4418//4418
f 4411//4411 4418//4418 4419//4419
f 4410//4410 4412//4412 4420//4420
f 4410//4410 4420//4420 4418//4418
f 4412//4412 4413//4413 4421//4421
f 4412//4412 4421//4421 4420//4420
f 4413//4413 4414//4414 4422//4422
f 4413//4413 4422//4422 4421//4421
f 4414//4414 4415//4415 4423//4423
f 4414//4414 4423//4423 4422//4422
f 4415//4415 4416//4416 4424//4424
f 4415//4415 4424//4424 4423//4423
f 4416//4416 4417//4417 4425//4425
f 4416//4416 4425//4425 4424//4424
f 4417//4417 4411//4411 4419//4419
f 4417//4417 4419//4419 4425//4425
f 4419//4419 4418//4418 4426//4426
f 4419//4419 4426//4426 4427//4427
f 4418//4418 4420//4420 4428//4428
f 4418//4418 4428//4428 4426//4426
f 4420//4420 4421//4421 4429//4429
f 4420//4420 4429//4429 4428//4428
f 4421//4421 4422//4422 4430//4430
f 4421//4421 4430//4430 4429//4429
f 4422//4422 4423//4423 4431//4431
f 4422//4422 4431//4431 4430//4430
f 4423//4423 4424//4424 4432//4432
f 4423//4423 4432//4432 4431//4431
f 4424//4424 4425//4425 4433//4433
f 4424//4424 4433//4433 4432//4432
f 4425//4425 4419//4419 4427//4427
f 4425//4425 4427//4427 4433//4433
f 4427//4427 4426//4426 4434//4434
f 4427//4427 4434//4434 4435//4435
f 4426//4426 4428//4428 4436//4436
f 4426//4426 4436//4436 4434//4434
f 4428//4428 4429//4429 4437//4437
f 4428//4428 4437//4437 4436//4436
f 4429//4429 4430//4430 4438//4438
f 4429//4429 4438//4438 4437//4437
f 4430//4430 4431//4431 4439//4439
f 4430//4430 4439//4439 4438//4438
f 4431//4431 4432//4432 4440//4440
f 4431//4431 4440//4440 4439//4439
f 4432//4432 4433//4433 4441//4441
f 4432//4432 4441//4441 4440//4440
f 4433//4433 4427//4427 4435//4435
f 4433//4433 4435//4435 4441//4441
f 4435//4435 4434//4434 4442//4442
f 4435//4435 4442//4442 4443//4443
f 4434//4434 4436//4436 4444//4444
f 4434//4434 4444//4444 4442//4442
f 4436//4436 4437//4437 4445//4445
f 4436//4436 4445//4445 4444//4444
f 4437//4437 4438//4438 4446//4446
f 4437//4437 4446//4446 4445//4445
f 4438//4438 4439//4439 4447//4447
f 4438//4438 4447//4447 4446//4446
f 4439//4439 4440//4440 4448//4448
f 4439//4439 4448//4448 4447//4447
f 4440//4440 4441//4441 4449//4449
f 4440//4440 4449//4449 4448//4448
f 4441//4441 4435//4435 4443//4443
f 4441//4441 4443//4443 4449//4449
f 4443//4443 4442//4442 4450//4450
f 4443//4443 4450//4450 4451//4451
f 4442//4442 4444//4444 4452//4452
f 4442//4442 4452//4452 4450//4450
f 4444//4444 4445//4445 4453//4453
f 4444//4444 4453//4453 4452//4452
f 4445//4445 4446//4446 4454//4454
f 4445//4445 4454//4454 4453//4453
f 4446//4446 4447//4447 4455//4455
f 4446//4446 4455//4455 4454//4454
f 4447//4447 4448//4448 4456//4456
f 4447//4447 4456//4456 4455//4455
f 4448//4448 4449//4449 4457//4457
f 4448//4448 4457//4457 4456//4456
f 4449//4449 4443//4443 4451//4451
f 4449//4449 4451//4451 4457//4457
f 4451//4451 4450//4450 4458//4458
f 4451//4451 4458//4458 4459//4459
f 4450//4450 4452//4452 4460//4460
f 4450//4450 4460//4460 4458//4458
f 4452//4452 4453//4453 4461//4461
f 4452//4452 4461//4461 4460//4460
f 4453//4453 4454//4454 4462//4462
f 4453//4453 4462//4462 4461//4461
f 4454//4454 4455//4455 4463//4463
f 4454//4454 4463//4463 4462//4462
f 4455//4455 4456//4456 4464//4464
f 4455//4455 4464//4464 4463//4463
f 4456//4456 4457//4457 4465//4465
f 4456//4456 4465//4465 4464//4464
f 4457//4457 4451//4451 4459//4459
f 4457//4457 4459//4459 4465//4465
f 4459//4459 4458//4458 4466//4466
f 4459//4459 4466//4466 4467//4467
f 4458//4458 4460//4460 4468//4468
f 4458//4458 4468//4468 4466//4466
f 4460//4460 4461//4461 4469//4469
f 4460//4460 4469//4469 4468//4468
f 4461//4461 4462//4462 4470//4470
f 4461//4461 4470//4470 4469//4469
f 4462//4462 4463//4463 4471//4471
f 4462//4462 4471//4471 4470//4470
f 4463//4463 4464//4464 4472//4472
f 4463//4463 4472//4472 4471//4471
f 4464//4464 4465//4465 4473//4473
f 4464//4464 4473//4473 4472//4472
f 4465//4465 4459//4459 4467//4467
f 4465//4465 4467//4467 4473//4473
f 4467//4467 4466//4466 4474//4474
f 4467//4467 4474//4474 4475//4475
f 4466//4466 4468//4468 4476//4476
f 4466//4466 4476//4476 4474//4474
f 4468//4468 4469//4469 4477//4477
f 4468//4468 4477//4477 4476//4476
f 4469//4469 4470//4470 4478//4478
f 4469//4469 4478//4478 4477//4477
f 4470//4470 4471//4471 4479//4479
f 4470//4470 4479//4479 4478//4478
f 4471//4471 4472//4472 4480//4480
f 4471//4471 4480//4480 4479//4479
f 4472//4472 4473//4473 4481//4481
f 4472//4472 4481//4481 4480//4480
f 4473//4473 4467//4467 4475//4475
f 4473//4473 4475//4475 4481//4481
f 4475//4475 4474//4474 4476//4476
f 4475//4475 4476//4476 4477//4477
f 4475//4475 4477//4477 4478//4478
f 4475//4475 4478//4478 4479//4479
f 4475//4475 4479//4479 4480//4480
f 4475//4475 4480//4480 4481//4481
f 4482//4482 4483//4483 4484//4484
f 4482//4482 4484//4484 4485//4485
f 4482//4482 4485//4485 4486//4486
f 4482//4482 4486//4486 4487//4487
f 4482//4482 4487//4487 4488//4488
f 4482//4482 4488//4488 4489//4489
f 4489//4489 4488//4488 4490//4490
f 4489//4489 4490//4490 4491//4491
f 4488//4488 4487//4487 4492//4492
f 4488//4488 4492//4492 4490//4490
f 4487//4487 4486//4486 4493//4493
f 4487//4487 4493//4493 4492//4492
f 4486//4486 4485//4485 4494//4494
f 4486//4486 4494//4494 4493//4493
f 4485//4485 4484//4484 4495//4495
f 4485//4485 4495//4495 4494//4494
f 4484//4484 4483//4483 4496//4496
f 4484//4484 4496//4496 4495//4495
f 4483//4483 4482//4482 4497//4497
f 4483//4483 4497//4497 4496//4496
f 4482//4482 4489//4489 4491//4491
f 4482//4482 4491//4491 4497//4497
f 4491//4491 4490//4490 4498//4498
f 4491//4491 4498//4498 4499//4499
f 4490//4490 4492//4492 4500//4500
f 4490//4490 4500//4500 4498//4498
f 4492//4492 4493//4493 4501//4501
f 4492//4492 4501//4501 4500//4500
f 4493//4493 4494//4494 4502//4502
f 4493//4493 4502//4502 4501//4501
f 4494//4494 4495//4495 4503//4503
f 4494//4494 4503//4503 4502//4502
f 4495//4495 4496//4496 4504//4504
f 4495//4495 4504//4504 4503//4503
f 4496//4496 4497//4497 4505//4505
f 4496//4496 4505//4505 4504//4504
f 4497//4497 4491//4491 4499//4499
f 4497//4497 4499//4499 4505//4505
f 4499//4499 4498//4498 4506//4506
f 4499//4499 4506//4506 4507//4507
f 4498//4498 4500//4500 4508//4508
f 4498//4498 4508//4508 4506//4506
f 4500//4500 4501//4501 4509//4509
f 4500//4500 4509//4509 4508//4508
f 4501//4501 4502//4502 4510//4510
f 4501//4501 4510//4510 4509//4509
f 4502//4502 4503//4503 4511//4511
f 4502//4502 4511//4511 4510//4510
f 4503//4503 4504//4504 4512//4512
f 4503//4503 4512//4512 4511//4511
f 4504//4504 4505//4505 4513//4513
f 4504//4504 4513//4513 4512//4512
f 4505//4505 4499//4499 4507//4507
f 4505//4505 4507//4507 4513//4513
f 4507//4507 4506//4506 4514//4514
f 4507//4507 4514//4514 4515//4515
f 4506//4506 4508//4508 4516//4516
f 4506//4506 4516//4516 4514//4514
f 4508//4508 4509//4509 4517//4517
f 4508//4508 4517//4517 4516//4516
f 4509//4509 4510//4510 4518//4518
f 4509//4509 4518//4518 4517//4517
f 4510//4510 4511//4511 4519//4519
f 4510//4510 4519//4519 4518//4518
f 4511//4511 4512//4512 4520//4520
f 4511//4511 4520//4520 4519//4519
f 4512//4512 4513//4513 4521//4521
f 4512//4512 4521//4521 4520//4520
f 4513//4513 4507//4507 4515//4515
f 4513//4513 4515//4515 4521//4521
f 4515//4515 4514//4514 4522//4522
f 4515//4515 4522//4522 4523//4523
f 4514//4514 4516//4516 4524//4524
f 4514//4514 4524//4524 4522//4522
f 4516//4516 4517//4517 4525//4525
f 4516//4516 4525//4525 4524//4524
f 4517//4517 4518//4518 4526//4526
f 4517//4517 4526//4526 4525//4525
f 4518//4518 4519//4519 4527//4527
f 4518//4518 4527//4527 4526//4526
f 4519//4519 4520//4520 4528//4528
f 4519//4519 4528//4528 4527//4527
f 4520//4520 4521//4521 4529//4529
f 4520//4520 4529//4529 4528//4528
f 4521//4521 4515//4515 4523//4523
f 4521//4521 4523//4523 4529//4529
f 4523//4523 4522//4522 4530//4530
f 4523//4523 4530//4530 4531//4531
f 4522//4522 4524//4524 4532//4532
f 4522//4522 4532//4532 4530//4530
f 4524//4524 4525//4525 4533//4533
f 4524//4524 4533//4533 4532//4532
f 4525//4525 4526//4526 4534//4534
f 4525//4525 4534//4534 4533//4533
f 4526//4526 4527//4527 4535//4535
f 4526//4526 4535//4535 4534//4534
f 4527//4527 4528//4528 4536//4536
f 4527//4527 4536//4536 4535//4535
f 4528//4528 4529//4529 4537//4537
f 4528//4528 4537//4537 4536//4536
f 4529//4529 4523//4523 4531//4531
f 4529//4529 4531//4531 4537//4537
f 4531//4531 4530//4530 4538//4538
f 4531//4531 4538//4538 4539//4539
f 4530//4530 4532//4532 4540//4540
f 4530//4530 4540//4540 4538//4538
f 4532//4532 4533//4533 4541//4541
f 4532//4532 4541//4541 4540//4540
f 4533//4533 4534//4534 4542//4542
f 4533//4533 4542//4542 4541//4541
f 4534//4534 4535//4535 4543//4543
f 4534//4534 4543//4543 4542//4542
f 4535//4535 4536//4536 4544//4544
f 4535//4535 4544//4544 4543//4543
f 4536//4536 4537//4537 4545//4545
f 4536//4536 4545//4545 4544//4544
f 4537//4537 4531//4531 4539//4539
f 4537//4537 4539//4539 4545//4545
f 4539//4539 4538//4538 4546//4546
f 4539//4539 4546//4546 4547//4547
f 4538//4538 4540//4540 4548//4548
f 4538//4538 4548//4548 4546//4546
f 4540//4540 4541//4541 4549//4549
f 4540//4540 4549//4549 4548//4548
f 4541//4541 4542//4542 4550//4550
f 4541//4541 4550//4550 4549//4549
f 4542//4542 4543//4543 4551//4551
f 4542//4542 4551//4551 4550//4550
f 4543//4543 4544//4544 4552//4552
f 4543//4543 4552//4552 4551//4551
f 4544//4544 4545//4545 4553//4553
f 4544//4544 4553//4553 4552//4552
f 4545//4545 4539//4539 4547//4547
f 4545//4545 4547//4547 4553//4553
f 4547//4547 4546//4546 4554//4554
f 4547//4547 4554//4554 4555//4555
f 4546//4546 4548//4548 4556//4556
f 4546//4546 4556//4556 4554//4554
f 4548//4548 4549//4549 4557//4557
f 4548//4548 4557//4557 4556//4556
f 4549//4549 4550//4550 4558//4558
f 4549//4549 4558//4558 4557//4557
f 4550//4550 4551//4551 4559//4559
f 4550//4550 4559//4559 4558//4558
f 4551//4551 4552//4552 4560//4560
f 4551//4551 4560//4560 4559//4559
f 4552//4552 4553//4553 4561//4561
f 4552//4552 4561//4561 4560//4560
f 4553//4553 4547//4547 4555//4555
f 4553//4553 4555//4555 4561//4561
f 4555//4555 4554//4554 4562//4562
f 4555//4555 4562//4562 4563//4563
f 4554//4554 4556//4556 4564//4564
f 4554//4554 4564//4564 4562//4562
f 4556//4556 4557//4557 4565//4565
f 4556//4556 4565//4565 4564//4564
f 4557//4557 4558//4558 4566//4566
f 4557//4557 4566//4566 4565//4565
f 4558//4558 4559//4559 4567//4567
f 4558//4558 4567//4567 4566//4566
f 4559//4559 4560//4560 4568//4568
f 4559//4559 4568//4568 4567//4567
f 4560//4560 4561//4561 4569//4569
f 4560//4560 4569//4569 4568//4568
f 4561//4561 4555//4555 4563//4563
f 4561//4561 4563//4563 4569//4569
f 4563//4563 4562//4562 4570//4570
f 4563//4563 4570//4570 4571//4571
f 4562//4562 4564//4564 4572//4572
f 4562//4562 4572//4572 4570//4570
f 4564//4564 4565//4565 4573//4573
f 4564//4564 4573//4573 4572//4572
f 4565//4565 4566//4566 4574//4574
f 4565//4565 4574//4574 4573//4573
f 4566//4566 4567//4567 4575//4575
f 4566//4566 4575//4575 4574//4574
f 4567//4567 4568//4568 4576//4576
f 4567//4567 4576//4576 4575//4575
f 4568//4568 4569//4569 4577//4577
f 4568//4568 4577//4577 4576//4576
f 4569//4569 4563//4563 4571//4571
f 4569//4569 4571//4571 4577//4577
f 4571//4571 4570//4570 4578//4578
f 4571//4571 4578//4578 4579//4579
f 4570//4570 4572//4572 4580//4580
f 4570//4570 4580//4580 4578//4578
f 4572//4572 4573//4573 4581//4581
f 4572//4572 4581//4581 4580//4580
f 4573//4573 4574//4574 4582//4582
f 4573//4573 4582//4582 4581//4581
f 4574//4574 4575//4575 4583//4583
f 4574//4574 4583//4583 4582//4582
f 4575//4575 4576//4576 4584//4584
f 4575//4575 4584//4584 4583//4583
f 4576//4576 4577//4577 4585//4585
f 4576//4576 4585//4585 4584//4584
f 4577//4577 4571//4571 4579//4579
f 4577//4577 4579//4579 4585//4585
f 4579//4579 4578//4578 4580//4580
f 4579//4579 4580//4580 4581//4581
f 4579//4579 4581//4581 4582//4582
f 4579//4579 4582//4582 4583//4583
f 4579//4579 4583//4583 4584//4584
f 4579//4579 4584//4584 4585//4585
usemtl color_31
f 4586//4586 4587//4587 4588//4588
f 4586//4586 4588//4588 4589//4589
f 4587//4587 4590//4590 4591//4591
f 4587//4587 4591//4591 4588//4588
f 4590//4590 4592//4592 4593//4593
f 4590//4590 4593//4593 4591//4591
f 4592//4592 4594//4594 4595//4595
f 4592//4592 4595//4595 4593//4593
f 4594//4594 4596//4596 4597//4597
f 4594//4594 4597//4597 4595//4595
f 4596//4596 4598//4598 4599//4599
f 4596//4596 4599//4599 4597//4597
f 4598//4598 4600//4600 4601//4601
f 4598//4598 4601//4601 4599//4599
f 4600//4600 4602//4602 4603//4603
f 4600//4600 4603//4603 4601//4601
f 4602//4602 4604//4604 4605//4605
f 4602//4602 4605//4605 4603//4603
f 4604//4604 4606//4606 4607//4607
f 4604//4604 4607//4607 4605//4605
f 4606//4606 4608//4608 4609//4609
f 4606//4606 4609//4609 4607//4607
f 4608//4608 4610//4610 4611//4611
f 4608//4608 4611//4611 4609//4609
f 4610//4610 4612//4612 4613//4613
f 4610//4610 4613//4613 4611//4611
f 4612//4612 4614//4614 4615//4615
f 4612//4612 4615//4615 4613//4613
f 4614//4614 4616//4616 4617//4617
f 4614//4614 4617//4617 4615//4615
f 4616//4616 4618//4618 4619//4619
f 4616//4616 4619//4619 4617//4617
f 4618//4618 4620//4620 4621//4621
f 4618//4618 4621//4621 4619//4619
f 4620//4620 4622//4622 4623//4623
f 4620//4620 4623//4623 4621//4621
f 4622//4622 4624//4624 4625//4625
f 4622//4622 4625//4625 4623//4623
f 4624//4624 4626//4626 4627//4627
f 4624//4624 4627//4627 4625//4625
f 4626//4626 4628//4628 4629//4629
f 4626//4626 4629//4629 4627//4627
f 4628//4628 4630//4630 4631//4631
f 4628//4628 4631//4631 4629//4629
f 4630//4630 4632//4632 4633//4633
f 4630//4630 4633//4633 4631//4631
f 4632//4632 4634//4634 4635//4635
f 4632//4632 4635//4635 4633//4633
f 4634//4634 4636//4636 4637//4637
f 4634//4634 4637//4637 4635//4635
f 4636//4636 4638//4638 4639//4639
f 4636//4636 4639//4639 4637//4637
f 4638//4638 4640//4640 4641//4641
f 4638//4638 4641//4641 4639//4639
f 4640//4640 4642//4642 4643//4643
f 4640//4640 4643//4643 4641//4641
f 4642//4642 4644//4644 4645//4645
f 4642//4642 4645//4645 4643//4643
f 4644//4644 4646//4646 4647//4647
f 4644//4644 4647//4647 4645//4645
f 4646//4646 4648//4648 4649//4649
f 4646//4646 4649//4649 4647//4647
f 4648//4648 4650//4650 4651//4651
f 4648//4648 4651//4651 4649//4649
f 4650//4650 4652//4652 4653//4653
f 4650//4650 4653//4653 4651//4651
f 4652//4652 4654//4654 4655//4655
f 4652//4652 4655//4655 4653//4653
f 4654//4654 4656//4656 4657//4657
f 4654//4654 4657//4657 4655//4655
f 4656//4656 4658//4658 4659//4659
f 4656//4656 4659//4659 4657//4657
f 4658//4658 4660//4660 4661//4661
f 4658//4658 4661//4661 4659//4659
f 4660//4660 4662//4662 4663//4663
f 4660//4660 4663//4663 4661//4661
f 4662//4662 4664//4664 4665//4665
f 4662//4662 4665//4665 4663//4663
f 4664//4664 4666//4666 4667//4667
f 4664//4664 4667//4667 4665//4665
f 4666//4666 4668//4668 4669//4669
f 4666//4666 4669//4669 4667//4667
f 4668//4668 4670//4670 4671//4671
f 4668//4668 4671//4671 4669//4669
f 4670//4670 4672//4672 4673//4673
f 4670//4670 4673//4673 4671//4671
f 4672//4672 4674//4674 4675//4675
f 4672//4672 4675//4675 4673//4673
f 4674//4674 4676//4676 4677//4677
f 4674//4674 4677//4677 4675//4675
f 4676//4676 4678//4678 4679//4679
f 4676//4676 4679//4679 4677//4677
f 4678//4678 4680//4680 4681//4681
f 4678//4678 4681//4681 4679//4679
f 4680//4680 4682//4682 4683//4683
f 4680//4680 4683//4683 4681//4681
f 4682//4682 4684//4684 4685//4685
f 4682//4682 4685//4685 4683//4683
f 4684//4684 4686//4686 4687//4687
f 4684//4684 4687//4687 4685//4685
f 4686//4686 4688//4688 4689//4689
f 4686//4686 4689//4689 4687//4687
f 4688//4688 4690//4690 4691//4691
f 4688//4688 4691//4691 4689//4689
f 4690//4690 4692//4692 4693//4693
f 4690//4690 4693//4693 4691//4691
f 4692//4692 4694//4694 4695//4695
f 4692//4692 4695//4695 4693//4693
f 4694//4694 4696//4696 4697//4697
f 4694//4694 4697//4697 4695//4695
f 4696//4696 4698//4698 4699//4699
f 4696//4696 4699//4699 4697//4697
f 4698//4698 4700//4700 4701//4701
f 4698//4698 4701//4701 4699//4699
f 4700//4700 4702//4702 4703//4703
f 4700//4700 4703//4703 4701//4701
f 4702//4702 4704//4704 4705//4705
f 4702//4702 4705//4705 4703//4703
f 4704//4704 4706//4706 4707//4707
f 4704//4704 4707//4707 4705//4705
f 4706//4706 4708//4708 4709//4709
f 4706//4706 4709//4709 4707//4707
f 4708//4708 4710//4710 4711//4711
f 4708//4708 4711//4711 4709//4709
f 4710//4710 4712//4712 4713//4713
f 4710//4710 4713//4713 4711//4711
f 4712//4712 4586//4586 4589//4589
f 4712//4712 4589//4589 4713//4713
usemtl color_32
f 4714//4714 4715//4715 4716//4716
f 4717//4717 4718//4718 4719//4719
f 4720//4720 4721//4721 4722//4722
f 4723//4723 4724//4724 4725//4725
f 4726//4726 4727//4727 4728//4728
f 4729//4729 4730//4730 4731//4731
f 4732//4732 4733//4733 4734//4734
f 4735//4735 4736//4736 4737//4737
f 4738//4738 4739//4739 4740//4740
f 4741//4741 4742//4742 4743//4743
f 4744//4744 4745//4745 4746//4746
f 4747//4747 4748//4748 4749//4749
f 4750//4750 4751//4751 4752//4752
f 4753//4753 4754//4754 4755//4755
f 4756//4756 4757//4757 4758//4758
f 4759//4759 4760//4760 4761//4761
f 4762//4762 4763//4763 4764//4764
f 4765//4765 4766//4766 4767//4767
usemtl color_20
f 4768//4768 4769//4769 4770//4770
f 4768//4768 4770//4770 4771//4771
f 4768//4768 4771//4771 4772//4772
f 4768//4768 4772//4772 4773//4773
f 4768//4768 4773//4773 4774//4774
f 4768//4768 4774//4774 4775//4775
f 4768//4768 4775//4775 4776//4776
f 4768//4768 4776//4776 4777//4777
f 4777//4777 4776//4776 4778//4778
f 4777//4777 4778//4778 4779//4779
f 4776//4776 4775//4775 4780//4780
f 4776//4776 4780//4780 4778//4778
f 4775//4775 4774//4774 4781//4781
f 4775//4775 4781//4781 4780//4780
f 4774//4774 4773//4773 4782//4782
f 4774//4774 4782//4782 4781//4781
f 4773//4773 4772//4772 4783//4783
f 4773//4773 4783//4783 4782//4782
f 4772//4772 4771//4771 4784//4784
f 4772//4772 4784//4784 4783//4783
f 4771//4771 4770//4770 4785//4785
f 4771//4771 4785//4785 4784//4784
f 4770//4770 4769//4769 4786//4786
f 4770//4770 4786//4786 4785//4785
f 4769//4769 4768//4768 4787//4787
f 4769//4769 4787//4787 4786//4786
f 4768//4768 4777//4777 4779//4779
f 4768//4768 4779//4779 4787//4787
f 4779//4779 4778//4778 4788//4788
f 4779//4779 4788//4788 4789//4789
f 4778//4778 4780//4780 4790//4790
f 4778//4778 4790//4790 4788//4788
f 4780//4780 4781//4781 4791//4791
f 4780//4780 4791//4791 4790//4790
f 4781//4781 4782//4782 4792//4792
f 4781//4781 4792//4792 4791//4791
f 4782//4782 4783//4783 4793//4793
f 4782//4782 4793//4793 4792//4792
f 4783//4783 4784//4784 4794//4794
f 4783//4783 4794//4794 4793//4793
f 4784//4784 4785//4785 4795//4795
f 4784//4784 4795//4795 4794//4794
f 4785//4785 4786//4786 4796//4796
f 4785//4785 4796//4796 4795//4795
f 4786//4786 4787//4787 4797//4797
f 4786//4786 4797//4797 4796//4796
f 4787//4787 4779//4779 4789//4789
f 4787//4787 4789//4789 4797//4797
f 4789//4789 4788//4788 4798//4798
f 4789//4789 4798//4798 4799//4799
f 4788//4788 4790//4790 4800//4800
f 4788//4788 4800//4800 4798//4798
f 4790//4790 4791//4791 4801//4801
f 4790//4790 4801//4801 4800//4800
f 4791//4791 4792//4792 4802//4802
f 4791//4791 4802//4802 4801//4801
f 4792//4792 4793//4793 4803//4803
f 4792//4792 4803//4803 4802//4802
f 4793//4793 4794//4794 4804//4804
f 4793//4793 4804//4804 4803//4803
f 4794//4794 4795//4795 4805//4805
f 4794//4794 4805//4805 4804//4804
f 4795//4795 4796//4796 4806//4806
f 4795//4795 4806//4806 4805//4805
f 4796//4796 4797//4797 4807//4807
f 4796//4796 4807//4807 4806//4806
f 4797//4797 4789//4789 4799//4799
f 4797//4797 4799//4799 4807//4807
f 4799//4799 4798//4798 4808//4808
f 4799//4799 4808//4808 4809//4809
f 4798//4798 4800//4800 4810//4810
f 4798//4798 4810//4810 4808//4808
f 4800//4800 4801//4801 4811//4811
f 4800//4800 4811//4811 4810//4810
f 4801//4801 4802//4802 4812//4812
f 4801//4801 4812//4812 4811//4811
f 4802//4802 4803//4803 4813//4813
f 4802//4802 4813//4813 4812//4812
f 4803//4803 4804//4804 4814//4814
f 4803//4803 4814//4814 4813//4813
f 4804//4804 4805//4805 4815//4815
f 4804//4804 4815//4815 4814//4814
f 4805//4805 4806//4806 4816//4816
f 4805//4805 4816//4816 4815//4815
f 4806//4806 4807//4807 4817//4817
f 4806//4806 4817//4817 4816//4816
f 4807//4807 4799//4799 4809//4809
f 4807//4807 4809//4809 4817//4817
f 4809//4809 4808//4808 4818//4818
f 4809//4809 4818//4818 4819//4819
f 4808//4808 4810//4810 4820//4820
f 4808//4808 4820//4820 4818//4818
f 4810//4810 4811//4811 4821//4821
f 4810//4810 4821//4821 4820//4820
f 4811//4811 4812//4812 4822//4822
f 4811//4811 4822//4822 4821//4821
f 4812//4812 4813//4813 4823//4823
f 4812//4812 4823//4823 4822//4822
f 4813//4813 4814//4814 4824//4824
f 4813//4813 4824//4824 4823//4823
f 4814//4814 4815//4815 4825//4825
f 4814//4814 4825//4825 4824//4824
f 4815//4815 4816//4816 4826//4826
f 4815//4815 4826//4826 4825//4825
f 4816//4816 4817//4817 4827//4827
f 4816//4816 4827//4827 4826//4826
f 4817//4817 4809//4809 4819//4819
f 4817//4817 4819//4819 4827//4827
f 4819//4819 4818//4818 4828//4828
f 4819//4819 4828//4828 4829//4829
f 4818//4818 4820//4820 4830//4830
f 4818//4818 4830//4830 4828//4828
f 4820//4820 4821//4821 4831//4831
f 4820//4820 4831//4831 4830//4830
f 4821//4821 4822//4822 4832//4832
f 4821//4821 4832//4832 4831//4831
f 4822//4822 4823//4823 4833//4833
f 4822//4822 4833//4833 4832//4832
f 4823//4823 4824//4824 4834//4834
f 4823//4823 4834//4834 4833//4833
f 4824//4824 4825//4825 4835//4835
f 4824//4824 4835//4835 4834//4834
f 4825//4825 4826//4826 4836//4836
f 4825//4825 4836//4836 4835//4835
f 4826//4826 4827//4827 4837//4837
f 4826//4826 4837//4837 4836//4836
f 4827//4827 4819//4819 4829//4829
f 4827//4827 4829//4829 4837//4837
f 4829//4829 4828//4828 4838//4838
f 4829//4829 4838//4838 4839//4839
f 4828//4828 4830//4830 4840//4840
f 4828//4828 4840//4840 4838//4838
f 4830//4830 4831//4831 4841//4841
f 4830//4830 4841//4841 4840//4840
f 4831//4831 4832//4832 4842//4842
f 4831//4831 4842//4842 4841//4841
f 4832//4832 4833//4833 4843//4843
f 4832//4832 4843//4843 4842//4842
f 4833//4833 4834//4834 4844//4844
f 4833//4833 4844//4844 4843//4843
f 4834//4834 4835//4835 4845//4845
f 4834//4834 4845//4845 4844//4844
f 4835//4835 4836//4836 4846//4846
f 4835//4835 4846//4846 4845//4845
f 4836//4836 4837//4837 4847//4847
f 4836//4836 4847//4847 4846//4846
f 4837//4837 4829//4829 4839//4839
f 4837//4837 4839//4839 4847//4847
f 4839//4839 4838//4838 4848//4848
f 4839//4839 4848//4848 4849//4849
f 4838//4838 4840//4840 4850//4850
f 4838//4838 4850//4850 4848//4848
f 4840//4840 4841//4841 4851//4851
f 4840//4840 4851//4851 4850//4850
f 4841//4841 4842//4842 4852//4852
f 4841//4841 4852//4852 4851//4851
f 4842//4842 4843//4843 4853//4853
f 4842//4842 4853//4853 4852//4852
f 4843//4843 4844//4844 4854//4854
f 4843//4843 4854//4854 4853//4853
f 4844//4844 4845//4845 4855//4855
f 4844//4844 4855//4855 4854//4854
f 4845//4845 4846//4846 4856//4856
f 4845//4845 4856//4856 4855//4855
f 4846//4846 4847//4847 4857//4857
f 4846//4846 4857//4857 4856//4856
f 4847//4847 4839//4839 4849//4849
f 4847//4847 4849//4849 4857//4857
f 4849//4849 4848//4848 4858//4858
f 4849//4849 4858//4858 4859//4859
f 4848//4848 4850//4850 4860//4860
f 4848//4848 4860//4860 4858//4858
f 4850//4850 4851//4851 4861//4861
f 4850//4850 4861//4861 4860//4860
f 4851//4851 4852//4852 4862//4862
f 4851//4851 4862//4862 4861//4861
f 4852//4852 4853//4853 4863//4863
f 4852//4852 4863//4863 4862//4862
f 4853//4853 4854//4854 4864//4864
f 4853//4853 4864//4864 4863//4863
f 4854//4854 4855//4855 4865//4865
f 4854//4854 4865//4865 4864//4864
f 4855//4855 4856//4856 4866//4866
f 4855//4855 4866//4866 4865//4865
f 4856//4856 4857//4857 4867//4867
f 4856//4856 4867//4867 4866//4866
f 4857//4857 4849//4849 4859//4859
f 4857//4857 4859//4859 4867//4867
f 4859//4859 4858//4858 4868//4868
f 4859//4859 4868//4868 4869//4869
f 4858//4858 4860//4860 4870//4870
f 4858//4858 4870//4870 4868//4868
f 4860//4860 4861//4861 4871//4871
f 4860//4860 4871//4871 4870//4870
f 4861//4861 4862//4862 4872//4872
f 4861//4861 4872//4872 4871//4871
f 4862//4862 4863//4863 4873//4873
f 4862//4862 4873//4873 4872//4872
f 4863//4863 4864//4864 4874//4874
f 4863//4863 4874//4874 4873//4873
f 4864//4864 4865//4865 4875//4875
f 4864//4864 4875//4875 4874//4874
f 4865//4865 4866//4866 4876//4876
f 4865//4865 4876//4876 4875//4875
f 4866//4866 4867//4867 4877//4877
f 4866//4866 4877//4877 4876//4876
f 4867//4867 4859//4859 4869//4869
f 4867//4867 4869//4869 4877//4877
f 4869//4869 4868//4868 4878//4878
f 4869//4869 4878//4878 4879//4879
f 4868//4868 4870//4870 4880//4880
f 4868//4868 4880//4880 4878//4878
f 4870//4870 4871//4871 4881//4881
f 4870//4870 4881//4881 4880//4880
f 4871//4871 4872//4872 4882//4882
f 4871//4871 4882//4882 4881//4881
f 4872//4872 4873//4873 4883//4883
f 4872//4872 4883//4883 4882//4882
f 4873//4873 4874//4874 4884//4884
f 4873//4873 4884//4884 4883//4883
f 4874//4874 4875//4875 4885//4885
f 4874//4874 4885//4885 4884//4884
f 4875//4875 4876//4876 4886//4886
f 4875//4875 4886//4886 4885//4885
f 4876//4876 4877//4877 4887//4887
f 4876//4876 4887//4887 4886//4886
f 4877//4877 4869//4869 4879//4879
f 4877//4877 4879//4879 4887//4887
f 4879//4879 4878//4878 4888//4888
f 4879//4879 4888//4888 4889//4889
f 4878//4878 4880//4880 4890//4890
f 4878//4878 4890//4890 4888//4888
f 4880//4880 4881//4881 4891//4891
f 4880//4880 4891//4891 4890//4890
f 4881//4881 4882//4882 4892//4892
f 4881//4881 4892//4892 4891//4891
f 4882//4882 4883//4883 4893//4893
f 4882//4882 4893//4893 4892//4892
f 4883//4883 4884//4884 4894//4894
f 4883//4883 4894//4894 4893//4893
f 4884//4884 4885//4885 4895//4895
f 4884//4884 4895//4895 4894//4894
f 4885//4885 4886//4886 4896//4896
f 4885//4885 4896//4896 4895//4895
f 4886//4886 4887//4887 4897//4897
f 4886//4886 4897//4897 4896//4896
f 4887//4887 4879//4879 4889//4889
f 4887//4887 4889//4889 4897//4897
f 4889//4889 4888//4888 4898//4898
f 4889//4889 4898//4898 4899//4899
f 4888//4888 4890//4890 4900//4900
f 4888//4888 4900//4900 4898//4898
f 4890//4890 4891//4891 4901//4901
f 4890//4890 4901//4901 4900//4900
f 4891//4891 4892//4892 4902//4902
f 4891//4891 4902//4902 4901//4901
f 4892//4892 4893//4893 4903//4903
f 4892//4892 4903//4903 4902//4902
f 4893//4893 4894//4894 4904//4904
f 4893//4893 4904//4904 4903//4903
f 4894//4894 4895//4895 4905//4905
f 4894//4894 4905//4905 4904//4904
f 4895//4895 4896//4896 4906//4906
f 4895//4895 4906//4906 4905//4905
f 4896//4896 4897//4897 4907//4907
f 4896//4896 4907//4907 4906//4906
f 4897//4897 4889//4889 4899//4899
f 4897//4897 4899//4899 4907//4907
f 4899//4899 4898//4898 4908//4908
f 4899//4899 4908//4908 4909//4909
f 4898//4898 4900//4900 4910//4910
f 4898//4898 4910//4910 4908//4908
f 4900//4900 4901//4901 4911//4911
f 4900//4900 4911//4911 4910//4910
f 4901//4901 4902//4902 4912//4912
f 4901//4901 4912//4912 4911//4911
f 4902//4902 4903//4903 4913//4913
f 4902//4902 4913//4913 4912//4912
f 4903//4903 4904//4904 4914//4914
f 4903//4903 4914//4914 4913//4913
f 4904//4904 4905//4905 4915//4915
f 4904//4904 4915//4915 4914//4914
f 4905//4905 4906//4906 4916//4916
f 4905//4905 4916//4916 4915//4915
f 4906//4906 4907//4907 4917//4917
f 4906//4906 4917//4917 4916//4916
f 4907//4907 4899//4899 4909//4909
f 4907//4907 4909//4909 4917//4917
f 4909//4909 4908//4908 4910//4910
f 4909//4909 4910//4910 4911//4911
f 4909//4909 4911//4911 4912//4912
f 4909//4909 4912//4912 4913//4913
f 4909//4909 4913//4913 4914//4914
f 4909//4909 4914//4914 4915//4915
f 4909//4909 4915//4915 4916//4916
f 4909//4909 4916//4916 4917//4917
f 4918//4918 4919//4919 4920//4920
f 4918//4918 4920//4920 4921//4921
f 4918//4918 4921//4921 4922//4922
f 4918//4918 4922//4922 4923//4923
f 4918//4918 4923//4923 4924//4924
f 4918//4918 4924//4924 4925//4925
f 4918//4918 4925//4925 4926//4926
f 4918//4918 4926//4926 4927//4927
f 4927//4927 4926//4926 4928//4928
f 4927//4927 4928//4928 4929//4929
f 4926//4926 4925//4925 4930//4930
f 4926//4926 4930//4930 4928//4928
f 4925//4925 4924//4924 4931//4931
f 4925//4925 4931//4931 4930//4930
f 4924//4924 4923//4923 4932//4932
f 4924//4924 4932//4932 4931//4931
f 4923//4923 4922//4922 4933//4933
f 4923//4923 4933//4933 4932//4932
f 4922//4922 4921//4921 4934//4934
f 4922//4922 4934//4934 4933//4933
f 4921//4921 4920//4920 4935//4935
f 4921//4921 4935//4935 4934//4934
f 4920//4920 4919//4919 4936//4936
f 4920//4920 4936//4936 4935//4935
f 4919//4919 4918//4918 4937//4937
f 4919//4919 4937//4937 4936//4936
f 4918//4918 4927//4927 4929//4929
f 4918//4918 4929//4929 4937//4937
f 4929//4929 4928//4928 4938//4938
f 4929//4929 4938//4938 4939//4939
f 4928//4928 4930//4930 4940//4940
f 4928//4928 4940//4940 4938//4938
f 4930//4930 4931//4931 4941//4941
f 4930//4930 4941//4941 4940//4940
f 4931//4931 4932//4932 4942//4942
f 4931//4931 4942//4942 4941//4941
f 4932//4932 4933//4933 4943//4943
f 4932//4932 4943//4943 4942//4942
f 4933//4933 4934//4934 4944//4944
f 4933//4933 4944//4944 4943//4943
f 4934//4934 4935//4935 4945//4945
f 4934//4934 4945//4945 4944//4944
f 4935//4935 4936//4936 4946//4946
f 4935//4935 4946//4946 4945//4945
f 4936//4936 4937//4937 4947//4947
f 4936//4936 4947//4947 4946//4946
f 4937//4937 4929//4929 4939//4939
f 4937//4937 4939//4939 4947//4947
f 4939//4939 4938//4938 4948//4948
f 4939//4939 4948//4948 4949//4949
f 4938//4938 4940//4940 4950//4950
f 4938//4938 4950//4950 4948//4948
f 4940//4940 4941//4941 4951//4951
f 4940//4940 4951//4951 4950//4950
f 4941//4941 4942//4942 4952//4952
f 4941//4941 4952//4952 4951//4951
f 4942//4942 4943//4943 4953//4953
f 4942//4942 4953//4953 4952//4952
f 4943//4943 4944//4944 4954//4954
f 4943//4943 4954//4954 4953//4953
f 4944//4944 4945//4945 4955//4955
f 4944//4944 4955//4955 4954//4954
f 4945//4945 4946//4946 4956//4956
f 4945//4945 4956//4956 4955//4955
f 4946//4946 4947//4947 4957//4957
f 4946//4946 4957//4957 4956//4956
f 4947//4947 4939//4939 4949//4949
f 4947//4947 4949//4949 4957//4957
f 4949//4949 4948//4948 4958//4958
f 4949//4949 4958//4958 4959//4959
f 4948//4948 4950//4950 4960//4960
f 4948//4948 4960//4960 4958//4958
f 4950//4950 4951//4951 4961//4961
f 4950//4950 4961//4961 4960//4960
f 4951//4951 4952//4952 4962//4962
f 4951//4951 4962//4962 4961//4961
f 4952//4952 4953//4953 4963//4963
f 4952//4952 4963//4963 4962//4962
f 4953//4953 4954//4954 4964//4964
f 4953//4953 4964//4964 4963//4963
f 4954//4954 4955//4955 4965//4965
f 4954//4954 4965//4965 4964//4964
f 4955//4955 4956//4956 4966//4966
f 4955//4955 4966//4966 4965//4965
f 4956//4956 4957//4957 4967//4967
f 4956//4956 4967//4967 4966//4966
f 4957//4957 4949//4949 4959//4959
f 4957//4957 4959//4959 4967//4967
f 4959//4959 4958//4958 4968//4968
f 4959//4959 4968//4968 4969//4969
f 4958//4958 4960//4960 4970//4970
f 4958//4958 4970//4970 4968//4968
f 4960//4960 4961//4961 4971//4971
f 4960//4960 4971//4971 4970//4970
f 4961//4961 4962//4962 4972//4972
f 4961//4961 4972//4972 4971//4971
f 4962//4962 4963//4963 4973//4973
f 4962//4962 4973//4973 4972//4972
f 4963//4963 4964//4964 4974//4974
f 4963//4963 4974//4974 4973//4973
f 4964//4964 4965//4965 4975//4975
f 4964//4964 4975//4975 4974//4974
f 4965//4965 4966//4966 4976//4976
f 4965//4965 4976//4976 4975//4975
f 4966//4966 4967//4967 4977//4977
f 4966//4966 4977//4977 4976//4976
f 4967//4967 4959//4959 4969//4969
f 4967//4967 4969//4969 4977//4977
f 4969//4969 4968//4968 4978//4978
f 4969//4969 4978//4978 4979//4979
f 4968//4968 4970//4970 4980//4980
f 4968//4968 4980//4980 4978//4978
f 4970//4970 4971//4971 4981//4981
f 4970//4970 4981//4981 4980//4980
f 4971//4971 4972//4972 4982//4982
f 4971//4971 4982//4982 4981//4981
f 4972//4972 4973//4973 4983//4983
f 4972//4972 4983//4983 4982//4982
f 4973//4973 4974//4974 4984//4984
f 4973//4973 4984//4984 4983//4983
f 4974//4974 4975//4975 4985//4985
f 4974//4974 4985//4985 4984//4984
f 4975//4975 4976//4976 4986//4986
f 4975//4975 4986//4986 4985//4985
f 4976//4976 4977//4977 4987//4987
f 4976//4976 4987//4987 4986//4986
f 4977//4977 4969//4969 4979//4979
f 4977//4977 4979//4979 4987//4987
f 4979//4979 4978//4978 4988//4988
f 4979//4979 4988//4988 4989//4989
f 4978//4978 4980//4980 4990//4990
f 4978//4978 4990//4990 4988//4988
f 4980//4980 4981//4981 4991//4991
f 4980//4980 4991//4991 4990//4990
f 4981//4981 4982//4982 4992//4992
f 4981//4981 4992//4992 4991//4991
f 4982//4982 4983//4983 4993//4993
f 4982//4982 4993//4993 4992//4992
f 4983//4983 4984//4984 4994//4994
f 4983//4983 4994//4994 4993//4993
f 4984//4984 4985//4985 4995//4995
f 4984//4984 4995//4995 4994//4994
f 4985//4985 4986//4986 4996//4996
f 4985//4985 4996//4996 4995//4995
f 4986//4986 4987//4987 4997//4997
f 4986//4986 4997//4997 4996//4996
f 4987//4987 4979//4979 4989//4989
f 4987//4987 4989//4989 4997//4997
f 4989//4989 4988//4988 4998//4998
f 4989//4989 4998//4998 4999//4999
f 4988//4988 4990//4990 5000//5000
f 4988//4988 5000//5000 4998//4998
f 4990//4990 4991//4991 5001//5001
f 4990//4990 5001//5001 5000//5000
f 4991//4991 4992//4992 5002//5002
f 4991//4991 5002//5002 5001//5001
f 4992//4992 4993//4993 5003//5003
f 4992//4992 5003//5003 5002//5002
f 4993//4993 4994//4994 5004//5004
f 4993//4993 5004//5004 5003//5003
f 4994//4994 4995//4995 5005//5005
f 4994//4994 5005//5005 5004//5004
f 4995//4995 4996//4996 5006//5006
f 4995//4995 5006//5006 5005//5005
f 4996//4996 4997//4997 5007//5007
f 4996//4996 5007//5007 5006//5006
f 4997//4997 4989//4989 4999//4999
f 4997//4997 4999//4999 5007//5007
f 4999//4999 4998//4998 5008//5008
f 4999//4999 5008//5008 5009//5009
f 4998//4998 5000//5000 5010//5010
f 4998//4998 5010//5010 5008//5008
f 5000//5000 5001//5001 5011//5011
f 5000//5000 5011//5011 5010//5010
f 5001//5001 5002//5002 5012//5012
f 5001//5001 5012//5012 5011//5011
f 5002//5002 5003//5003 5013//5013
f 5002//5002 5013//5013 5012//5012
f 5003//5003 5004//5004 5014//5014
f 5003//5003 5014//5014 5013//5013
f 5004//5004 5005//5005 5015//5015
f 5004//5004 5015//5015 5014//5014
f 5005//5005 5006//5006 5016//5016
f 5005//5005 5016//5016 5015//5015
f 5006//5006 5007//5007 5017//5017
f 5006//5006 5017//5017 5016//5016
f 5007//5007 4999//4999 5009//5009
f 5007//5007 5009//5009 5017//5017
f 5009//5009 5008//5008 5018//5018
f 5009//5009 5018//5018 5019//5019
f 5008//5008 5010//5010 5020//5020
f 5008//5008 5020//5020 5018//5018
f 5010//5010 5011//5011 5021//5021
f 5010//5010 5021//5021 5020//5020
f 5011//5011 5012//5012 5022//5022
f 5011//5011 5022//5022 5021//5021
f 5012//5012 5013//5013 5023//5023
f 5012//5012 5023//5023 5022//5022
f 5013//5013 5014//5014 5024//5024
f 5013//5013 5024//5024 5023//5023
f 5014//5014 5015//5015 5025//5025
f 5014//5014 5025//5025 5024//5024
f 5015//5015 5016//5016 5026//5026
f 5015//5015 5026//5026 5025//5025
f 5016//5016 5017//5017 5027//5027
f 5016//5016 5027//5027 5026//5026
f 5017//5017 5009//5009 5019//5019
f 5017//5017 5019//5019 5027//5027
f 5019//5019 5018//5018 5028//5028
f 5019//5019 5028//5028 5029//5029
f 5018//5018 5020//5020 5030//5030
f 5018//5018 5030//5030 5028//5028
f 5020//5020 5021//5021 5031//5031
f 5020//5020 5031//5031 5030//5030
f 5021//5021 5022//5022 5032//5032
f 5021//5021 5032//5032 5031//5031
f 5022//5022 5023//5023 5033//5033
f 5022//5022 5033//5033 5032//5032
f 5023//5023 5024//5024 5034//5034
f 5023//5023 5034//5034 5033//5033
f 5024//5024 5025//5025 5035//5035
f 5024//5024 5035//5035 5034//5034
f 5025//5025 5026//5026 5036//5036
f 5025//5025 5036//5036 5035//5035
f 5026//5026 5027//5027 5037//5037
f 5026//5026 5037//5037 5036//5036
f 5027//5027 5019//5019 5029//5029
f 5027//5027 5029//5029 5037//5037
f 5029//5029 5028//5028 5038//5038
f 5029//5029 5038//5038 5039//5039
f 5028//5028 5030//5030 5040//5040
f 5028//5028 5040//5040 5038//5038
f 5030//5030 5031//5031 5041//5041
f 5030//5030 5041//5041 5040//5040
f 5031//5031 5032//5032 5042//5042
f 5031//5031 5042//5042 5041//5041
f 5032//5032 5033//5033 5043//5043
f 5032//5032 5043//5043 5042//5042
f 5033//5033 5034//5034 5044//5044
f 5033//5033 5044//5044 5043//5043
f 5034//5034 5035//5035 5045//5045
f 5034//5034 5045//5045 5044//5044
f 5035//5035 5036//5036 5046//5046
f 5035//5035 5046//5046 5045//5045
f 5036//5036 5037//5037 5047//5047
f 5036//5036 5047//5047 5046//5046
f 5037//5037 5029//5029 5039//5039
f 5037//5037 5039//5039 5047//5047
f 5039//5039 5038//5038 5048//5048
f 5039//5039 5048//5048 5049//5049
f 5038//5038 5040//5040 5050//5050
f 5038//5038 5050//5050 5048//5048
f 5040//5040 5041//5041 5051//5051
f 5040//5040 5051//5051 5050//5050
f 5041//5041 5042//5042 5052//5052
f 5041//5041 5052//5052 5051//5051
f 5042//5042 5043//5043 5053//5053
f 5042//5042 5053//5053 5052//5052
f 5043//5043 5044//5044 5054//5054
f 5043//5043 5054//5054 5053//5053
f 5044//5044 5045//5045 5055//5055
f 5044//5044 5055//5055 5054//5054
f 5045//5045 5046//5046 5056//5056
f 5045//5045 5056//5056 5055//5055
f 5046//5046 5047//5047 5057//5057
f 5046//5046 5057//5057 5056//5056
f 5047//5047 5039//5039 5049//5049
f 5047//5047 5049//5049 5057//5057
f 5049//5049 5048//5048 5058//5058
f 5049//5049 5058//5058 5059//5059
f 5048//5048 5050//5050 5060//5060
f 5048//5048 5060//5060 5058//5058
f 5050//5050 5051//5051 5061//5061
f 5050//5050 5061//5061 5060//5060
f 5051//5051 5052//5052 5062//5062
f 5051//5051 5062//5062 5061//5061
f 5052//5052 5053//5053 5063//5063
f 5052//5052 5063//5063 5062//5062
f 5053//5053 5054//5054 5064//5064
f 5053//5053 5064//5064 5063//5063
f 5054//5054 5055//5055 5065//5065
f 5054//5054 5065//5065 5064//5064
f 5055//5055 5056//5056 5066//5066
f 5055//5055 5066//5066 5065//5065
f 5056//5056 5057//5057 5067//5067
f 5056//5056 5067//5067 5066//5066
f 5057//5057 5049//5049 5059//5059
f 5057//5057 5059//5059 5067//5067
f 5059//5059 5058//5058 5060//5060
f 5059//5059 5060//5060 5061//5061
f 5059//5059 5061//5061 5062//5062
f 5059//5059 5062//5062 5063//5063
f 5059//5059 5063//5063 5064//5064
f 5059//5059 5064//5064 5065//5065
f 5059//5059 5065//5065 5066//5066
f 5059//5059 5066//5066 5067//5067
f 5068//5068 5069//5069 5070//5070
f 5068//5068 5070//5070 5071//5071
f 5068//5068 5071//5071 5072//5072
f 5068//5068 5072//5072 5073//5073
f 5068//5068 5073//5073 5074//5074
f 5068//5068 5074//5074 5075//5075
f 5068//5068 5075//5075 5076//5076
f 5068//5068 5076//5076 5077//5077
f 5077//5077 5076//5076 5078//5078
f 5077//5077 5078//5078 5079//5079
f 5076//5076 5075//5075 5080//5080
f 5076//5076 5080//5080 5078//5078
f 5075//5075 5074//5074 5081//5081
f 5075//5075 5081//5081 5080//5080
f 5074//5074 5073//5073 5082//5082
f 5074//5074 5082//5082 5081//5081
f 5073//5073 5072//5072 5083//5083
f 5073//5073 5083//5083 5082//5082
f 5072//5072 5071//5071 5084//5084
f 5072//5072 5084//5084 5083//5083
f 5071//5071 5070//5070 5085//5085
f 5071//5071 5085//5085 5084//5084
f 5070//5070 5069//5069 5086//5086
f 5070//5070 5086//5086 5085//5085
f 5069//5069 5068//5068 5087//5087
f 5069//5069 5087//5087 5086//5086
f 5068//5068 5077//5077 5079//5079
f 5068//5068 5079//5079 5087//5087
f 5079//5079 5078//5078 5088//5088
f 5079//5079 5088//5088 5089//5089
f 5078//5078 5080//5080 5090//5090
f 5078//5078 5090//5090 5088//5088
f 5080//5080 5081//5081 5091//5091
f 5080//5080 5091//5091 5090//5090
f 5081//5081 5082//5082 5092//5092
f 5081//5081 5092//5092 5091//5091
f 5082//5082 5083//5083 5093//5093
f 5082//5082 5093//5093 5092//5092
f 5083//5083 5084//5084 5094//5094
f 5083//5083 5094//5094 5093//5093
f 5084//5084 5085//5085 5095//5095
f 5084//5084 5095//5095 5094//5094
f 5085//5085 5086//5086 5096//5096
f 5085//5085 5096//5096 5095//5095
f 5086//5086 5087//5087 5097//5097
f 5086//5086 5097//5097 5096//5096
f 5087//5087 5079//5079 5089//5089
f 5087//5087 5089//5089 5097//5097
f 5089//5089 5088//5088 5098//5098
f 5089//5089 5098//5098 5099//5099
f 5088//5088 5090//5090 5100//5100
f 5088//5088 5100//5100 5098//5098
f 5090//5090 5091//5091 5101//5101
f 5090//5090 5101//5101 5100//5100
f 5091//5091 5092//5092 5102//5102
f 5091//5091 5102//5102 5101//5101
f 5092//5092 5093//5093 5103//5103
f 5092//5092 5103//5103 5102//5102
f 5093//5093 5094//5094 5104//5104
f 5093//5093 5104//5104 5103//5103
f 5094//5094 5095//5095 5105//5105
f 5094//5094 5105//5105 5104//5104
f 5095//5095 5096//5096 5106//5106
f 5095//5095 5106//5106 5105//5105
f 5096//5096 5097//5097 5107//5107
f 5096//5096 5107//5107 5106//5106
f 5097//5097 5089//5089 5099//5099
f 5097//5097 5099//5099 5107//5107
f 5099//5099 5098//5098 5108//5108
f 5099//5099 5108//5108 5109//5109
f 5098//5098 5100//5100 5110//5110
f 5098//5098 5110//5110 5108//5108
f 5100//5100 5101//5101 5111//5111
f 5100//5100 5111//5111 5110//5110
f 5101//5101 5102//5102 5112//5112
f 5101//5101 5112//5112 5111//5111
f 5102//5102 5103//5103 5113//5113
f 5102//5102 5113//5113 5112//5112
f 5103//5103 5104//5104 5114//5114
f 5103//5103 5114//5114 5113//5113
f 5104//5104 5105//5105 5115//5115
f 5104//5104 5115//5115 5114//5114
f 5105//5105 5106//5106 5116//5116
f 5105//5105 5116//5116 5115//5115
f 5106//5106 5107//5107 5117//5117
f 5106//5106 5117//5117 5116//5116
f 5107//5107 5099//5099 5109//5109
f 5107//5107 5109//5109 5117//5117
f 5109//5109 5108//5108 5118//5118
f 5109//5109 5118//5118 5119//5119
f 5108//5108 5110//5110 5120//5120
f 5108//5108 5120//5120 5118//5118
f 5110//5110 5111//5111 5121//5121
f 5110//5110 5121//5121 5120//5120
f 5111//5111 5112//5112 5122//5122
f 5111//5111 5122//5122 5121//5121
f 5112//5112 5113//5113 5123//5123
f 5112//5112 5123//5123 5122//5122
f 5113//5113 5114//5114 5124//5124
f 5113//5113 5124//5124 5123//5123
f 5114//5114 5115//5115 5125//5125
f 5114//5114 5125//5125 5124//5124
f 5115//5115 5116//5116 5126//5126
f 5115//5115 5126//5126 5125//5125
f 5116//5116 5117//5117 5127//5127
f 5116//5116 5127//5127 5126//5126
f 5117//5117 5109//5109 5119//5119
f 5117//5117 5119//5119 5127//5127
f 5119//5119 5118//5118 5128//5128
f 5119//5119 5128//5128 5129//5129
f 5118//5118 5120//5120 5130//5130
f 5118//5118 5130//5130 5128//5128
f 5120//5120 5121//5121 5131//5131
f 5120//5120 5131//5131 5130//5130
f 5121//5121 5122//5122 5132//5132
f 5121//5121 5132//5132 5131//5131
f 5122//5122 5123//5123 5133//5133
f 5122//5122 5133//5133 5132//5132
f 5123//5123 5124//5124 5134//5134
f 5123//5123 5134//5134 5133//5133
f 5124//5124 5125//5125 5135//5135
f 5124//5124 5135//5135 5134//5134
f 5125//5125 5126//5126 5136//5136
f 5125//5125 5136//5136 5135//5135
f 5126//5126 5127//5127 5137//5137
f 5126//5126 5137//5137 5136//5136
f 5127//5127 5119//5119 5129//5129
f 5127//5127 5129//5129 5137//5137
f 5129//5129 5128//5128 5138//5138
f 5129//5129 5138//5138 5139//5139
f 5128//5128 5130//5130 5140//5140
f 5128//5128 5140//5140 5138//5138
f 5130//5130 5131//5131 5141//5141
f 5130//5130 5141//5141 5140//5140
f 5131//5131 5132//5132 5142//5142
f 5131//5131 5142//5142 5141//5141
f 5132//5132 5133//5133 5143//5143
f 5132//5132 5143//5143 5142//5142
f 5133//5133 5134//5134 5144//5144
f 5133//5133 5144//5144 5143//5143
f 5134//5134 5135//5135 5145//5145
f 5134//5134 5145//5145 5144//5144
f 5135//5135 5136//5136 5146//5146
f 5135//5135 5146//5146 5145//5145
f 5136//5136 5137//5137 5147//5147
f 5136//5136 5147//5147 5146//5146
f 5137//5137 5129//5129 5139//5139
f 5137//5137 5139//5139 5147//5147
f 5139//5139 5138//5138 5148//5148
f 5139//5139 5148//5148 5149//5149
f 5138//5138 5140//5140 5150//5150
f 5138//5138 5150//5150 5148//5148
f 5140//5140 5141//5141 5151//5151
f 5140//5140 5151//5151 5150//5150
f 5141//5141 5142//5142 5152//5152
f 5141//5141 5152//5152 5151//5151
f 5142//5142 5143//5143 5153//5153
f 5142//5142 5153//5153 5152//5152
f 5143//5143 5144//5144 5154//5154
f 5143//5143 5154//5154 5153//5153
f 5144//5144 5145//5145 5155//5155
f 5144//5144 5155//5155 5154//5154
f 5145//5145 5146//5146 5156//5156
f 5145//5145 5156//5156 5155//5155
f 5146//5146 5147//5147 5157//5157
f 5146//5146 5157//5157 5156//5156
f 5147//5147 5139//5139 5149//5149
f 5147//5147 5149//5149 5157//5157
f 5149//5149 5148//5148 5158//5158
f 5149//5149 5158//5158 5159//5159
f 5148//5148 5150//5150 5160//5160
f 5148//5148 5160//5160 5158//5158
f 5150//5150 5151//5151 5161//5161
f 5150//5150 5161//5161 5160//5160
f 5151//5151 5152//5152 5162//5162
f 5151//5151 5162//5162 5161//5161
f 5152//5152 5153//5153 5163//5163
f 5152//5152 5163//5163 5162//5162
f 5153//5153 5154//5154 5164//5164
f 5153//5153 5164//5164 5163//5163
f 5154//5154 5155//5155 5165//5165
f 5154//5154 5165//5165 5164//5164
f 5155//5155 5156//5156 5166//5166
f 5155//5155 5166//5166 5165//5165
f 5156//5156 5157//5157 5167//5167
f 5156//5156 5167//5167 5166//5166
f 5157//5157 5149//5149 5159//5159
f 5157//5157 5159//5159 5167//5167
f 5159//5159 5158//5158 5168//5168
f 5159//5159 5168//5168 5169//5169
f 5158//5158 5160//5160 5170//5170
f 5158//5158 5170//5170 5168//5168
f 5160//5160 5161//5161 5171//5171
f 5160//5160 5171//5171 5170//5170
f 5161//5161 5162//5162 5172//5172
f 5161//5161 5172//5172 5171//5171
f 5162//5162 5163//5163 5173//5173
f 5162//5162 5173//5173 5172//5172
f 5163//5163 5164//5164 5174//5174
f 5163//5163 5174//5174 5173//5173
f 5164//5164 5165//5165 5175//5175
f 5164//5164 5175//5175 5174//5174
f 5165//5165 5166//5166 5176//5176
f 5165//5165 5176//5176 5175//5175
f 5166//5166 5167//5167 5177//5177
f 5166//5166 5177//5177 5176//5176
f 5167//5167 5159//5159 5169//5169
f 5167//5167 5169//5169 5177//5177
f 5169//5169 5168//5168 5178//5178
f 5169//5169 5178//5178 5179//5179
f 5168//5168 5170//5170 5180//5180
f 5168//5168 5180//5180 5178//5178
f 5170//5170 5171//5171 5181//5181
f 5170//5170 5181//5181 5180//5180
f 5171//5171 5172//5172 5182//5182
f 5171//5171 5182//5182 5181//5181
f 5172//5172 5173//5173 5183//5183
f 5172//5172 5183//5183 5182//5182
f 5173//5173 5174//5174 5184//5184
f 5173//5173 5184//5184 5183//5183
f 5174//5174 5175//5175 5185//5185
f 5174//5174 5185//5185 5184//5184
f 5175//5175 5176//5176 5186//5186
f 5175//5175 5186//5186 5185//5185
f 5176//5176 5177//5177 5187//5187
f 5176//5176 5187//5187 5186//5186
f 5177//5177 5169//5169 5179//5179
f 5177//5177 5179//5179 5187//5187
f 5179//5179 5178//5178 5188//5188
f 5179//5179 5188//5188 5189//5189
f 5178//5178 5180//5180 5190//5190
f 5178//5178 5190//5190 5188//5188
f 5180//5180 5181//5181 5191//5191
f 5180//5180 5191//5191 5190//5190
f 5181//5181 5182//5182 5192//5192
f 5181//5181 5192//5192 5191//5191
f 5182//5182 5183//5183 5193//5193
f 5182//5182 5193//5193 5192//5192
f 5183//5183 5184//5184 5194//5194
f 5183//5183 5194//5194 5193//5193
f 5184//5184 5185//5185 5195//5195
f 5184//5184 5195//5195 5194//5194
f 5185//5185 5186//5186 5196//5196
f 5185//5185 5196//5196 5195//5195
f 5186//5186 5187//5187 5197//5197
f 5186//5186 5197//5197 5196//5196
f 5187//5187 5179//5179 5189//5189
f 5187//5187 5189//5189 5197//5197
f 5189//5189 5188//5188 5198//5198
f 5189//5189 5198//5198 5199//5199
f 5188//5188 5190//5190 5200//5200
f 5188//5188 5200//5200 5198//5198
f 5190//5190 5191//5191 5201//5201
f 5190//5190 5201//5201 5200//5200
f 5191//5191 5192//5192 5202//5202
f 5191//5191 5202//5202 5201//5201
f 5192//5192 5193//5193 5203//5203
f 5192//5192 5203//5203 5202//5202
f 5193//5193 5194//5194 5204//5204
f 5193//5193 5204//5204 5203//5203
f 5194//5194 5195//5195 5205//5205
f 5194//5194 5205//5205 5204//5204
f 5195//5195 5196//5196 5206//5206
f 5195//5195 5206//5206 5205//5205
f 5196//5196 5197//5197 5207//5207
f 5196//5196 5207//5207 5206//5206
f 5197//5197 5189//5189 5199//5199
f 5197//5197 5199//5199 5207//5207
f 5199//5199 5198//5198 5208//5208
f 5199//5199 5208//5208 5209//5209
f 5198//5198 5200//5200 5210//5210
f 5198//5198 5210//5210 5208//5208
f 5200//5200 5201//5201 5211//5211
f 5200//5200 5211//5211 5210//5210
f 5201//5201 5202//5202 5212//5212
f 5201//5201 5212//5212 5211//5211
f 5202//5202 5203//5203 5213//5213
f 5202//5202 5213//5213 5212//5212
f 5203//5203 5204//5204 5214//5214
f 5203//5203 5214//5214 5213//5213
f 5204//5204 5205//5205 5215//5215
f 5204//5204 5215//5215 5214//5214
f 5205//5205 5206//5206 5216//5216
f 5205//5205 5216//5216 5215//5215
f 5206//5206 5207//5207 5217//5217
f 5206//5206 5217//5217 5216//5216
f 5207//5207 5199//5199 5209//5209
f 5207//5207 5209//5209 5217//5217
f 5209//5209 5208//5208 5210//5210
f 5209//5209 5210//5210 5211//5211
f 5209//5209 5211//5211 5212//5212
f 5209//5209 5212//5212 5213//5213
f 5209//5209 5213//5213 5214//5214
f 5209//5209 5214//5214 5215//5215
f 5209//5209 5215//5215 5216//5216
f 5209//5209 5216//5216 5217//5217